# RamanPL_2D export
# map_kind: fit_params
# spectrum_type: Photoluminescence
# x_quantity: Photon energy
# x_unit: eV
# coord_mode: real
# step_size: 1.7
# step_unit: um
# scaled: True
# peak_labels: ['Exciton', 'Trion']
# background_remove: False
# baseline_method: poly
# smoothing: False
# smooth_window: 11
# smooth_poly: 3
# 
x	y	Exciton_centre	Exciton_fwhm	Exciton_height_scaled	Exciton_height_norm	Exciton_amp	Exciton_scale	Trion_centre	Trion_fwhm	Trion_height_scaled	Trion_height_norm	Trion_amp	Trion_scale
0.0	0.0	1.9999792743194658	0.09999999999999999	3.7595832485755585	0.2606075618900838	0.04093614009519173	0.049999999999999996	1.9000000000000001	0.09999999999999999	3.401877205759357	0.23581202112715485	0.03704126566006154	0.049999999999999996
1.7	0.0	1.9872252760461824	0.08947025322730597	5.541170976822058	0.3587978206491087	0.050425282506534955	0.04473512661365298	1.9000000000000001	0.05914811939070213	3.46164007688524	0.2241455679049194	0.02082528596627049	0.029574059695351065
3.4	0.0	1.9774296809674028	0.06266769010685697	7.978359226489369	0.3926776663332511	0.038654473790750085	0.03133384505342848	1.9000000000000017	0.09999999999998688	3.5043767464253235	0.17247787968357917	0.02709276198603027	0.04999999999999344
5.1	0.0	1.9759412470608009	0.04049225617422433	22.813833974236413	0.7257842420478612	0.046163570048918245	0.020246128087112163	1.9000000000000001	0.09999999999999999	4.04117784765894	0.12856336223258238	0.020194685715534212	0.049999999999999996
6.8	0.0	1.9761040935634968	0.03554148451446134	51.9533316779006	0.7963641575907119	0.04445976327379878	0.01777074225723067	1.936361580239266	0.08063389606514311	5.773231115799613	0.08849469679084938	0.011208687654818233	0.040316948032571555
8.5	0.0	1.9778299030318063	0.03089498710367042	77.1178091509898	0.7557226545490588	0.03667501808719145	0.01544749355183521	1.9599999999999997	0.047452040276584534	25.89239198276132	0.2537347393197568	0.018912750738156157	0.023726020138292267
10.2	0.0	1.9775007539889389	0.030728198626153936	96.61722978302522	0.7309626304352687	0.03528191531465962	0.015364099313076968	1.9599999999999997	0.04811314257506486	35.22393058054908	0.2664884618328297	0.020140118034803253	0.02405657128753243
11.9	0.0	1.977240324861929	0.030651513714182763	108.70620426590935	0.7860323702978902	0.03784532467217516	0.015325756857091382	1.9599999999999984	0.044535841463279276	35.49696946110483	0.25667133934373004	0.017955889171754575	0.022267920731639638
13.6	0.0	1.9762621741134554	0.031096315105187483	110.03359348654762	0.7878177742974376	0.03848172931216379	0.015548157552593742	1.9574826076859648	0.04909924153930653	30.388497972496985	0.21757536110880243	0.016780479764795523	0.024549620769653266
15.299999999999999	0.0	1.977000114132671	0.029415705394362814	104.0072876660386	0.7258833321563855	0.03354022475610745	0.014707852697181407	1.9599999999999982	0.04407080370064337	39.71523392901354	0.27717890725436223	0.01918805814990091	0.022035401850321684
17.0	0.0	1.9769862364333035	0.029705161386661873	103.43073462376336	0.7221647164932793	0.03369675335625529	0.014852580693330937	1.9599999999999997	0.04239241303382026	38.48238479843374	0.2686882251106167	0.017891907714164757	0.02119620651691013
18.7	0.0	1.9771985120381463	0.02946024796231337	97.88651977371684	0.7301119815300001	0.033786698041339505	0.014730123981156685	1.9599999999999997	0.043119300498429554	40.58502032964889	0.3027138944342321	0.020503308168730423	0.021559650249214777
20.4	0.0	1.9765847990971261	0.030682987891301795	90.92359089646385	0.7257405731649772	0.034978318590127046	0.015341493945650897	1.9599999999999134	0.04332374154951004	35.44191614755661	0.2828928805537656	0.01925164529170673	0.02166187077475502
22.099999999999998	0.0	1.976936328477679	0.029041532996403285	83.9369979089341	0.6901311242727554	0.031482631685903234	0.014520766498201642	1.9599999999999997	0.0449106884235797	40.83395403725614	0.3357373185875413	0.023684771918373756	0.02245534421178985
23.8	0.0	1.9763389430372524	0.029485758656403373	77.21574136376246	0.6893777523594506	0.031929303662010605	0.014742879328201687	1.9599999999999997	0.04476972912243972	37.04126323864835	0.33070229392368405	0.023256349805271484	0.02238486456121986
25.5	0.0	1.9762568353926153	0.028333053364915352	71.78403322778631	0.6523926637926349	0.029035033092631102	0.014166526682457676	1.9599999999999997	0.046700589232310664	38.539011227351644	0.3502529331942576	0.02569354435801674	0.023350294616155332
27.2	0.0	1.976086479236868	0.029416864274955858	68.16185834328925	0.6832372268019304	0.0315709590572137	0.014708432137477929	1.9599999999999997	0.044209050122929645	37.08990475665043	0.3717798235584122	0.02581766003475257	0.022104525061464823
28.9	0.0	1.9747604889824009	0.03093050301064052	75.15883968280679	0.7298453293498973	0.03545991522193018	0.01546525150532026	1.9573638938254196	0.050337798235288334	29.781540322350935	0.2891997561011541	0.02286714865637091	0.025168899117644167
30.599999999999998	0.0	1.9741240506118185	0.03099577354781644	70.0218635972283	0.7041041226660418	0.03428145478277633	0.01549788677390822	1.9567395403902235	0.04909793999592165	26.031450381950396	0.26175897914309865	0.0201876020965635	0.024548969997960825
32.3	0.0	1.9750741409761214	0.02881223472358379	57.82533063314671	0.620504283379217	0.028082877465810802	0.014406117361791895	1.9599999999999997	0.045647696013625276	33.59897882866306	0.3605394046532673	0.02585184101860274	0.022823848006812638
34.0	0.0	1.974462042817945	0.030177054559347837	59.641949585884596	0.6841364921344473	0.0324294424164721	0.015088527279673919	1.9577883979792488	0.05116020690288745	27.84635473975219	0.3194179194788464	0.025669147516819705	0.025580103451443726
35.699999999999996	0.0	1.973830951002209	0.03100880334298061	63.235730679392674	0.695461152841857	0.03387487957050751	0.015504401671490305	1.957092698647778	0.04973040651197713	24.05328248773254	0.2645359417662379	0.02066457953723091	0.024865203255988566
37.4	0.0	1.9736632385933128	0.03150356936761527	64.20426121116441	0.726305949498668	0.03594175182000386	0.015751784683807633	1.9552036906811778	0.05289870495413026	21.91540048800786	0.24791634480046446	0.02060013550652644	0.02644935247706513
39.1	0.0	1.972939270842063	0.031083388132537852	63.86834656253015	0.7275667656887603	0.03552393618899575	0.015541694066268926	1.9551276945634952	0.05314401694985837	19.230684951304568	0.21906950790250584	0.018287577839234515	0.026572008474929184
40.8	0.0	1.9753786057224825	0.028096862720725643	52.51128044227194	0.5970512069939302	0.026350525899886824	0.014048431360362821	1.9599999999999986	0.04525971529741564	32.9711619356473	0.3748808230130989	0.02665170020864047	0.02262985764870782
42.5	0.0	1.9755424995956965	0.028014301818536428	52.653257423740385	0.5953847978904866	0.02619976656433765	0.014007150909268214	1.9599999999999997	0.04252729847397519	32.08650468819023	0.3628230814866305	0.024237207434267705	0.021263649236987595
44.199999999999996	0.0	1.9752632357458442	0.028674377833644668	51.948598338628706	0.668370459786277	0.03010447983021908	0.014337188916822334	1.9599999999999997	0.04551358664956179	28.847573465027548	0.37115276556368054	0.026534666827711124	0.022756793324780894
45.9	0.0	1.9735164004938157	0.03236962581852836	61.09005474719454	0.7391753117069865	0.03758417393362702	0.01618481290926418	1.9547558961044547	0.057560715799475935	17.600496519421792	0.2129618733323985	0.019255195014477703	0.028780357899737968
47.6	0.0	1.9733163073284965	0.03256248823394217	62.70800391692866	0.74069105723745	0.0378856342249367	0.016281244116971086	1.9515469056932473	0.06053863383180975	14.701407443992734	0.17364930060594458	0.0165129829151195	0.030269316915904874
49.3	0.0	1.9754525266366343	0.029293547886823788	49.22548191709761	0.6234516445441255	0.02868762705351122	0.014646773943411894	1.959999999999856	0.05128006509500002	28.140098712272103	0.3564005904370125	0.028708259263668958	0.02564003254750001
51.0	0.0	1.974589720885558	0.03008570852893333	56.279892039257284	0.6960086533467512	0.032892339174968546	0.015042854264466665	1.9573913120214999	0.051244889654400785	22.72207563167395	0.281001982921592	0.02261933454239362	0.025622444827200393
52.699999999999996	0.0	1.9740511680459982	0.030772907990852943	57.00233223053883	0.6917613244240286	0.033438338726054985	0.015386453995426472	1.9579668875242617	0.050112969382029575	18.353381507839735	0.22273052702781798	0.0175327386390752	0.025056484691014787
54.4	0.0	1.974868529698617	0.028674042944978405	52.37655075953782	0.649932689262741	0.029273671117623853	0.014337021472489202	1.9599999999999997	0.045507859137474106	26.638670062995608	0.3305552240717728	0.02362927013446379	0.022753929568737053
56.1	0.0	1.9724284056426384	0.03223530361442054	66.32030639719726	0.8179297007002567	0.0414159493338846	0.01611765180721027	1.9490775510330007	0.06086113609100109	10.975105412689333	0.13535620043115668	0.012940113538360071	0.030430568045500546
57.8	0.0	1.971811910183043	0.033603977142123195	67.09320842871269	0.8313165931840892	0.04388104958055875	0.016801988571061598	1.9408944344612669	0.07278543916979255	8.524841498315439	0.10562681913391861	0.012076430473057067	0.036392719584896274
59.5	0.0	1.9728321673286726	0.030471101188368478	57.28971905863958	0.7392649737212696	0.035384100207102635	0.015235550594184239	1.9563763712475344	0.052130409857407814	19.42145729818887	0.25061395578635076	0.020521838620471404	0.026065204928703907
61.199999999999996	0.0	1.971232825358335	0.034218694593185175	62.48090403398763	0.8460295896662375	0.04547459787169655	0.017109347296592588	1.9420156898834375	0.0696424080122013	9.184009063177472	0.12435709020766472	0.013603924338139721	0.03482120400610065
62.9	0.0	1.9733276179903454	0.029799741452439712	50.65638044748635	0.670317923718141	0.03137712915112407	0.014899870726219856	1.957029860519077	0.05383602123360855	22.960902240837626	0.3038334792342476	0.02569380711928556	0.026918010616804273
64.6	0.0	1.9701997231778612	0.03769824829909027	65.5955126113871	0.78901539159695	0.04672254842730745	0.018849124149545135	1.9000008168533966	0.09558813342843454	4.636745631331889	0.05577307843777235	0.008374299220392565	0.04779406671421727
66.3	0.0	1.970404461800409	0.03854611526779178	64.80807797151614	0.8009681551253908	0.04849709696962917	0.01927305763389589	1.900000000044065	0.08742777812736809	4.528591631705893	0.05596922170964508	0.007686322213013162	0.04371388906368404
68.0	0.0	1.970545846648455	0.03750198104827339	62.76088169144857	0.8725297903190032	0.05139896227053393	0.018750990524136694	1.9124425205771167	0.09515323911636901	4.492187144020728	0.06245239074422031	0.009334531423322658	0.047576619558184506
69.7	0.0	1.9716750421606841	0.035971456594361954	61.77532586555759	0.8615509815831849	0.04868093182621929	0.017985728297180977	1.934319054536604	0.07648731079327148	6.468684038199228	0.09021564847413083	0.010839048114379237	0.03824365539663574
71.39999999999999	0.0	1.9710838285316477	0.0381198564480187	62.88229584796417	0.7895641227795702	0.04727793939690038	0.01905992822400935	1.9006945195061373	0.09999999999999999	4.27415083701748	0.05366719059394091	0.0084300225854364	0.049999999999999996
73.1	0.0	1.972246751042966	0.03511696444356825	57.213530555464565	0.7090527191555778	0.03911248159101284	0.017558482221784126	1.9411912066005843	0.07727265103734243	8.128580903358	0.10073827530735387	0.012227571199963073	0.038636325518671216
74.8	0.0	1.9747059369810944	0.0301489092933045	46.540645111882334	0.6027173109962157	0.028543363444635993	0.01507445464665225	1.9581834565143863	0.05761861084702159	18.879174463499776	0.24449178216405676	0.02212824273335895	0.028809305423510796
76.5	0.0	1.9752916137492196	0.02988383175542778	45.041491798364795	0.629768084976735	0.029562203866825832	0.01494191587771389	1.9599999999999869	0.05331075966308294	20.611953241161142	0.28819539056180454	0.0241335815648805	0.02665537983154147
78.2	0.0	1.9722142236677884	0.037344095766398064	56.18401768780129	0.8479734400443059	0.04974209524565677	0.018672047883199032	1.9002341218604608	0.09697544945109073	3.8756552302722995	0.05849444082659943	0.008910380945998046	0.04848772472554536
79.89999999999999	0.0	1.9726291735700214	0.03771120212711974	55.106540443635765	0.8561973450644416	0.050718234874089586	0.01885560106355987	1.9000000000000001	0.09999999999999999	3.879656374580738	0.060278715755635724	0.009468558529286625	0.049999999999999996
81.6	0.0	1.975030923725071	0.030577663650447798	46.214198650719105	0.715917858679391	0.034386452375857746	0.015288831825223899	1.9562394063065807	0.05839409108439867	14.023705188172668	0.21724537657673784	0.019926880782084426	0.029197045542199335
83.3	0.0	1.9752804704728446	0.03206001914983172	49.79973822708451	0.7520931813581287	0.03787523234964377	0.01603000957491586	1.955716691950027	0.06298188216393955	12.965121904934923	0.1958038360706727	0.01937120816211462	0.03149094108196977
85.0	0.0	1.9732996654420973	0.03679416702761779	56.81999304143171	0.8143270330650262	0.047064961174970874	0.018397083513808896	1.9000000000001818	0.09531873623017768	3.7999087673374397	0.05445914838756391	0.008153967918981103	0.04765936811508884
86.7	0.0	1.9737429006449563	0.03658673491607509	56.471041093873325	0.811727698351761	0.04665024149844325	0.018293367458037543	1.9000000000269104	0.09456480998332818	3.73963012102599	0.053754301178567776	0.007984774424823867	0.04728240499166409
88.39999999999999	0.0	1.9746502244838409	0.036355245550166525	53.408574406296765	0.8084726082634633	0.046169191517084804	0.018177622775083262	1.9003389978528826	0.09999999999832501	3.820268145407141	0.05782933145317201	0.009083810142612565	0.049999999999162506
90.1	0.0	1.9752034709715443	0.03668566068149627	45.69224805597613	0.7791136210749126	0.04489696860779061	0.018342830340748136	1.913405500034446	0.09999999999999999	4.312029041548352	0.07352583214170662	0.01154941070527309	0.049999999999999996
91.8	0.0	1.9760564214099516	0.03795295650245596	31.692231549601168	0.7520127328529252	0.04483226531453158	0.01897647825122798	1.9000000000000001	0.09999999999999999	3.7713524075901446	0.08948896596771883	0.014056893903076623	0.049999999999999996
93.5	0.0	1.976473724221766	0.04335229138366327	16.99227228436854	0.7051321800771562	0.048017823293512375	0.021676145691831634	1.9000000000000001	0.09999999999999988	3.050905782465349	0.12660412978308974	0.019886930202034147	0.04999999999999994
95.2	0.0	1.9761016419212838	0.05664071023587663	4.999887446514589	0.30095908177747405	0.026776636359278537	0.028320355117938314	1.9000000000000001	0.09999999999999999	3.0703546468321385	0.18481438334896022	0.029030575450341062	0.049999999999999996
96.89999999999999	0.0	1.9930290214138706	0.09999999999999987	2.8471527205984293	0.21120987447802295	0.033176769501288915	0.04999999999999993	1.9000000000000006	0.09999999999999999	2.9569860067253066	0.21935761955981495	0.034456614305902966	0.049999999999999996
98.6	0.0	1.987394400492814	0.09999999999999955	2.6614199904044527	0.2094921383134249	0.032906948135513474	0.049999999999999774	1.9000000000000001	0.09999999999999999	3.120995257548957	0.24566734018956116	0.038589335558323494	0.049999999999999996
100.3	0.0	1.9940955521263453	0.09999999999999999	2.6140298583557295	0.20510568353809794	0.032217925430640074	0.049999999999999996	1.9000000000000001	0.09999999999999999	2.5748986171005095	0.20203531310614173	0.031735632770998425	0.049999999999999996
102.0	0.0	1.9946609894651357	0.09999999999999995	2.3253123513886886	0.16209011983782295	0.025461056485099675	0.049999999999999975	1.9000000000000001	0.09999999999999999	2.9677070177004987	0.20686940653600572	0.032494970391299796	0.049999999999999996
103.7	0.0	1.9921389397035532	0.09436744070956024	2.9084695412794503	0.20105260991629076	0.02980243635100779	0.04718372035478012	1.9000000000000001	0.09999999999999999	3.4220539151569804	0.23655495137621815	0.03715796487069088	0.049999999999999996
105.39999999999999	0.0	1.9915230634546972	0.09999999999999999	2.563258329991266	0.21023812015387813	0.03302412668899759	0.049999999999999996	1.9000000000000001	0.06406245840011639	3.07616945014238	0.2523070245810638	0.025389422333161313	0.032031229200058194
0.0	1.7	1.9789429622242292	0.07076250381735982	4.0678551654694175	0.3168837080683546	0.03522272724652174	0.03538125190867991	1.9000000000000001	0.09999999999999999	2.6304140987565816	0.2049078296702526	0.03218684661775471	0.049999999999999996
1.7	1.7	1.9809566944776602	0.031466878754084354	298.52159999634785	0.7825051307578483	0.03867770864614135	0.015733439377042177	1.9599999999999997	0.042332954154673696	107.23462525975879	0.28109069649125223	0.018691533132274157	0.021166477077336848
3.4	1.7	1.9801802379214384	0.030974472619669076	380.86277062812013	0.8066215846742645	0.03924584072531923	0.015487236309834538	1.9599999999999997	0.044583851236027976	135.9204824556961	0.28786324997660295	0.020159682231588115	0.022291925618013988
5.1	1.7	1.9797059212208241	0.030672909968854727	399.2648772535891	0.7539393758985107	0.03632547338720886	0.015336454984427364	1.9599381992757696	0.04840229447598813	149.23377289127362	0.2818009396933887	0.021425366692465853	0.024201147237994065
6.8	1.7	1.9803305873937218	0.03038512033263703	430.6657340335923	0.7934224662958543	0.03786913030262779	0.015192560166318515	1.9599999999999766	0.0488130701932111	154.97411801886506	0.2855113309780103	0.021891693040190032	0.02440653509660555
8.5	1.7	1.9795400321715266	0.03096716772805413	545.2555661092625	0.8347879321688426	0.040606683981379336	0.015483583864027066	1.9599999999999997	0.04212373339290232	182.39564912513634	0.2792482942563028	0.01847724687206753	0.02106186669645116
10.2	1.7	1.9793575590921737	0.030956874277846484	666.4088300672835	0.8542804517615064	0.04154104803382251	0.015478437138923242	1.9599999999999997	0.03852076998834442	201.7979347867178	0.2586880952293667	0.015652772734334276	0.01926038499417221
11.9	1.7	1.9789665599010193	0.030393187501687374	509.451054680875	0.8006518598392601	0.03822432660105757	0.015196593750843687	1.959999999999999	0.04361981887079544	175.21635656918153	0.27536953839314643	0.01886772907252427	0.02180990943539772
13.6	1.7	1.9787206088115759	0.030743957220033858	501.40788004555986	0.8262044692789655	0.03989947526142337	0.015371978610016929	1.9599999999999997	0.04406730357578612	167.23901198256814	0.27557129561913	0.01907525412799965	0.02203365178789306
15.299999999999999	1.7	1.9790592291433755	0.03263791293574525	538.1893372884136	0.8653346288091421	0.044363554984043124	0.016318956467872625	1.9599999999999997	0.039501673887258004	141.46076233460622	0.22744950110424653	0.014113033255353853	0.019750836943629002
17.0	1.7	1.978238730880103	0.030226875214055197	390.65336275752196	0.7870574232195751	0.037369694675800175	0.015113437607027599	1.9599999999999997	0.04507272943807596	136.2446413974518	0.2744949016407481	0.019434260402834365	0.02253636471903798
18.7	1.7	1.9784087658329743	0.0315412933711866	400.8476506477307	0.8394243089307523	0.04158923354269148	0.0157706466855933	1.9599999999999997	0.04031931440173756	111.9036342050441	0.23433998093195665	0.014841555003788455	0.02015965720086878
20.4	1.7	1.9774519451911912	0.029895605446107882	325.28941726366537	0.8015480400086408	0.03764062159282641	0.014947802723053941	1.9599999999999995	0.043265955283050835	108.80788276613994	0.2681143023414038	0.018221585190023967	0.021632977641525417
22.099999999999998	1.7	1.9778071153328336	0.03133207835693227	355.031196463149	0.8412857108965403	0.04140498136956727	0.015666039178466134	1.9599999999999997	0.04033195597830739	105.27173029474774	0.2494530152296583	0.015803668791941772	0.020165977989153695
23.8	1.7	1.9772447992868158	0.02917447043096981	284.0771089469962	0.7790823466492066	0.035703124332877374	0.014587235215484905	1.9599999999999997	0.043090829894132064	116.58472378462433	0.31973396422631795	0.021641806399782457	0.021545414947066032
25.5	1.7	1.9772292360664065	0.030505527930663696	287.02890103794607	0.7977055996611698	0.038224433966936325	0.015252763965331848	1.9599999999999997	0.040491660130569276	110.09322125848757	0.3059691158801509	0.019460905847448876	0.020245830065284638
27.2	1.7	1.9768125869241373	0.028911729281689853	252.09524262860967	0.759001948665621	0.03446964705869219	0.014455864640844926	1.9599999999999997	0.041207803675563974	105.57398596466014	0.3178594734277628	0.02057474704047756	0.020603901837781987
28.9	1.7	1.9764816323694234	0.028698333953262368	242.40208634074853	0.7545211066265886	0.034013236208837526	0.014349166976631184	1.9599999999999997	0.04234338374279455	109.38616908706474	0.3404845832605401	0.022646593764891844	0.021171691871397277
30.599999999999998	1.7	1.9761663583731635	0.028736394730387978	224.79186898527854	0.7276291664227177	0.03284446988805331	0.014368197365193989	1.9599999999999997	0.04090035519066402	105.61151754598272	0.34185409295944874	0.021962801710391444	0.02045017759533201
32.3	1.7	1.9757759789012448	0.02877904582611912	215.06296650304517	0.6826266859865999	0.03085883525904227	0.01438952291305956	1.9599999999999997	0.04213406828346477	103.15272024220741	0.327414806530365	0.021669634551347947	0.021067034141732385
34.0	1.7	1.9756093411750542	0.02896486740381353	215.3906408221717	0.7438374009262263	0.03384304513147505	0.014482433701906765	1.9599999999999997	0.041882265414982724	98.19048464492496	0.33909437575919604	0.022308513280159856	0.020941132707491362
35.699999999999996	1.7	1.976009853798018	0.028602050291411416	215.85469049593613	0.7328612938112856	0.03292598893726513	0.014301025145705708	1.9599999999999997	0.04204160484414498	97.38840586295939	0.3306492574192671	0.021835679672236773	0.02102080242207249
37.4	1.7	1.975772928420275	0.028547166746491933	223.94687151267289	0.7659257638551096	0.03434547817277227	0.014273583373245967	1.9593091056596725	0.042731409503784616	87.62887366638243	0.2997014941326777	0.020116665913551053	0.021365704751892308
39.1	1.7	1.9760722043781844	0.028816417733244535	214.62001909724148	0.7438487365587838	0.03367010710852941	0.014408208866622267	1.9599999999999997	0.042384221920574644	93.46961166264926	0.3239551130148765	0.02156795311471945	0.021192110960287322
40.8	1.7	1.9764374380918104	0.028112061496997173	198.30580446020952	0.7563892232528743	0.03340087958731069	0.014056030748498587	1.9599999999999997	0.041756592039362876	90.58888779236574	0.3455292630446331	0.022663644927267062	0.020878296019681438
42.5	1.7	1.9762848109461344	0.028478421512682536	197.78639044789608	0.7330675844262589	0.03279289863859417	0.014239210756341268	1.9599999999998876	0.04257148351296731	83.69024558091354	0.31018618636555073	0.020742500770438984	0.021285741756483654
44.199999999999996	1.7	1.9764652059898438	0.02921581170588992	193.86744549994606	0.7476951699658525	0.034313293817259546	0.01460790585294496	1.9599999999999997	0.04150891789325987	80.49105108771327	0.310432574012405	0.020240841999224112	0.020754458946629934
45.9	1.7	1.9765509423257186	0.028403628003809852	177.04267306163683	0.7215215716900897	0.03219163338705805	0.014201814001904926	1.9599999999999997	0.04394305227628597	77.47484998367466	0.31574181839885307	0.021794263756701585	0.021971526138142985
47.6	1.7	1.9766478611191127	0.028552276335450825	177.47844244513814	0.7559206586776237	0.033902898513459054	0.014276138167725412	1.9599999999999949	0.041749145822388534	76.0508290164793	0.3239176092098458	0.021242324050112966	0.020874572911194267
49.3	1.7	1.9765465076615572	0.029209121792699067	171.6238976502616	0.7608606134760283	0.03490948803496628	0.014604560896349534	1.9599999999999997	0.04310827447052331	72.10435441629723	0.3196603974539396	0.021645586186481942	0.021554137235261655
51.0	1.7	1.9767905489262718	0.02801199713214107	169.8644028704909	0.7129634561709588	0.03137120641934887	0.014005998566070535	1.9599999999999997	0.04075933427610432	77.83602798725772	0.3266973102700335	0.020916668715579713	0.02037966713805216
52.699999999999996	1.7	1.9760871974288778	0.028355029698739598	161.96527514666343	0.7181930381966609	0.03198830104154547	0.014177514849369799	1.9599999999999997	0.04507290398537954	69.99293590488587	0.3103655351081574	0.02197398913997866	0.02253645199268977
54.4	1.7	1.9761786912180517	0.028318664537424026	168.21548197916238	0.7480603980921758	0.03327586164740201	0.014159332268712013	1.959999999999992	0.04231160085629941	71.91957820508749	0.3198289935606735	0.02125676472077525	0.021155800428149706
56.1	1.7	1.9754040606032575	0.028966176818404778	170.45988622629153	0.7582012487074018	0.034498129632883956	0.014483088409202389	1.9599999999999997	0.04225337413071406	66.19526709139103	0.29443486839234745	0.019542067638021948	0.02112668706535703
57.8	1.7	1.975606870274527	0.028927857015892126	153.63069474380725	0.6956146609660268	0.03160857127598729	0.014463928507946063	1.9599999999999997	0.03979072756469899	67.4095424815653	0.3052193841691858	0.019077166450194482	0.019895363782349493
59.5	1.7	1.9755864803543182	0.02833702275535034	144.52681299608741	0.696401073492831	0.03099798957394379	0.01416851137767517	1.9599999999999997	0.042693754151580526	69.70675244784148	0.3358813235277664	0.02252527375559122	0.021346877075790263
61.199999999999996	1.7	1.9748814964927075	0.02860535557031496	146.7906512149499	0.7249131895099485	0.032572660233949016	0.01430267778515748	1.9592563216529	0.04233341337652871	59.99114557736398	0.29626118777251864	0.019700530636604038	0.021166706688264356
62.9	1.7	1.9752206795279075	0.02849518892102091	128.84983499179748	0.6876720063864261	0.030780293965429095	0.014247594460510455	1.9599999999999997	0.04254991144085911	62.524165232362535	0.3336916819157144	0.022303032564101377	0.021274955720429554
64.6	1.7	1.974882697137473	0.029397959185413984	123.38664640152356	0.7434863889362886	0.03433286785230371	0.014698979592706992	1.9584769462602707	0.04413469556109274	51.50417880952019	0.3103468408859052	0.021515296783678427	0.02206734778054637
66.3	1.7	1.9756027109063927	0.029526936799436656	110.5672400064929	0.6605902464801403	0.030638706657827725	0.014763468399718328	1.9599999999999997	0.04281126180875602	55.45460723817624	0.33131669617307086	0.02228030990732029	0.02140563090437801
68.0	1.7	1.9753948885237154	0.029160770472524897	106.19715101569068	0.6966653679402584	0.031911196875193844	0.014580385236262448	1.95999999999999	0.04542727992723447	51.35389373288628	0.336887373440933	0.024039273804420343	0.022713639963617235
69.7	1.7	1.9752124330882295	0.030681223748240876	97.24743353394258	0.6759886134773141	0.032578563848603366	0.015340611874120438	1.9599999999999997	0.04654588969046181	46.37695572373466	0.3223765693111468	0.02357027677312253	0.023272944845230906
71.39999999999999	1.7	1.9756114463329706	0.03045706485077149	90.14836690609552	0.6722528065770441	0.03216181497141451	0.015228532425385745	1.9599999999999997	0.04351810844763625	46.67867186711836	0.3480913658995794	0.02379485914263621	0.021759054223818124
73.1	1.7	1.9759579414073403	0.031105883322065146	86.94111851586082	0.6818809249506735	0.033317388827205106	0.015552941661032573	1.9599999999999997	0.04290451246696687	42.492523064391314	0.3332697051205874	0.02246046201963166	0.021452256233483433
74.8	1.7	1.9757219361753007	0.03015571125952936	83.36452086270297	0.6877439275835511	0.032577384807849476	0.01507785562976468	1.9599999999999997	0.047670607719072715	39.260202630476456	0.3238903753705863	0.024253175440739242	0.023835303859536357
76.5	1.7	1.974986635256416	0.032891871714074226	81.43895941440205	0.7267750814982399	0.037549874796887886	0.016445935857037113	1.9598862732763431	0.049412691520686246	29.31817440033831	0.26164035914016515	0.02030781153320788	0.024706345760343123
78.2	1.7	1.975782608964375	0.02962099901164948	75.5702212370145	0.6972625344615966	0.03244261919063026	0.01481049950582474	1.959999999999999	0.044321266723091626	31.26516971590232	0.28847383426481615	0.020083456885944064	0.022160633361545813
79.89999999999999	1.7	1.9750584790223968	0.030605866114586613	78.509669592705	0.7381211037979072	0.035485601704098174	0.015302933057293307	1.9578322499450804	0.05092421277229429	25.111949093351427	0.23609397007351202	0.018885526476135332	0.025462106386147144
81.6	1.7	1.975553734776325	0.031319402240316915	73.92790108090175	0.6910925076765336	0.03399926482442516	0.015659701120158458	1.959999999997215	0.048361305385459304	26.528435710034714	0.24799301605385127	0.018838978152121474	0.024180652692729652
83.3	1.7	1.9766802307292302	0.029017252984118665	78.50563946188865	0.7332677382333811	0.03342248605675577	0.014508626492059333	1.9599999999999997	0.039366166094072924	30.81992263661994	0.2878679177596295	0.017800666513287787	0.019683083047036462
85.0	1.7	1.9761970252682661	0.030771412739242186	78.9630917369927	0.7565287444987217	0.03656728750270327	0.015385706369621093	1.9599999999999997	0.042976269920660524	24.24710108442375	0.23230636665330892	0.015682298211460537	0.021488134960330262
86.7	1.7	1.9771911347656497	0.02882663541222687	75.14662367554959	0.7072511170083279	0.032024877296958236	0.014413317706113435	1.9599999999999997	0.04470929545329653	28.314803594416976	0.26648804018773986	0.01871524109157616	0.022354647726648264
88.39999999999999	1.7	1.9771517244519106	0.030136477187817715	74.89227883223239	0.7554685260926151	0.0357625713037997	0.015068238593908857	1.9599999999999989	0.046280384755612886	23.03238234588678	0.23233690060663342	0.01689020922647853	0.023140192377806443
90.1	1.7	1.9780410481532922	0.029992455139615966	68.09461838717667	0.758593113092049	0.03573886784731838	0.014996227569807983	1.9599999999999997	0.047216443748368635	21.126258632514865	0.2353524358254606	0.01745548210962271	0.023608221874184317
91.8	1.7	1.9759211459988009	0.035899224624601364	53.05937329669367	0.8749076672814102	0.04933636722703958	0.017949612312300682	1.9004683447466142	0.08972393390739132	2.931878116391446	0.04834438260742324	0.006813561843563889	0.04486196695369566
93.5	1.7	1.9769555993659622	0.03942758264203303	29.319564773498293	0.7557219817064031	0.04680390427918713	0.019713791321016513	1.9000000000000001	0.09999999999999999	4.702565295540072	0.1212102564176389	0.019039662555069472	0.049999999999999996
95.2	1.7	1.977545530850375	0.03333587998661604	9.232775310399532	0.5094869318899565	0.02667871145922595	0.01666793999330802	1.9599999999999993	0.09999999999999999	3.304379386107711	0.1823436679253038	0.028642476379137558	0.049999999999999996
96.89999999999999	1.7	1.9807590288400745	0.0630605102229803	4.029830331941207	0.2808539713214627	0.02782005130600245	0.03153025511149015	1.9000000000000001	0.09999999999999996	3.5079089889430133	0.24447931784371607	0.03840272144462311	0.04999999999999998
98.6	1.7	1.9919639165573253	0.09999999999999999	3.426957489112308	0.24656441706209237	0.03873024806394596	0.049999999999999996	1.9000000000000001	0.09999999999999999	3.588207200993036	0.2581660903649033	0.040552634644818945	0.049999999999999996
100.3	1.7	1.9855482271795108	0.06786831848038813	3.2569574799039263	0.23921507725306715	0.025502074790959717	0.033934159240194064	1.9000000000000001	0.09999999999999992	3.4052844592137563	0.2501093090731773	0.03928707839893561	0.04999999999999996
102.0	1.7	1.9911972331666303	0.09822960499671284	2.161112365942881	0.15039070223286244	0.02320509025437962	0.04911480249835642	1.9000000000000001	0.09999999999999999	2.469383644924878	0.17184314258484668	0.026993057715716882	0.049999999999999996
103.7	1.7	1.9901218171376627	0.09999999999997215	2.893477750768381	0.20169512069637852	0.031682195472223645	0.049999999999986076	1.9000000000000001	0.09999999999999999	2.861497728647304	0.19946589518397545	0.03133202954758445	0.049999999999999996
105.39999999999999	1.7	1.9999999999999942	0.09999999999999999	2.92164018713206	0.21337762487055947	0.03351727893668942	0.049999999999999996	1.9000000000000001	0.08157702551209899	3.1655729404235418	0.23119288896595294	0.02962526302199379	0.04078851275604949
0.0	3.4	1.9767181192162027	0.04043231459819164	5.388572542758783	0.41720398013100723	0.02649701330126889	0.02021615729909582	1.9000000000000365	0.09999999999997805	2.794562322188573	0.21636574701178968	0.03398665206502785	0.049999999999989025
1.7	3.4	1.9813346654901476	0.03632544363922403	72.95959139909023	0.7276640002682663	0.041520415760469144	0.018162721819612013	1.9599999999999997	0.058001453081920416	23.54763254295506	0.23485280227689911	0.02139707936145585	0.029000726540960208
3.4	3.4	1.978434197497852	0.028221064631878727	530.8005971027972	0.7913526291422496	0.03508030171694969	0.014110532315939363	1.9599999999999997	0.040509056767551836	222.13542401586588	0.3311741787406846	0.02107310232709466	0.020254528383775918
5.1	3.4	1.9780608529801806	0.02814702488883974	565.8785743329529	0.7798808497550758	0.03448106175959456	0.01407351244441987	1.9599999999999997	0.04232032333103424	248.02747078447476	0.34182576165922574	0.022723417311554653	0.02116016166551712
6.8	3.4	1.977939718721964	0.028380328577645674	683.0849904170605	0.7894944208182996	0.0351954369712919	0.014190164288822837	1.9599999999999997	0.04120473442695842	266.48516170519497	0.307997615741286	0.019934913289856748	0.02060236721347921
8.5	3.4	1.9777295733565432	0.028310827219932482	797.8529504645377	0.811896722122432	0.036105488422005845	0.014155413609966241	1.9599999999999997	0.04004497632460033	300.91772943440776	0.30621446973915734	0.019261656208620512	0.020022488162300164
10.2	3.4	1.977734241379475	0.028193626404446146	882.9385237597128	0.820550539712865	0.03633926617860925	0.014096813202223073	1.9599999999999997	0.039422169234460666	325.24334630711473	0.30226181797335516	0.0187173208537752	0.019711084617230333
11.9	3.4	1.977652481497659	0.027912317126781803	946.7780741058979	0.8269140025107541	0.036255684910348175	0.013956158563390901	1.9599999999999997	0.0393016966694896	338.73072300142303	0.29584670958395975	0.018264085008691547	0.0196508483347448
13.6	3.4	1.977573973108181	0.027967478275212117	1035.2996455649734	0.8324823685385923	0.03657195953875752	0.013983739137606059	1.9599999999999997	0.03789205893118721	362.4483398181427	0.29144398309924074	0.017346951920242815	0.018946029465593605
15.299999999999999	3.4	1.9776800768630838	0.02773764441227952	979.720489754353	0.8370484784752894	0.036470361210178305	0.01386882220613976	1.9599999999999997	0.039058596312219016	348.9142415457702	0.2981035285660656	0.01828957548429253	0.019529298156109508
17.0	3.4	1.9774993321177503	0.02797983892791472	1017.414234607817	0.8177737262890804	0.035941669005903266	0.01398991946395736	1.9599999999999997	0.038208910261588055	368.2240923910386	0.29596989888794767	0.017763644482300653	0.019104455130794028
18.7	3.4	1.9776276474850067	0.02751803732783875	981.3765323666389	0.8125960972991826	0.03512465479162628	0.013759018663919376	1.9599999999999997	0.03893228606115176	374.7914426480684	0.31033355042890964	0.018978352674687407	0.01946614303057588
20.4	3.4	1.9772198505901641	0.027705759863850352	987.9041344239803	0.8163595981365498	0.03552805610231844	0.013852879931925176	1.9599999999999997	0.038598661848300964	367.46074598585756	0.3036530534401312	0.01841067782948511	0.019299330924150482
22.099999999999998	3.4	1.976942156637363	0.028024196160156088	951.6922615297478	0.8078905954957675	0.03556358992734236	0.014012098080078044	1.9599999999999997	0.039284978697199706	368.5810212043125	0.31288805504265665	0.01930791519598261	0.019642489348599853
23.8	3.4	1.9771629375663182	0.027403407245600038	888.9276694659679	0.7996527637694194	0.03442119031136597	0.013701703622800019	1.9599999999999997	0.040245590405302366	379.5478829756405	0.3414299318488282	0.021584389592857668	0.020122795202651183
25.5	3.4	1.9768817106219023	0.027445089624541872	862.9888603728201	0.7748074155269283	0.03340244818632194	0.013722544812270936	1.9599999999999997	0.04106564936862124	390.3110101418118	0.3504284689017134	0.022604658631921196	0.02053282468431062
27.2	3.4	1.9768895245573403	0.027289222960620543	892.0308116869601	0.7645606665195871	0.032773513172516935	0.013644611480310272	1.9599999999999997	0.03952670462769159	423.3813605725238	0.36288066621727255	0.022530680841606372	0.019763352313845794
28.9	3.4	1.976863689498311	0.027186099531535755	849.8124164751529	0.7690934660311435	0.03284323300047288	0.013593049765767877	1.9599999999999997	0.04027633002638788	397.0443614472196	0.3593313279419384	0.022733423907313612	0.02013816501319394
30.599999999999998	3.4	1.9765841544549592	0.027107861016834805	862.3477362029782	0.7639142351160458	0.032528177435165624	0.013553930508417402	1.9599999999999997	0.04053025287927556	383.3529399478328	0.33959475465104694	0.02162022274503796	0.02026512643963778
32.3	3.4	1.9766389638194843	0.02710170466830671	871.5457292357121	0.7786049015218929	0.03314619025398169	0.013550852334153355	1.9599999999999997	0.03953499240802772	404.3130677973318	0.3611974974765981	0.022430877802348155	0.01976749620401386
34.0	3.4	1.9766908709235886	0.027261854573473614	840.0522595906963	0.7713464916780248	0.03303123276187489	0.013630927286736807	1.9599999999999997	0.04078018788664983	392.077155145532	0.36001014774480844	0.02306130299964505	0.020390093943324916
35.699999999999996	3.4	1.9767403754080937	0.027187366002661174	863.1109144309681	0.7782651027501108	0.03323644522832833	0.013593683001330587	1.959999999999999	0.04010128005816814	386.0411905089427	0.348092443015036	0.021926671381199355	0.02005064002908407
37.4	3.4	1.9768816729895222	0.027357075740462613	906.876917984734	0.7909194557767568	0.03398770254310757	0.013678537870231306	1.9599999999999997	0.039740984885432644	398.61903548649764	0.3476497685152724	0.02170203439426373	0.019870492442716322
39.1	3.4	1.9770566666480418	0.027535676400883644	903.0053447951786	0.7905450940534017	0.03419339900362337	0.013767838200441822	1.9599999999999997	0.039409472286854284	382.5975077058671	0.33494882888266453	0.020734757483693037	0.019704736143427142
40.8	3.4	1.9772549012542915	0.027804022534987517	954.692529741593	0.7884393356291518	0.034434659441658036	0.013902011267493759	1.9599999999999997	0.03884100466850042	379.65249145255603	0.3135385988741591	0.019129399857211286	0.01942050233425021
42.5	3.4	1.9773541696634545	0.02805154335815828	909.8597985546102	0.8085638791080169	0.03562796145694169	0.01402577167907914	1.9599999999999997	0.04030232977667408	350.08283171302384	0.311107637537864	0.019695213922531752	0.02015116488833704
44.199999999999996	3.4	1.9775533216836232	0.027574123527689492	895.7887856957934	0.8037861758646386	0.034814657453560015	0.013787061763844746	1.9599999999999997	0.04026260832248426	345.55550533343273	0.3100649869881899	0.019609860810941716	0.02013130416124213
45.9	3.4	1.9775290420492013	0.02781615347300856	910.4623060289388	0.8049381736624038	0.0351705755094716	0.01390807673650428	1.9599999999999997	0.03988830820516393	360.089527602763	0.31835453789155876	0.01994695181820226	0.019944154102581966
47.6	3.4	1.9774050005636183	0.027814300992918473	857.9003438251534	0.7940740267386874	0.03469357212740784	0.013907150496459237	1.9599999999999997	0.040937142863485515	352.0790466683371	0.3258849682606312	0.020955678855423588	0.020468571431742758
49.3	3.4	1.9771809636457507	0.027742141661442038	839.7168778383409	0.7942831450572869	0.03461267853420046	0.013871070830721019	1.9599999999999997	0.03984318322376956	350.93867324380267	0.3319507806296374	0.02077531416392038	0.01992159161188478
51.0	3.4	1.9768730219891752	0.02742887569987988	876.9430139207021	0.7804682070196659	0.0336266109964458	0.01371443784993994	1.9599999999999997	0.04017981155368741	381.79626881772566	0.3397938573439775	0.02144585158642931	0.020089905776843706
52.699999999999996	3.4	1.9766145133730297	0.027289490729572437	825.9012212800365	0.7682212353709743	0.032930749547647034	0.013644745364786218	1.9599999999999997	0.04079978238874008	388.5450703350384	0.36140953208359217	0.023162067692916382	0.02039989119437004
54.4	3.4	1.9765315805249348	0.027012331373038465	783.1498380351281	0.7516870727018228	0.031894737138209686	0.013506165686519233	1.9599999999999997	0.04082987581408973	388.39288356382707	0.3727893380362516	0.023909000375892137	0.020414937907044864
56.1	3.4	1.9765475155151366	0.027111629175937752	847.4286149652714	0.759004249312788	0.03232359823478395	0.013555814587968876	1.9599999999999989	0.040631957663504435	414.29353314777035	0.37106435464756243	0.023683007978850396	0.020315978831752218
57.8	3.4	1.9765995339139995	0.027634940102288976	782.6105935333395	0.7497413190825832	0.03254541775855373	0.013817470051144488	1.9599999999999997	0.039911778071586836	402.3005418973994	0.3854041095815362	0.024162245593299315	0.019955889035793418
59.5	3.4	1.9770043316687156	0.028248278140815927	728.2929955739207	0.752787536818634	0.0334029080528058	0.014124139070407963	1.9599999999999997	0.04048950658856266	369.44372704746945	0.3818691583845285	0.024287171833946325	0.02024475329428133
61.199999999999996	3.4	1.9769848058197674	0.02870439467551259	699.3305285608938	0.7541195905909976	0.034002315511434275	0.014352197337756296	1.9599999999999997	0.04154370852305081	326.6427652454287	0.35223359818610467	0.022985603919665646	0.020771854261525405
62.9	3.4	1.9774748608427972	0.030250023460226254	626.6054220980037	0.7851774888212408	0.037308984873265894	0.015125011730113127	1.9599999999999997	0.039710733913942836	246.72844334194053	0.3091668420540721	0.019285046950653653	0.019855366956971418
64.6	3.4	1.9774918908303936	0.030246630713553393	509.1866178034307	0.7841773197667736	0.037257281087453555	0.015123315356776697	1.9599999999999997	0.04120690601629994	208.21267561341236	0.3206597585151506	0.020755554737489194	0.02060345300814997
66.3	3.4	1.977668582586496	0.031537622589012784	450.19787591470964	0.8195176982468357	0.040598236175112094	0.015768811294506392	1.9599999999999997	0.03867276408734603	154.0500589331385	0.2804250230083107	0.017034988905005665	0.019336382043673016
68.0	3.4	1.9771912962112743	0.031208276224367698	370.3509648433015	0.7954191864320671	0.038992916591350714	0.015604138112183849	1.9599999999999997	0.03930067837531503	138.8831020872431	0.2982853956331328	0.018414160078997117	0.019650339187657514
69.7	3.4	1.9767065951081488	0.030971931601776338	320.9241680342101	0.7740030216719218	0.037655708614952405	0.015485965800888169	1.9599999999999997	0.04236813632294358	128.83256560326885	0.31071762428327465	0.020678790127136998	0.02118406816147179
71.39999999999999	3.4	1.9762668944554875	0.029764587957304918	297.2158795613536	0.7746380299885579	0.03621750812564294	0.014882293978652459	1.9599999999999997	0.03958703023535993	115.89928679860346	0.30206998137263386	0.018783666491100658	0.019793515117679964
73.1	3.4	1.9764923812146684	0.029237355411880907	277.2515740379145	0.7629108425262309	0.03503739032101225	0.014618677705940454	1.9599999999999997	0.04001039531909195	116.48097217222062	0.3205197190549798	0.020144081638025908	0.020005197659545976
74.8	3.4	1.9766634246743355	0.0292026138045958	267.2676007753618	0.7900580902067242	0.03624103788938234	0.0146013069022979	1.9599999999999997	0.03916331241374652	105.82462329498883	0.3128235503844591	0.019244150065465065	0.01958165620687326
76.5	3.4	1.9767848966410868	0.029043813891341117	258.54473479059897	0.7915392936775797	0.03611153930667001	0.014521906945670559	1.9599999999999997	0.04053424664606722	103.12446730913658	0.31571738670625865	0.020102056170216043	0.02026712332303361
78.2	3.4	1.97678760432504	0.028985113963541073	244.90212523385148	0.787720328846247	0.03586467856330314	0.014492556981770537	1.9599999999999997	0.0415161840998688	90.2959577653824	0.29043423562174225	0.01894022416258672	0.0207580920499344
79.89999999999999	3.4	1.9771692409514452	0.02927853636678657	237.22257466314835	0.7789267198271144	0.03582332073775421	0.014639268183393285	1.9599999999999997	0.04074434049559893	88.25540918935799	0.28978901558792325	0.018546804286470243	0.020372170247799463
81.6	3.4	1.9771852611869662	0.029820734518979028	235.5936969624424	0.7913392169083685	0.037068149193857675	0.014910367259489514	1.9599999999999997	0.040033627727186036	82.41553035641935	0.27682676614108953	0.017408161325869486	0.020016813863593018
83.3	3.4	1.9777150622760733	0.02957136126330843	235.46263500474421	0.822360688708667	0.03819913560665506	0.014785680631654216	1.9599999999999997	0.039771043984937186	80.74586996143837	0.28200750081018594	0.01761763175701084	0.019885521992468593
85.0	3.4	1.9776583010307511	0.02961055921645904	234.98200019787942	0.8151164746582086	0.037912825973683666	0.01480527960822952	1.9599999999999997	0.03996171809740397	73.9454773903737	0.256505505939189	0.01610129179722573	0.019980859048701984
86.7	3.4	1.9775621008145254	0.030078126114979495	225.78342238218383	0.7808852133443918	0.03689417914392654	0.015039063057489747	1.9599999999999997	0.04003170008679749	63.96304292279819	0.22121993675150814	0.01391067407209492	0.020015850043398745
88.39999999999999	3.4	1.9779568550793742	0.030294620161552845	214.0408097424481	0.8016266007400961	0.038146746982900735	0.015147310080776423	1.9599999999999997	0.039214536379350635	59.28604524847911	0.22203836259565754	0.013677130094840034	0.019607268189675318
90.1	3.4	1.978520233141273	0.03085079937901601	195.46549440456846	0.8380227493786508	0.04061085256586153	0.015425399689508006	1.9599999999999997	0.03857935368669494	48.641711173184135	0.20854248805400044	0.012637738811375216	0.01928967684334747
91.8	3.4	1.9788001996733715	0.03131777807879666	134.19891589160875	0.7851286285100111	0.038623500585824144	0.01565888903939833	1.9599999999999997	0.04297827509246546	31.669945804466437	0.1852845155212009	0.012508579255760906	0.02148913754623273
93.5	3.4	1.9790356034370116	0.031667382906956344	81.75792058132933	0.7986461518033524	0.03972706251687234	0.015833691453478172	1.9599999999999997	0.052640476103999065	16.379119251713963	0.15999820527843556	0.013229846239804157	0.026320238051999532
95.2	3.4	1.9783528242121533	0.04077709483613016	25.69955177143867	0.7029236457936346	0.04502402440390339	0.02038854741806508	1.9000000000000001	0.09999999999999999	3.5548052906724226	0.09722958272692392	0.015272787140325261	0.049999999999999996
96.89999999999999	3.4	1.9799324269556915	0.05347390528945847	5.074627387686424	0.3503368435278759	0.029427108618612953	0.026736952644729237	1.9000000000000075	0.0999999999999998	3.127175170890879	0.21589066444307667	0.03391202626964938	0.0499999999999999
98.6	3.4	1.9841978870013484	0.07046664214451961	3.7000613274259964	0.29069030271723906	0.03217614410604641	0.03523332107225981	1.9000000000000001	0.07288893278112892	3.433669436562468	0.26976158490855145	0.03088599330838423	0.03644446639056446
100.3	3.4	1.9876006092908787	0.09499703166142931	3.6511950868065925	0.22228268020911685	0.03316924124282531	0.047498515830714655	1.9000000000000001	0.09999999999999999	3.509355340290386	0.21364755711483716	0.03355967979446891	0.049999999999999996
102.0	3.4	1.9940215270097383	0.09999999999996546	3.1953574269192493	0.24692835960698398	0.038787416025200576	0.04999999999998273	1.9000000000000543	0.09999999999999996	3.1625812118188703	0.2443955046090799	0.03838955609251278	0.04999999999999998
103.7	3.4	1.9786951952953769	0.04799138731798013	2.734597005441735	0.18966275020132983	0.014297668561022603	0.023995693658990066	1.9000000000000001	0.09999999999999999	3.2952904087006494	0.22855062021296646	0.035900647471722315	0.049999999999999996
105.39999999999999	3.4	1.9867180798738295	0.08949715042595487	3.3937459162044403	0.23117781250901281	0.03249939188083549	0.04474857521297743	1.9000000000000001	0.06783563731587873	3.8655729256450524	0.26331809013095697	0.02805811449180033	0.033917818657939365
0.0	5.1	1.9787145757375828	0.03702484430167406	4.998327345816191	0.3198008785536146	0.018599136014816487	0.01851242215083703	1.900000000000004	0.09999999999999873	2.71622322412198	0.1737882522138206	0.0272985948217571	0.049999999999999364
1.7	5.1	1.975416018247411	0.041516171777616115	9.52435098438993	0.5670775563024529	0.03698108393826299	0.020758085888808057	1.9000000000000028	0.09999999999999912	3.2374302691930867	0.19275581598814867	0.030278012772253424	0.04999999999999956
3.4	5.1	1.9791351201113419	0.02959526917022955	533.0954777797767	0.8064356800872801	0.037489694880038484	0.014797634585114775	1.9599999999999997	0.04113351735349543	198.8407217234938	0.3007946218564122	0.01943505579783479	0.020566758676747714
5.1	5.1	1.9779309581022293	0.028058115222233542	524.0363251203039	0.767022142178539	0.03380541506465119	0.014029057611116771	1.9599999999936417	0.04225351961382218	222.98481705355408	0.3263786952372854	0.021662300166165233	0.02112675980691109
6.8	5.1	1.9778192598791302	0.027803256551620893	598.522221930266	0.8080221967091302	0.03528895803999105	0.013901628275810447	1.9599999999999997	0.040237585643289164	233.99223409272426	0.31589623923188065	0.019966238141197006	0.020118792821644582
8.5	5.1	1.9776451148071614	0.028043861385643593	708.1458122271265	0.8158691192770193	0.03594000922205252	0.014021930692821797	1.959999999999997	0.03952251900932838	257.90555811356876	0.29713821210493513	0.018446883282686382	0.01976125950466419
10.2	5.1	1.9777627672780334	0.02781254622059323	847.4349480595632	0.828492289036001	0.03619504307339396	0.013906273110296616	1.9599999999999997	0.03983464695334971	301.3743753830476	0.29463777330593	0.018436109257357527	0.019917323476674857
11.9	5.1	1.9775556598829096	0.02775651204905106	934.4345403537393	0.8378878125189863	0.036531763814756105	0.01387825602452553	1.9599999999999997	0.03859630856974344	318.3501957214536	0.28545792946294796	0.017306440684771055	0.01929815428487172
13.6	5.1	1.9772582421161333	0.027951244464957673	935.7296454539003	0.8362553741395502	0.03671638772823561	0.013975622232478837	1.9599999999999997	0.03922931115207588	316.7769665704098	0.28310147272252983	0.017445068851286893	0.01961465557603794
15.299999999999999	5.1	1.9772319137887737	0.027566580772597504	938.7912891484125	0.814037464152104	0.03524903008276742	0.013783290386298752	1.9599999999999997	0.03870257957223411	339.5042863483802	0.29438833905084766	0.01789700636359541	0.019351289786117054
17.0	5.1	1.977233894303202	0.02747048063909669	907.4424376708645	0.8149900178044491	0.03516725128076506	0.013735240319548345	1.9599999999999997	0.03935320998761869	336.7279410223423	0.30242128784877464	0.018694437342368905	0.019676604993809344
18.7	5.1	1.9770554532818994	0.027584646123702237	909.3567171732391	0.8230328121641046	0.035661897190704395	0.013792323061851118	1.9599999999999997	0.0390024602563967	342.0845966537536	0.30961100552174786	0.018968293888981816	0.01950123012819835
20.4	5.1	1.9768532129738507	0.027463856719676237	895.700196341038	0.7975685913759335	0.03440720893132297	0.013731928359838119	1.9599999999999997	0.039488287980111156	346.0550335815809	0.30814174966098234	0.01911343423100979	0.019744143990055578
22.099999999999998	5.1	1.9768160599939697	0.02743482955916868	884.9408222434415	0.8019255695158561	0.03455860511053007	0.01371741477958434	1.9599999999999997	0.03896262426471367	355.60210215688846	0.32224348919768897	0.01972205786927776	0.019481312132356834
23.8	5.1	1.9766638389975235	0.027143863054481687	870.121213197027	0.7884525615475241	0.03361763062433454	0.013571931527240844	1.9599999999999997	0.03943828050126027	370.30178272023807	0.335545651230175	0.020786887383310516	0.019719140250630134
25.5	5.1	1.976545449837314	0.02699811521949963	819.5739478094544	0.7699103152648131	0.032650772568526026	0.013499057609749815	1.9599999999999997	0.03977727327925593	363.41752668309204	0.3413955547137395	0.021331075259677423	0.019888636639627966
27.2	5.1	1.976453261380076	0.026935566007024354	816.8544953411815	0.7701470332273918	0.03258514288907869	0.013467783003512177	1.9599999999999997	0.04041037530858476	379.3603398588242	0.3576686447007659	0.022703542673075207	0.02020518765429238
28.9	5.1	1.9765465291401705	0.027478428367064812	754.8236420334472	0.7694880152289434	0.03321342223969563	0.013739214183532406	1.9599999999999997	0.03939233703632781	341.87137113054416	0.34851309390118856	0.021565062620458583	0.019696168518163904
30.599999999999998	5.1	1.9760216235933046	0.027071247358773823	796.7123503270135	0.759080331337227	0.03227868864076848	0.013535623679386911	1.9598339136877614	0.04050437278295258	368.29014976904296	0.35089428298704656	0.022325339963377402	0.02025218639147629
32.3	5.1	1.9759881111375797	0.026955208752453802	786.429423640348	0.7616041228455389	0.032247188995847755	0.013477604376226901	1.9598009530614298	0.040321885676279146	376.3154354121553	0.3644362462605186	0.023082469781545302	0.020160942838139573
34.0	5.1	1.9761909276785514	0.0268159974285513	775.3244765273614	0.7562469651944483	0.03185499030070142	0.01340799871427565	1.9599999999999997	0.039645838206145693	373.65269959067183	0.36445866041504543	0.02269685880145825	0.019822919103072847
35.699999999999996	5.1	1.9760637495878808	0.02715415836035527	812.6876549975627	0.7660291663313609	0.03267394164314829	0.013577079180177636	1.9599999999999997	0.03963457772650212	373.46462427471994	0.35202305957050206	0.021916198524874222	0.01981728886325106
37.4	5.1	1.9758565692692425	0.02692993179083374	810.6413656108413	0.7666545602183155	0.0324305902988668	0.01346496589541687	1.9598011918903062	0.0403973406125342	365.3668339992928	0.3455413963818823	0.021926672860719372	0.0201986703062671
39.1	5.1	1.9760214825574578	0.02670665009505728	812.7317409069267	0.7535664703202043	0.03161264685726544	0.01335332504752864	1.9599999999999986	0.040015727640381006	388.1763670536635	0.35991789179530514	0.022623199837822797	0.020007863820190503
40.8	5.1	1.9760908623045312	0.026694595758987513	807.7998375048494	0.7611271000551999	0.03191540875587586	0.013347297879493757	1.9599999999999997	0.04028502434174519	370.6620284729905	0.34924606534169	0.022100140231624966	0.020142512170872595
42.5	5.1	1.9761643323516171	0.027044578422500687	820.8097262824242	0.7755786819349599	0.0329477647362463	0.013522289211250343	1.9599999999999997	0.038983887722124105	367.89424762215424	0.34762128971662243	0.02128684957071697	0.019491943861062053
44.199999999999996	5.1	1.9760112393165574	0.02717350118185746	865.7388835873168	0.7781626263952708	0.03321512143644187	0.01358675059092873	1.9599999999999997	0.03955414980331508	391.67054793794995	0.3520500095850553	0.021873399824825942	0.01977707490165754
45.9	5.1	1.9761375999257311	0.02709276611040529	783.3184096621482	0.7494689798621906	0.031895314377207655	0.013546383055202645	1.9599999999999997	0.040050687331074857	369.73511443799725	0.3537578022155688	0.022255424261757438	0.020025343665537428
47.6	5.1	1.9761874546907718	0.0267604785721112	846.1097557914483	0.7609045186132268	0.03198482037409108	0.0133802392860556	1.9599999999999997	0.039247251414652504	416.64232521154537	0.374685465720038	0.0230991485228952	0.019623625707326252
49.3	5.1	1.9758980726066713	0.026629586456886466	824.2235574413785	0.7587202179959219	0.03173700616707239	0.013314793228443233	1.9599999999999997	0.04012578143505977	407.37644920801165	0.37500110929732844	0.02363610620136594	0.020062890717529886
51.0	5.1	1.9759303885440225	0.026625055669728885	866.545798144535	0.7566408512373674	0.03164464199920259	0.013312527834864443	1.9599999999999997	0.03937283346398123	437.6230272638066	0.3821188223161065	0.023632789001435103	0.019686416731990616
52.699999999999996	5.1	1.9759048291779835	0.026776614602850198	813.684757782117	0.7620686534318672	0.03205307079604183	0.013388307301425099	1.9599997047140658	0.04137278897191246	384.05730771920366	0.3596946268626224	0.023375915322538115	0.02068639448595623
54.4	5.1	1.9758217534425648	0.026520755776801637	853.0040666753191	0.7522300347559797	0.031336929680247934	0.013260377888400818	1.9599999999999758	0.03988057585203727	424.44645198656417	0.37430228272456084	0.02344789028822143	0.019940287926018634
56.1	5.1	1.9756994002692094	0.0264084880866756	919.643081603036	0.753715759064796	0.031265905502711216	0.0132042440433378	1.9599999999999997	0.039146724556594834	470.53732887203284	0.3856402631561264	0.023713610250529486	0.019573362278297417
57.8	5.1	1.9757487265403348	0.02635699288461124	880.221911227359	0.7370740658849132	0.030515948063804466	0.01317849644230562	1.9599999999999997	0.03937087773751891	458.98371175882266	0.3843405694471984	0.023769016021916764	0.019685438868759456
59.5	5.1	1.9756193259275507	0.02659557881428026	883.0734683803721	0.7373044537448633	0.030801805977162137	0.01329778940714013	1.9599999999999989	0.039631025354601356	457.83604909229274	0.38226101243854593	0.023796615395225904	0.019815512677300678
61.199999999999996	5.1	1.9757342149332673	0.026536727402814764	864.9082347196511	0.7511103418303686	0.03130912870717257	0.013268363701407382	1.9599999999999997	0.04012175274701539	447.889912444671	0.38896004423837544	0.024513468479564555	0.020060876373507695
62.9	5.1	1.9760108301494306	0.026215887887188254	866.389978539897	0.7473715201201399	0.030776624968277193	0.013107943943594127	1.9599999999999997	0.04024963012374691	466.1014433457223	0.4020717608374809	0.025420573408719237	0.020124815061873455
64.6	5.1	1.9760526680426287	0.02676407093814931	870.3588788201602	0.7448833977659026	0.031315571654826464	0.013382035469074655	1.9599999999999955	0.040473907003834284	442.7478990111966	0.3789190498248707	0.024090257717817056	0.020236953501917142
66.3	5.1	1.976211063809873	0.02688530528585406	916.9636286052739	0.7437644709651431	0.031410169351642155	0.01344265264292703	1.9599999999999962	0.03991795849429178	457.19086547821865	0.3708351253906511	0.023252468405933084	0.01995897924714589
68.0	5.1	1.9765458899959716	0.027077169900608742	883.1634716341817	0.7580817423866184	0.032243277743029236	0.013538584950304371	1.9599999999999997	0.04045726322271356	437.03521819117594	0.37513827318699955	0.023840082451095312	0.02022863161135678
69.7	5.1	1.976582537554456	0.027226307478655003	917.4707459726939	0.7549554370685148	0.03228716693147507	0.013613153739327501	1.9599999999999997	0.040739017427161114	426.67087249159437	0.35109293287034476	0.022467384350260945	0.020369508713580557
71.39999999999999	5.1	1.9768652493291132	0.027235969637257763	944.1053683565198	0.7795591892596764	0.03335122679297264	0.013617984818628881	1.9599999999999997	0.03950796736196068	432.7606655981612	0.35733570099750056	0.02217588555217093	0.01975398368098034
73.1	5.1	1.9771444540564764	0.027513391148578654	956.4755909343857	0.7776285284858754	0.033607498229213086	0.013756695574289327	1.9599999999999997	0.040020452631839745	427.0156530282813	0.34716991949624865	0.021824482872606986	0.020010226315919873
74.8	5.1	1.9775134560377303	0.02766751532091088	969.3466506168717	0.7964135870874082	0.034612159532173115	0.01383375766045544	1.9599999999999997	0.039475669727971174	410.09641348502237	0.3369345275061736	0.02089271603726432	0.019737834863985587
76.5	5.1	1.9776060043110513	0.027928444629999084	944.7583736111649	0.7942543491147821	0.03484385747067278	0.013964222314999542	1.9599999999999997	0.040298970069629764	384.79070045400533	0.323491906365788	0.020477514551456962	0.020149485034814882
78.2	5.1	1.97792505265475	0.028204090317152885	973.4695939383062	0.8075858263094131	0.03577837914046403	0.014102045158576442	1.9599999999999997	0.03954241665937331	385.40581657455147	0.3197308645086851	0.01985946967409628	0.019771208329686655
79.89999999999999	5.1	1.9781417865535462	0.028325829568644816	997.799348854346	0.8150326538461419	0.03626415177126493	0.014162914784322408	1.9599999999999997	0.03889729469231368	378.84484057228013	0.30945191151113577	0.018907427506348964	0.01944864734615684
81.6	5.1	1.9782272485913017	0.028617510035654943	950.038080440903	0.8177330289132728	0.03675896379149875	0.014308755017827472	1.9599999999999997	0.03969621841726415	362.3325936968251	0.31187310847603206	0.019446746032555556	0.019848109208632076
83.3	5.1	1.9784929420118709	0.028625527891751584	924.2260722134945	0.8164727929649818	0.036712596313110635	0.014312763945875792	1.9599999999999997	0.04014412123494043	350.8246536391974	0.30992285698211836	0.0195431893324632	0.020072060617470217
85.0	5.1	1.978643789782884	0.02887940441992703	962.6468179255144	0.8270077538447629	0.037516100533409376	0.014439702209963516	1.9599999999999997	0.03839074470428072	357.1715198170297	0.3068452633311021	0.018504009268283304	0.01919537235214036
86.7	5.1	1.9788309900931824	0.029395548231015717	884.0017397207247	0.8273567856687126	0.03820271903735369	0.014697774115507859	1.9599999999999997	0.039181747163039606	306.9865587141247	0.2873155120050532	0.017683276951224226	0.019590873581519803
88.39999999999999	5.1	1.9792200632576593	0.03199820003151586	463.26619947125164	0.8697253811258954	0.04371470684024569	0.01599910001575793	1.9599999999999997	0.03740772275629896	89.98728822773505	0.1689400794611812	0.009926904455713382	0.01870386137814948
90.1	5.1	1.9790204642752056	0.02970219957582309	341.62434280986474	0.8818806136666819	0.041145115383021666	0.014851099787911545	1.9599999999999997	0.03434008379489763	73.86931692684941	0.19068874895383325	0.010285994720939787	0.017170041897448814
91.8	5.1	1.9794700370576164	0.030268200804140655	244.95158791620773	0.879147311364943	0.04179921597133469	0.015134100402070328	1.9599999999999997	0.03850202571156383	44.64063809555895	0.16021817736797503	0.009689809604153913	0.019251012855781915
93.5	5.1	1.979951723044824	0.03278547709528979	95.8950901525838	0.8324848148464973	0.04287239104720628	0.016392738547644895	1.9599999999999997	0.04540919961263218	16.60179314072512	0.1441235486288764	0.010280131520625728	0.02270459980631609
95.2	5.1	1.9789813715591829	0.03677086450879524	27.005255558862277	0.7036127916578641	0.040640350412754475	0.01838543225439762	1.9000000000000001	0.09999999999999999	3.4452666235014524	0.08976525556974393	0.01410029337227589	0.049999999999999996
96.89999999999999	5.1	1.9840117282228362	0.06626593525234922	5.968912210909276	0.39264826402536424	0.040870870761815954	0.03313296762617461	1.9000000000000001	0.07685066011491469	3.413572882077625	0.22455238390374296	0.027107230536057368	0.038425330057457345
98.6	5.1	1.9805268108903764	0.07152177911534474	4.282380184066107	0.28859180766099124	0.03242217791204525	0.03576088955767237	1.9000000000000001	0.06559271616002492	3.4853947575145954	0.23488254901465141	0.024200606134434477	0.03279635808001246
100.3	5.1	1.9771473886565945	0.07088400544588137	4.410891213978656	0.35585914339596625	0.03962289981135194	0.03544200272294069	1.9000000000000001	0.05768397364370945	3.3824950189421146	0.2728908335275231	0.0247265767292608	0.028841986821854727
102.0	5.1	1.9862727271602856	0.09037488130053967	3.1105043448726395	0.24689195207144218	0.03504891275923455	0.04518744065026983	1.900000000000001	0.09999999999998155	3.071411064016443	0.243788977327371	0.03829428300988481	0.049999999999990774
103.7	5.1	1.999676623623066	0.09999999999999999	2.635883268428129	0.1828841124698963	0.028727369209685785	0.049999999999999996	1.9000000000000001	0.0999999999995119	3.485724640125306	0.24184821261220704	0.03798942840113117	0.04999999999975595
105.39999999999999	5.1	1.9836306881423686	0.09275861141310626	3.013136390642273	0.19124416009403142	0.027865208561171445	0.04637930570655313	1.900000000000001	0.09999999999921566	3.0569414577194465	0.19402447342038934	0.030477293015467113	0.04999999999960783
0.0	6.8	1.9833966919679464	0.07015372063718489	4.970732431898244	0.344053163015436	0.03791369751643271	0.035076860318592445	1.9000000000000006	0.09999999999998337	2.863795328393592	0.19821985078894597	0.031136301351705704	0.04999999999999168
1.7	6.8	1.9787569408033736	0.05270417762040812	7.9483906526773636	0.43693212669916254	0.03617253094099468	0.02635208881020406	1.9000000000000026	0.09999999999999504	2.805589602004352	0.15422646986228566	0.02422583723542101	0.04999999999999752
3.4	6.8	1.977764448360231	0.03720065330833501	45.90943831776259	0.7846436932405085	0.045850379252685196	0.018600326654167505	1.9125680056460557	0.09999999999999999	3.7680716872426374	0.06440056322643216	0.010116016815960213	0.049999999999999996
5.1	6.8	1.9781461830436013	0.028278517891411097	616.5803082531714	0.8059391692502643	0.03579965028775969	0.014139258945705549	1.9599999999999997	0.04005004637298464	253.785680436641	0.3317261640064183	0.020869047472685608	0.02002502318649232
6.8	6.8	1.9776727036262212	0.02792974890450048	598.8976990763834	0.7940056351786581	0.0348345731343289	0.01396487445225024	1.9599999999999997	0.04169895682216551	239.62070264111605	0.3176839525280092	0.02080847940096891	0.020849478411082756
8.5	6.8	1.9778155320070927	0.02823856754954109	693.7495936360856	0.828609417719995	0.03675465957875034	0.014119283774770544	1.9599999999999997	0.0406690515949465	244.24539200604679	0.2917249017620113	0.018636202638141777	0.02033452579747325
10.2	6.8	1.9776665132586095	0.028243222575169574	762.5828548088313	0.8355375084128078	0.03706807869357224	0.014121611287584787	1.9599999999999997	0.03892452293759284	243.7068548438424	0.2670217629406212	0.016326377513793924	0.01946226146879642
11.9	6.8	1.9774666162288275	0.028144717976034607	876.0939431847687	0.8288329609785415	0.03664238992959472	0.014072358988017303	1.9599999999999997	0.03969462757696451	297.7280555765084	0.2816670835239617	0.017562555337533165	0.019847313788482254
13.6	6.8	1.9771250264747537	0.027848447947633706	905.289617812053	0.8310721927403442	0.03635462124304238	0.013924223973816853	1.9599999999999997	0.03850987638228255	309.44181107854695	0.28407316222197304	0.01718391862069875	0.019254938191141276
15.299999999999999	6.8	1.9769088038357003	0.027799830308031154	870.2436719497724	0.8199079118483896	0.035803633199813105	0.013899915154015577	1.9599999999999997	0.038604303575789596	309.10771043010027	0.29122861281731666	0.017659956958836504	0.019302151787894798
17.0	6.8	1.9769856062571256	0.02741074543361227	856.1028201242478	0.8201672405368021	0.035313693383625964	0.013705372716806136	1.9599999999999997	0.040182073796483024	310.7464782537889	0.29770265391597533	0.018790352622214162	0.020091036898241512
18.7	6.8	1.9769160537032489	0.027322130835222586	818.1513822385037	0.8101253853936353	0.03476855846048047	0.013661065417611293	1.9599999999999995	0.040202256218970035	318.30670936065536	0.31518414708124054	0.019903739071744263	0.020101128109485018
20.4	6.8	1.9766729661527278	0.0273538175720914	837.2740431872594	0.7865106020090317	0.03379421824405528	0.0136769087860457	1.9599999999999995	0.04026443530473839	328.18568898156917	0.3082879803953423	0.019498359901221358	0.020132217652369194
22.099999999999998	6.8	1.9765641582782103	0.02725992012064169	806.8780003953384	0.7890089509982673	0.033785191588842536	0.013629960060320846	1.9599999999999997	0.03907233121321376	337.6127655856263	0.33013602290287186	0.02026199089654759	0.01953616560660688
23.8	6.8	1.9763672006383854	0.027060578457630744	800.6184016957619	0.7930343811869559	0.03370924062238736	0.013530289228815372	1.9599999999999997	0.03941924565818568	343.3263874940247	0.34007415851895495	0.02105725800316363	0.01970962282909284
25.5	6.8	1.9762451675461494	0.027183050688493617	756.2972621809689	0.767464469798149	0.03276999315706978	0.013591525344246808	1.9599999999999997	0.040274477501867315	336.80777272364804	0.3417809526003524	0.021622088856708955	0.020137238750933657
27.2	6.8	1.9759637660819507	0.026990605209348213	722.2128160885944	0.7639222037448412	0.032387813742026095	0.013495302604674107	1.9598563308230013	0.040640806850752845	340.10496055852366	0.35974677433936336	0.02296566931425071	0.020320403425376422
28.9	6.8	1.975568241433198	0.02752905348576748	729.5799882818029	0.7602088801585167	0.032873359940438	0.01376452674288374	1.9589128930102546	0.04126646035767289	316.5005519918593	0.32978773275555995	0.02137723801695914	0.020633230178836445
30.599999999999998	6.8	1.9757678777746068	0.02709525562432756	713.2192807925777	0.7709073241903014	0.03281068530737053	0.01354762781216378	1.9594809317324344	0.041412595415370686	341.0757892681589	0.3686633706237122	0.023981829774667087	0.020706297707685343
32.3	6.8	1.975813418230532	0.026739593850005405	681.8181623759563	0.7414737634801952	0.031143718977122096	0.013369796925002703	1.9599999999999997	0.040395978365240115	358.0398548261837	0.38936651043256953	0.024706805874231248	0.020197989182620057
34.0	6.8	1.9755871245534242	0.026897714384784787	677.783698242926	0.7380105186766475	0.031181557667469967	0.013448857192392394	1.9598238959517789	0.04046346646833523	339.6399156116479	0.369819797870096	0.02350569624124537	0.020231733234167614
35.699999999999996	6.8	1.9753842885999726	0.027082728552659592	692.0707478252214	0.7407380612935606	0.031512071590282895	0.013541364276329796	1.9592357034466166	0.04125995513357247	336.42668120922815	0.36008464219800473	0.02333744069262078	0.020629977566786237
37.4	6.8	1.9751506220741384	0.027043654178293592	714.5498690650927	0.7472535692977197	0.03174338590903017	0.013521827089146796	1.9594380811466792	0.04078313250282963	338.11567741235103	0.35359064177349886	0.0226517218300955	0.020391566251414816
39.1	6.8	1.9753144617310712	0.026983193639619076	723.4322534305417	0.745863750644678	0.03161351074216615	0.013491596819809538	1.9599999999999997	0.03986310948166088	352.4731234220173	0.36340227380010176	0.022755096927799486	0.01993155474083044
40.8	6.8	1.9753821454464224	0.026550964708281135	707.5320879451406	0.7338013615529463	0.030604035405660396	0.013275482354140567	1.9599487208098185	0.040109166432438635	359.0573887392159	0.37238848275798786	0.02346171495257824	0.020054583216219318
42.5	6.8	1.975125091077793	0.026462164473441976	715.9455934632855	0.7361247756211673	0.030598256182052024	0.013231082236720988	1.959689825141271	0.03989401464220831	376.20660349183805	0.3868101209241289	0.024239599989978853	0.019947007321104156
44.199999999999996	6.8	1.9747991376862666	0.02692891995754564	743.8886983966258	0.7576999347872844	0.03205059249077663	0.01346445997877282	1.959104081626961	0.03966099439115185	357.1480604813051	0.3637789668257681	0.02266319110579751	0.019830497195575926
45.9	6.8	1.9751404628936438	0.02650679937202416	697.9275837044084	0.7223146984412591	0.030074860420753045	0.01325339968601208	1.9597191539173917	0.039701775793446685	390.9468236424429	0.404607359873969	0.02523269207670736	0.019850887896723343
47.6	6.8	1.9750141918625506	0.02665255700124861	729.9284135753528	0.739639385737547	0.030965549209106435	0.013326278500624305	1.9592268140438904	0.040545867637539985	382.71791991019336	0.387809601501291	0.024699322034188193	0.020272933818769993
49.3	6.8	1.9750702044881565	0.02670745725003315	727.8298801982871	0.7200808364605126	0.030208813786627188	0.013353728625016575	1.9596426133168494	0.039682862770638726	390.1955796452595	0.38604125362042846	0.024063377790251153	0.019841431385319363
51.0	6.8	1.9747555674546826	0.02705855085707374	752.222513906972	0.7428990492219099	0.03157578915635077	0.01352927542853687	1.958958731125037	0.04088268296882701	357.11421838967647	0.352687945920914	0.022649044383884084	0.020441341484413504
52.699999999999996	6.8	1.9753253272135134	0.026401404729831737	725.1088229899592	0.7224916428749307	0.029962616785405776	0.013200702364915868	1.9599999999999853	0.039982121571925114	387.25708264477566	0.3858593317086849	0.02423342060624951	0.019991060785962557
54.4	6.8	1.9754528125091761	0.026214351834420294	731.2286019833575	0.7371520034643202	0.030354008488294216	0.013107175917210147	1.9599831040148121	0.040658331027319645	386.9089973585989	0.3900431982387826	0.024910482139078538	0.020329165513659823
56.1	6.8	1.9753955685930815	0.026399171109971125	782.1427167748559	0.7482924403756882	0.031029982151370594	0.013199585554985563	1.9596250801199744	0.04054930823295339	384.52731899631283	0.3678853996229167	0.02343235179176871	0.020274654116476696
57.8	6.8	1.9753053026760627	0.026548368522598523	786.6679051266642	0.7336179761223646	0.030593395351933644	0.013274184261299261	1.9594953407757132	0.04052574674281943	389.42566969273184	0.36316426510889427	0.023118199705156762	0.020262873371409716
59.5	6.8	1.9750200337471449	0.02699219361745893	795.2517059969789	0.7671580088692058	0.03252691545154458	0.013496096808729464	1.9587074120737535	0.04072384864396158	368.42532641128605	0.35541003897920986	0.02273517924224446	0.02036192432198079
61.199999999999996	6.8	1.975356603843625	0.0269066476993572	816.0727292227285	0.7338048080337697	0.031014159953641613	0.0134533238496786	1.9595710075665052	0.039601912645604774	412.3992876260862	0.37082550274404547	0.023067771068148477	0.019800956322802387
62.9	6.8	1.975599376263579	0.026383646960250515	787.5460068882923	0.7338382220145988	0.03041270380837617	0.013191823480125257	1.9599999999999997	0.040042480323735946	418.6927890836247	0.39013945753526263	0.024539218274308657	0.020021240161867973
64.6	6.8	1.9756709798135128	0.02613604682664877	773.2373608627391	0.7449132003464413	0.030581969224169846	0.013068023413324385	1.9599033171126221	0.04102439033272756	396.4253727680079	0.381904067332784	0.02461026535454529	0.02051219516636378
66.3	6.8	1.9756984369346862	0.026986041888610982	820.4873295286739	0.7503679540027448	0.03180777901899259	0.013493020944305491	1.9599999999999997	0.039617335756863235	400.14190147689305	0.3659455169094004	0.022773069642812845	0.019808667878431618
68.0	6.8	1.976134737629956	0.02676380126453585	769.1056120704092	0.7484361837378529	0.031464616950636785	0.013381900632267924	1.9599999999999997	0.04035070100389548	390.22660297113566	0.37973940761462804	0.02406892145223375	0.02017535050194774
69.7	6.8	1.9761139838110477	0.026928299152046063	832.6698232141628	0.759430315391756	0.032123046762980625	0.013464149576023031	1.9599999999999997	0.04055378068636687	402.92957892472185	0.3674889237877022	0.02340968010549082	0.020276890343183435
71.39999999999999	6.8	1.97625467464815	0.027017079843980826	856.9821318326702	0.7608817126773417	0.03229054904590556	0.013508539921990413	1.9599999999999995	0.0402576436491	404.315561032519	0.3589763486464275	0.022700428968013116	0.02012882182455
73.1	6.8	1.9764170915951516	0.027175666498569603	886.093624073634	0.7786689600268961	0.033239382263893585	0.013587833249284802	1.9599999999999997	0.03941748716920159	402.30657995665143	0.35353334875231085	0.021889669223598744	0.019708743584600796
74.8	6.8	1.9765671356856271	0.027342689461591806	870.22069010613	0.7680610675284796	0.03298806629719963	0.013671344730795903	1.9599999999999997	0.04014189790749678	397.68297924276567	0.3509969563443194	0.022132023853133568	0.02007094895374839
76.5	6.8	1.9768566804211092	0.027619293559706985	931.1011479905006	0.7883942771436998	0.03420392191125994	0.013809646779853493	1.9599999999999997	0.039476356166761414	400.7999506757443	0.33937063451613075	0.021044140666374337	0.019738178083380707
78.2	6.8	1.9770833457988781	0.02760817186866605	926.3048318357119	0.8059399784947289	0.034951049916910434	0.013804085934333025	1.9599999999999997	0.039942080993320465	379.9841162798728	0.33060865060591016	0.02074267572696286	0.019971040496660233
79.89999999999999	6.8	1.9772321308774914	0.027680660891052446	973.9021109346038	0.806236590551761	0.03505571556162061	0.013840330445526223	1.9599999999999997	0.03866756258638741	383.03254884850094	0.31709024221912047	0.01925970150273793	0.019333781293193707
81.6	6.8	1.9773319719912255	0.0280832502493081	979.7868629170137	0.8136880267528138	0.03589427390101687	0.01404162512465405	1.9599999999999997	0.03938090872365523	367.55488834269124	0.30524497024639774	0.01888226667375244	0.019690454361827616
83.3	6.8	1.977667980201659	0.02800487714558373	1034.6458730152676	0.8159919145894569	0.03589545017567078	0.014002438572791865	1.9599999999999997	0.03833193269479464	379.33250961864786	0.2991673468794443	0.018013362296956374	0.01916596634739732
85.0	6.8	1.977982552672438	0.028270936631952355	1040.0690660542161	0.847012383134416	0.03761402716258364	0.014135468315976178	1.9599999999999997	0.03858441053014843	358.1937115794427	0.29170611757512865	0.01767979739745775	0.019292205265074216
86.7	6.8	1.978691938228793	0.02862427452282248	1050.9694682850513	0.8445656454390627	0.03797412511660713	0.01431213726141124	1.9599999999999997	0.03720792660104889	350.42775829327223	0.28160594079451334	0.016458761776333326	0.018603963300524443
88.39999999999999	6.8	1.9781587763533948	0.028545108515855875	499.2107855593	0.892053550090314	0.03999838913985195	0.014272554257927937	1.9599999999999997	0.03385450625030629	111.3683372635761	0.1990071598960422	0.010582909031399333	0.016927253125153145
90.1	6.8	1.9789179880787295	0.028870827562599635	484.0645561332922	0.8940213755485096	0.04054403914403701	0.014435413781299818	1.9599999999999997	0.033067280380708795	88.50170467093456	0.16345426399389112	0.008490135260498282	0.016533640190354398
91.8	6.8	1.9793813620439158	0.029485125489981296	321.8956191748569	0.9005039525675816	0.04170695476035044	0.014742562744990648	1.9599999999999997	0.03400715145427677	52.89928685960914	0.14798591241220962	0.007905157136080218	0.017003575727138384
93.5	6.8	1.9796731491102006	0.029601662307948272	167.46235613234617	0.8649529643952054	0.04021874072346911	0.014800831153974136	1.9599999999999997	0.03834535472733759	26.22165362675633	0.13543639036036664	0.008157705206114465	0.019172677363668796
95.2	6.8	1.9789823066523444	0.03392121870208425	58.738420344120414	0.8247664505070802	0.04394629943984613	0.016960609351042124	1.9000000000000001	0.09999999999999999	3.39542232625632	0.04767629778929244	0.007488975344260022	0.049999999999999996
96.89999999999999	6.8	1.9800084994418	0.058589976133770975	5.599654377130262	0.3364936739430955	0.03096849513826824	0.029294988066885488	1.9000000000000001	0.09999999999999978	3.184825901490771	0.1913821275896276	0.030062234303197866	0.04999999999999989
98.6	6.8	1.9810430298997477	0.07702658045881355	3.5589879198660395	0.24294763592419405	0.029394980234745877	0.03851329022940678	1.9000000000000001	0.09999999999875854	3.11560659700336	0.2126810414237878	0.033407859864325165	0.04999999999937927
100.3	6.8	1.9825530784520604	0.083972652811555	3.6614225504682603	0.28516247225493424	0.03761405208715706	0.0419863264057775	1.900000000000002	0.09999999999976511	3.6796501531713974	0.2865820921372236	0.045016209765329	0.049999999999882555
102.0	6.8	1.9818205253460472	0.07202559893823422	2.5854844233307506	0.19771495218500293	0.022368984546629438	0.03601279946911711	1.9000000000000001	0.09999999999999999	2.7504990761144277	0.21033381149451652	0.033039157849635674	0.049999999999999996
103.7	6.8	1.995121807197315	0.09999999999999999	3.152035005588316	0.21340238983295728	0.03352116900788619	0.049999999999999996	1.9000000000000001	0.09999999999999999	3.711967609559681	0.251311536026141	0.039475923767104557	0.049999999999999996
105.39999999999999	6.8	1.9932964183407256	0.09893359259558548	2.0960023866636353	0.1706808040554114	0.02652456908384411	0.04946679629779274	1.9000000000000001	0.08938782711330005	2.630166661385129	0.21417864951934948	0.030072839276411103	0.044693913556650026
0.0	8.5	1.9790419532453971	0.049322042959543	4.863947101885803	0.3799436617051133	0.029436091083274604	0.0246610214797715	1.9000000000000001	0.09999999999999999	2.703990014123225	0.2112201974363001	0.033178391027783305	0.049999999999999996
1.7	8.5	1.9793575608102514	0.05213826261999314	6.193846353268278	0.37274872592608327	0.030527595602828052	0.02606913130999657	1.9000000000000024	0.09999999999999121	2.6712364910044886	0.1607563284394015	0.02525154502216236	0.049999999999995604
3.4	8.5	1.9771947297370198	0.04584720030888558	10.560858808319946	0.5291167399523385	0.0381051959369126	0.02292360015444279	1.9000000000000001	0.09999999999999999	3.6058518779165074	0.18065922715405733	0.028377885041519807	0.049999999999999996
5.1	8.5	1.9796798150699098	0.030563437295809827	462.4694949626081	0.8077465252506061	0.038779050458317706	0.015281718647904913	1.9599999999999997	0.040806490604419335	168.81516325068858	0.2948515805056128	0.018899598742989302	0.020403245302209667
6.8	8.5	1.9776164997032557	0.027784811964387847	589.0065962956918	0.801464026013894	0.034979320821596396	0.013892405982193923	1.9599999999999997	0.040310703507703126	247.52425010395038	0.33680740295952627	0.02132661275883478	0.020155351753851563
8.5	8.5	1.9776561976491207	0.02796567240816151	663.2545234109916	0.7946493931563801	0.03490765692951846	0.013982836204080754	1.9599999999999997	0.04077547011128155	263.27175105866667	0.31542753170844035	0.020203120370610374	0.020387735055640774
10.2	8.5	1.9776658472921862	0.027738029090709056	751.65406423047	0.8158948261725549	0.03554918556671237	0.013869014545354528	1.9599999999999997	0.040367517756213625	284.3221858118006	0.3086220262873371	0.019569459930187872	0.020183758878106813
11.9	8.5	1.977366131072781	0.028123717936522893	824.8993426114639	0.8102187757725663	0.035792737369686654	0.014061858968261447	1.9599999999999997	0.039193401352953	293.95796741592216	0.2887264568963307	0.017775401263880424	0.0195967006764765
13.6	8.5	1.9772891430542539	0.02802278650986382	829.0664006114038	0.8186512322276617	0.03603546371397768	0.01401139325493191	1.9599999999999997	0.03893558233902826	291.7571737564196	0.2880919666154754	0.017619667145513607	0.01946779116951413
15.299999999999999	8.5	1.976914326308741	0.027715569416613114	836.5339322202624	0.818797452061185	0.03564676845701964	0.013857784708306557	1.9599999999999997	0.03916339980693471	317.9529563526911	0.31121160841130885	0.019145030006598566	0.019581699903467354
17.0	8.5	1.9766826683165548	0.02733860508807813	807.1147118089826	0.7924149406806925	0.03402897627353913	0.013669302544039065	1.9599999999999997	0.04000991963122251	320.45955275395295	0.3146231059485177	0.019773255135182195	0.020004959815611255
18.7	8.5	1.9765121987777106	0.027572869762873584	747.2653685920632	0.7861436357070298	0.03404895201675594	0.013786434881436792	1.9599999999999997	0.04024772356700068	313.76574240723187	0.3300901552029405	0.020868621892449462	0.02012386178350034
20.4	8.5	1.9762303039001985	0.02746728638970947	720.2850576415453	0.7790381008479451	0.03361199817106958	0.013733643194854735	1.9599999999999993	0.040451966277125835	312.0420821097268	0.3374950909399217	0.02144504558289847	0.020225983138562918
22.099999999999998	8.5	1.976053480649251	0.027365382415225993	709.2646019894111	0.7830097970965365	0.03365802235882044	0.013682691207612997	1.9599689660396522	0.04102430904413215	299.0369538789138	0.33012907161069677	0.021273792687654395	0.020512154522066076
23.8	8.5	1.9761413954233973	0.02678030660921555	694.8352077260452	0.7346531482934668	0.03090421852522156	0.013390153304607775	1.9599999999999997	0.04040197832248898	342.82557875211	0.36247140033391667	0.023003623661185035	0.02020098916124449
25.5	8.5	1.9759565220911066	0.027060253965403385	678.1404233880336	0.7481751220049445	0.03180204211496061	0.013530126982701693	1.9599422084021365	0.0411248071824013	322.8061236356243	0.3561438053322338	0.023006425435115208	0.02056240359120065
27.2	8.5	1.9758487538725613	0.026807628234893025	632.0672971875097	0.7444497686897015	0.03134827648278348	0.013403814117446513	1.959999999999995	0.041020492982101975	327.6584231581569	0.3859165604908035	0.024866471712646533	0.020510246491050987
28.9	8.5	1.9756780725325578	0.026789602491382115	641.7178666743397	0.7345174484806118	0.030909235499550543	0.013394801245691057	1.9599999999999997	0.040666737926204254	336.9591208029774	0.3856871789110965	0.024637373997894577	0.020333368963102127
30.599999999999998	8.5	1.9752492856078336	0.027170422552467256	623.2145089284093	0.7401761674815058	0.0315901266448984	0.013585211276233628	1.9590165746490382	0.042403738887781456	312.0943381362134	0.3706665807436712	0.024689225164697043	0.021201869443890728
32.3	8.5	1.9749912891107777	0.02726677201401012	648.307727806311	0.742209299526139	0.03178922904262586	0.01363338600700506	1.9588004173060327	0.04108732724549308	313.9375776856371	0.359408625927413	0.023196168999611508	0.02054366362274654
34.0	8.5	1.9757040084328181	0.026579250000139554	587.7719351289554	0.7109697486808602	0.029683405249018725	0.013289625000069777	1.959999999999997	0.040348757974365934	341.8366589199273	0.41348609716944773	0.026206616860813017	0.020174378987182967
35.699999999999996	8.5	1.9746489029715282	0.02709457927984196	646.2477293544105	0.7423519493904316	0.031594547670898775	0.01354728963992098	1.958621944279207	0.04168985047420979	309.30562352139907	0.35530280749754173	0.023267453448000637	0.020844925237104895
37.4	8.5	1.9746979380529757	0.027011623541187364	644.810865332464	0.7352660461981891	0.03119716116994127	0.013505811770593682	1.958732695719092	0.0416487950013027	325.48195995637076	0.37114113094630774	0.024280711266393522	0.02082439750065135
39.1	8.5	1.9743440125736176	0.027358210154823825	660.0625011986127	0.7529753063827043	0.03235849335436051	0.013679105077411912	1.9580819362950659	0.04137554643397871	322.059041964739	0.3673932473915081	0.023877826336503618	0.020687773216989357
40.8	8.5	1.9742278092996588	0.02700226823101263	665.9284201141978	0.7501769448351108	0.03181880294076576	0.013501134115506314	1.9581276257589237	0.04110364982307101	322.97136296665303	0.3638314014260071	0.02349094258137013	0.020551824911535507
42.5	8.5	1.9740871173508925	0.02699842635111611	633.140421463544	0.7207400285005308	0.030565884728031126	0.013499213175558055	1.9584482804351062	0.0403336566115649	335.2718774727797	0.3816591933375264	0.02418038445377469	0.02016682830578245
44.199999999999996	8.5	1.9740410122941077	0.027406293658744973	627.9790722884863	0.7301977553560464	0.03143479825928087	0.013703146829372487	1.9578819376453418	0.04095342478871892	319.3365223656035	0.3713162143840518	0.023886582413322897	0.02047671239435946
45.9	8.5	1.9737961529942611	0.026479526849382647	653.9181681812966	0.7058313208443708	0.029358308086985033	0.013239763424691324	1.9584541228579981	0.039782899502493065	374.44691982633583	0.40417345299060964	0.02525713551450453	0.019891449751246532
47.6	8.5	1.9735723583722264	0.027049637820468365	653.6562994162956	0.7318207297728885	0.03109467620876478	0.013524818910234182	1.9577143366002747	0.0407080874492318	342.3663907845028	0.38330667382439754	0.024510205738486317	0.0203540437246159
49.3	8.5	1.9742599474820268	0.026456975900955304	650.1767158606435	0.7090025029354003	0.029465095097687383	0.013228487950477652	1.9588262932152003	0.04006058187303291	387.3271515690464	0.4223712003494035	0.026578558798891153	0.020030290936516454
51.0	8.5	1.974265282669133	0.02643989541991588	641.0305265710133	0.7239589057089628	0.03006723728368519	0.01321994770995794	1.9582258377411466	0.04190261656990861	354.82814259725876	0.4007312962200998	0.02637632474188669	0.020951308284954305
52.699999999999996	8.5	1.973982716096867	0.027593891622324337	707.9518380005783	0.7598744426880295	0.032936289333471765	0.013796945811162168	1.957775185508077	0.04082614895061578	322.10205829387473	0.34572566790133163	0.022171236625747083	0.02041307447530789
54.4	8.5	1.9746604482851404	0.026705875572153013	672.8925801607448	0.7209714388953881	0.030244385069301744	0.013352937786076506	1.9592372805029643	0.04068300628399455	353.81878597310924	0.37909949782818775	0.02422624606057354	0.020341503141997275
56.1	8.5	1.9744536776272468	0.02725744369089844	710.4585768776652	0.7700129500424076	0.03296879163678379	0.01362872184544922	1.9582273719237009	0.040788101146177175	314.43710805254705	0.3407948796091965	0.02183465959265426	0.020394050573088587
57.8	8.5	1.9747216518264026	0.02682032817985831	722.5447860632235	0.7637893651640806	0.03217789067059998	0.013410164089929155	1.9585531132635277	0.04098787590581745	324.7197483535215	0.34325552579584234	0.022100028158067556	0.020493937952908724
59.5	8.5	1.9749999383016499	0.02692123359455656	715.8762248179655	0.7416721939367815	0.03136366674459908	0.01346061679727828	1.9590322267961606	0.04085598670494625	356.797880897902	0.3696547782192814	0.023723125419401265	0.020427993352473126
61.199999999999996	8.5	1.9749971570972447	0.02691719964805944	711.6824535945377	0.7620503341520702	0.0322205842114467	0.01345859982402972	1.9591846553098162	0.041223593743720394	340.96037399605893	0.36509115213390136	0.023641064868316332	0.020611796871860197
62.9	8.5	1.975399585190055	0.02675542823262329	721.8869986626933	0.7325222070958296	0.030785951350312354	0.013377714116311645	1.9599999999999864	0.0395045623097677	375.75558892201815	0.38129141241725306	0.023660512936942747	0.01975228115488385
64.6	8.5	1.9752153764293972	0.02688438665719023	722.0041677696062	0.7646702868369191	0.03229194654155098	0.013442193328595115	1.9589879985365102	0.04086497910827611	340.0249969198022	0.36011843633755414	0.023116203762741643	0.020432489554138056
66.3	8.5	1.9754755623873523	0.026853516617327326	726.0037663322728	0.7478861462708201	0.031546888627198205	0.013426758308663663	1.959512040496224	0.040775619907485926	359.33780905314785	0.3701685606671655	0.023709368113609835	0.020387809953742963
68.0	8.5	1.975456365769897	0.02712052496997931	752.265673478816	0.7644553393923245	0.03256642507869317	0.013560262484989654	1.9592578337607993	0.04130281670661589	355.87516119924203	0.36164174004880445	0.02346270592122443	0.020651408353307945
69.7	8.5	1.9757180749311418	0.02687538816403675	764.8408170979633	0.7498806433404231	0.03165678202472642	0.013437694082018375	1.95955866225128	0.04105296110111976	371.25979699983884	0.3639980100395395	0.02347271761834328	0.02052648055055988
71.39999999999999	8.5	1.975984445544052	0.02710130282331893	754.6615350608117	0.7634769350032047	0.03250169176679957	0.013550651411659466	1.9599999999999997	0.03996556426831698	369.4432735451797	0.37375883762393614	0.023463743185918574	0.01998278213415849
73.1	8.5	1.9762329401293113	0.026743602738918994	785.8191622718663	0.751544266736021	0.03157143743046555	0.013371801369459497	1.9599999999999997	0.04001065589526264	392.0103593654727	0.37491213274883506	0.02356269940939167	0.02000532794763132
74.8	8.5	1.9763869085022159	0.02694654590437899	780.7385848689721	0.7586329360648509	0.03211106240106204	0.013473272952189495	1.9599999999999997	0.04020637997269484	387.54981254571663	0.3765768182345973	0.023783098326557214	0.02010318998634742
76.5	8.5	1.9763230836540733	0.026948070800411242	834.611101792071	0.7491038918761618	0.031709515775904286	0.013474035400205621	1.9599999999999997	0.0394171648541229	396.57075768689407	0.35594146465300813	0.022038591950211385	0.01970858242706145
78.2	8.5	1.97657277940923	0.02697674145521142	816.7635486182182	0.7598822959212743	0.03219998674754412	0.01348837072760571	1.9599999999999997	0.04003389479319347	379.3254072259896	0.35290833170970914	0.0221926739264867	0.020016947396596735
79.89999999999999	8.5	1.9767538362702801	0.027397797880421692	877.6593149349693	0.7884419841727076	0.033931673285085825	0.013698898940210846	1.9599999999999997	0.03911700224601808	370.6979588584222	0.33301513381962267	0.020462062761787296	0.01955850112300904
81.6	8.5	1.9768733623371642	0.027561571214868734	880.4981773273083	0.8015394925321914	0.034701542056724086	0.013780785607434367	1.9599999999999997	0.03901989206258596	355.34930179341166	0.32348334881933655	0.019827039471350734	0.01950994603129298
83.3	8.5	1.9773707778638523	0.027829639734168063	980.3689962966421	0.8129651596696762	0.035538524708237	0.013914819867084031	1.9599999999999602	0.03889752926174825	368.2392106285548	0.3053601753994023	0.018657536057665305	0.019448764630874124
85.0	8.5	1.977886415815365	0.028273915755818935	1160.069523993443	0.8310051708715359	0.03690706951575072	0.014136957877909468	1.9599999999999997	0.03734227146698363	384.75549071713687	0.27561606929082916	0.016166840124749508	0.018671135733491814
86.7	8.5	1.9779223842041518	0.029062744192592492	585.0265044497128	0.8941228875313215	0.040818186749721215	0.014531372096296246	1.9599999999999997	0.03368453250631575	127.8076556381841	0.1953343126142839	0.010335439281731222	0.016842266253157875
88.39999999999999	8.5	1.9781955092236099	0.028873354423594618	559.3704428008626	0.8950973404654171	0.04059638716334505	0.014436677211797309	1.9599999999999997	0.03259445613409186	103.19335485179023	0.16512867040138687	0.008454464403237565	0.01629722806704593
90.1	8.5	1.9791278661994116	0.029429026372726326	430.9437540666875	0.8980560809634569	0.04151444431669472	0.014714513186363163	1.9599999999999997	0.03185047090482126	69.62514669972256	0.14509384529096264	0.00725913252854503	0.01592523545241063
91.8	8.5	1.9795775841336212	0.029399432509981508	240.5147494168594	0.8858317284426208	0.04090817038040725	0.014699716254990754	1.9599999999999997	0.033839418492078485	39.44502110031585	0.14527862139210299	0.007722261042814486	0.016919709246039243
93.5	8.5	1.9801034393965	0.0306182497476669	141.46647850426234	0.890635101345993	0.042835125691485496	0.01530912487383345	1.9599999999999997	0.0399595334224994	19.23660322292429	0.12110850741566757	0.00760177371153203	0.0199797667112497
95.2	8.5	1.9787205204641962	0.037442452329024704	28.66234237669421	0.7771933304408238	0.04571021116300527	0.018721226164512352	1.9000000000000001	0.09999999999999999	3.9550345323740155	0.10724268169804584	0.016845641048692468	0.049999999999999996
96.89999999999999	8.5	1.9794250022910231	0.06806525248039824	4.951149764456422	0.3279296000923883	0.0350611338115911	0.03403262624019912	1.9000000000000075	0.09999999999995247	2.62720510020792	0.1740077272670529	0.027333069882488497	0.04999999999997624
98.6	8.5	1.9841762367065694	0.07325372871985775	4.260092251986718	0.2951926674575352	0.03396684256539221	0.03662686435992887	1.9000000000000001	0.09999999999994082	3.643695341145226	0.25248095194502995	0.03965961519006971	0.04999999999997041
100.3	8.5	1.9854305614883099	0.0756035263597222	3.1268330326739524	0.1896882793524898	0.022526951644655836	0.0378017631798611	1.9000000000000001	0.09999999999999999	3.016888889921037	0.18301855473152068	0.028748487350758342	0.049999999999999996
102.0	8.5	1.9843539288841243	0.08681818906854463	3.1945070289544084	0.2507585528645919	0.03419686977705533	0.043409094534272316	1.9000000000000015	0.09999999999999976	3.446782039928313	0.2705613318543821	0.04249967462495974	0.04999999999999988
103.7	8.5	1.9863996941795694	0.08492203657024196	3.090184840968514	0.21675567960817607	0.028914172241362408	0.04246101828512098	1.9000000000000001	0.09999999999999756	3.5517907554602837	0.24913422938950827	0.03913391324039072	0.04999999999999878
105.39999999999999	8.5	1.9862681625658631	0.09999999999999958	3.0811823892773145	0.24858172022473	0.03904712530373609	0.04999999999999979	1.9000000000000001	0.09999999999999999	2.7490457412361327	0.22178580590071048	0.034838032924408194	0.049999999999999996
0.0	10.2	1.976379416595179	0.04467756914265732	4.096654753387844	0.28413064360369206	0.019940107150523852	0.02233878457132866	1.9000000000000001	0.09999999999999999	3.0984591411235076	0.2148990439624234	0.03375626288879097	0.049999999999999996
1.7	10.2	1.9775147829475437	0.04585186158525123	6.4896261569638645	0.3538019581602135	0.025482209504460965	0.022925930792625615	1.900000000000001	0.09999999999999999	3.0204229758523953	0.1646676615080444	0.025865935783874153	0.049999999999999996
3.4	10.2	1.9767386287781619	0.04786654969692399	8.749848016116712	0.5274587765250597	0.03965888719685826	0.023933274848461996	1.9000000000000001	0.09999999999999999	3.8221159467834815	0.23040498501390705	0.036191930413507836	0.049999999999999996
5.1	10.2	1.9768653603929693	0.03668556990955574	29.191012410141877	0.7233809071503133	0.04168522875406068	0.01834278495477787	1.9000000000004584	0.09623562810560145	2.7806150581977382	0.06890627207352569	0.010416324879055692	0.048117814052800724
6.8	10.2	1.9780649936941168	0.027703614729423783	606.7737582736822	0.7815145798689699	0.034008963852313986	0.013851807364711892	1.9599999999999997	0.0428836119332194	248.81353524931248	0.3204677242788295	0.021587161005046887	0.0214418059666097
8.5	10.2	1.9774850777307442	0.02776640451169518	615.3856869810102	0.7782583907734273	0.03394402472369132	0.01388320225584759	1.9599999999999997	0.04254037536193858	254.82180084978953	0.32226489640384454	0.021534470423391325	0.02127018768096929
10.2	10.2	1.977604595524022	0.02763793708639606	734.3389240055263	0.8011301691336351	0.03477992072125713	0.01381896854319803	1.9599999999999993	0.04119380990618505	281.66678479702597	0.3072855755935259	0.01988355394749432	0.020596904953092524
11.9	10.2	1.9774364414757044	0.027724157372769773	791.7483038980898	0.8043205249154697	0.035027358210969715	0.013862078686384886	1.9599999999999997	0.04007263595196982	304.0587072742902	0.30888687457353237	0.019443177564362507	0.02003631797598491
13.6	10.2	1.977402963989575	0.027743341336216837	827.7991150398107	0.8120346206633678	0.03538776933381404	0.013871670668108418	1.9599999999999997	0.039385263631703145	325.88418165502725	0.3196780873795758	0.019777277262217154	0.019692631815851572
15.299999999999999	10.2	1.9770277634381381	0.028354695948522506	692.794420899487	0.8089296411322388	0.036029283119419615	0.014177347974261253	1.9599999999999997	0.037567862102189285	236.25559221324568	0.2758598303612391	0.016278891288598784	0.018783931051094643
17.0	10.2	1.9766298343233923	0.027838060107384623	668.4977218093379	0.7914497610023711	0.03460845386064726	0.013919030053692312	1.9599999999999997	0.03934085991633131	278.52299627702985	0.32974975328336326	0.020377373456561855	0.019670429958165654
18.7	10.2	1.9764014976539066	0.02787725260943551	665.5774664461818	0.7801791336581624	0.03416364325084334	0.013938626304717755	1.9599999999999997	0.039112583067639844	275.6684416232815	0.3231340855196124	0.019852680218945828	0.019556291533819922
20.4	10.2	1.9760840319751096	0.02708783849722506	641.2785464443467	0.7427490669742025	0.03160358449964213	0.01354391924861253	1.9599999999999997	0.04081637619037074	320.58139249121234	0.37130749419636644	0.023806088065816654	0.02040818809518537
22.099999999999998	10.2	1.9759686963607768	0.026841154098902826	625.4096010126697	0.736608324591233	0.031056870064462894	0.013420577049451413	1.9597566728768319	0.04135418090991308	325.0013342455962	0.3827870373606787	0.024865461426232742	0.02067709045495654
23.8	10.2	1.975686844200137	0.027476371229799994	614.0271580168899	0.7380381540434267	0.03185356657528495	0.013738185614899997	1.9594240923326962	0.041796687995819	303.36480418059824	0.36463338332184275	0.023939670769074318	0.0208983439979095
25.5	10.2	1.975637448314932	0.026936706877228205	648.4377892119796	0.7358480897186452	0.031135263400953128	0.013468353438614102	1.9597717084691233	0.04095081765393942	337.0746403568281	0.3825127627132885	0.024605284152456434	0.02047540882696971
27.2	10.2	1.975292464254869	0.027211363184099287	633.6652533111277	0.7524816132004508	0.03216370485950224	0.013605681592049643	1.9592742906506937	0.04107587463789143	314.9623952396265	0.37401989461938223	0.02413244917971613	0.020537937318945716
28.9	10.2	1.9753000736631279	0.02688876230247217	607.873522736096	0.7199798419887473	0.030409622311618822	0.013444381151236084	1.9596348996763036	0.04148333420800185	336.1949966031037	0.3981973411873639	0.02594728298145823	0.020741667104000924
30.599999999999998	10.2	1.9748502629193265	0.02732037285447336	626.3003225449912	0.7664853692045562	0.032893521349940266	0.01366018642723668	1.958071522767385	0.041567452127521234	290.8816793729804	0.355989839671564	0.02324400098884713	0.020783726063760617
32.3	10.2	1.9745379361357087	0.02763149055509551	631.2857556640062	0.7580560011468024	0.032902241094433196	0.013815745277547755	1.9580503784893462	0.041505976077593244	293.32068982940314	0.3522232320160947	0.022964051191283835	0.020752988038796622
34.0	10.2	1.9747905809947228	0.027112684512314966	604.2004024530594	0.7427771712462934	0.03163376945088428	0.013556342256157483	1.9586223032641679	0.041573411088850376	311.9581857710156	0.3835075545023702	0.02504433244307231	0.020786705544425188
35.699999999999996	10.2	1.9743176621048386	0.02739733141725002	613.184233640774	0.7385012304276275	0.031781863901000885	0.01369866570862501	1.9578660709812952	0.041937937873188606	301.34623912860746	0.36293263292152667	0.02390853516065068	0.020968968936594303
37.4	10.2	1.9743926299194636	0.027056290076448105	608.434363967872	0.7181693626385239	0.030522141226154667	0.013528145038224052	1.9584784505749175	0.041547206594429384	335.59556330215537	0.3961223528356659	0.025851816019990367	0.020773603297214692
39.1	10.2	1.973612846161765	0.027892595556482647	636.4091278665211	0.7839774219364898	0.03434886270365862	0.013946297778241324	1.9564274646222748	0.04131402192776848	275.28845104686934	0.33912136185746183	0.022007590697111286	0.02065701096388424
40.8	10.2	1.9735238030978322	0.027007737283650513	598.5178451134508	0.7393396141274149	0.03136548836283928	0.013503868641825257	1.9572117012051702	0.04151119016651258	317.6482653405688	0.392385870935264	0.02558576596901793	0.02075559508325629
42.5	10.2	1.9725582874419694	0.028164388348472697	611.2536480056374	0.7683110241227626	0.0339904775111383	0.014082194174236349	1.9554234117882212	0.04174813366422415	268.23163543836057	0.33715188972396887	0.022109684254693403	0.020874066832112074
44.199999999999996	10.2	1.9725892859074772	0.026477555138028845	598.3635489177632	0.7049852536168422	0.029320933364537977	0.013238777569014423	1.9569241377045088	0.04143817310735515	355.5652946478783	0.4189230608683561	0.027268091674825922	0.020719086553677574
45.9	10.2	1.9719027426076958	0.02732830978683612	610.6968493726126	0.7387889898889567	0.031714149103009036	0.01366415489341806	1.9559029430126464	0.040705086527215585	327.6232482595436	0.3963414071883074	0.02534183192884442	0.020352543263607793
47.6	10.2	1.9720398456759058	0.027492034991461176	649.5092811704764	0.7440774151279727	0.032132527484934746	0.013746017495730588	1.9556922380984079	0.04106040869450078	323.21594273198855	0.37027597629208564	0.02388188927869143	0.02053020434725039
49.3	10.2	1.97299663296405	0.027052184664514946	606.1495489931331	0.714509615994888	0.030361994577361117	0.013526092332257473	1.9574464150343127	0.040490426568174545	351.1020425134074	0.41386780867524425	0.026322908655153233	0.020245213284087273
51.0	10.2	1.9739786305644158	0.02600164843034168	569.8574378298431	0.6634540192200115	0.027097647459644564	0.01300082421517084	1.9591462362778085	0.040205870813669026	396.83835243735194	0.4620173089393352	0.029178811345759354	0.020102935406834513
52.699999999999996	10.2	1.9739791933438247	0.02694439675712512	608.0598192103624	0.7099024892448865	0.0300460261514476	0.01347219837856256	1.9587056754103085	0.04025519249738823	345.49482470046144	0.40336103180537786	0.02550561054816757	0.020127596248694115
54.4	10.2	1.9741190764845715	0.02700812044201792	589.0011529225021	0.7162489094667991	0.030386327369948302	0.01350406022100896	1.9580565115191138	0.04160895987646775	315.315968336879	0.38343680201331093	0.025061123142309447	0.020804479938233877
56.1	10.2	1.9744186322948707	0.026988085775683863	629.7947786009273	0.7193429175424783	0.03049495036663378	0.013494042887841931	1.9586322854096034	0.04091849894841645	318.37057661430663	0.3636384854605703	0.023372728323509742	0.020459249474208224
57.8	10.2	1.9745399213348984	0.027117779786647426	639.9298278840369	0.7540701017138532	0.03212075378356943	0.013558889893323713	1.95838895439013	0.04113733704395725	307.508378647112	0.3623567214096322	0.023414903566904108	0.020568668521978625
59.5	10.2	1.974623535444706	0.027233818517570865	672.6902241161544	0.7748766032184408	0.03314827735727016	0.013616909258785432	1.9582379944358723	0.041102835505024596	311.84557033863064	0.3592171070870071	0.023192559050244053	0.020551417752512298
61.199999999999996	10.2	1.9751969972664292	0.026470113491394963	630.380947135415	0.7256597539334274	0.030172320867949392	0.013235056745697481	1.9599653130137842	0.0400137135446529	348.65552625899534	0.401352998599247	0.02522639825733372	0.02000685677232645
62.9	10.2	1.9750276788502916	0.026653924679289016	657.2767964329557	0.7438534058192512	0.031143570325194252	0.013326962339644508	1.9591373200539537	0.04081714568538275	336.56230332300083	0.38089434612001066	0.024421201934240737	0.020408572842691375
64.6	10.2	1.9749701552552548	0.026783282652805253	669.2296290267998	0.7517242542854992	0.031625852751354225	0.013391641326402626	1.9589946739465767	0.041417159969758886	340.2999668654069	0.38224807708720543	0.02486826586924228	0.020708579984879443
66.3	10.2	1.9752878121266086	0.02683643290792092	638.6016320752735	0.7368393018497504	0.031061144102499882	0.01341821645396046	1.9593588011104466	0.04151283482876677	331.01780231857236	0.3819390902081279	0.024905563814792486	0.020756417414383384
68.0	10.2	1.9753206602845206	0.026968361184129014	686.3868381685307	0.747378120428066	0.03166028447068374	0.013484180592064507	1.9591837452694585	0.040570790330433634	338.499974599661	0.368578563447229	0.023488939971653695	0.020285395165216817
69.7	10.2	1.9751212367596807	0.02753028133292429	702.4316366253013	0.7519861172883441	0.03251923717419202	0.013765140666462145	1.958561680096826	0.04149188812402578	333.2923628946597	0.35680515629837345	0.02325488505038072	0.02074594406201289
71.39999999999999	10.2	1.9754452652199568	0.026761909796201213	678.6135752733895	0.7111901105623822	0.02989666110437956	0.013380954898100606	1.9597439288990715	0.040433866579640126	361.7716170100713	0.37913829854652104	0.02408035069606715	0.020216933289820063
73.1	10.2	1.9757005189211114	0.026580675357544267	667.4548789245466	0.7281468814529146	0.03040219092870542	0.013290337678772133	1.9599999999999997	0.03946147479366055	362.51589824272236	0.3954796483139959	0.024514177615484953	0.019730737396830275
74.8	10.2	1.975810497347134	0.026806444401952095	657.2879415602622	0.742006272187198	0.031244002691454484	0.013403222200976048	1.959974827338981	0.04073223045886808	341.68982387490803	0.38573047887639633	0.02467982215219523	0.02036611522943404
76.5	10.2	1.9758302326952768	0.026865837415849907	682.2102115505643	0.7521884356092428	0.03174292268995424	0.013432918707924953	1.9599999999999997	0.04030042256445758	341.12046762956123	0.37611115541262347	0.023809248710521147	0.02015021128222879
78.2	10.2	1.976046018540698	0.027057913345269722	716.442192064669	0.7578183134189747	0.03220915080863933	0.013528956672634861	1.9599999999999997	0.03958697428452744	345.14516227233696	0.3650780588510224	0.022701675874490287	0.01979348714226372
79.89999999999999	10.2	1.9760706023133783	0.027520361010919942	786.8217607923208	0.768908455819312	0.03323905289620567	0.013760180505459971	1.9599999999999997	0.039004332792347884	336.0493460148873	0.32839862418548216	0.020120281810669067	0.019502166396173942
81.6	10.2	1.976608126205756	0.02752147966482619	909.9833869814653	0.8040047285399283	0.03475763830684083	0.013760739832413094	1.9599999999999997	0.03935237846979597	366.2522821797769	0.32359773917177953	0.02000305560177518	0.019676189234897987
83.3	10.2	1.977215676859812	0.02806803197090636	1031.8086489967584	0.822089918227613	0.03624525518891574	0.01403401598545318	1.9599999999999997	0.037868920270270105	382.6615537731179	0.30488424937711694	0.018135844710548497	0.018934460135135053
85.0	10.2	1.9778875251087806	0.030066780890514698	758.765051629635	0.8797558604407679	0.0415498038878784	0.015033390445257349	1.9599999999999997	0.034171008956302554	174.38832433608255	0.2021958575946646	0.010853003253573466	0.017085504478151277
86.7	10.2	1.9774339770370444	0.028198549930412077	568.8423566908444	0.882147930205433	0.039074018017688415	0.014099274965206039	1.9599999999999997	0.03263410929417909	128.78447917824482	0.1997160732027146	0.010237753276909617	0.016317054647089546
88.39999999999999	10.2	1.9783998854924734	0.029440074736136523	513.3357264470236	0.9108978091112643	0.042123887351922656	0.014720037368068262	1.9599999999999997	0.03118619589476388	95.11883170874614	0.16878532107712468	0.008268313859772095	0.01559309794738194
90.1	10.2	1.9788694047806674	0.02921929885991663	352.59390934784966	0.9107774214921812	0.04180246801709214	0.014609649429958314	1.9599999999999997	0.032595272977304024	64.90928978043877	0.16766573105718155	0.00858457514196173	0.016297636488652012
91.8	10.2	1.979434436781744	0.02962753452119764	229.64687109177763	0.8758885586527303	0.04076282207147999	0.01481376726059882	1.9599999999999984	0.03690491192377186	37.33255648847598	0.1423888726985736	0.008254297202116897	0.01845245596188593
93.5	10.2	1.9797917272172605	0.031143968076222255	98.1026196237459	0.8567313262564362	0.04191200812943637	0.015571984038111128	1.9599999999999997	0.049315220187332906	12.52451626468332	0.10937674723994016	0.00847277858407054	0.024657610093666453
95.2	10.2	1.9783089650098626	0.04074945865320192	19.081664431294723	0.7371339004833487	0.047183277528295146	0.02037472932660096	1.9000000000000001	0.09999999999999999	3.52045160434069	0.13599674346617976	0.0213623185092743	0.049999999999999996
96.89999999999999	10.2	1.9781938766088647	0.046867558892954256	5.878215927433642	0.3999937275805586	0.029447293970269364	0.023433779446477128	1.9000000000000001	0.09999999999999999	3.3352993114814358	0.22695641341960393	0.035650230054205784	0.049999999999999996
98.6	10.2	1.9822470583128085	0.08740757545640494	4.537667253341161	0.30445224465597837	0.04180114049658195	0.04370378772820247	1.9000000000000086	0.0999999999995253	3.085518663251928	0.20702114776337385	0.03251880584740275	0.04999999999976265
100.3	10.2	1.9840082520852915	0.0853365185715725	3.4444428026497023	0.2101673313231817	0.02817215102493387	0.04266825928578625	1.900000000000019	0.09999999999997924	3.243996740478437	0.19793684402103567	0.031091846752555267	0.04999999999998962
102.0	10.2	1.9949014474539382	0.09999999999972653	3.0307087057744737	0.24400760201894922	0.03832862449603482	0.049999999999863265	1.9000000000000001	0.09999999999999856	3.1628705278151035	0.2546481789946069	0.04000004241897322	0.04999999999999928
103.7	10.2	1.9939337480114365	0.09999999999961562	2.9455491213894613	0.20851616331211417	0.03275364234067747	0.04999999999980781	1.9000000000000072	0.07674274693374696	3.4945926595123553	0.24738309349818768	0.029821345431063847	0.03837137346687348
105.39999999999999	10.2	1.9903874373467254	0.09999999999964321	2.929806808246592	0.23628218233119477	0.037115118409159854	0.049999999999821604	1.9000000000000001	0.09999999999999999	3.01129104193981	0.2428536984149263	0.03814736974187218	0.049999999999999996
0.0	11.9	1.9847463840114092	0.07247430199377937	4.361710154971264	0.29964648379751624	0.034112465086265344	0.036237150996889685	1.9000000000000001	0.07760237502323598	3.4696479582643174	0.23836242523455428	0.029055789840940666	0.03880118751161799
1.7	11.9	1.981492930395129	0.05825934309163991	5.756297201847108	0.39975727416304	0.03658321214597149	0.029129671545819955	1.9000000000000017	0.09999999999999958	3.0954363978931663	0.2149686114833962	0.033767190529431654	0.04999999999999979
3.4	11.9	1.9767140509832446	0.04477303475511652	7.312697667804107	0.5042002844089978	0.03546006240652738	0.02238651737755826	1.9000000000000015	0.09999999999998847	3.8034275709781604	0.26224101557750645	0.04119272240040629	0.04999999999999424
5.1	11.9	1.9765458226551664	0.04699702516267994	13.160299215890973	0.5918742383931205	0.043693786593298714	0.02349851258133997	1.900000000000001	0.09999999999999983	3.7521758903722433	0.16875119714219564	0.026507376061320188	0.04999999999999991
6.8	11.9	1.9801693100164555	0.03137668137038792	390.4467831047151	0.8225239512758254	0.04053922460295906	0.01568834068519396	1.9599999999999997	0.04258305573373563	128.65994995586436	0.2710379365073825	0.01812953988740784	0.021291527866867815
8.5	11.9	1.9776029558816248	0.027987139823237032	616.0758873882972	0.804668558214649	0.03537491675189876	0.013993569911618516	1.9599999999999997	0.040771877543693005	254.13035943475822	0.3319245471395183	0.021257880413277825	0.020385938771846503
10.2	11.9	1.977459693255736	0.027511715197853663	688.0378550224758	0.8021853433171534	0.03466668121091778	0.013755857598926832	1.9599999999999997	0.040233767184846274	281.3932602695889	0.3280772234387009	0.020734170064171345	0.020116883592423137
11.9	11.9	1.9772906735715325	0.027827224053435594	774.1489549134328	0.7914863414862888	0.03459658137519476	0.013913612026717797	1.9599999999999997	0.041199647813393296	281.2959759662045	0.28759571588803934	0.01861211781588598	0.020599823906696648
13.6	11.9	1.977218952921898	0.02772588764180844	863.3459787789989	0.8115166901686202	0.03534294966584234	0.01386294382090422	1.9599999999999997	0.03956508614830312	314.1108017721128	0.29525377365030614	0.01834963583779639	0.01978254307415156
15.299999999999999	11.9	1.9767859331816697	0.027678440675703006	822.4146048028689	0.7981167622545299	0.034699876465023045	0.013839220337851503	1.9599999999999997	0.04089845267977406	323.52631669402865	0.31396788782206103	0.020170282734550307	0.02044922633988703
17.0	11.9	1.9768100416506291	0.02794267448424086	690.2738232928057	0.7867893014812071	0.034533953064653754	0.01397133724212043	1.9599999999999997	0.038477215370477234	278.48233268046556	0.31742029410780387	0.019184840857085734	0.019238607685238617
18.7	11.9	1.9764187346996003	0.0273777489130777	633.2131285832472	0.7560917427964329	0.03251562516280115	0.01368887445653885	1.9599999999999997	0.03963461872001703	297.42348916691424	0.3551402112839227	0.02211028855424433	0.019817309360008514
20.4	11.9	1.976017412757897	0.027118299635991442	625.0053357935591	0.7182546883879108	0.030595728722375603	0.013559149817995721	1.9599999999999997	0.04137658437460606	335.28141145839635	0.3853046236854081	0.025042560667814046	0.02068829218730303
22.099999999999998	11.9	1.9753994994105812	0.02731907098572984	635.4914487969664	0.7290724653240235	0.03128646532584874	0.01365953549286492	1.9589661608341857	0.041701825852160264	335.85537304998786	0.38531266673283854	0.025239935082391012	0.020850912926080132
23.8	11.9	1.9749685946973699	0.028041189243174062	603.5747842965204	0.7593050295660115	0.03344510640656101	0.014020594621587031	1.957916185825124	0.04250196601460067	283.1499660706972	0.3562063872656805	0.023781026639254577	0.021250983007300335
25.5	11.9	1.9749620926558622	0.027380586423913895	607.206571488371	0.7471709766600122	0.032135319052056195	0.013690293211956948	1.9582696738237797	0.04133503796272819	315.40237152036406	0.3881043273166679	0.025199197070917865	0.020667518981364093
27.2	11.9	1.9756349512194746	0.027473213529047563	510.36806179109027	0.7145212786476439	0.03083503923594825	0.013736606764523781	1.9599999999999997	0.040638306508946294	291.7969177404516	0.40851911077204606	0.026077614235221938	0.020319153254473147
28.9	11.9	1.975044824515072	0.027485013172731425	528.9944764766846	0.7220185341771139	0.031171964466343936	0.013742506586365713	1.9581820258170621	0.04233055427507143	280.30181796674367	0.38258075790031154	0.02543881959033196	0.021165277137535715
30.599999999999998	11.9	1.9749637204708743	0.027595812192888817	548.3662941444306	0.7204451792652304	0.031229425671680303	0.013797906096444408	1.9588160832234	0.041476925689496305	309.03708848644874	0.4060137958726974	0.026452530649014677	0.020738462844748153
32.3	11.9	1.9743820049860923	0.02753881526589777	604.8315351038406	0.7428379387064259	0.03213358688257148	0.013769407632948885	1.958032320586458	0.0419081605180281	313.2384778995843	0.38471113316953115	0.025325220204804003	0.02095408025901405
34.0	11.9	1.9743271906691289	0.028512044802544524	553.227262156162	0.7524069278276065	0.03369775958447444	0.014256022401272262	1.9574111334193414	0.04247638137041117	259.2893288826922	0.3526418539150716	0.02352887944142681	0.021238190685205584
35.699999999999996	11.9	1.9740203234548295	0.027146709151955137	598.9185050744717	0.7342646733602044	0.03131047823748029	0.013573354575977569	1.9570424462279556	0.04237075445644399	311.20118220272855	0.38152775788916876	0.025392894863632394	0.021185377228221995
37.4	11.9	1.9739166652523805	0.02714084543140264	595.112099816172	0.7359701022714743	0.03137642224588382	0.01357042271570132	1.957222814530861	0.042201706223606715	314.6485444905926	0.3891231946718	0.025795087521800746	0.021100853111803358
39.1	11.9	1.9729052313623616	0.028196589608916137	616.5587078776389	0.7920019887564997	0.03507863879778805	0.014098294804458069	1.954760075181901	0.04423417701822716	254.81179276107056	0.3273191085404767	0.022743075250053375	0.02211708850911358
40.8	11.9	1.9729678291510493	0.02689094759505263	598.1814667557873	0.7053652563370685	0.02979477070432392	0.013445473797526315	1.9566873840348364	0.04167435902714236	342.0903762420241	0.40338706452587536	0.026406495813720714	0.02083717951357118
42.5	11.9	1.9716970297981034	0.02757194477929372	585.7943317626693	0.720063604027848	0.031185889583667678	0.01378597238964686	1.9550132681948094	0.04264169772421398	329.9239100015005	0.40554540528891314	0.027164007994066354	0.02132084886210699
44.199999999999996	11.9	1.970437949144915	0.027351808582490606	631.2853572999292	0.71291833591321	0.030629909257023316	0.013675904291245303	1.953913765690595	0.04185889863882071	359.8455411675983	0.4063780054906423	0.026720087058585917	0.020929449319410355
45.9	11.9	1.9704015245388764	0.027131939290400538	605.4529863097414	0.6834577778623642	0.02912811656406859	0.013565969645200269	1.9548910824472436	0.04015653660377546	397.56361733400945	0.4487845507512589	0.02830831529537578	0.02007826830188773
47.6	11.9	1.9709318080169211	0.0274162468406426	625.2243971338739	0.7191599212971987	0.0309708664040626	0.0137081234203213	1.9545519887002374	0.04158326753187828	343.2496941912681	0.3948205223460333	0.02578922006574341	0.02079163376593914
49.3	11.9	1.9726640417359316	0.026836660572006853	527.1349431033777	0.6553687813139947	0.027627023691400972	0.013418330286003427	1.9571913576105782	0.04033558713162769	381.4741557936308	0.47427372413106644	0.03004950514305507	0.020167793565813844
51.0	11.9	1.9727848099671133	0.027174512449277256	596.6892351965232	0.7135802997076773	0.030459620608153035	0.013587256224638628	1.9567302459020335	0.04017049846700818	354.839312195898	0.42435212135412487	0.026776479431249913	0.02008524923350409
52.699999999999996	11.9	1.9740508428838361	0.02716123010043078	502.5830266338358	0.6761742041091928	0.02884881045633177	0.01358061505021539	1.9584069395846837	0.04116577212211872	332.2628808495294	0.44702581883479114	0.02890605003111844	0.02058288606105936
54.4	11.9	1.9744569058408743	0.027275490369318738	557.3111232865716	0.7247846950190034	0.031052849482353175	0.013637745184659369	1.9587212173843016	0.04077113446439703	302.8720891270306	0.3938860101215435	0.025225700142152988	0.020385567232198514
56.1	11.9	1.974338677719154	0.027318946639183442	612.4179795933206	0.7412509071039852	0.03180893031661562	0.013659473319591721	1.9578363291055527	0.04250597666102991	306.78630568155575	0.37132421801943766	0.0247926615381592	0.021252988330514956
57.8	11.9	1.9753470541215596	0.026787979993663807	533.487322705906	0.697474946866499	0.02934867205468051	0.013393989996831904	1.9599999999999997	0.04086685307528421	332.51008892214304	0.4347197144765051	0.027906181164261804	0.020433426537642106
59.5	11.9	1.9753033452618391	0.027338427552010585	515.7634382939073	0.7114074284580355	0.03055004146436176	0.013669213776005293	1.9596202486369434	0.04096340198781222	282.9305698367146	0.39025431850212927	0.025110977101496776	0.02048170099390611
61.199999999999996	11.9	1.9744797469738489	0.02768240974816984	564.1561310389782	0.7389355382181638	0.032131449939680326	0.01384120487408492	1.9576000036499133	0.04222717285762168	280.9940598407164	0.36804793109686307	0.02441272527323202	0.02111358642881084
62.9	11.9	1.974778940207495	0.026885796203444844	551.7044245393254	0.7140235384879584	0.030154720562410513	0.013442898101722422	1.9590619930819886	0.041435511986016825	316.67197723211353	0.409841276716342	0.026675236728178633	0.020717755993008413
64.6	11.9	1.9743468043668386	0.02752971489206868	602.7684430680997	0.7474205504685643	0.03232113665328	0.01376485744603434	1.9580269793689022	0.041402519716726614	300.07875709914515	0.3720915260151174	0.0241989448190948	0.020701259858363307
66.3	11.9	1.9749781623242364	0.027343667670822903	561.0862084895089	0.7453809107651453	0.032015103515147	0.013671833835411451	1.9585541359044634	0.04189235399498555	292.0684270284407	0.3880013923890149	0.025532181666394663	0.020946176997492776
68.0	11.9	1.97472536949809	0.027181551417670594	598.0032060063753	0.7399002610734648	0.03159128551022118	0.013590775708835297	1.9581496816832944	0.04233954562024456	297.78052614296445	0.3684393107307592	0.024503720559859287	0.02116977281012228
69.7	11.9	1.9750861989298722	0.02695086713547593	616.0654415568683	0.7273737863708095	0.030792876886941635	0.013475433567737964	1.958961223319039	0.041659558134467374	330.4341626226548	0.3901357417577559	0.025529968310042436	0.020829779067233687
71.39999999999999	11.9	1.9751457247862172	0.026802185187599605	625.5501489305885	0.7299868304880643	0.03073301060456712	0.013401092593799803	1.958758295479383	0.04159849620483213	338.3401301774007	0.39482660131622044	0.02579906184085076	0.020799248102416065
73.1	11.9	1.9748162565869123	0.027552361130005868	664.3660708853223	0.7620383237514247	0.03298036913434195	0.013776180565002934	1.9579820877283851	0.04141630066816246	304.75729846178257	0.34956141056594736	0.02274126741012843	0.02070815033408123
74.8	11.9	1.9752370202393508	0.027180794830340256	656.432827338034	0.746939885176529	0.03189096639910615	0.013590397415170128	1.959358651272482	0.04107863134706105	327.3598339208808	0.37249526010428213	0.02403568995578785	0.020539315673530525
76.5	11.9	1.9755929005009911	0.026785766959914577	681.6978702080366	0.7388413697297126	0.0310867390692623	0.013392883479957289	1.9599999999999769	0.039878522628583164	358.0594132710174	0.38807383579626287	0.024309347453673923	0.019939261314291582
78.2	11.9	1.9758074912903547	0.026688573841181677	784.7814885185908	0.7363990295261882	0.030871551166237406	0.013344286920590838	1.9599999999999997	0.039312212103655916	396.7806561713395	0.37231878480071573	0.02299123538659118	0.019656106051827958
79.89999999999999	11.9	1.9759317699794654	0.02669725034627529	839.0698523015088	0.7681748697903776	0.03221413738414304	0.013348625173137644	1.9599999999999997	0.039714177134433856	397.35778073798053	0.3637840885849245	0.022693900440793117	0.019857088567216928
81.6	11.9	1.976127592981237	0.02717036126039556	984.4896192654103	0.780882284665093	0.033327355977789366	0.01358518063019778	1.9599999999999997	0.03804266303373463	428.516185775034	0.3398925611970003	0.02031105337052671	0.019021331516867315
83.3	11.9	1.976560078195932	0.028049593025242705	649.2367605570636	0.8226236165161215	0.036244959169925935	0.014024796512621352	1.9599999999999997	0.03668676404796225	224.18229748324268	0.28405300426353325	0.016369245814932102	0.018343382023981124
85.0	11.9	1.9761877992658663	0.027714253107669777	583.1540302230828	0.8502451122207653	0.03701410051405015	0.013857126553834889	1.9599999999999997	0.032831416728969054	150.47270824416321	0.2193908951607154	0.011314310705078254	0.016415708364484527
86.7	11.9	1.9766415088018727	0.02802782694963242	526.7506345014755	0.8674126636167346	0.03818871653853078	0.01401391347481621	1.9599999999999997	0.03187037498383919	129.11619279636824	0.21261867262019576	0.010644087914157987	0.015935187491919595
88.39999999999999	11.9	1.9772815786839821	0.02842353389696152	412.426085342925	0.8623942163718714	0.038503817043615426	0.01421176694848076	1.9599999999999997	0.03296582458494848	91.67028288528225	0.19168506693195014	0.009925950412335266	0.01648291229247424
90.1	11.9	1.978429569497701	0.02962490293018907	252.5425252274081	0.8859449769948566	0.04122717371367925	0.014812451465094535	1.9599999999999997	0.03414919111573102	45.88327398508633	0.16096321234834282	0.008634295916765443	0.01707459555786551
91.8	11.9	1.9790267699176423	0.03072560843667981	130.27983528414646	0.8798421775253101	0.042464415034079835	0.015362804218339904	1.9599999999999997	0.04430320971231331	19.483153922695877	0.13157907772156602	0.00915676158214806	0.022151604856156654
93.5	11.9	1.9783062642733462	0.03429953907795571	56.07339738207213	0.8318466728421989	0.044817893977606806	0.017149769538977854	1.9000000000000001	0.09999999999999999	4.057480971358897	0.06019257265878733	0.009455027203275805	0.049999999999999996
95.2	11.9	1.9787454543079332	0.04633876108881533	14.018233036608066	0.6355274368814543	0.04625925134796604	0.023169380544407665	1.9000000000000001	0.09999999999999999	3.710147186943888	0.16820239227111025	0.02642116999375743	0.049999999999999996
96.89999999999999	11.9	1.976726523495235	0.06477898351257844	5.082418458697155	0.30438658628210014	0.030972732092325272	0.03238949175628922	1.9000000000000001	0.09999999999999999	2.7410999624124925	0.16416477057078313	0.025786941860171306	0.049999999999999996
98.6	11.9	1.981635460271474	0.07441972599852442	4.353174208989163	0.33668464055498193	0.03935783930309068	0.03720986299926221	1.9000000000001707	0.09999999999948062	3.6351867386606327	0.28115381597383693	0.04416353813937776	0.04999999999974031
100.3	11.9	1.981997175185728	0.08647222584708157	3.218060598593296	0.22723734038905483	0.03086570582929812	0.043236112923540786	1.900000000000047	0.0999999999963127	2.807305772647881	0.19823265531861015	0.031138312681379003	0.04999999999815635
102.0	11.9	1.9801573952899165	0.09999999999805313	2.8259151982502337	0.19538184521408866	0.030690508477872448	0.049999999999026566	1.9000000000000001	0.09999999999999999	2.545923475125903	0.17602340885953113	0.027649692406646775	0.049999999999999996
103.7	11.9	1.9962539428609072	0.09999999999999999	2.2827475638500303	0.15808970388931087	0.02483267261734224	0.049999999999999996	1.9000000000000001	0.09999999999999999	2.735741487497875	0.1894614054244394	0.029760527971010812	0.049999999999999996
105.39999999999999	11.9	1.994249921728599	0.09623773761402152	2.846543468084497	0.1969531015441653	0.029773377660238576	0.04811886880701076	1.9000000000000001	0.09999999999999999	3.822976723815865	0.2645127788592533	0.04154957014224259	0.049999999999999996
0.0	13.6	1.9865661884769203	0.06704016334219104	3.52201662978458	0.26052812519063745	0.027435289989595903	0.03352008167109552	1.9000000000000001	0.09999999999999014	4.044768950195128	0.2991967904160897	0.04699772193743699	0.04999999999999507
1.7	13.6	1.9805239934506296	0.05553365664214301	5.325888022779143	0.3638700601411763	0.03174113632551231	0.027766828321071507	1.9000000000000983	0.09999999999990734	3.284868031404599	0.22442550857824986	0.03525267645134648	0.04999999999995367
3.4	13.6	1.9767550967772312	0.05981731888657434	6.429188944426749	0.3895347019685995	0.03660100187964091	0.02990865944328717	1.9000000000000277	0.0999999999999983	3.435348331783285	0.2081424889121602	0.03269494570331632	0.04999999999999915
5.1	13.6	1.9760451431204529	0.041630106371123056	8.623051222947609	0.4661614853751575	0.0304834267872588	0.020815053185561528	1.9000000000000001	0.09999999999999999	3.242770444555597	0.1753039206286855	0.02753667545962833	0.049999999999999996
6.8	13.6	1.9760240557612552	0.039038591136812524	25.674911730631518	0.7021007723774242	0.043053995774822856	0.019519295568406262	1.9000000000000001	0.09999999999999905	3.626961886076377	0.0991821420191916	0.015579494436739443	0.049999999999999524
8.5	13.6	1.9778549872651738	0.027798466500887617	592.6160971087878	0.7817867890645417	0.03413729012189544	0.013899233250443808	1.9599999999999997	0.0419614652895041	256.1867583201066	0.3379648716345338	0.022276250040779228	0.02098073264475205
10.2	13.6	1.9774556078512566	0.02764200016729384	615.2098007486679	0.7823177769386462	0.03396820058006135	0.01382100008364692	1.9599999999999997	0.041918303107663445	263.12601294414077	0.3345983065462979	0.022031664490967422	0.020959151553831722
11.9	13.6	1.9772277901617743	0.027626815667178818	714.7989095083838	0.8013321157538666	0.03477468908606242	0.013813407833589409	1.9599999999999997	0.04026492554191594	291.2225096450985	0.3264777641722473	0.02064906469461102	0.02013246277095797
13.6	13.6	1.977136976465199	0.0274025907797782	787.3997666407554	0.7947859789655387	0.034210679410885236	0.0137012953898891	1.9599999999999997	0.03940962023835423	323.05035119557544	0.32608072863105036	0.020185860132185134	0.019704810119177116
15.299999999999999	13.6	1.976822881004225	0.027616717393714345	822.3569635105672	0.7997488294856304	0.03469329475539112	0.013808358696857172	1.9599999999999997	0.0394461671932844	332.21891748139427	0.3230855968611424	0.020018995677954052	0.0197230835966422
17.0	13.6	1.9763744995070522	0.02730116022716898	756.4854910670022	0.7670693533241133	0.032895433395934114	0.01365058011358449	1.9599999999999997	0.04088825986721105	333.8721447169295	0.33854329417438456	0.02174366362675796	0.020444129933605525
18.7	13.6	1.976157160432059	0.02713593875632841	707.7941239403731	0.7652049518586351	0.0326168862654894	0.013567969378164206	1.959344273567448	0.04165644328346947	337.05979920335545	0.36439950361132534	0.023844039901960476	0.020828221641734736
20.4	13.6	1.9763742196009084	0.027916081298906978	529.4063839616601	0.7524679996002335	0.032996081434205404	0.013958040649453489	1.9599999999999997	0.04000795146625946	254.31651972737728	0.3614709770451344	0.022716406140356252	0.02000397573312973
22.099999999999998	13.6	1.9749539735907946	0.02749919634021122	655.6268030968848	0.7579232680397394	0.03273897805769861	0.01374959817010561	1.9583451899893711	0.04237534056291297	310.66187469396806	0.35913398020216336	0.023905045647866035	0.021187670281456485
23.8	13.6	1.9749634596784222	0.02713861222249597	595.7073504223914	0.7220244852834522	0.0307793495768789	0.013569306111247985	1.9585929521853493	0.04260556453926123	338.02901163496307	0.4097065832133039	0.027419475534567174	0.021302782269630616
25.5	13.6	1.974024442833572	0.028633371290010073	622.6381204916456	0.7854322895348911	0.03532654081065809	0.014316685645005036	1.9555024900693248	0.044351401411594354	256.4682535120664	0.3235241160466339	0.02253896055372687	0.022175700705797177
27.2	13.6	1.974479643108484	0.028160393185968295	584.352226880059	0.7611366109341082	0.03366830117831154	0.014080196592984148	1.957097431796382	0.04366419171207958	273.93263327136685	0.35680561572535896	0.024472423705971646	0.02183209585603979
28.9	13.6	1.97448827536402	0.028353820274749576	582.1615139635702	0.7458918846399683	0.03322058999648009	0.014176910137374788	1.9573428470301943	0.042934555841466014	282.5650414196098	0.36203521913170017	0.024416177453270228	0.021467277920733007
30.599999999999998	13.6	1.9741170455176613	0.027675587802643193	605.7000296499806	0.7590874453637262	0.032999589638755183	0.013837793901321596	1.9572408932350085	0.04253897662732517	304.14089026566745	0.3811614992917019	0.025469237390012937	0.021269488313662585
32.3	13.6	1.973801477404961	0.02790225334844044	617.1343601787045	0.7556399762861592	0.0331187609522943	0.01395112667422022	1.956716230871335	0.042606390786464755	292.50493151675795	0.35815283312195434	0.023969722951775775	0.021303195393232378
34.0	13.6	1.9738606629337994	0.027711505596095445	544.6085871666796	0.7261263460871501	0.03160764898682414	0.013855752798047722	1.956419782484177	0.04367327900256924	281.52063413946934	0.3753513151148071	0.02574978569708186	0.02183663950128462
35.699999999999996	13.6	1.9737615400405146	0.027561296057844326	523.4935147713168	0.7307329215005595	0.03163575380920108	0.013780648028922163	1.9566702610817828	0.04305117025365624	283.087458423959	0.3951554693560495	0.02672223849511248	0.02152558512682812
37.4	13.6	1.9738861880143628	0.02748964621720399	519.7585216962422	0.7155571783672576	0.03089821355743101	0.013744823108601995	1.9573223767454975	0.04274265979360965	303.29773832839953	0.417553276731604	0.028034532428472744	0.021371329896804826
39.1	13.6	1.9732996312358444	0.02737697872653757	529.9279729665857	0.7114637386967398	0.03059554302965818	0.013688489363268785	1.9568207348164222	0.04262575336890852	302.3112984844289	0.4058731330334205	0.027175794435991003	0.02131287668445426
40.8	13.6	1.9727856044592613	0.027930812610305732	559.673684053788	0.7470002814205586	0.03277360488287867	0.013965406305152866	1.9556019393174953	0.04209677001853913	280.0788425056479	0.37382314039899744	0.024719224020422554	0.021048385009269564
42.5	13.6	1.9705824996883243	0.028039900868886435	581.9175124397545	0.7271341010723998	0.03202660205892028	0.014019950434443217	1.9536183620824201	0.043078478556802816	314.10232933399686	0.3924860654690611	0.026558557068174792	0.021539239278401408
44.199999999999996	13.6	1.9686224806420152	0.02824180103547992	524.6813197991321	0.619931323317584	0.027501466100691506	0.01412090051773996	1.952048046341221	0.04183431948523533	419.1068785342755	0.49519102742350984	0.032540584736183355	0.020917159742617666
45.9	13.6	1.9671227368550226	0.02883106660875928	518.912773704071	0.6641914342156208	0.030079724683419313	0.01441553330437964	1.9502618718010998	0.04335097711344404	377.6655510791586	0.48339959379791847	0.03291736392265539	0.02167548855672202
47.6	13.6	1.9704717231894076	0.027493358947383143	557.9795432253396	0.7051454248074654	0.030452739791975478	0.013746679473691572	1.9544982684177243	0.04091906791120095	337.0471034937068	0.42594253832207957	0.027377678809835902	0.020459533955600476
49.3	13.6	1.9729488466306677	0.026874770613126958	481.17513851707685	0.6339125940870209	0.02676048764791473	0.013437385306563479	1.9570643694647325	0.04002760220890738	408.06831914035376	0.5375997761401621	0.033801699100403045	0.02001380110445369
51.0	13.6	1.972829966176331	0.028552865331528086	478.8210690370447	0.6967133704241246	0.031248107432184577	0.014276432665764043	1.9560391378500463	0.04183482230534797	303.66880511987034	0.44185632251567253	0.029036139842456135	0.020917411152673985
52.699999999999996	13.6	1.9743537656867423	0.027438621179553535	478.10549371663575	0.6626887932662942	0.028562208633178265	0.013719310589776768	1.9586100624003748	0.040544996077405006	324.03389061986496	0.44913440814702144	0.028604441154608286	0.020272498038702503
54.4	13.6	1.9740729179948096	0.02806400245089822	528.1801163654849	0.7333488776201007	0.032328095343873105	0.01403200122544911	1.95749619697909	0.041957158809945244	278.72367757839	0.3869924099467979	0.025505180183134503	0.020978579404972622
56.1	13.6	1.974316147334198	0.02817581399997822	520.858552777718	0.7475814818120159	0.033086808948813745	0.01408790699998911	1.9569844875277063	0.043326805590985194	259.3176313476922	0.3721952112892002	0.025330708000868906	0.021663402795492597
57.8	13.6	1.9742463944450745	0.027980828684481474	562.5420472718407	0.7302016264708282	0.032093955453857376	0.013990414342240737	1.9572396333407096	0.04280160226762188	288.18759130938685	0.3740787891738424	0.02515028945995036	0.02140080113381094
59.5	13.6	1.9739279045817897	0.02786922207544392	605.3905594738418	0.7415732104988497	0.03246375526749944	0.01393461103772196	1.9566696274988664	0.04252400726630836	287.20325282672553	0.3518096457426347	0.02349967214539973	0.02126200363315418
61.199999999999996	13.6	1.974935900413506	0.02675444545372457	532.2160777822793	0.6765094171566373	0.028430839075160877	0.013377222726862285	1.9595763700137652	0.040613945186649174	365.69431935753914	0.4648406186392351	0.029655081769972627	0.020306972593324587
62.9	13.6	1.975178779209061	0.027246568312168006	496.88052622500487	0.6715530590284581	0.02874167139046912	0.013623284156084003	1.9596178418353107	0.04214771701064277	323.236724253845	0.436866811046466	0.02892297651210376	0.021073858505321386
64.6	13.6	1.974226564684242	0.027775256242559818	573.3970393219837	0.7370245392429307	0.03215584297420642	0.013887628121279909	1.9573473594105202	0.04267183580402262	301.9192976752609	0.3880765263817557	0.02601228948886008	0.02133591790201131
66.3	13.6	1.9747353858493764	0.02644642648455947	614.4656283545423	0.7053967057512444	0.0293035543833679	0.013223213242279735	1.9589308627334523	0.04097997248581873	379.33056257122274	0.4354654139810012	0.028031427011920174	0.020489986242909364
68.0	13.6	1.9746781649503906	0.026896889261385115	641.3728534866034	0.6902699523499559	0.02916358441047344	0.013448444630692558	1.958835753450221	0.041034451659046706	377.3878584756672	0.4061592218494041	0.026179709896337035	0.020517225829523353
69.7	13.6	1.974179028860387	0.02741058373912536	706.6539606810159	0.7426337118783465	0.031975167015682066	0.01370529186956268	1.9576072928044417	0.04166908786071352	338.8658005668982	0.35611937568580265	0.023309313028666172	0.02083454393035676
71.39999999999999	13.6	1.9749679376691307	0.02636122677992392	682.3302400236546	0.7033389716732626	0.029123943270696822	0.01318061338996196	1.9596876796190565	0.040603905037728094	409.12066573045456	0.4217173612518815	0.026897329351476238	0.020301952518864047
73.1	13.6	1.9743334890549216	0.02751319197236349	733.825901031888	0.7720279493238547	0.03336521122927501	0.013756595986181746	1.9575037034088194	0.04119116103034595	327.76703655448125	0.3448301739299294	0.02231152068941494	0.020595580515172976
74.8	13.6	1.9751790364362045	0.026451806020763212	725.6425586956951	0.728094678830166	0.030252624949960148	0.013225903010381606	1.959825537343684	0.040013733705197424	378.14513209503326	0.3794229751336624	0.02384803386198633	0.020006866852598712
76.5	13.6	1.9753762209068215	0.026390817379921536	790.5627224205041	0.7272703184201792	0.030148699415798598	0.013195408689960768	1.9599999999999664	0.039089176908350655	409.89417395586497	0.3770780710463292	0.023153021736307237	0.019544588454175327
78.2	13.6	1.9750284007535532	0.027017816530286676	876.8705060384365	0.7701794101125241	0.032686019035252055	0.013508908265143338	1.9591287341632577	0.039629368132284674	376.67029265451987	0.3308398467114751	0.020594669922673184	0.019814684066142337
79.89999999999999	13.6	1.9754838926819083	0.026203025673142585	939.2842741879624	0.7600869173930366	0.03128488601005908	0.013101512836571292	1.9599999999999997	0.03878532619835078	456.0837998497577	0.36907179117887945	0.022485273679525738	0.01939266309917539
81.6	13.6	1.9752020347973254	0.026035584978266187	1019.1110406889204	0.7353133777953571	0.030071818005352698	0.013017792489133094	1.9599999999999995	0.03883495938887499	534.2854535546187	0.38549993658649045	0.023516194487761096	0.019417479694437495
83.3	13.6	1.9757954445783605	0.027224019335072864	589.121481139428	0.8460021562505737	0.03617791978660164	0.013612009667536432	1.9599999999999997	0.03260359008736773	165.16790450681492	0.23718775809345108	0.012147238861056798	0.016301795043683866
85.0	13.6	1.9757146255828384	0.027388465135046544	601.3846179669526	0.8691123250462935	0.037390690088754466	0.013694232567523272	1.9599999999999997	0.03160257728709767	157.9616463969938	0.22828387967810632	0.011332288540294225	0.015801288643548836
86.7	13.6	1.9760462127538958	0.0284163406884831	434.5555435072502	0.8478884151429904	0.037846587737789435	0.01420817034424155	1.9599999999999997	0.03243364356234949	113.01881476701078	0.22051805612863198	0.0112346558212279	0.016216821781174746
88.39999999999999	13.6	1.97670745921016	0.028196508693813162	313.99965385730377	0.8431052938484662	0.03734195320291116	0.014098254346906581	1.9599999999999997	0.03254709531833931	80.82587421667138	0.21702164825625592	0.011095200900956432	0.016273547659169656
90.1	13.6	1.977268350922312	0.030223598498298553	182.93163251131597	0.857207926688097	0.040696047044578555	0.015111799249149276	1.9599999999999997	0.0375045812834679	39.102864122388176	0.18323394714058144	0.01079468901643958	0.01875229064173395
91.8	13.6	1.9784350422786845	0.030428964221047575	92.83334718636914	0.8576314215498984	0.04099281388030756	0.015214482110523788	1.9599999999999997	0.043672110855070674	19.060885053191694	0.17609204493456299	0.012079912753067886	0.021836055427535337
93.5	13.6	1.97767980115546	0.035000673333601844	43.52695137472287	0.8198387156605695	0.04507385462810755	0.017500336666800922	1.9000000000000001	0.09999999999999999	3.425059204104661	0.06451166576727557	0.010133468762265655	0.049999999999999996
95.2	13.6	1.9771456592355288	0.04790852593005936	12.963097319327778	0.552378663184705	0.0415690002997833	0.02395426296502968	1.9000000000000001	0.09999999999999999	2.9900247173393577	0.1274098169262828	0.02001348724254153	0.049999999999999996
96.89999999999999	13.6	1.976299304744562	0.06012698445637678	5.840202632737155	0.3249784396092909	0.030693318736200233	0.03006349222818839	1.9000000000004569	0.09999999999995929	3.6710456587158014	0.20427556455259308	0.03208753064530363	0.049999999999979644
98.6	13.6	1.97827947292516	0.06977545316449832	5.383053594320018	0.37314361193382634	0.040897668825603514	0.03488772658224916	1.9000000000000001	0.06454429166668882	3.521404776668329	0.24409745777629235	0.024748049296705397	0.03227214583334441
100.3	13.6	1.9849884728580056	0.08009557706448006	3.6488557033078797	0.2706824785015716	0.034055601566061466	0.04004778853224003	1.9000000000000035	0.0999999999996983	3.730910516868191	0.2767695375999498	0.04347485730294116	0.04999999999984915
102.0	13.6	1.9880368379891922	0.0999999999999981	3.7231499972520528	0.2514327900670391	0.039494970307308995	0.04999999999999905	1.9000000000000006	0.09999999999999999	3.355123927289255	0.22657915224518124	0.035590970007503234	0.049999999999999996
103.7	13.6	1.9863627944241458	0.09431124133411813	2.323250296576147	0.17560306924437188	0.026014497446295727	0.04715562066705906	1.9000000000000001	0.09999999999999999	3.2406351450856814	0.24494368024697005	0.03847566332035642	0.049999999999999996
105.39999999999999	13.6	1.9861984166299063	0.0760474110792555	2.5749686541646497	0.18862844120916344	0.022532609310145436	0.03802370553962775	1.9000000000000001	0.07468537727227281	2.815293272283235	0.2062333382732803	0.02419437055462173	0.037342688636136406
0.0	15.299999999999999	1.9819714601030374	0.0673873593591436	3.3761110163110875	0.2728787727924355	0.028884713799037436	0.0336936796795718	1.9000000000000001	0.0606460778282981	2.178452251057144	0.17607637129922415	0.016773499317849393	0.03032303891414905
1.7	15.299999999999999	1.9816238893912008	0.06228154532113034	3.90346022121252	0.30614852180145624	0.029951006649798217	0.03114077266056517	1.9000000000000001	0.09999999999999996	2.7305747101701843	0.21415907011020333	0.0336400280678918	0.04999999999999998
3.4	15.299999999999999	1.979807004900849	0.057134616247335526	5.863209573438124	0.3876944411677543	0.034794353048392415	0.028567308123667763	1.9000000000000326	0.09999999999997625	3.343547196132069	0.2210861893108679	0.034728137407450996	0.04999999999998812
5.1	15.299999999999999	1.9763005261425668	0.041640189476269296	7.676780796151509	0.4602462796140142	0.030103906791336565	0.020820094738134648	1.9000000000000075	0.0999999999999999	2.821647575394222	0.1691663255004141	0.026572584271344003	0.04999999999999995
6.8	15.299999999999999	1.9758879057393455	0.04024329077638618	13.023728195973272	0.6385778324656093	0.04036706761352324	0.02012164538819309	1.9000000000000001	0.09999999999999999	3.1089505095824674	0.15243767742833028	0.02394485437695665	0.049999999999999996
8.5	15.299999999999999	1.9800424575167141	0.03351992561719839	135.75349309389478	0.8153684261493609	0.04293157420086829	0.016759962808599194	1.9599999999999997	0.047685228146625125	32.65071883837349	0.1961081414934668	0.014689241324925602	0.023842614073312562
10.2	15.299999999999999	1.9775093078442572	0.027856457158593452	584.2145039663407	0.7622903498340812	0.033355402069261325	0.013928228579296726	1.959999999999951	0.04167768801541432	256.0342961843114	0.3340767336017839	0.021871054718395455	0.02083884400770716
11.9	15.299999999999999	1.9772484365668737	0.02747014428166526	614.2257792106359	0.7792495681991256	0.03362462021914008	0.01373507214083263	1.9599999999999997	0.043440678602759804	263.80876022195224	0.33468615197866197	0.02283779768075555	0.021720339301379902
13.6	15.299999999999999	1.9769923092583777	0.027461061157676134	710.2348120825327	0.7726350420446467	0.033328179649910236	0.013730530578838067	1.9599999999999997	0.041624047980770684	289.5401872131678	0.3149787801376663	0.02059422661130416	0.020812023990385342
15.299999999999999	15.299999999999999	1.97679011330767	0.027911019873739742	807.4286788011009	0.7995779883559799	0.035055519938709735	0.013955509936869871	1.9599999999999997	0.03955522592709304	315.864218899063	0.3127930470787253	0.01943483407624818	0.01977761296354652
17.0	15.299999999999999	1.97650244795273	0.027328484228045406	770.0416221217303	0.7830654866180038	0.033615030084567586	0.013664242114022703	1.9599999999999997	0.04032240816019543	335.7600460393098	0.3414388213382732	0.021626151296772048	0.020161204080097715
18.7	15.299999999999999	1.9760475123338685	0.027044369527068592	762.9073383119079	0.7519843796585016	0.03194519605703591	0.013522184763534296	1.959997676366969	0.040447654896756724	370.53133751790375	0.3652262391445484	0.02320465923516657	0.020223827448378362
20.4	15.299999999999999	1.9759046326332776	0.027198520948676207	689.7587735944956	0.7337222328963151	0.03134706207399621	0.013599260474338104	1.9597912376258921	0.04083665731979692	359.51041729844553	0.38242469139620744	0.024531041527498864	0.02041832865989846
22.099999999999998	15.299999999999999	1.9759601608481143	0.027184612694228356	511.3145774109022	0.7014121162659082	0.02995134230408136	0.013592306347114178	1.9599999999999995	0.041076214266590305	291.3814202897307	0.39971177759272764	0.025790349803647816	0.020538107133295153
23.8	15.299999999999999	1.9755432058923263	0.027278043218641353	547.9487627449184	0.7077773127139417	0.03032701930319106	0.013639021609320677	1.9595728850345389	0.04128203813988379	312.15223653697933	0.4032024272251883	0.026145933100540242	0.020641019069941896
25.5	15.299999999999999	1.9748179017911855	0.027475251369370096	602.6445238552678	0.7296627059914547	0.03149080052511246	0.013737625684685048	1.957901234614128	0.04220658251530133	312.63230888197756	0.37852519594779366	0.025095442539391534	0.021103291257650664
27.2	15.299999999999999	1.974818882414215	0.027208759453207575	560.8373567192848	0.7094172807343084	0.030320082694986306	0.013604379726603787	1.958141749185018	0.04295603317180699	318.52097119552496	0.40290518906264994	0.027186099800361296	0.021478016585903495
28.9	15.299999999999999	1.9743324621232012	0.028117404482440513	551.2275248975474	0.7481088160409517	0.03304150937580003	0.014058702241220257	1.956772116822845	0.04389433779512086	277.98960311168787	0.37727882491759107	0.026013022062275973	0.02194716889756043
30.599999999999998	15.299999999999999	1.9738208454177484	0.028020332150616112	601.9358296634985	0.7556447329654015	0.033259124715543285	0.014010166075308056	1.9564743548501107	0.04289087261635283	294.1762765093436	0.3692964315347832	0.024880543913559802	0.021445436308176417
32.3	15.299999999999999	1.9738257029691508	0.028245549941718174	594.3515189156492	0.7601948093265999	0.03372832793492235	0.014122774970859087	1.9561139083011456	0.04280132424415862	279.0643310713658	0.35693230217648286	0.023997330685872377	0.02140066212207931
34.0	15.299999999999999	1.9742919123269835	0.027024178169323215	553.7813644537354	0.704355985182303	0.02989954516713506	0.013512089084661607	1.9578870976605771	0.042153160695290036	330.44182683631544	0.42028983535103687	0.027829083759465446	0.021076580347645018
35.699999999999996	15.299999999999999	1.9737706182143033	0.027451963452254445	585.8179653429611	0.7180520975423748	0.030963442849472684	0.013725981726127223	1.956778262480158	0.042735560041696576	319.8246856380904	0.3920173158803943	0.026315675804235262	0.021367780020848288
37.4	15.299999999999999	1.9735303230697812	0.02759014963441285	569.140980285269	0.7290253530193184	0.03159486941833462	0.013795074817206425	1.95670985512537	0.04315834347494249	312.5289469534834	0.4003252863065995	0.02713923908437615	0.021579171737471245
39.1	15.299999999999999	1.9727143448556312	0.028468633771143878	606.5706666899816	0.7705560334992855	0.03445805246710166	0.014234316885571939	1.9545009806695965	0.0443212492231635	277.5307191347851	0.35256068559610143	0.024545153466537108	0.02216062461158175
40.8	15.299999999999999	1.9722155291220407	0.028380716091509554	623.033014286323	0.7796684781734268	0.034757873828277816	0.014190358045754777	1.954418560505969	0.04326062563454603	272.8543986520309	0.3414521684756	0.023202914948104867	0.021630312817273015
42.5	15.299999999999999	1.9716543288129187	0.02794703338523698	542.142903409068	0.7382418695211207	0.03240815172478478	0.01397351669261849	1.9548145888157544	0.04372867311680824	284.5686051024345	0.38750015487950573	0.026616935792648587	0.02186433655840412
44.199999999999996	15.299999999999999	1.9693300477219995	0.028986423445076497	518.4412368774754	0.7019769839838487	0.03196225280716665	0.014493211722538249	1.9518306411643693	0.04242583843613438	323.5492116939346	0.43809034397650903	0.029195370550392258	0.02121291921806719
45.9	15.299999999999999	1.974365691181334	0.028704680920283585	521.8257469465022	0.6039018890294405	0.027229457494351204	0.014352340460141793	1.957660572652397	0.042800345820221415	451.07730179192885	0.5220256689986132	0.03509611251482213	0.021400172910110708
47.6	15.299999999999999	1.9754558310361863	0.027702975876102577	414.7202076698873	0.609760609014653	0.02653417970181592	0.013851487938051289	1.9596520870108367	0.04124529221663533	357.552429519727	0.5257071711156167	0.034059491762886515	0.020622646108317665
49.3	15.299999999999999	1.9747738636116445	0.02867883556005825	467.42428393168467	0.6526333851072009	0.029400226547922247	0.014339417780029125	1.9580083646581403	0.04291896789844292	345.52702176808833	0.48243635945854024	0.03252439136101384	0.02145948394922146
51.0	15.299999999999999	1.9757443336428733	0.028397748212517608	423.6152859610557	0.6172007766894211	0.027531523546328707	0.014198874106258804	1.9593741789560533	0.04216410868048175	342.05472058247864	0.49836832194293695	0.033007545479090704	0.021082054340240877
52.699999999999996	15.299999999999999	1.9762533239108826	0.028618600103494474	443.9097238415607	0.6645867651887951	0.029875828072822266	0.014309300051747237	1.9588511502716786	0.04217564889654212	333.12573854251735	0.4987296855387613	0.03304051967053982	0.02108782444827106
54.4	15.299999999999999	1.974773510927773	0.028044161017870134	571.5511752932712	0.7098840172111104	0.031271572996614413	0.014022080508935067	1.9574138557529444	0.04321793532168235	308.9384267795055	0.38371096229586876	0.026048822657597715	0.021608967660841177
56.1	15.299999999999999	1.9746001974515583	0.028190335536938282	577.1789118154932	0.7227338142223569	0.03200357514980785	0.014095167768469141	1.9579703120131224	0.04274345442041654	307.5448216273984	0.3851025001588383	0.025856267551211835	0.02137172721020827
57.8	15.299999999999999	1.9748146422594581	0.027320259276883575	589.0309344916932	0.7143233557226577	0.030654874593823305	0.013660129638441787	1.958246204158389	0.04200073757760592	326.79384161624364	0.39630596612766844	0.026146129300798644	0.02100036878880296
59.5	15.299999999999999	1.9749742738454432	0.026807343237793605	575.7171644219133	0.694921220839424	0.02926235171896721	0.013403671618896803	1.9585452446675558	0.042317591220044484	352.50067201675955	0.4254870489931846	0.028283109935077985	0.021158795610022242
61.199999999999996	15.299999999999999	1.9742457458768607	0.027464397447249007	638.4605501880926	0.734495371743106	0.031686846196586675	0.013732198723624503	1.9571770503963717	0.042629372097045745	319.0981509651113	0.3670956881307845	0.024581483899486205	0.021314686048522873
62.9	15.299999999999999	1.974232285589913	0.027347752343535044	628.1520482990283	0.7398792312560266	0.031783546252835936	0.013673876171767522	1.9578402329780586	0.04215871609122868	330.5917204529154	0.3893929004142494	0.025786671179646812	0.02107935804561434
64.6	15.299999999999999	1.9738318444410845	0.0278452760799982	706.860504383149	0.7523906063465492	0.03290900638508628	0.0139226380399991	1.956600196576034	0.04160448352860235	322.0714736296594	0.34281665169935177	0.022403812068094334	0.020802241764301174
66.3	15.299999999999999	1.9741507601912016	0.027401879761987814	667.2378506474213	0.7539020268213448	0.03245003310916547	0.013700939880993907	1.9575408197376367	0.04228782196315028	331.1803885825459	0.3741957473689474	0.024856160350246466	0.02114391098157514
68.0	15.299999999999999	1.9744251812718339	0.02691568764555481	677.3337268575717	0.7289117998701353	0.030817708117202032	0.013457843822777406	1.958121723731822	0.04127957712413745	349.43072169488755	0.3760394118601147	0.02438307538873003	0.020639788562068724
69.7	15.299999999999999	1.974244325627391	0.027247055511985925	715.6496484684789	0.757535968636654	0.03242221728836147	0.013623527755992963	1.9577812901122673	0.040778529070071394	341.56469823955257	0.36155616800303997	0.023159394896806032	0.020389264535035697
71.39999999999999	15.299999999999999	1.9747502117676352	0.026534370385254993	688.0650913292603	0.7143840659655856	0.029775593260572386	0.013267185192627496	1.9592270877711535	0.03982649832544247	382.6916070041072	0.3973298306623045	0.02485668294069848	0.019913249162721237
73.1	15.299999999999999	1.9749140039810682	0.026378585319077875	703.8757405978436	0.7107792009399809	0.029451409787812077	0.013189292659538937	1.959727172537411	0.0403642549368326	403.9059271727152	0.40786734875519903	0.025860430919916595	0.0201821274684163
74.8	15.299999999999999	1.9748064433964438	0.0267835972275801	763.8652953630645	0.7439542569259601	0.03129932816749447	0.01339179861379005	1.9591157457775998	0.039599683052564706	380.34803495224804	0.3704338205097502	0.023042108525129033	0.019799841526282353
76.5	15.299999999999999	1.9748855466336566	0.02660266756819607	816.9520452845375	0.7384182208055905	0.030856557252902334	0.013301333784098035	1.9593838746022265	0.03931547541524074	411.7111086426772	0.3721332066975082	0.022981683218382586	0.01965773770762037
78.2	15.299999999999999	1.9752925113982187	0.026007220568239037	850.9399703847404	0.7325712322896497	0.029927034074434897	0.013003610284119518	1.9599999999999997	0.03920287821275244	439.5879732764928	0.3784397425088269	0.023304219850515003	0.01960143910637622
79.89999999999999	15.299999999999999	1.9752914379982842	0.025916353342942094	1004.053763182003	0.7494534757438325	0.03050973584945212	0.012958176671471047	1.9599999999999997	0.03821334643602796	503.0712230945161	0.37550626323039116	0.02253990772601388	0.01910667321801398
81.6	15.299999999999999	1.9752357321791825	0.026737103066941565	569.0757706437114	0.7953424433111955	0.03340322403314574	0.013368551533470783	1.9599999999999997	0.03445236816644419	199.7577539036351	0.27918219023867574	0.015108684997084013	0.017226184083222094
83.3	15.299999999999999	1.9754565724649291	0.026793235282880433	607.0003069094441	0.859781759120741	0.03618539034434791	0.013396617641440216	1.9599999999999997	0.031930902861471495	174.67824942922616	0.24742190549962462	0.012409926887641554	0.015965451430735748
85.0	15.299999999999999	1.975539672832505	0.027107093197167382	510.35774053732325	0.8366474294548544	0.03562421531310602	0.013553546598583691	1.9599999999999997	0.031934406191785614	153.85010120133308	0.2522118926930455	0.012651565938181829	0.015967203095892807
86.7	15.299999999999999	1.9758088158889615	0.027158024058785445	377.86085944301925	0.8370542278078945	0.03570850269505781	0.013579012029392722	1.9599999999999997	0.03322956988849989	118.22120940906298	0.2618888955534735	0.013669784910154248	0.016614784944249946
88.39999999999999	15.299999999999999	1.9759707802082782	0.02792749859814056	249.18366759754034	0.8248615881100129	0.03618536816714092	0.01396374929907028	1.9599999999999997	0.03333253758448951	68.25049099675196	0.22592655825178432	0.01182920452856083	0.016666268792244754
90.1	15.299999999999999	1.9772571065448779	0.029558866237162456	126.11280195153188	0.7921221253645057	0.036778989537301056	0.014779433118581228	1.9599999999999997	0.039389106385204806	34.324762326031	0.21559590513877186	0.01333940667934877	0.019694553192602403
91.8	15.299999999999999	1.9766621741181516	0.03595696074080952	66.78446630962837	0.8310055912042792	0.04693607819813778	0.01797848037040476	1.9003570458088286	0.09999999999999999	3.6600521008393336	0.045542383251147664	0.007153780832438817	0.049999999999999996
93.5	15.299999999999999	1.9774405765774086	0.036265599960578626	34.60460862329589	0.8185183194077469	0.04662760916402551	0.018132799980289313	1.900000000000007	0.09999999999999999	3.306638879223685	0.07821341162311066	0.012285733968367948	0.049999999999999996
95.2	15.299999999999999	1.9760662609365898	0.04493543900857279	10.66283824051331	0.5294784492938541	0.03737293058950122	0.022467719504286394	1.9000000000000001	0.09999999999999999	2.7322003631384435	0.13567130803299204	0.021311199230968286	0.049999999999999996
96.89999999999999	15.299999999999999	1.9771729443696897	0.06690996508521264	6.275979246569172	0.4277834409589364	0.044960864146814127	0.03345498254260632	1.9000000000000001	0.06701001269033623	4.12009561528788	0.2808340515707041	0.029560334404388548	0.03350500634516811
98.6	15.299999999999999	1.97796867129147	0.06644554307654046	4.302784941431841	0.2975463667767436	0.03105563287392958	0.03322277153827023	1.9000000000000001	0.09999999999999999	2.9795637734726133	0.20604292044430175	0.03236514625960023	0.049999999999999996
100.3	15.299999999999999	1.9847021677834775	0.09562403649960362	4.6161338511308525	0.25002108329240935	0.03755463815632073	0.04781201824980181	1.9000000000000001	0.06125506133636394	3.3979733855447174	0.1840425373810469	0.017708430377287736	0.03062753066818197
102.0	15.299999999999999	1.9879006025870707	0.0999999999999891	3.219716759234912	0.22218454550639574	0.034900666795200194	0.04999999999999455	1.9000000000000001	0.09999999999999999	3.2350348583087354	0.22324160894869313	0.03506670993243899	0.049999999999999996
103.7	15.299999999999999	1.9812379581849893	0.09999999999999924	2.9087726249726664	0.21778099083557947	0.03420895804502787	0.04999999999999962	1.9000000000000001	0.09999999999999999	3.2005529609390355	0.23962670339748565	0.03764047454987406	0.049999999999999996
105.39999999999999	15.299999999999999	1.984232442140212	0.0999999999999981	3.003353385681943	0.18017370394240456	0.028301619233775492	0.04999999999999905	1.900000000000001	0.09999999999999999	2.93825197125321	0.17626821515595895	0.027688146489767283	0.049999999999999996
0.0	17.0	1.9844965104447707	0.08159066334606366	3.4568019806447325	0.21395634490474347	0.027421140318899345	0.04079533167303183	1.9000000000000006	0.09999999999999992	3.342626511327274	0.2068895339535443	0.03249813199865352	0.04999999999999996
1.7	17.0	1.9821674944998113	0.06566043665276872	3.4126728744019603	0.23673577711542518	0.024416732202524515	0.03283021832638436	1.9000000000000001	0.06525885257852052	3.009177541061803	0.2087454642972155	0.021398156438567604	0.03262942628926026
3.4	17.0	1.979335051295185	0.0485600103631176	5.382634654993521	0.36449756303111125	0.02780310352645153	0.0242800051815588	1.9000000000000397	0.09999999999999974	3.5421793303013533	0.23986687123864828	0.03767820002614521	0.04999999999999987
5.1	17.0	1.9781104504699096	0.059125451639998425	6.356766256255627	0.38678271007694626	0.0359220737596534	0.029562725819999212	1.9000000000000001	0.06096670098998807	3.3625390027821593	0.20459647182333263	0.019593440955926602	0.030483350494994035
6.8	17.0	1.9764818312912649	0.04694269515675238	8.44517671705167	0.5028237811791215	0.037076924880410846	0.02347134757837619	1.900000000000002	0.09999999999883889	3.0513774297510796	0.18167827488253138	0.028537956684060024	0.049999999999419446
8.5	17.0	1.976685563178704	0.037340311951447845	21.017036628504698	0.671021285394197	0.039358099151550585	0.018670155975723923	1.9000000000000001	0.09999999999999999	3.81765229661122	0.12188806616941356	0.019146132661904812	0.049999999999999996
10.2	17.0	1.9783275920519883	0.02870499430868379	561.0566334478569	0.7917205225370474	0.03569844054477783	0.014352497154341896	1.9599999999999995	0.04067072894892896	237.0623083085726	0.334524330377327	0.021371231240588238	0.02033536447446448
11.9	17.0	1.977058575068254	0.027606372720318337	613.037995698134	0.7680138537079652	0.033304144200516826	0.013803186360159168	1.9593207914956863	0.04253336180005444	261.7593811094298	0.3279320897575436	0.021909552333935343	0.02126668090002722
13.6	17.0	1.9768521616664505	0.027228454397728148	670.3625454619366	0.7780870440332177	0.03327905999075505	0.013614227198864074	1.9599999999999997	0.04163487239568564	301.06677418831924	0.34944696413995385	0.022853798126499413	0.02081743619784282
15.299999999999999	17.0	1.9767523463640533	0.027252197043461275	718.1716847188563	0.7766876878138439	0.03324817548599763	0.013626098521730638	1.9599999999999997	0.039797019796613924	320.3816257944999	0.3464860415010412	0.021659886248247974	0.019898509898306962
17.0	17.0	1.976583245059712	0.027180802784958713	753.4792511551967	0.77280140894119	0.03299514655388415	0.013590401392479357	1.9599999999999997	0.04046668033108578	338.6745708818952	0.34735951275209365	0.02207987714585864	0.02023334016554289
18.7	17.0	1.9763300628336093	0.026931932060131215	716.0517653175639	0.7409113676311084	0.031343944190439725	0.013465966030065607	1.9599999999999997	0.04077744447522451	338.1666204729268	0.3499069556104905	0.02241261122135422	0.020388722237612254
20.4	17.0	1.9762559386693914	0.02708302456078326	638.934772002693	0.737373556755291	0.03136928354236678	0.01354151228039163	1.9599999999999997	0.040062384076990996	336.12151909719853	0.3879067643506623	0.024410912846272823	0.020031192038495498
22.099999999999998	17.0	1.9757892033900788	0.0267157245853252	598.4450017362044	0.6993902744289188	0.029349886321955978	0.0133578622926626	1.9599711535067579	0.041066576604475664	369.225410626237	0.4315060874680737	0.027835261431486766	0.020533288302237832
23.8	17.0	1.9751192345529807	0.028076555935703636	560.5917201815425	0.7255711652973417	0.031999539272936764	0.014038277967851818	1.9586798803686973	0.042155209807280096	296.17440479135865	0.3833371066310446	0.02538352853360149	0.021077604903640048
25.5	17.0	1.9750300829602354	0.02840736264776513	490.5842333960588	0.7543147509919154	0.0336591692750842	0.014203681323882566	1.9578072494403562	0.04359117651349554	243.3472590527479	0.37416699237610135	0.025620284066158152	0.02179558825674777
27.2	17.0	1.9747427349338516	0.02769320369818862	538.9075872782753	0.7190812977029989	0.03128031160387664	0.01384660184909431	1.9579018089314282	0.042130168041775176	295.43440349327454	0.3942073915176798	0.02608782254152218	0.021065084020887588
28.9	17.0	1.9736546038064817	0.028754737430766557	586.078944126059	0.7772697493862549	0.035107592516894985	0.014377368715383278	1.9551866876331054	0.0450305427411831	254.2672999665753	0.33721443587577643	0.023852462218029225	0.02251527137059155
30.599999999999998	17.0	1.9742948767016621	0.02777066391693984	572.3134639727984	0.7459941999129425	0.03254180141581747	0.01388533195846992	1.9566788113578684	0.04340389697730262	292.1274735917201	0.3807797905397562	0.025961064228592075	0.02170194848865131
32.3	17.0	1.9742528926118563	0.028342243378274692	549.4441839723611	0.7359946031604568	0.03276640009199408	0.014171121689137346	1.9570800302589555	0.042693025928288386	288.54303398970745	0.3865108085422043	0.025920206513988468	0.021346512964144193
34.0	17.0	1.9734121858416218	0.028755285648691897	587.3598624295303	0.7767409619681301	0.035084377215253926	0.014377642824345949	1.9557173095270057	0.04367703869481644	266.891081916282	0.3529441641634813	0.02421469860722005	0.02183851934740822
35.699999999999996	17.0	1.9739488262308322	0.027777547040438378	576.1719193481634	0.7245171064385627	0.03161275989096866	0.013888773520219189	1.9566481601905081	0.042720523984667774	304.5129294901557	0.38291492372091934	0.02569559868062273	0.021360261992333887
37.4	17.0	1.9734985642632208	0.027987803414073167	579.5846030884785	0.7420895853866447	0.0326245874428171	0.013993901707036583	1.9562679461056782	0.04317122545774573	289.272789221211	0.3703796185628418	0.025116628028162946	0.021585612728872865
39.1	17.0	1.9739810610473294	0.02756557030332457	552.1571485813042	0.7344861071312803	0.03180317247710653	0.013782785151662286	1.9570841629344904	0.04298669289465419	307.56573589280384	0.40912765618139807	0.02762566554534336	0.021493346447327095
40.8	17.0	1.9742446571636196	0.028586505116867045	516.8338924349374	0.7370481152187128	0.03309609696651306	0.014293252558433523	1.9571588165539082	0.04261235068666509	274.2298977103725	0.39107464158708355	0.02617670781728186	0.021306175343332547
42.5	17.0	1.9746836179399017	0.02678620772075392	536.1435012494521	0.6836988494623081	0.028767091747762433	0.01339310386037696	1.9585358264548385	0.04173528893247479	327.69552495168506	0.4178826244490324	0.027395398051148153	0.020867644466237394
44.199999999999996	17.0	1.9769815522286138	0.02932050395853094	508.74399570795794	0.7151186721430239	0.03293589166954479	0.01466025197926547	1.9599999999999997	0.04192917588019688	281.0985862905659	0.39512770561479926	0.026023978178132432	0.02096458794009844
45.9	17.0	1.9807324514249833	0.0467325226302471	459.67353852515885	0.8641101638987797	0.06343197233608673	0.02336626131512355	1.9599999999999997	0.03145066158410678	122.02544545535295	0.22938763891120853	0.011332342029125898	0.01572533079205339
47.6	17.0	1.979133378904749	0.03184536061089154	506.71835594597275	0.755589216832509	0.03779651862562489	0.01592268030544577	1.9599999999999997	0.04144613543360169	255.6110159867124	0.38115241951833806	0.02481433264545343	0.020723067716800846
49.3	17.0	1.9780552106658336	0.030591970977879804	497.87425967456534	0.7082487904376253	0.034034014309056115	0.015295985488939902	1.9599999999999997	0.04389383035160253	288.6924289415978	0.41067811728213394	0.028315544680709737	0.021946915175801263
51.0	17.0	1.9775993833165344	0.02974334489056346	516.8729781789124	0.710987133095116	0.033217842785113375	0.01487167244528173	1.9599999999999997	0.042570675233166586	304.964823104132	0.41949584216533176	0.028051628355917277	0.021285337616583293
52.699999999999996	17.0	1.976952523208667	0.028887749070545605	529.0866553186479	0.688659382667784	0.03124913850476071	0.014443874535272802	1.9599999999999997	0.04359289116839123	320.2933882275811	0.4168939904117152	0.028547046669924785	0.021796445584195617
54.4	17.0	1.9766173682350319	0.027719697502201424	523.1575681789838	0.6964035508159918	0.030322802724594224	0.013859848751100712	1.9599815239878602	0.04337037638461477	315.4179625633571	0.4198700400815334	0.028604078071965803	0.021685188192307386
56.1	17.0	1.9760020832960448	0.02684419338744809	563.0220855747666	0.710523930644964	0.029960492319786525	0.013422096693724045	1.9593083083316423	0.042696392217955036	333.93667850088724	0.4214221919070096	0.02826366376918435	0.021348196108977518
57.8	17.0	1.974965089044147	0.027927869459777342	592.9501093878571	0.7378239382006433	0.032367594480663835	0.013963934729888671	1.9577705003184362	0.04398925630613222	298.86164599822234	0.3718816695306451	0.025696339929402026	0.02199462815306611
59.5	17.0	1.9744523795075186	0.028126044560854616	613.5324926377456	0.7698712371850568	0.03401313258408283	0.014063022280427308	1.9569078516442366	0.043501048273977064	281.42765905066506	0.353140318811699	0.024130532419664518	0.021750524136988532
61.199999999999996	17.0	1.9744991721457321	0.027488254459871773	635.8465494467085	0.7301012173669462	0.031524638277896436	0.013744127229935886	1.957626043282629	0.04217301932849819	332.87254596408826	0.3822158840806676	0.025319976800352764	0.021086509664249097
62.9	17.0	1.9743085829004683	0.02738155177527831	621.8192703823759	0.722379485864366	0.031070149172453376	0.013690775887639155	1.9579985461158207	0.04149134223094686	334.4784469720622	0.3885700879096431	0.025324840977228036	0.02074567111547343
64.6	17.0	1.9742417380188657	0.027256222107952633	682.2478530461966	0.7364973273556432	0.03153237710739558	0.013628111053976317	1.957848921603607	0.04106940309310173	343.5208346287912	0.3708361638156057	0.023923259305318707	0.020534701546550866
66.3	17.0	1.9744705173586112	0.02710860486678816	650.5533720264959	0.7436803643737637	0.03166746937504327	0.01355430243339408	1.9580786230902874	0.041211814838472256	339.46970057010196	0.38806493282390325	0.025121525989313245	0.020605907419236128
68.0	17.0	1.9744036372289853	0.02810054710232291	625.3324330939257	0.7643881940790571	0.03374027541164052	0.014050273551161455	1.957818685276452	0.04162963526495875	285.9630634141894	0.34955293864256537	0.02285785326359983	0.020814817632479374
69.7	17.0	1.9747732973338772	0.026726912955271704	625.355345498777	0.7310512365977173	0.030691385367637228	0.013363456477635852	1.958858160263028	0.04036360279100318	347.9111730360673	0.4067141907475337	0.02578689942938022	0.02018180139550159
71.39999999999999	17.0	1.9745152017182903	0.026670702090009112	699.24361709728	0.7310923636571337	0.030628559585676094	0.013335351045004556	1.9584475134424755	0.04080659925275769	363.4555917494791	0.38001005823920375	0.0243582100834133	0.020403299626378844
73.1	17.0	1.9750422045863911	0.026294654546866778	716.943435824574	0.7059942764217458	0.02916006762016855	0.013147327273433389	1.959743436063429	0.03990214838282426	404.149116760375	0.39797695187147814	0.024944458334151	0.01995107419141213
74.8	17.0	1.9747623977164186	0.026994317919549288	791.3229205611682	0.7443747883130187	0.03156340811139103	0.013497158959774644	1.9591582925417095	0.039563061481079326	379.44074117693356	0.35692902865825954	0.022181537109147668	0.019781530740539663
76.5	17.0	1.9751740532049271	0.026143851317734588	805.2319955992865	0.7357853383421865	0.030216250456450214	0.013071925658867294	1.9599292591573643	0.039181373347903156	431.58454042754266	0.39436284056919546	0.02427143855965493	0.019590686673951578
78.2	17.0	1.9751153785814721	0.02596171647987452	941.6165402920351	0.7517510414009416	0.030656835127377696	0.01298085823993726	1.9599999999999997	0.038180359702206706	480.73288519746484	0.38379895808838566	0.02301779320904568	0.019090179851103353
79.89999999999999	17.0	1.9746298533036992	0.025985979534253127	1125.4322091994015	0.7621379959898548	0.031109467889152833	0.012992989767126564	1.958997952285733	0.03855660254274244	548.0184122841449	0.37111578208775003	0.022476467631662656	0.01927830127137122
81.6	17.0	1.9751232007459827	0.026480420072976452	604.518876767178	0.7880683944542171	0.032779977998129886	0.013240210036488226	1.9599999999999997	0.03432190563945024	204.3436689291322	0.26638835159466223	0.01436172149174404	0.01716095281972512
83.3	17.0	1.9751881156997395	0.026423823478782606	602.8994954381454	0.8164253775060152	0.033886914914042596	0.013211911739391303	1.9599999999999997	0.03257623246568741	201.95226283809595	0.2734766800658274	0.013993972996843854	0.016288116232843704
85.0	17.0	1.9749231294999272	0.02687675136781568	514.7742250459758	0.789713767170885	0.033340058686926514	0.01343837568390784	1.9599999999999997	0.03380001036554761	176.04803162272898	0.27007481628161845	0.014339063890276562	0.016900005182773806
86.7	17.0	1.9752086871806718	0.026768159352477908	386.6080944878415	0.8044870892256775	0.033826531213941066	0.013384079676238954	1.9599999999999997	0.03349651663445995	140.94051536999916	0.29328104243182973	0.015431335536209623	0.016748258317229973
88.39999999999999	17.0	1.975168032366903	0.0282109926957351	228.0922369823301	0.7797739634222914	0.03455468796487366	0.01410549634786755	1.9599999999999997	0.03531695213946718	81.04876933289094	0.2770796627247924	0.015371198966815998	0.01765847606973359
90.1	17.0	1.976141249360053	0.029583636348326257	116.00425859900814	0.7618062215605709	0.03540103403123274	0.014791818174163128	1.9599999999999997	0.039458341873692605	37.36300305767152	0.2453648558188722	0.015207963662021151	0.019729170936846303
91.8	17.0	1.9754685575910351	0.036064109916104266	59.057081344628216	0.8699993679053671	0.04928491729748566	0.018032054958052133	1.900000000023006	0.09591881400431809	4.059162406069279	0.05979754920324592	0.00900963219946683	0.047959407002159046
93.5	17.0	1.9755746864637915	0.038637557290684674	24.650348935243414	0.6691113723649564	0.04060952880469497	0.019318778645342337	1.9000000000000001	0.09999999999999999	3.9664203396343076	0.10766488392521333	0.0169119604194524	0.049999999999999996
95.2	17.0	1.9749762758336076	0.044535413510251094	11.246767629430359	0.5633617612578605	0.03941057139990239	0.022267706755125547	1.9000000000000101	0.09999999999999407	3.810780873800007	0.19088579897515648	0.0299842711867467	0.04999999999999703
96.89999999999999	17.0	1.9770143017528963	0.054986226970646854	7.533880044463063	0.40599912947477085	0.035067023130872545	0.027493113485323427	1.9000000000000001	0.09999999999999973	3.6733146941042536	0.19795411650989458	0.03109455990876706	0.049999999999999864
98.6	17.0	1.978406219974156	0.0599686879269145	5.720615136929847	0.346823461087334	0.03267028264976621	0.02998434396345725	1.9000000000000772	0.09999999999999956	3.433509441114719	0.20816321314049063	0.03269820105749044	0.04999999999999978
100.3	17.0	1.9778093091440634	0.038590286596333366	3.8795175946334335	0.34589949870638276	0.020967556095477458	0.019295143298166683	1.9000000000000001	0.09999999999999999	2.4393452899103627	0.2174931012347931	0.034163736452284356	0.049999999999999996
102.0	17.0	1.9842461411994536	0.09999999999967354	3.3053798534898973	0.22840567961073002	0.03587788025504555	0.04999999999983677	1.9000000000000743	0.09999999999999733	3.267709500207781	0.22580261339021873	0.035468991569403426	0.049999999999998664
103.7	17.0	1.9914392275400583	0.09999999999998659	2.856134144924489	0.22650730648451894	0.03557968450180405	0.04999999999999329	1.9000000000001078	0.0999999999999997	3.111136376252011	0.24673040023107207	0.03875632063916015	0.04999999999999985
105.39999999999999	17.0	1.9845365775373591	0.07847292649087789	3.4502243365835974	0.24428943290046576	0.030112333205114097	0.039236463245438946	1.9000000000000001	0.06330581269825357	3.465195752354048	0.24534946793340567	0.02439768310186919	0.031652906349126785
0.0	18.7	1.9948716898591243	0.09999999999999998	3.4585482001269168	0.2654215050917389	0.04169231252504763	0.04999999999999999	1.9000000000000001	0.09999999999999999	3.5912397789799178	0.27560473705330885	0.04329189086106109	0.049999999999999996
1.7	18.7	1.9834782121828471	0.09999999999574778	4.166694317050795	0.2523509106148549	0.03963918834403058	0.04999999999787389	1.9000000000000001	0.05360234121118599	3.538832227187937	0.21432518612888307	0.018045829324945986	0.026801170605592995
3.4	18.7	1.9813256477641832	0.08016364947426967	5.122838435355897	0.39109536377724613	0.04924702783932518	0.040081824737134834	1.9000000000000001	0.05979123483062455	3.542320050270537	0.2704330745850942	0.025399034353505684	0.029895617415312273
5.1	18.7	1.9794776711143265	0.06427429869556549	5.7827082578366795	0.4037841148766184	0.04076678409089561	0.032137149347782744	1.9000000000000001	0.09999999999999999	3.5102361164211415	0.24510618901727066	0.03850119013830244	0.049999999999999996
6.8	18.7	1.9755296459405454	0.042493512107237154	7.481453918825158	0.44797102242324033	0.029901462209128732	0.021246756053618577	1.9000000000000032	0.09999999999999984	3.3695215092378485	0.2017586437005567	0.031692173642395426	0.04999999999999992
8.5	18.7	1.977217050304891	0.043810523825799606	12.122584112813946	0.5523856363568018	0.038013748760329105	0.021905261912899803	1.9000000000000166	0.09999999999999998	3.7963380435262364	0.17298643478019982	0.027172645633808275	0.04999999999999999
10.2	18.7	1.9762347654683128	0.03639836496584571	67.33884088065916	0.8373705591693991	0.04787617436221208	0.018199182482922856	1.9000000000000028	0.09999999999999999	3.921750030335219	0.04876766473667677	0.007660406863473688	0.049999999999999996
11.9	18.7	1.9775131298777775	0.02720876396184236	639.5393703899907	0.7626821382986979	0.03259659718344497	0.01360438198092118	1.9599999999999997	0.0407312705671376	310.6602809608587	0.3704776567910419	0.023703356905983998	0.0203656352835688
13.6	18.7	1.9770258750772964	0.027257075585739088	608.5130406310246	0.7679389826631378	0.03287954883625389	0.013628537792869544	1.9599999999999997	0.04083093119725441	278.3770243512296	0.3513097577257994	0.02253198089226782	0.020415465598627204
15.299999999999999	18.7	1.9767743983997914	0.02758037227189741	701.9316171304642	0.7727631621518242	0.03347853242272508	0.013790186135948705	1.959999999999999	0.04083426671064203	301.99216667786186	0.33246603511192224	0.021325141535426875	0.020417133355321016
17.0	18.7	1.9765697893741003	0.027498089688831242	781.8053971436766	0.7826258550102327	0.03380466157033472	0.013749044844415621	1.9599999999999922	0.0404385155402828	328.9103369108656	0.3292555085792835	0.020914531056568063	0.0202192577701414
18.7	18.7	1.976474273976749	0.027016409286628015	732.3768772278858	0.7506646140046639	0.03185616176122928	0.013508204643314007	1.9599999999999997	0.03957588187311848	354.86428797150796	0.36372538789381265	0.022611225114805678	0.01978794093655924
20.4	18.7	1.97575957871204	0.027021605400778154	672.0151679911254	0.7523749577520789	0.03193488500395671	0.013510802700389077	1.9594943579320547	0.04155109561769521	334.880171726033	0.374925250284991	0.024470736851517367	0.020775547808847605
22.099999999999998	18.7	1.9753912117230912	0.026937507980903715	638.0363099351423	0.7236053849593896	0.030618159658908302	0.013468753990451858	1.9589122742897807	0.041870777726349145	330.0580380461164	0.3743231693249224	0.024619408477273532	0.020935388863174573
23.8	18.7	1.9749287176542034	0.027655098419907893	645.2515494979202	0.7500613098645008	0.03258305859418214	0.013827549209953946	1.9580709065701305	0.04203301114148774	315.3912816311658	0.36662104570564596	0.024206264347616795	0.02101650557074387
25.5	18.7	1.974603142189505	0.027498395265084564	618.0175462045089	0.7576345570606593	0.03272555365200308	0.013749197632542282	1.9574345195091976	0.04245270416511792	308.09402135945817	0.3776958742340759	0.025186480076818486	0.02122635208255896
27.2	18.7	1.974468897430768	0.02822887579468314	551.0001986128968	0.7389767269867519	0.032767568879757854	0.01411443789734157	1.9572674198766387	0.04300563529943059	266.3148321857991	0.3571694956410521	0.024127904498623842	0.021502817649715296
28.9	18.7	1.9756111864415176	0.027799051512622467	476.78090342250937	0.697670405431119	0.030464928017054325	0.013899525756311234	1.9596518032513102	0.04199317191821719	281.5066107285466	0.41192679872180704	0.0271718121668044	0.020996585959108596
30.599999999999998	18.7	1.9745084442361365	0.02791126420262955	532.8646910554887	0.7195803851996646	0.03154849899123325	0.013955632101314775	1.957623443308703	0.04249711637520003	293.97822571554354	0.3969881443667965	0.026500671363046055	0.021248558187600016
32.3	18.7	1.9739097929457086	0.028167889424103584	534.8413594885748	0.7437465198142331	0.032907821338594684	0.014083944712051792	1.9565917657367233	0.04339266334932599	284.2154405903913	0.3952279326690479	0.026939145425498575	0.021696331674662995
34.0	18.7	1.9742914575522532	0.02770445937637648	511.78394591034146	0.7063651167641137	0.030739641669472836	0.01385222968818824	1.9573531042055072	0.043259303687415	301.24212265222286	0.41577491604002886	0.028252552212908604	0.0216296518437075
35.699999999999996	18.7	1.9738993885367409	0.027961018789390953	539.7663170239206	0.7348588810141852	0.03227578512551204	0.013980509394695476	1.9562325948921744	0.04387962243050292	277.9244758885399	0.3783772030903798	0.026080008081070194	0.02193981121525146
37.4	18.7	1.9738978681525463	0.02828854240447446	536.1444242718914	0.725690014086431	0.032246426559517045	0.01414427120223723	1.957220355373864	0.04330859584433191	283.3255564751508	0.3834909359520452	0.02608849846643163	0.021654297922165954
39.1	18.7	1.9752009141869924	0.02828516754600815	473.68251239941327	0.6982485053248446	0.031023346774814574	0.014142583773004074	1.9587632481544306	0.04280871564668447	281.94281201363555	0.4156078004197153	0.02794703671006745	0.021404357823342234
40.8	18.7	1.9749411924364215	0.027429070488777702	531.1060636188251	0.702861832153273	0.03028314164089778	0.013714535244388851	1.9582186654123048	0.04284763202730326	313.0172479431627	0.41424470827131504	0.027880699908608038	0.02142381601365163
42.5	18.7	1.975643240909066	0.02817649547260045	499.6147672098347	0.7176958880637555	0.03176488670077967	0.014088247736300226	1.958934155823429	0.04285881423100376	282.06872136448555	0.40519130890634636	0.027278478913481338	0.02142940711550188
44.199999999999996	18.7	1.9773734135739678	0.029649015122630847	503.1737246721925	0.7487177211938837	0.03486970402396128	0.014824507561315424	1.9599999999999997	0.042608920568410175	263.33411409626643	0.3918386595945852	0.026225736376685932	0.021304460284205087
45.9	18.7	1.9786124988112992	0.03183266344408789	459.54356977055005	0.7638242054249011	0.0381932197476575	0.015916331722043944	1.9599999999999997	0.042254007115216013	212.03744815080876	0.35243521182329113	0.02339198465773625	0.021127003557608007
47.6	18.7	1.9788984465117458	0.03047442544488033	470.7030334134796	0.7505046102660964	0.0359259919096377	0.015237212722440165	1.9599999999999997	0.04168153629488092	244.4683187490766	0.3897884382742313	0.025520697977742656	0.02084076814744046
49.3	18.7	1.9787357322394623	0.02969193889779399	492.7969017313113	0.7480277089458602	0.034888003784860656	0.014845969448896995	1.9599999999999997	0.04254426234610603	265.59405050509196	0.40315129500813546	0.026941944319780167	0.021272131173053016
51.0	18.7	1.9781557427294192	0.029278373970191143	507.32920579405607	0.7151195282089868	0.03288860618077085	0.014639186985095571	1.9599999999999997	0.04369955356896208	278.6228176060617	0.39274028697568797	0.026958910097240937	0.02184977678448104
52.699999999999996	18.7	1.9777195330967636	0.029239312592609507	492.3710654579693	0.725489919860137	0.03332103002501401	0.014619656296304753	1.9599999999999997	0.04283634364100111	275.8560683007959	0.40646335848011134	0.027349769606709935	0.021418171820500556
54.4	18.7	1.9765258256507148	0.028974291467472546	518.6262683480729	0.729103757808174	0.033183488332759345	0.014487145733736273	1.9592042940236218	0.04405365039315849	267.7215350573286	0.3763727160951785	0.026044733091963927	0.022026825196579246
56.1	18.7	1.975769220597966	0.02821936425211674	521.6423251639972	0.719819588820346	0.031907352008856076	0.01410968212605837	1.9585829618029647	0.04383248593917389	271.5262649975511	0.3746818749092393	0.025797561945876603	0.021916242969586944
57.8	18.7	1.9752752095533088	0.02756493499200751	565.2032674661874	0.7071658113740934	0.03061950078396555	0.013782467496003755	1.9589701489099023	0.041775873115997425	305.5312286251511	0.38227174474668835	0.025085202498466783	0.020887936557998713
59.5	18.7	1.9748413803090377	0.027421628012775208	603.8306492006592	0.7504792054732429	0.03232598561504924	0.013710814006387604	1.9577366275598043	0.042562175723048136	298.1998983220483	0.37062183421988565	0.024778482101176523	0.021281087861524068
61.199999999999996	18.7	1.9749270936263794	0.0275002533337298	569.8953857682654	0.7295608797007971	0.03151505794351348	0.0137501266668649	1.9584482785114339	0.04214479964373895	309.52052508876716	0.3962377520653161	0.02623129440352368	0.021072399821869474
62.9	18.7	1.9745735637606394	0.02754940850480436	576.3286568898505	0.7321183357059955	0.03168206200886929	0.01377470425240218	1.9578166700580826	0.042359686884495255	311.81170522539895	0.39609876058427124	0.026355793837955888	0.021179843442247628
64.6	18.7	1.9738329522033358	0.027828311513793252	642.1912135202712	0.7710713915756102	0.03370554264178683	0.013914155756896626	1.9565509208061531	0.04155530784574898	294.2519599430855	0.35330484667243706	0.02306194734145191	0.02077765392287449
66.3	18.7	1.9741124686689637	0.028210163008739405	617.6319995243639	0.765043637055049	0.0339009352943258	0.014105081504369702	1.9568747627507475	0.04196825614637259	280.4858186186815	0.34743000845754285	0.02290383085912627	0.020984128073186295
68.0	18.7	1.974325693726751	0.02676805347466999	645.8783918566503	0.7205602581755907	0.030297512518083436	0.013384026737334995	1.9582518298063014	0.041040965446409464	367.8460060870505	0.4103794405522902	0.026455930479486713	0.020520482723204732
69.7	18.7	1.9742730513300701	0.02722457308708918	675.3522865176116	0.7329637567415646	0.031344652226849894	0.01361228654354459	1.9580031098792758	0.04080294928717018	344.6472028858867	0.3740476098486181	0.023973879414521282	0.02040147464358509
71.39999999999999	18.7	1.9745948467243217	0.026569554327162567	707.4177058595451	0.7087586543928012	0.029580296418853614	0.013284777163581283	1.9591928427505918	0.04023852604401496	403.44301277259746	0.4042077608298609	0.02554856951875216	0.02011926302200748
73.1	18.7	1.9744171841393379	0.026625197979088706	729.2666235415057	0.7223031258826591	0.030208712582109797	0.013312598989544353	1.9585780160605586	0.04046094565727754	375.80239677696875	0.3722139984797355	0.023656397458970083	0.02023047282863877
74.8	18.7	1.974871185170184	0.02633999515624648	784.8039755232019	0.7184781460895344	0.02972686634831732	0.01316999757812324	1.9599999999999997	0.03851974417065689	436.3801919818309	0.39950056460440525	0.024172449886946546	0.019259872085328446
76.5	18.7	1.9749001333320675	0.026099941908990495	856.6121170545848	0.7272373701219148	0.02981505435126438	0.013049970954495248	1.9598213342297501	0.03914520152769192	469.7240628262958	0.3987812982465774	0.024520718587300695	0.01957260076384596
78.2	18.7	1.9748551963880205	0.025860828150990174	1047.9214349525741	0.7381595287454142	0.029985585665848448	0.012930414075495087	1.9596896662100005	0.03855665047664946	553.09678930269	0.38960331540575144	0.023596186465867194	0.01927832523832473
79.89999999999999	18.7	1.9750397908226864	0.02671128333353019	572.9262710449688	0.8168720727375925	0.03427430678283005	0.013355641666765094	1.9599999999999997	0.03425131333378815	191.29436543417154	0.27274543460928	0.01467420546242273	0.017125656666894074
81.6	18.7	1.9741507077769584	0.025591292251015862	1258.025970417558	0.7388021714446097	0.02969889266054302	0.012795646125507931	1.9593301763926663	0.03712375263440566	669.5996747976121	0.39323647156098157	0.022931134298209196	0.01856187631720283
83.3	18.7	1.9750932691218486	0.02639707306536864	579.9919628326569	0.7932983313340912	0.032893659486859184	0.01319853653268432	1.9599999999999997	0.03403394073858282	235.7560687563744	0.32246118555315006	0.017238900448841805	0.01701697036929141
85.0	18.7	1.9747176922474312	0.026425606520787084	600.783947543878	0.8222584335625233	0.034131327311612225	0.013212803260393542	1.9599999999999982	0.03312064636550258	212.67621888066105	0.2910777082306128	0.015143547620793313	0.01656032318275129
86.7	18.7	1.9750051497708205	0.026490543071141508	442.27714345513755	0.7914212418025489	0.03293202536801122	0.013245271535570754	1.9599999999999997	0.033466863609039985	180.9290252217732	0.32375870184136035	0.01701987400810489	0.016733431804519992
88.39999999999999	18.7	1.9749726755030113	0.027491406306217017	295.6201206865672	0.7622085385453898	0.0329147562371348	0.013745703153108508	1.9599999999999997	0.0345171564047184	125.17727706985096	0.32274930810837016	0.01749928109530794	0.0172585782023592
90.1	18.7	1.9756559514786114	0.02973021399019115	128.8707024019164	0.7766952133633569	0.036271752623349175	0.014865106995095575	1.9599999999999997	0.03878055685183854	44.413262701496095	0.2676758014596525	0.01630583448227206	0.01939027842591927
91.8	18.7	1.9742376315545784	0.035025501046441206	62.66789742882207	0.8122570068274988	0.04468869783420586	0.017512750523220603	1.9000000000001447	0.09573937966971785	4.047650925046768	0.05246279131664242	0.007889725255811077	0.047869689834858925
93.5	18.7	1.9749768508777	0.03845704728721035	25.3925471712261	0.7259939136795643	0.04385597727316781	0.019228523643605173	1.9000000000000001	0.09999999999999998	3.570435961417712	0.10208171554010902	0.016034958380332472	0.04999999999999999
95.2	18.7	1.9755295728830042	0.04097370678623944	12.990552424655682	0.5982686963058323	0.03850537982924452	0.02048685339311972	1.9000000000000001	0.09999999999999999	3.8953888608004825	0.1793987768320127	0.028179893967922292	0.049999999999999996
96.89999999999999	18.7	1.9736141735402537	0.04806168307360159	8.523703218954703	0.5217297104651256	0.03938804461131074	0.024030841536800795	1.9000000000000001	0.09999999999999999	3.0810789701851236	0.18859061580888845	0.02962374465805895	0.049999999999999996
98.6	18.7	1.9766456570681787	0.058175498426709035	5.564470698165648	0.3016394439565849	0.027564373208310507	0.029087749213354518	1.9000000000000006	0.09999999999999999	3.3396204568288304	0.1810345156379322	0.028436835218715713	0.049999999999999996
100.3	18.7	1.9833657711180996	0.08582126433313647	4.93909197803845	0.30148252354506944	0.04064217366161719	0.042910632166568236	1.9000000000000001	0.05593787537618757	3.7598303204836148	0.22950030859130582	0.020165505719424295	0.027968937688093786
102.0	18.7	1.9827929215469888	0.09999999999999973	4.387236376369519	0.31996452633128447	0.050259910266584926	0.049999999999999864	1.9000000000000001	0.056561275550928505	3.8501522909855823	0.2807945705236723	0.024947542891306563	0.028280637775464253
103.7	18.7	1.9889524709148054	0.08295499936499912	3.753244743663202	0.2726840435926838	0.035532205635007356	0.04147749968249956	1.9000000000000001	0.08843684054129364	3.410919682122743	0.2478131416453571	0.03442527587577561	0.04421842027064682
105.39999999999999	18.7	1.9774749398356049	0.06521853495159971	2.464853710086603	0.20000382613270926	0.020489398996483336	0.032609267475799855	1.9000000000000001	0.09999999999999999	2.3645064129206497	0.19186141861654007	0.030137521161651915	0.049999999999999996
0.0	20.4	1.9847836601216313	0.08038805248294909	2.9955920019264886	0.23197912206668703	0.029292759428901017	0.04019402624147454	1.9000000000016093	0.09999999999764131	3.3768976405194477	0.2615074914918244	0.041077500705501646	0.049999999998820654
1.7	20.4	1.9906613402870654	0.09999999999999999	3.3541273593612346	0.2404214566437758	0.03776531409787215	0.049999999999999996	1.9000000000000001	0.08172743320905956	3.056269312225711	0.21907120428513227	0.028123737265740512	0.04086371660452978
3.4	20.4	1.9838113839560425	0.07875733138524878	3.8188072492224294	0.2991274900333899	0.03700557833977363	0.03937866569262439	1.9000000000000001	0.08293306330541379	3.1228539104475934	0.24461340701690282	0.03186602121080901	0.041466531652706896
5.1	20.4	1.9779873121694633	0.05954579247006889	5.195786339394638	0.3505883429567442	0.03279203948455733	0.029772896235034443	1.9000000000000083	0.09999999999999906	3.216238208891203	0.21701731952678946	0.03408900083635521	0.04999999999999953
6.8	20.4	1.9793386771084973	0.06488467239760416	6.168680633847775	0.4202029645738903	0.04282734040050583	0.03244233619880208	1.9000000000000001	0.059812303026911824	3.1515443503658247	0.21467933868117547	0.0201697562912034	0.029906151513455912
8.5	20.4	1.9766120905385578	0.046899502685718256	8.793842108440714	0.4765970909214562	0.03511070110585617	0.023449751342859128	1.9000000000000175	0.09999999999999454	3.677328939847702	0.19929903829072293	0.031305819728080594	0.04999999999999727
10.2	20.4	1.9761451406774477	0.038961312809386854	17.193778693455855	0.6592039821261615	0.04034347292936628	0.019480656404693427	1.9000000000000001	0.09999999999999999	4.003211709294474	0.1534818580086414	0.024108873878962978	0.049999999999999996
11.9	20.4	1.9790019097063745	0.03019165440360765	440.45342294929924	0.7759154961738352	0.03679774572467727	0.015095827201803825	1.9599999999999997	0.043173102740211036	181.77329316310576	0.32021709358366923	0.0217158908355067	0.021586551370105518
13.6	20.4	1.976834969874606	0.027128594552279877	614.9513556762677	0.7467668761862118	0.03182234779448701	0.013564297276139939	1.9599999999999997	0.04123138635783198	312.53749936420564	0.37953026680393925	0.024580699099067353	0.02061569317891599
15.299999999999999	20.4	1.9766165728195948	0.027298051999218784	640.0608524314197	0.7493176175846691	0.03213049951729501	0.013649025999609392	1.9599999999999997	0.041121984579747854	309.185711745305	0.36196292904983707	0.023380728392195533	0.020560992289873927
17.0	20.4	1.9768959417511622	0.02757710562502239	665.5954180790437	0.7655463106608867	0.03316194750192547	0.013788552812511195	1.9599999999999997	0.04034812875551704	295.85959421086505	0.3402881310022136	0.021567016796525024	0.02017406437775852
18.7	20.4	1.976269609276158	0.027211903549011658	779.6496844100661	0.7750458157621524	0.0331288359237564	0.013605951774505829	1.9599999999999995	0.039869156014305344	343.5352259274372	0.34150663399989983	0.02138730504744786	0.019934578007152672
20.4	20.4	1.9763644393691642	0.02737597059918817	665.5144134138342	0.7688612037094649	0.03306262642350595	0.013687985299594085	1.9599999999999997	0.039858929786334825	295.2984715775565	0.3411549528221918	0.021359800466499882	0.019929464893167412
22.099999999999998	20.4	1.9754540112135532	0.027153735085306524	681.2655744170963	0.7532519874010327	0.03212844747548694	0.013576867542653262	1.9589424673240547	0.041050018666930095	338.9910486221814	0.37481077963508846	0.02416825579162691	0.020525009333465048
23.8	20.4	1.9752918544159068	0.026671048887276567	622.53131949566	0.7122480068658753	0.029839477558696717	0.013335524443638284	1.958953824694695	0.04178026840575172	356.7560661827603	0.4081703026312603	0.02678751986569523	0.02089013420287586
25.5	20.4	1.974511756670942	0.027577459527100823	613.0950682171368	0.7492717853016806	0.03245738387469521	0.013788729763550412	1.9575606719736616	0.042784780124147916	304.55095599019006	0.37219584749503454	0.025013859432881886	0.021392390062073958
27.2	20.4	1.974139019050961	0.028161744106576552	613.8243671835428	0.7587552871363737	0.03356457521949045	0.014080872053288276	1.9566813553176043	0.04278088131237469	281.9345226104576	0.3485024725207579	0.023419384004572098	0.021390440656187344
28.9	20.4	1.9743991102760574	0.027273199913569964	578.9788614814495	0.7124771870739154	0.030522980278572313	0.013636599956784982	1.957189861779271	0.04385880844904835	308.23203396538366	0.37930278138965245	0.026131403319899733	0.021929404224524177
30.599999999999998	20.4	1.974185400825895	0.027868412039936098	528.710862393186	0.7272657242522013	0.03183649290471674	0.013934206019968049	1.9572439683498484	0.042485234902261394	283.46250139505753	0.3899155020993456	0.026021264839319134	0.021242617451130697
32.3	20.4	1.9736886024367675	0.028568748607642892	562.1826478290016	0.7607731312361136	0.03414021567835398	0.014284374303821446	1.9557327256915389	0.04344082332650555	258.94820929225045	0.3504214169043	0.023911596092830723	0.021720411663252774
34.0	20.4	1.9734582804942946	0.02908013388194308	573.3040962970815	0.7648699982526321	0.03493847178002096	0.01454006694097154	1.9551233322895418	0.04482376075667005	248.38918413463253	0.3313868434956728	0.023332615849357353	0.022411880378335025
35.699999999999996	20.4	1.9741127500425153	0.027936546368029825	523.0519820101017	0.7025635229207313	0.030830331206283583	0.013968273184014912	1.957252231567086	0.04322464393789945	289.80170270006204	0.3892617028520309	0.02642974540653188	0.021612321968949726
37.4	20.4	1.9744722218422492	0.027397217593569913	484.60795207231115	0.6979851224423174	0.030038102972374005	0.013698608796784957	1.9574449930917321	0.042707451884761154	288.8463716708667	0.41602798558209697	0.027909116160317184	0.021353725942380577
39.1	20.4	1.9738104641717793	0.029048916100273124	527.7075659794534	0.7639008777131362	0.03485674411758798	0.014524458050136562	1.9553092951369648	0.044739391355734875	235.34275851006737	0.3406783441802517	0.02394167198109504	0.022369695677867438
40.8	20.4	1.974663733948254	0.028560074110807132	505.502999579237	0.7401363376731019	0.03320404042342558	0.014280037055403566	1.9572938744469102	0.04381365548151845	254.07538889818085	0.37200655186714077	0.025602357337659913	0.021906827740759225
42.5	20.4	1.9762544162379907	0.0277239688922151	462.448414882663	0.6888386642041092	0.0299980341910006	0.01386198444610755	1.9599999999999997	0.042018715195764444	288.7546948873822	0.4301136989719334	0.028388727154492567	0.021009357597882222
44.199999999999996	20.4	1.976976514901567	0.028363696315454698	482.28543102506745	0.7090136701330625	0.03158910435403284	0.014181848157727349	1.9599999999999997	0.04253093873662468	273.6615030981817	0.40231309967911366	0.02687750921049667	0.02126546936831234
45.9	20.4	1.9775743193054587	0.029169677605847214	508.8024029238558	0.7354694180322433	0.03369893104823881	0.014584838802923607	1.9599999999999997	0.042661789630117325	254.5739373856403	0.3679843972812634	0.024659731955221646	0.021330894815058662
47.6	20.4	1.9777992255296342	0.029378062481013795	498.43836189323673	0.7516143676841346	0.034684712624198435	0.014689031240506897	1.9599999999999997	0.041329263014121556	243.02205334750084	0.36646229689521087	0.023790679005797927	0.020664631507060778
49.3	20.4	1.9780691835511242	0.029086235066855422	476.34180759022865	0.7325091705144006	0.033467282743940896	0.014543117533427711	1.9599999999999997	0.04356925232095249	255.09658781579802	0.39228257306935843	0.02684720008555252	0.021784626160476245
51.0	20.4	1.9776103930594082	0.029122503346159057	457.1387056916579	0.7274710650110997	0.03327854308739106	0.014561251673079529	1.9599999999999997	0.04428723846568731	251.00553116518856	0.3994395110432423	0.027787501497794267	0.022143619232843654
52.699999999999996	20.4	1.9775346592569514	0.028117034488270555	499.9974308681285	0.7298748067023216	0.03223574887699172	0.014058517244135278	1.9599999999999973	0.04291712075762002	277.3303267096258	0.4048349173483374	0.0272915636442216	0.02145856037881001
54.4	20.4	1.976830377433622	0.027953132382986974	480.6022215901994	0.7082689835046526	0.031099154500086282	0.013976566191493487	1.9595919699045228	0.04344366354107759	281.946641045076	0.41550798536637346	0.02835474155594565	0.021721831770538796
56.1	20.4	1.9761205405774456	0.027465451351092855	527.9466124645588	0.7168341056289788	0.030926108659391452	0.013732725675546427	1.9597966324384801	0.04243991842257754	301.5437779692728	0.4094293992711199	0.02729439307272779	0.02121995921128877
57.8	20.4	1.9756212258910748	0.02775310628277262	505.3916134675413	0.7269916013097781	0.031692818937743644	0.01387655314138631	1.9592955679282227	0.0424627840666046	275.66325113629574	0.39653382253583075	0.026448958722761984	0.0212313920333023
59.5	20.4	1.9753256359409097	0.02686492496377868	534.0878322323557	0.7038321325264991	0.029701241224570553	0.01343246248188934	1.9591350227974282	0.042231742558268455	336.52805165545936	0.4434837155185438	0.02941958593731741	0.021115871279134227
61.199999999999996	20.4	1.974746978628712	0.027208472250919612	555.3684106393223	0.6864972138766673	0.029340182640937556	0.013604236125459806	1.9587538209715054	0.04099702765222542	336.71957539819186	0.4162228998629802	0.02680391416639732	0.02049851382611271
62.9	20.4	1.9753850918102946	0.027867062921923556	521.1410014700501	0.7346163147094407	0.03215671261567316	0.013933531460961778	1.9587822954588128	0.04203702278935496	280.29718615539883	0.3951154972187288	0.026090108856092486	0.02101851139467748
64.6	20.4	1.9736769174717985	0.028030581887231544	618.6309361760162	0.7506941908737025	0.0330533167565593	0.014015290943615772	1.9565540553586571	0.042013366342902654	308.23537770779996	0.3740364309895593	0.024684325374177484	0.021006683171451327
66.3	20.4	1.9739624383121877	0.027507806943255244	647.8991136624953	0.7170652280736484	0.03098378767944101	0.013753903471627622	1.957270728513698	0.041722609313284184	334.0004785173646	0.3696565163531348	0.024226445802261857	0.020861304656642092
68.0	20.4	1.9736954250619618	0.027682547244636098	678.398254475226	0.7698316437013571	0.033475084771438526	0.013841273622318049	1.9563774127132023	0.04202449723614361	314.22731173568764	0.35657834655908155	0.02353842338844056	0.021012248618071806
69.7	20.4	1.9740150041209932	0.027096405316819994	702.7069661937339	0.7099311570115612	0.030216752938545432	0.013548202658409997	1.9580051681463977	0.04070100229771803	382.7719372814739	0.3867070306385368	0.024723334752906428	0.020350501148859015
71.39999999999999	20.4	1.9742556491496681	0.027021957863598435	709.7182124822493	0.7301845032971377	0.0309934056986141	0.013510978931799218	1.958483100104559	0.04042616252562552	369.282038011828	0.37993110048442696	0.024126106482057076	0.02021308126281276
73.1	20.4	1.974619409539101	0.0259906504809287	731.6568973679772	0.6957742432785808	0.028405691993249695	0.01299532524046435	1.9598467345669488	0.03883709723306917	434.43691519805657	0.4131308226732756	0.02520311593601536	0.019418548616534585
74.8	20.4	1.974739726170057	0.02614479397822157	837.8445765466865	0.7350735425670445	0.03018810782106886	0.013072396989110785	1.9594133516803818	0.0393111175499387	435.00409585120013	0.38164596479989044	0.02356654636866295	0.01965555877496935
76.5	20.4	1.9748857432275642	0.026081253645413506	918.1396041137681	0.734701457251408	0.0300994972068899	0.013040626822706753	1.9599999999999997	0.038388950181382074	482.716045634917	0.3862726110251369	0.023292710444617466	0.019194475090691037
78.2	20.4	1.9745129803474641	0.026011240734645526	1105.8635104186856	0.7479701854470566	0.030560836154437335	0.013005620367322763	1.9591592133637012	0.038655723875465675	562.7768049081594	0.380643964799135	0.023112803963685254	0.019327861937732838
79.89999999999999	20.4	1.9747291974657812	0.025896282673344637	1103.53523786198	0.7326052038490701	0.029800757485560134	0.012948141336672318	1.9596356913882242	0.038232854397000464	607.2453463019403	0.40313266441390483	0.024210546279282586	0.019116427198500232
81.6	20.4	1.9748803779776374	0.02597192408800715	1200.02684632918	0.7525956155402681	0.030703344514554098	0.012985962044003575	1.9599999999999997	0.03665775910990451	590.3426618328311	0.37023279964178957	0.02131869818208836	0.018328879554952254
83.3	20.4	1.9750367354570237	0.027176450993862362	775.0937556140675	0.8337640482865529	0.035592277811975874	0.013588225496931181	1.9599999999999997	0.03292831364232561	245.87287271198284	0.26448408367549814	0.013680088553142436	0.016464156821162805
85.0	20.4	1.9749740575580468	0.026540108305829403	740.8887071239005	0.8478502062028377	0.0353461159650419	0.013270054152914702	1.9599999999999997	0.03127086299450106	228.43319588044943	0.26141191027551075	0.01284059400316008	0.01563543149725053
86.7	20.4	1.9754824423724369	0.02750241690025019	506.80992277838226	0.8321100508802706	0.035947732884714555	0.013751208450125094	1.9599999999999997	0.032439125449224344	168.1331156921924	0.27605074242886596	0.014066237105232434	0.016219562724612172
88.39999999999999	20.4	1.9756359992870014	0.02796635183790585	358.25486861924554	0.8353807938924618	0.0366978127520932	0.013983175918952925	1.9599999999999997	0.03369209965637983	106.93051543171892	0.2493412000706605	0.013195990646001228	0.016846049828189914
90.1	20.4	1.9755932094904731	0.028417697797555458	184.10367544508406	0.7782250617168817	0.034738733514523924	0.014208848898777729	1.9599999999999997	0.037972119492804636	68.7600936622449	0.2906559470069936	0.017336600008507497	0.018986059746402318
91.8	20.4	1.9752777438124602	0.031093727319699137	73.16703557220134	0.6881827226867536	0.03361216043568757	0.015546863659849568	1.9572102061150682	0.05200132900355077	18.13970210961842	0.17061548946048505	0.013936469751074185	0.026000664501775385
93.5	20.4	1.9742834611652722	0.035536325808423336	42.19985191655399	0.7980532067896856	0.044547593398592156	0.017768162904211668	1.900415064127355	0.09999999999999999	3.984470757459021	0.07535144131874388	0.01183617672421841	0.049999999999999996
95.2	20.4	1.9749271317452461	0.04191333855727158	17.79780190719626	0.6026096733562636	0.03967420484496736	0.02095666927863579	1.9000000000000001	0.09999999999999999	4.2953909836736495	0.1454361707758092	0.022845060283775635	0.049999999999999996
96.89999999999999	20.4	1.9741245420600926	0.04920821435952537	10.102096202834257	0.45376170537450894	0.035074002152292685	0.024604107179762684	1.9000000000000088	0.09999999999999981	3.4665316867542595	0.15570821127946383	0.024458588632958498	0.049999999999999906
98.6	20.4	1.9763399939320223	0.06326992440599462	7.9988616635474274	0.4376560311320975	0.043496079147172774	0.03163496220299731	1.9000000000000001	0.0556247809817247	4.0321799903850915	0.2206198788815614	0.01927670640414185	0.02781239049086235
100.3	20.4	1.9779726870598044	0.07375522636193982	5.397782295750493	0.36125326164685007	0.041852793839032995	0.03687761318096991	1.9000000000000001	0.06006238386269196	3.2123600943645214	0.21499117565133607	0.020283508429276592	0.03003119193134598
102.0	20.4	1.9796760811531093	0.06466409965553883	3.621739481833948	0.27911397323105763	0.028350759061635457	0.03233204982776942	1.9000000000000001	0.09999999999999966	2.5385655252438153	0.1956377905181072	0.03073071227281112	0.04999999999999983
103.7	20.4	1.9775456819250918	0.06464313663774872	2.8195912814189934	0.24679568144543018	0.02505993003948311	0.03232156831887436	1.9000000000000001	0.09999999999999999	2.7708227179883864	0.24252702345791002	0.038096055759618476	0.049999999999999996
105.39999999999999	20.4	1.9901999814418758	0.09999999999999981	2.8423600255305184	0.1972099814947607	0.030977671453925906	0.049999999999999906	1.900000000000002	0.09999999999999999	3.1000652472890207	0.21509020833358689	0.03378629091799473	0.049999999999999996
0.0	22.099999999999998	1.999999999998836	0.09728645346262561	2.5308908985398655	0.17806449946220557	0.027211318894244475	0.04864322673131281	1.9000000000000001	0.09999999999999999	3.537668776842014	0.24889781711841885	0.039096777687688024	0.049999999999999996
1.7	22.099999999999998	1.9811419749338735	0.08333822764583118	2.893501657701846	0.22564092986626977	0.029538063370979584	0.04166911382291559	1.9000000000000001	0.09999999999999999	3.0354238643380853	0.2367083016746925	0.037182053079246526	0.049999999999999996
3.4	22.099999999999998	1.9888152035732658	0.09799347714601675	4.007591181282578	0.2872047540476487	0.0442087942027432	0.048996738573008375	1.9000000000000001	0.09999999999999999	3.3997436500276588	0.24364324968864656	0.038271392165929785	0.049999999999999996
5.1	22.099999999999998	1.9813716796163525	0.06471737710256868	4.322058201190307	0.32259816863669283	0.03279462598941115	0.03235868855128434	1.9000000000000001	0.09999999999999955	2.8556339628487493	0.21314435017511818	0.03348063623321593	0.049999999999999774
6.8	22.099999999999998	1.9771365589353143	0.04607805123840144	5.399531099061495	0.3625061799441424	0.026237919490912063	0.02303902561920072	1.9000000000000017	0.09999999999999419	2.8354333472960263	0.19036136515505403	0.02990189331492035	0.049999999999997095
8.5	22.099999999999998	1.9762571335620167	0.04480834156420156	7.774983858569589	0.420403459408908	0.02959000430336864	0.02240417078210078	1.9000000000000112	0.09999999999999995	4.157125217798863	0.22478115126018813	0.035308540673223136	0.049999999999999975
10.2	22.099999999999998	1.976539536082114	0.047025728379550616	10.380969330476306	0.5627327353179313	0.04156785244499604	0.023512864189775308	1.9000000000000001	0.09999999999999999	3.7883627187777873	0.20535998587874502	0.03225787114889845	0.049999999999999996
11.9	22.099999999999998	1.9761640008551027	0.03666210707589055	41.46369319030124	0.8052833955461186	0.04637522639950595	0.018331053537945275	1.9000000000000001	0.09999999999999999	4.651715358024894	0.0903428722914757	0.014191025194755047	0.049999999999999996
13.6	22.099999999999998	1.9772200643714108	0.027020312508896277	599.679641521519	0.7427170997973843	0.03152344462628314	0.013510156254448139	1.9599999999999997	0.041669194161495886	309.6204226289945	0.3834720514266371	0.025099709528307725	0.020834597080747943
15.299999999999999	22.099999999999998	1.976804969574324	0.0271003065138013	594.2387949116974	0.7355117245750641	0.031310044151393164	0.01355015325690065	1.9599999999999973	0.04189407471430399	298.7881569285184	0.3698213487016707	0.024336855193537232	0.020947037357151994
17.0	22.099999999999998	1.9762958698478952	0.02748912071759205	657.6618313416795	0.7585047189119337	0.03275208953295644	0.013744560358796025	1.9597369619003506	0.04149163785338624	308.07725268673585	0.35531642375473205	0.02315771676861981	0.02074581892669312
18.7	22.099999999999998	1.9762450306648194	0.02733834356021692	697.7539589102139	0.7575485554848244	0.032531384622833	0.01366917178010846	1.9599999999999997	0.04061706289228857	332.5291987954639	0.361025560639556	0.023033839881670806	0.020308531446144286
20.4	22.099999999999998	1.9761928729740268	0.02747199123280459	649.0103834784093	0.7414639817234167	0.031996323220675645	0.013735995616402295	1.9599999999999997	0.040207583738851645	328.3976468763882	0.3751789386427709	0.023695523210709613	0.020103791869425822
22.099999999999998	22.099999999999998	1.9749814852149865	0.02796659204084123	655.8815983415051	0.7694937534261397	0.03380372211816711	0.013983296020420616	1.9578114979902494	0.04201274184626777	290.9282454668803	0.3413229890091039	0.022525085217045653	0.021006370923133885
23.8	22.099999999999998	1.9745768459892705	0.027698205553546074	620.4678855976445	0.7636501434589248	0.03322507336813807	0.013849102776773037	1.957203963382996	0.043320102034375293	296.1646764563051	0.3645091114513954	0.0248037723393494	0.021660051017187647
25.5	22.099999999999998	1.9743808435768946	0.027889320135484216	609.5331170357032	0.7489278081473039	0.032809360165028854	0.013944660067742108	1.95740242392988	0.042848271709997575	310.3228463778811	0.3812908645326414	0.025663127777629264	0.021424135854998787
27.2	22.099999999999998	1.974025606816493	0.02804280690244689	612.5722610888288	0.7649628646442804	0.03369626083240163	0.014021403451223446	1.9564225625575782	0.04326181754154612	275.54076362694474	0.3440874901773838	0.023382638844254275	0.02163090877077306
28.9	22.099999999999998	1.9745281642198758	0.027387462094288544	593.1736553869854	0.7221775585422486	0.031068168738091914	0.013693731047144272	1.9577872990958303	0.04210801563322547	328.29131206468156	0.39968838144510926	0.02643663509180427	0.021054007816612735
30.599999999999998	22.099999999999998	1.9739410340331607	0.028123963413340163	595.1468050233608	0.7405734323163089	0.032716326164198534	0.014061981706670081	1.9563864812736511	0.042935798841683845	284.54625040854427	0.3540763245961138	0.023880109458308835	0.021467899420841922
32.3	22.099999999999998	1.9743263262462416	0.027617299968845047	544.6761595318732	0.7239545521508148	0.03140598344315274	0.013808649984422524	1.9580095989373125	0.04252007907790976	305.3767141479974	0.40589046988637995	0.027109580358075726	0.02126003953895488
34.0	22.099999999999998	1.973772173859803	0.02826880861301668	537.8053439134492	0.739622528108984	0.032842598675864074	0.01413440430650834	1.9557667551997953	0.04430788086145982	263.6302136429762	0.36256025959442584	0.02523370696996562	0.02215394043072991
35.699999999999996	22.099999999999998	1.9745652680129995	0.028203379140648265	499.26111919941405	0.7217067382574192	0.03197288185338038	0.014101689570324132	1.9580354163329114	0.042191920865618404	268.81178579433583	0.388580784023147	0.02575315816603037	0.021095960432809202
37.4	22.099999999999998	1.974316982694197	0.027976913965984677	487.7338525164921	0.7129822974472824	0.03133274406600645	0.013988456982992338	1.957424812232048	0.043232042326837784	279.71178863968686	0.40889012041801864	0.027767210131090417	0.021616021163418892
39.1	22.099999999999998	1.9742863134267772	0.028454293758444823	504.1934726078166	0.7344468043408381	0.03282676100829421	0.014227146879222411	1.956283678871014	0.04429027955144378	243.22291366672442	0.3542971128940869	0.024648807428632773	0.02214513977572189
40.8	22.099999999999998	1.9751390680462522	0.027690582805753976	504.3543939733738	0.7138407221405036	0.031049405759168987	0.013845291402876988	1.9581784012290138	0.042314993380454566	281.0869368549179	0.3978379179132712	0.026443584685386948	0.021157496690227283
42.5	22.099999999999998	1.9753501590958507	0.028438950807400623	502.0180984764683	0.7355307503936249	0.03285748218278236	0.014219475403700312	1.9586298745751982	0.04331293564964641	263.11690265389115	0.3855051709043803	0.026228152791877766	0.021656467824823205
44.199999999999996	22.099999999999998	1.9763903816095514	0.02772669647128081	472.46871328489203	0.7191952703115964	0.031323106552833546	0.013863348235640406	1.9594789924115523	0.04336956364988461	266.40776323155126	0.405527811478369	0.02762648129243864	0.021684781824942306
45.9	22.099999999999998	1.9767845957451284	0.028064642570173638	470.8237882585279	0.7132187310648571	0.03144141861514589	0.014032321285086819	1.9599999999999997	0.04341497399212856	265.8843740134563	0.402770039604974	0.02746733851703565	0.02170748699606428
47.6	22.099999999999998	1.9770932231351535	0.028221889975056813	481.3438483674244	0.7194139783515362	0.031892226765196936	0.014110944987528407	1.9599999999999997	0.04297949531246236	270.47184729162814	0.4042457971616781	0.027291455745363062	0.02148974765623118
49.3	22.099999999999998	1.977317234981012	0.028570178935698503	488.6149313195115	0.7333732353109355	0.032912274278825905	0.014285089467849251	1.9599999999999997	0.0422830971506892	263.1955094003195	0.3950361110066108	0.026237561233141422	0.0211415485753446
51.0	22.099999999999998	1.9773686310268357	0.028352820572736637	500.20721287134177	0.739346434427513	0.03292790721603944	0.014176410286368318	1.9599999999999997	0.04340188626780033	260.28400062981916	0.3847206574641754	0.026228532233668025	0.021700943133900166
52.699999999999996	22.099999999999998	1.9767355125208652	0.02888130001975497	518.4414308895929	0.7477362878856447	0.03392228297554978	0.014440650009877485	1.9591008082341674	0.04374409877722548	240.9008707603359	0.34744584849568766	0.023874070797092077	0.02187204938861274
54.4	22.099999999999998	1.9763447029030763	0.02829068968174135	493.1476176059299	0.7460121244729088	0.03315196672856969	0.014145344840870676	1.9591694246050502	0.04382849231516633	253.72913191444715	0.38383032175858484	0.026425042133015313	0.021914246157583164
56.1	22.099999999999998	1.975810670312029	0.027360117035437722	492.25630500014734	0.7277224398648103	0.03127545198599208	0.013680058517718861	1.9591423336233385	0.04248759549821032	279.3599956626577	0.4129892000960582	0.027562634464766915	0.02124379774910516
57.8	22.099999999999998	1.9751584645388427	0.027859036439549748	506.6911837933421	0.738085161634294	0.03229925036256675	0.013929518219774874	1.9579583471153503	0.042869857087434245	260.657990757595	0.3796943807059739	0.02556854898997455	0.021434928543717122
59.5	22.099999999999998	1.974702609273143	0.02837726859267863	520.8170888055721	0.7491011982707244	0.03339111794685479	0.014188634296339315	1.9574272206023673	0.04348397398625523	257.1717624713143	0.3698950736629411	0.02526548570897382	0.021741986993127616
61.199999999999996	22.099999999999998	1.9740704681605237	0.028228419433518906	536.4919887747353	0.7495097633739589	0.03323408553798638	0.014114209716759453	1.956481163834875	0.04238836882668238	256.5686460975753	0.35844096323778424	0.023866251743657294	0.02119418441334119
62.9	22.099999999999998	1.9742657309921747	0.02727520002918666	575.5709910005864	0.7147260178541843	0.030621567141306122	0.01363760001459333	1.9581272147608724	0.04133343157448095	334.98292086242463	0.41597129254368587	0.027007519564402373	0.020666715787240476
64.6	22.099999999999998	1.9743444102603267	0.026564765983922864	566.2945013016905	0.6720065838733308	0.028041381080358554	0.013282382991961432	1.958592616091653	0.04135371973101256	376.2066447570407	0.44643439339867724	0.02899960633367477	0.02067685986550628
66.3	22.099999999999998	1.9735752074802622	0.027986406966232776	637.7976181921865	0.7329546757967909	0.03222138038277613	0.013993203483116388	1.9564269402997514	0.04255449407298622	314.9735365789788	0.3619664291663268	0.02419544433452602	0.02127724703649311
68.0	22.099999999999998	1.9742494322082222	0.02655874600769837	676.233419255139	0.6893280435412422	0.028757649729145893	0.013279373003849185	1.9584807471877965	0.04069979579655632	396.0993600881842	0.40376945173499135	0.025813421052548014	0.02034989789827816
69.7	22.099999999999998	1.9743861574163921	0.026427605092460907	647.8440161901026	0.6961474000456112	0.028898738891078888	0.013213802546230453	1.9591736382037839	0.040741863901313	398.75000102183714	0.4284808835805954	0.02742156401808284	0.0203709319506565
71.39999999999999	22.099999999999998	1.9740658859026863	0.026874524366438834	765.2403434008877	0.747830864607687	0.0315692343612445	0.013437262183219417	1.9582765460765086	0.039623133863412374	380.2769237878314	0.37162549408039425	0.02312992360297301	0.019811566931706187
73.1	22.099999999999998	1.9743203798613675	0.026533152690295922	821.1856247397824	0.727100725740554	0.030304234041539986	0.013266576345147961	1.9589237019697163	0.03861085850447578	423.0394687922802	0.37457098067594075	0.022717653083528317	0.01930542925223789
74.8	22.099999999999998	1.9744202360869616	0.02629196676118094	925.5933725932504	0.7600070271102051	0.03138777707254102	0.01314598338059047	1.9589134120648428	0.038980629286369896	436.3179307724454	0.3582617413434801	0.02193659187628256	0.019490314643184948
76.5	22.099999999999998	1.9744773608559876	0.026224003125306587	1100.3105911285725	0.7604507458369975	0.031324918893591465	0.013112001562653294	1.9588491834335775	0.03890106230447745	534.92496548266	0.3696993305780021	0.02259071633803189	0.019450531152238725
78.2	22.099999999999998	1.975281230197049	0.02667539288755618	974.3454917064736	0.7563259503097836	0.03169127437015677	0.01333769644377809	1.9599999999999997	0.037038923993258435	454.7979901192527	0.3530323945703109	0.020539638567961063	0.018519461996629218
79.89999999999999	22.099999999999998	1.9747014039310804	0.026167237431727233	1165.8839697109386	0.7627359405688782	0.031351040795279554	0.013083618715863617	1.959395399713636	0.038607499785006494	541.7968966113906	0.3544503366288209	0.02149547012072906	0.019303749892503247
81.6	22.099999999999998	1.975265257476055	0.026290467809969957	1088.5609372153028	0.775865465854078	0.03204089307349749	0.013145233904984979	1.9599999999999997	0.03729353711745758	497.8790811687758	0.3548604143725673	0.020787918643655427	0.01864676855872879
83.3	22.099999999999998	1.9759866224429776	0.027352948487364883	1182.6903869336563	0.7802752417882494	0.03352523660273139	0.013676474243682442	1.9599999999999997	0.03682391088145765	479.1564191099524	0.3161215267376503	0.018285374463010245	0.018411955440728826
85.0	22.099999999999998	1.9753775430022245	0.027621049269948746	750.4944926968533	0.8425962142789715	0.03655775795765547	0.013810524634974373	1.9599999999999997	0.032753674900750644	221.59143320397024	0.24878544020140517	0.012799849740909364	0.016376837450375322
86.7	22.099999999999998	1.975778940954894	0.027230504064799176	593.6087942983095	0.8523584109815893	0.03645841706829441	0.013615252032399588	1.9599999999999997	0.032220323360299424	188.34443242369142	0.27044235644731945	0.013687511059619928	0.016110161680149712
88.39999999999999	22.099999999999998	1.9762109627198383	0.0282103102731093	444.19222484715806	0.8327109336103036	0.03689962961344149	0.01410515513655465	1.9599999999999997	0.03301235103212094	124.53445507855335	0.23346019257945158	0.012106236978466614	0.01650617551606047
90.1	22.099999999999998	1.9768279883603777	0.02932710644759285	289.07015681929914	0.8462131355971313	0.03898242527515965	0.014663553223796425	1.9599999999999997	0.03697267296720632	71.94746137504053	0.21061630006478008	0.012231865741301392	0.01848633648360316
91.8	22.099999999999998	1.9774877346558932	0.02975175087694259	137.3576300045123	0.8139645903073622	0.03803977313399334	0.014875875438471294	1.9599999999999997	0.039901156412770325	37.51407238566239	0.22230382512535574	0.013933245686818472	0.019950578206385162
93.5	22.099999999999998	1.976776696971981	0.03078654327731283	58.14006379392604	0.7388550935878055	0.035730580955424834	0.015393271638656414	1.9599999999999997	0.05219661236998864	17.262504815570498	0.21937522559789072	0.01798662892848443	0.02609830618499432
95.2	22.099999999999998	1.9743415547862744	0.03820954574582891	26.126236751766054	0.6814328447795325	0.04089920009628619	0.019104772872914455	1.9000000000000001	0.09999999999999999	3.0436523191722653	0.07938551112736048	0.012469846927959322	0.049999999999999996
96.89999999999999	22.099999999999998	1.9743605936012307	0.047095764241260815	12.75274607539281	0.5256660645672829	0.03888764710279493	0.023547882120630408	1.9000000000000001	0.09999999999999999	3.4059069742575385	0.1403909169723726	0.022052553669557017	0.049999999999999996
98.6	22.099999999999998	1.9764104327466072	0.048881583606620684	8.476033084607385	0.4587926819457038	0.03522748399288749	0.024440791803310342	1.9000000000000046	0.09999999999999527	3.8485679671417765	0.2083161782959332	0.032722228767918714	0.04999999999999764
100.3	22.099999999999998	1.9751535996829104	0.04762126874898523	5.57498562877908	0.3752283000225397	0.028068320358860664	0.023810634374492615	1.9000000000000088	0.09999999999999966	2.5192111059128557	0.16955726231649476	0.02663399248281478	0.04999999999999983
102.0	22.099999999999998	1.9827439923598356	0.0629882715666898	4.734094248734381	0.35183517485636007	0.034811186366624905	0.0314941357833449	1.9000000000000592	0.09999999999999963	3.261143385998121	0.24236630982812696	0.038070810921685426	0.049999999999999815
103.7	22.099999999999998	1.9874197920397387	0.09781868491410224	3.932430414619314	0.24776192434204952	0.03806942018277901	0.04890934245705112	1.9000000000000001	0.09999999999999999	3.678805228902862	0.23178232459093706	0.03640828240834264	0.049999999999999996
105.39999999999999	22.099999999999998	1.9832614210357138	0.09667534512495589	2.6495742724411704	0.20683797837810047	0.03140985217956025	0.048337672562477944	1.9000000000000001	0.09999999999999999	2.8177705008414735	0.2199681511062222	0.03455251637695186	0.049999999999999996
0.0	23.8	1.9932228502507396	0.09772332794785499	2.432322369216541	0.16888596874016737	0.025924577943295755	0.048861663973927494	1.9000000000000015	0.08599445937756753	3.2448220548695788	0.225301104434863	0.03043362382696793	0.042997229688783764
1.7	23.8	1.9999997358081412	0.09722732123167595	2.618066456244948	0.18391697227516504	0.02808859435334953	0.048613660615837974	1.9000000000000001	0.09999999999999999	3.39736530102638	0.2386620623731855	0.037488949092109425	0.049999999999999996
3.4	23.8	1.9764232172905716	0.07242586584593956	2.9198477871932025	0.20693663231472362	0.023542411689316717	0.03621293292296978	1.9000000000000001	0.09999999999999999	2.598411355939311	0.18415565966310296	0.028927103375729322	0.049999999999999996
5.1	23.8	1.9758080161050458	0.04382854440353028	3.505596818443611	0.2830308729301912	0.01948546325486782	0.02191427220176514	1.9000000000000001	0.09999999999999999	2.6256764777959516	0.2119888692370491	0.03329913371189604	0.049999999999999996
6.8	23.8	1.984384973575599	0.08095853977799279	4.777201773811182	0.32390864161371447	0.041191260128468604	0.040479269888996396	1.9000000000000001	0.09999999999999376	3.512334967886049	0.238146869696211	0.03740802281564878	0.04999999999999688
8.5	23.8	1.9747012007874043	0.04392460007425165	5.38815382849447	0.36812412300796415	0.02539931303213299	0.021962300037125824	1.9000000000000037	0.09999999999999999	2.4368369125947837	0.16648716423395823	0.026151742603720027	0.049999999999999996
10.2	23.8	1.975575377975066	0.04671319728508785	7.537950975491213	0.4107807643299383	0.030141826751155336	0.023356598642543924	1.9000000000000048	0.09999999999999999	2.9518557739853106	0.16086142971371745	0.02526805429172828	0.049999999999999996
11.9	23.8	1.9750032989392672	0.03676509456291639	13.724363450684121	0.5726480874800126	0.033070699342526405	0.018382547281458196	1.9000000000000001	0.09999999999999999	2.652940620735127	0.11069375844795774	0.017387734916917356	0.049999999999999996
13.6	23.8	1.97954920422171	0.03374194204184774	196.20963661476327	0.8203790241694527	0.04348149819935264	0.01687097102092387	1.9599999999999997	0.044026535092745664	54.22493892449507	0.2267218024967194	0.01567933612364923	0.022013267546372832
15.299999999999999	23.8	1.976191330530995	0.027218957616560735	591.7118860952675	0.7675459065095882	0.0328167619116711	0.013609478808280367	1.9587226133562183	0.04236452826434301	287.8246198679689	0.3733550296415192	0.024845300746879868	0.021182264132171506
17.0	23.8	1.9763122290803645	0.027101871268781254	557.0321267875953	0.718383215665676	0.030582665317191327	0.013550935634390627	1.959673844133384	0.04165714302209424	309.93687353216444	0.3997138354396987	0.026155229751813603	0.02082857151104712
18.7	23.8	1.9755394757109404	0.02782368536610501	636.7435423627237	0.7577880683295175	0.033119387274096336	0.013911842683052506	1.9584632237449542	0.04299411115425333	281.89505950084543	0.33548312373632583	0.022656850035703068	0.021497055577126663
20.4	23.8	1.9755802160558968	0.027394878699741214	671.1563901255078	0.7458964024274046	0.032097246039153426	0.013697439349870607	1.9595282680916353	0.04107118140427844	327.1144221877046	0.3635419021285049	0.023453709825643175	0.02053559070213922
22.099999999999998	23.8	1.9754549345275882	0.027116352785966098	679.7040616000071	0.7264289525799775	0.030941709018621106	0.013558176392983049	1.959309197039113	0.04106113524683119	360.7344458766072	0.3855324110625553	0.024866331772579787	0.020530567623415596
23.8	23.8	1.975255623937301	0.02712483037136649	608.6722424507285	0.7086204694724834	0.030192606115006054	0.013562415185683244	1.9591370721437367	0.0416948572510158	349.59380133933826	0.40699954154687024	0.026656080320777955	0.0208474286255079
25.5	23.8	1.9747938985978069	0.02694031098939546	602.7155831260457	0.720039581386444	0.03047044890717682	0.01347015549469773	1.958599551161103	0.0419695405483117	343.8105063108628	0.4107363074243984	0.027078037562362614	0.02098477027415585
27.2	23.8	1.9740717422274496	0.028145491878615175	598.7868453353913	0.7501071329755835	0.03316286288240754	0.014072745939307588	1.956670589799135	0.043221937550874036	281.5686447392331	0.3527242632106691	0.023947459282441127	0.021610968775437018
28.9	23.8	1.9749555147699203	0.02743684225096476	529.6133863647938	0.7003754214573084	0.030184563516638382	0.01371842112548238	1.9590078088588103	0.041482331395230124	316.9495812763097	0.4191429111918483	0.027311475230119894	0.020741165697615062
30.599999999999998	23.8	1.9740458868581703	0.02778357851427141	574.8171722736494	0.740254292650766	0.0323064318029283	0.013891789257135705	1.9570372616726102	0.04273187147070978	296.9311507097818	0.3823903834765858	0.025667215232080636	0.02136593573535489
32.3	23.8	1.9743280298153216	0.027617190664349235	529.7344645394057	0.7115394347404352	0.030867279163116604	0.013808595332174618	1.9576448150321881	0.04307526263060957	298.433901022202	0.40085647329998214	0.02712293682045235	0.021537631315304784
34.0	23.8	1.9741104777326817	0.02808169163918404	535.1339732416244	0.7406397015954974	0.03267007500975501	0.01404084581959202	1.9566698035181125	0.04317082069237463	271.3766882316433	0.37559257950738684	0.025469896800405373	0.021585410346187314
35.699999999999996	23.8	1.974137365220921	0.027979419108743145	503.2103717187174	0.7130704283421855	0.03133942305065136	0.013989709554371572	1.9570084337795128	0.04313452870109945	279.0343597210164	0.39540351628458237	0.02679078637200286	0.021567264350549724
37.4	23.8	1.9742004910538973	0.028143668532906885	555.3586475043305	0.7406745766993683	0.032743720321244056	0.014071834266453443	1.9568464203805003	0.043527789450172515	282.6455479929946	0.3769606767742638	0.025774042343363838	0.021763894725086257
39.1	23.8	1.975264598785905	0.026808778556047966	512.5645621585577	0.6943905380704786	0.029241570831698576	0.013404389278023983	1.9588708773398362	0.04270311089402179	326.12720886555843	0.4418168261377481	0.029636140346755217	0.021351555447010895
40.8	23.8	1.9748377258883574	0.028515281706566652	561.5786539160456	0.7447172295941028	0.033357150555713894	0.014257640853283326	1.9573226649420679	0.043464865401341535	278.14951268395896	0.3688579205325616	0.025183571990769885	0.021732432700670767
42.5	23.8	1.9753433173391988	0.028269886953943148	527.8535587596183	0.7360166753332544	0.032683729144174695	0.014134943476971574	1.9582367992236087	0.04299066716750447	282.18491370188013	0.3934667078878999	0.02657064234337908	0.021495333583752236
44.199999999999996	23.8	1.976184164782194	0.028413535233832832	460.396935120058	0.7064430714926869	0.03152988011651757	0.014206767616916416	1.9593500823244547	0.04350087958213643	253.37056655192225	0.3887773084634162	0.02656555076327283	0.021750439791068214
45.9	23.8	1.9762236329139278	0.028108765108379934	497.7070962791699	0.7160128880250016	0.03161422085465281	0.014054382554189967	1.9593315196069776	0.04356510291982286	271.35179790645043	0.3903729441317706	0.026713963697620267	0.02178255145991143
47.6	23.8	1.9767206957889378	0.02795764422962199	502.19576935782106	0.7262268119676445	0.03189280591065398	0.013978822114810994	1.9599999999999997	0.04227381895575293	276.4823501434807	0.3998219578129446	0.026549601179147744	0.021136909477876466
49.3	23.8	1.9768656639604527	0.027612211531989818	502.51968723571775	0.722173550748384	0.03132294928872996	0.013806105765994909	1.9599190944414828	0.0428432433590294	277.4199568249205	0.39868160463679486	0.02683047833512805	0.0214216216795147
51.0	23.8	1.976871608112104	0.027810679796688886	516.5270939684998	0.7240889258383689	0.03163176221487515	0.013905339898344443	1.9599999999999713	0.0430416171785998	275.4891769811049	0.38619205956408104	0.026110296140118196	0.0215208085892999
52.699999999999996	23.8	1.9767698391176904	0.028044848827985486	556.9449752996493	0.7447726452893982	0.03280927981655579	0.014022424413992743	1.9599999999999997	0.041616003254471685	289.1312613887639	0.3866397291124026	0.025274741570167996	0.020808001627235843
54.4	23.8	1.9763132198502302	0.027571224670293427	547.1972110774985	0.7195855626248489	0.031164371698423725	0.013785612335146713	1.9599999999999997	0.0417203997278252	305.5344581387915	0.40178966652288456	0.02633098471243452	0.0208601998639126
56.1	23.8	1.9762676872718106	0.027103473114718387	521.2585541012056	0.6937292371166989	0.02953485352357244	0.013551736557359194	1.9599999999999997	0.04118942902758039	325.34263720819496	0.4329899197551682	0.028014536059862757	0.020594714513790194
57.8	23.8	1.9758871292295273	0.026771094119658927	493.41215761468004	0.6850551709352265	0.02880789641525104	0.013385547059829464	1.9597013548224143	0.04138097221531377	308.6240318294369	0.4284946887035184	0.027852617177921573	0.020690486107656884
59.5	23.8	1.9747675507729845	0.02723727822563991	542.7419774491352	0.7105282549815595	0.030399394753540424	0.013618639112819955	1.958474304798036	0.04171241870364441	322.975195601836	0.42282154627482654	0.02770399246248113	0.020856209351822204
61.199999999999996	23.8	1.973838814873133	0.02779075412217442	570.4010617062919	0.7511274401217473	0.032789427706918575	0.01389537706108721	1.9564778616625882	0.042316852742901395	281.09388862523156	0.3701559256663086	0.024604692593948072	0.021158426371450698
62.9	23.8	1.9733979639178403	0.0283553586634816	593.6096360049864	0.7597263773008148	0.03383858756751544	0.0141776793317408	1.9557928849706343	0.04264628902303509	279.19732472990455	0.3573283841830152	0.023936940399023946	0.021323144511517546
64.6	23.8	1.973779431651617	0.027999328633990975	600.3029443423337	0.7485676278730251	0.03292293442227873	0.013999664316995487	1.9567432728743728	0.041940718797285045	293.9106103858197	0.3665015647462161	0.024145242942455555	0.020970359398642523
66.3	23.8	1.9739180741103595	0.026538934377475135	614.5263002258532	0.7130251245637961	0.029724064208554935	0.013269467188737567	1.9579539901844787	0.04089452665858306	368.7680517433173	0.42787572465619467	0.027485441056031415	0.02044726332929153
68.0	23.8	1.9741631493977263	0.02648564876223699	681.1867676522551	0.7051375584490353	0.02933623257205252	0.013242824381118495	1.958363816853232	0.040249040384025256	395.1756400830203	0.4090701687689385	0.025862661603250365	0.020124520192012628
69.7	23.8	1.9738101185543173	0.02692558352824241	764.2230483357587	0.7427339914213614	0.03141364279482931	0.013462791764121206	1.9582388405412952	0.03945223381144246	384.25854313822265	0.3734536430225789	0.02314345403924188	0.01972611690572123
71.39999999999999	23.8	1.97453490650653	0.025719108891356677	736.4366393279993	0.7000241061242353	0.02828061111741343	0.012859554445678338	1.9598720398834921	0.03943328759515702	454.85043669414836	0.43236071287488625	0.02678114170446822	0.01971664379757851
73.1	23.8	1.974430649022139	0.02578652682490301	800.1432246766078	0.7241627148314064	0.029332487117306457	0.012893263412451506	1.959468603839512	0.039216544387252694	451.6960936525528	0.4088036483598017	0.02518279688667332	0.019608272193626347
74.8	23.8	1.9745064739440243	0.025607164869398125	1016.6739618824918	0.7245960386995621	0.02914589058031799	0.012803582434699062	1.9599999999999993	0.037675852706037745	563.2291965105956	0.40142037661301394	0.02375649585344903	0.018837926353018872
76.5	23.8	1.9743537145851826	0.02539167020902058	545.7109050702376	0.7101477262754068	0.028324343113332404	0.01269583510451029	1.959846722454705	0.03765874820623627	290.4990507995103	0.3780339342566078	0.02236230378242557	0.018829374103118135
78.2	23.8	1.9744025669688052	0.026375873824629654	1183.1898476483639	0.7575624011933334	0.0313866630843845	0.013187936912314827	1.958676649786692	0.03829613297278791	584.5895671661672	0.37429587237853734	0.022515927280212848	0.019148066486393955
79.89999999999999	23.8	1.9752339080712986	0.025966557672238523	1004.4941294346193	0.7215896679033437	0.02943232450607086	0.012983278836119262	1.9599999999999997	0.03812628225257243	521.3027804425576	0.37448372189926155	0.022427314858642536	0.019063141126286216
81.6	23.8	1.9754337688450763	0.026193795153432158	1082.6360531106016	0.7707300905798944	0.031711779915593485	0.013096897576716079	1.9599999999999997	0.03676458252398411	499.7685714987308	0.355785931267939	0.02054652054290919	0.018382291261992055
83.3	23.8	1.975775133884957	0.026681419359186942	1164.6659935156592	0.7794872820014894	0.03266915034524875	0.013340709679593471	1.9599999999999997	0.03836106644907607	485.52650484554397	0.32495302319192126	0.01958083153643538	0.019180533224538034
85.0	23.8	1.976605700249044	0.027685787004700275	1207.5221217700982	0.8166233194775673	0.03551391311967134	0.013842893502350137	1.9599999999999997	0.03795450412556986	467.8871322687617	0.3164228101544478	0.01886474686258577	0.01897725206278493
86.7	23.8	1.976013449318539	0.027592063501708425	628.7735440032445	0.8341438407450741	0.03615305528102237	0.013796031750854212	1.9599999999999997	0.03308739539577183	182.8781380628106	0.24260987747797733	0.01260929881769153	0.016543697697885915
88.39999999999999	23.8	1.9766286816196978	0.02826924526080064	548.6203809230985	0.8653004260892572	0.03842386151221928	0.01413462263040032	1.9599999999999997	0.032727965543348815	144.69302119033134	0.22821414814643137	0.01173225385266317	0.016363982771674408
90.1	23.8	1.977030972848084	0.02892712025705206	424.9901713573262	0.8759940621343945	0.03980395626982501	0.01446356012852603	1.9599999999999997	0.033742371443430834	100.1163509584669	0.20636084049210154	0.010937618392478404	0.016871185721715417
91.8	23.8	1.9775972543540865	0.029492190342619132	276.1711183691037	0.8686120978023264	0.04023951883715075	0.014746095171309566	1.9599999999999997	0.03658315023519752	61.22601959826668	0.19256778781718692	0.011065845922404354	0.01829157511759876
93.5	23.8	1.9774316937626184	0.03068853352002415	107.47383420550547	0.8148214232944085	0.03927882175039653	0.015344266760012075	1.9599999999999997	0.04299331591495065	27.59354347178513	0.20920264482631007	0.014128237591193582	0.021496657957475324
95.2	23.8	1.9747209981466651	0.03628158764263611	45.54235248609705	0.799406795409912	0.04555898036581396	0.018140793821318054	1.9000000000000001	0.09999999999999985	3.9851300080495453	0.06995115173286867	0.010987901219706242	0.049999999999999926
96.89999999999999	23.8	1.9747427475349906	0.04493456763727872	16.864239406148183	0.6129373235865628	0.043262988081071305	0.02246728381863936	1.9000000000000001	0.09999999999999999	4.1426075026785805	0.15056467678202698	0.023650644123426882	0.049999999999999996
98.6	23.8	1.9748907242076796	0.04522326153757717	9.484143777161256	0.5176048521475153	0.03676885421691003	0.022611630768788585	1.9000000000000001	0.09999999999999999	3.764458289761907	0.20544836964406665	0.03227175443829	0.049999999999999996
100.3	23.8	1.9758942672233433	0.05664509130616685	6.85057779350902	0.4078817465641499	0.03629246181016295	0.028322545653083425	1.900000000000038	0.09999999999999228	2.851812394183975	0.16979622088449145	0.02667152800689935	0.04999999999999614
102.0	23.8	1.9836850939911435	0.09416199999201331	4.320243301645354	0.2354233865741513	0.03482131389396325	0.04708099999600666	1.9000000000000001	0.09999999999999999	2.8534930888175403	0.15549564217355893	0.024425198355883998	0.049999999999999996
103.7	23.8	1.9805046866828808	0.061614894284646234	4.209469708685838	0.28463412608283206	0.027548157235478033	0.030807447142323117	1.9000000000000001	0.09999999999999999	3.354031225984759	0.22679145187642702	0.03562431795559731	0.049999999999999996
105.39999999999999	23.8	1.986818815841521	0.09999999999860484	3.034679644368698	0.20229589925762684	0.03177656554751174	0.04999999999930242	1.9000000000000001	0.09999999999999999	2.844125835725247	0.18959332152490807	0.02978124930361694	0.049999999999999996
0.0	25.5	1.9999999999998919	0.09999999999999999	2.150500595775207	0.17109659623889292	0.02687579048991625	0.049999999999999996	1.9000000000000001	0.09999999999999999	3.445180688065865	0.2741030113239983	0.04305600033511565	0.049999999999999996
1.7	25.5	1.9931776053387469	0.09999999999998152	2.810413676482341	0.1945968152104079	0.03056719625384375	0.04999999999999076	1.9000000000000001	0.09999999999999999	4.096993308015535	0.28368131579692246	0.044560556883414884	0.049999999999999996
3.4	25.5	1.9868989516252185	0.07767216335951058	3.051504781670781	0.21101778809466995	0.025745678692474162	0.03883608167975529	1.9000000000000001	0.08352907722984272	3.354736423639756	0.2319868754619764	0.03043834087136201	0.04176453861492136
5.1	25.5	1.975879324614638	0.0396031368991815	3.166547239806754	0.2567493036656291	0.01597197929311003	0.01980156844959075	1.900000000000027	0.09999999999999959	1.9264654475938612	0.15620125794674822	0.024536036222349324	0.049999999999999795
6.8	25.5	1.978316143030118	0.0549938908641207	3.254979319937108	0.22604838054185045	0.019527008913496305	0.02749694543206035	1.9000000000000001	0.09999999999999999	2.55132296646603	0.17718159414297577	0.02783161972554505	0.049999999999999996
8.5	25.5	1.9788047210921873	0.06919462259735565	5.6416970877995976	0.3960228247347368	0.04304398180337489	0.034597311298677824	1.900000000000002	0.09999999999999096	3.310141103804406	0.23235764164546113	0.03649865299993822	0.04999999999999548
10.2	25.5	1.9760940083644711	0.05126449370905864	6.24009923308805	0.4746067936962987	0.03821822388462055	0.02563224685452932	1.9000000000000081	0.09999999999999609	3.4484992830321737	0.26228448084693956	0.0411995499089663	0.049999999999998046
11.9	25.5	1.9747871056248858	0.0507636795399939	8.632876397489804	0.47034925525265253	0.03750536804209432	0.02538183976999695	1.9000000000000004	0.09999999999999999	3.6653217331126022	0.19969952864518703	0.0313687286058532	0.049999999999999996
13.6	25.5	1.9752229159967343	0.03913302246350376	23.212013650586456	0.746924158199962	0.04591343393666358	0.01956651123175188	1.9000000000000001	0.09999999999999999	4.244212556425098	0.13657173128749353	0.021452637385041447	0.049999999999999996
15.299999999999999	25.5	1.9773889024654632	0.027804451922889047	503.7116716765161	0.7187325519625982	0.031390738324289374	0.013902225961444524	1.9599999999999997	0.041871846669801704	256.34910696521814	0.3657776029473613	0.02405797678714926	0.020935923334900852
17.0	25.5	1.9754966174611608	0.0279035139682244	577.1046613342288	0.7682820695803042	0.03367436952255435	0.0139517569841122	1.9575333762549119	0.04281597494476843	258.31644554092344	0.34388891077050415	0.023128309277255805	0.021407987472384215
18.7	25.5	1.9762011942271398	0.027248710698244038	620.4809152444119	0.7326982282675073	0.03136107755014799	0.013624355349122019	1.9599999999999997	0.0408345501902635	339.1318037259653	0.4004656156769951	0.025686970453369734	0.02041727509513175
20.4	25.5	1.9757272648874435	0.027341803332158163	646.0570547812921	0.7443412677850251	0.03196826966291033	0.013670901666079082	1.9594083732350485	0.04147370073883702	320.2611693549739	0.36898227959246604	0.024037991444783326	0.02073685036941851
22.099999999999998	25.5	1.9754250217684877	0.027204786804935214	689.5638157092161	0.7418593777405549	0.03170200971863724	0.013602393402467607	1.9590433511589553	0.04127915148218722	349.4567677986699	0.37595908369946957	0.024377615400506206	0.02063957574109361
23.8	25.5	1.9754494278294914	0.026431655531895575	579.7300171238062	0.6969555192601466	0.02893672016756182	0.013215827765947787	1.9597606247065513	0.041592842796505276	357.7409860737273	0.43007873897342996	0.028098714737864808	0.020796421398252638
25.5	25.5	1.9741101814735433	0.028173770334286804	618.7410794898063	0.7709083342555876	0.034116744877920394	0.014086885167143402	1.9567631729328228	0.04239511345243208	279.2088858961331	0.3478748450208444	0.02316640821107012	0.02119755672621604
27.2	25.5	1.9743268765934543	0.027686735119504806	597.8722127388662	0.754504175773065	0.032813553973512925	0.013843367559752403	1.9572901857073897	0.04269859557070548	302.4812691345039	0.3817260206986758	0.025602668475110515	0.02134929778535274
28.9	25.5	1.974116324108741	0.027940825302174052	585.4109140312097	0.7463294571893333	0.03275591159168881	0.013970412651087026	1.957018475695097	0.042859387453911164	293.75344139580915	0.37450078433752054	0.02521265426303429	0.021429693726955582
30.599999999999998	25.5	1.9754165222848359	0.027541177090673774	482.88657887252117	0.689506467074841	0.02982913905461985	0.013770588545336887	1.959674596396709	0.04147062637183709	301.22437233699014	0.43011374068804864	0.028018429542537422	0.020735313185918546
32.3	25.5	1.9747440532182088	0.027552429321578167	514.293580689579	0.6997369381046319	0.030284093218037086	0.013776214660789083	1.9585644262952744	0.04191615588632085	314.71398528634097	0.4281931735327075	0.028192985185656765	0.020958077943160423
34.0	25.5	1.9744529916293667	0.02850738398249556	475.29519823139645	0.7251069263088774	0.032469776268147385	0.01425369199124778	1.957909571337551	0.043423447518082574	259.0353577851317	0.3951824735192324	0.02695515619175622	0.021711723759041287
35.699999999999996	25.5	1.9741038313908423	0.027892728525170524	509.95738311691105	0.7209547544055991	0.03158776418266081	0.013946364262585262	1.957152296492094	0.04418929750197631	267.5306348212438	0.37822274862388927	0.026253343497012853	0.022094648750988155
37.4	25.5	1.9746728122797093	0.027867177215825815	481.9009715679908	0.7060034671417873	0.03090435545327012	0.013933588607912908	1.9578362947233088	0.042722282962091095	298.32146513912136	0.4370524259906414	0.02932971645382623	0.021361141481045547
39.1	25.5	1.9750861517541145	0.027255917417000383	543.8886112927281	0.701432522030092	0.03003077774815284	0.013627958708500192	1.958263946846433	0.04302499726448331	346.9847123209399	0.4474930285645731	0.03024314852531676	0.021512498632241656
40.8	25.5	1.9752079007440158	0.027909393810907585	566.7995298212697	0.723706852449617	0.031727289074845746	0.013954696905453793	1.9579548717360387	0.043483319413400265	313.44378531934115	0.40021454387035976	0.027336029448603007	0.021741659706700132
42.5	25.5	1.9756129084435252	0.028704461592557688	569.1821116145456	0.726575002422523	0.03276044062154528	0.014352230796278844	1.9587287811713776	0.04334032813073387	298.3672279283962	0.3808731246664427	0.02592939603153006	0.021670164065366936
44.199999999999996	25.5	1.9761252613112146	0.027249378285205548	568.4634884042877	0.7169415935878001	0.030687411136190633	0.013624689142602774	1.9595730349480167	0.04164968886355214	332.1442481201104	0.41889766256878486	0.02740561645890154	0.02082484443177607
45.9	25.5	1.9766482712738962	0.0276718671432377	556.7026177054596	0.7220593696669444	0.031385658778151894	0.01383593357161885	1.95999999999994	0.042369946747746516	309.84893303450355	0.4018830128749991	0.026747145774331817	0.021184973373873258
47.6	25.5	1.9765176113946425	0.027830092431644166	571.4174302986268	0.7261857732150936	0.03174550660900929	0.013915046215822083	1.9599356007183082	0.04207621136693237	303.3536320888964	0.3855169271979621	0.025480031281443997	0.021038105683466184
49.3	25.5	1.9767292500370366	0.028256080234785593	574.1050629761903	0.7432571771986554	0.03298913314599231	0.014128040117392797	1.9599999999999997	0.04229567196188396	297.94765577129067	0.38573381052156014	0.02562733899035621	0.02114783598094198
51.0	25.5	1.9766063427925213	0.028533743985919388	584.2706951428626	0.7376574831051612	0.033062324932105994	0.014266871992959694	1.9594691658466743	0.042858672161565144	295.65272010483824	0.37326951907523526	0.025129341940566555	0.021429336080782572
52.699999999999996	25.5	1.9767387875364344	0.027175891588358054	636.9194168500256	0.7162175617243312	0.030573745359357495	0.013587945794179027	1.9599999999999997	0.04203905863184031	355.7543736429851	0.40004673012401226	0.026417005366664848	0.021019529315920157
54.4	25.5	1.9763283701161798	0.027281392575805974	588.790265718122	0.7124223770267022	0.030529800347187663	0.013640696287902987	1.9598832252690013	0.04202333578119102	331.4721139515996	0.40107346382747144	0.02647490005009697	0.02101166789059551
56.1	25.5	1.9757861113099375	0.027408594912435153	551.9521497541009	0.7296092383101672	0.03141210016591699	0.013704297456217577	1.9593374382169695	0.04174772450795452	301.45429504908554	0.39848352559923617	0.026131422820574807	0.02087386225397726
57.8	25.5	1.9748897862659527	0.02792037568071222	588.4683060392936	0.7586350456876604	0.03327162680068901	0.01396018784035611	1.9577758785828383	0.04235597387365793	286.95120069677586	0.3699285671235313	0.024612312410486954	0.021177986936828964
59.5	25.5	1.9748829062090352	0.02716280626618206	516.5616479297443	0.7009320067999079	0.029906831570224793	0.01358140313309103	1.9590135137674318	0.04151861431258263	301.5127251798819	0.4091281657921057	0.026682228949258757	0.020759307156291314
61.199999999999996	25.5	1.9747434520058396	0.026415911848048906	514.4145289397604	0.6754111741902729	0.02802552294636522	0.013207955924024453	1.959080016298735	0.041133092298975646	354.91471980331625	0.4659926074285524	0.030108579349828326	0.020566546149487823
62.9	25.5	1.973919133168067	0.02702635462107577	588.3938248043846	0.7138516381106128	0.030305071183484526	0.013513177310537885	1.9569761591587138	0.04242670804170044	313.1668100812603	0.37994049385665296	0.025320646806377068	0.02121335402085022
64.6	25.5	1.9733518925301063	0.02785794037560585	653.5591415422025	0.7664800801981358	0.033540517118780894	0.013928970187802925	1.9558987077165628	0.042815057496360415	300.9067914073019	0.3528970018930404	0.023733641464122938	0.021407528748180207
66.3	25.5	1.9741085684328405	0.0265735696027337	683.6565712597054	0.7032300950503312	0.029353995412456386	0.01328678480136685	1.958715073488128	0.03970244200330995	412.4975248309564	0.42430759212976954	0.026461709640977715	0.019851221001654974
68.0	25.5	1.9743878955366543	0.02711736528898861	685.1788951407949	0.7402862089972495	0.03153312608108564	0.013558682644494306	1.9588371118198373	0.03911160587600145	361.73231826462336	0.39082559089167257	0.02401090437446313	0.019555802938000726
69.7	25.5	1.9740907216119028	0.02602411387454059	750.4984065591714	0.7254270730890637	0.029654430442107065	0.013012056937270295	1.9590196272596854	0.03829801671553632	433.26288722809704	0.41878920116696505	0.025193681570602873	0.01914900835776816
71.39999999999999	25.5	1.9740408337879105	0.026035402917000842	816.8887906297613	0.7198215721498737	0.02943804995181657	0.013017701458500421	1.958906414917418	0.03815489619576819	458.7076252999244	0.40420146265684015	0.024225236977001498	0.019077448097884094
73.1	25.5	1.9737330821790084	0.026256939866108886	937.5584490102945	0.7399765028069983	0.030519816348585534	0.013128469933054443	1.9584416307810186	0.03922949006531896	463.28595019082155	0.36565263486634864	0.02253207806207557	0.01961474503265948
74.8	25.5	1.9739833069791355	0.02568333229507845	1046.7226308448312	0.7171795178541348	0.028933376988543365	0.012841666147539225	1.958918908462322	0.03790809212310757	600.0024518936807	0.41110171546887936	0.02447941829391321	0.018954046061553785
76.5	25.5	1.9744067521331612	0.025101449460473026	645.4444001337292	0.7194693373143223	0.028368146879559807	0.012550724730236513	1.9599999999999997	0.037689783101488274	359.0310312876167	0.4002076989160644	0.023693485534695122	0.018844891550744137
78.2	25.5	1.9750845275827151	0.02595393771089241	1140.6022203024065	0.7630596451732259	0.031108682702186946	0.012976968855446205	1.9599999999999995	0.03765498696425612	540.8325087937401	0.36181541199251877	0.021400772035994393	0.01882749348212806
79.89999999999999	25.5	1.975174932031981	0.02621952280742624	1069.6050116890688	0.7570654414989072	0.031180141540802748	0.01310976140371312	1.9599999999999997	0.037009027976454056	505.06755474037277	0.35748634976239946	0.02078198462224012	0.018504513988227028
81.6	25.5	1.975482984478994	0.02633097368707186	1098.120175922468	0.7860285551701316	0.03251061010326514	0.01316548684353593	1.9599999999999997	0.036980659362007895	486.3041640168573	0.3480939225019553	0.020220457065221846	0.018490329681003947
83.3	25.5	1.9757966373725822	0.026726028377844043	1117.865591282677	0.7858581668849542	0.03299122738682522	0.013363014188922022	1.9599999999999997	0.03717831562947862	484.24644164107946	0.3404246663607972	0.01988065128255852	0.01858915781473931
85.0	25.5	1.976426111009559	0.026694456614758017	1142.6567731666837	0.7885500544686712	0.03306512950311711	0.013347228307379009	1.9599999999999997	0.03835461530751117	471.1994540123465	0.32517582169255865	0.01959096165351374	0.019177307653755585
86.7	25.5	1.977224122766022	0.02898534882053194	1034.1186921406568	0.8382462646036327	0.03816541903290951	0.01449267441026597	1.9599999999999997	0.035653254902317105	334.0713206399408	0.270794869840283	0.01516559638848415	0.017826627451158553
88.39999999999999	25.5	1.9765783998456972	0.027955998040807527	582.9350799102571	0.8694106722232919	0.03817858650374712	0.013977999020403763	1.9599999999999997	0.03315220302940036	153.44917479665247	0.22885970463916086	0.011917951221070847	0.01657610151470018
90.1	25.5	1.9770606513778133	0.028259184339317733	503.1586056716483	0.8736064522646405	0.03877888630878002	0.014129592169658867	1.9599999999999997	0.03337917326024532	125.34781135411721	0.2176344706060109	0.011410985044877526	0.01668958663012266
91.8	25.5	1.9775851839899117	0.02824324128912832	364.0557432848165	0.848727628117902	0.03765327473341942	0.01412162064456416	1.9599999999999997	0.033701786276968675	91.30987671892032	0.21287183768107146	0.011269146026100348	0.016850893138484337
93.5	25.5	1.9775927527843367	0.03044298155467179	199.71365559384577	0.8491875944216738	0.04060791605213985	0.015221490777335894	1.9599999999999997	0.04021893014231389	43.17142453338845	0.18356600623154723	0.01159691970243636	0.020109465071156945
95.2	25.5	1.9768192127108564	0.030572327842447785	68.4905157382293	0.7485359063160936	0.03594686518238707	0.015286163921223892	1.9599999999999997	0.04983416721422267	18.474696152406125	0.20191077960648	0.015805439903072316	0.024917083607111336
96.89999999999999	25.5	1.9744529286850452	0.038452117054704776	28.3880788413061	0.7349601274750107	0.04439191818863617	0.019226058527352388	1.9000000000000001	0.09999999999999999	3.346940172841752	0.08665142822217951	0.013611174516293121	0.049999999999999996
98.6	25.5	1.9748173434442926	0.0473099373041196	13.47208712767566	0.6060239705057889	0.045036232448130785	0.0236549686520598	1.9000000000000001	0.09999999999999999	3.372120512301671	0.1516903685762945	0.02382746737698074	0.049999999999999996
100.3	25.5	1.9752431407425874	0.04823030374758265	7.745456227538185	0.4683929472733977	0.03548544217564397	0.024115151873791325	1.9000000000000026	0.09999999999999974	2.8328745274249463	0.17131314285124372	0.02690980555224223	0.04999999999999987
102.0	25.5	1.9791575606797627	0.06835732718352526	5.741531154012858	0.3129510315285525	0.033603254223569835	0.03417866359176263	1.9000000000000001	0.0999999999999089	3.5456614470715806	0.19326175850087296	0.030357486036281706	0.04999999999995445
103.7	25.5	1.9790716644204762	0.06513000253192633	5.272222150678075	0.3551486071818416	0.036333822304858945	0.032565001265963164	1.9000000000000001	0.06328980101030379	3.833316946013263	0.25822075310086623	0.02567111608818896	0.031644900505151896
105.39999999999999	25.5	1.9865442165229004	0.09278864509321695	3.414250306003556	0.258924614333835	0.03773879666974625	0.046394322546608475	1.9000000000003108	0.09999999998969326	3.5311826169255545	0.2677923454007122	0.042064723245587396	0.04999999999484663
0.0	27.2	1.9947952499546255	0.09999999999999999	2.9102431181982054	0.20132339421378778	0.03162380481288988	0.049999999999999996	1.9000000000000001	0.07650679355854201	3.849411505853258	0.2662927317782958	0.032002152525886174	0.038253396779271004
1.7	27.2	1.9836878492869978	0.06882357502151892	2.6932058235218443	0.16299060641913	0.017620558951494312	0.03441178751075946	1.900000000000004	0.09999999999999416	3.141096432953342	0.1900965785669291	0.02986030073491923	0.04999999999999708
3.4	27.2	1.987117045602385	0.07364435786871576	3.144920102544993	0.19018796372488456	0.022000998195184193	0.03682217893435788	1.9000000000000037	0.09999999999995887	3.7724437956713226	0.2281372436726439	0.03583571443659539	0.049999999999979436
5.1	27.2	1.9879312666605422	0.09999999999999963	2.4627370041190995	0.2028851732383917	0.03186912848840107	0.049999999999999815	1.9000000000000001	0.09999999999999956	2.8572973999373694	0.23538984349945008	0.03697495015337601	0.04999999999999978
6.8	27.2	1.982441332485276	0.08305221984959994	3.238519510950186	0.19963651177231706	0.026044204382876687	0.04152610992479997	1.9000000000000898	0.09999999999962879	2.561879711512051	0.15792547411161875	0.024806875464095244	0.049999999999814394
8.5	27.2	1.9831782265314917	0.06827669058578434	3.980693796911614	0.2790982100520445	0.029932941070776067	0.03413834529289217	1.9000000000000001	0.09999999999999992	2.9429281011878166	0.20633738922361503	0.03241140130729031	0.04999999999999996
10.2	27.2	1.9761203601838533	0.04746655752577126	5.237971740378666	0.3580912023373611	0.02669938539924071	0.02373327876288563	1.9000000000000001	0.09999999999999999	2.7056913162697973	0.184973173705356	0.02905551818119675	0.049999999999999996
11.9	27.2	1.976257269168251	0.051067511111588304	7.266633916693622	0.42090132450428824	0.03376329796680304	0.025533755555794152	1.9000000000000004	0.09999999999999966	3.26747892918004	0.18926042303057133	0.02972895773040687	0.04999999999999983
13.6	27.2	1.9755418107972882	0.047157261578369226	12.230538218910258	0.5553020585332559	0.04113369638500587	0.023578630789184613	1.9000000000000008	0.09999999999999994	3.700298217143136	0.16800431676747596	0.02639005636640373	0.04999999999999997
15.299999999999999	27.2	1.979403891955376	0.03232535110688087	111.36113570625858	0.7092522094777183	0.036013375157095205	0.016162675553440434	1.9599999999999997	0.052887388302164884	50.9648457606235	0.3245919613891102	0.026965579529369593	0.026443694151082442
17.0	27.2	1.9761103293193722	0.0273542966832726	572.0896613720589	0.7357766610851392	0.031614872728661605	0.0136771483416363	1.9588071934089184	0.04245418431594811	281.87726621372195	0.36252833738181706	0.024175882564444258	0.021227092157974053
18.7	27.2	1.975657143102364	0.027452334616003944	626.6640914403177	0.7500749525367665	0.03234475188783999	0.013726167308001972	1.9587588570885386	0.042118864863412424	298.7040865815178	0.35752878874903316	0.023654161230489128	0.021059432431706212
20.4	27.2	1.9758393777408045	0.027351657095266418	672.8639396932446	0.7533252258471161	0.03236577648532002	0.013675828547633209	1.9596692373281688	0.04115701823099117	333.7039779259429	0.3736084068522804	0.024153519383925903	0.020578509115495584
22.099999999999998	27.2	1.9759884995130264	0.026838681338697344	656.7871001918124	0.7166605839099317	0.030213050040892652	0.013419340669348672	1.9599999999999997	0.041000733288944304	349.7508224789439	0.3816345183812785	0.024578713670506035	0.020500366644472152
23.8	27.2	1.9751422569158623	0.027521846978318956	655.9089790181388	0.7443113010758082	0.03217748273236798	0.013760923489159478	1.959235579266709	0.04107513646879717	332.57385628206777	0.3773976078870833	0.02434994783355388	0.020537568234398586
25.5	27.2	1.9749446654312899	0.026993017790660614	628.4433974726978	0.7179507925304259	0.03044149641083241	0.013496508895330307	1.9585976372201341	0.04148209502295896	341.16359357106643	0.3897545480975738	0.025396376144093038	0.02074104751147948
27.2	27.2	1.9751150491103968	0.02672289655480883	577.8756467993189	0.6905721390110653	0.028987613384666374	0.013361448277404415	1.959022670368878	0.04132475001882596	364.8338835864954	0.43598327212348115	0.028300879920659702	0.02066237500941298
28.9	27.2	1.974879955111399	0.027260411048638362	527.6820337774581	0.7068356688032181	0.03026709460146851	0.013630205524319181	1.9585512432797736	0.042042784797895645	302.10413596095964	0.40467168734465514	0.026724782049353493	0.021021392398947823
30.599999999999998	27.2	1.9745413161274505	0.0274722997162034	562.5628662442341	0.695863757653988	0.03002887836929424	0.0137361498581017	1.958491147293201	0.041693848922759784	317.7738876811194	0.39307132559669994	0.025743241376793104	0.020846924461379892
32.3	27.2	1.9742777447691324	0.02782127388033919	561.4639999913293	0.7361865322710268	0.03217249609630942	0.013910636940169595	1.9569763161719058	0.04390232723301078	282.16360318133604	0.36997037131921867	0.02551375406982563	0.02195116361650539
34.0	27.2	1.9751300977767108	0.027118785390111252	485.25000389250187	0.6851570881395144	0.029186382261845077	0.013559392695055626	1.9596075801842543	0.04164515074985501	306.421797124641	0.43265752617470543	0.02830274629013782	0.020822575374927505
35.699999999999996	27.2	1.9745521237148853	0.027295833364741024	526.6956012811111	0.7022986371327723	0.03011189316374595	0.013647916682370512	1.9582272523993074	0.04206666997071871	318.82408816329826	0.4251216870950794	0.028091263395598757	0.021033334985359354
37.4	27.2	1.975750730943798	0.027229137316328353	453.92988350658993	0.6771491990977007	0.02896263880919321	0.013614568658164176	1.9596765723622107	0.04157858612210402	291.327080459911	0.4345867200568129	0.028383506374934992	0.02078929306105201
39.1	27.2	1.9750800000861046	0.027283816759411487	561.2069573248115	0.7085327781270416	0.030365815398038017	0.013641908379705744	1.9584225769687797	0.04211618347569808	321.960127149029	0.4064798206038771	0.026891057184816866	0.02105809173784904
40.8	27.2	1.9747977216319426	0.028887434881778994	566.4959729184486	0.7505735374237799	0.034058232444902414	0.014443717440889497	1.9565891056859215	0.04474380091156416	258.6720640815196	0.3427251303661545	0.02408788678281709	0.02237190045578208
42.5	27.2	1.9753978369125522	0.02800678813320951	529.8048683711208	0.7260104877339691	0.031939350291987266	0.014003394066604755	1.9583709040330182	0.04307599275561109	274.94282030557963	0.3767639426997148	0.02549320893058527	0.021537996377805544
44.199999999999996	27.2	1.9756364269057427	0.027885574550842215	583.0545935235762	0.7550756592205838	0.033074245414049824	0.013942787275421108	1.9586446255275383	0.042936777377335776	289.8206727994477	0.37532769315356973	0.02531395081329469	0.021468388688667888
45.9	27.2	1.9762275296637726	0.027481618459289973	655.9579083337879	0.7409737974870673	0.03198637565895956	0.013740809229644987	1.9592721947806822	0.04184430999039566	344.5988820374684	0.3892608641333284	0.025585683908855187	0.02092215499519783
47.6	27.2	1.9764098175558118	0.027764311927330566	657.091649424473	0.7467720749071954	0.032568282868807516	0.013882155963665283	1.9597160550026222	0.041611318886856825	350.1965428703743	0.3979916639843027	0.026013892064287582	0.020805659443428413
49.3	27.2	1.9763855286513794	0.028032881468590252	580.9960788652271	0.7578228225862803	0.03336993018728852	0.014016440734295126	1.9594852415859458	0.04257988862356426	281.52756346083123	0.3672107618943421	0.024560646749449723	0.02128994431178213
51.0	27.2	1.9766651125750563	0.02746926338738737	635.552777716905	0.73612469029074	0.03176276308282786	0.013734631693693685	1.9599999999999997	0.04199874707387882	337.2579890488871	0.39062677631357046	0.025770225636670346	0.02099937353693941
52.699999999999996	27.2	1.9762321342351314	0.027666662046075888	632.5858844352376	0.7615442233090101	0.033095715172456755	0.013833331023037944	1.9589294113578533	0.04300959071002407	289.00366270009204	0.34791966634047267	0.023505211585906866	0.021504795355012034
54.4	27.2	1.975860540601959	0.02732427819975628	570.9450085091919	0.7238900701299987	0.031069995813533136	0.01366213909987814	1.9594266098363138	0.04111480072072784	310.1213889989821	0.39319687655640756	0.025393825208267367	0.02055740036036392
56.1	27.2	1.9755885699796585	0.027520871720807197	525.6532909436671	0.7290551347410161	0.03151682324597722	0.013760435860403599	1.9591134322369033	0.04241455138275705	279.6967730387085	0.38792560051948005	0.02584539631046848	0.021207275691378525
57.8	27.2	1.9752845262503322	0.02720644790521222	508.99391688955524	0.7053534994001049	0.03014383792199872	0.01360322395260611	1.9597040479120966	0.04066531808219205	300.6452501349829	0.41662812113085523	0.026612926275858505	0.020332659041096025
59.5	27.2	1.9746964512669924	0.02710571511417736	548.0950675995605	0.6899365255779051	0.02937581225231257	0.01355285755708868	1.9588446826387615	0.04154923725329123	331.9928496587634	0.4179092401131082	0.02727500923074755	0.020774618626645616
61.199999999999996	27.2	1.9743790309674298	0.027007127175250608	563.5582838064436	0.7148405627968426	0.030325464001352085	0.013503563587625304	1.957889459826929	0.04168571745132973	331.3844510781978	0.42034170079242683	0.027523878667920512	0.020842858725664864
62.9	27.2	1.9735675905178471	0.027466224421723032	631.9826055962217	0.7402382475015069	0.03193672379324091	0.013733112210861516	1.9569004078701144	0.04178765745683648	339.12919686148695	0.39722043002197693	0.026073508843252706	0.02089382872841824
64.6	27.2	1.9734789778356565	0.0272435480277343	645.0200151109101	0.7287721431317036	0.03118712258786021	0.01362177401386715	1.9572374350414596	0.04192339907563157	349.3725222698937	0.3947365288535721	0.025994632506171542	0.020961699537815785
66.3	27.2	1.9732442518365865	0.027447587496483444	732.0791091273801	0.7535141586230943	0.032487438650750405	0.013723793748241722	1.956755297546761	0.04126399954075559	350.33201955002335	0.3605896325393344	0.02337246041882758	0.020631999770377794
68.0	27.2	1.97294382816392	0.027590741733330437	767.1991950370287	0.7715847577187794	0.033440048046923125	0.013795370866665218	1.9566104960026678	0.039207535248762464	332.39530419396937	0.33429538496972133	0.020588267374974184	0.019603767624381232
69.7	27.2	1.9744028687984214	0.02615050512013419	668.0553911135029	0.6785792086714221	0.027874077810660012	0.013075252560067094	1.9599816351041743	0.03883823159516739	432.5049110884852	0.4393181227439031	0.026801459420003945	0.019419115797583694
71.39999999999999	27.2	1.9735446775207461	0.026249244032266236	914.3654768886613	0.7515400047067972	0.030987659887146496	0.013124622016133118	1.9580992411763907	0.038320269384936795	468.7913619811724	0.3853114222867102	0.023193180827871765	0.019160134692468397
73.1	27.2	1.9735855167705438	0.026545217175469482	984.7394652298941	0.749415358291528	0.031248469343793068	0.013272608587734741	1.958161214820204	0.03832245074716745	476.84800407167495	0.36289519252541264	0.02184511657597263	0.019161225373583723
74.8	27.2	1.9749431922733043	0.027736050619110986	746.2117190169233	0.7602266816391359	0.03312131768311944	0.013868025309555493	1.9599999999999997	0.0355140678567018	322.91673713088574	0.32898159229952123	0.018352358974149205	0.0177570339283509
76.5	27.2	1.9746055510583442	0.025707357295034667	1099.7541427548083	0.7139592305476784	0.028830403689032266	0.012853678647517333	1.95999999999999	0.03782263802270041	623.8671962258877	0.4050139263541545	0.024062550042509335	0.018911319011350205
78.2	27.2	1.9750167594714543	0.026072958656630466	1035.335489989052	0.7385527024599224	0.030247653171949846	0.013036479328315233	1.9599999999999997	0.037672862874642735	528.0747521104263	0.37670015086233843	0.022291756782100183	0.018836431437321367
79.89999999999999	27.2	1.9752372025115539	0.02626636014437935	1049.4984185809365	0.7722824070170143	0.031863678629454446	0.013133180072189676	1.9599999999999997	0.03627809598535503	480.11091221026004	0.3532937299879121	0.02013261982087041	0.018139047992677515
81.6	27.2	1.9756278352634946	0.02627937044167606	1052.0876870049394	0.7729143601170365	0.03190554813223541	0.01313968522083803	1.9599999999999997	0.03642117326973336	455.1822628095706	0.33439884502177647	0.019131039914834155	0.01821058663486668
83.3	27.2	1.9758459386221081	0.026659564664413635	1045.1065160556016	0.7976624215908716	0.033403506821173795	0.013329782332206818	1.9599999999999997	0.03800575617775721	429.1261043825272	0.3275242880328697	0.019552971449469	0.019002878088878607
85.0	27.2	1.9761915036914246	0.02713910999226869	1116.69639884949	0.8018971471722554	0.034184886841730995	0.013569554996134344	1.9599999999999997	0.0374793041604804	444.31533606449574	0.31906183345991346	0.018783920985947666	0.0187396520802402
86.7	27.2	1.9767512044569984	0.027350385436483646	1159.3615661989718	0.8171190515801173	0.03510497470899511	0.013675192718241823	1.9599999999999997	0.037663991393374265	454.0567944381315	0.3200196280882399	0.018933148232579286	0.018831995696687132
88.39999999999999	27.2	1.9767535621739991	0.02776693212035139	616.1233738737304	0.8638582398121697	0.03767820942360072	0.013883466060175695	1.9599999999999997	0.034459797931587176	166.90578841007166	0.23401634592090007	0.012667146612698065	0.017229898965793588
90.1	27.2	1.9769333510340108	0.028167737750047637	580.9826851795249	0.8491705255617585	0.0375722114004384	0.014083868875023818	1.9599999999999997	0.03330992732099528	137.85595776053358	0.20149174681024978	0.010542675130979928	0.01665496366049764
91.8	27.2	1.9776018740860668	0.02866942837963892	479.81046880491476	0.8835553630379047	0.03978988447979755	0.01433471418981946	1.9599999999999997	0.033589347716396316	109.72024967545664	0.2020462689696416	0.010660370094982337	0.016794673858198158
93.5	27.2	1.977531231484654	0.028947918855787885	335.17009397092727	0.8706874129679012	0.039591275158820646	0.014473959427893942	1.9599999999999997	0.035663862655111664	75.56307992456705	0.19629383336663334	0.01099651097420027	0.017831931327555832
95.2	27.2	1.977748884929988	0.029462251765084515	122.71378013114506	0.8261155348419559	0.038231963459199304	0.014731125882542257	1.9599999999999997	0.04072010410891794	32.96945190976517	0.22195206087510203	0.014196717441576096	0.02036005205445897
96.89999999999999	27.2	1.9745484536604714	0.03618852457557905	51.364143718932	0.847850347652447	0.048195884693191575	0.018094262287789525	1.9000000212635104	0.09999999999999999	3.7650932444102416	0.062149106070671166	0.009762358752939668	0.049999999999999996
98.6	27.2	1.9733328040356954	0.03732207023566327	18.081223717964452	0.6984863931930505	0.040949023823837576	0.018661035117831636	1.9000000000000001	0.09999999999999999	2.8432819230538646	0.10983735206438085	0.017253210916760728	0.049999999999999996
100.3	27.2	1.9748437891735724	0.04718514122911945	9.351468074036218	0.46455734474583044	0.03443217580147686	0.023592570614559726	1.900000000000001	0.09999999999999995	3.33460939996552	0.16565498340453075	0.02602102394471063	0.049999999999999975
102.0	27.2	1.9769686321293332	0.061405329372640136	6.839114896224558	0.4119283167267765	0.03973265529038572	0.030702664686320068	1.9000000000000001	0.09999999999999998	3.707839953437548	0.2233277688542679	0.03508024389875836	0.04999999999999999
103.7	27.2	1.9838940790701969	0.09949791713672727	4.344188818803803	0.2933112776228416	0.04584190196865967	0.04974895856836364	1.9000000000000001	0.09999999999999999	2.99423719859513	0.202165139421266	0.031756025840890274	0.049999999999999996
105.39999999999999	27.2	1.9860562912727215	0.09999999999999143	4.239650405949432	0.32118636081314733	0.05045183557818689	0.049999999999995715	1.9000000000000008	0.09999999999999999	3.344881746981568	0.2534007035475713	0.03980408943397675	0.049999999999999996
0.0	28.9	1.9988149012421872	0.09999999999999999	2.482683043477227	0.18443613005180562	0.028971159561364212	0.049999999999999996	1.9000000000000001	0.09999999999999999	2.967996769087779	0.2204896188963856	0.03463442834588491	0.049999999999999996
1.7	28.9	1.9924370480006406	0.09551323222392227	2.233409323734281	0.1810888154329556	0.027169087157437575	0.04775661611196114	1.9000000000000001	0.09999999999999999	2.998531822940056	0.24312631369619864	0.038190192050117255	0.049999999999999996
3.4	28.9	1.9969495554799015	0.09999999999999999	3.0836385030874873	0.2109902879059802	0.03314227692321114	0.049999999999999996	1.9000000000000001	0.09999999999999999	3.9198211928034894	0.2682040067866238	0.04212938686921022	0.049999999999999996
5.1	28.9	1.990782345609928	0.0999999999999999	2.6988712917039273	0.18728913884648835	0.029419309134864294	0.04999999999999995	1.9000000000000001	0.09999999999999999	3.2634681659164086	0.226469540924838	0.0355737523015662	0.049999999999999996
6.8	28.9	1.9770158636941557	0.05696001572850388	2.960292001098549	0.1964357790521766	0.01757561663980556	0.02848000786425194	1.9000000000000001	0.09999999999999999	3.380328511113182	0.22430809673045385	0.035234233441455126	0.049999999999999996
8.5	28.9	1.9820860389262196	0.0717947891023267	4.301930291878284	0.2588922849974026	0.02919657511183278	0.03589739455116335	1.9000000000000001	0.09999999999999999	3.1528317622705275	0.1897389691989223	0.029804127586751716	0.049999999999999996
10.2	28.9	1.9785114126949543	0.09333018134915855	4.187073381534748	0.2792324234870403	0.0409362288979663	0.046665090674579274	1.9000000000000001	0.09999999999999999	2.9975324169317705	0.19990293099521056	0.03140067897228104	0.049999999999999996
11.9	28.9	1.976032983396061	0.05430879837127592	6.333799825081525	0.3804496793350138	0.03245542444995226	0.02715439918563796	1.9000000000000012	0.09999999999999996	3.653133501316381	0.21943122730847026	0.034468176584024096	0.04999999999999998
13.6	28.9	1.9741150741852693	0.04564325543597719	8.43783731064105	0.4180182711192636	0.029970345807270305	0.022821627717988596	1.9000000000000001	0.09999999999999999	2.9595505445372763	0.14661887357763684	0.023030838805455728	0.049999999999999996
15.299999999999999	28.9	1.974964246271943	0.04196544072422139	18.667703226757688	0.7252594356023999	0.04780849287992467	0.020982720362110695	1.9000000000000001	0.09999999999999999	3.602469256690844	0.13995962910625248	0.021984807129967747	0.049999999999999996
17.0	28.9	1.977239270930405	0.02776733289676139	527.0543881643015	0.7162552970557039	0.03124078160257159	0.013883666448380695	1.9599999999999997	0.040774853649444116	282.93604313417245	0.3845038466118559	0.024627083156622844	0.020387426824722058
18.7	28.9	1.9760288647984052	0.026594006386029333	545.6678768819297	0.7033094760674254	0.029379886566093895	0.013297003193014667	1.9595283470368263	0.04101279494069438	321.4511377154943	0.41431728131007556	0.026691457658567404	0.02050639747034719
20.4	28.9	1.9761188207680678	0.02693725888941988	575.760234789666	0.7032941565536649	0.029758448594907314	0.01346862944470994	1.9599999999999969	0.041019837696684436	334.3891490702679	0.40845810520760323	0.026318512098987945	0.020509918848342218
22.099999999999998	28.9	1.975642663136195	0.02706574709126066	636.1106188700136	0.7151569359527324	0.030404737017626495	0.01353287354563033	1.9598412693511829	0.04044850245444329	344.30611626194406	0.3870913325941408	0.02459437390437725	0.020224251227221646
23.8	28.9	1.9756874416696482	0.026824596711558284	671.2557797310299	0.7220661143127037	0.03042496189442349	0.013412298355779142	1.9599999999999997	0.04047062783194177	359.8450574840587	0.3870833298690696	0.024607318313127534	0.020235313915970884
25.5	28.9	1.975403563000362	0.02659536604317599	609.5663406073048	0.6851398034374443	0.028622334168797135	0.013297683021587995	1.959984312179969	0.04044304946692541	369.38462204751994	0.41518058082129544	0.026375506223151567	0.020221524733462705
27.2	28.9	1.9749643027276775	0.02693669782218976	610.4854259106221	0.7134616686976581	0.030188037210895045	0.01346834891109488	1.9587700355367796	0.04115620027327058	347.66877113345157	0.4063132895219222	0.026267344878506564	0.02057810013663529
28.9	28.9	1.9745233113264968	0.027241116815383958	585.251078374797	0.7189802131841724	0.030765340357652188	0.013620558407691979	1.9579941730127453	0.04221914601735261	318.5555188176713	0.39134505393230395	0.025953095854517064	0.021109573008676306
30.599999999999998	28.9	1.9743375011218804	0.027445064862572584	592.2441277276588	0.7458255043022034	0.03215299026231947	0.013722532431286292	1.9573921681602533	0.04315056783363328	299.25390301878116	0.37685674316389123	0.025543633995185184	0.02157528391681664
32.3	28.9	1.974469286817756	0.02739580257299262	590.9551907013748	0.7184151701518043	0.030915722415793406	0.01369790128649631	1.9581962975390215	0.04194623973995463	333.17462748430466	0.4050352894105545	0.02668736990303098	0.020973119869977314
34.0	28.9	1.9756138029784165	0.027477500695896568	474.6254097261376	0.6826628211662077	0.029464790378559712	0.013738750347948284	1.9599999999999997	0.04042894310620031	303.2569066803486	0.4361802196220331	0.027699901964350498	0.020214471553100154
35.699999999999996	28.9	1.974998110500356	0.02785829969856926	500.2706382863014	0.7171243243353488	0.03138115593578046	0.01392914984928463	1.9594172975790503	0.04090039378500254	273.97581262257705	0.3927368597610012	0.0252318462531753	0.02045019689250127
37.4	28.9	1.9744902520664804	0.027601914243629365	512.845157397214	0.7188102118558214	0.031165443937285695	0.013800957121814682	1.9577850335389222	0.0427722353377853	274.46060008729484	0.384687423190429	0.02584579007811087	0.02138611766889265
39.1	28.9	1.9752537636207108	0.02730084880973107	459.4730866002795	0.6986741399911292	0.029961992842649606	0.013650424404865535	1.9590864182093382	0.04196391875978953	283.60830909227127	0.431254402549506	0.02842689702534065	0.020981959379894766
40.8	28.9	1.9750715451536387	0.02884367211066801	502.67656260134964	0.751452114250547	0.03404644236810819	0.014421836055334005	1.9574325345740984	0.043682106818060305	245.46098596556652	0.36694007756261676	0.025177847688121525	0.021841053409030153
42.5	28.9	1.9753086878783297	0.028056520937060476	572.246400285887	0.7339972898716537	0.032348053304161524	0.014028260468530238	1.9581953238262233	0.042638843386018824	299.7977620999151	0.3845384519343239	0.025755208272831696	0.021319421693009412
44.199999999999996	28.9	1.976153219255191	0.0277563276384925	519.5210424554826	0.715682891058398	0.031203443046708614	0.01387816381924625	1.9597054385489527	0.0421078743287264	304.7884767634151	0.41987115128261204	0.027771493189277845	0.0210539371643632
45.9	28.9	1.9762448936064632	0.027277223316498213	564.0262341497313	0.7301703924988687	0.03128558320018184	0.013638611658249106	1.959999999999997	0.040683659224653626	317.25139424546836	0.4107035471607723	0.026246315116643378	0.020341829612326813
47.6	28.9	1.976037705039868	0.027768371634750978	516.8326382506581	0.7410958119938014	0.032325455189474044	0.013884185817375489	1.959527837946422	0.04263569953466076	262.04638363850694	0.3757531221711136	0.025164938180475042	0.02131784976733038
49.3	28.9	1.9763608089194122	0.027263453521552423	652.1498523292714	0.7138604381126396	0.030571310725991015	0.013631726760776211	1.9597514255302262	0.04161318850097194	372.277189067633	0.4075044352735403	0.026636871200143516	0.02080659425048597
51.0	28.9	1.9763228144506129	0.027411724250274848	643.481253071219	0.7373066263916976	0.03174712254912495	0.013705862125137424	1.9599999999999997	0.04104269305084568	344.4675722337647	0.3946940526593799	0.025445811700205635	0.02052134652542284
52.699999999999996	28.9	1.9759050024762126	0.027815334524605564	594.447810422401	0.7495508532879351	0.032749544755530054	0.013907667262302782	1.959448514629934	0.04168641246203873	289.4854231867037	0.3650178235324459	0.023901682304305488	0.020843206231019366
54.4	28.9	1.9759669406850586	0.026806432719491395	550.2270239294219	0.721452710618426	0.030378531090173164	0.013403216359745698	1.9598893187499287	0.041744603967181104	315.11501631416024	0.4131759669906392	0.027092886302661812	0.020872301983590552
56.1	28.9	1.9756952525681466	0.02660849436072812	517.3147748069962	0.69846163554852	0.02919326935379386	0.01330424718036406	1.9599192461749106	0.04146689962378169	321.0354318242637	0.43345163080768073	0.02823332866276187	0.020733449811890844
57.8	28.9	1.9746155842669675	0.027929321493114615	556.3786146298727	0.7576515390890298	0.03323913948866879	0.013964660746557308	1.9571872803401265	0.04310267626613567	261.2622195367993	0.3557752176897635	0.024087948092729895	0.021551338133067834
59.5	28.9	1.9742171840225686	0.027440216306959385	601.2030532928578	0.7425273995294602	0.032005151805382416	0.013720108153479692	1.9573827651200917	0.04217452409420086	310.39767065152364	0.38336261591906284	0.025396848454400465	0.02108726204710043
61.199999999999996	28.9	1.9739879564099367	0.027236184960510536	622.5723740551884	0.7265119109361844	0.031081995315167043	0.013618092480255268	1.9576996304747731	0.04118223114544924	339.39337930285024	0.39605569220863834	0.02562040604291734	0.02059111557272462
62.9	28.9	1.97421371387463	0.026727989045514676	631.6102116685257	0.7020503647412422	0.029475041889476576	0.013363994522757338	1.9586706792805813	0.03983395156703518	399.4768968954442	0.444028446643181	0.027783314948247807	0.01991697578351759
64.6	28.9	1.973134182444231	0.027570258107547464	697.9252120946865	0.7715682043046841	0.033414504958187985	0.013785129053773732	1.9562881560239036	0.04139311448873239	334.94328421727545	0.37028550318708875	0.024076019772271775	0.020696557244366195
66.3	28.9	1.9732759565312166	0.027072003129597184	737.9024607215557	0.7355682526775366	0.03127974797964765	0.013536001564798592	1.9573769652101682	0.03975330926506547	372.59963369588803	0.3714209886737247	0.023193143020631142	0.019876654632532735
68.0	28.9	1.9733594483970218	0.026531069720910634	773.1955175637564	0.7286226998676764	0.03036528315565064	0.013265534860455317	1.9580488333722934	0.03866444585587678	411.6426300008371	0.3879124459966996	0.023559462674684405	0.01933222292793839
69.7	28.9	1.9731358092300126	0.026524557646492048	851.6601614630007	0.7472472294674795	0.031133814993649648	0.013262278823246024	1.9578260389329714	0.038457749176194246	439.5373656159601	0.3856503962093917	0.023296867063935963	0.019228874588097123
71.39999999999999	28.9	1.973713839842422	0.025603622093493473	917.9748897073275	0.7009169457638781	0.028189530669968023	0.012801811046746736	1.959438098166749	0.0374666554567509	569.388999740494	0.43475524562212975	0.02558642647111242	0.01873332772837545
73.1	28.9	1.9737394971854407	0.025067173094733417	541.2418043359029	0.7127293377778401	0.02806401945910035	0.012533586547366709	1.9599999999999238	0.03545936041374252	306.33912791200567	0.4033998889647143	0.02246914512325935	0.01772968020687126
74.8	28.9	1.9743148999524882	0.025559965085239646	1129.058258918587	0.7162796432946893	0.028758269014788253	0.012779982542619823	1.95954985397011	0.03785439465328205	703.6004232491497	0.44636727662716075	0.026541687492544663	0.018927197326641026
76.5	28.9	1.9742114367170733	0.02607740941500825	1057.1663129035887	0.7557909723095491	0.030958935729855627	0.013038704707504125	1.9592347953951714	0.038277224163457794	516.0560997919617	0.3689396234702102	0.02218276164724111	0.019138612081728897
78.2	28.9	1.9749572117851673	0.02585506722445296	1019.1392026367929	0.7523633809899842	0.030555767566516963	0.01292753361222648	1.9599999999999997	0.037317365156953594	509.4093528279862	0.37606338958405505	0.022044076292319255	0.018658682578476797
79.89999999999999	28.9	1.9752786733586902	0.026005289883966474	1034.3479016058006	0.7617136461977477	0.031115251265724304	0.013002644941983237	1.9599999999999997	0.037252688342037446	473.0798841214164	0.34838510613063073	0.02038623735079096	0.018626344171018723
81.6	28.9	1.9753942222118404	0.0266430158113534	977.3367581861125	0.7784595408997186	0.032579116698742173	0.0133215079056767	1.9599999999999997	0.037960662191747874	421.0049814770053	0.3353351256381109	0.019995520054356213	0.018980331095873937
83.3	28.9	1.9756448629618324	0.02671733110981572	990.5223165304302	0.7889928997685228	0.033112048135127505	0.01335866555490786	1.9599999999999997	0.037937357326495946	423.6079813695453	0.3374216653255789	0.020107585159586654	0.018968678663247973
85.0	28.9	1.9761054151232254	0.026756718469082133	972.8642192641553	0.7975938475318116	0.03352235503417338	0.013378359234541067	1.9599999999999997	0.038175248166187774	420.52099172851035	0.3447602955470248	0.020673737153040595	0.019087624083093887
86.7	28.9	1.9764187388195098	0.027424549136539193	1091.0041782602261	0.7937823133174307	0.03419485696199871	0.013712274568269596	1.9599999999999997	0.03743059478463025	445.3101926356498	0.3239945014856258	0.019049529128596542	0.018715297392315124
88.39999999999999	28.9	1.9772085479917725	0.027962123634119974	1102.738293880645	0.8090328881116081	0.035534990622917595	0.013981061817059987	1.9599999999999997	0.037718306426917786	439.4777854656273	0.32242643971755763	0.019103049860011337	0.018859153213458893
90.1	28.9	1.9768207317032889	0.02789574830166736	576.8282683073597	0.8536824150173046	0.03740711616655869	0.01394787415083368	1.9599999999999997	0.03362016473989541	156.18625805258753	0.23114931998409424	0.012207095278361769	0.016810082369947705
91.8	28.9	1.97731020414717	0.02833720783656648	525.1449327353905	0.846329847698209	0.0376718189309809	0.01416860391828324	1.9599999999999997	0.033565520503099	131.7176121903343	0.21227767748525161	0.011192254851719223	0.0167827602515495
93.5	28.9	1.9774105168500453	0.02882795835468573	383.5648705578295	0.853699879813008	0.03865796453528883	0.014413979177342865	1.9599999999999997	0.0346561868467238	88.82783998569889	0.1977040186437176	0.010762574000778475	0.0173280934233619
95.2	28.9	1.9774148803786231	0.0302575842477069	209.94080826898403	0.8394537152601471	0.03989797774749086	0.01512879212385345	1.9599999999999997	0.03783471823644192	48.81899520216271	0.19520400647984562	0.011601098339002256	0.01891735911822096
96.89999999999999	28.9	1.977188247444953	0.0295215638494916	73.13821102065505	0.7390245004106877	0.03427031317936449	0.0147607819247458	1.9599999999999997	0.04429533763541289	21.62914022915249	0.21855148395204707	0.015206583572441717	0.022147668817706447
98.6	28.9	1.9743422738018712	0.03775206388686888	31.105646976143266	0.7037606549968235	0.04173357215987361	0.01887603194343444	1.9000000000000001	0.09999999999999999	3.716163744012876	0.08407765421396854	0.013206887040483324	0.049999999999999996
100.3	28.9	1.975749133707149	0.04792003423371835	13.491888354099256	0.562355084050265	0.042329937034432163	0.023960017116859175	1.9000000000000001	0.09999999999999999	3.6076827864300385	0.15037174214187343	0.023620338021020416	0.049999999999999996
102.0	28.9	1.9749913642512893	0.04312602641480103	8.548096604038275	0.46445256947288244	0.03146304065457853	0.021563013207400516	1.9000000000000046	0.09999999999955515	3.2450905248179565	0.17631885813173664	0.027696101469677034	0.04999999999977758
103.7	28.9	1.978784504077938	0.06953398634075862	6.002353374768537	0.4117440786735958	0.044972224214624455	0.03476699317037931	1.9000000000000001	0.09999999999999999	3.22538189613544	0.22125186810514866	0.03475416217160764	0.049999999999999996
105.39999999999999	28.9	1.984076461378582	0.08216731161790564	3.9752823915592237	0.31784871930650155	0.041024133871119896	0.04108365580895282	1.9000000000000001	0.09999999999999644	2.7280267674837897	0.21812282219741264	0.03426265278978199	0.04999999999999822
0.0	30.599999999999998	1.9926384582043444	0.09999999999999598	2.277539186565239	0.15944936334315143	0.025046247424919704	0.04999999999999799	1.9000000000000041	0.09999999999999999	2.759489491856016	0.1931904597839747	0.030346286460048465	0.049999999999999996
1.7	30.599999999999998	1.9909130857105235	0.09999999999996002	2.9160509595739406	0.20807944723211996	0.03268504313935959	0.04999999999998001	1.9000000000000001	0.09999999999999999	3.4901083958983072	0.24904222726780037	0.039119461580908066	0.049999999999999996
3.4	30.599999999999998	1.9999999999999998	0.09999999999999999	2.84889509991735	0.19840147715005682	0.031164831153799085	0.049999999999999996	1.9000000000000001	0.09999999999999999	3.7823170049663606	0.26340642758551386	0.04137578489054911	0.049999999999999996
5.1	30.599999999999998	1.9928366527986665	0.09999999999998586	2.7578104676106183	0.17542411239409256	0.02755555513798567	0.04999999999999293	1.9000000000000072	0.09999999999999999	2.967452953904586	0.1887594548732562	0.02965026583627179	0.049999999999999996
6.8	30.599999999999998	1.9901189098396865	0.09999999999974854	3.526301580477073	0.2132910938076125	0.03350368666902209	0.04999999999987427	1.9000000000000001	0.09999999999999999	2.9258145321957016	0.17697016764113566	0.027798408928297293	0.049999999999999996
8.5	30.599999999999998	1.9819508284553882	0.08431417733747712	3.872936217467955	0.24353147027386718	0.032253405349891684	0.04215708866873856	1.9000000000000026	0.09999999999924038	3.27651933217596	0.20602858543000602	0.032362894520574365	0.04999999999962019
10.2	30.599999999999998	1.979575090944094	0.08061035805104597	4.231897096202748	0.2919702289753751	0.03696998698362983	0.04030517902552298	1.9000000000000001	0.09999999999999999	3.310730050531468	0.22841637897969744	0.035879560908109974	0.049999999999999996
11.9	30.599999999999998	1.9785821310319889	0.07007111492194394	4.918139832255988	0.3354433101183834	0.03692138974208754	0.03503555746097197	1.900000000000002	0.09999999999999928	3.217872913632274	0.21947605771793635	0.03447521852827566	0.04999999999999964
13.6	30.599999999999998	1.9772653762274908	0.05196233675425272	7.032599868132467	0.4251943064678542	0.03470531500538527	0.02598116837712636	1.9000000000000037	0.09999999999999915	3.464681151060512	0.2094762572562834	0.032904453544891	0.04999999999999957
15.299999999999999	30.599999999999998	1.9753008801245089	0.0441182067032526	10.119435489764914	0.5477471479620628	0.037959270107234835	0.0220591033516263	1.9000000000000303	0.09999999999999341	4.218528941351495	0.22834151159496954	0.03586780076681488	0.04999999999999671
17.0	30.599999999999998	1.9745500446150193	0.03877091096653123	61.13990871801525	0.8581222675330376	0.052260679729110325	0.019385455483265614	1.9000000000009207	0.09844647571700417	3.6221224286586873	0.05083788930890256	0.007861538790634462	0.049223237858502085
18.7	30.599999999999998	1.975918799600864	0.02733086569799786	592.3540996553303	0.7408229497056198	0.03180443558813659	0.01366543284899893	1.9590373773763605	0.04115264497364447	308.2320747535212	0.38548799602408884	0.024918878317246613	0.020576322486822236
20.4	30.599999999999998	1.9755122571569803	0.027206074158539536	591.1343272394845	0.7491623637201766	0.0320156044609773	0.013603037079269768	1.9586274545967715	0.04217741252122676	289.96593171161663	0.36748257170893694	0.02434650115199345	0.02108870626061338
22.099999999999998	30.599999999999998	1.9759623665449324	0.026519416487270474	613.8388497549955	0.6986324656791687	0.02910265457193022	0.013259708243635237	1.9599999999999997	0.04022355790625365	354.20901548617104	0.40313824703937395	0.025471490719975634	0.020111778953126824
23.8	30.599999999999998	1.97556842042054	0.027132367440503423	687.8116952248076	0.7538523143503748	0.03212875074985627	0.013566183720251711	1.9595079764645322	0.039928866928443434	341.21843029827	0.37398070600599365	0.02345611382502995	0.019964433464221717
25.5	30.599999999999998	1.975559325045454	0.027188092540381677	639.5436381483127	0.7271364655211757	0.031053784962652688	0.013594046270190839	1.959701463652474	0.04068841337645357	349.7977521899715	0.39770656137100546	0.02541870308459086	0.020344206688226785
27.2	30.599999999999998	1.9748770697320115	0.02689115966081329	608.6543828608123	0.7321916061566597	0.030928165033644987	0.013445579830406645	1.9591662056310477	0.04039288669882517	330.1017529519734	0.39710176989607904	0.025195709425835724	0.020196443349412584
28.9	30.599999999999998	1.9754679531552375	0.027931759972933207	514.4306269711701	0.7228607587656019	0.03171559238979323	0.013965879986466603	1.9596182591995763	0.04072497445251349	273.28319103087256	0.3840084249834767	0.024565264818655834	0.020362487226256745
30.599999999999998	30.599999999999998	1.9741836192949587	0.027663217169143745	594.8538579887501	0.7354952908480754	0.03195968275057764	0.013831608584571872	1.9577472581662032	0.041727943286618864	310.79501497305057	0.3842763510093245	0.025187816146004596	0.020863971643309432
32.3	30.599999999999998	1.9746235230235896	0.026938825592638705	556.2592014714367	0.7137573048297738	0.030202931773188946	0.013469412796319353	1.9582708798683013	0.042212055565393654	317.2065694696498	0.40701979490865375	0.02698807505617169	0.021106027782696827
34.0	30.599999999999998	1.9740889305334304	0.02828203926868942	586.1151030615866	0.7453547499336591	0.0331126258116852	0.01414101963434471	1.9571622786735399	0.04199190613996756	290.88573839354297	0.36991550920127914	0.024399897735393417	0.02099595306998378
35.699999999999996	30.599999999999998	1.9752618512892202	0.026179143686762378	501.6916997200867	0.6562107464050787	0.02698476573394432	0.013089571843381189	1.959808959847356	0.04134801650558351	359.0952111303214	0.4696951068909281	0.030506374252391784	0.020674008252791753
37.4	30.599999999999998	1.9743011955555758	0.027902578793951922	521.7352150226005	0.7295397381056198	0.03197519290063398	0.013951289396975961	1.957112176907862	0.04357193152660539	265.06199952898146	0.37063486640392584	0.02536722502391879	0.021785965763302696
39.1	30.599999999999998	1.9748287091915142	0.02779562874477058	494.1722150230196	0.717924356832162	0.03134549028397591	0.01389781437238529	1.9584241698052511	0.042298517529207616	267.3317568234481	0.38837468749501763	0.025804529233853686	0.021149258764603808
40.8	30.599999999999998	1.9748127615993745	0.02786174109466573	519.7046837619354	0.7464746531638489	0.03266955319787466	0.013930870547332865	1.9576290812295052	0.04294868056158201	267.9870575618337	0.38492157584153397	0.025968206643342172	0.021474340280791007
42.5	30.599999999999998	1.9753613636844571	0.027410146484505616	519.0679263931346	0.7216313537162709	0.0310703845085009	0.013705073242252808	1.9585480490512355	0.043052032898363415	301.2513404875525	0.4188130331139433	0.028322639764751103	0.021526016449181708
44.199999999999996	30.599999999999998	1.975791563864887	0.02757265730278748	602.2541847546009	0.7115176059533407	0.030816559531116245	0.01378632865139374	1.9593944091328699	0.041677692632969644	345.26085051354664	0.40789948829813627	0.02670402371451859	0.020838846316484822
45.9	30.599999999999998	1.9759983431745678	0.02720252288504631	547.2452089823155	0.7132973943089894	0.030478928765239013	0.013601261442523155	1.9599999999999997	0.040789505293683505	299.34371867317884	0.39017444287802194	0.024999258888936653	0.020394752646841752
47.6	30.599999999999998	1.976415692158441	0.027194299350704377	673.167921474595	0.7223334621648859	0.030855705797652514	0.013597149675352188	1.9599999999999997	0.04126271883183018	380.65282042510097	0.40845420717343045	0.026474093073791602	0.02063135941591509
49.3	30.599999999999998	1.975876415268154	0.027852563911026	582.9656313895116	0.7424272040817297	0.03248171365156885	0.013926281955513	1.9587249592089773	0.04272528236381616	294.2362675294936	0.37472021964774777	0.025148491904893457	0.02136264118190808
51.0	30.599999999999998	1.9756102876732837	0.027784251794544187	610.4758310404093	0.7517129942589885	0.03280731139098697	0.013892125897272093	1.9584293756661	0.04199877184210377	284.09807656443036	0.3498258324715416	0.023078540692831405	0.020999385921051886
52.699999999999996	30.599999999999998	1.9757040895049596	0.027686209541661476	560.2760880054402	0.7301795679582231	0.03175506856525757	0.013843104770830738	1.959036750358744	0.04249061327431258	273.5079728001125	0.35644914656856896	0.02379087721777316	0.02124530663715629
54.4	30.599999999999998	1.975232102688853	0.02774208652543004	567.2685459331033	0.7493717914640006	0.03265550016016038	0.01387104326271502	1.9585972992162473	0.04255258269498308	269.6570945859978	0.3562217956549925	0.023810377992174864	0.02127629134749154
56.1	30.599999999999998	1.9748333945872631	0.02765749799757615	541.9559803195667	0.7495952321845509	0.0325656373443053	0.013828748998788075	1.9579452521527603	0.042780997749241566	275.87815961901856	0.3815751843762774	0.02564194172489895	0.021390498874620783
57.8	30.599999999999998	1.9745959332665943	0.02713700226525641	569.9645824751946	0.7194376301010184	0.03066725452958336	0.013568501132628205	1.9579354970752945	0.04137401775990423	311.8223148291405	0.39359762710002044	0.025579970840883162	0.020687008879952114
59.5	30.599999999999998	1.9738371190280595	0.02735534375841122	588.9288188213662	0.7216701930594278	0.031009932566060747	0.01367767187920561	1.9573900538273943	0.04194922437802495	319.1738024049345	0.3911138532192409	0.02577193404633146	0.020974612189012476
61.199999999999996	30.599999999999998	1.973862022678249	0.0271291411014096	614.5323924342277	0.7226169493541079	0.03079385534695347	0.0135645705507048	1.9577375577898315	0.0411445683159268	336.79960846182905	0.39603625228981415	0.025595718740123216	0.0205722841579634
62.9	30.599999999999998	1.973986164007614	0.026460894121391392	638.0262302214237	0.69618945099074	0.028936888470468228	0.013230447060695696	1.9586752588814003	0.04065184124914493	406.8743067186196	0.4439654465591003	0.02834975229642324	0.020325920624572464
64.6	30.599999999999998	1.973567881429417	0.026644716331681292	709.5960585522113	0.7157329972066044	0.029955875559552668	0.013322358165840646	1.9581332661123838	0.039983382059796714	411.0434971650975	0.4145984051947957	0.026039163651226358	0.019991691029898357
66.3	30.599999999999998	1.973953458993782	0.02564967416375263	691.2689832081136	0.6772767530426835	0.027287760745512504	0.012824837081876315	1.959269598106039	0.03879958131455985	462.5278487455685	0.4531656521552713	0.02761874250995123	0.019399790657279925
68.0	30.599999999999998	1.9730416661640997	0.026663104282600714	837.2206909261696	0.7470497278250658	0.03128816549823914	0.013331552141300357	1.9576714557110397	0.03856902412323942	413.1057249835543	0.36861310614593445	0.022332086435537066	0.01928451206161971
69.7	30.599999999999998	1.9733726308350417	0.025669450344635563	902.6659921863376	0.7171805360805428	0.028917779431501808	0.012834725172317782	1.9583467072670921	0.03810267871706597	520.7229853945076	0.41372156816294653	0.024761876200306666	0.019051339358532985
71.39999999999999	30.599999999999998	1.9723989733957747	0.0264405042211818	1025.361705549156	0.7640686833305061	0.031733794839171776	0.0132202521105909	1.9560063219246693	0.03925953752848984	524.100407066019	0.39054384983633256	0.024084346095863074	0.01962976876424492
73.1	30.599999999999998	1.9726941709827719	0.02628124553806548	767.6029989106391	0.7724792743298463	0.031889863247928175	0.01314062276903274	1.9555965299684208	0.040188331151136646	393.40491374684376	0.3959040581136864	0.02499250586009901	0.020094165575568323
74.8	30.599999999999998	1.9744888643577567	0.025950875152225703	1122.7445712634774	0.7390487302287719	0.03012624200824216	0.012975437576112851	1.9599999999999997	0.036901299370069196	582.2572211114551	0.3832719132586843	0.022216136264036214	0.018450649685034598
76.5	30.599999999999998	1.9745730895416893	0.02561508116643632	1052.218773713802	0.7445750378161052	0.029958777367583296	0.01280754058321816	1.9599999999999997	0.03719805269232097	548.1503872256446	0.3878842551505917	0.02266429600191935	0.018599026346160483
78.2	30.599999999999998	1.9748924664002168	0.026204977641650935	1072.8177385741726	0.7684400575823263	0.03163105420525147	0.013102488820825467	1.9599999999999997	0.03666993827174647	502.21006398577254	0.35972403942589093	0.020720465956552567	0.018334969135873236
79.89999999999999	30.599999999999998	1.9750275992024433	0.026490789600534817	1001.7175561425375	0.7750335752060576	0.032250414242992284	0.013245394800267409	1.9599999999999997	0.037192420134317165	441.6322932319509	0.3416929782763085	0.019962290454373147	0.018596210067158583
81.6	30.599999999999998	1.9754955762113275	0.026389238880801077	955.0276909619618	0.772506293667858	0.03202202320029839	0.013194619440400538	1.9599999999999997	0.0380732386754962	421.8456490500911	0.34122405238255793	0.020407008000813256	0.0190366193377481
83.3	30.599999999999998	1.9757438474869922	0.026463965959730367	928.6153921354648	0.7639398257533588	0.03175659698540765	0.013231982979865184	1.9599999999999997	0.03822389509730916	418.95741608066277	0.34466180309883276	0.02069416813226533	0.01911194754865458
85.0	30.599999999999998	1.9758565036192781	0.026523419919499754	924.5218275832272	0.7785344530378092	0.0324359957324684	0.013261709959749877	1.9599999999999997	0.03886039309378372	416.5565109872275	0.350779814781155	0.021412218224176667	0.01943019654689186
86.7	30.599999999999998	1.9762611467070694	0.027254324767107128	971.9445618966353	0.7843593541336724	0.03357920300240755	0.013627162383553564	1.9599999999999997	0.03896759593122103	431.0279584518952	0.34783960357282007	0.021291316589952643	0.019483797965610516
88.39999999999999	30.599999999999998	1.9766891455894524	0.02713641811314436	1091.8728208117848	0.7921310783099716	0.03376520974441841	0.01356820905657218	1.9599999999999993	0.038902732484698097	457.3749846284437	0.33181606214574755	0.020276705280100282	0.019451366242349048
90.1	30.599999999999998	1.9774436298129952	0.029436755275843378	731.6725247361481	0.8701542487365342	0.04023519027226035	0.014718377637921689	1.9599999999999997	0.03375297245102306	188.81993764097598	0.2245573879430727	0.011905818288879462	0.01687648622551153
91.8	30.599999999999998	1.9770215947527607	0.028264033815842617	593.3366237635676	0.870244505483978	0.03863628055342336	0.014132016907921308	1.9599999999999997	0.03353450095983435	151.54356961468636	0.22226836085405874	0.011708179487861606	0.016767250479917176
93.5	30.599999999999998	1.9773871214431054	0.028432034355879734	505.1319456567121	0.8744333881528307	0.03905301282338187	0.014216017177939867	1.9599999999999997	0.03247681762350179	123.8269589991196	0.21435672052277577	0.010935293594322298	0.016238408811750895
95.2	30.599999999999998	1.9774911810634974	0.02903990487655804	335.0070979050027	0.8538166188458193	0.03894750755399194	0.01451995243827902	1.9599999999999997	0.035389472164051	81.44129641421128	0.207565549427613	0.011538496843046723	0.0176947360820255
96.89999999999999	30.599999999999998	1.9772533466745787	0.029960097101899213	128.6509059275081	0.8138355766950138	0.03830008736939506	0.014980048550949606	1.9599999999999977	0.042401909814117074	32.34262669869332	0.20459692888594389	0.013627130201444697	0.021200954907058537
98.6	30.599999999999998	1.9742897905003434	0.03620951406111034	51.806072382027466	0.8055981426878572	0.045820627227420654	0.01810475703055517	1.9000000000103827	0.09907235746334853	3.5044992185382067	0.05449589076520797	0.008480786498501808	0.04953617873167426
100.3	30.599999999999998	1.9739590406637382	0.038535263834603914	19.121487633606204	0.6482471725381665	0.03923908258597205	0.019267631917301957	1.9000000000000001	0.09999999999999999	3.403380421072897	0.11537971194013096	0.018123802770221097	0.049999999999999996
102.0	30.599999999999998	1.9751144271180983	0.04794112952521534	9.79817312746898	0.4853078915016029	0.0365464748283905	0.02397056476260767	1.9000000000000048	0.09999999999999984	3.425544383629294	0.16966874339091473	0.026651503889035432	0.04999999999999992
103.7	30.599999999999998	1.975808674742761	0.05304783679226749	7.936279170308054	0.4766048771886996	0.0397142200680921	0.026523918396133744	1.9000000000000186	0.09999999999999971	3.3528158224180338	0.20134981884941042	0.03162795558494708	0.04999999999999986
105.39999999999999	30.599999999999998	1.9799854019487948	0.07333086709361022	4.889598383425576	0.33201943597462263	0.038244607203139894	0.03666543354680511	1.9000000000000017	0.09999999999999877	3.5698409714112196	0.24240366854356651	0.03807667921498372	0.049999999999999385
0.0	32.3	1.9999999999999998	0.09999999999999999	2.739322738684773	0.16720625388207944	0.02626469694151053	0.049999999999999996	1.9000000000000001	0.09999999999999762	3.7481609476741644	0.228784999356668	0.035937463661521826	0.04999999999999881
1.7	32.3	1.9999999999999998	0.09999999999999999	2.7996940483674533	0.2262054437136221	0.035532268008636736	0.049999999999999996	1.9000000000000001	0.09999999999999999	3.603719690028225	0.29116789099783835	0.04573654536600213	0.049999999999999996
3.4	32.3	1.9989587642977185	0.09999999945236926	2.6788601162556147	0.21612341361474227	0.033948586238128235	0.04999999972618463	1.9000000000000001	0.09999999999999999	3.7252727764615416	0.3005452446767897	0.04720953663739747	0.049999999999999996
5.1	32.3	1.9873041979493846	0.09999999999999083	2.8967622575043395	0.200612759281288	0.03151217853872071	0.049999999999995416	1.9000000000000024	0.09999999999999998	3.483548576043231	0.24125013715571977	0.037895482928296954	0.04999999999999999
6.8	32.3	1.9999999999999916	0.09999999999924118	2.870716043425418	0.19855242362255007	0.03118854177001593	0.04999999999962059	1.9000000000000015	0.08422772732938849	3.551952409390658	0.24566998226510373	0.03250326989104772	0.042113863664694245
8.5	32.3	1.9970031055600665	0.09999999999999999	3.1948840672887444	0.1943938342592662	0.030535312080603127	0.049999999999999996	1.9000000000000001	0.09999999999999999	3.5955151203422666	0.21877037027313564	0.03436436940366009	0.049999999999999996
10.2	32.3	1.9862582769203239	0.09999999999999994	3.9261625505342543	0.2757046006904004	0.04330757740449344	0.04999999999999997	1.9000000000000001	0.09999999999999999	2.9931057813615114	0.21018310466083817	0.03301548487555919	0.049999999999999996
11.9	32.3	1.9798229727671155	0.0591790061749818	5.400417574517975	0.32664845737072706	0.030364641368111737	0.0295895030874909	1.9000000000000001	0.06705686513939935	3.7475934812226743	0.2266761065422321	0.023876401215433905	0.03352843256969967
13.6	32.3	1.977573230229112	0.05636128477748443	6.317359499199566	0.4286974953222988	0.03795348914061592	0.028180642388742214	1.9000000000000001	0.09999999999999996	3.47813085379462	0.23602677441641337	0.037074999027854966	0.04999999999999998
15.299999999999999	32.3	1.9733013753091657	0.046978468740323985	7.864654443359666	0.4265977768691921	0.03148018832467163	0.023489234370161993	1.9000000000000419	0.09999999999999458	2.614653874751561	0.1418251161935285	0.02227783715640419	0.04999999999999729
17.0	32.3	1.974286378922946	0.03912445008776623	16.40694022347351	0.6289051770914373	0.03865033773541764	0.019562225043883115	1.9000000000000001	0.09999999999999999	4.2231752424860804	0.1618812976452465	0.025428254771794456	0.049999999999999996
18.7	32.3	1.9778328360903112	0.02865491888477946	422.0522544047292	0.7312331549586578	0.0329135657588456	0.01432745944238973	1.9599999999999997	0.04063767969589158	207.84506104260322	0.3601051721501113	0.02298677998681544	0.02031883984794579
20.4	32.3	1.9753920491227053	0.027366451220736162	572.136244810889	0.7340793228483272	0.03155595671521241	0.013683225610368081	1.9583983913559846	0.04146314023125375	303.4785112608353	0.38937805822633753	0.025360250705329906	0.020731570115626874
22.099999999999998	32.3	1.974943182194414	0.027721553105924997	622.783208710152	0.7719451108565131	0.03361428330427664	0.013860776552962499	1.9577266201487873	0.041529071446256255	278.08310104106596	0.34468638084360304	0.022485172402625837	0.020764535723128127
23.8	32.3	1.9758014098649122	0.026767646708175833	664.4810081393418	0.724064912594963	0.03044441064412524	0.013383823354087917	1.9599999999999997	0.039713419452342136	360.3627808348935	0.39267645306873644	0.024495822100813518	0.019856709726171068
25.5	32.3	1.975534816732177	0.026551507953221996	685.5545667632333	0.7265274043261928	0.030301286563029415	0.013275753976610998	1.9599999999999997	0.0398497975356267	383.53298171373484	0.40645520457046275	0.025442435677417993	0.01992489876781335
27.2	32.3	1.9747385396340738	0.027545921812557637	660.0527805681305	0.7512302320890233	0.03250500555362193	0.013772960906278818	1.958241537828002	0.0414270521633832	315.5238485593163	0.3591092424136387	0.023368481413161345	0.0207135260816916
28.9	32.3	1.9747285509127912	0.026939252402933444	631.2703656864093	0.722397120465188	0.030569013417521402	0.013469626201466722	1.9584686264397215	0.04051969760253888	354.1840485525311	0.405312130422661	0.025797384360667305	0.02025984880126944
30.599999999999998	32.3	1.9741816904202387	0.0277184155960039	604.0276761683255	0.7461732752107517	0.03248837351061866	0.01385920779800195	1.9571310822582761	0.04218072565633017	298.16056856917305	0.3683265796681161	0.024404335339972234	0.021090362828165087
32.3	32.3	1.9748549129585056	0.027700557517532386	545.4222902663596	0.698791007701625	0.0304057482060056	0.013850278758766193	1.9590766859306805	0.04145434573717464	323.4483546526718	0.41439964174693666	0.026984185487126118	0.02072717286858732
34.0	32.3	1.9745914827990036	0.027995000935249943	548.708203514503	0.7348540316175322	0.03231479793016338	0.013997500467624971	1.9580031216865639	0.0422911000485664	283.07090889613585	0.37910094528132293	0.02518394291426653	0.0211455500242832
35.699999999999996	32.3	1.9743092193730452	0.02747748022200984	578.4091218555685	0.7284027900050333	0.031438975232556406	0.01373874011100492	1.9580028782115073	0.04162170949819798	305.16238959060865	0.3842974247524176	0.02512506910438091	0.02081085474909899
37.4	32.3	1.97469706927428	0.027238746977602996	520.8097747082855	0.7095149973022423	0.030357680246807562	0.013619373488801498	1.9587458360165995	0.04160432513957564	316.07637405093396	0.4306004583106439	0.028140567180597032	0.02080216256978782
39.1	32.3	1.9748707404505295	0.027185799236042606	506.5262345037086	0.6909047866675049	0.02950395139583967	0.013592899618021303	1.9587866982720499	0.042106880257452815	310.15355821199904	0.4230512920630567	0.0279811763172421	0.021053440128726408
40.8	32.3	1.9750066372663	0.02759030609334545	477.64056434418274	0.7138797859157923	0.030938658618815493	0.013795153046672726	1.958988586309204	0.0419636364859764	278.95032286600974	0.4169181004175185	0.027481709443738084	0.0209818182429882
42.5	32.3	1.9751253385163257	0.02722872227861856	517.2367409837309	0.6990652628077472	0.029899564421054646	0.01361436113930928	1.9590123532666863	0.04160618104468889	318.18793938845363	0.4300431849597499	0.028105401979470666	0.020803090522344445
44.199999999999996	32.3	1.975280556923491	0.0277402744292424	571.5998354356491	0.7256384822951116	0.03161920428645235	0.0138701372146212	1.958522468860651	0.042211722227386596	305.8431141219411	0.38826381568621193	0.0257442276380139	0.021105861113693298
45.9	32.3	1.9756227945128246	0.027598390363501268	560.6106999955065	0.7479351846524609	0.03242407491660113	0.013799195181750634	1.9589465318877264	0.0421166812505374	289.7786784096925	0.3866063729187414	0.025576612735558488	0.0210583406252687
47.6	32.3	1.9758873659248526	0.027189186744269695	617.1778453395223	0.721874342501376	0.030830296443941068	0.013594593372134848	1.9594198268400083	0.042442513171695194	337.67567862280595	0.3949581313153698	0.02633128347283221	0.021221256585847597
49.3	32.3	1.975825977731653	0.027477678998981077	610.6151944256843	0.7240870197916407	0.031252926096168386	0.013738839499490538	1.9594719548117276	0.04117703861012714	325.10875146062284	0.38552435167407895	0.024936000738698037	0.02058851930506357
51.0	32.3	1.9759100658644004	0.027162481888944986	582.7457758185348	0.7045128496752946	0.030059257268536407	0.013581240944472493	1.9599999999999997	0.04077616278335118	323.9933350993908	0.39169304567855523	0.025088349569000454	0.02038808139167559
52.699999999999996	32.3	1.9761984632063674	0.02729335349585086	501.56965498265737	0.7075113312670208	0.0303326376351395	0.01364667674792543	1.9599999999999997	0.041044102773187006	278.4637250574837	0.3927993626963061	0.025324531394605696	0.020522051386593503
54.4	32.3	1.9758371596755582	0.02734327900361541	508.516546668453	0.7137965239644454	0.030658076223402855	0.013671639501807706	1.9599999999999997	0.04094147911942839	298.35754488515494	0.41879970245381487	0.026933312500598078	0.020470739559714193
56.1	32.3	1.9749549378294682	0.027674984038674445	525.930417624512	0.7280446634263857	0.031649385259956406	0.013837492019337223	1.958445903751025	0.04220904040711421	280.82105227859677	0.38874014819804875	0.02577417374602826	0.021104520203557103
57.8	32.3	1.974510236986022	0.026910301714534506	559.0912794705378	0.7146182276002129	0.030207343457004602	0.013455150857267253	1.9583492160677227	0.0416941660773498	321.05992238172456	0.4103717605883001	0.0268764953306284	0.0208470830386749
59.5	32.3	1.9743778739207098	0.026630643435787076	607.4602923488898	0.7024322741178836	0.02938366705176966	0.013315321717893538	1.9588862112547933	0.040608101278097206	378.677351751663	0.4378807910543826	0.027931126682949975	0.020304050639048603
61.199999999999996	32.3	1.9736665140443488	0.026939111082653896	671.3350864854149	0.7288338203959049	0.03084122752804423	0.013469555541326948	1.9576314383138722	0.040854335391963904	356.9028917587521	0.3874710310058087	0.024865503935748417	0.020427167695981952
62.9	32.3	1.9738990897814657	0.026358872865744492	676.5626329884459	0.7170306173904016	0.029688237319979178	0.013179436432872246	1.9582045842745293	0.040179858222942545	398.5414339835752	0.422379830826068	0.026658238489367554	0.020089929111471273
64.6	32.3	1.9734774951788963	0.026464287986290885	736.5355742226236	0.7292501057286129	0.030314931533247897	0.013232143993145443	1.9580186461409146	0.039109196436601476	398.83151035403455	0.3948864539239092	0.024258894503430575	0.019554598218300738
66.3	32.3	1.9736109360627399	0.025757102954043855	751.5007704002445	0.6890123465779965	0.027876862638771115	0.012878551477021927	1.9591511061723492	0.038151765987473454	471.99061858517194	0.43274388594567387	0.025933758556868206	0.019075882993736727
68.0	32.3	1.973374108876321	0.026058929259765735	843.7248917008261	0.7270656466420147	0.02976117468451865	0.013029464629882867	1.9584543615899561	0.03845454285265838	479.31349094865715	0.4130402891614554	0.024949390811981668	0.01922727142632919
69.7	32.3	1.9727833596067672	0.025873176879463708	1052.5981329510414	0.7486895720139084	0.030427860656110944	0.012936588439731854	1.95771401718244	0.03781248618064553	551.430984195918	0.3922205584721977	0.023296220272643046	0.018906243090322766
71.39999999999999	32.3	1.9741282482169356	0.026779603481851808	708.2423072999819	0.76527424928554	0.0321914930077063	0.013389801740925904	1.9599999999999997	0.034646139521318654	297.08130956724347	0.3210040883077914	0.01746969370596913	0.017323069760659327
73.1	32.3	1.9745005083693956	0.025352889010310357	1164.8260863257424	0.7261578623723756	0.028918674046556465	0.012676444505155178	1.9599999999999997	0.0367118995501439	662.9472217454975	0.41328430317604636	0.023832831593376475	0.01835594977507195
74.8	32.3	1.974531845269676	0.025761160428886303	1047.219638670117	0.7305869725957048	0.029563593569043735	0.012880580214443152	1.9599999999999997	0.037109116227374006	567.6059937361973	0.39598717334743794	0.023082434253730185	0.018554558113687003
76.5	32.3	1.9746373603915106	0.025990798405656986	1046.9496467720721	0.7246641237374469	0.029585319164414897	0.012995399202828493	1.9599999999999997	0.03703783472387258	529.5711795736078	0.3665517591849018	0.021325576213168967	0.01851891736193629
78.2	32.3	1.974942038812934	0.02619570795459001	1009.6384062812424	0.7465212774321286	0.03071794847460088	0.013097853977295005	1.9599999999999997	0.03699967877190706	489.952984452918	0.36226863554315986	0.021054676159971166	0.01849983938595353
79.89999999999999	32.3	1.9751707363320712	0.02632159906615633	945.9688419519704	0.768772427963756	0.03178556573372301	0.013160799533078166	1.959999999999999	0.03798753614946714	449.500925904243	0.36530158590245254	0.021797794856919128	0.01899376807473357
81.6	32.3	1.9755173491767706	0.026411513651819058	930.8912279383359	0.7683233952161825	0.031875516159820635	0.013205756825909529	1.9599999999999997	0.038303263940135404	422.90537689060716	0.3490505499202045	0.02100119399735413	0.019151631970067702
83.3	32.3	1.9756013824170795	0.026656558365030315	895.4820848345871	0.7677556431258032	0.03214748268806132	0.013328279182515158	1.9599999999999982	0.0382542632240571	408.40510737157905	0.3501525392591736	0.021040545686442022	0.01912713161202855
85.0	32.3	1.9758932031732306	0.026884541983575854	853.3392671310177	0.7710543464473815	0.03256173284029605	0.013442270991787927	1.9599999999999997	0.03926544064372816	377.30540768316905	0.34092299011424937	0.02102745157070629	0.01963272032186408
86.7	32.3	1.9760752462974378	0.02689958912072365	885.8912048517942	0.7681745501727941	0.032458275205303894	0.013449794560361826	1.9599999999999973	0.039587691771344725	419.1721529694023	0.363472826334359	0.022602267225649317	0.019793845885672363
88.39999999999999	32.3	1.9764687787425783	0.027285570012226177	961.5749379408995	0.783771510485432	0.03359250427206421	0.013642785006113088	1.9599999999999997	0.03930919794710191	414.06133678157266	0.3374978554015274	0.02083939359181707	0.019654598973550954
90.1	32.3	1.9770374575416123	0.027619909217871497	1104.0094420710523	0.8018871872960267	0.03479007765297995	0.013809954608935748	1.9599999999999997	0.037996479388488394	455.91850317244115	0.33115224581714614	0.019764732464793267	0.018998239694244197
91.8	32.3	1.9768827292011504	0.027807637731855572	563.785209706979	0.8547223303822579	0.03733438695472024	0.013903818865927786	1.9599999999999997	0.03373245888135432	159.30536833222084	0.24151370649486945	0.012797043898469595	0.01686622944067716
93.5	32.3	1.9772571453336394	0.02838794522743325	535.6708661358557	0.8842135612076075	0.039428568251289015	0.014193972613716625	1.9599999999999997	0.034022258077694476	134.23624898738703	0.22157918091850415	0.011841643010579848	0.017011129038847238
95.2	32.3	1.977384682209894	0.0290716193050122	391.6109655136251	0.8507727922306835	0.03885104391088838	0.0145358096525061	1.9599999999999997	0.03418484839453297	91.66568841427075	0.19914323282973442	0.01069348065920725	0.017092424197266486
96.89999999999999	32.3	1.9778217812947412	0.02955279402922766	238.94383697655996	0.8371735477682748	0.03886278513138667	0.01477639701461383	1.9599999999999997	0.03830389126098623	55.58781266768788	0.1947597683728988	0.011718230117211908	0.019151945630493116
98.6	32.3	1.9772472075296819	0.030376308465554086	75.73725078836033	0.7649625457280305	0.03650018309549674	0.015188154232777043	1.9599999999999997	0.04583577472558972	21.622937577290696	0.21839632681497656	0.015724244315502654	0.02291788736279486
100.3	32.3	1.9748874073082903	0.038200373513770695	33.57277941392885	0.7307374075253221	0.04384790281354018	0.019100186756885348	1.9000000000000001	0.09999999999999999	3.920760810953482	0.08533837950081553	0.013404921305450993	0.049999999999999996
102.0	32.3	1.9747682208463138	0.04236661997977137	14.132943694995673	0.5137760234313815	0.03419145066526038	0.021183309989885685	1.9000000000000001	0.09999999999999999	4.089656099636901	0.14867159265746896	0.023353279164509935	0.049999999999999996
103.7	32.3	1.9750245870667444	0.050436505724794474	8.754676214134982	0.3941488104666992	0.031226627884322577	0.025218252862397237	1.9000000000000001	0.09999999999999999	3.720605778223494	0.16750731904106345	0.026311988146096327	0.049999999999999996
105.39999999999999	32.3	1.9775490723619553	0.055769484572634635	6.345650440949704	0.3799619093850036	0.03328561374213899	0.027884742286317318	1.9000000000000006	0.09999999999998944	3.5726015594128584	0.21391857660901847	0.033602251437060346	0.04999999999999472
0.0	34.0	1.9999999999999993	0.09999999999999994	2.858154511283495	0.19068744400560994	0.029953113660991938	0.04999999999999997	1.9000000000000006	0.07632079415161422	3.9790419668881714	0.2654696725672228	0.03182567854930041	0.03816039707580711
1.7	34.0	1.999830208166115	0.09999999999999999	1.8983402458005239	0.13120168328941476	0.020609112218032008	0.049999999999999996	1.9000000000000001	0.09999999999999999	3.243179961923715	0.22414879058493278	0.03520920969063309	0.049999999999999996
3.4	34.0	1.98965210166898	0.09999999999963657	2.7353555930543085	0.1893996927678592	0.029750834169475392	0.04999999999981829	1.9000000000000001	0.09999999999999999	3.1529260141749025	0.2183128292061372	0.03429249902092019	0.049999999999999996
5.1	34.0	1.9910571429198431	0.099999999999997	2.826594723540016	0.19692216870960613	0.030932461927352495	0.0499999999999985	1.9000000000000001	0.09999999999999382	3.565192605354153	0.24837853614703095	0.03901520922344255	0.04999999999999691
6.8	34.0	1.9871781206168833	0.09657473205605886	3.3208049470943473	0.2566225960365738	0.03892945134203687	0.04828736602802943	1.9000000000000001	0.06943899868808935	3.8459902560287134	0.29720746010603155	0.03241776226277328	0.034719499344044676
8.5	34.0	1.9854106809120364	0.09186307862696243	2.874047190989477	0.21028263119191018	0.030343402328247695	0.045931539313481214	1.9000000000000001	0.09999999999999999	2.343993470715034	0.17150070328139566	0.02693926747571578	0.049999999999999996
10.2	34.0	1.9845813366680416	0.09999999999999314	3.1139828262911236	0.2154176014341067	0.03383771770596387	0.04999999999999657	1.9000000000000001	0.09999999999999999	3.295645913973958	0.227984602859853	0.035811737673805036	0.049999999999999996
11.9	34.0	1.9767701162148434	0.07874171349750302	4.857587733599778	0.3311030062081852	0.04095320187126272	0.03937085674875151	1.9000000000000001	0.043730771356812866	3.3994544500520116	0.2317136919822334	0.015916908214511524	0.021865385678406433
13.6	34.0	1.9793314950077237	0.059707581006790626	5.586150776755721	0.38003930586195794	0.035643297028191454	0.029853790503395313	1.900000000000003	0.09999999999998599	3.5514560566143465	0.24161411828894927	0.0379526569510016	0.049999999999992994
15.299999999999999	34.0	1.978196385198495	0.04478214463470227	6.299711170581247	0.3786410715702243	0.026634986796963505	0.022391072317351136	1.9000000000000095	0.09999999999999949	2.9336575929843365	0.1763260607589451	0.02769723285583633	0.049999999999999746
17.0	34.0	1.975432000897236	0.045641889926254044	10.087564536665802	0.49554869480623265	0.035527924144312516	0.022820944963127022	1.9000000000000017	0.09999999999999998	3.528511573058698	0.17333711207322444	0.02722772989418562	0.04999999999999999
18.7	34.0	1.9741890036484897	0.03721741553866225	36.182670912048714	0.7336991269136254	0.04289276970639157	0.018608707769331125	1.9000000000000001	0.09999999999999999	4.0734546532329885	0.0826000416017952	0.012974784194120554	0.049999999999999996
20.4	34.0	1.9760949197748114	0.026429088428038015	585.8771994553159	0.7179731771926929	0.02980645184552765	0.013214544214019007	1.959731207891707	0.04126302790779179	344.9184979970001	0.42268623887338186	0.027396752077001728	0.020631513953895893
22.099999999999998	34.0	1.9761864414554604	0.0271940086664654	517.5352539903913	0.7243817450399508	0.03094287093720948	0.0135970043332327	1.9599999999999997	0.04035208865313611	285.40339053422946	0.3994723151349649	0.02532051779487031	0.020176044326568054
23.8	34.0	1.9752196552625305	0.02742899402174499	676.93745716397	0.7610571232987795	0.03279042246447148	0.013714497010872495	1.9581919455105494	0.04184837439183136	300.28376058731317	0.3375985367442357	0.022192131902007275	0.02092418719591568
25.5	34.0	1.9759719631717274	0.027544196579818884	635.3275777475915	0.7627485274070369	0.033001324011243754	0.013772098289909442	1.9599999999999997	0.03946070188822203	297.5582309161151	0.3572363460968467	0.02214319687957469	0.019730350944111016
27.2	34.0	1.9752934686962444	0.026743374028045806	687.0478263475313	0.7352068357369306	0.030884858198742954	0.013371687014022903	1.9597744953615317	0.040358309832261456	357.05539308849916	0.38208339458833457	0.024222056382588505	0.020179154916130728
28.9	34.0	1.9749251993888606	0.026988897815120313	637.4974223040778	0.7393145349161337	0.03134254589969568	0.013494448907560156	1.9587699614832585	0.04102229839239839	331.92429498869626	0.3849371733771227	0.02480445671656749	0.020511149196199195
30.599999999999998	34.0	1.9750762120322456	0.026677456905078667	546.761433195298	0.7024917776468336	0.02943781349210862	0.013338728452539333	1.9595277363579489	0.040964012531954745	327.0597279548424	0.42021392830320586	0.02703913603106781	0.020482006265977373
32.3	34.0	1.9744747032107077	0.02738232431040001	597.2489364671895	0.7122210857772655	0.030634092118957606	0.013691162155200005	1.9589667927023358	0.04162224924439789	333.35777916413093	0.3975301167264923	0.025990549333725386	0.020811124622198945
34.0	34.0	1.9737596120433678	0.02806064418630843	580.8378325065921	0.7701564825044873	0.03394661611430307	0.014030322093154215	1.9559254421250927	0.0436051444695959	268.19745272411785	0.35561389986477143	0.024357703219507188	0.02180257223479795
35.699999999999996	34.0	1.9740720847232474	0.0274882154774164	598.1172103740204	0.7339017568289645	0.03168869473837337	0.0137441077387082	1.9572495837679909	0.04291820417512394	305.8657663809308	0.3753034010849338	0.02530136306555259	0.02145910208756197
37.4	34.0	1.974455122934288	0.027124699887997875	577.4150995239481	0.7224203490544273	0.030780437572978325	0.013562349943998938	1.958552084917916	0.04088205474293326	322.0412560522501	0.402914916494219	0.0258741408731336	0.02044102737146663
39.1	34.0	1.975381319540214	0.02705361374424153	470.1367716296662	0.6831503343842255	0.029030963344017908	0.013526806872120765	1.9599999999554505	0.04090027404092888	307.70119404610267	0.4471170652624531	0.028725483076971196	0.02045013702046444
40.8	34.0	1.974413542158379	0.02800025349268109	534.50439073569	0.750792275773713	0.03302186792569909	0.014000126746340545	1.957508488749826	0.04288072159160999	259.91168027026015	0.36508527397069407	0.024591004976349987	0.021440360795804993
42.5	34.0	1.9749134913097832	0.027369426967717964	530.841299982133	0.7221136108061741	0.031044960573331275	0.013684713483858982	1.958343186159963	0.042064001872984154	286.0974418160067	0.38918384225025343	0.02571492526609353	0.021032000936492077
44.199999999999996	34.0	1.9748600748245813	0.027724698601170397	569.4516578172143	0.7459682057031655	0.03248680698725549	0.013862349300585199	1.9576292944224654	0.04271255785528226	290.9382723158271	0.38112225680705664	0.025570532286904687	0.02135627892764113
45.9	34.0	1.9755151697786888	0.027754743908758206	555.8470387909192	0.7241016238780116	0.03156869454416836	0.013877371954379103	1.9585046563188444	0.04264585097335342	295.0811876830365	0.384402096738542	0.02575030692243582	0.02132292548667671
47.6	34.0	1.9760859396358492	0.027852564992192665	575.9093245068569	0.7476527440327381	0.03271033597859935	0.013926282496096332	1.9594472372150475	0.04147673207909621	295.9092166898511	0.38415307484765543	0.025028148440255034	0.020738366039548106
49.3	34.0	1.9755462797927654	0.027835265617596507	610.5062720036626	0.7425567903090019	0.03246720631615356	0.013917632808798253	1.9589137302619763	0.041892497035446355	305.2246045621993	0.37124369245739924	0.02442953543189657	0.020946248517723177
51.0	34.0	1.9757024087005384	0.027473492519319014	599.6482079613204	0.7342293459607725	0.031685859156869924	0.013736746259659507	1.9594492084464188	0.04144460018974716	300.4018918468299	0.3678221357918306	0.023945598331227065	0.02072230009487358
52.699999999999996	34.0	1.975552371959597	0.027264466687650025	584.2882617886602	0.7289054858954542	0.031216779938728106	0.013632233343825012	1.9591996253559123	0.041260774588667726	301.786028268462	0.37648110694212106	0.024400596344440525	0.020630387294333863
54.4	34.0	1.975559654734628	0.026817163066456717	543.6245165137	0.7097319402861751	0.029896962052158055	0.013408581533228358	1.9596710238383632	0.0417822604913503	325.82428312775636	0.4253816625850922	0.02791840311254379	0.02089113024567515
56.1	34.0	1.9745717111640582	0.02722177708044106	590.4296567111355	0.7292545476305139	0.031182827791646894	0.01361088854022053	1.9578930351307242	0.04168465255235059	319.12070834189007	0.3941540286064108	0.025808456550860604	0.020842326276175296
57.8	34.0	1.9740919538163753	0.027496836085741338	636.2614124894475	0.7298018389094773	0.031521549299257025	0.013748418042870669	1.9576934985692451	0.04073711276778341	341.83855519881837	0.39209419477154617	0.025089992678988135	0.020368556383891706
59.5	34.0	1.9740973430140296	0.026562845295770732	649.4500594501558	0.7084296372975621	0.029559098971259634	0.013281422647885366	1.9582410931591259	0.04044507045909125	365.75732996125345	0.3989734527436163	0.025347169704627595	0.020222535229545625
61.199999999999996	34.0	1.9736791731151249	0.026872183300015118	712.923490573929	0.725546602080462	0.03062584941604957	0.013436091650007559	1.9575614888023136	0.03958066618708327	369.42336908134837	0.37596442494875826	0.023374898248562953	0.019790333093541636
62.9	34.0	1.9732515538604445	0.026994028782792723	727.1901465394728	0.7567737939738205	0.03208881417650552	0.013497014391396361	1.9571112150846264	0.04013921622095699	351.3577358464296	0.36565171855518347	0.02305453589364265	0.020069608110478494
64.6	34.0	1.9729920019557525	0.026948504598479788	789.1945535217092	0.7439754324870503	0.03149293539685577	0.013474252299239894	1.9571702447639991	0.03959372825019357	381.5172813890534	0.3596571759854357	0.022368404355774824	0.019796864125096784
66.3	34.0	1.9732610003517421	0.02614289876509945	782.2977432353341	0.7175504635811732	0.029466331305559132	0.013071449382549725	1.9579178489569955	0.03893251788037938	437.9549433105737	0.4017073746122685	0.02456643702191241	0.01946625894018969
68.0	34.0	1.972782845576088	0.026099079811437567	993.7979496654956	0.7382062135034532	0.030263751959625523	0.013049539905718784	1.9573025385488132	0.03774184322426717	519.9828755093172	0.3862501323790946	0.022898742034652166	0.018870921612133586
69.7	34.0	1.9722252542452514	0.02571363736907243	780.3036102597774	0.7610070828838359	0.0307377511882744	0.012856818684536215	1.9562869544100114	0.038567716481511	385.7711963912048	0.3762312630189443	0.02279285267818733	0.0192838582407555
71.39999999999999	34.0	1.973047608998095	0.025651698064524643	789.4091222309705	0.7312045442902058	0.029462858377434585	0.012825849032262322	1.9578265474494154	0.038068464989973565	433.42045326638464	0.40146357077943035	0.024006640309220752	0.019034232494986782
73.1	34.0	1.9744319914258324	0.02542517083847858	1049.7374948262413	0.7198571542573963	0.028749485832380888	0.01271258541923929	1.9599999999999997	0.036561672040591096	601.4331245580544	0.4124325744810696	0.023686390497979777	0.018280836020295548
74.8	34.0	1.9745068456800583	0.025794648724531237	990.845619330821	0.7362502477196478	0.02983149022005543	0.012897324362265618	1.9599999999999944	0.0367144659876342	515.4683863323938	0.3830200383639794	0.022089128835566726	0.0183572329938171
76.5	34.0	1.9747304549235547	0.026086123809963724	993.7830158200572	0.7539186311673163	0.0308925603773322	0.013043061904981862	1.9599999999999997	0.03686799668808076	502.94995603502144	0.38155546669982876	0.022096683598583026	0.01843399834404038
78.2	34.0	1.975104078852052	0.02618837046980388	1008.7916003930314	0.7602180295426122	0.03127278205866177	0.01309418523490194	1.9599999999999997	0.037038383659821504	480.32911521912615	0.36197253561742965	0.021059474164078735	0.018519191829910752
79.89999999999999	34.0	1.975237320659136	0.026224687267098815	948.3881212067616	0.749910907625713	0.030891561783468118	0.013112343633549408	1.9599999999999997	0.03820854289347158	432.35859997067064	0.3418752543117329	0.02051861391299058	0.01910427144673579
81.6	34.0	1.9752771188810734	0.02685650596219647	854.2551918705349	0.7514293501042437	0.03169987439471446	0.013428252981098236	1.9599999999999904	0.03885094148281768	417.1663423961068	0.3669524476236119	0.02239397626087249	0.01942547074140884
83.3	34.0	1.975346035014093	0.026727863681203546	808.0521606945599	0.7538994148021897	0.03165173571853415	0.013363931840601773	1.959321988625879	0.04069764676408791	373.92860711930246	0.348869258443328	0.022302414193283812	0.020348823382043954
85.0	34.0	1.9756453450748952	0.026778172606097987	789.9454592989907	0.7453122461960998	0.031350110129086665	0.013389086303048994	1.9599999999999997	0.039974799523751055	395.7491446129912	0.373388669343631	0.023445921489277176	0.019987399761875527
86.7	34.0	1.9759834901081308	0.02654073595485405	815.4431925723031	0.7426106884089737	0.030959506841918862	0.013270367977427025	1.9599999999999997	0.04011208268903029	394.1159314484542	0.35891488926732296	0.022614477811572508	0.020056041344515146
88.39999999999999	34.0	1.9762415564986242	0.027237331184885184	882.8745983553791	0.7797234321596977	0.033359921064604565	0.013618665592442592	1.9599999999999995	0.04018847946119084	396.66696604761836	0.35032215080960577	0.022115107280210173	0.02009423973059542
90.1	34.0	1.9766739049450772	0.02707869728340775	1053.7653752908705	0.7913205234750093	0.03365891202159386	0.013539348641703875	1.9599999999999997	0.038396576018445525	462.023680320541	0.3469546723986656	0.020925946745521815	0.019198288009222762
91.8	34.0	1.977275143607042	0.029176899053020254	872.044540694957	0.8561622194160401	0.03923874144846407	0.014588449526510127	1.9599999999999997	0.03548399425594607	244.59221797219692	0.24013752327843566	0.013384815971014355	0.017741997127973034
93.5	34.0	1.9770322762243944	0.027785381464619334	571.2144193571937	0.8444795175901416	0.03685745645008287	0.013892690732309667	1.9599999999999997	0.0338816284886452	159.01453545499774	0.23508600910665337	0.012511544832809371	0.0169408142443226
95.2	34.0	1.9772761231787288	0.028485710188058688	483.71836851254045	0.85344329903326	0.03818753286249665	0.014242855094029344	1.9599999999999997	0.03221505197392963	120.87492129260764	0.21326436685786984	0.010791877602171897	0.016107525986964816
96.89999999999999	34.0	1.9774059405861815	0.02856425447739061	344.40240920634284	0.855814863900682	0.03839923706277481	0.014282127238695305	1.9599999999999997	0.03530745092127272	85.49847356668108	0.212457469992163	0.011783064271957347	0.01765372546063636
98.6	34.0	1.9773697693830272	0.02911449093152156	133.0633927915095	0.8262817125169137	0.03778828819043578	0.01455724546576078	1.9599999999999997	0.041566860293566696	34.49305086375337	0.21419096973043458	0.013985186293880696	0.020783430146783348
100.3	34.0	1.9747318376713603	0.03433850685317751	56.718828493723606	0.8405279441631167	0.0453370690382317	0.017169253426588756	1.9017015155135393	0.09999999999999999	3.603897978460232	0.05340690277381158	0.00838913667025954	0.049999999999999996
102.0	34.0	1.974864929220193	0.03550705492720189	20.48037348931326	0.6941690712168249	0.03871682974720574	0.017753527463600944	1.9000000000000001	0.09999999999999999	3.8534053317580956	0.13060869234461273	0.020515965418240238	0.049999999999999996
103.7	34.0	1.976964848159703	0.041527122653553857	10.321414882042713	0.564255182190939	0.03680673327440579	0.020763561326776928	1.9000000000000001	0.09999999999999999	3.6529521460547074	0.19970102958393515	0.03136896437276043	0.049999999999999996
105.39999999999999	34.0	1.9776999455282516	0.045687264821704016	7.442946022443651	0.49729671423479455	0.03568869153044437	0.022843632410852008	1.9000000000000459	0.09999999999997673	3.366747556119401	0.22494755333003333	0.03533467904922332	0.049999999999988366
0.0	35.699999999999996	1.9973273885697234	0.09999999999999529	1.7250105334785164	0.12201969911190345	0.01916680951615874	0.049999999999997644	1.9000000000001545	0.09999999999994617	2.499683987307926	0.17681671044123795	0.027774303927690393	0.04999999999997309
1.7	35.699999999999996	1.9999999999999998	0.09999999999999999	2.604021331270027	0.20847762891037047	0.032747589371131945	0.049999999999999996	1.9000000000000001	0.09999999999999999	3.4575073594245658	0.2768076158122086	0.04348083861466702	0.049999999999999996
3.4	35.699999999999996	1.9999999999999998	0.09999999999999999	2.9099491372418935	0.17610773390785867	0.027662938154263746	0.049999999999999996	1.9000000000000001	0.09999999999999999	3.2826529858880393	0.19866346499050616	0.03120598410754336	0.049999999999999996
5.1	35.699999999999996	1.999999999999999	0.09999999999999999	3.0563369451397757	0.25034625449337916	0.03932429769850603	0.049999999999999996	1.9000000000000001	0.0773268519299868	3.5183916507300848	0.288193411725019	0.03500533637650034	0.0386634259649934
6.8	35.699999999999996	1.988060873390704	0.09999999999999999	3.2598803979453383	0.2313939139925674	0.03634727101422191	0.049999999999999996	1.9000000000000001	0.05697929801236201	3.9495970543145553	0.280351610957073	0.025092274356419742	0.028489649006181006
8.5	35.699999999999996	1.9947346059740134	0.09999999999983944	2.676953514113452	0.21362433905311673	0.033556032709808455	0.04999999999991972	1.9000000000000463	0.09999999999999451	3.2446943201763134	0.2589307867778277	0.0406727528764702	0.049999999999997255
10.2	35.699999999999996	1.9854053292377398	0.09999999999999529	4.134363937207475	0.2789683230304975	0.043820241710841694	0.049999999999997644	1.9000000000000001	0.05557809451461492	3.254615410408096	0.21960684084430618	0.019172087148831975	0.02778904725730746
11.9	35.699999999999996	1.9855308563114993	0.08807861896089716	3.4388483186806584	0.23750905436791683	0.03286022584820999	0.04403930948044858	1.9000000000000008	0.09999999999998979	3.2901818133368783	0.22724118622480233	0.03569496206183981	0.049999999999994896
13.6	35.699999999999996	1.9788940670194761	0.06155575112157313	4.592173055052818	0.3091442812134656	0.02989163903009612	0.030777875560786566	1.9000000000000001	0.09999999999999985	2.9745229656906695	0.2002443621260287	0.03145431084889525	0.049999999999999926
15.299999999999999	35.699999999999996	1.9762377801396036	0.04537694307601625	5.791057807000029	0.3973342922591963	0.028321168057570824	0.022688471538008126	1.9000000000000001	0.09999999999999999	2.8001999857828967	0.19212646749793585	0.03017915494258367	0.049999999999999996
17.0	35.699999999999996	1.975176790345895	0.0516343671490903	7.6475993932261925	0.46433863264601566	0.03766114795710021	0.02581718357454515	1.900000000000011	0.09999999999999983	3.37499618954419	0.2049193524998899	0.03218865661960151	0.04999999999999991
18.7	35.699999999999996	1.9738249064845332	0.04691831854007821	14.412133962631456	0.6004587205677449	0.04425328075656844	0.023459159270039106	1.9000000000000001	0.09999999999999999	3.344849601511764	0.13935785758187408	0.021890281079961414	0.049999999999999996
20.4	35.699999999999996	1.9769830165281308	0.02993847712492195	349.81607653454483	0.7794656808256397	0.03665612735883739	0.014969238562460975	1.9572842793983485	0.04756762717259009	148.79059029515307	0.33153753227635724	0.024772170789468546	0.023783813586295045
22.099999999999998	35.699999999999996	1.975710934202007	0.026549795823882727	561.1212666999623	0.7291344715623047	0.03040805860638017	0.013274897911941363	1.9592451952080314	0.04126866767497625	307.68431165168494	0.3998123958187483	0.025917707258789193	0.020634333837488125
23.8	35.699999999999996	1.9756350168675851	0.02679031979979196	612.6138666886793	0.7320192317580441	0.030804932818003505	0.01339515989989598	1.9590648004233906	0.0407575188902843	313.34463276647176	0.37441904244355523	0.023970966434991716	0.02037875944514215
25.5	35.699999999999996	1.9756637561729495	0.026534372629511388	666.0912316024232	0.7389124418117727	0.030797940815911348	0.013267186314755694	1.9598530434735588	0.040490490983222334	341.1181744261292	0.37841132153205237	0.02406783588492744	0.020245245491611167
27.2	35.699999999999996	1.9757770820011349	0.027627654334558036	681.2108259611433	0.758621882673114	0.03292223090586454	0.013813827167279018	1.9599999999999997	0.039053975981796815	308.2433809348294	0.3432713707043237	0.021058271276853304	0.019526987990898408
28.9	35.699999999999996	1.9753388779458183	0.026484073077824206	685.130429675523	0.7399213724684883	0.03078153169421937	0.013242036538912103	1.9594882765045576	0.03948639695121176	360.9722158597924	0.3898397236690583	0.024179842889421096	0.01974319847560588
30.599999999999998	35.699999999999996	1.9750247432429224	0.02678273983007938	642.1457425190856	0.7142126013223119	0.03004708793985578	0.01339136991503969	1.9594382218136461	0.04039062150578135	350.11995826634296	0.38941328986671886	0.024706497477816496	0.020195310752890674
32.3	35.699999999999996	1.9748440861974421	0.026622072398790626	607.0942798708443	0.6940000846620605	0.029021593894153198	0.013311036199395313	1.9593326287978636	0.04042239925973994	367.4116569046244	0.42000679211124103	0.026668480904046346	0.02021119962986997
34.0	35.699999999999996	1.9742365827052744	0.027387364185731726	648.3213696792683	0.7346298387435976	0.03160375440516372	0.013693682092865863	1.9577379602207416	0.04114047233552249	332.43590700060935	0.37669178924837265	0.02434306756913463	0.020570236167761245
35.699999999999996	35.699999999999996	1.9746529786176568	0.026628545634370386	569.006090846854	0.7167125180452371	0.029978666736213945	0.013314272817185193	1.9586050813484785	0.041837918866412825	337.3273128976951	0.4248930050511731	0.02792347935742901	0.020918959433206413
37.4	35.699999999999996	1.9739395795262067	0.02811322638391202	603.108675640278	0.7645085423616255	0.03376081400034984	0.01405661319195601	1.9570580644806428	0.04218890413777279	280.7590882918151	0.3558939375509454	0.023585153754668284	0.021094452068886396
39.1	35.699999999999996	1.9752864528792802	0.02744500300181962	509.2176939077014	0.682292484816419	0.02941397692419386	0.01372250150090981	1.9596750287099207	0.04069915353541485	299.22889864122806	0.4009319220942258	0.025631610205691473	0.020349576767707427
40.8	35.699999999999996	1.9752039004946151	0.026995212417788256	520.8496293252052	0.6710721431515794	0.028456130076929737	0.013497606208894128	1.9596414719215314	0.040599409179969126	343.28187834415183	0.44229062062300994	0.02820637790804891	0.020299704589984563
42.5	35.699999999999996	1.9756311283661807	0.02691259997168603	513.3876013473052	0.6992787654681796	0.029561459603666428	0.013456299985843015	1.959803080002025	0.041278275926006906	314.2832992486111	0.4280813111362235	0.027756691272926726	0.020639137963003453
44.199999999999996	35.699999999999996	1.9751918856364676	0.028035635959883714	544.6939159886407	0.746256067399027	0.03286382915919463	0.014017817979941857	1.9580567085389733	0.04279894316037931	272.5610289425062	0.3734213208819994	0.02510452640807157	0.021399471580189657
45.9	35.699999999999996	1.9753989973321004	0.028166806914403413	624.9522060259591	0.7455025751314605	0.03298425213817263	0.014083403457201707	1.9581013504196976	0.04296383207705364	310.0337176740409	0.3698377774731417	0.02495940097495461	0.02148191603852682
47.6	35.699999999999996	1.9760792511983434	0.027102933469472804	611.0309679998074	0.710746931883908	0.030258762992612362	0.013551466734736402	1.9599999999999997	0.04063014575990285	349.8688216064965	0.4069649568378899	0.025973188759127606	0.020315072879951424
49.3	35.699999999999996	1.9757947865296128	0.027702556489431002	596.0342489999922	0.7314554810270186	0.03182933936735323	0.013851278244715501	1.9594266705243109	0.041339872164318614	296.0488851371907	0.36331230973530726	0.02359223682972395	0.020669936082159307
51.0	35.699999999999996	1.975648246018056	0.027741959693796878	607.3305374481046	0.7560768999611757	0.032947539166318776	0.013870979846898439	1.9589688477805531	0.04172620423756624	289.4063022836727	0.36028720172590273	0.023614436773597442	0.02086310211878312
52.699999999999996	35.699999999999996	1.9756896990664303	0.02784414487090553	583.3022327715325	0.7661822840132072	0.03351088269571849	0.013922072435452765	1.9589461781289224	0.04142335805472119	276.77626153295853	0.3635526427086709	0.023655519266476802	0.020711679027360597
54.4	35.699999999999996	1.9752971572399682	0.027056472767496877	578.6411840756278	0.729926518876128	0.031022028905571965	0.013528236383748438	1.9587139354119623	0.04236988865239618	317.7402480488573	0.4008132147310607	0.026675909256488554	0.02118494432619809
56.1	35.699999999999996	1.9745847353668506	0.027417970355973816	595.7718884265955	0.7362850950012194	0.03171036116772173	0.013708985177986908	1.9578678572707802	0.040982167287216216	311.34571197128906	0.38477681067230685	0.02476986783581874	0.020491083643608108
57.8	35.699999999999996	1.9740712546706154	0.027002678735584425	639.1156593805475	0.7387047247865876	0.03133268432692226	0.013501339367792213	1.9573942138552614	0.04090007712249386	349.56746357665907	0.40403819431685317	0.025957712947770155	0.02045003856124693
59.5	35.699999999999996	1.9734340959070067	0.027434750928022444	669.9149938778686	0.752335393390937	0.032421446879124925	0.013717375464011222	1.957065749753805	0.04182324585533055	324.5576054785402	0.364488294824214	0.023945350470549704	0.020911622927665276
61.199999999999996	35.699999999999996	1.9735743726791808	0.026979407256951065	698.5227873719315	0.7272647483169838	0.03082086463556892	0.013489703628475532	1.9577456114627114	0.04012754598523822	383.40386215616144	0.3991796951447094	0.025161175113555725	0.02006377299261911
62.9	35.699999999999996	1.9730663499667487	0.026939870912931325	775.179280569908	0.7605468767102896	0.03218410041775772	0.013469935456465663	1.957175318954329	0.03908749404248716	372.17423500722265	0.3651490166490043	0.022419599001469552	0.01954374702124358
64.6	35.699999999999996	1.9728682917817801	0.026952299565700253	796.1081019718259	0.748244649119581	0.031678114326394086	0.013476149782850127	1.957323664564376	0.039260204832241435	391.65207154746383	0.36810524365491276	0.02270097143223752	0.019630102416120718
66.3	35.699999999999996	1.9730219265942979	0.025981346373392854	882.1185528547961	0.7231139077865334	0.029511293429905886	0.012990673186696427	1.9582224006383044	0.03764655000091593	489.6055036716827	0.4013525709078951	0.02373400934829283	0.018823275000457964
68.0	35.699999999999996	1.9718268152148701	0.026216113439440334	1054.2037582727535	0.7439970429579248	0.0306379282004631	0.013108056719720167	1.9559143077904722	0.03853856276650816	591.4495378241994	0.4174114384879524	0.025268516027708576	0.01926928138325408
69.7	35.699999999999996	1.9743363195577859	0.02699630623469263	779.4180962484468	0.7505506643370704	0.0318276253088104	0.013498153117346316	1.9599999999999997	0.03562350206602207	366.37501511606973	0.352805525449613	0.019742032701902147	0.017811751033011036
71.39999999999999	35.699999999999996	1.9741601178205062	0.025821469336462306	1121.4748141738478	0.7335281460221584	0.029752099058285127	0.012910734668231153	1.9596413030345199	0.03694864545314054	593.4245449596615	0.3881438983442258	0.022527404751167497	0.01847432272657027
73.1	35.699999999999996	1.9745074467560049	0.02559029424603797	934.3122502730438	0.7253322660950325	0.029156282794182656	0.012795147123018985	1.9599999999999984	0.03678459325833325	535.8810512643242	0.4160191811221025	0.02403804755910954	0.018392296629166624
74.8	35.699999999999996	1.9745929063115533	0.025846845389507652	1004.6156391567557	0.7497915081725178	0.030441632552548264	0.012923422694753826	1.9599999999999869	0.03662009745180176	517.0834532298624	0.3859234986364535	0.022199367255667228	0.01831004872590088
76.5	35.699999999999996	1.974793652293241	0.026190143869374353	974.0720828637876	0.756677637099263	0.03112925020325225	0.013095071934687176	1.9599999999999762	0.037387412037874324	469.8751294061447	0.3650078971624429	0.021436187251203956	0.018693706018937162
78.2	35.699999999999996	1.9750215165808929	0.026293417127937653	898.4373525507069	0.7505833381786818	0.03100029508448387	0.013146708563968827	1.9594069513289314	0.03881495933049583	429.9234430038305	0.35917181325436365	0.02189884752130972	0.019407479665247914
79.89999999999999	35.699999999999996	1.9753119980292038	0.026164863162722363	887.1642450116382	0.7528942186616069	0.030943704644962523	0.013082431581361182	1.9599999999999997	0.038453236558791314	443.1420413949243	0.37607363336398236	0.022715675847591345	0.019226618279395657
81.6	35.699999999999996	1.9750563940980252	0.0268848440313008	846.7086852192432	0.7894430348397006	0.033338664277312836	0.0134424220156504	1.9590514969543409	0.039962103214969284	366.11995076672537	0.3413580728462765	0.02142783986996469	0.019981051607484642
83.3	35.699999999999996	1.9754411523066624	0.02685332415188991	791.0640541073487	0.73709488779184	0.031091475338511095	0.013426662075944956	1.9599999999999995	0.03901943114213536	389.46438386999324	0.3628937566269628	0.02224233139344082	0.01950971557106768
85.0	35.699999999999996	1.9755449652773627	0.02665345109417364	799.2282080702753	0.7429272544834667	0.031104241657876803	0.01332672554708682	1.9596571942010124	0.03989463853988216	384.70443400473437	0.35760425627722914	0.022409754085152788	0.01994731926994108
86.7	35.699999999999996	1.9760470026577512	0.02702337581344382	768.2290625697983	0.7442031647210506	0.031590099262891344	0.01351168790672191	1.9599999999999997	0.039857357282961116	380.3138221013095	0.36841973805076933	0.0230659457449365	0.019928678641480558
88.39999999999999	35.699999999999996	1.9761909704364973	0.02700907076196603	818.7962706823178	0.748663031318976	0.03176258995940654	0.013504535380983016	1.9599999999999997	0.039966188346214765	407.15008853953924	0.37227602323321574	0.023371020359587217	0.019983094173107382
90.1	35.699999999999996	1.9763547421006005	0.027114035719046515	965.325293994381	0.7561448970765606	0.03220468580776466	0.013557017859523257	1.9599999999999997	0.03881179390112023	439.0709992896071	0.34392685826491465	0.02096764649705278	0.019405896950560116
91.8	35.699999999999996	1.9768368328646995	0.027470155707424795	1067.6962282228515	0.7889718081843703	0.034044149051467326	0.013735077853712398	1.9599999999999997	0.038821964204017886	460.6654011100127	0.34040769731546205	0.020758537534587555	0.019410982102008943
93.5	35.699999999999996	1.9767816444972237	0.02791784133836887	559.1698706195745	0.8576396820558015	0.037610281063180914	0.013958920669184435	1.9599999999999997	0.03528779098006201	155.58597604370317	0.23863357816223515	0.013227443118356498	0.017643895490031005
95.2	35.699999999999996	1.977179604202535	0.028482539460716088	532.8614327302824	0.8830713318725679	0.03950884837137105	0.014241269730358044	1.9599999999999997	0.03343416643881787	136.12422184498712	0.225588474791372	0.01184751548762591	0.016717083219408936
96.89999999999999	35.699999999999996	1.9772574748735068	0.028726912375695097	395.45815255764626	0.8594945141650314	0.03878394085057294	0.014363456187847548	1.9599999999999997	0.03453821634609516	97.64935461827805	0.21223253096022934	0.011514146101248257	0.01726910817304758
98.6	35.699999999999996	1.9773587037625564	0.02997818436566749	238.71846876369997	0.8387558479061972	0.039496695732214065	0.014989092182833745	1.9599999999999997	0.037174771881313656	51.28604022440643	0.18019747854848223	0.010522450683105521	0.018587385940656828
100.3	35.699999999999996	1.9769117111148637	0.030191620021390534	84.14907844742672	0.7774026894247023	0.03686823378958078	0.015095810010695267	1.9599999999999997	0.047196600864618875	22.28477153371365	0.20587559178497236	0.015262843780529348	0.023598300432309437
102.0	35.699999999999996	1.9744572481306106	0.0357986524326563	37.42173454253066	0.7853419644524181	0.04416165699920899	0.01789932621632815	1.9000000000000001	0.09999999999999862	3.809098633853165	0.07993870515284163	0.012556742442282217	0.04999999999999931
103.7	35.699999999999996	1.9751355608827454	0.03843917664666841	15.330229501467755	0.5198274354036384	0.03138724161983412	0.019219588323334206	1.9000000000000001	0.09999999999999999	3.729280235503442	0.12645487013339402	0.019863484551086098	0.049999999999999996
105.39999999999999	35.699999999999996	1.9751740337040047	0.04651053362665249	8.779416618147074	0.4741157965126041	0.0346382246574243	0.023255266813326243	1.9000000000000015	0.09999999999998828	2.4407533762215223	0.13180827170978082	0.020704394904288315	0.04999999999999414
0.0	37.4	1.9999999999999996	0.09999999999999966	2.4133932640162197	0.19041523312148334	0.029910354875301897	0.04999999999999983	1.9000000000000001	0.09999999999999887	3.637170391370418	0.2869704901814545	0.04507721918755545	0.049999999999999434
1.7	37.4	1.9968933693765298	0.0999999999999342	2.419582496260713	0.17336570909438662	0.02723222190374759	0.0499999999999671	1.9000000000000001	0.09999999999999999	3.4927177008606956	0.2502570099643277	0.03931027920066398	0.049999999999999996
3.4	37.4	1.9995240072166587	0.09414029392792762	2.0779376975479535	0.1529596574928953	0.02261894421209085	0.04707014696396381	1.9000000000000001	0.09999999999999999	2.536253865002032	0.18669689806558312	0.02932628017054192	0.049999999999999996
5.1	37.4	1.9999999999999998	0.09999999999999999	2.5532024953769463	0.17622769742065697	0.027681781978789045	0.049999999999999996	1.9000000000000001	0.09999999999999999	2.967217214802611	0.20480391134601292	0.03217052316555447	0.049999999999999996
6.8	37.4	1.9904825638088377	0.09999999999999998	2.5273023442622233	0.1747038176435415	0.02744241150315204	0.04999999999999999	1.9000000000000001	0.09999999999999999	3.521176284338415	0.24340694371863986	0.03823427331096116	0.049999999999999996
8.5	37.4	1.989114785042874	0.09933044899896235	2.922201629596355	0.20305131213514782	0.03168167072348971	0.04966522449948117	1.9000000000000001	0.09999999999999999	3.297216232576803	0.22910947541648846	0.03598843224181257	0.049999999999999996
10.2	37.4	1.9859353567472002	0.09999999999999544	3.0850377968090688	0.21341525615081874	0.033523190044368274	0.04999999999999772	1.9000000000000064	0.09999999999999999	3.5295519513665745	0.24416564185295736	0.03835344933521437	0.049999999999999996
11.9	37.4	1.980886898024772	0.07524094266543395	4.061864972671741	0.3053066583293838	0.03608364328570166	0.037620471332716975	1.9000000000000001	0.06967915292329017	3.359915400363719	0.2525452101574281	0.027641517091372057	0.03483957646164509
13.6	37.4	1.9820793728063653	0.07864533190619172	4.011901737112258	0.3004963892431926	0.037122061384857026	0.03932266595309586	1.9000000000004382	0.0999999999997117	3.1206279167002546	0.2337388806075072	0.036715617508636465	0.04999999999985585
15.299999999999999	37.4	1.9807656772107285	0.05507150378168887	5.630990703484775	0.3636501526498048	0.031457962234484445	0.027535751890844434	1.9000000000000001	0.09999999999999999	3.9123631077919625	0.25266094658787935	0.03968788868247625	0.049999999999999996
17.0	37.4	1.9743972744872111	0.045570080728893916	7.42241399597883	0.4516229297958791	0.032327763388936524	0.022785040364446958	1.9000000000000001	0.09999999999999999	3.3747063868671665	0.20533680638987656	0.032254230123301295	0.049999999999999996
18.7	37.4	1.9765511393886674	0.04553726376682477	8.933181798854942	0.5368115531871092	0.03839800513837306	0.022768631883412386	1.9000000000000108	0.09999999999999877	3.4962168013091626	0.21009418745179997	0.033001517793024175	0.049999999999999385
20.4	37.4	1.974245217733233	0.03740278555555295	26.76523094266579	0.6361792584772145	0.03737690441379331	0.018701392777776476	1.9000000000000001	0.09999999999999988	4.222300363180919	0.10035930270396438	0.01576440240470842	0.04999999999999994
22.099999999999998	37.4	1.976528364929231	0.026664946963760993	582.9629863677121	0.7098707543944167	0.029733079050712867	0.013332473481880497	1.9599999999999993	0.040001934757747264	346.6365959973944	0.42209743612465417	0.02652244688925818	0.020000967378873632
23.8	37.4	1.9753666436310977	0.027123550956927277	581.3061777447866	0.7564133828016918	0.032227426516494094	0.013561775478463638	1.9586616961402254	0.0416559885032124	298.9625432726395	0.3890192076835923	0.025454722498690845	0.0208279942516062
25.5	37.4	1.9755475967308673	0.027188285394864915	611.9087852166938	0.725161806739436	0.030969672974127775	0.013594142697432457	1.9595056211057684	0.041274917741952945	322.4992383041454	0.38218789461881686	0.02477895691755795	0.020637458870976472
27.2	37.4	1.975278103214352	0.027206215811664082	693.8355030653497	0.7608610759815343	0.03251572058289197	0.013603107905832041	1.959347403126967	0.04090399858921812	325.80775047322754	0.3572812784773784	0.022955983375198313	0.02045199929460906
28.9	37.4	1.9757325535349732	0.027073767845615593	654.0722454137223	0.7583761347691304	0.03225174633837728	0.013536883922807797	1.9599999999999997	0.03919660707508028	311.5856223663124	0.36127369965122264	0.022243580652743556	0.01959830353754014
30.599999999999998	37.4	1.9752288224271732	0.02658817474879283	663.6303449048138	0.7177621110904651	0.02997705265540626	0.013294087374396414	1.9596010537242547	0.03972013827447185	382.58580362425727	0.41379300417912085	0.02581747544830223	0.019860069137235925
32.3	37.4	1.9755497779509392	0.028287674033207748	542.8885088427386	0.7658409035915918	0.034029508322571574	0.014143837016603874	1.9599999999999997	0.039116664392135236	253.12385247165562	0.3570762628789254	0.02194030556966103	0.019558332196067618
34.0	37.4	1.974361080584131	0.027259764368253753	610.1887365794996	0.7281375011867091	0.031178511211207148	0.013629882184126876	1.9581559442411347	0.040946659893067575	332.03375658476733	0.3962154909389572	0.025484129862172716	0.020473329946533787
35.699999999999996	37.4	1.9742704112819156	0.0271239202133107	583.0595477457206	0.7161817547494476	0.030513750306260648	0.01356196010665535	1.9580687589164552	0.041454628209084625	330.7168942566738	0.4062250700975174	0.026452067593619503	0.020727314104542312
37.4	37.4	1.9743211553108304	0.026764002437929337	599.036438828724	0.7177426854836368	0.030174474337561784	0.013382001218964669	1.9583480674663085	0.04062361400988724	348.9000212389619	0.41803874017912696	0.02667564715915063	0.02031180700494362
39.1	37.4	1.9752918776931796	0.02787927714030638	498.2202823321607	0.7178940086854396	0.03143849263599479	0.01393963857015319	1.9596718519829732	0.04120453911039221	279.9290575347033	0.4033545007851501	0.026106691975878674	0.020602269555196104
40.8	37.4	1.9752360032304737	0.027338177704729114	532.6337010825345	0.7096630001016713	0.030474851786489433	0.013669088852364557	1.9594557597938027	0.04053559786253018	313.73066945466815	0.4180040573035499	0.026615642660214617	0.02026779893126509
42.5	37.4	1.9754057625013952	0.027312180559613	534.1374811433656	0.7105696073884374	0.03048476698263888	0.0136560902798065	1.959648505725325	0.04091456510260126	307.02703464123533	0.4084418097671418	0.02624992144713504	0.02045728255130063
44.199999999999996	37.4	1.9760261517957889	0.02723671897296731	532.7879007480884	0.7135727620860902	0.030529024751183822	0.013618359486483655	1.9599999999999997	0.040616376520170076	318.75173329344545	0.4269101352087127	0.027236890125841108	0.020308188260085038
45.9	37.4	1.9764692434527	0.027401599684107984	520.3332512819547	0.7146855354804353	0.030761732188157368	0.013700799842053992	1.9598274636347102	0.0425791685245121	302.02880211402214	0.4148410958507204	0.02774590061102002	0.02128958426225605
47.6	37.4	1.976170913147653	0.027819466738848143	558.240390456084	0.7076243145468907	0.030922274074093613	0.013909733369424072	1.9599999999999997	0.04131930572877566	312.0382978056986	0.39553907308057196	0.025672152511870282	0.02065965286438783
49.3	37.4	1.9760050409815204	0.02798992344004763	567.8835654490299	0.7456484495690903	0.032783529388368475	0.013994961720023815	1.9592619522055674	0.04240611385299206	278.06546312040314	0.3651084378370679	0.02432037246663941	0.02120305692649603
51.0	37.4	1.9757215601868494	0.027934330381891997	580.6843225041938	0.7493917304266255	0.032882667318582824	0.013967165190945999	1.9586478060601784	0.04298872670810639	269.82313958818474	0.3482154100753673	0.023513779730105423	0.021494363354053195
52.699999999999996	37.4	1.9752223722153903	0.02817987767052991	611.1634947820847	0.7505436797527513	0.03322270215259645	0.014089938835264954	1.958503641897991	0.04167836947854858	281.78981521219856	0.34605398822392325	0.022655541984005826	0.02083918473927429
54.4	37.4	1.9749794394455196	0.027249411138080718	590.9744733278771	0.7273506845607309	0.031132991316700588	0.013624705569040359	1.9587371614371778	0.0411324751016915	322.56894429263514	0.3970065595694707	0.025650887916925498	0.02056623755084575
56.1	37.4	1.974193548425202	0.027082364531546017	622.072854176818	0.7323543625552443	0.031154998122705408	0.013541182265773008	1.9579517192996916	0.0407618829821233	336.5039889371326	0.3961596502092382	0.025365554142330285	0.02038094149106165
57.8	37.4	1.9744192219230934	0.02663510652525268	577.1981392346743	0.6921608418999455	0.028958851981695746	0.01331755326262634	1.9590409541767346	0.04039306575953578	360.74755767766294	0.43259899203174745	0.027448094280298072	0.02019653287976789
59.5	37.4	1.9733681042573694	0.027332925377873605	700.973417265548	0.7526030720821946	0.032312605579117235	0.013666462688936802	1.957085294339663	0.04059250951766656	347.68213000186665	0.3732903883405884	0.02380195259285731	0.02029625475883328
61.199999999999996	37.4	1.9739619656522025	0.025811777724856114	676.5809229298313	0.6936009434939957	0.028122081908697534	0.012905888862428057	1.9592735604927007	0.03889984235569259	436.0148556513406	0.44698321369686683	0.02731234137416873	0.019449921177846295
62.9	37.4	1.9731834646935662	0.026387199435861642	775.5918092356966	0.7153164444370569	0.029649091181876783	0.013193599717930821	1.958070638783257	0.03825038979488744	421.29468735910126	0.3885536363759523	0.023345690304792624	0.01912519489744372
64.6	37.4	1.9731911577107604	0.025996561324759172	822.3815810547184	0.7251797044620738	0.02961293298888284	0.012998280662379586	1.9581078222310182	0.038124438737998506	479.1979590605816	0.42255887332094777	0.025305245891452468	0.019062219368999253
66.3	37.4	1.9728387821764115	0.025740318457831264	967.8641664755307	0.7259119926821919	0.029350652736575302	0.012870159228915632	1.9579289122000132	0.03790963477909717	548.576888698246	0.41144052668511344	0.024500590111967296	0.018954817389548587
68.0	37.4	1.9723120659700284	0.02654590948850081	566.6821145217677	0.777364305178673	0.03241470557554303	0.013272954744250404	1.9558124318052816	0.041476683614974266	227.4093616687501	0.3119560612459791	0.020324381075933887	0.020738341807487133
69.7	37.4	1.973291362893057	0.025958375030977206	1082.238385327513	0.721044889840726	0.029400836224496043	0.012979187515488603	1.9580072689820294	0.038117832749571506	609.0311748013493	0.40576902676697446	0.024295563173820714	0.019058916374785753
71.39999999999999	37.4	1.974016207337943	0.025927137040456093	1045.6403431058873	0.7486595608076322	0.030490097656752573	0.012963568520228046	1.9590307591254812	0.037251549134601124	532.1252490317747	0.3809920474677383	0.022293595945590623	0.018625774567300562
73.1	37.4	1.974775013991636	0.02647252976340768	903.9321248194054	0.7614617251209436	0.03166382675642204	0.01323626488170384	1.9599999999999997	0.03583455681394944	426.1241942834897	0.3589619786548739	0.020205535511907735	0.01791727840697472
74.8	37.4	1.9748960767472743	0.026569476511411422	946.2912394765862	0.7695518873327994	0.03211742971595198	0.013284738255705711	1.9599999999999997	0.03638873517156226	453.9879250642044	0.3691963425051916	0.021103001378307402	0.01819436758578113
76.5	37.4	1.9750966332702682	0.025969480051311066	951.3578063469249	0.7445427096549051	0.03037195494859368	0.012984740025655533	1.9599999999999405	0.0376463035754006	495.6122252791109	0.38787138412657773	0.022936648387051478	0.0188231517877003
78.2	37.4	1.9752090606910988	0.02646437067619933	876.6601317526734	0.7444146663581075	0.030945419106344137	0.013232185338099665	1.9599999999999997	0.03848097278537073	434.94959947106315	0.36933681508421873	0.022324848436666406	0.019240486392685364
79.89999999999999	37.4	1.9752100672134172	0.026309496931209965	828.1641803168047	0.7463847560277029	0.030845739168896612	0.013154748465604982	1.9598344106006798	0.03912771804285703	413.52023616400777	0.3726860058880141	0.02290590646073271	0.019563859021428515
81.6	37.4	1.9752253094341814	0.026483519751099947	801.4415379815623	0.7469219777563041	0.031072115270428927	0.013241759875549973	1.9599999999999982	0.03938382328621292	411.2918121567819	0.3833129170529532	0.023713256866643072	0.01969191164310646
83.3	37.4	1.9754242404157565	0.026452837735046992	781.3228212809281	0.7346260880127844	0.030525198156921275	0.013226418867523496	1.959750726914999	0.03979943044305802	409.65735550595207	0.3851736725258073	0.024079825122580042	0.01989971522152901
85.0	37.4	1.9750076287725402	0.027582854177196765	781.4069622603007	0.776616766910346	0.0336485104029812	0.013791427088598382	1.9584128820935032	0.040854883462305105	340.7313055203436	0.3386425481965461	0.021732284233797798	0.020427441731152553
86.7	37.4	1.9758351741737328	0.02687597809549117	764.3654591250104	0.743894821227727	0.031404775328156	0.013437989047745584	1.9599999999999933	0.03967559789380923	399.307217083405	0.38861328350346097	0.0242192672011036	0.019837798946904614
88.39999999999999	37.4	1.976026675949369	0.02693270359857836	771.2360642171145	0.7482216716469353	0.031654110323272006	0.01346635179928918	1.9599999999999997	0.039463372773882975	398.62348736351123	0.3867281963475363	0.023972863610372215	0.019731686386941488
90.1	37.4	1.9762189637129866	0.02698118150695715	861.0184662435879	0.755723538793936	0.03202903028513837	0.013490590753478575	1.9599999999999997	0.03978109208265369	423.6350651090581	0.3718282512083126	0.023234801277440206	0.019890546041326847
91.8	37.4	1.976712844229091	0.026973515056662144	1011.169149535765	0.7730681292200504	0.03275481806949377	0.013486757528331072	1.9599999999999997	0.03862370641155005	465.61605234387457	0.3559769705054403	0.021597114313528485	0.019311853205775026
93.5	37.4	1.9771838306967564	0.028684405496278348	1003.9276910516336	0.8274708462202809	0.03728365080628747	0.014342202748139174	1.9599999999999997	0.03722084992388986	356.05950496953534	0.2934761761310581	0.017158487973735193	0.01861042496194493
95.2	37.4	1.9768149551482932	0.027985205156104878	570.2717033476293	0.8699112706768893	0.03824047953610235	0.013992602578052439	1.9599999999999997	0.03421743746964686	151.2996405485455	0.23079746336687842	0.012405046330149813	0.01710871873482343
96.89999999999999	37.4	1.9772676231262507	0.028167065224247004	501.41856589706225	0.8776512014074341	0.038831433937788894	0.014083532612123502	1.9599999999999997	0.033650339897412264	124.55999670461043	0.21802190463276558	0.01152416483812522	0.016825169948706132
98.6	37.4	1.9771530691034327	0.02908708240295478	349.5884937212649	0.8555639334554971	0.03909061533050717	0.01454354120147739	1.9599999999999997	0.03583164367100743	78.77652341073839	0.19279339407257115	0.01085122470017123	0.017915821835503713
100.3	37.4	1.9775966828500144	0.029488201739309373	152.0181202070884	0.7675454045157023	0.03555267164930333	0.014744100869654686	1.9599999999999997	0.0385522613346567	38.266476214904536	0.1932089274998801	0.011700298024773422	0.01927613066732835
102.0	37.4	1.9745792611214747	0.03530296533107304	64.08987547225495	0.8529308658269138	0.04729823058135195	0.01765148266553652	1.9000000000002024	0.09745728917471927	4.162050189656087	0.05539004477259809	0.008479415571288389	0.048728644587359635
103.7	37.4	1.9751371719003419	0.037487859541573604	22.296490252870804	0.7103719630165282	0.04183081570463586	0.018743929770786802	1.9000000000000001	0.09999999999999999	3.822786269912449	0.12179496216453567	0.019131507919017604	0.049999999999999996
105.39999999999999	37.4	1.9757593725436855	0.04652711649148133	10.90382651471672	0.42407272119547096	0.030993195242023742	0.023263558245740664	1.9000000000000001	0.09999999999999999	3.528951745036717	0.13724834740037187	0.0215589199955174	0.049999999999999996
0.0	39.1	1.9999999999999951	0.09999999999999999	2.4973504494086467	0.17288797682058551	0.027157179893677694	0.049999999999999996	1.9000000000000001	0.08495664268783615	3.081149422306163	0.21330353936932084	0.02846526822573597	0.042478321343918074
1.7	39.1	1.9973083561094729	0.09999999999999995	2.460788464421944	0.1505444664737355	0.023647469495624105	0.049999999999999975	1.9000000000000346	0.08316697967963509	3.3791058228857302	0.20672467000698647	0.02700617727566172	0.04158348983981754
3.4	39.1	1.9975327387210844	0.09999999999999999	2.3408245146745528	0.12583160320620454	0.0197655820111019	0.049999999999999996	1.9000000000000001	0.09999999999999999	3.3641492271368554	0.18084067730057865	0.02840638716388502	0.049999999999999996
5.1	39.1	1.9873195264132413	0.07515579628207499	2.4370574613461797	0.17192302623043446	0.020296278086870092	0.03757789814103749	1.9000000000000001	0.0999999999999909	3.2016771628966665	0.22586337646467058	0.035478536210816515	0.04999999999999545
6.8	39.1	1.9963374384680461	0.09999999999999999	2.702004516788704	0.21855492440994037	0.03433052724660706	0.049999999999999996	1.9000000000000001	0.08213434389077488	3.2445806587809254	0.2624418561167315	0.033859283982745736	0.04106717194538744
8.5	39.1	1.9839361636587665	0.06929955217516126	3.1953078254887117	0.2471325554731242	0.026901733445222197	0.03464977608758063	1.9000000000000001	0.09999999999994241	3.181655956627734	0.24607668811296418	0.038653635779747494	0.049999999999971206
10.2	39.1	1.985432722285484	0.09561467606133406	2.775610107724258	0.20040115126673858	0.030098485771855626	0.04780733803066703	1.9000000000000001	0.09999999999999999	3.342477836348376	0.2413294304642	0.03790793829206698	0.049999999999999996
11.9	39.1	1.9880649813150995	0.09999999999999329	2.7811518218743414	0.21272232382455128	0.03341434448908572	0.049999999999996644	1.9000000000000001	0.09999999999999999	3.173304441998127	0.24271695266520116	0.038125889769734876	0.049999999999999996
13.6	39.1	1.9797672268523494	0.09999999999999327	4.1102687721682685	0.2889631809298005	0.045390230318346915	0.04999999999999664	1.9000000000000001	0.05946897299348674	3.2514117904966566	0.22858317681228968	0.021352787580035407	0.02973448649674337
15.299999999999999	39.1	1.9784355307217942	0.0675066134142772	4.1536589067596195	0.2778145671556367	0.029459217887756177	0.0337533067071386	1.9000000000000001	0.09999999999999999	3.4865146230375097	0.23319308894253857	0.03662988475448952	0.049999999999999996
17.0	39.1	1.9749754167299085	0.06071428233403043	5.485620572675938	0.3749420894073116	0.03575814145785401	0.030357141167015215	1.9000000000000001	0.09999999999999999	3.0393094082266447	0.20773675553719667	0.03263121325381179	0.049999999999999996
18.7	39.1	1.976643767461294	0.0427927292910365	8.024655346499898	0.4350930871669813	0.029246375157803855	0.02139636464551825	1.9000000000001411	0.09999999999993454	3.614121974687317	0.1959560154880169	0.030780698934173935	0.04999999999996727
20.4	39.1	1.9742172957567108	0.043520164842212	12.259599802694263	0.6644296690541082	0.04542128595182108	0.021760082421106	1.9000000000000001	0.09999999999999999	3.3934440602209057	0.18391341888588356	0.028889052283423707	0.049999999999999996
22.099999999999998	39.1	1.9785140257742961	0.034056398259215324	127.62600921882226	0.8215329208133411	0.04394845015608613	0.017028199129607662	1.9599999999999997	0.04509160687155088	29.769540206922517	0.19162753318981304	0.013572926521312886	0.02254580343577544
23.8	39.1	1.976275813015562	0.02727044292026842	522.7384542783104	0.7274693484677477	0.03116210366802739	0.01363522146013421	1.9599999999999989	0.0406163089419645	280.68865447826306	0.3906205692816259	0.024921572357114695	0.02030815447098225
25.5	39.1	1.9754159027069456	0.027119983630666127	635.1590805422906	0.7268491181975201	0.03096375111657568	0.013559991815333064	1.959033810590206	0.04080137796222166	330.1019838600317	0.3777547125344775	0.024210546816366023	0.02040068898111083
27.2	39.1	1.975983615187648	0.027262633030917544	615.0274462189795	0.7509420994918525	0.032158377377717276	0.013631316515458772	1.959999999999984	0.04013672404704392	296.68007534884134	0.36224327878293755	0.022838213875035384	0.02006836202352196
28.9	39.1	1.9757307298389677	0.026805604002650533	705.0658660952422	0.7307762646488773	0.030770170853888293	0.013402802001325266	1.9599999999999984	0.03958799975281794	369.83390521334195	0.38331998865451355	0.02383663259416196	0.01979399987640897
30.599999999999998	39.1	1.975253659246626	0.027246876538681332	687.1159133682412	0.7522207476288704	0.032194516617439106	0.013623438269340666	1.9593752619135736	0.040176699321008105	341.0515064044325	0.3733664351767178	0.023562936078570865	0.020088349660504053
32.3	39.1	1.9751298434207951	0.026594693883798145	602.1274791150065	0.7037188069733664	0.029397745819497185	0.013297346941899072	1.9597520772929642	0.040180338878301185	361.21732945807463	0.4221621449961933	0.026644818121896834	0.020090169439150592
34.0	39.1	1.9743210743235056	0.027251712190930772	645.8609339981592	0.7408126409354844	0.03171188479285947	0.013625856095465386	1.9575390476817056	0.04110137908981751	318.8047524868768	0.3656740610870571	0.023608610446007528	0.020550689544908754
35.699999999999996	39.1	1.9744476169075418	0.026894170461775845	596.4642641276649	0.6961920302864332	0.02941081623497279	0.013447085230887923	1.9586680699177046	0.041177092952936416	345.6061495935483	0.4033908843087208	0.026091655742600164	0.020588546476468208
37.4	39.1	1.9738078219573485	0.027453887967776834	611.6586066933968	0.7437109165926175	0.03207213641607917	0.013726943983888417	1.9572191227352889	0.041391280832287096	317.33730707109396	0.38584795003003763	0.025086781076341016	0.020695640416143548
39.1	39.1	1.97487366125015	0.027128741795378494	536.7091557819883	0.7007035535214056	0.029859590612291816	0.013564370897689247	1.9595675162147792	0.03973173816027148	312.58547687458525	0.4080976671733454	0.025469566544638892	0.01986586908013574
40.8	39.1	1.973772464544227	0.027868426579240973	601.1963105132222	0.7459433821759851	0.032654135609283395	0.013934213289620486	1.957370012897328	0.041897465426076114	280.6462367333174	0.3482160475088424	0.022916928509852764	0.020948732713038057
42.5	39.1	1.9753477802950818	0.02779153062677462	535.5264388728335	0.7400771377069287	0.03230794475997206	0.01389576531338731	1.959028582949426	0.04141783614411126	274.4794374471641	0.3793201262907993	0.024678182360639397	0.02070891807205563
44.199999999999996	39.1	1.9764788974847958	0.028794464786391215	516.3532992126692	0.7325788335416384	0.03313471610726309	0.014397232393195607	1.9599999999999997	0.040709232147919765	272.0581100543929	0.3859838084177767	0.024682086771795682	0.020354616073959882
45.9	39.1	1.9768545093540217	0.028998369582772035	525.861976583184	0.7351245852175036	0.033485316254378894	0.014499184791386018	1.9599999999999997	0.03958407932975032	272.9059902546454	0.38150676759870855	0.023721528625008377	0.01979203966487516
47.6	39.1	1.9767139592640948	0.02769804101312646	543.5108120857827	0.7315863818461513	0.03182984646182092	0.01384902050656323	1.9599999999999997	0.0411773341527037	296.16914291706934	0.3986550163549953	0.025785486930529913	0.02058866707635185
49.3	39.1	1.976598802214783	0.028064011453656702	564.1299465385501	0.7370688098847731	0.03249209091607651	0.014032005726828351	1.9599999999999997	0.04083002374966425	306.0224907800137	0.3998363044919206	0.025643761813538106	0.020415011874832124
51.0	39.1	1.9761412496864297	0.027674382571185468	588.9336429208619	0.7107918936743051	0.030898705393464145	0.013837191285592734	1.9599999999998594	0.04143576170974942	310.7778080829072	0.3750818948356167	0.024413008660177364	0.02071788085487471
52.699999999999996	39.1	1.976191141840677	0.02687311602426373	554.5752200902447	0.7100445544669085	0.029972537019425986	0.013436558012131864	1.9599999999999997	0.04082571775051188	327.01735943067143	0.4186932392004662	0.026850331625854856	0.02041285887525594
54.4	39.1	1.9752098453134757	0.02691883987033549	610.1029377332516	0.7006841065452545	0.02962773712420951	0.013459419935167746	1.9592929530389953	0.041054275171645505	361.0490978103067	0.4146535754410564	0.02674014023120008	0.020527137585822752
56.1	39.1	1.974432695353963	0.027019398727569432	628.1093766545711	0.722291689874048	0.030655483874994137	0.013509699363784716	1.9583602844173664	0.0403983555901091	354.2515452600849	0.40737004855623565	0.025850720936817798	0.02019917779505455
57.8	39.1	1.974243460807901	0.026632115398027498	651.2452461426453	0.7151760195831578	0.029918408302975524	0.013316057699013749	1.958750886685451	0.039063704190086375	380.0939103614865	0.4174065783822772	0.02561253641915898	0.019531852095043187
59.5	39.1	1.9738193368525894	0.02646647929845428	698.2211860091408	0.7256931727456566	0.030169567718692773	0.01323323964922714	1.9583364404425017	0.03970703605981723	399.9460133104497	0.4156821608137757	0.02592678905883107	0.019853518029908614
61.199999999999996	39.1	1.9735143876589183	0.02621018465937639	712.9574790573085	0.7116009896707487	0.029297225993628426	0.013105092329688196	1.9584420692072708	0.03873104132996725	411.22985501584316	0.4104474395841359	0.02497103834395755	0.019365520664983624
62.9	39.1	1.9728362719001347	0.02669265582718023	846.5430692808296	0.7573864273308333	0.031756247779948905	0.013346327913590115	1.9571494090983395	0.03779035476346867	407.3895756438063	0.36448391868686936	0.021636111837260105	0.018895177381734334
64.6	39.1	1.9727016764860354	0.02603027826320309	913.1510199168848	0.7294762543790196	0.029827018751345264	0.013015139131601546	1.9576911103425632	0.03807948527007234	511.768698245391	0.40882954184123294	0.02445418630121458	0.01903974263503617
66.3	39.1	1.9730260108194977	0.02597680697921474	972.3955810171317	0.7238373335302438	0.029535656153965424	0.01298840348960737	1.9578576526791032	0.03763766161135171	558.7316122204008	0.41591180404751743	0.024589163611256425	0.018818830805675854
68.0	39.1	1.9742595575430915	0.02599916529041523	1030.097228308944	0.7068307186152316	0.02886653774085041	0.012999582645207616	1.9593629349746022	0.03762392500922394	593.8608677495857	0.4074946445570007	0.02408273920154115	0.01881196250461197
69.7	39.1	1.974244319271967	0.025584551091090747	1077.4063491888444	0.7147720761859074	0.02872534516742036	0.012792275545545373	1.9599999999999997	0.03686245079511796	611.8266158929476	0.40589753423751956	0.02350284821981788	0.01843122539755898
71.39999999999999	39.1	1.9745054426976758	0.025863979375668755	1007.6468268458431	0.7334021430414758	0.029795960988066132	0.012931989687834378	1.9599999999999673	0.03674364933413125	545.0612659745263	0.3967154859266717	0.02289714415576232	0.018371824667065623
73.1	39.1	1.9745246326152168	0.026408372078164617	1007.1842940958556	0.7431371840819058	0.03082694586969735	0.013204186039082308	1.9599999999999997	0.03654163940901252	508.21290565074054	0.3749779557061191	0.021523537028677174	0.01827081970450626
74.8	39.1	1.9748502164617068	0.026258956089195602	950.7972115526646	0.7368862138838987	0.030394693305156057	0.013129478044597801	1.9599999999999997	0.03774211549722861	476.7988618683745	0.3695283324743716	0.0219075523712971	0.018871057748614306
76.5	39.1	1.9752530115860034	0.026479251634167433	874.5899153129477	0.7621819418225123	0.03170182313609271	0.013239625817083716	1.9599999999999989	0.037540031038256975	417.8491680180341	0.36414448039336045	0.021472778084692782	0.018770015519128488
78.2	39.1	1.9750599304579777	0.026523535611989682	847.2764226450057	0.7360199771298754	0.03066485353092089	0.013261767805994841	1.9599999999999993	0.03887593276731849	431.6548661302826	0.37497397095672946	0.022898225152817416	0.019437966383659244
79.89999999999999	39.1	1.9755883946242438	0.027491746360184453	753.779802429933	0.7485273643502665	0.032324356448817725	0.013745873180092226	1.9599999999999997	0.037353817899933965	345.4821024755755	0.3430747371614131	0.020129992523379756	0.018676908949966983
81.6	39.1	1.9752299770482544	0.02686997206051844	761.3053947341845	0.7355913064474718	0.031047288680175367	0.01343498603025922	1.9599999999999997	0.03898614184013422	399.24497820762235	0.3857599553919861	0.023623665160798998	0.01949307092006711
83.3	39.1	1.9751668457045195	0.026844769657495285	775.5303719540426	0.7477535898001246	0.03153102330469143	0.013422384828747642	1.959250453424978	0.03998331160042886	393.29792715152877	0.3792113726603748	0.023816612574124655	0.01999165580021443
85.0	39.1	1.975583549517214	0.02654376515938938	716.4479114169694	0.7193953951869958	0.029995082238137117	0.01327188257969469	1.9599999999999997	0.03978188976657965	398.9923590694641	0.4006338231368181	0.025035305657439985	0.019890944883289824
86.7	39.1	1.9753495582234684	0.027122647678248426	731.4109033052142	0.7383915517570423	0.03145854837719024	0.013561323839124213	1.9592919912263653	0.04050891728091618	359.0741701892105	0.36250120489555093	0.023066407863417	0.02025445864045809
88.39999999999999	39.1	1.9759749173317445	0.026736530703381913	720.1938072041709	0.7294976629571123	0.030637183308275456	0.013368265351690957	1.959991781023844	0.040917040292898256	383.3157140433595	0.38826759515594467	0.02495486556495068	0.020458520146449128
90.1	39.1	1.9759001798390754	0.027117341158838824	829.4124860443521	0.7683578623770102	0.03272883311284119	0.013558670579419412	1.959707157383743	0.040736892396215876	382.89973626620366	0.35471376162341606	0.02269790692326587	0.020368446198107938
91.8	39.1	1.9763120573435167	0.02701934466798004	911.0549019779523	0.747122671736876	0.031709296275619	0.01350967233399002	1.9599999999999997	0.039612165466302876	441.18494035430825	0.36179956954510945	0.022512125819087805	0.019806082733151438
93.5	39.1	1.9768709761517864	0.02740753841609653	1049.9685368530716	0.7832337510414119	0.033719513675513395	0.013703769208048265	1.9599999999999997	0.03876744098971716	456.7836362053673	0.34074198249002413	0.0207497399111161	0.01938372049485858
95.2	39.1	1.976796559708762	0.028348492527993496	572.0207312581874	0.8428506538921813	0.03753189344907891	0.014174246263996748	1.9599999999999997	0.033994479388009875	162.63285414743237	0.23963328594928984	0.01279603486016238	0.016997239694004938
96.89999999999999	39.1	1.977109846513797	0.028206414923685606	554.8489688581611	0.8795262762574966	0.038968759943068323	0.014103207461842803	1.9599999999999997	0.03319081935833601	139.26420753672588	0.2207565242894766	0.011509365932221636	0.016595409679168005
98.6	39.1	1.9773573739551478	0.028430640630996207	423.4557447758184	0.8668441972796475	0.038712174716578174	0.014215320315498103	1.9599999999999997	0.034522496948252705	99.95438365778124	0.2046137725969025	0.011095757069839242	0.017261248474126353
100.3	39.1	1.9777069216603043	0.029237315587873427	278.18535781819855	0.8563754312008413	0.039329784952490114	0.014618657793936713	1.9599999999999997	0.03581012354469204	63.55426995295101	0.19564766371054698	0.01100526140218548	0.01790506177234602
102.0	39.1	1.977641990157065	0.030386752844607623	95.53102628014015	0.777667628407542	0.03711916444534781	0.015193376422303811	1.9599999999999997	0.04204021265786393	26.479518001331286	0.21555577038484114	0.014234572691493542	0.021020106328931965
103.7	39.1	1.9747700826208578	0.035949037247183915	39.62909275331409	0.8008637363436688	0.04522366652337347	0.017974518623591958	1.9000000000000001	0.09999999999999999	3.8924484765938905	0.0786624324178986	0.012356265989878691	0.049999999999999996
105.39999999999999	39.1	1.9765036770517306	0.04178698858273776	15.561368378869059	0.6049585144708199	0.039708780082667525	0.02089349429136888	1.9000000000000001	0.09999999999999999	3.426632672101601	0.13321261732783532	0.02092498899812979	0.049999999999999996
0.0	40.8	1.9983967256186386	0.09999999999997057	2.3514090988374674	0.1436092281988322	0.02255808481485093	0.049999999999985285	1.9000000000000092	0.0999999999999865	3.451299745385	0.2107836075664625	0.03310981165139316	0.04999999999999325
1.7	40.8	1.9999999999998976	0.09969230835280977	2.5582758800756182	0.20805080067925924	0.032579988047229363	0.04984615417640489	1.9000000000000001	0.08114145580844258	3.2458446995020123	0.263967070115973	0.033644371859585034	0.04057072790422129
3.4	40.8	1.9902268025417238	0.09999999999999999	2.273335860555243	0.16317594523303594	0.025631617539333806	0.049999999999999996	1.9000000000000001	0.09999999999999999	2.9899254434586973	0.2146114522178503	0.03371108808319177	0.049999999999999996
5.1	40.8	1.9967583667281832	0.09999999999999999	2.327210549387983	0.18248440009041403	0.028664582535939266	0.049999999999999996	1.9000000000000001	0.09999999999999999	3.2271108943247753	0.2530486103764724	0.03974878276799158	0.049999999999999996
6.8	40.8	1.997465034124723	0.09999999999999999	2.3926774353333338	0.22498910518190476	0.03534120599886066	0.049999999999999996	1.9000000000000001	0.09516580180165708	3.5570656585284777	0.3344792773849651	0.049999999999999996	0.04758290090082854
8.5	40.8	1.9999583505694272	0.09999999999999999	2.4532132140943546	0.20932278708537633	0.03288034650681793	0.049999999999999996	1.9000000000000001	0.09999999999999999	2.944259728589337	0.2512218052433211	0.03946182888869917	0.049999999999999996
10.2	40.8	1.9928945900894264	0.09999999999978983	2.3752856493499586	0.1794617694361952	0.02818978882298956	0.04999999999989491	1.9000000000000001	0.09999999999999999	3.8755502664308663	0.2928124070226843	0.04599486533912047	0.049999999999999996
11.9	40.8	1.9872341804920663	0.08494824800586066	2.710583709074235	0.18129549314944715	0.024191417205169263	0.04247412400293033	1.9000000000000001	0.09999999999999999	3.3031666321868225	0.22092998697377908	0.03470360120172565	0.049999999999999996
13.6	40.8	1.9843490928717002	0.0668149716298675	3.565323856372022	0.21673137345814003	0.02274654542232257	0.03340748581493375	1.9000000000000967	0.09999999999547528	3.5576571674237294	0.21626532546570587	0.03397087788392627	0.04999999999773764
15.299999999999999	40.8	1.9815964328884976	0.06088819267836985	4.396967869578079	0.3030354702590848	0.028983206149717076	0.030444096339184924	1.9000000000000001	0.09999999999999999	3.265679156633258	0.22506796690343145	0.035353593569110546	0.049999999999999996
17.0	40.8	1.9791111953487914	0.07187389032962208	4.602783983035201	0.309533792035682	0.03494613077967536	0.03593694516481104	1.9000000000000001	0.09999999999999999	3.246614573397467	0.21833241009919027	0.034295574780408504	0.049999999999999996
18.7	40.8	1.9769415979977558	0.062145685836907	6.376251738336837	0.38829796070377726	0.03790495382709453	0.0310728429184535	1.9000000000000035	0.09999999999999867	3.4061883188526423	0.20742844421141	0.03258278382400586	0.04999999999999934
20.4	40.8	1.975975477482063	0.05503135847829234	8.756758039848949	0.4712071511651287	0.040732586040903775	0.02751567923914617	1.9000000000000132	0.09999999999999692	3.350718420625839	0.18030445447443882	0.028322157479319744	0.04999999999999846
22.099999999999998	40.8	1.9741550583618064	0.03811707854595089	20.08225621462818	0.6816809419104936	0.040815078534942525	0.019058539272975444	1.9000000000000001	0.09999999999999999	4.019890319978961	0.13645292592692226	0.02143397548264256	0.049999999999999996
23.8	40.8	1.9765363123926	0.027706788771465565	551.2547251312677	0.7286792202528154	0.03171337447251598	0.013853394385732782	1.9591998556431527	0.041173620798882545	287.0893462621083	0.37949069901822374	0.02454370224784254	0.020586810399441272
25.5	40.8	1.9754576733294014	0.027282708144869515	584.7262039868394	0.7502551355915841	0.03215261728741279	0.013641354072434757	1.9584641059376953	0.04096830064387056	295.67698224211244	0.3793795675494634	0.02441415874298957	0.02048415032193528
27.2	40.8	1.975722874085002	0.02706123899541401	614.0993373665829	0.7470848112124678	0.03175685315408507	0.013530619497707005	1.9592783593357774	0.040964643673731406	309.9612106166819	0.3770844526714073	0.02426429543829677	0.020482321836865703
28.9	40.8	1.9757891710258717	0.027176073341814183	647.9044150981578	0.7587273753177849	0.032388611998957595	0.013588036670907092	1.9599999999999997	0.03987168827375479	316.07265429715727	0.370136350079164	0.02318175119546966	0.019935844136877396
30.599999999999998	40.8	1.975472303639589	0.027189714541121162	732.6601921555302	0.7338939348708713	0.03134424574717355	0.013594857270560581	1.9599999999999997	0.03942731427768335	352.327379955499	0.3529206718295347	0.021857182021798593	0.019713657138841673
32.3	40.8	1.9755640121383535	0.02709519042477849	661.489902378498	0.7464603126050089	0.031770116468978114	0.013547595212389244	1.9599999999999997	0.03961696655655334	329.81191614793175	0.37217727004360796	0.023160660570739407	0.01980848327827667
34.0	40.8	1.9748399255930906	0.026478503224664184	659.0018247658365	0.723205467151613	0.030079804500655657	0.013239251612332092	1.9588685907385943	0.04013907006902733	367.21297322368673	0.40298891423970545	0.025408573481077907	0.020069535034513666
35.699999999999996	40.8	1.9743479526059362	0.02774255092114726	621.9079228410849	0.7626102606715728	0.03323295145387768	0.01387127546057363	1.9576622043925802	0.041921276395750766	283.84043739188974	0.3480573602595409	0.022919503028867333	0.020960638197875383
37.4	40.8	1.9744146813320074	0.027202146860523406	597.996179624545	0.7069348177862562	0.030206640712276994	0.013601073430261703	1.9586100854397033	0.04021618939322951	338.8221352004649	0.40054631211904745	0.025303088355286413	0.020108094696614755
39.1	40.8	1.9734812259405023	0.027021076915157996	611.8552576857691	0.7217935215457698	0.030636243341951502	0.013510538457578998	1.957595457450502	0.04083244366105763	352.60787789770427	0.4159645254585256	0.02667973692934068	0.020416221830528814
40.8	40.8	1.9732265608009378	0.027340783434240828	570.8449000843358	0.7075138214747253	0.03038545613770768	0.013670391717120414	1.9570644552043186	0.04058361531864508	327.7162184955884	0.4061764484062214	0.025893177449244745	0.02029180765932254
42.5	40.8	1.9760487298708425	0.028272282516233142	563.9627142339259	0.7232861290815932	0.032121135203542414	0.014136141258116571	1.9599999999999993	0.04000996552347182	317.3548236246941	0.40700978297240165	0.02557955013536553	0.02000498276173591
44.199999999999996	40.8	1.9779362657246764	0.03231444720288944	533.1554785702241	0.7850538982716623	0.03984887659517188	0.01615722360144472	1.9599999999999997	0.037185773737415335	237.29801825612856	0.34941352339414544	0.02040969003115654	0.018592886868707668
45.9	40.8	1.9774493658760284	0.030005396948673595	472.1660673305842	0.7487772404044664	0.03529164392885972	0.015002698474336797	1.9599999999999997	0.03818892957633628	232.7560746601908	0.36911261382409083	0.02214196955058857	0.01909446478816814
47.6	40.8	1.9768584420948327	0.02848849928333935	536.5768186380081	0.7142666464441078	0.03196316817126298	0.014244249641669674	1.9599999999999944	0.04068230897474526	314.2758739155116	0.41834974363915434	0.026734063673420752	0.02034115448737263
49.3	40.8	1.9769298970359446	0.02863076109780457	502.6032778891629	0.7039481237075932	0.031658725396110886	0.014315380548902286	1.9599999999999997	0.04144649956064447	292.8157734285143	0.4101189215531674	0.026700386069929943	0.020723249780322237
51.0	40.8	1.9763813729120046	0.027849510349881524	590.2121697565877	0.7321918796886745	0.03203039901769682	0.013924755174940762	1.9599999999999997	0.040634922355057224	313.7925805264999	0.38927760412465345	0.02484727290096576	0.020317461177528612
52.699999999999996	40.8	1.9755221966841499	0.02763557283936735	597.4543219725915	0.7382086410612243	0.03204553103154093	0.013817786419683675	1.9591481284667909	0.04108075161174543	309.14978247372426	0.38198240838028563	0.024649131427960515	0.020540375805872715
54.4	40.8	1.975600010319661	0.02659093319991587	609.9837859096926	0.7112206445198795	0.029706932567450186	0.013295466599957935	1.9599999999999995	0.040226905458150976	362.6463926653602	0.42283353604164786	0.026718121894998195	0.020113452729075488
56.1	40.8	1.9745411885655615	0.02673195872421449	682.7936231875594	0.7446440765108444	0.031267949224211646	0.013365979362107245	1.9588384913923444	0.03987594356921594	345.03594180449124	0.37629081690687954	0.023569722512371334	0.01993797178460797
57.8	40.8	1.9744524344318666	0.026289307603194735	721.9283973518972	0.7066945237384336	0.029183054819299167	0.013144653801597368	1.9591346312072802	0.03901456647862779	426.06171482996433	0.41707111363036714	0.025559760150917828	0.019507283239313895
59.5	40.8	1.974718894051908	0.025698503276074768	670.096678738135	0.7037687758845667	0.028409114792975677	0.012849251638037384	1.9597906307553712	0.038680074899056754	418.27166698997746	0.43928965536593584	0.026690589123148162	0.019340037449528377
61.199999999999996	40.8	1.9738976575787914	0.02604050047946555	746.7328454894407	0.6884096256881016	0.028158929341969934	0.013020250239732774	1.9595148023818445	0.03816210906830953	466.1138035725297	0.4297082028514573	0.02575881557020841	0.019081054534154766
62.9	40.8	1.972763208800614	0.026205919366185403	925.784146555842	0.7464972349554758	0.030728933023192646	0.013102959683092701	1.9572300209718243	0.03786313214869291	470.9166572122652	0.3797191643551517	0.02258389940655021	0.018931566074346456
64.6	40.8	1.9717447013551248	0.026554078994349823	977.6918769196238	0.7453624405841841	0.031089849837817714	0.013277039497174912	1.9554201621869491	0.038924696435952935	504.5847660092876	0.384680021950516	0.02352040217618922	0.019462348217976468
66.3	40.8	1.9719334583792827	0.026832852694574826	803.1152999874231	0.7932168885786963	0.03343325615999198	0.013416426347287413	1.9539067787600148	0.040322975534492704	364.02262133213645	0.35953603557280017	0.02277271834057911	0.020161487767246352
68.0	40.8	1.9740367576896356	0.02565498247668716	1089.9407638893724	0.7417827735106878	0.029892920204396375	0.01282749123834358	1.9594641316253982	0.03679242578681085	578.8978008324656	0.3939814258789658	0.022769529006497955	0.018396212893405425
69.7	40.8	1.9740383563195039	0.026218099521117935	1001.7959986391153	0.7350056397649218	0.030269953665235844	0.013109049760558968	1.9598439817101654	0.03706859643048246	521.2875835272187	0.3824624118607189	0.022269721127838333	0.01853429821524123
71.39999999999999	40.8	1.9746652165139775	0.02689823887977816	964.0194959695717	0.7727148446793771	0.03264848089910659	0.01344911943988908	1.9599999999999997	0.03636558862192792	427.85968189742965	0.34295315501832496	0.019590490106216153	0.01818279431096396
73.1	40.8	1.974871471969572	0.02594930521095409	986.0127170624963	0.7594345910298604	0.03095536903778623	0.012974652605477045	1.9599999999999997	0.03716494029573773	475.4385912510438	0.3661864658117428	0.021377435526998806	0.018582470147868867
74.8	40.8	1.9748380386647924	0.026194679373867463	962.1794798170122	0.7497421616162725	0.03084927045789109	0.013097339686933732	1.959762085131894	0.03776553979194548	451.68076372482517	0.3519552425083341	0.02087867875435339	0.01888276989597274
76.5	40.8	1.9749546513490157	0.026293950521820517	877.1310266466828	0.7509118394998195	0.0310144918695003	0.013146975260910259	1.9594764445787385	0.039159704493848806	431.03309725447883	0.36900741863170006	0.022698354805907348	0.019579852246924403
78.2	40.8	1.9752031250047724	0.026365798638203482	814.0933048154315	0.7430936624990698	0.030775446703315917	0.013182899319101741	1.9599999999998632	0.038426165508093274	428.44133557157	0.39107561668014357	0.023605198935062306	0.019213082754046637
79.89999999999999	40.8	1.9753553782290554	0.02618341397328975	784.6375617658754	0.7447417843775495	0.030630343715282417	0.013091706986644875	1.9599999999999997	0.03840787301261595	407.904991753598	0.38716460467607455	0.023358006799060523	0.019203936506307976
81.6	40.8	1.9751335021830247	0.026894843207830633	748.214618733804	0.7499497930963954	0.03168261963347666	0.013447421603915316	1.9596012831027696	0.03959429849328131	374.2551879499903	0.37512311807450005	0.023330624264991037	0.019797149246640656
83.3	40.8	1.9754706525488206	0.026589646202852722	721.0426630545584	0.7224548983468775	0.030174714921467654	0.013294823101426361	1.9599999999999997	0.03985454809434036	382.98684883376154	0.3837369674774016	0.024023230332648124	0.01992727404717018
85.0	40.8	1.9753008350190757	0.027114904341936114	721.6497601831635	0.7511663237130598	0.03199367015670251	0.013557452170968057	1.9589667492016338	0.04102886867625245	352.8659353283525	0.36729868424939704	0.02367166421015206	0.020514434338126226
86.7	40.8	1.9752774989518227	0.026914303437404054	763.281357646521	0.7644051975145465	0.032316673669312734	0.013457151718702027	1.9589045890163248	0.04119968711846277	361.6700990246085	0.3622026146851637	0.023440419299295048	0.020599843559231387
88.39999999999999	40.8	1.9757498721273108	0.026934191005695943	752.4181421945203	0.7433704293389437	0.0314506114966229	0.013467095502847972	1.9597528952301135	0.040180348332364765	392.75599772655903	0.3880331670417871	0.02449076904769357	0.020090174166182383
90.1	40.8	1.9760322777458783	0.02685108209275223	792.4700254929935	0.7558367618882107	0.031879366339351	0.013425541046376116	1.9599999999999178	0.039643589482459676	381.65924001628986	0.36401639789362406	0.022668030855074017	0.019821794741229838
91.8	40.8	1.976316989718981	0.026989078408602325	874.8188475110404	0.7591284822814038	0.03218275495010279	0.013494539204301163	1.9599999999999997	0.039392975381517314	419.66751325840676	0.3641686085171418	0.02253414935053894	0.019696487690758657
93.5	40.8	1.976699813504652	0.027243865555331384	1006.3732596061722	0.7756547094651235	0.033193805061125285	0.013621932777665692	1.9599999999999997	0.038978827124727784	457.35543565147685	0.35250330250365247	0.02158300116580731	0.019489413562363892
95.2	40.8	1.9773910627182956	0.02817989252215317	1054.5423061423423	0.8163765930671834	0.03613680512101906	0.014089946261076585	1.9599999999999997	0.037661262884471775	397.08231816229386	0.307402280762358	0.01818535742932088	0.018830631442235887
96.89999999999999	40.8	1.9769475615078806	0.027863743200291093	565.8666791984554	0.857487787366992	0.037530753114567224	0.013931871600145546	1.9599999999999997	0.034499799772293296	153.98405556764027	0.2333402053033488	0.012645209450301523	0.017249899886146648
98.6	40.8	1.9772506172854154	0.028546109892284757	506.26529277654805	0.855775355525515	0.03837307353978189	0.014273054946142378	1.9599999999999997	0.03358221316179205	119.08174663328498	0.20129213974515506	0.010618324843375949	0.016791106580896026
100.3	40.8	1.9774958958135127	0.028466691400027003	363.973694772185	0.8723431884730796	0.0390071521794338	0.014233345700013502	1.9599999999999997	0.034316660546809145	85.90561733301277	0.20589174769603563	0.011098488488344549	0.017158330273404573
102.0	40.8	1.9775208529465043	0.029670491031246634	156.412851945681	0.8453629659746953	0.039399238586039116	0.014835245515623317	1.9599999999999997	0.039953720102590184	37.64640883931791	0.20346716678853155	0.012769427819848201	0.019976860051295092
103.7	40.8	1.9771016046004355	0.029189317700910045	57.2686044582954	0.7121453638188098	0.03265220179453532	0.014594658850455022	1.9599999999999607	0.04959387555221677	16.899630043250486	0.21014992943154612	0.016371074069495808	0.024796937776108384
105.39999999999999	40.8	1.9755591001546144	0.03778920638075031	22.637350258105307	0.6148594783091502	0.036497533896212596	0.018894603190375156	1.9000000000000001	0.09999999999999999	3.8890537768261293	0.10563169050579879	0.01659258714396441	0.049999999999999996
0.0	42.5	1.9921419119148471	0.09607919997695678	2.0463931283172796	0.1609091063164113	0.02428453980684932	0.04803959998847839	1.9000000000000001	0.0710494642212299	2.681655291022775	0.21086014722985766	0.023532885933741924	0.03552473211061495
1.7	42.5	1.9963941621385046	0.09999999999999998	2.489552887612742	0.2182676275134817	0.03428539875564137	0.04999999999999999	1.900000000000001	0.09999999999999999	2.7993627869724493	0.24542972238196095	0.038552010640387546	0.049999999999999996
3.4	42.5	1.9999999999999998	0.09999999999999999	2.2808944475043944	0.14130924417599383	0.022196804169381426	0.049999999999999996	1.9000000000000001	0.09999999999999999	3.6704741513308647	0.2273984789868658	0.035719669551131525	0.049999999999999996
5.1	42.5	1.9999999999999991	0.09999999999999999	2.0934998327108043	0.14522526126230464	0.022811930694865732	0.049999999999999996	1.9000000000000001	0.09999999999999999	2.9786358630071024	0.2066268000845034	0.032456861859012136	0.049999999999999996
6.8	42.5	1.9999999999999998	0.09999999999999994	2.819998048350956	0.19406219120481855	0.030483217711429766	0.04999999999999997	1.9000000000000001	0.09911820799821598	3.4406063316456685	0.23677023612933903	0.036863827564099096	0.04955910399910799
8.5	42.5	1.999999999999967	0.09999999999999999	2.9319753043123646	0.1784969889186357	0.02803824145373423	0.049999999999999996	1.9000000000000001	0.08123103554670909	3.4510542397188892	0.2100982192717289	0.026807989099194948	0.040615517773354544
10.2	42.5	1.981697677805068	0.09999999999999311	2.849197772844689	0.18688623798218892	0.0293560216150919	0.049999999999996554	1.9000000000000001	0.05312344833867481	3.014980208570366	0.19776033595867384	0.01650233223462251	0.026561724169337404
11.9	42.5	1.9856407091561539	0.09184781402067178	3.0865939421140802	0.24980178341755283	0.036039954681332	0.04592390701033589	1.9000000000000292	0.09999999999999996	3.286814851699453	0.26600590395621165	0.041784109684017315	0.04999999999999998
13.6	42.5	1.9855881944822737	0.09999999999999999	3.0592589578495635	0.18226187612525369	0.028629628553229494	0.049999999999999996	1.9000000000000004	0.09999999999999999	3.2531101097690627	0.19381097187840468	0.03044375627191471	0.049999999999999996
15.299999999999999	42.5	1.982642149877618	0.059653000969786554	4.037893981816314	0.2815215268165767	0.026379331338940087	0.029826500484893277	1.9000000000000001	0.09999999999999995	3.3095196382159977	0.2307393472378681	0.036244451908829516	0.049999999999999975
17.0	42.5	1.9788344353031686	0.09311385041898815	4.528782516391347	0.2762779532267699	0.040409213045880674	0.046556925209494074	1.9000000000000001	0.05304789794623817	3.2331902055198207	0.1972404656529252	0.016435543705958712	0.026523948973119084
18.7	42.5	1.9776209294944185	0.048136239601453135	6.3749165402751835	0.48902929633166387	0.03697659482489195	0.024068119800726567	1.9000000000000001	0.09999999999999999	3.5299449115240527	0.2707873060401868	0.0425351705670611	0.049999999999999996
20.4	42.5	1.9758139869422424	0.045506613783958615	7.74223320057012	0.4197802895387932	0.030006575886132432	0.022753306891979307	1.900000000000001	0.09999999999999937	3.683999072873148	0.19974471930882387	0.03137582713869762	0.049999999999999684
22.099999999999998	42.5	1.9746971742232866	0.043194950711865285	11.53383255865534	0.5250015262435033	0.03562160026133831	0.021597475355932642	1.9000000000000001	0.09999999999999999	3.6657289755908753	0.16685809310939145	0.026210007975223295	0.049999999999999996
23.8	42.5	1.9758190262763609	0.038858487934843054	78.77863235255357	0.8976100093653004	0.054789011012646445	0.019429243967421527	1.9000000026386443	0.09612420905439861	3.2084945412253103	0.036557842262469956	0.005519925432329125	0.048062104527199306
25.5	42.5	1.975932830005919	0.027500988640893665	623.18865376577	0.750072775569997	0.0324019827472209	0.013750494320446833	1.9587383349373066	0.04098144900922696	309.1222905863161	0.37206103334766605	0.02395087449098859	0.02049072450461348
27.2	42.5	1.976080080442593	0.026751636269533263	611.4774209185215	0.725109475533462	0.030470095003368766	0.013375818134766631	1.95988443492822	0.04076442512924608	336.9525641485844	0.39956912342310597	0.025585453551283912	0.02038221256462304
28.9	42.5	1.9758495396659062	0.02715805375395483	695.012192959645	0.7470355302521569	0.03186836470889253	0.013579026876977415	1.9599999999999995	0.0395974863401968	331.5611622604853	0.35637931416070096	0.022166645833078234	0.0197987431700984
30.599999999999998	42.5	1.9759171730945313	0.026987783434050377	696.7362256833547	0.7632298805815788	0.03235507852815896	0.013493891717025188	1.9599999999999997	0.040255468671049593	329.67866926506366	0.3611418526813076	0.022836134168988786	0.020127734335524797
32.3	42.5	1.9756684161457794	0.026863108800941598	710.3919280831344	0.7448086426344595	0.03142829750411625	0.013431554400470799	1.9599999999999997	0.039355270045526136	355.70815019808913	0.37294132161373456	0.023054901937242037	0.019677635022763068
34.0	42.5	1.9751086379549059	0.027109186432453216	675.4470923661565	0.7404713607437329	0.03153149970765247	0.013554593216226608	1.958950505957583	0.039827438526226736	335.0218956237559	0.3672739460058074	0.022976949730026786	0.019913719263113368
35.699999999999996	42.5	1.9742890921876108	0.02726557350959243	656.3280321240828	0.7386060604324545	0.031633509842863734	0.013632786754796214	1.9581794914868327	0.04042963124488987	334.1117494396316	0.37599637821220916	0.02387829530333303	0.020214815622444936
37.4	42.5	1.9736208374210331	0.02737684024046633	623.0515361936384	0.7384712478353739	0.03175680406371928	0.013688420120233165	1.95739547307915	0.04066132601647099	328.5326913013872	0.38939306366567994	0.024870792579028814	0.020330663008235494
39.1	42.5	1.9724451311019804	0.027383680122216134	648.628589049199	0.7369657456256123	0.03169998029465844	0.013691840061108067	1.9561460687977315	0.040718295948073226	338.28022124980527	0.38435082833644596	0.024583136521016177	0.020359147974036613
40.8	42.5	1.9708038052129202	0.027142254113544005	629.5091865663358	0.699567517349353	0.02982602826623134	0.013571127056772003	1.9544390534648284	0.03960951122916019	387.62564751939266	0.43076466187122403	0.02680152023563274	0.019804755614580095
42.5	42.5	1.9713783241345322	0.028005995325417025	454.3339051357902	0.6376863669878214	0.02805291665152895	0.014002997662708513	1.9519222681795647	0.042628365790806914	370.8534012240642	0.5205162006145445	0.03485401484989717	0.021314182895403457
44.199999999999996	42.5	1.9764083253607194	0.02931931267593204	549.3632947532695	0.7171356018144507	0.03302744252263076	0.01465965633796602	1.9599999999999997	0.03828724620793767	325.32888661805487	0.4246824080178965	0.025541022477970795	0.019143623103968836
45.9	42.5	1.9761826806440908	0.027239667777418586	495.7347578250283	0.6446148123219846	0.027581759307839016	0.013619833888709293	1.9599999999999993	0.039746830425848416	388.4657575253646	0.5051305711937069	0.031537410598292966	0.019873415212924208
47.6	42.5	1.9759467429363713	0.02765376144130171	522.3973362379081	0.6692916067512756	0.02907297453067262	0.013826880720650855	1.9599999999999997	0.03938301513200498	364.83451847277905	0.46742328899581226	0.028916064600243995	0.01969150756600249
49.3	42.5	1.9759910331498776	0.027688022356274385	542.1779085280672	0.6922496894573252	0.030107492273663574	0.013844011178137192	1.9599999999999989	0.04062441613931065	332.47056614046625	0.42449653987059205	0.0270882634092038	0.020312208069655325
51.0	42.5	1.976135464060973	0.02856851844978864	535.0149507907521	0.7243139988218263	0.032503825261075515	0.01428425922489432	1.9599999999999997	0.04085808251438988	296.1985657417162	0.400999574461575	0.025736042788388567	0.02042904125719494
52.699999999999996	42.5	1.9755139035745721	0.027139532436647632	599.4565801849086	0.7121682457726741	0.03036021506937752	0.013569766218323816	1.9598530345969891	0.04064893292551636	337.25843179628697	0.4006707969913639	0.025583309000197348	0.02032446646275818
54.4	42.5	1.9750277051424505	0.026556726532375775	660.3859171579913	0.7244185671554767	0.03021927156201402	0.013278363266187887	1.9591528358639265	0.03984701821660403	362.8894088799406	0.39807606247577193	0.024916197707895504	0.019923509108302016
56.1	42.5	1.9744822961801893	0.02665279626840716	713.854431497637	0.7250997172926841	0.03035710777158022	0.01332639813420358	1.9591860464069168	0.03908480536322095	386.91801354634197	0.39301309883208047	0.024128751791546464	0.019542402681610473
57.8	42.5	1.9743438812489549	0.02612521773407609	707.3100057214499	0.7117751523236826	0.029209398826878646	0.013062608867038045	1.959689294997151	0.0385909295597574	417.95258062982595	0.42059105531588686	0.025495594849020357	0.0192954647798787
59.5	42.5	1.9736155697724278	0.02658164769696584	791.9104341130225	0.7397988648085413	0.030889824106187794	0.01329082384848292	1.958388259040934	0.03833477055054988	408.67207838527565	0.3817794622279525	0.02298927667764999	0.01916738527527494
61.199999999999996	42.5	1.9732895333702356	0.026170582677386558	837.0787525844403	0.7180601134692648	0.029518485574196902	0.013085291338693279	1.9584334456499644	0.03781493395549392	445.81971125855455	0.3824315830079081	0.022716267514212487	0.01890746697774696
62.9	42.5	1.9729159624003685	0.026009066297800875	1008.58890316425	0.7432331620746632	0.030364750556259163	0.013004533148900438	1.9579738684275994	0.03748914867429115	527.6243461915993	0.3888084728845141	0.02289608221180959	0.018744574337145575
64.6	42.5	1.9740634919025108	0.026404424624252056	672.9036949935008	0.737061172124848	0.030570329429850534	0.013202212312126028	1.959999999999999	0.03607787241529809	352.4826648851683	0.3860898492115746	0.02188009377857361	0.018038936207649046
66.3	42.5	1.974398960557509	0.025245406696263503	1119.3665120389885	0.708796381247415	0.028107598422342117	0.012622703348131752	1.9599861704946688	0.03673724858277892	690.3733137987109	0.4371527120629712	0.02522665576654522	0.01836862429138946
68.0	42.5	1.9740500167118171	0.02588495482987548	1037.1334591344587	0.7392108304774251	0.030056306428407238	0.01294247741493774	1.9593820748080695	0.037285598472845474	535.4484562240702	0.38163776755748813	0.02235179173009652	0.018642799236422737
69.7	42.5	1.9744286099995827	0.025930863136615995	977.7224203416818	0.7439295676366486	0.03030181693843066	0.012965431568307997	1.959999999999999	0.036094094333364544	485.86582492761676	0.36968565468869036	0.020959871925436777	0.018047047166682272
71.39999999999999	42.5	1.9748049371704695	0.025963075775179402	978.8000576706917	0.7606714040913582	0.03102223675992402	0.012981537887589701	1.9599999999999997	0.03693229843759882	468.1495442034694	0.3638209543647082	0.021106388220520286	0.01846614921879941
73.1	42.5	1.9748839638596347	0.026219886311909642	927.6378347443051	0.7448099857878746	0.03067581938070445	0.013109943155954821	1.9599999999999997	0.03764625919902888	459.05517137208767	0.3685801320940505	0.02179584076822104	0.01882312959951444
74.8	42.5	1.974999631988741	0.026318687713669464	901.7864505114493	0.755724437218389	0.031242629154872015	0.013159343856834732	1.9599999999999997	0.03850858941302623	436.7664626208578	0.36602356242191464	0.022140454463705012	0.019254294706513114
76.5	42.5	1.9754226530343615	0.025741386810423195	848.7317328675641	0.7373539349453349	0.029814519874284115	0.012870693405211598	1.9599999999999997	0.03754970619386362	453.9720302359154	0.3943979586089156	0.023262751350225756	0.01877485309693181
78.2	42.5	1.9752478362303545	0.026491390525667922	781.8158966668166	0.7259737840545059	0.03020964138964934	0.013245695262833961	1.9599999999999997	0.03856634904646128	411.9848251235178	0.3825583283009352	0.023175337399614682	0.01928317452323064
79.89999999999999	42.5	1.9754205182397997	0.026269950466867573	693.0252550839555	0.7225894576251535	0.029817467322917422	0.013134975233433786	1.9598929705966837	0.039283693288147105	370.22111107592673	0.3860146075359513	0.023819680294866995	0.019641846644073552
81.6	42.5	1.9753269289662905	0.026730785183392832	695.58959918953	0.7324455493168905	0.030754377239193297	0.013365392591696416	1.9599999999999997	0.03979007859446121	363.843767372329	0.38312210011343106	0.02394593937617504	0.019895039297230604
83.3	42.5	1.975482958402768	0.02665250502880124	695.05419031894	0.7224015694592683	0.030243816322610213	0.01332625251440062	1.9599999999988145	0.039648082104592426	393.3767627283189	0.40885443860620957	0.025463070822321694	0.019824041052296213
85.0	42.5	1.97591065150015	0.027374272621608516	660.1157567726661	0.7420256717773958	0.03190666377816857	0.013687136310804258	1.9599999999999997	0.03896435392157826	319.02030310558627	0.35860567225344125	0.021948483126755177	0.01948217696078913
86.7	42.5	1.9757265039825376	0.026686363014689768	733.0753367318165	0.7328051416719508	0.03071834221698875	0.013343181507344884	1.9599999999999997	0.0401200103421665	390.8197352976473	0.3906756879446887	0.024620524402631773	0.02006000517108325
88.39999999999999	42.5	1.975936961054749	0.026565470299545424	730.5149104905427	0.7273688537388213	0.03035233355846212	0.013282735149772712	1.959961244280499	0.040098075147304436	386.75698512298885	0.3850913662467027	0.024255329809993103	0.020049037573652218
90.1	42.5	1.9760637024564323	0.026514774405814498	733.060119965562	0.7315998673494692	0.0304706298485724	0.013257387202907249	1.9599999999999997	0.04065414477429681	372.63557004854414	0.3718932815906232	0.023748874864734617	0.020327072387148405
91.8	42.5	1.9761476471102513	0.026995294931297233	837.3601498365622	0.7542192609885298	0.03198199659669762	0.013497647465648617	1.9599999999999997	0.039471898045631525	404.01422377738913	0.363899941197001	0.022562637858890948	0.019735949022815762
93.5	42.5	1.9765267206014325	0.0267571954479192	939.3898343205165	0.7696426643945548	0.03234816147741607	0.0133785977239596	1.9599999999999997	0.03859912298197307	446.79068857481536	0.3660558837430124	0.022194466286091254	0.019299561490986536
95.2	42.5	1.976965530976338	0.027260549191019254	1110.4336283466507	0.7939672274808759	0.03399828846079643	0.013630274595509627	1.9599999999999997	0.03807736290228648	466.51526589172073	0.33356143292332263	0.01995090363655005	0.01903868145114324
96.89999999999999	42.5	1.9770540467054447	0.028081334960678814	591.6614164299702	0.8614421998028282	0.03799826523132205	0.014040667480339407	1.9599999999999997	0.034945212450748026	166.70418566813052	0.2427165544861769	0.013323151322003974	0.017472606225374013
98.6	42.5	1.9774207059859539	0.028345518385858918	584.6985164964382	0.8814997682335503	0.03924880905704472	0.014172759192929459	1.9599999999999997	0.03238881414096332	137.87557883353742	0.2078631762486611	0.010575294821947353	0.01619440707048166
100.3	42.5	1.9774705342870131	0.028570418437415143	440.5619399816984	0.8819166037074642	0.03957892526824913	0.014285209218707571	1.9599999999999997	0.03238808795812402	96.78722999944559	0.1937486137974382	0.009856978086148396	0.01619404397906201
102.0	42.5	1.9777060416296441	0.029300577060062113	289.9593443930315	0.8754084839817986	0.04029088453936781	0.014650288530031056	1.9599999999999997	0.03517073390793824	58.62353478251301	0.17698874239435375	0.00977793061673595	0.01758536695396912
103.7	42.5	1.9780192809309736	0.030063895449228276	104.7165633267343	0.7542073562922985	0.03561688167850122	0.015031947724614138	1.9599999999999997	0.039095323161687005	26.91082732375908	0.19382171536858678	0.011902744663281036	0.019547661580843503
105.39999999999999	42.5	1.9751725221645828	0.036344940370529835	40.454896617419635	0.7856911434547055	0.04485549930740547	0.018172470185264918	1.9000000000000836	0.09665660071560038	3.9234447577835527	0.0761988301978993	0.011569103293859996	0.04832830035780019
0.0	44.199999999999996	1.997359772605807	0.09999999999999933	2.479364926915939	0.20148233734516224	0.031648771541582896	0.04999999999999966	1.9000000000000001	0.09999999999999999	3.0093187591446355	0.24454834011196025	0.03841356343716562	0.049999999999999996
1.7	44.199999999999996	1.9910533384026656	0.08560480612986643	2.128659299544113	0.1488012727813229	0.020008967143683994	0.042802403064933214	1.9000000000000001	0.09999999999999999	2.9144574418122557	0.20373151161463016	0.032002071009663284	0.049999999999999996
3.4	44.199999999999996	1.9999999999999991	0.09999999999999999	1.979184673025565	0.16017781098081324	0.025160671712270866	0.049999999999999996	1.9000000000000001	0.09999999999999999	3.0485606760028285	0.24672370515978315	0.03875526897982144	0.049999999999999996
5.1	44.199999999999996	1.9954341734997232	0.09999999999999992	2.520173850090553	0.1705516082160136	0.026790183971467624	0.04999999999999996	1.9000000000000006	0.09999999999999999	2.5728050760977332	0.17411340227144453	0.027349669273374726	0.049999999999999996
6.8	44.199999999999996	1.988428657227566	0.09999999999992636	2.67319988916847	0.21707160609296866	0.034097528150205274	0.04999999999996318	1.9000000000000001	0.09999999999999999	2.619607377652185	0.21271973828220997	0.033413938353046714	0.049999999999999996
8.5	44.199999999999996	1.9999999999999885	0.09999999999999999	2.0874347491432084	0.14477768190357926	0.022741625093602225	0.049999999999999996	1.9000000000000001	0.09999999999999999	2.861766439388767	0.19848280834369744	0.031177606627821538	0.049999999999999996
10.2	44.199999999999996	1.989934891253287	0.09916629567984037	2.082340365210523	0.14583879253667303	0.02271731644227373	0.04958314783992018	1.9000000000000001	0.09999999999999999	2.8186078761848967	0.19740402489657527	0.031008151720206874	0.049999999999999996
11.9	44.199999999999996	1.9879741939736153	0.09999999999993002	2.3409072394551016	0.17004086667648088	0.026709956878025	0.04999999999996501	1.9000000000000001	0.09999999999999999	2.714671368660415	0.19719067226956605	0.03097463836792506	0.049999999999999996
13.6	44.199999999999996	1.9914372909089935	0.0796310706112405	3.4568889106840532	0.23927129054090687	0.029929056336792874	0.03981553530562025	1.9000000000000001	0.05997580787375085	3.4124033310922313	0.23619218608762285	0.022251613583081108	0.029987903936875424
15.299999999999999	44.199999999999996	1.985962509936813	0.09820927847365779	2.945846183465472	0.21857587875075984	0.03371899566365237	0.049104639236828895	1.9000000000000001	0.09999999999999998	2.375796109400771	0.1762793065230646	0.027689888717638146	0.04999999999999999
17.0	44.199999999999996	1.9810046933883478	0.09366806700378079	3.590560705589497	0.28059299648971153	0.04128461718718732	0.046834033501890394	1.9000000000006836	0.09999999999998993	2.299418254519307	0.17969356630409225	0.028226199389911485	0.049999999999994965
18.7	44.199999999999996	1.9772493963650022	0.0620412445603632	4.637230797589238	0.32085123533206233	0.03126828732431748	0.0310206222801816	1.9000000000000001	0.09999999999999999	2.5237169843130247	0.17461665105525914	0.027428719407482725	0.049999999999999996
20.4	44.199999999999996	1.9767030462139565	0.04838786168662733	6.630168742135053	0.44438221806275774	0.033776370507075326	0.024193930843313664	1.9000000000000026	0.09999999999999798	3.055714614774149	0.20480704052833015	0.032171014696362805	0.04999999999999899
22.099999999999998	44.199999999999996	1.9745056519523112	0.036920188387115575	9.693608926392566	0.5269153407980433	0.030557979017799684	0.018460094193557788	1.9000000000000001	0.09999999999999999	3.15145393492005	0.1713035296489621	0.02690829551395903	0.049999999999999996
23.8	44.199999999999996	1.9740464546048282	0.039198666773203536	18.467821396424597	0.6264831699178472	0.0385745245161042	0.019599333386601768	1.9000000000000001	0.09999999999999999	3.2370265516716277	0.1098095228272076	0.017248839510407805	0.049999999999999996
25.5	44.199999999999996	1.977979017015151	0.029156337355411524	421.33407987070274	0.7366959885607463	0.03373969471757692	0.014578168677705762	1.9599999999999997	0.040123338102171516	190.47296677556247	0.33303897609204125	0.020989978663789384	0.020061669051085758
27.2	44.199999999999996	1.9760880236211995	0.026918145803006513	583.4639725024791	0.7195657712533018	0.03042534521573958	0.013459072901503256	1.9598725546629103	0.04040406333612827	322.1964164760945	0.3973536050945903	0.025218664144491594	0.020202031668064134
28.9	44.199999999999996	1.976057789913122	0.027061288723384147	632.5428345125243	0.7234035374389838	0.030750273302618297	0.013530644361692074	1.9599123171890165	0.0401352566916907	325.101562543211	0.37180030748738696	0.023439895251069487	0.02006762834584535
30.599999999999998	44.199999999999996	1.9760061324727978	0.0267584567286973	720.4120749179999	0.7468441776501699	0.03139141836014589	0.01337922836434865	1.9599999999999997	0.039352489939190737	364.69251987019965	0.37807318141999424	0.023370497923394056	0.019676244969595368
32.3	44.199999999999996	1.975726106741543	0.02714085280825497	762.0770457883029	0.7715955414462256	0.03289524128353043	0.013570426404127485	1.9596701632529943	0.0401643678153392	334.6115736569459	0.3387909395472407	0.021374334412948327	0.0200821839076696
34.0	44.199999999999996	1.9755584526052508	0.02659377906497612	701.3279679283099	0.7379941230860164	0.030828531428754177	0.01329688953248806	1.9599999999999989	0.039377565116555206	363.1467664749617	0.3821324568986914	0.023636472440552978	0.019688782558277603
35.699999999999996	44.199999999999996	1.9744101647457835	0.027110001475226055	691.7035571529004	0.7486662570233674	0.03188142155383204	0.013555000737613027	1.9582953788817508	0.04102055366762217	334.3452620100099	0.36187903513585623	0.02331765211559685	0.020510276833811084
37.4	44.199999999999996	1.9736732753747819	0.027162700415135542	662.7963980633203	0.738383044276877	0.03150464106497788	0.013581350207567771	1.9574378346438632	0.04064983394416037	347.9444287263186	0.3876247174438831	0.024750849848955023	0.020324916972080186
39.1	44.199999999999996	1.9728213870748712	0.026495440083171052	643.1256589591283	0.7135386493195569	0.02969672220478437	0.013247720041585526	1.9566606132322226	0.040652011555968176	377.30546913482317	0.41861497994508257	0.026731090897382674	0.020326005777984088
40.8	44.199999999999996	1.9715385778782193	0.027579532964137683	646.4333702155235	0.7155479472930288	0.03099884586744275	0.013789766482068842	1.9551767991485576	0.04053501071816964	356.0448787658924	0.3941120521983406	0.02509399951655206	0.02026750535908482
42.5	44.199999999999996	1.9707462344259012	0.02699483512791961	630.4611121748827	0.7068348217449374	0.029972191100372882	0.013497417563959805	1.9549553007005076	0.03922840486176361	373.0388660614359	0.41822858746492786	0.02577117624358783	0.019614202430881807
44.199999999999996	44.199999999999996	1.972762139083722	0.026430828621643726	613.1965197840694	0.6814394073141951	0.028291625507912265	0.013215414310821863	1.957489457892092	0.0388824475427053	398.25721716911374	0.44257942318702	0.02703116043906648	0.01944122377135265
45.9	44.199999999999996	1.9744133960280565	0.026713570440770617	555.6221210716857	0.628278217379864	0.026363545627810066	0.013356785220385308	1.9598208687596281	0.038678498936268894	433.92590327716533	0.49066835650834506	0.029811068284430912	0.019339249468134447
47.6	44.199999999999996	1.974297920394225	0.027274705224804945	579.4998410638951	0.6803780551444676	0.029149441630563502	0.013637352612402473	1.9590726513803072	0.0396447337154758	365.14269486558493	0.42870603057760664	0.02669715450599367	0.0198223668577379
49.3	44.199999999999996	1.9748267032350344	0.027006260033089344	573.75480838484	0.6940984479714222	0.029444582132231802	0.013503130016544672	1.95917050379658	0.03984193163571118	361.89099273906913	0.4377967255771449	0.02739887758420343	0.01992096581785559
51.0	44.199999999999996	1.975498752380951	0.026503726746860926	604.8074368357898	0.699322464230282	0.029114162494467726	0.013251863373430463	1.9599999999999997	0.039676728518155346	372.98934649125925	0.43127748277131406	0.026878963460831126	0.019838364259077673
52.699999999999996	44.199999999999996	1.974651992567979	0.02785283148500537	659.5940034994088	0.7576881688767201	0.03314971008113829	0.013926415742502685	1.9585869650775856	0.04001203349155049	309.3348156600732	0.3553387823476608	0.022333310835234422	0.020006016745775245
54.4	44.199999999999996	1.9750992180575604	0.025864833281500136	688.2066950207374	0.7068717949064687	0.028719059508088885	0.012932416640750068	1.959982802071778	0.03906153635455799	420.86199754932284	0.4322763462896091	0.0265234900779323	0.019530768177278994
56.1	44.199999999999996	1.9745982482030238	0.02631394301398942	707.5951290499742	0.7210182407924219	0.029802456228619722	0.01315697150699471	1.9590943993784784	0.03888079971325095	392.05463652865905	0.3994919307937207	0.02439849722305221	0.019440399856625476
57.8	44.199999999999996	1.9743438913416924	0.025929001731105288	741.8629672992163	0.7044390412928749	0.028691224988523834	0.012964500865552644	1.95964395350441	0.03774343114239134	431.5503909135701	0.40978045413352965	0.02429475336049794	0.01887171557119567
59.5	44.199999999999996	1.9738682730817265	0.02582533292997072	781.4241620175636	0.7162877101847489	0.029057169431562432	0.01291266646498536	1.9590115167330628	0.038347637593481795	442.72183769630294	0.40581828254901237	0.02444500328684921	0.019173818796740898
61.199999999999996	44.199999999999996	1.9732159337716793	0.025941268647657747	923.620926376557	0.7244382552514173	0.02951973566297995	0.012970634323828873	1.9580826471715895	0.03786687205801728	493.4289971055437	0.38701899398916606	0.02302033233260695	0.01893343602900864
62.9	44.199999999999996	1.9728558572707076	0.026643072317641903	1062.06544734464	0.7686059390310146	0.03216680427818768	0.013321536158820951	1.9573616692728137	0.037526650063928836	515.3994923903372	0.37298935938006866	0.021986500851159555	0.018763325031964418
64.6	44.199999999999996	1.9734978318156824	0.025432410080712845	684.9089368616005	0.7281460294321487	0.029088805002538794	0.012716205040356423	1.9588063766640702	0.03804672840425904	379.0478366146939	0.40297645765951934	0.024083348496800275	0.01902336420212952
66.3	44.199999999999996	1.974406265521765	0.025734716513541436	1130.892704378324	0.7390643623812991	0.029875936432841664	0.012867358256770718	1.9599999999999997	0.035858701962240155	604.2751012515049	0.39490766071821376	0.022243852175115063	0.017929350981120078
68.0	44.199999999999996	1.9744395227676217	0.025821590967693736	990.4739430881148	0.7358914378062603	0.029848095407080263	0.012910795483846868	1.9599999999999507	0.036368301124449186	524.2278861345932	0.3894850698070337	0.022250189072105284	0.018184150562224593
69.7	44.199999999999996	1.9747181255262078	0.02605635529490014	1045.420344377971	0.7592234879990258	0.03107443062593662	0.01302817764745007	1.9599999999999997	0.036125237488731254	510.15818666950264	0.370496021047818	0.021023941338181355	0.018062618744365627
71.39999999999999	44.199999999999996	1.9748024413869083	0.026136088567640974	986.0605321615453	0.746445578680255	0.030644929048868213	0.013068044283820487	1.9596724212313295	0.03725686951391581	471.1715334418989	0.35667577848058724	0.020873720098584667	0.018628434756957905
73.1	44.199999999999996	1.975105021231795	0.02588446314920681	939.7965882470681	0.7556885516960296	0.03072570679969259	0.012942231574603405	1.9599999999999997	0.037323246691766086	453.89018647960967	0.3649721885983736	0.021397304359603873	0.018661623345883043
74.8	44.199999999999996	1.9752201409466508	0.026054030790188094	875.2133362348411	0.7427520491857792	0.030397555336669657	0.013027015395094047	1.9599999999999997	0.037936519478829464	429.75552780326376	0.3647131341690852	0.02173345459745104	0.018968259739414732
76.5	44.199999999999996	1.9752427162582222	0.02648081843106347	811.8367735667684	0.7373202642972471	0.030669553306185364	0.013240409215531735	1.9599999999999997	0.038270276174684204	406.6025913551778	0.369281535258379	0.02219928904814081	0.019135138087342102
78.2	44.199999999999996	1.9753345273548046	0.02660966910712845	737.5883847153017	0.7552235742592002	0.031567114760200514	0.013304834553564225	1.9599999999999997	0.038903020071632544	356.48133204284915	0.3650045354849202	0.022304960333540937	0.019451510035816272
79.89999999999999	44.199999999999996	1.9755164333712578	0.026543142382824313	703.205919012433	0.7328743118946064	0.030556366694342914	0.013271571191412156	1.9599999999999997	0.03821672431838158	373.12376523510574	0.38886592860628066	0.023343890082284314	0.01910836215919079
81.6	44.199999999999996	1.9752460048237397	0.026495581932674893	676.6391809829057	0.7278006719434416	0.030290454634197397	0.013247790966337446	1.9599816329816795	0.03947471052205478	362.6369829612495	0.3900563953263113	0.02418612170262901	0.01973735526102739
83.3	44.199999999999996	1.9754551575600605	0.027014972905804645	654.5372885076436	0.732497882199492	0.031083562434113057	0.013507486452902322	1.9594785897886966	0.040668994413812935	344.3441428762626	0.3853582673337886	0.024617729297395214	0.020334497206906468
85.0	44.199999999999996	1.9753705543150657	0.027062034574998933	713.9782528751196	0.7298139323306415	0.031023619949152394	0.013531017287499466	1.959323423189877	0.03971870286150751	363.2881000719499	0.37134564787481167	0.023168252208065926	0.019859351430753756
86.7	44.199999999999996	1.9756899034202786	0.026721854624864587	711.402150897747	0.7389137910965466	0.03101560423195389	0.013360927312432293	1.9599999999999989	0.039986491613119325	382.4826840127669	0.3972742136300887	0.024953045288476906	0.019993245806559663
88.39999999999999	44.199999999999996	1.9756983348811588	0.02696979840386465	706.052188280592	0.7358488103187906	0.031173543347884903	0.013484899201932325	1.959799626877148	0.040842192793166754	358.81655561268616	0.37395923410884085	0.02399126731401537	0.020421096396583377
90.1	44.199999999999996	1.9756806308153458	0.02722308082220704	768.2392596120906	0.7595783785566896	0.03248102633279558	0.01361154041110352	1.9591510953654987	0.040778704403044534	348.38389087216405	0.3444563235125043	0.022064163266618614	0.020389352201522267
91.8	44.199999999999996	1.9762337442052798	0.026856004968707	807.825010123681	0.7602938375900283	0.03207323423848292	0.0134280024843535	1.9599999999999997	0.039801506669727156	390.8424149126289	0.36784585250880164	0.022997744945325072	0.019900753334863578
93.5	44.199999999999996	1.976372271697421	0.02717824334452623	879.5765203113538	0.7648864148750677	0.03265413676531835	0.013589121672263116	1.9599999999999997	0.03917297449953075	409.77894023453587	0.35634687517164376	0.021927008333675047	0.019586487249765375
95.2	44.199999999999996	1.9766937253112904	0.027327035625228025	1020.6066625259823	0.7847345413269934	0.0336848927695695	0.013663517812614013	1.9599999999999997	0.038786476847743466	428.3784491719693	0.3293760252292848	0.02006745019754272	0.019393238423871733
96.89999999999999	44.199999999999996	1.9772689471639513	0.02825870296766528	1009.7212322461256	0.8053074287775185	0.035746523144961954	0.01412935148383264	1.9599999999999997	0.0372833621760758	377.1936081602521	0.3008323535627157	0.017618116934143738	0.0186416810880379
98.6	44.199999999999996	1.9769203709805356	0.027957774496791696	577.6360163584735	0.8642395688894225	0.03795391853500867	0.013978887248395848	1.9599999999999997	0.0340728283056048	143.87900734964492	0.2152669289356218	0.01152140324234733	0.0170364141528024
100.3	44.199999999999996	1.9774309240575565	0.0281657331446818	530.521720088051	0.8814265310481012	0.03899662803091351	0.0140828665723409	1.9599999999999997	0.03215411941076689	124.04516743141204	0.20609279032761135	0.010409246582536103	0.016077059705383444
102.0	44.199999999999996	1.977344756183874	0.028570688895396993	371.49444684777376	0.877874681414716	0.03939790358469052	0.014285344447698496	1.9599999999999997	0.035757972842415546	76.43328260204157	0.18061869883412582	0.010145080011768722	0.017878986421207773
103.7	44.199999999999996	1.9778627623857217	0.029409506628615845	162.8480554331384	0.8542117866664168	0.0394614623871633	0.014704753314307923	1.9599999999999997	0.0391999667899901	37.04828235432793	0.1943350160285205	0.011966210452621067	0.01959998339499505
105.39999999999999	44.199999999999996	1.9770683931962285	0.030208323947707148	62.64722736996809	0.7440535983566768	0.0353061797782771	0.015104161973853574	1.9599999999999975	0.05386875135859873	14.839586362625354	0.1762479856615191	0.014913547032548503	0.026934375679299363
0.0	45.9	1.9853100995143338	0.09003315116751588	2.87980095053411	0.23246323078271047	0.03287582024056954	0.04501657558375794	1.9000000000000024	0.09999999999974925	2.4770601318416654	0.1999531950234836	0.031408574427300405	0.049999999999874624
1.7	45.9	1.9999999999988145	0.09999999999999999	3.1403180050706063	0.2446290670345827	0.038426243992518504	0.049999999999999996	1.9000000000000001	0.07704620851482014	3.7431008385345517	0.29158552237975777	0.03528881748932243	0.03852310425741007
3.4	45.9	1.9929675078395317	0.09365482689232692	2.595113692206711	0.1581663877814856	0.02326827772371905	0.04682741344616346	1.9000000000000001	0.09999999999999999	3.080448104992247	0.18774643707445587	0.029491141372538447	0.049999999999999996
5.1	45.9	1.9797352006830589	0.07584743509068033	1.705038326653912	0.1322055949761444	0.01575108992654422	0.037923717545340165	1.9000000000000001	0.09999999999999994	2.6748950119176573	0.2074065321706259	0.03257934188868865	0.04999999999999997
6.8	45.9	1.989811905388041	0.09999999999998832	2.417200702639205	0.17439703346749869	0.027394221957464156	0.04999999999999416	1.900000000000014	0.09999999999999996	2.8358198177535043	0.20459971036934307	0.03213844735114637	0.04999999999999998
8.5	45.9	1.9998605708713937	0.09999999999999999	2.779276119175215	0.19387997596362422	0.030454595408274377	0.049999999999999996	1.9000000000000001	0.08054521989733247	3.381685121918179	0.23590352380986598	0.02984654581047198	0.04027260994866624
10.2	45.9	1.9999999999992004	0.09149203802518122	2.4788081289226365	0.17421061467936264	0.025036740727291455	0.04574601901259061	1.9000000000000001	0.09999999999999999	3.4091935838792775	0.23959809671379545	0.03763598102250783	0.049999999999999996
11.9	45.9	1.9945983118879125	0.09999999999949989	3.158847990892623	0.20408181793861555	0.03205709699819989	0.049999999999749946	1.9000000000006803	0.05497146154644628	3.815667186041032	0.24651654597533484	0.02128644980228697	0.02748573077322314
13.6	45.9	1.9835819134392856	0.0762365551903511	3.419158633662165	0.2645013982895237	0.031674598125710295	0.03811827759517555	1.9000000000000001	0.0684706185442083	3.6473317693327845	0.28215255750828816	0.03034646577905532	0.03423530927210415
15.299999999999999	45.9	1.9812737782816205	0.08177374251903495	3.3830618295793498	0.2339887036428755	0.0300558242683787	0.040886871259517475	1.9000000000000001	0.08396389298877818	3.2387388166592475	0.22400663520896585	0.029544274249468257	0.04198194649438909
17.0	45.9	1.9849437414842759	0.09999999999999955	3.637823339006349	0.24382245266770314	0.038299541304054885	0.049999999999999774	1.9000000000000001	0.09999999999999999	2.572272374642406	0.17240467743164198	0.02708126340318822	0.049999999999999996
18.7	45.9	1.9737528833296278	0.045259816242033186	4.949875409599459	0.33120732786346385	0.02354683823495798	0.022629908121016593	1.9000000000000001	0.09999999999999999	3.913612405073139	0.26186863298898017	0.041134228680189094	0.049999999999999996
20.4	45.9	1.9781934698043109	0.0543350977942303	5.364704718817779	0.364896664207929	0.03114370114643312	0.02716754889711515	1.9000000000000001	0.09999999999999999	3.543123689986743	0.2409963051306879	0.03785561108704266	0.049999999999999996
22.099999999999998	45.9	1.9761914100766844	0.045893016057409274	7.746356761985935	0.46706475700447675	0.03367003559022344	0.022946508028704637	1.9000000000000092	0.09999999999999606	3.375989217932343	0.20355447498380608	0.03197426216072136	0.04999999999999803
23.8	45.9	1.9751069363350433	0.04326992152518642	10.614477422504661	0.5223117497355024	0.03550060711857475	0.02163496076259321	1.9000000000000001	0.09999999999999999	3.7692416129554642	0.18547490410263495	0.02913432980770547	0.049999999999999996
25.5	45.9	1.9748196859913383	0.0369400639246618	46.66977539494695	0.7951083381361167	0.04613641315058131	0.0184700319623309	1.9000000000000041	0.09098264899072687	3.8633644492044703	0.06581975723743703	0.009406644482808932	0.04549132449536344
27.2	45.9	1.9769091814180078	0.02733074845943191	618.2005914482152	0.7350979448729118	0.03155851875233082	0.013665374229715956	1.9599999999999997	0.040383074806634466	296.47964065948247	0.35254184088515433	0.022362993031126894	0.020191537403317233
28.9	45.9	1.9764310096292381	0.026999071590294244	585.4700067691767	0.7448135571524869	0.031587574599192154	0.013499535795147122	1.9599999999999997	0.040645784476538584	312.4092189725336	0.3974355970072782	0.02537477207028213	0.020322892238269292
30.599999999999998	45.9	1.976400547991353	0.027292850769092096	676.9600551174611	0.7429132887123162	0.03184981428992325	0.013646425384546048	1.959999999999999	0.03952152383429666	312.7109492418673	0.34317699834935733	0.021304518816948347	0.01976076191714833
32.3	45.9	1.9762364764940483	0.02724295516804406	744.3974692493366	0.7525808210667898	0.03220529185325755	0.01362147758402203	1.9599999999999997	0.039053011862760785	341.5331283475107	0.3452876894013003	0.021181441129460143	0.019526505931380393
34.0	45.9	1.9757928999557615	0.026580278210899845	738.4303546621852	0.7423712112127232	0.030995633793170118	0.013290139105449923	1.9599999999999997	0.03913287246291561	364.5121612859602	0.3664574904960679	0.02252605850636787	0.019566436231457804
35.699999999999996	45.9	1.974784416629887	0.02701868508540305	704.1834909433059	0.7307912692014743	0.031015403578002528	0.013509342542701525	1.9591606244889186	0.039678674258786614	362.61817049415475	0.3763198036579291	0.023454927972064162	0.019839337129393307
37.4	45.9	1.974359101279758	0.026703586673463377	647.6966797417551	0.7207370739806885	0.03023196224686059	0.013351793336731688	1.958608493903724	0.03988956099117463	374.9257006815276	0.4172058633635499	0.026141441806973736	0.019944780495587316
39.1	45.9	1.9735223663905788	0.026317038458955836	642.585992036359	0.7044467720649931	0.02912091894943127	0.013158519229477918	1.9581616855187403	0.03995196809663365	378.66999881981667	0.41512398597599853	0.026051688878875053	0.019975984048316825
40.8	45.9	1.9723196030212744	0.027743914283827237	667.6211701195294	0.7461640442216652	0.03251785788488956	0.013871957141913619	1.9561036639398641	0.039931260378270605	321.24385303241047	0.35903686594764234	0.022520184263575695	0.019965630189135303
42.5	45.9	1.9727739006789375	0.02654402234553897	619.715399112189	0.6841874093161503	0.028527366993147965	0.013272011172769485	1.9577370962264786	0.03875872614177387	392.9927933351051	0.4338777470062294	0.026415373045489535	0.019379363070886935
44.199999999999996	45.9	1.9724002576474597	0.027110215384136015	686.0875333194065	0.7422651930815307	0.031609086192454436	0.013555107692068007	1.9566732444760258	0.03894848741690073	360.2322835826657	0.38972852958575216	0.023843646379574607	0.019474243708450367
45.9	45.9	1.9744847987560863	0.02760522691426051	547.3641101491869	0.6696083380062695	0.02903568333355337	0.013802613457130256	1.9599999999999997	0.03784193194471954	346.69622097747083	0.424124775478072	0.025210811203714278	0.01892096597235977
47.6	45.9	1.973421760029485	0.02762382613280576	637.1247912762558	0.7151850773589064	0.031032885070890564	0.01381191306640288	1.9579132763963505	0.03979209508038516	342.16417922531724	0.38408600377724	0.024007401976394217	0.01989604754019258
49.3	45.9	1.9748383600405486	0.026791319121903863	565.9950646409906	0.6871115111940121	0.028916198597274078	0.013395659560951931	1.9599999999999997	0.038694100455600566	356.67417443784467	0.43299835336429066	0.026317878440812126	0.019347050227800283
51.0	45.9	1.9745299924109185	0.026988885826102246	648.6118880578385	0.7185645213915027	0.030462855016896166	0.013494442913051123	1.9590928619865244	0.040179152970439246	354.47840305654074	0.39270881204267055	0.024785135675602893	0.020089576485219623
52.699999999999996	45.9	1.9744730383877303	0.026859980538247022	689.8521238990008	0.7326977233943588	0.03091365905523131	0.013429990269123511	1.9585093759498207	0.03999276003030522	346.7520497810008	0.368288258679136	0.02313604539261668	0.01999638001515261
54.4	45.9	1.9748642071314795	0.026117227556667653	662.6223419935883	0.7083222249690692	0.02905880956879995	0.013058613778333826	1.9596574064734713	0.0397008692714226	402.84534015442324	0.4306288659058883	0.026854868560317498	0.0198504346357113
56.1	45.9	1.9749302924685572	0.0272069716618776	657.4043069563506	0.7410427704515368	0.031669656726076446	0.0136034858309388	1.9599999999999997	0.03806265945029591	333.1384568069632	0.3755220985988656	0.022451972708720926	0.019031329725147955
57.8	45.9	1.9740794485664472	0.02614199714236238	761.1225536484147	0.7108870016800808	0.029191688309254886	0.01307099857118119	1.9594088145919304	0.037694217421436665	437.2112267164749	0.4083544451172791	0.024178641486449506	0.018847108710718333
59.5	45.9	1.9737246494982894	0.025564768757719507	840.2201636727021	0.7093014100537566	0.028483448542780548	0.012782384378859753	1.9592339021058502	0.03767074146937212	495.7985769699582	0.4185458109101349	0.024766637355995665	0.01883537073468606
61.199999999999996	45.9	1.9726408529676058	0.02607245611959659	1051.5090549902195	0.7516662498609166	0.03078412918781417	0.013036228059798295	1.9573172774934422	0.03796272548567189	534.2694634696148	0.3819199864381051	0.022774541778243444	0.018981362742835944
62.9	45.9	1.9742432362960642	0.027278377477820442	644.0255412738366	0.8098440830071616	0.03470082701373172	0.013639188738910221	1.9599999999999997	0.03396356558911711	238.61863147155046	0.30005624685362475	0.016007953982543247	0.016981782794558555
64.6	45.9	1.97435264363479	0.025707836727963063	1150.6797313678412	0.7319423885675901	0.02955713321562726	0.012853918363981531	1.9597468538990526	0.03699086420875688	604.6799366081509	0.38463428620034035	0.022349218903389263	0.01849543210437844
66.3	45.9	1.9744111605620314	0.025746949472820538	990.8124538797439	0.7299315892507676	0.029520779219850902	0.012873474736410269	1.9599575258319326	0.036838416862449534	527.2874328095294	0.38845268074247574	0.02247806682363743	0.018419208431224767
68.0	45.9	1.9746803579001075	0.025955546444692692	1020.7115778030216	0.7457951921298952	0.0304067240569133	0.012977773222346346	1.9599999999999997	0.03662149656874183	486.75841827505974	0.35565589337162257	0.020459074072304042	0.018310748284370914
69.7	45.9	1.9750018419430433	0.026109395500318534	1005.7378203601855	0.7650242339005046	0.03137558894212821	0.013054697750159267	1.9599999999999997	0.035864244368929585	481.91549975031626	0.36657370195070316	0.020651084676635244	0.017932122184464792
71.39999999999999	45.9	1.975112050599412	0.026094288050454707	1010.4920915365783	0.7631343650674199	0.03127997088311008	0.013047144025227353	1.9599999999999997	0.036900636232378506	443.3203543968704	0.33480024238455197	0.01940615496248075	0.018450318116189253
73.1	45.9	1.975200055605759	0.02632984637931873	936.5083680505122	0.7637256865697589	0.031586797765544045	0.013164923189659365	1.9599999999999993	0.03691761681967125	443.60177582004894	0.36175872246285995	0.020978408897652633	0.018458808409835624
74.8	45.9	1.975381304551145	0.026697605705350055	851.3648362747537	0.7654344479995344	0.032099642475736066	0.013348802852675028	1.9599999999999997	0.03750076969779579	396.57572797271933	0.3565483450773494	0.02100286223462698	0.018750384848897895
76.5	45.9	1.9752675391029626	0.026175711625301953	816.1822795223644	0.7380339281737445	0.0303455282290703	0.013087855812650977	1.9599999999999997	0.03842367006638488	409.7426824260769	0.3705103737713266	0.022362435123586422	0.01921183503319244
78.2	45.9	1.975273663511349	0.02663429106466193	757.1881376088515	0.7577091551468084	0.03170031321126912	0.013317145532330965	1.9599999999999997	0.03850331780573732	360.1563994996234	0.3604042213964894	0.021797560926125257	0.01925165890286866
79.89999999999999	45.9	1.9753568781807986	0.027189211746402438	665.3050037746375	0.761344813700046	0.032516057857787634	0.013594605873201219	1.9599999999999997	0.038667485909986185	310.9389989363464	0.35582446077237223	0.021612331128477495	0.019333742954993093
81.6	45.9	1.9756369050263851	0.02640095650457353	674.5736430634132	0.7385621364446984	0.030628559913691924	0.013200478252286764	1.9599999999999997	0.03819987798879877	366.6137220700162	0.40138985062083227	0.024085088125105746	0.019099938994399386
83.3	45.9	1.9756065998091128	0.026522786016501126	635.3014692492934	0.7202234346799694	0.030005873004925625	0.013261393008250563	1.959999999999934	0.03938403706300778	355.6823993960846	0.4032271476578922	0.02494536553445262	0.01969201853150389
85.0	45.9	1.9760511689678544	0.02760544587540898	630.4410789708278	0.7688474662863083	0.03333917361391213	0.01380272293770449	1.9599999999999997	0.03880618836953299	292.31125423034837	0.35648496692008186	0.021730118003969012	0.019403094184766496
86.7	45.9	1.975868706014756	0.026442171652230936	686.5072398861914	0.736024905705732	0.03057099031751519	0.013221085826115468	1.9599999999999997	0.0398829678107927	374.0940458246747	0.40107739409831716	0.02512670434185587	0.01994148390539635
88.39999999999999	45.9	1.9758901685056722	0.026606352662296995	715.4423888091001	0.7329974174736448	0.030634279104036592	0.013303176331148497	1.959999999999866	0.03978952807552746	385.9003774891579	0.3953693330535009	0.024711075371142432	0.01989476403776373
90.1	45.9	1.9760108682495838	0.026739145106889683	751.2217004320614	0.738255413833591	0.031008020003885948	0.013369572553444842	1.9597636268714294	0.04035534954414384	376.0564019366146	0.36956556829603243	0.02342677424642618	0.02017767477207192
91.8	45.9	1.9761376089408569	0.026974599287356835	790.7532655911281	0.7568022943066689	0.03206692521150205	0.013487299643678417	1.9599999999999997	0.0397257404861388	382.7821014903592	0.36634736172840693	0.022860459023571186	0.0198628702430694
93.5	45.9	1.9763672408900275	0.026830526280395832	789.7896219874431	0.7433714642162053	0.03132960751843103	0.013415263140197916	1.9599999999999997	0.039782539739116246	404.11078476246973	0.38036005717382426	0.023768801640287763	0.019891269869558123
95.2	45.9	1.976591105435228	0.02716566805307136	943.2933329877328	0.772187452417962	0.03295057570882542	0.01358283402653568	1.9599999999999997	0.03886375303209981	429.8292165192679	0.351861627843328	0.021480111048263237	0.019431876516049905
96.89999999999999	45.9	1.977080038937787	0.0274180321511724	1084.1172102564187	0.8133336849795658	0.035028772420102175	0.0137090160755862	1.9599999999999997	0.037842380361806385	442.56349433994757	0.3320229531305069	0.019736331522483955	0.018921190180903193
98.6	45.9	1.9768746937261354	0.027923415744736425	580.8783253435017	0.8694582144555807	0.03813617523161256	0.013961707872368213	1.9599999999999997	0.034936479898800006	146.76482779370042	0.21967747728051643	0.012055481312946854	0.017468239949400003
100.3	45.9	1.9773934608713994	0.028274524665666278	572.4941546405686	0.8889404668136658	0.0394809747453452	0.014137262332833139	1.9599999999999997	0.03289004569033397	130.95900299773322	0.20334663037973966	0.010505611441021068	0.016445022845166985
102.0	45.9	1.977615574658252	0.02871924437512617	431.6371600082019	0.8875401799108562	0.04003878677033269	0.014359622187563086	1.9599999999999997	0.033605704501910943	92.67957325880472	0.19056942438092656	0.010059724879463708	0.016802852250955472
103.7	45.9	1.9778874050963455	0.028846701501806907	289.5976484284792	0.8662294422427554	0.0392508420835311	0.014423350750903454	1.9599999999999997	0.03518013105501079	59.868111586670864	0.17907438540771334	0.009895797492763633	0.017590065527505395
105.39999999999999	45.9	1.9776917223901314	0.029633993632460217	109.07683869986101	0.7841138850019883	0.03649969241272003	0.014816996816230108	1.9599999999999997	0.04440140439699989	24.15826666935706	0.1736650287889921	0.012112365194376001	0.022200702198499945
0.0	47.6	1.9984881953420763	0.09999999999999999	3.166532509452241	0.21913361409605217	0.03442142760993691	0.049999999999999996	1.9000000000000001	0.09999999999999666	3.54311395135156	0.24519418733146647	0.03851501288117144	0.04999999999999833
1.7	47.6	1.9856598577977196	0.09999999999999366	2.777200567588293	0.21219832698482108	0.03333203525797582	0.04999999999999683	1.900000000000005	0.09999999999999999	2.857595159450137	0.21834105865886985	0.03429693329298618	0.049999999999999996
3.4	47.6	1.9915312363294941	0.09571241814850463	2.550356955604751	0.17737864397931236	0.026667941650671885	0.047856209074252316	1.9000000000000001	0.09999999999999999	3.0119696225190293	0.20948404346897434	0.03290567660032073	0.049999999999999996
5.1	47.6	1.9999999999999991	0.09999999999999999	2.5210038414224347	0.1530492989293624	0.024040927657677652	0.049999999999999996	1.9000000000000001	0.07889868003702788	3.667219560410142	0.22263567136182233	0.02759207514758586	0.03944934001851394
6.8	47.6	1.9999999999998992	0.09999999998569832	2.729890149032334	0.2201188845273102	0.03457619352242391	0.04999999999284916	1.9000000000000001	0.07546106169553739	2.9445482177261093	0.23742738122722665	0.028143207359655656	0.037730530847768694
8.5	47.6	1.9999999999999998	0.09999999999999999	2.267017315915857	0.17833288814405823	0.028012464564341182	0.049999999999999996	1.9000000000000001	0.09999999999999999	3.1991528336656794	0.2516584943734165	0.03953042385684968	0.049999999999999996
10.2	47.6	1.9973790408117988	0.09999999999999999	2.789732861505211	0.19650104012391809	0.03086631120380271	0.049999999999999996	1.9000000000000001	0.09999999999999999	3.342523292207108	0.23543806384484275	0.036982524587518134	0.049999999999999996
11.9	47.6	1.9982766833178904	0.09999999999999967	2.339265778700888	0.16135794398712808	0.02534604657141566	0.049999999999999836	1.9000000000000001	0.09999999999997672	3.2841018614772066	0.22653087521613346	0.035583386669505265	0.04999999999998836
13.6	47.6	1.9866918031041798	0.09357032521340107	3.102611944698078	0.2514248503637091	0.0369544051825007	0.046785162606700535	1.900000000000026	0.0999999999998712	2.6865829664125704	0.21771131303554045	0.03419801308174804	0.0499999999999356
15.299999999999999	47.6	1.9863706420159486	0.09952369863292886	3.341025878710755	0.22782750886840006	0.03561660714461374	0.04976184931646443	1.9000000000000001	0.06314965935352854	3.4882674548518455	0.23786804213928459	0.02359538060893492	0.03157482967676427
17.0	47.6	1.9836756671983782	0.0999999999959521	3.3289391886288127	0.237588209654496	0.03732026869999513	0.04999999999797605	1.9000000000000001	0.0696469712439927	3.1654350210466413	0.22591882783472847	0.024715792359331256	0.03482348562199635
18.7	47.6	1.9851496924516272	0.09966688649759632	3.3037437143778163	0.23355727493466744	0.036564881302745385	0.04983344324879816	1.9000000000000001	0.09999999999999999	3.1113995631508136	0.21995955680214557	0.034551166386824365	0.049999999999999996
20.4	47.6	1.9828273742570892	0.06758048233030171	4.66079058769832	0.31508502970633157	0.033447905966571996	0.03379024116515086	1.9000000000000001	0.0999999999999979	3.263214537069503	0.22060421510129202	0.03465242907565735	0.04999999999999895
22.099999999999998	47.6	1.9758592793743688	0.063532871233504	7.002231908543885	0.46454983852196574	0.046360773500009625	0.031766435616752	1.9000000000000001	0.053040048298172396	3.6868358520603546	0.24459615478342417	0.020378556284879716	0.026520024149086198
23.8	47.6	1.9737299372401949	0.04102221502941503	8.738314270773147	0.4604307569878124	0.029669027477840563	0.020511107514707513	1.9000000000000017	0.09999999999999999	2.7815046247186936	0.14656033649508654	0.023021643822030594	0.049999999999999996
25.5	47.6	1.9750187841360556	0.038835359855418285	16.482845441657364	0.5595009587543055	0.03413092400801071	0.019417679927709142	1.9000000000000001	0.09999999999999999	3.5905173113228144	0.12187809958054484	0.019144567113786246	0.049999999999999996
27.2	47.6	1.9792796916224156	0.031025091127213432	365.7397149074365	0.800624635661426	0.03901772040115903	0.015512545563606716	1.9599999999999997	0.043484643215327905	136.59479417557947	0.2990136232477475	0.02042428037554447	0.021742321607663952
28.9	47.6	1.9773997855118866	0.0282960833031962	515.9998834145806	0.7837681770496888	0.0348364449092024	0.0141480416515981	1.9599999999999997	0.03924043552435209	221.58283005181704	0.33656901165554853	0.020745687103382534	0.019620217762176043
30.599999999999998	47.6	1.9765058924021197	0.02691065373724911	656.4802162534949	0.7598818430095223	0.03212108395942945	0.013455326868624554	1.9599999999999997	0.039659051662963046	313.2137354096837	0.3625477579161401	0.022585381236298854	0.019829525831481523
32.3	47.6	1.9763999082524926	0.02696707444410532	713.0855399783269	0.7714143321698093	0.03267694254218294	0.01348353722205266	1.9599999999999997	0.03921848006764908	322.84609693479473	0.3492541810175447	0.021515539936561957	0.01960924003382454
34.0	47.6	1.9761475595343956	0.0274460715122144	742.6814934859401	0.7613874408126337	0.03282507873000772	0.0137230357561072	1.9599999999999997	0.038494135176837876	327.5299369044639	0.33577944601622706	0.020303389787097646	0.019247067588418938
35.699999999999996	47.6	1.975525328235075	0.02688297199729467	737.4495684573276	0.7383793928978958	0.03118004404549403	0.013441485998647335	1.9598367184479508	0.03948513475973998	362.175925238659	0.36263258023104955	0.02249159847084944	0.01974256737986999
37.4	47.6	1.9745521518206772	0.02722834942183792	695.8060882000103	0.7380858762238759	0.03156807408982464	0.01361417471091896	1.958785702442334	0.040079700342562224	354.38120640927355	0.37591473786397234	0.023666481472776946	0.020039850171281112
39.1	47.6	1.9747692054317543	0.027275910102322228	626.3263533754102	0.7216015906382799	0.030916947556850236	0.013637955051161114	1.9590754307896419	0.039098938455586846	328.6965007182618	0.37869701071538253	0.02325823318400824	0.019549469227793423
40.8	47.6	1.9734308726043983	0.026865849992627325	677.7210892153765	0.7028914145488924	0.029662564884134268	0.013432924996313662	1.9578392062922696	0.039649434073140845	380.0793842816082	0.3941954003052592	0.024550956810864277	0.019824717036570422
42.5	47.6	1.9734047913846442	0.026351340349086108	634.4602710198067	0.7120973544146529	0.029475552853280924	0.013175670174543054	1.9578315902122672	0.039488532726288446	379.2707093917118	0.4256809781496552	0.02640432793047998	0.019744266363144223
44.199999999999996	47.6	1.9733196563555249	0.02671480973561707	663.2130889378208	0.7257468268460722	0.030454895114734187	0.013357404867808535	1.957732435000327	0.038916249577305134	370.0970795360593	0.4049931848125446	0.024757031655894636	0.019458124788652567
45.9	47.6	1.9741262761223932	0.027467188378479505	581.6903048637242	0.7204011118101086	0.031081964313746095	0.013733594189239752	1.958805967481467	0.038827131100409154	319.6272503852253	0.39584607929174354	0.024142460356021057	0.019413565550204577
47.6	47.6	1.9736120117119715	0.027151726356294204	674.5583903389726	0.7240318527415737	0.030879836901341256	0.013575863178147102	1.9581658287146069	0.0389982815942782	361.9807607159018	0.38852915417186923	0.023800657817509015	0.0194991407971391
49.3	47.6	1.9745243565760613	0.026585837601389675	621.7674088537082	0.6876120083373852	0.028715321106721627	0.013292918800694838	1.9593897641808777	0.0394783209731077	388.927324067373	0.4301143716945345	0.02667242513966264	0.01973916048655385
51.0	47.6	1.9743581364026639	0.026661043496540613	690.7100363005243	0.7412712118315637	0.031043748370987747	0.013330521748270307	1.9588553291361952	0.03903718474351125	359.42366908239387	0.3857341065560116	0.023653009587653637	0.019518592371755624
52.699999999999996	47.6	1.9750621758712488	0.026377391176755006	657.1171891967118	0.7039203294617543	0.02916588942632168	0.013188695588377503	1.9599999999999997	0.038712406695654816	396.63068191521114	0.4248806832000504	0.025836699579715433	0.019356203347827408
54.4	47.6	1.9745284883564183	0.026656414083384226	725.2642689091333	0.7364399154309542	0.030836062882956164	0.013328207041692113	1.9588608434764037	0.038999104237466886	380.8251780574608	0.38669333916648807	0.023688698492670253	0.019499552118733443
56.1	47.6	1.9741222798628346	0.026235116453316224	777.0681188341894	0.7504754358456824	0.030927111141305388	0.013117558226658112	1.9590767899026635	0.03804909597335433	394.87088001723725	0.38135768100780554	0.022792749510242433	0.019024547986677166
57.8	47.6	1.9743295622448702	0.025477826014421532	795.3424763848902	0.7104593251463289	0.02843292002867623	0.012738913007210766	1.9599856937592186	0.0371980595762088	468.57235586612063	0.41856383836561045	0.024456925894819206	0.0185990297881044
59.5	47.6	1.9737498300069956	0.02591895934821929	962.3665860226761	0.720470603652125	0.029332812297360195	0.012959479674109644	1.9590361323845695	0.03749117888427712	531.2032688149379	0.3976824895041217	0.02341992190675309	0.01874558944213856
61.199999999999996	47.6	1.9739097060638167	0.02565811401861933	510.22932210611947	0.723070048484067	0.029142377526943358	0.012829057009309665	1.9599999999999922	0.03595664327341383	276.8124033302327	0.3922839186716782	0.02215641665215219	0.017978321636706915
62.9	47.6	1.9729957725867948	0.026362149257777422	982.7926911122846	0.7478300143798776	0.030967317249997635	0.013181074628888711	1.9556554184529147	0.04007218074216639	521.068399476188	0.39649316910585103	0.024957355434242066	0.020036090371083195
64.6	47.6	1.97454239945693	0.02588105915690439	1052.3492976443256	0.7450381562392567	0.030288686328525816	0.012940529578452195	1.959834909954684	0.037141428575883824	550.4034340975206	0.38967247913379477	0.022734123537995893	0.018570714287941912
66.3	47.6	1.974741352803183	0.025996334965917987	986.4263345739264	0.7580837674991191	0.030956310827168636	0.012998167482958994	1.9599999999999997	0.03586400362167705	498.3924091868709	0.38302221058660335	0.02157757352803233	0.017932001810838524
68.0	47.6	1.9749365608933247	0.026218301409247517	1007.9319663901795	0.7644530955540462	0.03148293933430603	0.013109150704623759	1.9599999999999997	0.03618974692936978	479.6391302914589	0.36377615764417404	0.020679481938050442	0.01809487346468489
69.7	47.6	1.9751688537231782	0.02599715121838308	992.0722069156369	0.7719632609029826	0.03152406899662439	0.01299857560919154	1.9599999999999995	0.0367647564986356	463.0328399655348	0.36030073068598645	0.020807347187297827	0.0183823782493178
71.39999999999999	47.6	1.975291303816124	0.026183185162395657	972.6401748492929	0.7708766644061851	0.03170496317833956	0.013091592581197829	1.9599999999999997	0.03700953136747625	445.75672729785015	0.3532893951550248	0.02053827970683435	0.018504765683738125
73.1	47.6	1.9753263962442509	0.02657074275931802	928.1936906158323	0.7716684820850819	0.03220730115984728	0.01328537137965901	1.9599999999999997	0.03708421047304979	415.40762254759835	0.345355686834282	0.020117570227197314	0.018542105236524897
74.8	47.6	1.9752031717384184	0.0266455714751896	860.9299667589532	0.7671730313704532	0.03210984755499599	0.0133227857375948	1.9599999999999997	0.03841773541953422	382.1726073801679	0.3405532726597293	0.0205511768455469	0.01920886770976711
76.5	47.6	1.9752970583367364	0.026731310799063965	803.1063405704205	0.7680774341135644	0.03225114503226951	0.013365655399531983	1.9599999999999997	0.037762916686946944	370.83845909828506	0.35466368243653934	0.021037887406368062	0.018881458343473472
78.2	47.6	1.9755380328375431	0.026846963776162133	697.4052816758713	0.76715953387052	0.03235197069007668	0.013423481888081066	1.9599999999999986	0.038611468380470367	315.75366739423237	0.3473352477543292	0.02106614421699991	0.019305734190235183
79.89999999999999	47.6	1.9751696912286714	0.027009921212498848	708.2996910561519	0.7485411325923116	0.03175841827915955	0.013504960606249424	1.9595412889397545	0.039023832558887334	333.4976566693628	0.35244504097966106	0.021604349821323365	0.019511916279443667
81.6	47.6	1.9754360170635117	0.026800184893088885	656.0834267401881	0.7270957988809433	0.030609011360938614	0.013400092446544443	1.9599999999999997	0.03927394446998607	334.33956572952434	0.3705274112005326	0.02285834277182191	0.019636972234993035
83.3	47.6	1.975459140423419	0.02684798041435285	656.3335553626757	0.7374253150913805	0.031099223234916852	0.013423990207176426	1.9599999999999997	0.03953435299282056	332.33435955901183	0.373395155269907	0.023187994647652994	0.01976717649641028
85.0	47.6	1.9750242293512312	0.027690090230130023	703.46731044493	0.7742194056451509	0.033675053981599465	0.013845045115065012	1.9585435627506493	0.04054533549606079	300.48210910108236	0.3307034690326996	0.021061996003950624	0.020272667748030396
86.7	47.6	1.975313441397898	0.0273551174073319	717.2619830189996	0.7634620621277118	0.03280544408458713	0.01367755870366595	1.95899695239493	0.04085281117265119	327.0321586281732	0.34809686295854936	0.02233787894986533	0.020426405586325594
88.39999999999999	47.6	1.9761084852652269	0.027422150852634174	677.7172489795138	0.7538244391442704	0.03247069661336392	0.013711075426317087	1.9599999999999995	0.03941494790912107	316.7677886555663	0.35234059776671134	0.021814412479832523	0.019707473954560534
90.1	47.6	1.9760934390806066	0.02671913448192451	775.005750515345	0.7385550133460426	0.03099738899171105	0.013359567240962255	1.9599999999999997	0.03975185460595145	400.24717564173955	0.38142240615793715	0.02381680351625627	0.019875927302975726
91.8	47.6	1.9760266815073502	0.027054850489588052	766.2472857292125	0.7465894364049643	0.031728303856983234	0.013527425244794026	1.9599999999999997	0.039821403991643856	363.154244788139	0.35383762917531814	0.022133009043112363	0.019910701995821928
93.5	47.6	1.9763655074963384	0.027151131827071788	819.1468457750439	0.7714396327078032	0.03290105031827945	0.013575565913535894	1.9599999999999997	0.039235214077394595	382.45696225049403	0.3601826217201703	0.022198245928793516	0.019617607038697298
95.2	47.6	1.976464930797851	0.02730639312165246	906.9481981936935	0.780376502239727	0.03347251919903332	0.01365319656082623	1.9599999999999997	0.039182377319372894	410.7086802882017	0.353391080109243	0.02175034964849642	0.019591188659686447
96.89999999999999	47.6	1.9768469396325585	0.02746628541753811	1045.5760726625413	0.7918731417186892	0.034164527507590324	0.013733142708769056	1.9599999999999997	0.038253972765843525	441.6340720487926	0.3344741423096495	0.020098283600598645	0.019126986382921762
98.6	47.6	1.9775340555236707	0.02865151970114512	998.4159267506469	0.8566034123846444	0.038552037827432994	0.01432575985057256	1.9599999999999997	0.03561147376755591	331.3435459235169	0.2842803329805043	0.015902179071375033	0.017805736883777956
100.3	47.6	1.9770991537460463	0.027845308388377878	601.821019686596	0.8785125148552995	0.03842552958765268	0.013922654194188939	1.9599999999999997	0.03326859832743111	145.7961070020283	0.21282690439287918	0.011121949243243204	0.016634299163715557
102.0	47.6	1.9775827779170616	0.028239944828374528	538.7301458514124	0.8963913234071841	0.03976320343226207	0.014119972414187264	1.9599999999999997	0.033055226318517685	114.15393990777487	0.18994036634864175	0.009862278975921162	0.016527613159258842
103.7	47.6	1.9778060436039462	0.028631599988415902	379.3948386293908	0.8659839436598127	0.038947118747267584	0.014315799994207951	1.9599999999999997	0.034300331480732124	81.74617057280173	0.186588914671225	0.010053193290009366	0.017150165740366062
105.39999999999999	47.6	1.9780568204404168	0.029038714058496607	166.4992784673818	0.8340075984268931	0.038042343679122105	0.014519357029248304	1.9599999999999997	0.03524945062473944	38.43839139637698	0.19254083735963845	0.010660929858514988	0.01762472531236972
0.0	49.3	1.983233243716898	0.09615144758602508	3.6353907113845105	0.2488481551328696	0.0375846170409576	0.04807572379301254	1.9000000000000001	0.09999999999999999	2.2605203273702235	0.15473613643365358	0.0243058954732417	0.049999999999999996
1.7	49.3	1.9809444616232748	0.09685390291306469	2.9826248835384286	0.2285143837893263	0.03476566531928418	0.04842695145653234	1.9000000000000001	0.09999999999999999	2.041531728884311	0.15641234926562483	0.024569194369180394	0.049999999999999996
3.4	49.3	1.985653335030886	0.06191556144131801	2.9207021650986276	0.23655154374581477	0.023006231154843803	0.030957780720659005	1.9000000000000001	0.09999999999999999	3.4250801120783367	0.27740178291608153	0.043574170165093615	0.049999999999999996
5.1	49.3	1.9999999999999998	0.09999999999999999	2.251254884014566	0.13816974420056727	0.021703652666444154	0.049999999999999996	1.9000000000000001	0.09999999999999301	3.447427315480689	0.21158428293139162	0.03323558144361388	0.049999999999996506
6.8	49.3	1.9959908514440277	0.0999999999999979	2.6972769036049273	0.18686663856968094	0.029352942946575818	0.04999999999999895	1.9000000000000008	0.09999999999999999	3.549328556954318	0.24589655431038263	0.03862534042822708	0.049999999999999996
8.5	49.3	1.9999999999999998	0.09999999999999999	2.4222190330780395	0.16925835667934422	0.026587040495125436	0.049999999999999996	1.9000000000000001	0.09999999999999999	3.6858021072090925	0.2575542505413777	0.04045652707008086	0.049999999999999996
10.2	49.3	1.9902930868107338	0.08281281491118694	2.633267683445044	0.18328198949766047	0.02384169975804663	0.04140640745559347	1.900000000000006	0.0999999999999986	3.34840652183612	0.23305743385958105	0.03660857610388694	0.0499999999999993
11.9	49.3	1.9965485981970996	0.09999999999999999	2.9094546782303916	0.1903679695874009	0.029902930736729193	0.049999999999999996	1.9000000000000001	0.09999999999999999	3.0318085436567053	0.1983736818284812	0.03116046507489578	0.049999999999999996
13.6	49.3	1.9851029423681126	0.09733523241113998	2.9641012647821485	0.23896008229443702	0.03653552113314568	0.04866761620556999	1.9000000000000001	0.082700159510598	3.106638633403886	0.25045116788607125	0.03253488570856771	0.041350079755299
15.299999999999999	49.3	1.9897291204293224	0.097308675228347	3.0017879480140817	0.24213182275012565	0.03701035991203136	0.0486543376141735	1.9000000000000001	0.09999999999999999	3.4214727553480704	0.27598466283749523	0.043351569463686554	0.049999999999999996
17.0	49.3	1.9786949939411351	0.04884256548959976	3.6849025045378734	0.28729506861341647	0.02204177251894669	0.02442128274479988	1.9000000000000001	0.0689731348400942	3.324334868713992	0.2591832519381499	0.028080625453621954	0.0344865674200471
18.7	49.3	1.9770961250518269	0.05819572976321513	4.353985981355714	0.3083388733465725	0.02818637831815654	0.029097864881607566	1.9000000000000001	0.09999999999999999	2.9320806888290787	0.20764294143944304	0.03261647696979649	0.049999999999999996
20.4	49.3	1.9805958946946804	0.08468513581181268	4.2597496901555045	0.2990160724166526	0.03977604498262129	0.04234256790590634	1.9000000000000141	0.09999999999989297	3.0134081640207273	0.21152826793464957	0.033226782628467864	0.04999999999994648
22.099999999999998	49.3	1.9772573001040117	0.05406762211168963	4.9503130305414125	0.33290486143924986	0.02827335095248817	0.027033811055844816	1.9000000000000001	0.09999999999999994	2.355115982047594	0.15837979433619137	0.02487823991818204	0.04999999999999997
23.8	49.3	1.9777811320772771	0.04678449306191484	7.1099839527326445	0.43482619005829165	0.031954902682750766	0.02339224653095742	1.900000000000001	0.09999999999999999	3.3435112432453935	0.2044795410204388	0.032119571193961166	0.049999999999999996
25.5	49.3	1.9767690101657747	0.047977896876832724	10.318509658636112	0.5029749486374083	0.03790595464481158	0.023988948438416362	1.9000000000000001	0.09999999999999999	3.0716376566483485	0.14972673803647366	0.023519021013067454	0.049999999999999996
27.2	49.3	1.9758075609234786	0.03576198340647087	33.14489377202959	0.7530743194930877	0.042303793388938374	0.017880991703235434	1.9000000000000004	0.09999999999999964	4.208908512952941	0.09562923737216766	0.015021405479839768	0.04999999999999982
28.9	49.3	1.9775285846033674	0.02784673983721964	631.9898941248908	0.7637300114850385	0.033406739562309634	0.01392336991860982	1.9599999999999997	0.03990488067119765	290.02762467812494	0.350484720065208	0.02196923742922134	0.019952440335598825
30.599999999999998	49.3	1.976787985526949	0.02757734585267507	598.8469013292446	0.7619970568117306	0.03300848840473067	0.013788672926337535	1.9596860576900774	0.041424954837518034	290.0861198365965	0.36911733040076566	0.02401852629353802	0.020712477418759017
32.3	49.3	1.9765345775804493	0.027296326376761736	705.124470579827	0.7634472961243246	0.032734306207557295	0.013648163188380868	1.9599999999999997	0.03910116736175391	323.44376392826643	0.35019670614502413	0.021509071208371467	0.019550583680876955
34.0	49.3	1.9764353952852107	0.027685904947946368	736.3445125383824	0.7664326058375693	0.03333132459161796	0.013842952473973184	1.9599999999999997	0.03917198074478969	341.3445901279302	0.35529241984630067	0.021861570175915175	0.019585990372394845
35.699999999999996	49.3	1.976031943492327	0.02723311280301844	780.81953263287	0.770358474553674	0.03295414334722875	0.01361655640150922	1.9599999999999997	0.03934816271183627	350.41282071873115	0.3457181522120749	0.021368130077212832	0.019674081355918135
37.4	49.3	1.9755247380622298	0.026374066818699096	721.9451165056975	0.7395034487571573	0.03063636132073877	0.013187033409349548	1.959946724688049	0.03932745971368078	371.3248033020734	0.3803557450184502	0.02349663942018316	0.01966372985684039
39.1	49.3	1.975066925148957	0.026123611004875504	668.2793366220011	0.6969350035374697	0.02859863880819282	0.013061805502437752	1.9599999999999997	0.039405436236785885	405.333607287876	0.42271422075828263	0.026165128692948174	0.019702718118392942
40.8	49.3	1.9741866199015425	0.02674355348856348	717.750836526087	0.7342609521743432	0.03084533013482957	0.01337177674428174	1.958256621357816	0.03933331002688367	375.2298951780364	0.38386114804296734	0.023716714746540583	0.019666655013441836
42.5	49.3	1.9738340330587516	0.026879198824136377	707.3609459266551	0.7291403650710723	0.030785579861211925	0.013439599412068189	1.9582451846960574	0.03878964002937239	373.20946948279027	0.3847004706630761	0.023440039759768463	0.019394820014686193
44.199999999999996	49.3	1.97424716996546	0.025641376265276836	626.6324407040604	0.673553428895962	0.027128967171187148	0.012820688132638418	1.9595611815574188	0.038497118590677094	421.1481487123173	0.4526828826794409	0.027374246567412202	0.019248559295338547
45.9	49.3	1.974639609146777	0.027346749525775087	608.4822354723008	0.717619173195877	0.03082617385774555	0.013673374762887543	1.9595332704657946	0.03901232767767245	337.803103317832	0.3983912258634527	0.024413582049915748	0.019506163838836226
47.6	49.3	1.9738345935809125	0.026681271573343112	711.932643853013	0.7261885259783531	0.03043517357781148	0.013340635786671556	1.9587364893666108	0.038334409194801806	382.7066918903964	0.3903700874872625	0.023506349190968584	0.019167204597400903
49.3	49.3	1.973962445743154	0.027124764987397177	712.6315078774693	0.7431889858722671	0.03166541074908316	0.013562382493698589	1.9582867370249717	0.0389781908318257	349.37195055289874	0.36435294083049313	0.022308164267363963	0.01948909541591285
51.0	49.3	1.974782456220421	0.026751111693365557	653.746613304541	0.7003096844634199	0.02942739670078857	0.013375555846682778	1.9598845835582426	0.038644246725404	387.2183352112818	0.4147979425538385	0.025179164595574482	0.019322123362702
52.699999999999996	49.3	1.9739885020347074	0.026744528039995417	772.5889521725243	0.7536518845971624	0.03166107123101759	0.013372264019997708	1.957998737039666	0.038921409050181995	364.40910676869095	0.35547700922762365	0.02173301346363934	0.019460704525090997
54.4	49.3	1.9741768404137428	0.02648122941841227	764.4513980132612	0.7350521820296608	0.030575684752048405	0.013240614709206134	1.9592324948015722	0.03834626077410367	373.24877012930125	0.35889439621205427	0.021617704483683005	0.019173130387051835
56.1	49.3	1.9739816315171557	0.02645008852207928	815.8515562818235	0.7481656693925179	0.031084564199157002	0.01322504426103964	1.9589363180461752	0.037953299147685915	395.0649930993436	0.36228902517852074	0.02159854963251862	0.018976649573842957
57.8	49.3	1.9736642325863354	0.026323650755279634	923.9995993685869	0.7608665431654803	0.03146114214954114	0.013161825377639817	1.9580101088950739	0.03835486292777929	440.44432503311134	0.36268343760516747	0.02185083489284092	0.019177431463889644
59.5	49.3	1.9736155728597993	0.02585597162247355	1020.0813700034886	0.7369294518426113	0.029929995613780336	0.012927985811236775	1.9584359476819744	0.03770821691075686	565.9779605944891	0.40887505695204446	0.024218458185184207	0.01885410845537843
61.199999999999996	49.3	1.9748795761655709	0.027239082116714046	747.8292009988593	0.7942756629678909	0.03398471261178128	0.013619541058357023	1.9599999999999997	0.034403839742025065	301.5289246526025	0.32025639840293746	0.017307112165298913	0.017201919871012532
62.9	49.3	1.9749309681436478	0.026087567219697898	1199.6736791673263	0.769673427111532	0.03153987378103907	0.013043783609848949	1.9599999999999997	0.03558886145599781	559.2726541514653	0.35881199019827975	0.02005861388883198	0.017794430727998904
64.6	49.3	1.9749815403208755	0.025722557193343713	1054.5128409937731	0.7594120889788936	0.030683968264808088	0.012861278596671856	1.9599999999999997	0.03603280718408401	536.4423752987003	0.38632135049059224	0.021865866153596255	0.018016403592042006
66.3	49.3	1.9750575421042722	0.026305213490955895	1076.036467769733	0.7749601806167223	0.03202145752133839	0.013152606745477947	1.9599999999999997	0.03587129988882652	489.86984761997377	0.3528036799506503	0.019879254705403818	0.01793564994441326
68.0	49.3	1.9751793232484836	0.02629692372887623	1018.9574076783158	0.7773656846650219	0.032110730778996954	0.013148461864438115	1.9599999999999997	0.03620173454386927	458.53972952733625	0.34982134493953615	0.01989278375722235	0.018100867271934634
69.7	49.3	1.9753028338337275	0.02648719931165695	975.4532679038599	0.7682826451966065	0.03196516419106716	0.013243599655828475	1.9599999999999997	0.03727280085045509	428.91794849069936	0.3378226583287377	0.01977883379246984	0.018636400425227545
71.39999999999999	49.3	1.9755588884126851	0.026069565039073834	963.804264086813	0.7718943795947673	0.031609057094322275	0.013034782519536917	1.9599999999999997	0.03713335119238846	436.7732087687157	0.3498042056553674	0.020403705604159612	0.01856667559619423
73.1	49.3	1.9753864105536703	0.026598330637065844	909.672610352808	0.7686228965744578	0.032113495096571354	0.013299165318532922	1.9599999999999997	0.03649726879589817	388.5063427015193	0.3282663092922802	0.018819433902156783	0.018248634397949087
74.8	49.3	1.9752949573847036	0.026793660027759614	832.9104258698321	0.7755757605515944	0.032641953888280964	0.013396830013879807	1.959709324245377	0.03810079276669706	361.533624224179	0.3366469032727207	0.020147840915217867	0.01905039638334853
76.5	49.3	1.9754852112631758	0.026828963120839752	802.992465836968	0.7587432486676596	0.03197559284246854	0.013414481560419876	1.9599999999999997	0.03838184952156746	360.1375481539549	0.3402920262380344	0.020516229484804843	0.01919092476078373
78.2	49.3	1.975489637016168	0.02662982706189885	753.9418119711181	0.7556467676632694	0.03160873038535936	0.013314913530949424	1.9598197350857216	0.03907329084219361	364.1247784886322	0.3649482062437722	0.02239912742871308	0.019536645421096805
79.89999999999999	49.3	1.9758107046655147	0.027123990519138347	706.4316631843101	0.7659003877228406	0.03263215463437372	0.013561995259569174	1.9599999999999946	0.03845323819597761	329.3271517730112	0.35705052077316085	0.021566638862358035	0.019226619097988805
81.6	49.3	1.9756666643012835	0.026641698882301838	711.0252083486183	0.7386894061419801	0.030913178603912246	0.013320849441150919	1.9599999999999984	0.039187831093835356	355.9070574480874	0.3697545035269187	0.02276064561505867	0.019593915546917678
83.3	49.3	1.9754634438014573	0.026957774644268944	693.8431295370028	0.7503483343474623	0.0317736303206776	0.013478887322134472	1.959490055049183	0.03949691398555532	332.1546400829787	0.359204653504827	0.022285634091960892	0.01974845699277766
85.0	49.3	1.9756898949977877	0.02674515914791065	679.1429740377602	0.7300879535310308	0.030671869390015438	0.013372579573955325	1.959999999999999	0.0393147824971381	334.940040507903	0.360065108641497	0.022236006554435625	0.01965739124856905
86.7	49.3	1.9758279487933095	0.026933900077080433	707.9732931755633	0.7464306446462599	0.031579742367418916	0.013466950038540216	1.9599999999999997	0.03931607513786966	363.09150587056456	0.38281476067676823	0.023641700349142095	0.01965803756893483
88.39999999999999	49.3	1.9757909165143321	0.02681299039971912	713.8253705987022	0.7313407219929612	0.030802423375563208	0.01340649519985956	1.9598774903011313	0.03988215404454159	352.8778632712695	0.3615365353065148	0.02264908571752448	0.019941077022270794
90.1	49.3	1.9758754556972258	0.02710356028104628	764.2693256370546	0.7372072849247399	0.03138599043550793	0.01355178014052314	1.9599999999999997	0.039850906549387	378.446146961337	0.3650457333990766	0.02285100783759421	0.0199254532746935
91.8	49.3	1.9762530010958475	0.026496655202143546	775.3681230834717	0.7437987160785448	0.030957533798291848	0.013248327601071773	1.9599999999999997	0.039544348208043374	397.6815068731168	0.3814897535948375	0.023696662134528347	0.019772174104021687
93.5	49.3	1.9763498361505596	0.026719231251268762	804.840780170735	0.7727823858814349	0.03243404017830461	0.013359615625634381	1.9599999999999997	0.039122437429539365	377.1280326817238	0.36210627997345024	0.022252655189171393	0.019561218714769683
95.2	49.3	1.976503558993695	0.02699220540300376	865.377099684878	0.7786595908294257	0.03301458818428149	0.01349610270150188	1.9599999999999997	0.03917101789533837	383.96426666712495	0.3454880639723595	0.02125777382967166	0.019585508947669184
96.89999999999999	49.3	1.976684982865062	0.02743286423062508	984.9377489232697	0.7921575303498597	0.034135210564599776	0.01371643211531254	1.9599999999999997	0.03847560852391774	414.54131025613435	0.33340383280007324	0.020150042314084085	0.01923780426195887
98.6	49.3	1.9771990575818654	0.027687910583773012	1166.8190155748803	0.826688905441503	0.03595441029004884	0.013843955291886506	1.9599999999999997	0.03716033110555152	446.45598182334754	0.3163131574090028	0.018463613875275772	0.01858016555277576
100.3	49.3	1.9769788770246348	0.02804675621846857	596.2460549681817	0.8684144155135635	0.038258641131946526	0.014023378109234284	1.9599999999999997	0.03401528996930743	143.05209515127996	0.2083510667511566	0.011132425128107784	0.017007644984653715
102.0	49.3	1.9774246252785252	0.02842254451140234	619.0278067146477	0.8952713734427029	0.03997031126888593	0.01421127225570117	1.9599999999999997	0.03250297690397998	125.73559032287693	0.18184558660848835	0.009284227663311844	0.01625148845198999
103.7	49.3	1.9777423093053947	0.028991362077116115	450.21104164633147	0.8877782868443695	0.040429001541042335	0.014495681038558058	1.9599999999999997	0.03255605943913662	90.40540770359442	0.17827185597018957	0.00911663349334301	0.01627802971956831
105.39999999999999	49.3	1.97813626598799	0.029286530683502756	300.8863702341372	0.904370177532749	0.0416038993810341	0.014643265341751378	1.9599999999999997	0.03459885733263056	55.37448115983198	0.16643834454293063	0.009045550872703796	0.01729942866631528
0.0	51.0	1.9799113726183188	0.060166665244139605	5.329350504405887	0.35824461145437675	0.03385754660545941	0.030083332622069803	1.9000000000000001	0.09999999999999999	3.1790105288281714	0.2136964702861819	0.03356736305745693	0.049999999999999996
1.7	51.0	1.982201865366065	0.09425847079552768	3.2147481689815463	0.22476536521257037	0.03327895320301559	0.04712923539776384	1.9000000000000048	0.09999999999999697	2.7965298287909874	0.19552481726591547	0.030712966475853407	0.04999999999999848
3.4	51.0	1.992075900366549	0.09999999999999928	3.0461673495955557	0.23689361301662376	0.03721116171676816	0.04999999999999964	1.9000000000000064	0.09999999999999999	2.5561133453049725	0.1987832105579165	0.031224793697287173	0.049999999999999996
5.1	51.0	1.9999999999999996	0.09999999999999999	2.41481117498199	0.18771508839584197	0.02948621713361679	0.049999999999999996	1.9000000000000001	0.0999999999999987	3.4479481297003183	0.2680258790651821	0.04210140663215557	0.04999999999999935
6.8	51.0	1.9980604262150028	0.09999999998224912	2.275843030052077	0.17921807303167842	0.02815150907634486	0.04999999999112456	1.9000000000000001	0.09999999999999999	3.122618405912501	0.24589993515857028	0.038625871490618545	0.049999999999999996
8.5	51.0	1.9999999999999998	0.09999999999999999	2.107692247006754	0.17019984904307855	0.026734929769791367	0.049999999999999996	1.9000000000000001	0.09999999999999999	3.763117871883206	0.30387837438573656	0.04773310342775194	0.049999999999999996
10.2	51.0	1.9961938066097762	0.09999999999999999	2.5852894419519554	0.15992055284523987	0.025120261698831192	0.049999999999999996	1.9000000000000001	0.09999999999999999	3.427181963470608	0.21199824878627252	0.03330060704804275	0.049999999999999996
11.9	51.0	1.9856927036537777	0.09999999999999988	2.9260933027404645	0.23598269665090454	0.037068075308639474	0.04999999999999994	1.9000000000000001	0.0659041524544167	3.5733769904295025	0.28818463770860886	0.029833450236608085	0.03295207622720835
13.6	51.0	1.9883728070928233	0.06894410021995627	2.9949146217938583	0.20925850888257883	0.022662097902842012	0.034472050109978135	1.9000000000000001	0.09999999999999497	3.5737255112416095	0.24970076482184428	0.039222904418000956	0.049999999999997484
15.299999999999999	51.0	1.9840057128833946	0.08473489946805773	3.326721730965115	0.25969922965222236	0.03456629698238021	0.04236744973402887	1.9000000000000001	0.06346927894856201	3.491431268490769	0.2725572152221115	0.027173221243255823	0.031734639474281005
17.0	51.0	1.9874317385778486	0.0714285913119579	3.267092645361695	0.23190585613602932	0.026019783455964916	0.03571429565597895	1.9000000000000006	0.0999999999999842	3.640930515244855	0.2584417400799405	0.04059593360079878	0.0499999999999921
18.7	51.0	1.9851023586824588	0.07793948932799738	3.1153549493630655	0.2349385869251085	0.028762841311519294	0.03896974466399869	1.9000000000000001	0.09999999999999999	3.6780399701974065	0.27737241094435	0.043569556426562954	0.049999999999999996
20.4	51.0	1.9796195442903741	0.08522799333702868	4.068380355879568	0.28450815272415997	0.03808876192224882	0.04261399666851434	1.9000000000000001	0.09999999999999999	2.6515654392291976	0.1854280865976771	0.029126975731223716	0.049999999999999996
22.099999999999998	51.0	1.9771674162408306	0.053059597873018845	5.444967602442215	0.38478226475313576	0.03206999393145226	0.026529798936509422	1.9000000000000001	0.09999999999999999	3.2958713670525293	0.23291099994436462	0.03658557431827343	0.049999999999999996
23.8	51.0	1.975561819111556	0.0495418527960848	6.618858111522379	0.39482808688772336	0.03072558504993655	0.0247709263980424	1.9000000000000001	0.09999999999999992	3.3570299369683565	0.20025353094223816	0.031455751083177566	0.04999999999999996
25.5	51.0	1.9757418369447985	0.05323838139344522	8.339852890970883	0.45218295168697586	0.03781454721708692	0.02661919069672261	1.9000000000000001	0.09999999999999999	3.2712261342036046	0.177364362218092	0.027860328867649845	0.049999999999999996
27.2	51.0	1.9758494547477288	0.04126836592665083	14.680629861730546	0.5695151385579684	0.03691836188400223	0.020634182963325413	1.9000000000000001	0.09999999999999999	3.5937094732240387	0.13941308839313052	0.021898956715506165	0.049999999999999996
28.9	51.0	1.9797392941129046	0.033643347710755785	140.76418065010046	0.8487000931198038	0.04485112397434922	0.016821673855377892	1.9599999999999997	0.04291079496369237	28.61029977080627	0.1724981736655422	0.011627087443805594	0.021455397481846186
30.599999999999998	51.0	1.9771983845806929	0.02743637573103207	625.0748183796084	0.7551276783054119	0.03254370600184051	0.013718187865516035	1.9599999999999997	0.0402370400028276	305.61425139254493	0.369200251434457	0.023335004551892465	0.0201185200014138
32.3	51.0	1.9768144847293756	0.027210844341885837	653.56279329652	0.7416844484397216	0.031701591677296824	0.013605422170942919	1.9599999999999997	0.03949317119866354	305.92426750694915	0.34717287143252923	0.02153712190877389	0.01974658559933177
34.0	51.0	1.9767898594551154	0.027238516918447055	728.273147050273	0.7768230212312482	0.033237275882517056	0.013619258459223528	1.9599999999999997	0.03899033301048645	320.0358452696678	0.3413708348737426	0.020907554413986652	0.019495166505243224
35.699999999999996	51.0	1.9765915011909094	0.027350582428010965	827.3728435603921	0.796602421908562	0.03422378812039672	0.013675291214005483	1.9599999999999997	0.03734886240501006	341.8172384220834	0.32910487949469747	0.019307745996251752	0.01867443120250503
37.4	51.0	1.9760215277651467	0.02709528676366465	791.8581096422265	0.767093227681987	0.032648390578902085	0.013547643381832324	1.9599999999999997	0.03860063754233688	376.93471580308875	0.36514631125192804	0.02214018637551628	0.01930031877116844
39.1	51.0	1.9752860654501787	0.02679788000894508	759.0852271970039	0.750750675825228	0.03160210756976386	0.01339894000447254	1.9591741314629791	0.03944117751946547	368.44991816485725	0.3644044372875504	0.022576333195696848	0.019720588759732736
40.8	51.0	1.9750770385346217	0.026332224950623113	696.7529015180297	0.7115929412485366	0.029433307313950132	0.013166112475311556	1.9599999999999975	0.038055783975582194	409.10960797815676	0.4178231746146221	0.02497658596746362	0.019027891987791097
42.5	51.0	1.9743824630090758	0.026533555295933566	694.971081392578	0.7334401138483122	0.03056891202840844	0.013266777647966783	1.9590133626263686	0.03858328962105037	389.34972822241843	0.41090157078485556	0.024903301781495128	0.019291644810525185
44.199999999999996	51.0	1.9743418828333286	0.026351121713487385	677.495710878995	0.6936639142414271	0.028712306820837814	0.013175560856743693	1.9592094404107967	0.038693223749437164	411.2099364870511	0.4210233209425032	0.025589449571090554	0.019346611874718582
45.9	51.0	1.9752937208335695	0.02754615505180662	638.279833144131	0.7314998547666715	0.031651559210671566	0.01377307752590331	1.9599999999999997	0.037709098233524765	325.849106328193	0.3734389864407618	0.02212002836724917	0.018854549116762383
47.6	51.0	1.9746679775637108	0.025775671708351502	670.5189639810691	0.681943092434468	0.027610737267864276	0.012887835854175751	1.9599999999999997	0.03792240062320525	439.0528822707658	0.4465333515704199	0.026599262832978157	0.018961200311602627
49.3	51.0	1.9742494537818527	0.026598188173895622	702.1429745196574	0.7409712902005376	0.03095802968059328	0.013299094086947811	1.9590937044243146	0.038633359643495124	367.52297531401047	0.38784689597309163	0.023536542955643693	0.019316679821747562
51.0	51.0	1.9742953158805965	0.02657722355102522	736.4659615007408	0.731334168571168	0.030531303821013517	0.01328861177551261	1.9591103475225031	0.03873149702913508	395.0177911182346	0.392265254526611	0.023865140857670327	0.01936574851456754
52.699999999999996	51.0	1.9743924035818132	0.026530459543086544	746.2847614906038	0.7246889081786771	0.0302006481643752	0.013265229771543272	1.959747873606592	0.038204072908006904	400.17112428542794	0.3885910447424991	0.02331966622640356	0.019102036454003452
54.4	51.0	1.9744475195456992	0.026083293308386716	763.128808770272	0.7270830793278846	0.029789714427411906	0.013041646654193358	1.9597778424017336	0.03794949313335014	400.40096862856495	0.3814883750823818	0.02274087469322682	0.01897474656667507
56.1	51.0	1.9745029816127984	0.025644709807322252	830.1343267597116	0.7189840602315138	0.02896255878474566	0.012822354903661126	1.9599999999999969	0.03668184492257203	469.2317820628907	0.40640431431635066	0.02341689762191203	0.018340922461286015
57.8	51.0	1.9738807826634253	0.025619745384006343	999.3509021002327	0.7381353987744788	0.029705079540955727	0.012809872692003172	1.9590921675825517	0.037261709878821	553.0735741130171	0.4085083450883724	0.02391022098033624	0.0186308549394105
59.5	51.0	1.974546528841543	0.02689529387029684	719.8661150909214	0.7980607223018219	0.03371569433482125	0.01344764693514842	1.9599999999999997	0.03472194216847452	264.9037166941281	0.29367857029727173	0.0160175520406149	0.01736097108423726
61.199999999999996	51.0	1.9748220003018013	0.025985347537412266	1157.8969334621831	0.7441601502554611	0.030374897179153027	0.012992673768706133	1.9599999999999997	0.03772374517978307	604.6859443040281	0.3886211027653157	0.023028256564642642	0.018861872589891537
62.9	51.0	1.974776686379404	0.026187129407367175	1081.3204376227502	0.7454328026968988	0.030663114964404378	0.013093564703683587	1.9599999999999997	0.03647589326804631	520.3774727962615	0.3587340297198552	0.02055409641301918	0.018237946634023155
64.6	51.0	1.9749418555915392	0.026304913544812313	1069.4001559044677	0.7825254758531606	0.03233368783438483	0.013152456772406156	1.9599999999999997	0.036626127551175995	465.39374673752286	0.3405483542471063	0.019592491470396472	0.018313063775587998
66.3	51.0	1.9752615447696396	0.026434877277025443	1041.8968265597975	0.7909828233867154	0.03284461898929184	0.013217438638512722	1.9599999999999997	0.03577693934472004	443.1286598480781	0.33641254062317427	0.018905807804111132	0.01788846967236002
68.0	51.0	1.9753410551509787	0.026405334161447993	1027.8919063307976	0.7878887128661838	0.03267957680279576	0.013202667080723996	1.9599999999999997	0.036350878619668334	429.0234285481073	0.32885045093391607	0.01877730372945406	0.018175439309834167
69.7	51.0	1.9756496639631738	0.026696668083984985	928.3159056422396	0.7898452041271837	0.03312218088026285	0.013348334041992493	1.9599999999999997	0.03665674819474476	384.187194945227	0.3268805495739377	0.018821875341586223	0.01832837409737238
71.39999999999999	51.0	1.9755771363977142	0.026549898026445095	905.2980739981627	0.789443484335088	0.032923331816712864	0.013274949013222547	1.9599999999999997	0.037075730087965796	379.7198474594518	0.33112559063081154	0.019284231430307667	0.018537865043982898
73.1	51.0	1.975446363395183	0.026725747945134146	881.7120070517134	0.7805278014872135	0.03276710870782126	0.013362873972567073	1.9599999999999997	0.03817477122104263	386.32937446215226	0.3419946818090552	0.020507639416099892	0.019087385610521316
74.8	51.0	1.9755853913361294	0.026503666696415934	830.2762298324195	0.7534443159474169	0.031367290007212355	0.013251833348207967	1.9599999999999997	0.038170543250731326	398.0754530727343	0.36123843687104096	0.0216591880694072	0.019085271625365663
76.5	51.0	1.9755475095674144	0.02666310836858916	822.5661714299887	0.7680889559225443	0.03216934182285255	0.01333155418429458	1.9599999999999997	0.037992554070697404	386.3290034110382	0.3607430638154288	0.021528628158478245	0.018996277035348702
78.2	51.0	1.975451169151651	0.02664085845939128	790.0138436370329	0.7519037419877723	0.0314651885392854	0.01332042922969564	1.9599999999999997	0.039141988353483835	384.207277414094	0.3656731991639867	0.02248308444713775	0.019570994176741918
79.89999999999999	51.0	1.9755269121283698	0.026803056561433745	747.3537586430684	0.7438213788807044	0.03131647390655	0.013401528280716873	1.9599999999999997	0.03918503607727886	356.8981209671976	0.3552112361617753	0.02186385925823435	0.01959251803863943
81.6	51.0	1.9757142256133566	0.026566805892349186	757.9730508472346	0.7376028059723843	0.030780933019161606	0.013283402946174593	1.9599999999999997	0.039214523733257844	390.1278418747862	0.37964330068614704	0.023385279363163203	0.019607261866628922
83.3	51.0	1.9756845554364213	0.026562529204193226	752.8976363431674	0.7447243052745253	0.031073117685866018	0.013281264602096613	1.9599999999999997	0.03916203873222038	389.2974633243497	0.3850713150429089	0.023687887823990186	0.01958101936611019
85.0	51.0	1.9758573558532204	0.026639790939825436	749.1914638398256	0.7539850026478584	0.03155101948468089	0.013319895469912718	1.9599892619257409	0.03968104466879312	379.93271648158964	0.3823636334217821	0.0238330461542297	0.01984052233439656
86.7	51.0	1.975805919212394	0.026699532266662513	758.4228541913583	0.7481739577945362	0.03137806206194586	0.013349766133331257	1.9599610862058294	0.03914016497554704	373.6853365073509	0.3686355647636461	0.022664166975279145	0.01957008248777352
88.39999999999999	51.0	1.9758373352991432	0.02681991280888662	746.9868959010698	0.7539242041957689	0.03176178670329566	0.01340995640444331	1.9599999999999997	0.03931108230173931	360.46146540069935	0.3638090908109513	0.02246510355435914	0.019655541150869656
90.1	51.0	1.9762253722826124	0.027166259780829694	731.2675671609729	0.749369196652549	0.031977577749910724	0.013583129890414847	1.9599999999999989	0.03975075566862807	355.57449387301983	0.36437630327054676	0.02275178062547246	0.019875377834314034
91.8	51.0	1.9761800844101374	0.026875283637448046	780.1222095886836	0.7623595212344622	0.0321834621797691	0.013437641818724023	1.9599999999999997	0.03904018327899093	367.3861666446928	0.35902111062712033	0.0220166739524652	0.019520091639495463
93.5	51.0	1.9762441417567087	0.026862299224042673	804.2146668487796	0.7694622499850738	0.03246761426186067	0.013431149612021336	1.9599999999999997	0.03944844243086014	372.674906270151	0.3565705572309932	0.022095061620776714	0.01972422121543007
95.2	51.0	1.9763173122294575	0.027240462081470535	820.2513262935897	0.7660688791744134	0.032779488103765825	0.013620231040735268	1.9599999999999997	0.03989824821614987	365.6883686029851	0.3415324909362452	0.021404531698060992	0.019949124108074937
96.89999999999999	51.0	1.9767331508970594	0.027105613280402254	941.4759445388343	0.7899875403504133	0.033635613743882666	0.013552806640201127	1.9599999999999997	0.03891606303229675	408.5011441707559	0.3427711732686482	0.020953330643451912	0.019458031516148375
98.6	51.0	1.9769591640497912	0.027420888212053712	1089.8305391152544	0.8053279091296376	0.034687591445934904	0.013710444106026856	1.9599999999999997	0.0378340884152277	429.33724310243593	0.3172578230188522	0.01885452046498384	0.01891704420761385
100.3	51.0	1.9779327922105336	0.029067319185905827	983.3756377319577	0.867273710360705	0.03959871002254028	0.014533659592952913	1.9599999999999997	0.03432150732256082	279.10194621471334	0.2461498649903578	0.013270455553548138	0.01716075366128041
102.0	51.0	1.977265428427486	0.02807852126683876	617.3532328467544	0.8844376363384969	0.03900868628187097	0.01403926063341938	1.9599999999999997	0.033052366218042445	145.2554198314245	0.20809700726545163	0.010804091848163591	0.016526183109021222
103.7	51.0	1.9778028391157227	0.028567070280537895	568.9689432360354	0.8740958192975722	0.039223344585942774	0.014283535140268947	1.9599999999999997	0.0308239447518425	114.33744530946441	0.17565437291839495	0.008504857877913849	0.01541197237592125
105.39999999999999	51.0	1.978038900175856	0.02854678030004742	407.26301407162293	0.9033335157640361	0.040506538645953195	0.01427339015002371	1.9599999999999997	0.032765807670246276	81.32287795464214	0.1803789657213931	0.00928381862317112	0.016382903835123138
0.0	52.699999999999996	1.974973254126042	0.05246177908894031	6.016158544886573	0.43123395321428276	0.035536597151298546	0.026230889544470153	1.9000000000000203	0.09999999999999999	3.4546759895260992	0.2476287107333691	0.03889742692289321	0.049999999999999996
1.7	52.699999999999996	1.9801297478402213	0.05424479082719326	4.772732470795194	0.3654344103357721	0.03113775916195862	0.02712239541359663	1.9000000000000006	0.0999999999999816	3.534570354278895	0.27063189506429725	0.042510758668046184	0.0499999999999908
3.4	52.699999999999996	1.9802477620290828	0.07367295881556189	2.8406963253392044	0.19831365622600963	0.02294989012572854	0.036836479407780946	1.9000000000000001	0.09999999999999999	2.568943509447532	0.1793421477164698	0.028170998687253854	0.049999999999999996
5.1	52.699999999999996	1.9975663350279764	0.09999999999999999	2.434188295641243	0.16845318247070415	0.026460564026189255	0.049999999999999996	1.9000000000000001	0.09999999999999999	3.582596270399375	0.24792648306505352	0.03894420089137632	0.049999999999999996
6.8	52.699999999999996	1.994580048425903	0.09999999999998177	3.0906518270776466	0.24060732206635968	0.037794509770172555	0.049999999999990885	1.9000000000000161	0.09999999999999999	3.1830939398560263	0.24780394285906585	0.038924952320831305	0.049999999999999996
8.5	52.699999999999996	1.9999999999999998	0.09999999999999999	2.311968933557802	0.161859772468234	0.025424873604895967	0.049999999999999996	1.9000000000000001	0.09999999999999999	3.3490908496390497	0.23446815181198383	0.03683017116166524	0.049999999999999996
10.2	52.699999999999996	1.9973034171400972	0.09999999999999999	3.0185082750878798	0.20982140507499145	0.032958669237474064	0.049999999999999996	1.9000000000000001	0.07199731935219986	3.2573671516909735	0.22642487292602326	0.025607096406555646	0.03599865967609993
11.9	52.699999999999996	1.9874007296489242	0.09999999999999835	2.8306182945713907	0.19359584714655415	0.03040996455805485	0.04999999999999918	1.9000000000000001	0.09999999999999999	3.1725436776038753	0.2169813153730665	0.03408334531711379	0.049999999999999996
13.6	52.699999999999996	1.984403452956941	0.08792787631536306	2.660881715460017	0.17360383503006918	0.023977603582162846	0.04396393815768153	1.9000000000000001	0.09999999999999999	3.3524910774515284	0.21872648625008728	0.034357476117439154	0.049999999999999996
15.299999999999999	52.699999999999996	1.9948184324162486	0.09120167606689021	2.746413676256577	0.1903764658973807	0.027273191200079736	0.045600838033445106	1.9000000000000024	0.09999999999999996	3.252726686340368	0.2254731748640353	0.03541724348672099	0.04999999999999998
17.0	52.699999999999996	1.9979547165375153	0.09999999999998843	2.2390901648064196	0.1818206338519222	0.028560318379008617	0.049999999999994216	1.9000000000000001	0.09999999999999999	3.4294457334692914	0.27848096821686735	0.043743688195734154	0.049999999999999996
18.7	52.699999999999996	1.9823365631257885	0.0681489899442258	3.9175886147420607	0.21317333551624473	0.022819818247940774	0.0340744949721129	1.9000000000000001	0.06688357864039407	3.428779087212413	0.18657504568471392	0.019601663790585935	0.033441789320197035
20.4	52.699999999999996	1.9782379988562817	0.07345577998515235	4.0420036160415584	0.3161402595504593	0.03647754964258168	0.036727889992576174	1.9000000000000001	0.05693230451695805	3.0794225293057504	0.24085318326203156	0.021539272527393714	0.028466152258479024
22.099999999999998	52.699999999999996	1.9824562930482441	0.080249695775264	4.69317710500067	0.36405406445881006	0.045891172700962095	0.040124847887632	1.9000000000000001	0.06574790922900206	2.7484587471065667	0.21320047283435545	0.022018614475894552	0.03287395461450103
23.8	52.699999999999996	1.9767502309611307	0.04397362521023692	5.458939639001929	0.3728022242453614	0.02575079505548676	0.02198681260511846	1.9000000000000015	0.09999999999999996	3.7308138357397715	0.254784956087818	0.04002152731453434	0.04999999999999998
25.5	52.699999999999996	1.9776024504775334	0.03980952103407508	7.716651036989298	0.4670457683637492	0.02920560929235009	0.01990476051703754	1.9000000000000006	0.09999999999999942	3.549497665263485	0.21483125988616833	0.03374561539099111	0.04999999999999971
27.2	52.699999999999996	1.9755149664963696	0.04415068298333543	9.824007539560025	0.5360396977240309	0.03717528073732479	0.022075341491667715	1.9000000000000001	0.09999999999999999	3.2586318181914087	0.17780483247628512	0.02792951777401306	0.049999999999999996
28.9	52.699999999999996	1.975217063880306	0.03693335087863188	25.467620055765934	0.7687547554335227	0.04459913178073477	0.01846667543931594	1.9000000000000001	0.09999999999999999	3.6534649510730963	0.1102819403146886	0.01732304667581269	0.049999999999999996
30.599999999999998	52.699999999999996	1.9783739102802103	0.02890174610968516	592.0163593490907	0.7936838489391035	0.036032259896808375	0.01445087305484258	1.9599999999999997	0.03942050089083446	239.67389394458408	0.3213176386634123	0.01989649522518802	0.01971025044541723
32.3	52.699999999999996	1.9772107922783615	0.027487675588202785	633.5611599513029	0.7788719840131353	0.033629776124721504	0.013743837794101392	1.9599999999999997	0.04010555729580821	296.15045284331205	0.36407422890347046	0.0229358252460694	0.020052778647904106
34.0	52.699999999999996	1.977023240250956	0.027694416713262768	660.7646551917202	0.7653261762231377	0.03329343976714173	0.013847208356631384	1.9599999999999997	0.04001160378952986	298.0506336600072	0.3452151230966066	0.02169679819419725	0.02000580189476493
35.699999999999996	52.699999999999996	1.976816648632611	0.027449757176246186	757.3974179181408	0.7838549628940314	0.03379824084447855	0.013724878588123093	1.9599999999999997	0.039055989144948816	326.3586501449695	0.3377590701361223	0.020721182642168514	0.019527994572474408
37.4	52.699999999999996	1.9763209133625315	0.02753651242287081	802.212136593764	0.7810579746133663	0.03378407890307384	0.013768256211435405	1.9599999999999997	0.03951395315218365	324.37646218445946	0.31582272445018084	0.019602602495220493	0.019756976576091826
39.1	52.699999999999996	1.9759321982607565	0.02688090273249602	795.5347013105107	0.7576380915968123	0.03199083146743452	0.01344045136624801	1.9599999999999997	0.03834586704480441	370.9097241092535	0.3532408266615008	0.021276947970974583	0.019172933522402204
40.8	52.699999999999996	1.9751521994653956	0.027111058378999114	729.3002921850101	0.7454758067855652	0.031746796117770266	0.013555529189499557	1.959379184140338	0.03928776770717919	354.60610174852184	0.3624710871842113	0.022369207636924425	0.019643883853589596
42.5	52.699999999999996	1.9750214073852188	0.02651099194361965	708.8673044874902	0.7372245308763147	0.03070051300168512	0.013255495971809824	1.9596344194774622	0.038844013722561334	378.44933490360177	0.3935886612607689	0.02401521916637912	0.019422006861280667
44.199999999999996	52.699999999999996	1.9753268472555576	0.026431036660150217	680.2513353618134	0.7290098777956933	0.030266868297178905	0.013215518330075109	1.9599999999999997	0.037571204469252675	375.7218423312155	0.4026525493218871	0.02376322872344522	0.018785602234626338
45.9	52.699999999999996	1.975712585443169	0.028268059250318726	619.8635862329389	0.7773617562673812	0.034517476740276574	0.014134029625159363	1.9599999999999997	0.037279091495939116	266.2881117730668	0.33394798281189314	0.019555279220797923	0.018639545747969558
47.6	52.699999999999996	1.9745471060921642	0.026255792492715372	737.6144958803507	0.723902542813979	0.029855552362735117	0.013127896246357686	1.9596601220279666	0.038276940570365944	411.52297614155094	0.4038729316181556	0.02428297214840767	0.019138470285182972
49.3	52.699999999999996	1.9746525782296533	0.026201147571394343	739.02570780776	0.7162839545614524	0.029479859739025335	0.013100573785697171	1.9596559023837654	0.03818399129103083	406.945373316731	0.3944226002021819	0.023657180918361283	0.019091995645515416
51.0	52.699999999999996	1.9744768952044345	0.026594974353582074	760.0705335757665	0.7319196804181975	0.03057615546122989	0.013297487176791037	1.9595305435021801	0.03828470387393678	411.61991729011334	0.39637468499061707	0.023836971606387244	0.01914235193696839
52.699999999999996	52.699999999999996	1.9746445048707257	0.026023536286398006	745.8365985854085	0.7180614184289349	0.029352681442571204	0.013011768143199003	1.9599999999999997	0.03840598331038319	394.0693707098091	0.379394108344872	0.022888079235995888	0.019202991655191595
54.4	52.699999999999996	1.9745377851323163	0.025639415742325797	826.6327953161091	0.7221901064390696	0.029085701053743678	0.012819707871162898	1.9599229812859298	0.037324019021226715	452.85852136296387	0.395641142715482	0.02319581982409144	0.018662009510613357
56.1	52.699999999999996	1.9744402861450172	0.025637954317223696	929.8397666258156	0.726474383544338	0.029256579620007172	0.012818977158611848	1.9599999999994444	0.03655246655002067	509.0201779175833	0.3976923048862416	0.022834092346037876	0.018276233275010333
57.8	52.699999999999996	1.972327435027162	0.02698606589799	754.5079242558339	0.783385709479037	0.033207417201202655	0.013493032948995	1.9533593643711982	0.04214666312531936	354.8137040474484	0.3683937256884897	0.024389073239637172	0.02107333156265968
59.5	52.699999999999996	1.9749843365537754	0.02682748675621789	902.814856200905	0.7677583626626704	0.03235373483564329	0.013413743378108946	1.9599999999999997	0.03578555691381295	416.89911940274095	0.35453313944684367	0.019928953498136556	0.017892778456906476
61.199999999999996	52.699999999999996	1.9746826012739311	0.025796092503259805	1039.955457639574	0.7399383620862788	0.029982603845466412	0.012898046251629902	1.959999999999998	0.03676774149290341	542.2489950583581	0.3858154022837679	0.022282627073290835	0.018383870746451706
62.9	52.699999999999996	1.974905361176143	0.02608892259100015	1018.5812013747743	0.7593321255979586	0.031117721920434556	0.013044461295500074	1.9599999999999997	0.03666867937255397	496.9237072306457	0.3704467884957852	0.021337374523298723	0.018334339686276985
64.6	52.699999999999996	1.9751767863539478	0.026167636768376978	1075.6762565139036	0.7770411771462181	0.03193952208241175	0.013083818384188489	1.9599999999999997	0.035508608141001936	465.75404502627265	0.33644887968497217	0.018766038924274468	0.017754304070500968
66.3	52.699999999999996	1.9753341210111899	0.026521738709010884	1051.9359731158918	0.7934752585807269	0.03305637743841857	0.013260869354505442	1.9599999999999997	0.03591673786105609	423.65709432928895	0.31956452775045185	0.01802915314775675	0.017958368930528046
68.0	52.699999999999996	1.9756716063168642	0.02659900574464664	970.3451188474337	0.7862321434973966	0.032850053060303044	0.01329950287232332	1.9599999999999997	0.036223461873482285	393.31422988082176	0.31868691254358456	0.01813318361628721	0.018111730936741142
69.7	52.699999999999996	1.9756572876236551	0.026316685177628557	970.6280611216262	0.7867936950616429	0.032524597682028804	0.013158342588814279	1.9599999999999997	0.03667817557108506	410.5385913661879	0.3327836770896011	0.01917297995645042	0.01833908778554253
71.39999999999999	52.699999999999996	1.9756649949267362	0.026514966600697132	909.0958888330334	0.7891290130104073	0.03286691732146009	0.013257483300348566	1.9599999999999997	0.036717464255502236	397.69813608738866	0.34521676036790366	0.019910603800552422	0.018358732127751118
73.1	52.699999999999996	1.9756581431652844	0.026624724422315903	876.513565082148	0.778014144242626	0.03253812257524959	0.013312362211157952	1.9599999999999997	0.03808187330938562	384.31515129373145	0.34112720608635977	0.020405842872666266	0.01904093665469281
74.8	52.699999999999996	1.9757179237388176	0.02668318242055739	851.9766441514862	0.7851020855260895	0.032906647069637085	0.013341591210278695	1.9599999999999997	0.038209371602183774	383.0558488876276	0.35298848612705647	0.02118606556557497	0.019104685801091887
76.5	52.699999999999996	1.975689030290395	0.026696128473945854	849.2086934203437	0.7843708487795706	0.03289194878814871	0.013348064236972927	1.9599999999999997	0.038161491241133355	379.831647475579	0.3508311608584686	0.02103019864184612	0.019080745620566678
78.2	52.699999999999996	1.9759073972505472	0.02645779852872285	826.739206813039	0.7544887994094356	0.031356413220899465	0.013228899264361426	1.9599999999999997	0.03881710420687277	388.8541908653519	0.3548714385305232	0.021637847593474514	0.019408552103436384
79.89999999999999	52.699999999999996	1.9759580731189965	0.02748341616317963	776.3584102863745	0.7870537229102704	0.03397777755013432	0.013741708081589815	1.9599999999999997	0.037381030271435474	318.72554589719186	0.32311639078201115	0.018972743400821213	0.018690515135717737
81.6	52.699999999999996	1.9758397136598465	0.026808909011517574	827.1756104356845	0.7674448494362679	0.032318127763105615	0.013404454505758787	1.9599999999999997	0.038753687608227755	381.09734632930673	0.35357811797691613	0.021523767441628833	0.019376843804113877
83.3	52.699999999999996	1.9758245763226823	0.026719639307900594	799.2822463397845	0.7734685821678948	0.03246333593230985	0.013359819653950297	1.9599999999999997	0.039622518315846476	364.37368524750616	0.35260585231098623	0.021945802577743128	0.019811259157923238
85.0	52.699999999999996	1.975924042490373	0.027048120377381638	786.0401638477559	0.759490626290439	0.0322685451772859	0.013524060188690819	1.9599999999999993	0.03904135644347386	357.3115747016502	0.3452429075921119	0.021172373212282793	0.01952067822173693
86.7	52.699999999999996	1.9760047856100598	0.026898169932127215	805.2666835592702	0.7761980111897729	0.03279556638386445	0.013449084966063608	1.9599999999999997	0.03892140669443248	362.42300192856567	0.349340186362838	0.021357821510272094	0.01946070334721624
88.39999999999999	52.699999999999996	1.9760413120295819	0.02673155307385403	794.4307464891317	0.7761048383582924	0.03258850663763341	0.013365776536927014	1.9599999999999997	0.0392061949714814	357.162102692316	0.3489230964470481	0.02148841041879742	0.0196030974857407
90.1	52.699999999999996	1.9762384721340183	0.02709590255297751	760.4740520105764	0.7646134369366879	0.032543587361234666	0.013547951276488755	1.9599999999999997	0.03940788871208645	345.7667744211496	0.3476488396542829	0.021520077412976717	0.019703944356043224
91.8	52.699999999999996	1.9762100256222022	0.026883338683485594	804.5411533468897	0.7724365698301761	0.03261864431421475	0.013441669341742797	1.9599999999999997	0.03938111895273134	365.5440526264717	0.3509573039961943	0.021710119502891884	0.01969055947636567
93.5	52.699999999999996	1.9762979470197515	0.02672032007015178	804.9541347593205	0.760081666953872	0.031902285009041915	0.01336016003507589	1.9599999999999986	0.038696094383323124	378.92680982586717	0.35780339379469606	0.021748608035627438	0.019348047191661562
95.2	52.699999999999996	1.9763831843330129	0.027431046346518217	797.8872215939128	0.7618088047102918	0.03282526483818932	0.013715523173259109	1.9599999999999997	0.04030828708035912	355.1062837669444	0.3390492869922075	0.021467281708275304	0.02015414354017956
96.89999999999999	52.699999999999996	1.9767773868508614	0.027014106295113045	912.9764625779602	0.7792613260344866	0.0330669093340877	0.013507053147556522	1.9599999999999997	0.038704343191305314	403.1863068299915	0.3441353736679249	0.02092227446404354	0.019352171595652657
98.6	52.699999999999996	1.9769668133266434	0.02732966850594583	1031.42459835957	0.8001688621429737	0.034350723462168324	0.013664834252972914	1.9599999999999997	0.03793387689918893	418.5033848375969	0.32467072996036994	0.019345958196182556	0.018966938449594465
100.3	52.699999999999996	1.9773811300253947	0.02754747344216685	1224.483436191347	0.8228535569747305	0.03560608308355491	0.013773736721083426	1.9599999999999997	0.03719448608433501	463.14367586090054	0.31123281034970257	0.01818376515465259	0.018597243042167505
102.0	52.699999999999996	1.9773669825592757	0.02793986373900604	618.5251934540399	0.8730006831886021	0.03831411022883714	0.01396993186950302	1.9599999999999997	0.03341568233781428	147.10917212266872	0.2076332688232566	0.010898510625827453	0.01670784116890714
103.7	52.699999999999996	1.9777025583294385	0.02833521729712882	616.9702545238732	0.8991689854411904	0.04002098221763056	0.01416760864856441	1.9599999999999997	0.032041584884522765	121.4921197724205	0.1770619333328652	0.008911669434336935	0.016020792442261383
105.39999999999999	52.699999999999996	1.9778314714844203	0.028963326009953983	469.58341112626067	0.9043049395664283	0.04114179281562	0.014481663004976992	1.9599999999999997	0.031415486618865916	83.93017429097844	0.16162937061163693	0.007975978048532522	0.015707743309432958
0.0	54.4	1.9734089469339593	0.05200091824223362	8.853796233526698	0.40378030302910917	0.03298192647638579	0.02600045912111681	1.9000000000000001	0.09999999999999999	3.0698809476030564	0.14000293507914888	0.02199160961628314	0.049999999999999996
1.7	54.4	1.978957683527868	0.06542527716388717	4.936816912836233	0.333044253756035	0.03422688637016979	0.032712638581943586	1.9000000000000055	0.09999999999999837	3.032608663069822	0.20458382535922898	0.03213595213959203	0.049999999999999184
3.4	54.4	1.9828781350313194	0.07619847920830379	3.649690430206833	0.25331859830960385	0.030320283447347655	0.038099239604151895	1.9000000000000001	0.09999999999999999	3.163754402820663	0.21959063269729143	0.03449321592394727	0.049999999999999996
5.1	54.4	1.9921031745073396	0.09999999999999999	2.537698670030395	0.18382077849192388	0.028874500364369234	0.049999999999999996	1.900000000000005	0.09999999999999999	3.334335163771241	0.24152595136525204	0.037938807723018074	0.049999999999999996
6.8	54.4	1.9980976571560876	0.09999999999999996	2.7391619948502703	0.202001939964444	0.03173039053015917	0.04999999999999998	1.9000000000000057	0.09999999999999999	2.761591492193118	0.20365602321479598	0.03199021331954577	0.049999999999999996
8.5	54.4	1.99420551328594	0.09625111768881903	2.8359977905650013	0.22843022157140352	0.034536571269824096	0.04812555884440951	1.9000000000000001	0.08564539066003504	3.2280116463982043	0.2600056382536565	0.03497893943700599	0.04282269533001752
10.2	54.4	1.9999999999999998	0.09999999999999999	2.2322061087655936	0.15753221498694966	0.024745102465336448	0.049999999999999996	1.9000000000000001	0.09999999999999999	3.0124384765668544	0.21259511111539678	0.033394361963461815	0.049999999999999996
11.9	54.4	1.9863005464181032	0.07392656802949402	2.5785285159647136	0.20876088677343632	0.024242061852020217	0.03696328401474701	1.9000000000000001	0.07955956180205347	2.743633362036639	0.22212798116978097	0.02775974861748182	0.03977978090102673
13.6	54.4	1.9803126103609194	0.0617370245876539	2.518142305831861	0.16626650615194238	0.01612390915888633	0.03086851229382695	1.9000000000000004	0.09999999999999935	3.3169576643867273	0.21901024443068645	0.03440204874821725	0.04999999999999968
15.299999999999999	54.4	1.9869060797308111	0.0999999978490698	1.9820200551965987	0.13894438179088872	0.021825331985143904	0.0499999989245349	1.9000000000000001	0.09999999999999999	2.5875996988680443	0.18139697403104624	0.028493770049967667	0.049999999999999996
17.0	54.4	1.987094333259102	0.07536368306786595	3.164423792997841	0.24577837696814495	0.029095489192671194	0.037681841533932975	1.9000000000000001	0.09999999999779956	3.12429788423048	0.24266182830831107	0.038117230855164136	0.04999999999889978
18.7	54.4	1.980581140324796	0.08078123648765168	3.664851479841343	0.28362731661962515	0.03598971683364375	0.04039061824382584	1.9000000000000001	0.053947094093431465	2.9888642370087	0.23131184113355668	0.01960134164879781	0.026973547046715732
20.4	54.4	1.9831843425617173	0.06680536331023063	3.9520682082449428	0.2717356282638683	0.028515289908431888	0.03340268165511531	1.9000000000000001	0.09999999999999999	3.6135282057315785	0.24845835281515496	0.03902774679635559	0.049999999999999996
22.099999999999998	54.4	1.9807061931786707	0.061793616996518023	3.7432243633570974	0.25919541263141066	0.025158851092284197	0.030896808498259012	1.9000000000000001	0.09999999999999999	3.376982307276164	0.23383538832238482	0.036730776905146034	0.049999999999999996
23.8	54.4	1.9744052703737713	0.0652878514205478	4.906879766099379	0.37823439749053717	0.03878941908082041	0.0326439257102739	1.9000000000000001	0.09999999999999999	2.582979828675494	0.19910245732511797	0.031274940862213295	0.049999999999999996
25.5	54.4	1.9761470152788017	0.03754722708482745	6.623828416628178	0.4041470243268544	0.02383620609461049	0.018773613542413727	1.9000000000000001	0.09999999999999999	3.448152192415223	0.21038595210171757	0.0330473480770625	0.049999999999999996
27.2	54.4	1.9751899467666076	0.03990235591440275	8.817179197070665	0.5352384760253216	0.033547930957308236	0.019951177957201374	1.9000000000000579	0.09999999999997673	3.049117940015079	0.1850938041474013	0.029074466766716427	0.049999999999988366
28.9	54.4	1.9761133750012359	0.04037048720896802	13.945880105018635	0.5849719639937383	0.03709530274592001	0.02018524360448401	1.9000000000000001	0.09999999999999999	3.026525929637281	0.12695023933991645	0.019941296964087373	0.049999999999999996
30.599999999999998	54.4	1.9788983931760589	0.03410995261460356	86.05878980468633	0.8025051547749701	0.04299805628177072	0.01705497630730178	1.9599999999999997	0.05246139358274133	16.4379182428468	0.15328491318077692	0.012631621746158905	0.026230696791370665
32.3	54.4	1.9775515392721972	0.027651445776579884	655.2757956265842	0.7755886542498729	0.03368752990213131	0.013825722888289942	1.9599999999999997	0.040081175498017554	292.176430702769	0.34582190614198605	0.021772727007185456	0.020040587749008777
34.0	54.4	1.97704978879073	0.027446279705801747	705.3927833410144	0.7705115430677414	0.03321869072482337	0.013723139852900874	1.9599999999999997	0.04015691698107326	316.39165723624865	0.3455995436701363	0.021799844720885055	0.02007845849053663
35.699999999999996	54.4	1.977223006722427	0.028184317497362534	731.784846257846	0.805458488259094	0.035659115141231164	0.014092158748681267	1.9599999999999997	0.03819315510831434	275.7438035258286	0.3035047640990219	0.0182083639787632	0.01909657755415717
37.4	54.4	1.976726944674516	0.027439628009868915	840.4472961599379	0.7953104202151885	0.03427952292766174	0.013719814004934458	1.9599999999999997	0.037670679578660986	351.5518677978041	0.33267150121510913	0.019685159134502354	0.018835339789330493
39.1	54.4	1.9764367743409508	0.027109693834766586	843.0111602253505	0.7849654917820184	0.033426819393194133	0.013554846917383293	1.9599999999999997	0.03763803235121796	365.80286939316596	0.340615454238734	0.02013775889850937	0.01881901617560898
40.8	54.4	1.9761050619323217	0.027531088114204138	775.7512091737716	0.7846468749284228	0.03393262853249289	0.013765544057102069	1.9599999999999997	0.03771857727541554	333.24951558714343	0.33707094218436395	0.019970847485297934	0.01885928863770777
42.5	54.4	1.975515776624192	0.02663840943723045	766.6154612035701	0.7482969829855658	0.03131137655257162	0.013319204718615226	1.9599999999999997	0.03837247251836539	393.38146463654215	0.3839815110013811	0.023144615699987065	0.019186236259182695
44.199999999999996	54.4	1.9752795381919623	0.02658202820512771	707.8030028393397	0.7069447363750309	0.029518443720182187	0.013291014102563855	1.9599999999999997	0.03820287259680019	392.1088992003779	0.3916334365120441	0.023501504240238932	0.019101436298400096
45.9	54.4	1.975177128772221	0.026907069620899754	643.2493456849213	0.7233725215494405	0.03057372020788929	0.013453534810449877	1.9599999999999993	0.03866575972572133	347.1213482338258	0.3903588035339219	0.023708845309862215	0.019332879862860666
47.6	54.4	1.975187714033966	0.027240914582401708	693.1819005790958	0.7494074970684399	0.03206709326531185	0.013620457291200854	1.9599999999999997	0.038074047053902535	342.69309387664134	0.3704897279201674	0.022157721054374094	0.019037023526951267
49.3	54.4	1.9748119201745347	0.026368105191689972	747.8005602284181	0.7058467102264075	0.02923541038513619	0.013184052595844986	1.9599999999999997	0.038015659857472996	422.516784790003	0.39881232834108427	0.023815021900431232	0.019007829928736498
51.0	54.4	1.9749100576382252	0.026163019791028433	734.2354421630474	0.7131449971775484	0.02930795976637693	0.013081509895514216	1.9599876897952935	0.03799913081641967	403.72913861110715	0.39213227649037397	0.023405942319828826	0.018999565408209834
52.699999999999996	54.4	1.9749343768135839	0.0269306931641944	792.7309624089478	0.7667342535079051	0.032434878425008425	0.0134653465820972	1.9599999999999997	0.036525434995265435	351.19210631328997	0.3396751612346886	0.019488529197016997	0.018262717497632718
54.4	54.4	1.9746135587705722	0.025967334735520597	899.2701298900859	0.750510241607578	0.03061285796038345	0.012983667367760299	1.9599999999999997	0.036440791300005444	461.3145633487502	0.38500256250953435	0.022037955211790847	0.018220395650002722
56.1	54.4	1.9741245276083137	0.025832385280786917	1065.5499273479793	0.750757596893364	0.0304638032577932	0.012916192640393459	1.9594808292749917	0.03646025377427281	521.3604003846044	0.36733640654670346	0.021037955754049525	0.018230126887136405
57.8	54.4	1.972782550758022	0.027061085304394286	743.633476304088	0.8181839465581631	0.034778915977043114	0.013530542652197143	1.953928595602796	0.042504729015080935	290.19422457329716	0.3192866694353535	0.021317580684002822	0.021252364507540467
59.5	54.4	1.9746111660202479	0.025175449163318566	1107.1558662083394	0.7286667044781765	0.028815491399788267	0.012587724581659283	1.9597614376912604	0.03704671620405681	633.0276504202507	0.4166226147136616	0.024244455546971782	0.018523358102028403
61.199999999999996	54.4	1.97471260069489	0.025886193075536718	1044.512493334599	0.7587243244194424	0.030851200678208776	0.012943096537768359	1.9599999999999997	0.03620656985706572	514.0871952958465	0.37342823798908686	0.021238039049698457	0.01810328492853286
62.9	54.4	1.9751368307915824	0.02620947514659858	1037.3722273103515	0.7805086574580674	0.0321333441832539	0.01310473757329929	1.9599999999999997	0.03557033646345821	452.84525852015224	0.34071631711234707	0.01903709963830471	0.017785168231729105
64.6	54.4	1.9753658143576907	0.026729192483934544	1023.1096179655589	0.7965471757966179	0.03344392321529858	0.013364596241967272	1.9599999999999997	0.03505472705488875	400.3847215605238	0.3117215531854051	0.01716458463644918	0.017527363527444374
66.3	54.4	1.9756090173490448	0.026740377701758328	1037.2504849022473	0.8105969194371134	0.03404805934477754	0.013370188850879164	1.9599999999999997	0.036120590863199964	395.0054985415167	0.30869133824377054	0.01751455737896699	0.018060295431599982
68.0	54.4	1.9759075814611526	0.026521205521232976	1012.784559135368	0.7997107481000046	0.03331547970780437	0.013260602760616488	1.9599999999999997	0.03596388145327144	397.74885999708437	0.3140688071466515	0.01774235397431355	0.01798194072663572
69.7	54.4	1.9759520960016086	0.026933009290284374	955.0822426782612	0.7904895277280198	0.03344266502278594	0.013466504645142187	1.9599999999999993	0.03677366037211903	371.8586173446126	0.30777490112478234	0.017778288039866745	0.018386830186059515
71.39999999999999	54.4	1.9759297260713344	0.026835918199845796	966.5393513310213	0.7849803525266621	0.03308987474666181	0.013417959099922898	1.9599999999999997	0.03704619551775004	398.1188587570287	0.3233344629623613	0.01881548807066288	0.01852309775887502
73.1	54.4	1.9760726225382246	0.026770241982782546	924.5046553283776	0.7954925946600533	0.03345093913021796	0.013385120991391273	1.9599999999999997	0.03734285310284257	387.48129090918883	0.33340935138730415	0.019557131230258557	0.018671426551421285
74.8	54.4	1.9760134094630466	0.026784198553021252	909.3828561360933	0.7949502864208879	0.033445562383482196	0.013392099276510626	1.9599999999999997	0.03729784764033386	389.9465846748638	0.3408774940988538	0.019971099533454093	0.01864892382016693
76.5	54.4	1.97577293751647	0.026828122774261217	894.2512697635924	0.7770643337576649	0.03274666960471511	0.013414061387130609	1.9599999999999997	0.03824158880646645	392.34227886023854	0.340927882169061	0.02047945170487229	0.019120794403233225
78.2	54.4	1.9758663218923969	0.026654183534862985	873.8158710407546	0.7704723208334897	0.03225836133184079	0.013327091767431493	1.9599999999999997	0.03803283282171597	401.3503664914931	0.3538838771259283	0.021141671875783054	0.019016416410857984
79.89999999999999	54.4	1.9761612425076336	0.027488055924190586	846.5803597113077	0.7737310155669196	0.03340826400519651	0.013744027962095293	1.9599999999999997	0.03708141052962892	348.93085392119724	0.3189048988322217	0.018575363170906092	0.01854070526481446
81.6	54.4	1.9760257268518981	0.026564002189713307	863.2207008244642	0.7669068603886524	0.03200044422576865	0.013282001094856654	1.9599999999999997	0.03841697368496479	392.80316505903096	0.34897615613067284	0.021059050297626176	0.019208486842482397
83.3	54.4	1.9761336972137893	0.02691799066947828	849.8706018900621	0.759523716713101	0.032114698925697134	0.01345899533473914	1.9599999999999997	0.03836859662754618	390.73064737515017	0.3491933864615307	0.02104562373286348	0.01918429831377309
85.0	54.4	1.9758623439697267	0.027118965917337794	846.6117215995945	0.789686164881613	0.03363934505391463	0.013559482958668897	1.9599999999999997	0.039257348916727414	352.4763855326562	0.32877612960130964	0.020274078493115716	0.019628674458363707
86.7	54.4	1.9763232021190238	0.02700272563494396	831.0272213250065	0.774297896519133	0.032842450968280805	0.01350136281747198	1.9599999999999997	0.03861594695008589	372.24609929954704	0.3468350545912719	0.02103824708226849	0.019307973475042945
88.39999999999999	54.4	1.9762452901179546	0.02699010058516867	834.9050100248568	0.7531215446856864	0.031929303999354355	0.013495050292584335	1.9599999999999997	0.03911732648646761	377.210972308	0.34026111560707106	0.02090746427864057	0.019558663243233805
90.1	54.4	1.9762646999817586	0.02698003654995526	832.580929838269	0.7827641814744054	0.03317365740563467	0.01349001827497763	1.9599999999999997	0.03909081874524393	366.8915159030633	0.3449388844295923	0.021180528778233218	0.019545409372621964
91.8	54.4	1.9763897705278992	0.027028119482515062	819.3491257950095	0.7731265934695488	0.032823608141626284	0.013514059741257531	1.9599999999999973	0.03970358664399405	370.76934480835195	0.34985286673306853	0.0218190106715156	0.019851793321997026
93.5	54.4	1.9762977179794312	0.027493355788513793	823.7127021092815	0.7997141512138525	0.03453682502926829	0.013746677894256897	1.9599999999999997	0.0385126906226921	332.7288086181377	0.32303488350620163	0.019542186826123874	0.01925634531134605
95.2	54.4	1.9765341395533338	0.02712402619510488	801.2547728803546	0.7790620603005456	0.033192967998177815	0.01356201309755244	1.9599999999999997	0.03989238094614714	346.3558026453185	0.3367626307371813	0.02110249121517614	0.01994619047307357
96.89999999999999	54.4	1.976669756351897	0.027175251326379362	895.5576187860289	0.7891986500349449	0.033688353067293245	0.013587625663189681	1.9599999999999997	0.03832859451259145	380.0085947617512	0.33487769373698406	0.020161785561296625	0.019164297256295725
98.6	54.4	1.9769777009716811	0.027210210649847386	967.0849203654615	0.7865974787164508	0.03362051262233683	0.013605105324923693	1.9599999999999997	0.038375867159604525	402.4639929190432	0.32735197854666204	0.01973299697623424	0.019187933579802263
100.3	54.4	1.9772165288842618	0.027650550161807487	1144.6244371250584	0.8195937754865159	0.035597730050253656	0.013825275080903743	1.9599999999999997	0.03730936387189553	438.1396534494535	0.3137243283595538	0.018385943431669438	0.018654681935947767
102.0	54.4	1.978231222244809	0.029312799985741732	903.569746570396	0.8790605678808071	0.040475850295715404	0.014656399992870866	1.9599999999999997	0.03325323902702222	203.93024519657723	0.198398671304572	0.010363169235223249	0.01662661951351111
103.7	54.4	1.977416511604102	0.02825527831420116	666.1639867070033	0.8924117057659215	0.0396081652058835	0.01412763915710058	1.9599999999999997	0.03233196265419903	130.49143482454727	0.17480993608685655	0.00887805966836945	0.016165981327099514
105.39999999999999	54.4	1.9780500397429244	0.028689604315871583	593.3143765088083	0.916452649785729	0.04130041987040788	0.014344802157935791	1.9599999999999997	0.03082649965420646	104.30979290136877	0.16112029286322346	0.007801791379746856	0.01541324982710323
0.0	56.1	1.9751554152487707	0.04896912197239402	11.229226932305366	0.47181816337649163	0.03629249701945151	0.02448456098619701	1.9000000000000001	0.09999999999999999	3.9855804726336785	0.1674620407908321	0.026304875855181622	0.049999999999999996
1.7	56.1	1.975986275611061	0.0541010060844975	6.645447217447135	0.450676329904265	0.03829922337412348	0.02705050304224875	1.9000000000000639	0.0999999999999993	3.312210039860925	0.22462516303154367	0.03528403809956511	0.04999999999999965
3.4	56.1	1.9835323107336529	0.06516109399229596	4.464633020744809	0.2702764496622348	0.027664093866968557	0.03258054699614798	1.9000000000000001	0.09999999999999304	3.2733798130956533	0.19816129795409942	0.031127103893918675	0.04999999999999652
5.1	56.1	1.9877629594008015	0.09999999999994064	3.4634403034668937	0.24007946454712456	0.0377115941049285	0.04999999999997032	1.9000000000000001	0.09999999999999999	2.8931443946318502	0.2005475758959819	0.03150193955650291	0.049999999999999996
6.8	56.1	1.9999999999995393	0.09999999999999999	3.0657379579297017	0.23776194917228213	0.037347559641141566	0.049999999999999996	1.9000000000000001	0.0887907125717573	3.288480715662484	0.2550366650708058	0.03557050567145501	0.04439535628587865
8.5	56.1	1.996900457425771	0.09999999999999118	2.6824127538769162	0.1877588295559176	0.029493087978971842	0.04999999999999559	1.9000000000000001	0.09999999999999999	3.685562068702317	0.2579755182251814	0.04052269964311248	0.049999999999999996
10.2	56.1	1.9919574521434837	0.09999999999999917	2.961776116112812	0.22165815793781607	0.03481798202928416	0.049999999999999586	1.9000000000000046	0.07779270017135968	3.347603533080962	0.2505333298530076	0.030614292954969875	0.03889635008567984
11.9	56.1	1.9950941385971823	0.09999999999999999	2.7220760425694452	0.18566007255930286	0.02916341600086269	0.049999999999999996	1.9000000000000001	0.09999999999999999	3.330409702508754	0.22715166562221667	0.03568090019847205	0.049999999999999996
13.6	56.1	1.9940429909400972	0.09999999999999996	3.0878908130189346	0.21448448200554435	0.033691143648881504	0.04999999999999998	1.9000000000000001	0.09999999999999999	3.3441114382106507	0.23228153229038062	0.036486697770402005	0.049999999999999996
15.299999999999999	56.1	1.9861991048947387	0.0955358687423751	2.746930567813391	0.19300632920634705	0.02896395640514068	0.04776793437118755	1.9000000000000001	0.09999999999998087	3.2007078378690776	0.22488987449757084	0.035325618879408195	0.049999999999990434
17.0	56.1	1.9818037299858133	0.08871734270859026	3.3605134083689547	0.28535889204451304	0.039766723748314824	0.04435867135429513	1.9000000000000001	0.05585114422384314	2.540037981139312	0.2156880023879127	0.0189224750024955	0.02792557211192157
18.7	56.1	1.987473136347817	0.09999999996856902	3.2674055272586235	0.22566810894219194	0.035447863648972955	0.04999999998428451	1.9000000000000001	0.09999999999999999	3.0231282667617867	0.20879674511116142	0.032797716026734265	0.049999999999999996
20.4	56.1	1.98239140612704	0.09854073760166136	3.070194453119435	0.23705651251072424	0.036693368019673184	0.04927036880083068	1.9000000000000001	0.09999999999999999	2.7375412562901498	0.21137162254039302	0.03320217682751267	0.049999999999999996
22.099999999999998	56.1	1.9795815334778855	0.0470144884296825	3.605015987245667	0.24771481270190338	0.018293784926475938	0.02350724421484125	1.9000000000001072	0.0999999999999966	3.0885734509910665	0.2122280169173036	0.03333669894166544	0.0499999999999983
23.8	56.1	1.980820846562479	0.06737979231505584	4.629825953495313	0.3560552021050549	0.0376848577626043	0.03368989615752792	1.9000000000000001	0.09999999999999999	3.024275965798753	0.2325809222722491	0.036533725838781825	0.049999999999999996
25.5	56.1	1.9810903360923933	0.05186825629805218	5.518320790998371	0.4278806359003634	0.03486134652292768	0.02593412814902609	1.9000000000000359	0.09999999999999692	3.3502235508087623	0.2597702883940315	0.04080462148197831	0.04999999999999846
27.2	56.1	1.9785991543158454	0.046299983601895627	7.267100060056816	0.4395580756863491	0.03196811123329025	0.023149991800947813	1.9000000000000001	0.09999999999999999	3.6259738208797114	0.2193207829840317	0.034450828030109765	0.049999999999999996
28.9	56.1	1.9755945664114678	0.044057522284435234	9.639578322910806	0.4771498363192136	0.03302134250161232	0.022028761142217617	1.9000000000000001	0.09999999999999999	3.3358859062113067	0.1651231372170287	0.025937481740935835	0.049999999999999996
30.599999999999998	56.1	1.975512159499822	0.037827655297803624	21.51735870713965	0.6944540571166601	0.04126414200908972	0.018913827648901812	1.9000000000000001	0.09999999999999948	3.640458007870963	0.11749261922607482	0.01845569747058288	0.04999999999999974
32.3	56.1	1.9789966146331697	0.029874657290615832	481.4673861536479	0.8179440966587009	0.03838366420773359	0.014937328645307916	1.9599999999999997	0.039934071365489474	176.283601179495	0.2994805776449626	0.018785905306985345	0.019967035682744737
34.0	56.1	1.977289478554682	0.027539022664541158	656.2904258375515	0.7854171465842334	0.03397572858986479	0.013769511332270579	1.9599999999999997	0.03969986126689292	294.72374016112985	0.3527113453355254	0.02199521925780603	0.01984993063344646
35.699999999999996	56.1	1.977022152507517	0.02781701035555166	728.5801436642853	0.799127643163508	0.03491776864330845	0.01390850517777583	1.9599999999999997	0.03908505164702356	301.7196199891289	0.3309347515366841	0.020317625083340684	0.01954252582351178
37.4	56.1	1.9768055870524475	0.027483193495856085	819.955604294865	0.7884601256854236	0.03403821737642746	0.013741596747928042	1.9599999999999997	0.03874557128268288	334.4683879653652	0.321621055861627	0.019574308067050183	0.01937278564134144
39.1	56.1	1.9766610217105915	0.027569917003071792	865.7041020339649	0.805060776337499	0.03486454513266018	0.013784958501535896	1.9599999999999997	0.03822463686530072	352.16850944374227	0.32749879889477007	0.019664049413700264	0.01911231843265036
40.8	56.1	1.9768444529884766	0.027859971297635944	764.2647026448461	0.8040274007502732	0.03518612094643156	0.013929985648817972	1.9599999999999997	0.03801613510220087	297.80726567074646	0.31330140056601113	0.01870898280041035	0.019008067551100436
42.5	56.1	1.9757368670030409	0.026824134766049165	805.764010294127	0.754704026627399	0.03179964461902442	0.013412067383024582	1.9599999999999997	0.03853589845350799	390.0286262325187	0.3653131325761077	0.022113151981332752	0.019267949226753994
44.199999999999996	56.1	1.9757924256463455	0.026864472090482615	717.6812099847866	0.7314500063320075	0.03086617653675971	0.013432236045241307	1.9599999999999997	0.03778216205791886	386.3149329277458	0.3937264292346997	0.023366908163263745	0.01889108102895943
45.9	56.1	1.9757285394583648	0.02749452375997048	621.8828898643332	0.7586361837749336	0.0327642047660589	0.01374726187998524	1.9599999999999995	0.03809372960094256	287.8320882816486	0.35112694139180445	0.021010555030738686	0.01904686480047128
47.6	56.1	1.9750343009142415	0.026583271619807083	771.1522471695647	0.7311964492082922	0.030532500969070318	0.013291635809903541	1.9599999999999997	0.037937438456900854	400.65733092946937	0.37989802765948805	0.02263887907632912	0.018968719228450427
49.3	56.1	1.9750239639853255	0.02638051249756167	742.4866015997751	0.722144122542343	0.029924505767265575	0.013190256248780835	1.9599446834564813	0.03806593506630941	410.8928695710215	0.39963532017405307	0.023895726787394926	0.019032967533154706
51.0	56.1	1.9749284197359882	0.026623799035216625	776.8645496802468	0.7206286824052571	0.03013709917933978	0.013311899517608312	1.9599999999999957	0.03749191988054781	388.0555121699725	0.3599648517238229	0.021199111253570116	0.018745959940273903
52.699999999999996	56.1	1.974937288706083	0.02629095605560776	860.0983583431519	0.7441499493312719	0.030731709044931776	0.01314547802780388	1.9599999999999997	0.03695187094893959	440.40633678651426	0.38103590133130155	0.02211679571393741	0.018475935474469796
54.4	56.1	1.974517972564494	0.025796968313698047	966.0039436471696	0.7466555544790877	0.03025581440631441	0.012898484156849023	1.9599999999999875	0.036476192300925546	506.5027476218059	0.39149228360590554	0.022431203743530918	0.018238096150462773
56.1	56.1	1.974605257179719	0.02527298656823395	611.8289883303487	0.7248633909216511	0.02877614478488084	0.012636493284116975	1.959721188083746	0.037860211053991275	334.09409643789263	0.39581743305715716	0.023539532079974952	0.018930105526995637
57.8	56.1	1.9743217963572364	0.02632462870807092	1191.1342807812139	0.7592243303672244	0.031394404431898414	0.01316231435403546	1.9587021119211983	0.03709291583827028	594.2395923252626	0.37876599124067073	0.02206895802692267	0.01854645791913514
59.5	56.1	1.9750303452373683	0.025850589328680847	1037.0949595561108	0.7649030234872122	0.031059660404354025	0.012925294664340423	1.959999999999992	0.03663813902662393	500.65348566615046	0.3692539061894177	0.021250951570006192	0.018319069513311966
61.199999999999996	56.1	1.975205801692489	0.02618801506973056	987.1609678468946	0.786624143928213	0.03235860058005161	0.01309400753486528	1.9599999999999997	0.035510124850362965	440.6227667763475	0.3511124507553283	0.01958476237153318	0.017755062425181482
62.9	56.1	1.9753119916987547	0.026527118152881387	1079.2882033901203	0.7925620482367975	0.03302503002518718	0.013263559076440693	1.9599999999999997	0.035229283173524674	432.3735870040552	0.3175082379692783	0.017570279954936832	0.017614641586762337
64.6	56.1	1.9757102749507554	0.026562673571934228	1115.2033816504193	0.8121351892845166	0.03388597537430832	0.013281336785967114	1.9599999999999997	0.03532768840509042	433.3109267544078	0.31555414672249615	0.01751092104614973	0.01766384420254521
66.3	56.1	1.975813445238626	0.02683089268540035	1053.018090215328	0.8013898840122284	0.033775272007546715	0.013415446342700175	1.9599999999999997	0.036082935193748424	413.5809670532543	0.3147520506021866	0.017839813240077218	0.018041467596874212
68.0	56.1	1.976033081258052	0.026819433545294716	1038.5968122730997	0.8172037320215231	0.034427050706278294	0.013409716772647358	1.9599999999999997	0.036321978307071935	388.80837724227956	0.30592781834966226	0.01745453732971761	0.018160989153535968
69.7	56.1	1.9761857045302813	0.026722590086080474	996.7458917682558	0.7966155012209268	0.03343853021745763	0.013361295043040237	1.9599999999999997	0.03644285487629494	374.9886181821348	0.29969699247554776	0.01715594531886804	0.01822142743814747
71.39999999999999	56.1	1.9762264827817178	0.027008545240517795	976.7579736617635	0.8214794965089146	0.034851204924260734	0.013504272620258898	1.9599999999999997	0.036525385333093484	365.68758001653646	0.3075530041340348	0.017645527949232385	0.018262692666546742
73.1	56.1	1.9761871263218054	0.027060154034798292	939.0968806334919	0.7982102399076777	0.033928716922702634	0.013530077017399146	1.9599999999999997	0.037338826547805966	349.6795882582267	0.29721941770920485	0.017432421621482494	0.018669413273902983
74.8	56.1	1.9762156081667215	0.02686658755471352	916.7270632160371	0.8023193759186047	0.03385943179206537	0.01343329377735676	1.9599999999999997	0.03773255006131646	360.78011002490496	0.31575469333647516	0.01871482836466938	0.01886627503065823
76.5	56.1	1.9762192193757704	0.026737708095554896	889.7970644654084	0.7962152397646823	0.03344063691720869	0.013368854047777448	1.9599999999999997	0.038401740947651815	359.42932860926567	0.3216273917795228	0.019400986769312456	0.019200870473825907
78.2	56.1	1.9760773631871065	0.026882695233702576	886.050790455552	0.7939990460684901	0.03352838742649888	0.013441347616851288	1.9599999999999997	0.0380402977923667	358.784015708205	0.32150997356536687	0.019211365509679397	0.01902014889618335
79.89999999999999	56.1	1.9762506033469223	0.02682141403146541	879.402468864245	0.7911123247396616	0.03333033645550357	0.013410707015732704	1.9599999999999997	0.03779732995042975	374.82000066751664	0.33718886697005135	0.020019546067632635	0.018898664975214877
81.6	56.1	1.9761566150609875	0.026917066597788957	886.4653628042113	0.7891785830317117	0.033367440659301514	0.013458533298894479	1.9599999999999997	0.03802695726479533	378.24407253592915	0.33673297765383425	0.020113937874201192	0.019013478632397666
83.3	56.1	1.9762257922585855	0.026912208721841996	862.6649069250775	0.7834975139031292	0.03312125941170196	0.013456104360920998	1.9599999999999997	0.038197903161402744	373.9057687637353	0.33959216134645426	0.020375912053817752	0.019098951580701372
85.0	56.1	1.9761762833797913	0.027227478441090542	862.9831819819217	0.7864123292681584	0.03363392981233604	0.013613739220545271	1.9599999999999997	0.03841526789157202	363.33074833526223	0.33109310361863137	0.019979006032533067	0.01920763394578601
86.7	56.1	1.9763307018498808	0.02695443535776654	878.4962806114166	0.7868614952850167	0.03331565909632051	0.01347721767888327	1.9599999999999997	0.03836310781978228	359.57846929264105	0.32207131465939187	0.019408219955196704	0.01918155390989114
88.39999999999999	56.1	1.9763635823130736	0.027016097652148314	876.9505710999425	0.7955266862054151	0.033759596500571844	0.013508048826074157	1.9599999999999997	0.03832353614597391	353.3180783645397	0.3205128878646623	0.01929438540315963	0.019161768072986956
90.1	56.1	1.976519251646096	0.026943982468881255	883.9213823151389	0.7930603114141881	0.033565094982898974	0.013471991234440628	1.9599999999999997	0.03817019014381375	365.6105065610421	0.32802824775000705	0.019667784653616294	0.019085095071906876
91.8	56.1	1.9764283918218377	0.026900870823265824	873.174154808575	0.7978896792968715	0.03371545799490023	0.013450435411632912	1.9599999999999997	0.03851187544078212	368.6910549188598	0.33690276555806425	0.02038070117516806	0.01925593772039106
93.5	56.1	1.9765656872894828	0.02701340820904553	854.9584133027306	0.7875093701051044	0.03341604047889104	0.013506704104522765	1.9599999999999997	0.03897292715776449	366.04277193020016	0.337165069398771	0.020640750193718076	0.019486463578882247
95.2	56.1	1.9766968193650387	0.027020790264772124	819.9702931435885	0.7823966309163622	0.03320816629560894	0.013510395132386062	1.9599999999999997	0.03892195782648654	358.73174110942597	0.34229350501314587	0.020927300634811945	0.01946097891324327
96.89999999999999	56.1	1.9768325165978442	0.027204839558166966	889.3692102605121	0.7896369629765432	0.033743763262463526	0.013602419779083483	1.9599999999999997	0.03840159130100733	371.9104360045132	0.33020507546001443	0.019918326297305375	0.019200795650503664
98.6	56.1	1.977098582410731	0.02711861313849029	962.5089461935418	0.7921355088075627	0.03374324416083337	0.013559306569245144	1.9599999999999997	0.03748284545263751	394.60487231367495	0.3247559750424204	0.01912095500437448	0.018741422726318756
100.3	56.1	1.9772756889539511	0.02730171499483344	1102.2150317019123	0.8338679408102999	0.035760788231042326	0.01365085749741672	1.9599999999999997	0.03719577584954767	419.94151062219015	0.3177018573069102	0.018562362628834015	0.018597887924773834
102.0	56.1	1.9775645390477672	0.02777696080508533	1231.628965417864	0.8375869441512218	0.03654554999448905	0.013888480402542666	1.9599999999999997	0.037387491718521404	422.3312434849646	0.28721241995972496	0.016867449675283645	0.018693745859260702
103.7	56.1	1.9775302731115925	0.028042313259164574	646.1357216963278	0.8860146038852044	0.039027847001895516	0.014021156629582287	1.9599999999999997	0.031440506146460545	135.28562216141003	0.1855106178250265	0.009161744534371378	0.015720253073230273
105.39999999999999	56.1	1.9781212343494357	0.028375043080117474	633.2741833077603	0.9302529531181006	0.041462688979901324	0.014187521540058737	1.9599999999999997	0.030887136722135625	115.8980431202834	0.17024931651264966	0.008260054343615502	0.015443568361067812
0.0	57.8	1.9731113472980688	0.042201724034651056	21.08053093858869	0.6756123461620009	0.044786553959981636	0.021100862017325528	1.9000000000000001	0.09999999999999999	3.35221234063805	0.10743543655942235	0.016875918911514676	0.049999999999999996
1.7	57.8	1.9747749346906358	0.04248827119521103	8.598605673043917	0.5196561263849574	0.034682068299550776	0.021244135597605514	1.9000000000000001	0.09999999999999999	3.78158036407237	0.2285395421455127	0.03589890733295588	0.049999999999999996
3.4	57.8	1.9734572788909415	0.05806359400587477	5.401766411359077	0.41290668238329653	0.037659599982347775	0.029031797002937385	1.900000000000001	0.09999999999999999	3.0113933394144	0.23018848621703222	0.03615792286201919	0.049999999999999996
5.1	57.8	1.983609218013176	0.06752842511997222	3.9956912108595404	0.27715162391488624	0.029398415655253612	0.03376421255998611	1.9000000000000008	0.09999999999998786	3.1356376625126035	0.2174960537020826	0.034164200224757545	0.04999999999999393
6.8	57.8	1.9865639449277857	0.09983036458122384	2.8114779490901562	0.22698989626201657	0.03559500518781756	0.04991518229061192	1.9000000000000001	0.09999999999999999	2.8105406546543485	0.22691422205414313	0.03564360265001695	0.049999999999999996
8.5	57.8	1.9869763485947167	0.0894069007392629	2.6286494743336957	0.17537556051239822	0.024629749202591752	0.04470345036963145	1.900000000000054	0.09999999999992798	2.9831379122057657	0.19902595935560538	0.031262924589239016	0.04999999999996399
10.2	57.8	1.988635612058927	0.09513591622032652	2.8324230162003934	0.24879019269570932	0.03717899436379992	0.04756795811016326	1.9000000000000037	0.09999999999999891	2.3388543352782847	0.205436835328947	0.032269942632307445	0.049999999999999455
11.9	57.8	1.99547794671307	0.09999999999999983	2.7618538517593194	0.16770235106829717	0.02634262370529489	0.04999999999999991	1.9000000000000021	0.09999999999999984	2.8438978191517954	0.17268413756432205	0.027125160898178128	0.04999999999999992
13.6	57.8	1.9901919987328158	0.07473162901752858	2.53921697174988	0.19746921742524245	0.023180549740268154	0.03736581450876429	1.9000000000000001	0.09999999999999999	2.919746951871886	0.2270621817987247	0.035666844112347176	0.049999999999999996
15.299999999999999	57.8	1.987851653324638	0.08393249632145469	2.754710873036421	0.21395628767851804	0.028208180311057818	0.041966248160727346	1.9000000000000001	0.09999999999999999	3.224648529671111	0.25045598622694387	0.03934153431890766	0.049999999999999996
17.0	57.8	1.9905232948513572	0.08588263037067151	2.8087531329580075	0.1965278501691882	0.026512416745796	0.042941315185335754	1.9000000000000001	0.09999999999983318	3.2829102548332556	0.22970452159364174	0.03608190187668695	0.04999999999991659
18.7	57.8	1.9923047162440448	0.09999999994027935	2.7267796640057274	0.1885623829843614	0.02961930983866389	0.04999999997013967	1.9000000000000001	0.09999999999999999	2.943575937176638	0.20355428806230305	0.03197423279916159	0.049999999999999996
20.4	57.8	1.9809371855734252	0.07957709763160437	2.7701840846909915	0.1918112642769916	0.023976295375567426	0.03978854881580218	1.9000000000000001	0.09999999999999999	2.8354259550001446	0.1963286989474713	0.030839239915110898	0.049999999999999996
22.099999999999998	57.8	1.9814285983268607	0.07167684577521335	3.353489051189797	0.23202880160852857	0.026124059211122586	0.03583842288760668	1.9000000000000001	0.09999999999999999	3.2314813646647105	0.22358705724636913	0.03512097282414769	0.049999999999999996
23.8	57.8	1.9817343396743117	0.06210261463703175	4.4912465697678	0.3018430978690069	0.029444962914195155	0.031051307318515874	1.9000000000000001	0.07723870714106743	3.2312067856541637	0.21715963505598254	0.026347170136690926	0.03861935357053371
25.5	57.8	1.9816625568852118	0.06515433835298516	4.705048083939532	0.31331837952031094	0.03206631744338656	0.03257716917649258	1.900000000000021	0.09999999999998782	2.666001345732501	0.17753425821409957	0.027887016068293035	0.04999999999999391
27.2	57.8	1.977128847941706	0.05086093037628844	6.0984891937398125	0.4255054150144171	0.03399454780880764	0.02543046518814422	1.9000000000000004	0.09999999999992279	3.0402816891949165	0.21212734512173487	0.03332088545297172	0.049999999999961395
28.9	57.8	1.9778042558032471	0.048297628462857234	7.503961693018966	0.49250854616201073	0.03736452402169542	0.024148814231428617	1.9000000000000001	0.09999999999999999	2.6954157487744412	0.1769085912266973	0.0277887365277356	0.049999999999999996
30.599999999999998	57.8	1.9752991191367057	0.03806395453010874	12.868523085104892	0.582051207545591	0.0348012607522626	0.01903197726505437	1.9000000000006483	0.09999999999986584	2.9853057624515897	0.13502721426820177	0.021210025218955424	0.04999999999993292
32.3	57.8	1.9770556878921315	0.03602029003449406	45.106441480736976	0.8226631196864627	0.04654672295455878	0.01801014501724703	1.9000000000000001	0.09999999999999999	2.8985517812931985	0.05286454822621614	0.008303943817141198	0.049999999999999996
34.0	57.8	1.9780977360704208	0.027769029272268885	671.8884546774516	0.7852003848200414	0.03425003968942838	0.013884514636134443	1.9599999999999997	0.038803850469170446	292.17577026943036	0.34145031910212387	0.0208124027876393	0.019401925234585223
35.699999999999996	57.8	1.9775335655953346	0.0274785626664217	696.2405184689633	0.788338021184433	0.03402721162253118	0.01373928133321085	1.9599999999999997	0.03941692381896248	301.0275391963684	0.3408469462448603	0.021103865599547023	0.01970846190948124
37.4	57.8	1.9773262009848074	0.027613639476692223	803.8595031529267	0.8066282506847877	0.03498782581522424	0.013806819738346111	1.9599999999999997	0.03880206289163144	312.43719177413647	0.31351332473044696	0.01910868036396972	0.01940103144581572
39.1	57.8	1.9771277738524147	0.027637704572926497	859.646455021755	0.8110068348980074	0.035208405837249664	0.013818852286463248	1.9599999999999997	0.03757668386806093	339.01153349791826	0.31982993609751886	0.018878063362033577	0.018788341934030464
40.8	57.8	1.976773004070876	0.027436805733855082	855.3545267996915	0.7827420187234231	0.03373432877771193	0.013718402866927541	1.9599999999999997	0.03822834191552422	348.6642489929539	0.3190655448268207	0.019159547457567858	0.01911417095776211
42.5	57.8	1.9762408924854773	0.027140557642710058	828.9612155081805	0.7731906845083618	0.03296288813598001	0.013570278821355029	1.9599999999999997	0.03739742456616965	364.07990583695585	0.3395854792039276	0.019948520126960103	0.018698712283084826
44.199999999999996	57.8	1.9759426667138278	0.027040322591121106	779.7167018481065	0.7728847104634022	0.032828153952793995	0.013520161295560553	1.9599999999999997	0.03793649367560932	365.6096861312747	0.36240616077406124	0.02159596610560307	0.01896824683780466
45.9	57.8	1.9764234481852898	0.028257792828807023	631.1898560752095	0.8081372984318055	0.03587098193854439	0.014128896414403512	1.9599999999999997	0.03666908447994674	235.13315132516365	0.30105025905396177	0.01734039353019901	0.01833454223997337
47.6	57.8	1.9755496483528416	0.027055010973355116	783.8862482876394	0.7666851539874902	0.032582518097259594	0.013527505486677558	1.9599999999999997	0.03770003252626381	381.6753084738003	0.37330007164902146	0.02210648404916143	0.018850016263131906
49.3	57.8	1.9752749049144314	0.02677075127301773	746.9224441184668	0.7259276109522972	0.030526270716893535	0.013385375636508864	1.9599999999999997	0.03744620644510038	383.0816555295714	0.3723138234605329	0.02189963444556333	0.01872310322255019
51.0	57.8	1.9749978772540313	0.026308723785680617	809.6970724083055	0.7518533726848411	0.03107082683865624	0.013154361892840308	1.9599999999999997	0.03764342315503997	403.5780872445156	0.374746996594641	0.022158846427954196	0.018821711577519985
52.699999999999996	57.8	1.9751253014003078	0.02629856533703008	912.4220643126329	0.7595596623484654	0.03137717406004468	0.01314928266851504	1.9599999999999997	0.03674566591010349	435.9325546514403	0.36289870331796126	0.020946497564376665	0.018372832955051745
54.4	57.8	1.9729780696303878	0.026821138369617185	800.7484093103703	0.7734182881394335	0.03258453448065815	0.013410569184808593	1.9544499215744926	0.041340227875937545	409.70635018921746	0.3957227767409516	0.025697080857746166	0.020670113937968772
56.1	57.8	1.9749264574406848	0.02711204233691132	622.7587981059054	0.7879047127243892	0.03355488920708771	0.01355602116845566	1.9580772951986192	0.04141437643906522	256.58380663524736	0.32462582796348577	0.021118062656339264	0.02070718821953261
57.8	57.8	1.9751815556760615	0.025998017524835812	1147.9425632563596	0.774362417727312	0.0316230952610514	0.012999008762417906	1.9599999999999944	0.03556314087024401	527.961114842502	0.35614433896040304	0.01989509570129355	0.017781570435122004
59.5	57.8	1.9754807145139006	0.02626715911662907	964.3313703833514	0.7505357758639348	0.030967374095251313	0.013133579558314535	1.9599999999999997	0.03697745589705381	452.98225441318147	0.3525545245234936	0.020477795299054906	0.018488727948526906
61.199999999999996	57.8	1.975657903834505	0.0265743858752861	1049.4939455920535	0.7937611842481218	0.03313393161601999	0.01328719293764305	1.9599999999999997	0.036017757452781025	445.13905511221856	0.33667093080907423	0.01904768348960686	0.018008878726390513
62.9	57.8	1.9758880204784863	0.026765550509851656	1113.069643870119	0.82079498868663	0.03450887119987266	0.013382775254925828	1.9599999999999997	0.036022818361987646	419.9387906731531	0.3096694414746504	0.01752249384434537	0.018011409180993823
64.6	57.8	1.9762001123457749	0.02696118051897366	1187.2994476911751	0.8231780238228849	0.03486202009875083	0.01348059025948683	1.9599999999999997	0.03510770991655373	420.79339346583487	0.2917443234261737	0.01608884222768591	0.017553854958276865
66.3	57.8	1.9764266636961458	0.02702928173062213	1160.49712498296	0.8354647316124459	0.03547174088352483	0.013514640865311065	1.9599999999999997	0.035353668441313574	405.9518440509581	0.2922527261259619	0.016229791201900514	0.017676834220656787
68.0	57.8	1.9766038949560514	0.026965630355102375	1114.3868086493558	0.8290984912259076	0.03511855021282938	0.013482815177551188	1.9599999999999997	0.035704583965029346	382.5622904659671	0.28462452656783266	0.01596306107420142	0.017852291982514673
69.7	57.8	1.9765493634535647	0.027120751785703598	1108.019692611704	0.8446758966838189	0.03598418762290869	0.013560375892851799	1.9599999999999997	0.035583666641021125	382.42382704040097	0.2915328952838471	0.016295141638614306	0.017791833320510562
71.39999999999999	57.8	1.9765728343099935	0.026954623184723463	1043.8082222123803	0.8268023730530505	0.03500699692533617	0.013477311592361731	1.9599999999999997	0.03685598206930519	369.4519964297657	0.29264359187541034	0.016942086066138697	0.018427991034652594
73.1	57.8	1.9764233016965198	0.02727746376457189	1050.792963766242	0.826305634181358	0.03540499835721309	0.013638731882285945	1.9599999999999997	0.03653658505819306	363.2822014796161	0.28567200222249695	0.016395154314999855	0.01826829252909653
74.8	57.8	1.976460798525534	0.027119828458106635	1055.790416024737	0.8182524801563126	0.03485733221060969	0.013559914229053317	1.9599999999999997	0.03680492360952804	386.91049731801417	0.2998610985890592	0.01733588133148201	0.01840246180476402
76.5	57.8	1.9767225884761388	0.026950027145123085	1021.8407834334116	0.8281165937110325	0.03505666278136428	0.013475013572561543	1.9599999999999997	0.03612517137862623	388.4314350949493	0.31479122984337105	0.017862918527158506	0.018062585689313116
78.2	57.8	1.976489955111265	0.027072191558795873	1029.1020296747163	0.8226491318828087	0.034983071294162386	0.013536095779397937	1.9599999999999982	0.03666858115917738	375.7673792425443	0.30038295466336506	0.017301719534949207	0.01833429057958869
79.89999999999999	57.8	1.9764483311517036	0.027039471878863547	965.9735109527945	0.8107623934890791	0.03443591903791837	0.013519735939431773	1.9599999999999997	0.037137525601607234	365.107251991645	0.30644238806609697	0.017876466497259966	0.018568762800803617
81.6	57.8	1.9765375637664142	0.027223373537889405	976.6741921062558	0.810447559174083	0.03465666256989525	0.013611686768944703	1.9599999999999997	0.03688918924580385	381.80439489515294	0.31682258262338747	0.018358412218761968	0.018444594622901926
83.3	57.8	1.9765635721375199	0.027434558158919396	956.5015635234308	0.8210330195492008	0.03538168166132626	0.013717279079459698	1.9599999999999997	0.0368765050701476	375.993358571463	0.32274172284801655	0.01869496879541016	0.0184382525350738
85.0	57.8	1.9765198308078427	0.027152073479071077	960.5923284071827	0.7990294025323915	0.03407890548044585	0.013576036739535538	1.9599999999999997	0.03725639690096628	364.88765087010074	0.3035168541785373	0.01776247750420032	0.01862819845048314
86.7	57.8	1.9766875921014573	0.027447709109908566	981.4400893440746	0.8112153757921409	0.03497535676188762	0.013723854554954283	1.9599999999999997	0.03725337872682829	375.59662111321404	0.31045171014590145	0.018166848779209755	0.018626689363414144
88.39999999999999	57.8	1.9766218492017356	0.027104847316511874	960.3002526768014	0.8080988907695775	0.034405775631965584	0.013552423658255937	1.9599999999999997	0.03791461131452718	368.76980792042474	0.3103221850656964	0.018481589073622372	0.01895730565726359
90.1	57.8	1.97681215305719	0.02722514993784345	937.8160288508128	0.8117261783016992	0.03471360437101902	0.013612574968921725	1.9599999999999997	0.03754064595275076	360.3507531104161	0.3119014078154436	0.018392423281825724	0.01877032297637538
91.8	57.8	1.975652845356463	0.026805244978263833	758.4807110215388	0.7458615207414167	0.03140493219206867	0.013402622489131917	1.9541012070548471	0.04407202345120302	460.87459622526853	0.453206814908578	0.03137467958403769	0.02203601172560151
93.5	57.8	1.9770078510309295	0.027373219561636988	942.6100781626577	0.7885556449533059	0.03390612064340949	0.013686609780818494	1.9599999999999997	0.0374277823010384	365.65585254904227	0.305895293629573	0.017984019588806122	0.0187138911505192
95.2	57.8	1.9768509172891948	0.02734525931554102	927.1678872342702	0.8061788624301637	0.034628472134748456	0.01367262965777051	1.9599999999999997	0.03777531628320213	366.64707368709685	0.3188021553034292	0.01891686807584744	0.018887658141601066
96.89999999999999	57.8	1.9770442086033229	0.027177196592205875	926.7931723771312	0.8165058740703307	0.03485650559638551	0.013588598296102938	1.9599999999999997	0.037611334569855555	364.9047536456826	0.32148151681316667	0.018993046417513978	0.018805667284927777
98.6	57.8	1.9770451358293912	0.027607672303442802	928.1877145626435	0.8278495588842876	0.0359005490093869	0.013803836151721401	1.9599999999999997	0.03798448478986276	336.8912984915488	0.30047296303592785	0.01792798651502329	0.01899224239493138
100.3	57.8	1.9772253704016907	0.027542806114837927	1095.3000964506332	0.8268840619557776	0.035774426724446126	0.013771403057418963	1.9599999999999997	0.03679874783964729	394.4670894698407	0.2977983388348915	0.01721373801680097	0.018399373919823644
102.0	57.8	1.977547599773069	0.027621644180417012	1227.951288851165	0.8427791852374769	0.03656648408942314	0.013810822090208506	1.959999999999999	0.03699692279233118	419.8936549483783	0.28818539922284536	0.016747787969690286	0.01849846139616559
103.7	57.8	1.9780914434296792	0.02906292406986149	861.2778015089822	0.9058586066682051	0.04135419766451667	0.014531462034930744	1.9599999999999997	0.03213816187395354	167.87557774896462	0.1765650254620095	0.008913445067019335	0.01606908093697677
105.39999999999999	57.8	1.9779214054529615	0.028094914194955446	694.5371444565762	0.922169704040313	0.04069662902841907	0.014047457097477723	1.9599999999999997	0.031036598326953137	124.64987409503995	0.1655035132682843	0.008068656183743868	0.015518299163476568
0.0	59.5	1.9733042263606178	0.03927869045811328	36.31481794138177	0.7545914662652189	0.046557405082686826	0.01963934522905664	1.9000000000000001	0.09999999999999999	4.2602628247407806	0.08852468919947526	0.013905425662519559	0.049999999999999996
1.7	59.5	1.9731906839447986	0.04552646647896294	13.685350077881656	0.57955505126592	0.04144560813128016	0.02276323323948147	1.9000000000000001	0.09999999999999999	3.686794327064544	0.15613047989778078	0.02452491843241585	0.049999999999999996
3.4	59.5	1.9747260276157328	0.04623330769877591	6.626600248957282	0.4008167810684545	0.029108561144831978	0.023116653849387957	1.9000000000000092	0.09999999999999604	3.4964469437225656	0.21148621563222178	0.033220177068283424	0.04999999999999802
5.1	59.5	1.9792363341405448	0.06213772249678147	4.743805528524898	0.2828589955203377	0.027608652027874298	0.031068861248390735	1.9000000000000001	0.09999999999999999	3.513827518641383	0.20951906994882324	0.032911178546909454	0.049999999999999996
6.8	59.5	1.9829726625941555	0.08259815241354176	3.957769681272974	0.31971483602996503	0.041481361248116855	0.04129907620677088	1.9000000000000001	0.07547632520485352	2.621827111276372	0.21179530202248462	0.02511001352166493	0.03773816260242676
8.5	59.5	1.9924510568677978	0.09999999999991853	2.8167746024464906	0.22110776925928588	0.03473152717780168	0.049999999999959265	1.9000000000000001	0.09999999999999999	2.8927053087273134	0.22706808609452464	0.035667771556962664	0.049999999999999996
10.2	59.5	1.993599603405933	0.09999999999976261	2.679567073164096	0.20654764040802415	0.03244442748603073	0.049999999999881306	1.9000000000000001	0.09999999999999999	2.875534936746437	0.22165332677956856	0.03481722315272152	0.049999999999999996
11.9	59.5	1.9895495410087	0.07627045466539195	2.480565984116457	0.202875914605462	0.024305619962242588	0.038135227332695976	1.900000000006748	0.09954549928366484	2.9645416486215215	0.2424584156201343	0.03791218100039906	0.04977274964183242
13.6	59.5	1.9874065063592705	0.09999999999997754	2.4347872658344847	0.1887093873717749	0.029642401251523266	0.04999999999998877	1.9000000000000001	0.09999999999999999	2.876167662786966	0.22291879263505826	0.035016002064470274	0.049999999999999996
15.299999999999999	59.5	1.9892985706172344	0.09999999999999644	2.613403979088189	0.16234880492749199	0.02550169064396365	0.04999999999999822	1.900000000000001	0.09999999999999999	2.818443873773819	0.1750862087621203	0.0275024773595983	0.049999999999999996
17.0	59.5	1.9832944409509523	0.099999999998821	2.994726432760048	0.1821811968826124	0.028616955487093147	0.0499999999994105	1.9000000000000001	0.051134560064850676	3.173158814934308	0.19303595296033627	0.015505029783502615	0.025567280032425338
18.7	59.5	1.982901233261172	0.06842427829610902	3.2359534079606886	0.22493636887437432	0.02417629701562217	0.03421213914805451	1.900000000000011	0.0999999999999953	2.8490900722026304	0.1980448710604779	0.0311088156002353	0.04999999999999765
20.4	59.5	1.9819106583405226	0.09277932713181095	3.086513087571967	0.250821435916649	0.036554070521618576	0.04638966356590547	1.9000000000000001	0.0508285888981089	3.050155889537083	0.24786691592652343	0.01979003184933586	0.02541429444905445
22.099999999999998	59.5	1.9823979691299436	0.07996130113915716	3.915716976790239	0.316026155413657	0.039693807320660475	0.03998065056957858	1.9000000000000001	0.06421970411806902	2.4700521204493175	0.1993507395768979	0.020109720223949714	0.03210985205903451
23.8	59.5	1.9829638362558686	0.06964018340461606	3.8773505898128504	0.3133921442518892	0.034282137235703045	0.03482009170230803	1.9000000000000001	0.07162581985637456	3.0155318942659384	0.24373447396965425	0.02742246201435711	0.03581290992818728
25.5	59.5	1.977759554646933	0.04991904598439874	4.63475009757732	0.32472236053201414	0.02546234212499551	0.02495952299219937	1.9000000000000046	0.09999999999999924	3.1209843184067587	0.2186640862440879	0.03434767434741731	0.04999999999999962
27.2	59.5	1.9787734858748711	0.05337491593779134	5.786820321529504	0.34708327873439254	0.02909985148115167	0.02668745796889567	1.9000000000000064	0.09999999999999629	3.0034136148780126	0.18013945257105388	0.02829623904094444	0.04999999999999814
28.9	59.5	1.975369469112168	0.04518248894775895	7.002748208981448	0.3803269817677571	0.026992752025826443	0.022591244473879474	1.9000000000000001	0.09999999999999915	3.161007653363684	0.17167781337713603	0.026967087864498276	0.04999999999999957
30.599999999999998	59.5	1.9758225431999934	0.04455233710490856	9.296691131781254	0.5082351797971655	0.035567643421893474	0.02227616855245428	1.9000000000000001	0.09999999999999999	2.8962144525144176	0.15833139470158838	0.024870637321356796	0.049999999999999996
32.3	59.5	1.9764514721815793	0.039324352472479736	16.851939827557835	0.6594465258052273	0.04073437355091096	0.019662176236239868	1.9000000000000001	0.09999999999999999	3.124988149441234	0.12228637174229526	0.01920869835498726	0.049999999999999996
34.0	59.5	1.9805469696720897	0.03222564410982155	302.472545706605	0.8725182133171242	0.04416680511999573	0.016112822054910776	1.9599999999999997	0.03923026175707094	74.44636122634297	0.2147494276990561	0.013233450524924605	0.01961513087853547
35.699999999999996	59.5	1.977472733917085	0.027552072338899003	686.3165548383936	0.7747102148906487	0.033528446348704846	0.013776036169449501	1.9599999999999997	0.039491175470331666	297.88531687013875	0.33625124764704906	0.020858536915313326	0.019745587735165833
37.4	59.5	1.977320874092281	0.027683943084601308	715.2567163833309	0.7927373044651296	0.034472844499057326	0.013841971542300654	1.9599999999999997	0.03918152471062638	301.22047367745347	0.33385035174531497	0.020547218880609307	0.01959076235531319
39.1	59.5	1.9769873895684664	0.027902165788136226	800.4745935688388	0.791784774993963	0.034702833652561424	0.013951082894068113	1.9599999999999997	0.03862087304726833	313.60490181562636	0.31020045934754054	0.018818473882944938	0.019310436523634164
40.8	59.5	1.9772358390770894	0.0277476833098425	881.8238075370616	0.8239051464263603	0.0359106959486454	0.01387384165492125	1.9599999999999997	0.03706905720766626	316.9853400284643	0.2961655727129879	0.0172451108720827	0.01853452860383313
42.5	59.5	1.9767415091918414	0.027611534130081907	853.5765483483082	0.8081132715583778	0.03504956670702136	0.013805767065040954	1.9599999999999997	0.03759915035232133	342.8492365041352	0.32458836726333296	0.01917038608141419	0.018799575176160665
44.199999999999996	59.5	1.9764534610042148	0.02764904328157954	831.284909344513	0.7880081409604985	0.03422399388354805	0.01382452164078977	1.9599999999999997	0.03733333654059641	323.3659388730651	0.3065314785303124	0.017975946310462898	0.018666668270298205
45.9	59.5	1.9761879454486209	0.027789389902042005	695.6652616322248	0.798111415831535	0.03483873778743905	0.013894694951021002	1.9599999999999997	0.03774078986624514	270.22322288009485	0.3100172610277752	0.018378782455726862	0.01887039493312257
47.6	59.5	1.975587142356185	0.027164839776502307	836.883866039156	0.7747926349768623	0.033060735312832844	0.013582419888251153	1.9599999999999997	0.03766996676901404	383.6078948532212	0.35514673386874474	0.02101468764189573	0.01883498338450702
49.3	59.5	1.9759504153802268	0.026826382148395413	763.6795480783567	0.7582500813399146	0.03195173528844089	0.013413191074197707	1.9599999999999997	0.03804475927841878	386.6232874612928	0.38387454515850317	0.02294056090867883	0.01902237963920939
51.0	59.5	1.9754960556364785	0.026496486361630933	886.6178540111714	0.769382696099135	0.032022156707842274	0.013248243180815467	1.9599999999999997	0.03765607462304429	410.7305347425348	0.35642071131410935	0.021082293521183897	0.018828037311522144
52.699999999999996	59.5	1.975652872376342	0.026664763030885497	1005.1229018806055	0.77816138192775	0.03259322086670782	0.013332381515442748	1.9599999999999997	0.036524496569165725	451.1208163305076	0.34925559570407805	0.020037682398105053	0.018262248284582863
54.4	59.5	1.9758572306322117	0.02714022008019049	557.0733246901978	0.8438054682463588	0.0359729105301043	0.013570110040095245	1.9599999999999997	0.03461675812496968	166.18041774668075	0.25171541877022285	0.01368724652627201	0.01730837906248484
56.1	59.5	1.9756635455118163	0.027110312271347414	609.0528849142204	0.8384877212149164	0.0357068142468904	0.013555156135673707	1.9599999999999997	0.03467867246430193	175.40881128887472	0.2414866395047788	0.013154533426988533	0.017339336232150965
57.8	59.5	1.9760329928194005	0.026772350294028864	1191.4612094165639	0.8007698708761118	0.033675503681373314	0.013386175147014432	1.9599999999999946	0.036473802387143185	488.65859130223595	0.32842284244504105	0.018816301935164786	0.018236901193571593
59.5	59.5	1.9764326583001701	0.027120358123759895	1068.3114574967885	0.8085611788055164	0.034445158139878924	0.013560179061879948	1.9599999999999997	0.036893846708054706	436.3929262125737	0.330287929016139	0.019141083503146965	0.018446923354027353
61.199999999999996	59.5	1.9764625330239933	0.027153939148078163	1097.3242122004297	0.8118256021307767	0.034627047345904244	0.013576969574039081	1.9599999999999997	0.03611232512564458	427.8675392918938	0.316546212009045	0.017956117955383762	0.01805616256282229
62.9	59.5	1.9768071748526497	0.027027303714723602	1137.1758061520852	0.828426609088833	0.03517034585013569	0.013513651857361801	1.9599999999999997	0.03592337998474451	425.7947658481746	0.31018925317533685	0.017503456368565002	0.017961689992372257
64.6	59.5	1.9769001845465926	0.027092529814532147	1240.0954192001598	0.8379978313623915	0.035662544922638664	0.013546264907266074	1.9599999999999997	0.03559968161865038	435.62895115957417	0.2943774412019449	0.016461542096828336	0.01779984080932519
66.3	59.5	1.9768577071036761	0.02733358959815676	1239.7082807529125	0.8434384232907609	0.036213452227234134	0.01366679479907838	1.9599999999999997	0.035874385864954256	404.9680715296331	0.2755209729877828	0.015525979757261289	0.017937192932477128
68.0	59.5	1.9770512988931532	0.027148135098812032	1208.8741540420435	0.833735722418854	0.03555398530076397	0.013574067549406016	1.9599999999999997	0.03593822466525553	405.4386042275367	0.2796226939436913	0.015785157220423302	0.017969112332627765
69.7	59.5	1.976997730756873	0.027260227365713426	1214.306793007088	0.8320439465551819	0.035628342294501424	0.013630113682856713	1.9599999999999995	0.03561717372306699	395.60382030086475	0.27106804129812456	0.015165531981171694	0.017808586861533495
71.39999999999999	59.5	1.9770567676504573	0.027167740686288706	1206.7023316659854	0.840370606947117	0.0358628049597175	0.013583870343144353	1.9599999999999997	0.03563010291084118	413.09250528251386	0.28768552962874566	0.016101078652507827	0.01781505145542059
73.1	59.5	1.9770513089174053	0.027301691330204707	1163.662434255667	0.824103802012091	0.035342018270823	0.013650845665102353	1.9599999999999997	0.03618566275239525	396.8154456554265	0.2810240391329078	0.01597349241535616	0.018092831376197625
74.8	59.5	1.9769640181811847	0.027229518237693384	1184.8582358070398	0.8496961496715424	0.03634322684941682	0.013614759118846692	1.9599999999999997	0.03628701499136215	396.4798706430032	0.28432719571566945	0.01620651079531543	0.018143507495681076
76.5	59.5	1.9769903894026108	0.027180648108550528	1170.9950330870538	0.8416075053974986	0.03593265311985358	0.013590324054275264	1.9599999999999997	0.03656822089826743	402.32172807542753	0.28915322129090487	0.016609315840580174	0.018284110449133716
78.2	59.5	1.9769795057426283	0.02742197804715633	1191.1813486408919	0.8236015865144708	0.03547609673040848	0.013710989023578165	1.9599999999999997	0.03611684010105559	405.44533011712787	0.28033130094787867	0.015903811366087265	0.018058420050527796
79.89999999999999	59.5	1.9768873691895907	0.027350507034217757	1168.8925923784598	0.8322814716509452	0.03575653982624788	0.013675253517108878	1.9599999999999997	0.03612073155856421	402.6687632055513	0.2867104753796522	0.01626746853573554	0.018060365779282106
81.6	59.5	1.9770385660521468	0.02748545797981558	1166.1504343826975	0.8339814763033346	0.036006363323639594	0.01374272898990779	1.9599999999999997	0.03587488328001544	390.98935354165553	0.2796190514289572	0.015757130501266377	0.01793744164000772
83.3	59.5	1.9769367599858918	0.027305517715796538	1150.8854134547653	0.8327761920474066	0.03571894253406007	0.013652758857898269	1.9599999999999995	0.036935822300657215	390.2098236994052	0.28235430502539144	0.01638181672783762	0.018467911150328607
85.0	59.5	1.976976911114859	0.027353368033570916	1156.8397629029255	0.8479410188412112	0.03643311716955691	0.013676684016785458	1.9599999999999997	0.03638761216320676	393.6613348035785	0.28854609256696856	0.0164925812286478	0.01819380608160338
86.7	59.5	1.9769154250656895	0.027606810176312276	1140.043969604823	0.8226519523015701	0.03567403538834643	0.013803405088156138	1.9599999999999997	0.03695828206376691	382.1420139594999	0.2757524115049768	0.01600851221799694	0.018479141031883455
88.39999999999999	59.5	1.9771663891747502	0.027251923986299456	1097.142149122908	0.8269459412877439	0.03539925856990245	0.013625961993149728	1.9599999999999997	0.03674051842865857	394.7708122599125	0.29754952099705484	0.017172139688615678	0.018370259214329283
90.1	59.5	1.9771096020475498	0.027458862513280932	1113.854898661034	0.8446567502546033	0.03643197177162777	0.013729431256640466	1.9599999999999997	0.03726414610218037	384.1885818588056	0.2913373002424949	0.01705324935302616	0.018632073051090187
91.8	59.5	1.9771824516779954	0.02729251976723157	1106.373749633448	0.8338185099256217	0.03574662483352592	0.013646259883615786	1.9599999999999997	0.036478632199239275	389.57022193225384	0.2935995743486911	0.01682340284011025	0.018239316099619637
93.5	59.5	1.97700698665199	0.02756490759377181	1117.5355525698606	0.8324970713588709	0.03604617047747463	0.013782453796885905	1.9599999999999989	0.036738126785232285	378.4292489321853	0.281907131033209	0.01626832902635514	0.018369063392616142
95.2	59.5	1.9771437196057051	0.027348610183200395	1127.7894253070992	0.8291008756372381	0.03561742445734254	0.013674305091600197	1.9599999999999997	0.03712577547343055	401.436201183053	0.29511812971887474	0.017210413338773066	0.018562887736715276
96.89999999999999	59.5	1.977412442039116	0.027317293422557346	1120.2444642452247	0.8286070492305946	0.03555544907386579	0.013658646711278673	1.9599999999999997	0.0371312293817045	385.7562018650919	0.28533085264134384	0.016642092814210835	0.01856561469085225
98.6	59.5	1.9773572995945683	0.027528295631420292	1118.076780935074	0.8457729832206343	0.03657236191797476	0.013764147815710146	1.9599999999999997	0.03639436576430399	375.73387127738556	0.2842251646989222	0.016248622886785594	0.018197182882151997
100.3	59.5	1.9775165601511238	0.027690961068868	1098.7200833901543	0.8532779027803221	0.037114909420646276	0.013845480534434	1.9599999999999997	0.036725596025230095	337.2976876363899	0.2619490331249642	0.015111428810904683	0.018362798012615048
102.0	59.5	1.97775088053503	0.02776980089453202	1246.3938865793302	0.8404717031289226	0.03666196506366464	0.01388490044726601	1.9599999999999997	0.036184992745720505	391.7266066072136	0.2641501468846648	0.015014097211048766	0.018092496372860253
103.7	59.5	1.9782205258602834	0.028095186302909404	1358.664906026448	0.859396802167456	0.03792674106747361	0.014047593151454702	1.9599999999999997	0.03581834139653753	399.929934208975	0.2529678252715123	0.014232809474668604	0.017909170698268764
105.39999999999999	59.5	1.9781733173660265	0.027975735022911855	707.6282500279492	0.9075190040098569	0.03988018011130422	0.013987867511455927	1.9599999999999997	0.03107204484087276	122.06565079048166	0.15654674304596736	0.007640710563429218	0.01553602242043638
0.0	61.199999999999996	1.9732803105707064	0.03778248914641489	63.96552942391446	0.8727426844722708	0.05179605226688954	0.018891244573207445	1.9199596638533374	0.09271832581439586	4.653392655941416	0.0634906712259856	0.009246883298979033	0.04635916290719793
1.7	61.199999999999996	1.9729599855694935	0.041326495259063505	25.747495198052363	0.7003695894874737	0.045464846955514136	0.020663247629531752	1.9000000000000001	0.09999999999999999	4.277239908174912	0.11634719166214293	0.01827577412957959	0.049999999999999996
3.4	61.199999999999996	1.9738558408283682	0.046654535933341644	10.09855776899419	0.5032700254793471	0.036882029913363756	0.023327267966670822	1.900000000000014	0.09999999999999999	3.540725090483537	0.17645497973721977	0.027717483401589273	0.049999999999999996
5.1	61.199999999999996	1.9754692439297281	0.06338661211455762	5.915167225729261	0.3852118927852642	0.03835456875473179	0.03169330605727881	1.900000000000014	0.09999999999998684	3.3565260540421478	0.218586170960065	0.03433543544321862	0.04999999999999342
6.8	61.199999999999996	1.9794274765135789	0.0646771589130469	4.913175270731359	0.3303380969914244	0.03356058124724975	0.03233857945652345	1.9000000000000001	0.09999999999999999	3.1794891603151845	0.21377344400478407	0.03357945406090093	0.049999999999999996
8.5	61.199999999999996	1.980448566645403	0.06199190157612341	4.007179952562868	0.3158941631184342	0.030760715765520995	0.030995950788061704	1.9000000000000024	0.09999999999999189	3.1042357125946505	0.24471322829544395	0.03843946401245731	0.049999999999995944
10.2	61.199999999999996	1.983842866826766	0.0948072598669163	3.3782869496535017	0.20532343549259324	0.030577360538331887	0.04740362993345815	1.9000000000000001	0.05765967327933902	3.130145972174261	0.1902420765844183	0.017230529832659564	0.02882983663966951
11.9	61.199999999999996	1.9910455554118878	0.09999999999999698	2.723860240577031	0.1882911966732574	0.029576712010215923	0.04999999999999849	1.9000000000000001	0.09999999999999999	3.44936284755515	0.23844272501618696	0.03745449566063921	0.049999999999999996
13.6	61.199999999999996	1.988952834906362	0.09999995813451443	2.823552377162922	0.21773787458846466	0.03420217104185784	0.049999979067257214	1.9000000000000001	0.09999999999999999	3.3243768738457327	0.2563588905581148	0.04026876036299016	0.049999999999999996
15.299999999999999	61.199999999999996	1.9848982332421852	0.09999999999999641	2.6771616331883634	0.20101911643496786	0.031576008971159183	0.049999999999998206	1.9000000000000001	0.09999999999999999	3.2794918151079386	0.24624607601431403	0.03868024316909414	0.049999999999999996
17.0	61.199999999999996	1.987305768388134	0.06826346467706793	2.734850791790656	0.19285692070607563	0.020679661810355812	0.03413173233853396	1.9000000000000001	0.08080573753937083	3.0363253866146764	0.2141163847336557	0.027177654761367877	0.040402868769685414
18.7	61.199999999999996	1.993038466293847	0.09999999999999903	2.66967501869694	0.18683189106515313	0.029347484821328394	0.04999999999999952	1.9000000000000006	0.09999999999999999	3.4642791960388526	0.2424406824204101	0.03808249334116282	0.049999999999999996
20.4	61.199999999999996	1.9808671334028622	0.07749101115122337	2.8367658826572795	0.19624042146692544	0.023886893477499338	0.03874550557561168	1.9000000000000001	0.09999999999999999	3.20297793971991	0.22157406244998812	0.034804772340946435	0.049999999999999996
22.099999999999998	61.199999999999996	1.9837537497463897	0.07972444629538027	3.2642434187010196	0.22974837056127675	0.028771587728330456	0.03986222314769013	1.9000000000000001	0.09999999999999999	2.975922298590842	0.20945536570624188	0.03290117190788465	0.049999999999999996
23.8	61.199999999999996	1.982499519465171	0.07089582683089728	3.538480293883434	0.23455887095109662	0.026121157115110896	0.03544791341544864	1.9000000000000001	0.09999999999999999	3.339771262092687	0.22138684164088943	0.03477536376502326	0.049999999999999996
25.5	61.199999999999996	1.9812182253050692	0.06198296629519484	4.427451048337225	0.29428087716206847	0.02865195597463306	0.03099148314759742	1.9000000000000001	0.09999999999999998	3.1977584561006616	0.21254648626033742	0.03338672398908999	0.04999999999999999
27.2	61.199999999999996	1.9827129099855838	0.060377720906161406	4.705312809432654	0.32325174952465324	0.03065755221934697	0.030188860453080703	1.9000000000000024	0.09999999999986608	3.548493128792908	0.2437790341502981	0.03829272113923831	0.04999999999993304
28.9	61.199999999999996	1.978521084219241	0.060532716695440594	6.409975092526403	0.4445174458077381	0.04226674976366302	0.030266358347720297	1.9000000000000001	0.05694406786134467	3.1472337902560708	0.21825362900950657	0.01952224860230397	0.028472033930672335
30.599999999999998	61.199999999999996	1.977183040356695	0.04772948408014639	8.215707973357942	0.45172301203157605	0.03386716411778041	0.023864742040073196	1.900000000000051	0.09999999999999963	2.703627805248485	0.14865315314998911	0.023350382693448125	0.049999999999999815
32.3	61.199999999999996	1.976734897988285	0.04507247365475244	10.795294877495936	0.5342437590139691	0.03782428507336642	0.02253623682737622	1.9000000000000001	0.09999999999999787	3.1145180187251986	0.1541330582186421	0.024211164168750177	0.049999999999998934
34.0	61.199999999999996	1.9767675566210376	0.035456777938873536	31.339533504256078	0.780087225271413	0.043447251750500314	0.017728388969436768	1.9000000000000001	0.09999999999999999	3.963959723721697	0.09866880569698823	0.015498859755806848	0.049999999999999996
35.699999999999996	61.199999999999996	1.9781962130374264	0.02836676293243111	668.3205073347792	0.800888705233597	0.03568632490337658	0.014183381466215556	1.9599999999999997	0.039217673660786545	282.0646990806615	0.3380151127483729	0.020822737463651392	0.019608836830393273
37.4	61.199999999999996	1.9780628481929519	0.02894668069127082	591.1851830926083	0.8002668035580388	0.03638760314381674	0.01447334034563541	1.9599999999999997	0.03947160635998362	221.52251885258192	0.29986732270742805	0.0185923300467262	0.01973580317999181
39.1	61.199999999999996	1.9776196940037079	0.027983792585200527	765.7292018861008	0.795838960689857	0.03498256474872347	0.013991896292600264	1.9599999999999997	0.03861882258165723	288.9019678657169	0.3002620786580714	0.018214589692323167	0.019309411290828617
40.8	61.199999999999996	1.977286307518031	0.027889998628099603	872.1820003505474	0.8185463322640761	0.035860111600020395	0.013944999314049801	1.9599999999999997	0.0380187644905263	323.76359213038836	0.30385343970920825	0.018146047083926527	0.01900938224526315
42.5	61.199999999999996	1.9769952152577586	0.027789405064949566	947.7563583464068	0.8136985319270797	0.03551915772327008	0.013894702532474783	1.9599999999999997	0.03706614741819775	359.68648158412645	0.30880970561850507	0.017979941197956803	0.018533073709098874
44.199999999999996	61.199999999999996	1.976550757270969	0.027683947569248815	908.4632183059259	0.7879034993292716	0.03426264799149988	0.013841973784624408	1.9599999999999997	0.03674560201382438	363.5902615952401	0.31533917241816667	0.018201331834155204	0.01837280100691219
45.9	61.199999999999996	1.9766255536706467	0.027713815697804137	742.9350259656416	0.8082798972433031	0.035186654698351104	0.013856907848902068	1.9599999999999997	0.03729352502145144	269.67401646901646	0.2933932022352194	0.01718712990642906	0.01864676251072572
47.6	61.199999999999996	1.9761959195518273	0.02720287147284682	869.31177953495	0.7895197802230431	0.033736314891389944	0.01360143573642341	1.9599999999999997	0.037400992973283836	367.86671272518595	0.33410112806424397	0.01962822156249653	0.018700496486641918
49.3	61.199999999999996	1.976185813270142	0.02699184274366561	870.3906182657707	0.7883831772468103	0.03342641191123801	0.013495921371832805	1.9599999999999997	0.03719309349131031	372.8553325707093	0.3377252300021396	0.01973084500207946	0.018596546745655154
51.0	61.199999999999996	1.976234561974334	0.02723669823507445	935.9699753853607	0.7950479248153391	0.034014778287650094	0.013618349117537225	1.9599999999999997	0.03801176295983626	376.7676831550254	0.32004057021867083	0.019109218438881213	0.01900588147991813
52.699999999999996	61.199999999999996	1.9765823534471791	0.02740058540039272	1112.6704615414992	0.8338741323404018	0.035890558804665684	0.01370029270019636	1.9599999999999997	0.03627966210647239	411.56689013343464	0.308442611961309	0.017577515224790886	0.018139831053236195
54.4	61.199999999999996	1.9770440366496795	0.028835097418675595	677.924107975549	0.9014419997152451	0.04082997262621384	0.014417548709337797	1.9599999999999997	0.031401735856356666	142.0847171723402	0.18893137162401802	0.009319178078074234	0.015700867928178333
56.1	61.199999999999996	1.9767809722149243	0.027911936822982875	639.9914186513082	0.9031500809111822	0.03959768309789383	0.013955968411491437	1.9599999999999997	0.02992307806995397	121.78805412109789	0.17186619652694646	0.008078237339591239	0.014961539034976984
57.8	61.199999999999996	1.9770953949366141	0.0282897987657036	487.11696712785226	0.8811629285163445	0.039156688198386934	0.0141448993828518	1.9599999999999997	0.030373340141417522	90.76971062497961	0.1641965060393704	0.007833869672974168	0.015186670070708761
59.5	61.199999999999996	1.9767183030221611	0.028935047331740318	358.7877041756419	0.8839642520059108	0.040177117616430384	0.014467523665870159	1.9599999999999997	0.032530297578627035	74.16503955548812	0.18272433239117303	0.009336934172551483	0.016265148789313517
61.199999999999996	61.199999999999996	1.977064360878421	0.02981434792545347	375.0090127120522	0.8464367493882476	0.03964055286768559	0.014907173962726734	1.9599999999999997	0.035750427880341086	99.55466747354058	0.22470587710230622	0.012618727225136163	0.017875213940170543
62.9	61.199999999999996	1.97794679401284	0.02962120617748794	444.6573790183451	0.88623947891713	0.04123573201316829	0.01481060308874397	1.9599999999999997	0.03219249150460066	93.40125037277086	0.1861565316723503	0.009413535087200874	0.01609624575230033
64.6	61.199999999999996	1.9783746840426335	0.029198767354417395	705.5941447632578	0.9074089514729718	0.041618598760826596	0.014599383677208698	1.9599999999999997	0.03139833477046873	132.09248562790842	0.16987372240921197	0.008378238057347722	0.015699167385234365
66.3	61.199999999999996	1.9784112482815182	0.029433693039674	853.2995137653285	0.9001687814807201	0.04161870671949949	0.014716846519837	1.9599999999999997	0.03289859362330694	170.583869473842	0.1799535467293897	0.009299457638435803	0.01644929681165347
68.0	61.199999999999996	1.9783810854523687	0.028728440864021838	1072.2955697700122	0.8675348001763801	0.039148834651585016	0.014364220432010919	1.9599999999999997	0.03512159734926179	264.39307882169936	0.2139057581416629	0.011800940269574687	0.017560798674630895
69.7	61.199999999999996	1.9781590830578912	0.028378732414830767	1108.3646117128026	0.8528108629583426	0.03801592776540684	0.014189366207415384	1.9599999999999997	0.035469719045656885	308.8100370338719	0.2376082305317183	0.013238509932785265	0.017734859522828442
71.39999999999999	61.199999999999996	1.97801670314509	0.027953820218194012	1175.9610693193913	0.8691938800734167	0.038166093032212065	0.013976910109097006	1.9599999999999997	0.03577716151233481	367.70083665149633	0.27178052509878736	0.015273694227568154	0.017888580756167404
73.1	61.199999999999996	1.9776863900773085	0.027910949011736654	1196.8191552744634	0.8590017301225807	0.03766071135566544	0.013955474505868327	1.9599999999999997	0.036019328158401726	379.50370117832	0.27238395580770963	0.015411219561771024	0.018009664079200863
74.8	61.199999999999996	1.9776088450741234	0.02779756865115707	1226.2351880514793	0.8563339431497307	0.037391238233920814	0.013898784325578535	1.9599999999999997	0.03580653424391825	393.9321143729012	0.27510011466095297	0.015472943354366449	0.017903267121959124
76.5	61.199999999999996	1.9776207409893318	0.02762247843612268	1221.9234542309232	0.8556840851909183	0.03712752292222573	0.01381123921806134	1.9599999999999997	0.036342673152844354	388.776813529886	0.2722512043425362	0.015541987485076236	0.018171336576422177
78.2	61.199999999999996	1.977538334178699	0.027642626894309383	1214.1066484870794	0.8511075963319701	0.03695588914057925	0.013821313447154692	1.9599999999999997	0.03631500421492181	391.52585747393084	0.27446570025104106	0.015656477373299352	0.018157502107460904
79.89999999999999	61.199999999999996	1.9775380469262358	0.02768543591732646	1213.7389362747185	0.8449134021778103	0.0367437470009614	0.01384271795866323	1.9599999999999997	0.036132107182803526	373.7353264660311	0.2601663148153109	0.014766046516748925	0.018066053591401763
81.6	61.199999999999996	1.9775677028927647	0.027542345005185376	1213.195328001565	0.8439886286310013	0.03651382976020184	0.013771172502592688	1.9599999999999997	0.035707180206180446	397.48980080247213	0.2765233793198844	0.015509838941816553	0.017853590103090223
83.3	61.199999999999996	1.977525918379192	0.027390429207081388	1192.3668665407947	0.8499940844826223	0.03657081323577941	0.013695214603540694	1.9599999999999997	0.03635913002759153	397.92707797905524	0.28366744483509176	0.0162010386089588	0.018179565013795765
85.0	61.199999999999996	1.9775864511781602	0.027447156884096494	1195.1460198867806	0.8479478954644757	0.03655833501651714	0.013723578442048247	1.9599999999999997	0.036652263093114416	382.4452614074542	0.2713422871721844	0.015622054685382802	0.018326131546557208
86.7	61.199999999999996	1.9776693938273857	0.027644367711013407	1201.6294740778126	0.8458523349906046	0.03673001372662095	0.013822183855506704	1.9599999999999997	0.036286538900033395	387.223599419788	0.27257486005331166	0.015536429579797516	0.018143269450016698
88.39999999999999	61.199999999999996	1.9775915292671111	0.02769780088681921	1202.4431392937693	0.8469446400154763	0.036848531917357104	0.013848900443409605	1.9599999999999997	0.03631073798984815	384.3083193521821	0.2706887839867882	0.015439214958060872	0.018155368994924075
90.1	61.199999999999996	1.9777287582834797	0.02736357180127022	1211.0806230811659	0.8550544174613979	0.036752460356648683	0.01368178590063511	1.9599999999999997	0.03633004735564751	398.75592980909005	0.28153205721741514	0.01606621945278808	0.018165023677823754
91.8	61.199999999999996	1.977646756203437	0.027532036358909003	1234.1918218926073	0.8571435575825134	0.03706907736214713	0.013766018179454501	1.9599999999999997	0.03615520004990889	390.5412969145281	0.27123008812914934	0.015403822692144808	0.018077600024954444
93.5	61.199999999999996	1.9776188783689723	0.027575571682075993	1246.0333268306567	0.8586272513474523	0.03719196032768596	0.013787785841037997	1.9599999999999997	0.03619624162853263	401.40129591986846	0.27660102180382734	0.01572668310736903	0.018098120814266316
95.2	61.199999999999996	1.9776925719582117	0.02760099226465311	1210.9969993081736	0.8500695333281199	0.03685522133022821	0.013800496132326555	1.9599999999999997	0.036837819930081436	390.1568997253005	0.2738739186502572	0.01584763549090437	0.018418909965040718
96.89999999999999	61.199999999999996	1.9777389193492951	0.02774298197093823	1219.9080281534802	0.8530154001886828	0.03717319488893146	0.013871490985469115	1.9599999999999997	0.036521570136583525	391.0103039083214	0.2734122599152958	0.015685100369350027	0.018260785068291763
98.6	61.199999999999996	1.9778283053213206	0.02767796154805352	1251.8041233540994	0.8635179745294848	0.0375426876959771	0.01383898077402676	1.9599999999999997	0.03605732574743164	395.73455008465004	0.27298511865004466	0.015461526290268233	0.01802866287371582
100.3	61.199999999999996	1.9779164633848343	0.027930509252396436	1251.0236380822648	0.8615359716546092	0.0377982894531863	0.013965254626198218	1.9599999999999997	0.03610702891883432	372.4919840002528	0.25652212604164093	0.014549111141899012	0.01805351445941716
102.0	61.199999999999996	1.9780702358443032	0.027920545263021873	1269.10634021623	0.8558848023945266	0.03753695911189988	0.013960272631510937	1.9599999999999997	0.03586387026346308	375.81642284502226	0.2534504435211679	0.014278089087393257	0.01793193513173154
103.7	61.199999999999996	1.9783256890391046	0.028087818876221356	1273.8430925791765	0.8772509272351144	0.038704523834597576	0.014043909438110678	1.9599999999999997	0.035882021048714914	345.36340550780113	0.23783962834964625	0.013405437470033447	0.017941010524357457
105.39999999999999	61.199999999999996	1.978979945954937	0.029462128124408783	906.1560904926226	0.9017597365815554	0.041732541227542636	0.014731064062204391	1.9599999999999997	0.0324692050734185	159.62549474911654	0.15885104741547362	0.008101801826667532	0.01623460253670925
0.0	62.9	1.9767320745814416	0.029765785580594627	103.22125922634167	0.6960690156354775	0.03254539360542844	0.014882892790297314	1.9592889373875249	0.045169098687123405	40.78402556318822	0.27502567533274136	0.019513471635349344	0.022584549343561702
1.7	62.9	1.9722414582458108	0.03911666751107395	46.059694204552244	0.8352607732343871	0.05132202826522805	0.019558333755536974	1.9014809899635876	0.09999999999999999	4.1944567306533695	0.07606357863742509	0.01194803899265421	0.049999999999999996
3.4	62.9	1.9724820009663537	0.04367268425486226	15.705501315262168	0.648326932655379	0.044475805893495306	0.02183634212743113	1.9000000000000001	0.09999999999999999	3.246136382110053	0.13400130319617937	0.021048875484628776	0.049999999999999996
5.1	62.9	1.974471341136352	0.051489162514757644	7.709236099277792	0.5135870822679067	0.04153840312880466	0.025744581257378822	1.9000000000000001	0.09999999999999999	2.899742066800277	0.193179978954981	0.03034464013527996	0.049999999999999996
6.8	62.9	1.9748078836233771	0.052484809622532734	6.227230331709162	0.41825028412770293	0.034481785658925235	0.026242404811266367	1.9000000000000001	0.09999999999999776	3.13340371264431	0.21045423459398227	0.03305807386586514	0.04999999999999888
8.5	62.9	1.9796781994089996	0.06959867520742116	4.187522614305348	0.28633852522596165	0.03130405758913012	0.03479933760371058	1.9000000000000001	0.09999999999999999	2.9861906689973656	0.20419267212627965	0.03207450993343947	0.049999999999999996
10.2	62.9	1.9763032805137077	0.052207839573499025	3.5769427762514536	0.24924382488806007	0.020439958338158207	0.026103919786749512	1.9000000000000001	0.09999999999999999	3.4407996756678507	0.23975728030398993	0.03766098552238418	0.049999999999999996
11.9	62.9	1.9840766831981185	0.09571404100384123	3.4587282626572633	0.2354051129317638	0.035392514668324014	0.047857020501920616	1.9000000000000001	0.07267945545875501	2.823324019544022	0.19215875292646015	0.02193773132805663	0.036339727729377505
13.6	62.9	1.9885999396278382	0.08967674554981475	3.2846942630780203	0.21705968078810467	0.030575873713076813	0.044838372774907376	1.9000000000000001	0.08837878918063528	2.9608222161840474	0.1956575174558256	0.027162170006951293	0.04418939459031764
15.299999999999999	62.9	1.9890873723761797	0.09999999997863421	2.66556798638026	0.21171198396794907	0.03325564066842611	0.049999999989317104	1.9000000000000001	0.09999999999999999	2.6713704638129943	0.21217284409813156	0.03332803241549713	0.049999999999999996
17.0	62.9	1.9906700672765696	0.09999999999995476	2.994031318088596	0.224072124548921	0.035197167017841445	0.04999999999997738	1.9000000000000001	0.09999999999999999	3.0644672105478987	0.229343518997103	0.0360251957214865	0.049999999999999996
18.7	62.9	1.9898215828176842	0.08470374919194043	3.589186197089472	0.24801703553983923	0.032999246466327486	0.042351874595970215	1.9000000000000001	0.05486506295499997	3.5381513602837353	0.24449046761085227	0.02107063820446597	0.027432531477499984
20.4	62.9	1.99063386580111	0.09483743320272835	2.8408368308738052	0.22952963600452236	0.03419309683340576	0.04741871660136417	1.9000000000000001	0.05275210663535225	3.5004135273711405	0.28282111597225157	0.023435353905224204	0.026376053317676125
22.099999999999998	62.9	1.991072662619421	0.0848158139829132	3.048187761518563	0.1843720075970681	0.024563581872194935	0.0424079069914566	1.9000000000000001	0.09999999999999999	3.0185382160308323	0.18257863177720385	0.028679384414686978	0.049999999999999996
23.8	62.9	1.9785047203050177	0.035969489004031664	4.187696413995644	0.2755328307907979	0.015567809165777663	0.017984744502015832	1.9000000000000001	0.09999999999999999	3.6686468749941428	0.24138155174302045	0.03791612548339888	0.049999999999999996
25.5	62.9	1.9842529684997148	0.08115952869479565	3.571190536540379	0.27441092278501716	0.03498330106699348	0.04057976434739782	1.9000000000000001	0.09999999999999999	2.7318383366811063	0.20991494886586895	0.03297336306178455	0.049999999999999996
27.2	62.9	1.9791829983583895	0.05732847347548536	4.7106466742085225	0.31585981401633345	0.028443604417853003	0.02866423673774268	1.9000000000000001	0.09999999999999999	2.6464501261170277	0.17745063522075233	0.027873880599217884	0.049999999999999996
28.9	62.9	1.9794667486056712	0.05001195447763047	5.6240182096055635	0.3851362765669147	0.030255764535423793	0.025005977238815234	1.9000000000000141	0.09999999999999994	3.042485853538232	0.20835132986196492	0.03272775036300061	0.04999999999999997
30.599999999999998	62.9	1.9771323306564583	0.05055597359004755	6.908626642653071	0.45634791215497683	0.03624001954727098	0.025277986795023775	1.9000000000000001	0.0617369120099536	3.6044705640697776	0.23809256186778655	0.023089291568168226	0.0308684560049768
32.3	62.9	1.976102452251308	0.045242446828403275	9.11199521358005	0.45877454796422823	0.03260357908034291	0.022621223414201638	1.9000000000000081	0.09999999999999837	2.792071508894759	0.1405763846833413	0.022081686869469527	0.049999999999999184
34.0	62.9	1.9764195077966782	0.04116130503480125	15.044902380945722	0.6326774467152629	0.040906409921949015	0.020580652517400624	1.9000000000000001	0.09999999999999999	3.0718255089693143	0.1291782871406941	0.02029127789422587	0.049999999999999996
35.699999999999996	62.9	1.9798816128974277	0.032657986939037646	111.9947873890678	0.8093742265772157	0.041520125619174744	0.016328993469518823	1.9599999999999997	0.04123798346670143	19.2318936650502	0.13898681736579369	0.00900307581604721	0.020618991733350717
37.4	62.9	1.9777328645405936	0.02780858640950639	713.3460441666979	0.7949123259069752	0.034723062434514326	0.013904293204753195	1.9599999999999997	0.03911025338206628	287.8596583367761	0.3207744578027007	0.019706535781164516	0.01955512669103314
39.1	62.9	1.9773755203096837	0.02785564454183179	761.048631755737	0.7933215771711835	0.034712217276667144	0.013927822270915895	1.9599999999999995	0.03928828375239325	309.21696526800855	0.3223295862296968	0.01989221320991556	0.019644141876196626
40.8	62.9	1.977312235106629	0.02771964666379288	855.0056523749322	0.8203337343826649	0.03571890514633213	0.01385982333189644	1.9599999999999997	0.038514687625117804	317.710797943906	0.3048270904491415	0.018441651795796578	0.019257343812558902
42.5	62.9	1.9773451842339582	0.027639222172254937	987.9493543030273	0.837180780748221	0.03634669641407487	0.013819611086127469	1.9599999999999997	0.03743701470431412	350.2334208124553	0.29678514126540695	0.01745272481288829	0.01871850735215706
44.199999999999996	62.9	1.9772780879573326	0.028328503967955963	929.8622372197332	0.8466557765399998	0.03767475118783726	0.014164251983977982	1.9599999999999997	0.03545288524161051	283.22562634734163	0.2578818700371323	0.01436125100280335	0.017726442620805256
45.9	62.9	1.9768388289247136	0.0276590117620184	827.9854731395986	0.8088753004677447	0.03514294154961563	0.0138295058810092	1.9599999999999997	0.03730247436249274	296.49768474411763	0.28965442222795307	0.016972182027834046	0.01865123718124637
47.6	62.9	1.9765802531404824	0.02734850706239052	954.8698019603598	0.8187661250849423	0.03517332028670107	0.01367425353119526	1.9599999999999997	0.03732517523739591	356.10891172151685	0.30535043956762	0.017902772047577186	0.018662587618697955
49.3	62.9	1.9767841052422688	0.02724199124882514	939.7754171016632	0.8071880754219639	0.03454088522105242	0.01362099562441257	1.9599999999999997	0.03708439262357168	359.40146074278874	0.3086956395343029	0.017982146949505586	0.01854219631178584
51.0	62.9	1.9768323977033648	0.0275051691766392	1035.9058134639813	0.8203454310432033	0.03544303969732519	0.0137525845883196	1.9599999999999997	0.03678438130635609	376.41954203521317	0.29809085676561753	0.01722391954372674	0.018392190653178046
52.699999999999996	62.9	1.9776773996271886	0.028101965772827295	1172.3354430000115	0.8380501928465338	0.03699360098053387	0.014050982886413647	1.9599999999999997	0.035816990478873094	371.8732766334691	0.2658355789360436	0.014956227897678868	0.017908495239436547
54.4	62.9	1.9770811580277394	0.027779302560936654	611.4708614764708	0.9121627847276166	0.0398027945119245	0.013889651280468327	1.9599999999999997	0.03202469577579358	118.70782444071166	0.17708261592275923	0.008908012519023121	0.01601234788789679
56.1	62.9	1.9775664649251288	0.028131877423921287	642.6675384759469	0.9264187266796473	0.04093793374537078	0.014065938711960643	1.9599999999999997	0.029672280703728807	109.6242894077752	0.15802571084755862	0.00736543766656315	0.014836140351864403
57.8	62.9	1.9775366296982166	0.028487098693122565	427.52785041855356	0.870069605811114	0.03893337877089414	0.014243549346561283	1.9599999999999997	0.030037322169765557	74.30168521232345	0.15121269386426436	0.007134595246495888	0.015018661084882779
59.5	62.9	1.9772782960388293	0.02857588607446209	265.71318833374613	0.880183960000525	0.039508726648567284	0.014287943037231046	1.9599999999999997	0.03293187932577149	57.15236163452873	0.18931913881397955	0.009793341809498663	0.016465939662885745
61.199999999999996	62.9	1.976122401729633	0.028873278279897843	157.64341923764607	0.8186890794924343	0.03713085682052905	0.014436639139948922	1.9599999999999997	0.03727087812699803	37.74832091994055	0.19603823778868568	0.011477050487578657	0.018635439063499015
62.9	62.9	1.9765577880588865	0.027871279224558235	182.42450912546252	0.8604473243834472	0.037670472512544156	0.013935639612279118	1.9599999999999997	0.032577321472189294	46.114013608018496	0.21750739424115628	0.0111303616575092	0.016288660736094647
64.6	62.9	1.9768249401806093	0.0283314451418342	224.45861467895227	0.8724133848592625	0.03882495176394043	0.0141657225709171	1.9599999999999997	0.03291599366690244	41.75359882708989	0.16228558897103879	0.008390866339155924	0.01645799683345122
66.3	62.9	1.9771831937905102	0.02776552918758112	232.688732870778	0.8901269181079895	0.03882198762609084	0.01388276459379056	1.9599999999999997	0.03227586019430618	43.134946673692156	0.16500832108071503	0.008365724303993592	0.01613793009715309
68.0	62.9	1.976996667885477	0.02844527079010508	223.6091786651671	0.8772175194232925	0.039195593610014755	0.01422263539505254	1.9599999999999997	0.03355582117594278	36.58674341682375	0.14352958360417323	0.007565352585527744	0.01677791058797139
69.7	62.9	1.9774325439428972	0.028007678549537205	224.7113940083151	0.8576088489818561	0.03772995123006264	0.014003839274768603	1.9599999999999997	0.03282161551058945	41.09443066491978	0.15683649481878267	0.008085873789038432	0.016410807755294726
71.39999999999999	62.9	1.9772450148409204	0.028943408444973177	225.438640928011	0.8808722357339865	0.040048151209423184	0.014471704222486588	1.9599999999999997	0.03314957989865817	37.3976174582608	0.14612633737488703	0.007608979341141447	0.016574789949329084
73.1	62.9	1.9773108930419756	0.02898190777697461	227.9298877574354	0.8096422621914419	0.036858700269247834	0.014490953888487305	1.9599999999999997	0.03299612331625394	37.35758998315735	0.1326999454155489	0.006877863291471009	0.01649806165812697
74.8	62.9	1.977557907101546	0.028778353748391567	236.80821584360288	0.9039676602263165	0.04086379693541469	0.014389176874195784	1.9599999999999997	0.033903934952777354	39.37589345173828	0.15030954118752607	0.008004911453270471	0.016951967476388677
76.5	62.9	1.9776216120939785	0.028055554881394586	246.66556278970515	0.880986654464889	0.038824696478080276	0.014027777440697293	1.9599999999999997	0.03344581904921442	45.39195989011088	0.16212117504739187	0.008517290414207065	0.01672290952460721
78.2	62.9	1.9779148168316614	0.027873469781146885	263.76654995603167	0.8837069805235296	0.03869182341824716	0.013936734890573442	1.9599999999999997	0.03152739954378829	50.34071428135556	0.16865838607052364	0.008352490065271922	0.015763699771894145
79.89999999999999	62.9	1.9779128759420652	0.028161467159013513	275.8398676186122	0.8861031405456211	0.03919759576296342	0.014080733579506757	1.9599999999999997	0.03312142332991109	50.7081652759945	0.1628940185125485	0.008474888747170865	0.016560711664955544
81.6	62.9	1.9777631095652823	0.028551668482345468	290.96370246952546	0.889473180669296	0.039891854574293076	0.014275834241172734	1.9599999999999997	0.0342865204853628	47.74986296607393	0.14597086209887364	0.007861573219766934	0.0171432602426814
83.3	62.9	1.9781251901619064	0.028671688877641228	312.57532903900494	0.8986058368763806	0.04047085575544405	0.014335844438820614	1.9599999999999997	0.03220936797818269	54.083388908449095	0.15548139739820324	0.007866481312599278	0.016104683989091345
85.0	62.9	1.9780862699381365	0.028924627599105017	312.8126897712874	0.9061575078230939	0.04117099342114431	0.014462313799552508	1.9599999999999997	0.03303925394768167	53.952706239862515	0.1562904940409256	0.008111154485546295	0.016519626973840833
86.7	62.9	1.9782960248773425	0.028906676516355836	371.0967403937516	0.9148102592151497	0.04153833321674974	0.014453338258177918	1.9599999999999997	0.03214938957891707	59.35749237139064	0.14632530300594213	0.0073894487349898	0.016074694789458534
88.39999999999999	62.9	1.9783869991397594	0.029134613262671482	403.68135107057975	0.9355072707400197	0.042813063182226295	0.014567306631335741	1.9599999999999997	0.0321978408318266	59.29069747381269	0.13740262815435547	0.006949309687218067	0.0160989204159133
90.1	62.9	1.9785444359204476	0.028853218898369778	446.79895338887104	0.913539371714141	0.04140391581983099	0.014426609449184889	1.9599999999999997	0.02997055395242277	68.3197273183809	0.13968869062187403	0.006576213338860727	0.014985276976211385
91.8	62.9	1.9787067758706018	0.028935939401622986	474.81857851703455	0.9074149997431633	0.04124425062552298	0.014467969700811493	1.9599999999999997	0.030738047614230588	76.55118007493917	0.14629522135589246	0.00706360322904859	0.015369023807115294
93.5	62.9	1.9787066480843307	0.028659158735323254	511.7918666244123	0.9338155809297611	0.04203823086401352	0.014329579367661627	1.9599999999999997	0.03040816136315791	81.09239978370914	0.14796121500028683	0.00706737160312355	0.015204080681578955
95.2	62.9	1.97891773815435	0.02920013217338963	563.2674966167096	0.9068276553585746	0.041593881535407703	0.014600066086694815	1.9599999999999997	0.032176664857654615	90.84574056728408	0.14625631766926223	0.0073922311577863985	0.016088332428827307
96.89999999999999	62.9	1.9789836685473818	0.029073235192031116	607.435397107253	0.9173347471150256	0.041892963445845435	0.014536617596015558	1.9599999999999997	0.030855036192866673	94.07551983160147	0.14207065246018122	0.00688573511831173	0.015427518096433336
98.6	62.9	1.9788883306310308	0.029132487347341467	648.8530593091971	0.9128377928798816	0.041772556564412595	0.014566243673670733	1.9599999999999997	0.030614909885664954	102.44731906843612	0.144127831846021	0.006931076877446511	0.015307454942832477
100.3	62.9	1.9793253584081598	0.029826347391739852	760.636433790405	0.9090769209215601	0.0425912691156	0.014913173695869926	1.9599999999999997	0.03387349688596332	128.4668115717407	0.15353749612318593	0.008169479055709247	0.01693674844298166
102.0	62.9	1.9794015802344096	0.03040740772885396	777.2938349916284	0.8932867109459437	0.042666807437480435	0.01520370386442698	1.9599999999999997	0.038207043889745634	131.47167051443304	0.15109073409500487	0.00906778356480042	0.019103521944872817
103.7	62.9	1.979287906486461	0.029428749986634573	754.9506682498358	0.9360089939447378	0.043268487508013424	0.014714374993317287	1.9599999999999997	0.03122509639851077	108.88621577156339	0.13500018155499244	0.0066215249130483255	0.015612548199255385
105.39999999999999	62.9	1.9799815405293844	0.029816716502763213	857.7678930538767	0.8956600989834596	0.04194912632843413	0.014908358251381607	1.9599999999999997	0.032466670852253875	148.36042315081266	0.15491429833237946	0.007900401075449452	0.016233335426126937
0.0	64.6	1.9766680204814366	0.03015923890627285	208.9502488460778	0.7314664809271952	0.03465250893507646	0.015079619453136425	1.9599999999999997	0.043546022682738945	90.38715637726601	0.3164158720145784	0.02164345711205734	0.021773011341369473
1.7	64.6	1.976454202590433	0.030196273153674395	65.83487188188992	0.6763470044766631	0.03208062297200301	0.015098136576837198	1.959999999999955	0.05014290813131778	33.861015321956295	0.34786725677282637	0.02739951954898098	0.02507145406565889
3.4	64.6	1.9723115679098255	0.03913462957987113	29.438307193048377	0.7647330417936806	0.047010076684837504	0.019567314789935564	1.9000000000000001	0.09999999999999999	4.144271836796087	0.10765773952251412	0.016910838179300693	0.049999999999999996
5.1	64.6	1.9732152977295487	0.04575109427622714	11.894003285246695	0.5300158272027151	0.03808993237527468	0.02287554713811357	1.9000000000000505	0.09999999999999869	3.26835565802616	0.1456431603504034	0.02287757413012108	0.049999999999999344
6.8	64.6	1.9755857857730594	0.06277795925139751	6.181929254686729	0.37847970416319165	0.03732240888006665	0.031388979625698754	1.900000000000018	0.09999999999999987	3.3505450230864344	0.20513228749128895	0.032222104369835095	0.04999999999999993
8.5	64.6	1.9797268612844567	0.06243506931267093	4.669238665166803	0.3533641341901996	0.034655402122883455	0.031217534656335463	1.9000000000000001	0.09999999999999999	3.1851186257659787	0.24104715269393193	0.037863598203599684	0.049999999999999996
10.2	64.6	1.983540321992264	0.06987771827475248	4.199013222872323	0.3253779743820711	0.03571467838977509	0.03493885913737624	1.9000000000000001	0.09999999999999974	3.011413796711438	0.23335190179037535	0.03665483101829241	0.04999999999999987
11.9	64.6	1.9866099350609807	0.08654201666653265	3.1602082893764707	0.21203240642483462	0.02882366028692559	0.043271008333266324	1.9000000000001653	0.0999999999988796	3.1905326645904584	0.21406700340743418	0.03362556626366208	0.0499999999994398
13.6	64.6	1.988250920965179	0.09999999999784491	2.704005052773653	0.22288991930328583	0.0350114666513667	0.049999999998922455	1.9000000000000001	0.09999999999999999	2.9936344704667808	0.2467639418282292	0.03876158934092119	0.049999999999999996
15.299999999999999	64.6	1.9814738176966136	0.07913068879173422	3.0982432590857933	0.21185471394643876	0.026333158607392333	0.03956534439586711	1.9000000000000001	0.09999999999999999	3.2804267991899256	0.2243122385973273	0.035234884044382214	0.049999999999999996
17.0	64.6	1.9908703575540452	0.09999999999999921	3.057578834580685	0.2657626539503665	0.04174590006244957	0.04999999999999961	1.9000000000000004	0.09999999999999999	2.521693712714991	0.21918388692437304	0.03442932444734331	0.049999999999999996
18.7	64.6	1.9859630305307652	0.08002759829702166	2.5728176144589328	0.1639851596669456	0.020614091886737573	0.04001379914851083	1.9000000000000004	0.0999999999999983	2.690586988978832	0.17149149419139398	0.026937820915240544	0.04999999999999915
20.4	64.6	1.9864008533596598	0.09999999999504441	3.181926210393436	0.22259660981056173	0.03496539370300998	0.04999999999752221	1.9000000000000001	0.058677067616308955	3.4862026069742837	0.24388273960924614	0.022478604378375622	0.029338533808154477
22.099999999999998	64.6	1.983320905214715	0.06043773841280784	3.4806858224083004	0.24267303488053105	0.023038256175121268	0.03021886920640392	1.9000000000000008	0.09999999999999867	3.2821546298467603	0.2288314618470806	0.03594476197244959	0.04999999999999934
23.8	64.6	1.9837146537984855	0.0722093949107693	3.270577244651171	0.1997086699307305	0.022652205979248267	0.03610469745538465	1.9000000000000001	0.09999999999999551	3.3232996537239816	0.20292801667103288	0.03187585831906177	0.049999999999997755
25.5	64.6	1.9816240118267254	0.08049997140282932	4.108694789672009	0.3147225888754456	0.03979637533103413	0.04024998570141466	1.9000000000000001	0.05191293969382364	3.3737530955918906	0.2584266690094033	0.02107331356308349	0.02595646984691182
27.2	64.6	1.9795256526476444	0.0694338507689195	4.575594241933782	0.31188175937903906	0.034015832492504915	0.03471692538445975	1.9000000000000001	0.05406702747777666	3.6142716820233494	0.24635606906150886	0.020922599223913027	0.02703351373888833
28.9	64.6	1.9761987070334237	0.052638713506214116	5.326026822056523	0.41384322003054064	0.03421850159422739	0.026319356753107058	1.9000000000000015	0.09999999999999999	2.7490145644720916	0.21360407622444208	0.03355284983217707	0.049999999999999996
30.599999999999998	64.6	1.9778725493541602	0.04777704976104681	5.737784751437261	0.3996630372861243	0.02999391732534041	0.023888524880523405	1.9000000000000028	0.09999999999999995	3.419437427035351	0.2381795077893907	0.03741314959533912	0.049999999999999975
32.3	64.6	1.9781348008769661	0.044763450170251295	7.986482678178115	0.43633065567570356	0.03068026852269197	0.022381725085125648	1.9000000000000408	0.09999999999990385	2.6517687742479765	0.14487579258506866	0.022757036283390635	0.04999999999995192
34.0	64.6	1.9768921779467923	0.04041591156240928	10.520527648138371	0.4779658317094058	0.030343739894190636	0.02020795578120464	1.9000000000000001	0.09999999999999999	3.5534606156715576	0.16143988357053693	0.02535891761107952	0.049999999999999996
35.699999999999996	64.6	1.9767507633427803	0.035451821593508584	24.061616184006457	0.6896876774899964	0.03840704539647714	0.017725910796754292	1.9000000000000001	0.09999999999999999	3.3746773567996526	0.09672971967844302	0.015194268836279832	0.049999999999999996
37.4	64.6	1.9788501881699372	0.028989024840688445	625.0006601204753	0.7974672665275983	0.036313352808741144	0.014494512420344222	1.9599999999999997	0.038976961955016175	240.09500421711172	0.3063483271890382	0.01875613609898309	0.019488480977508087
39.1	64.6	1.9776531177006413	0.027752522409681266	739.4197567707082	0.7991597793326606	0.0348382199980426	0.013876261204840633	1.9599999999999997	0.03833649459687457	313.6537001659962	0.33899475841197835	0.020413865997121198	0.019168247298437285
40.8	64.6	1.977735412005301	0.027509181814066003	785.3873464109414	0.7995163481749509	0.03454815816270872	0.013754590907033001	1.9599999999999997	0.03829322367133752	313.79890166645686	0.319444097321124	0.019214835605425237	0.01914661183566876
42.5	64.6	1.977478366721414	0.027608998595067172	893.5232785007054	0.8190554232973263	0.0355208886255597	0.013804499297533586	1.9599999999999997	0.037834139508587696	322.6071912483795	0.2957205211598685	0.01757458994951642	0.018917069754293848
44.199999999999996	64.6	1.9774308987542961	0.027868591618285716	996.2949680739977	0.8405737547666343	0.036796856952024636	0.013934295809142858	1.9599999999999997	0.03660623317203063	339.3154465553859	0.28628033674881903	0.01646138749448677	0.018303116586015314
45.9	64.6	1.9771473043581602	0.027696816802488523	946.8880511854496	0.8373191384945069	0.03642845508528983	0.013848408401244261	1.9599999999999997	0.036601243815537206	319.8702479469126	0.2828565426563584	0.01626229930635512	0.018300621907768603
47.6	64.6	1.976925684893476	0.02783079486479873	1038.4752203554165	0.8275394381000315	0.03617713640693325	0.013915397432399366	1.9599999999999997	0.03622829889546563	347.2913081139861	0.27674926501887226	0.0157490475907102	0.018114149447732816
49.3	64.6	1.9771633076561466	0.027724450846252986	1026.5508619487555	0.8086105714688661	0.03521455822692371	0.013862225423126493	1.9599999999999997	0.036938588996984704	367.8918371118164	0.28978713054801064	0.016814318650706133	0.018469294498492352
51.0	64.6	1.9775849655176096	0.02760184885524785	1132.1888995907188	0.8387558257312833	0.03636583802949507	0.013800924427623925	1.9599999999999997	0.036446784672957463	395.46941532695644	0.29297432268055096	0.016772919279167766	0.018223392336478732
52.699999999999996	64.6	1.9781915261092757	0.029287362342461903	804.0287418040136	0.8897765587320616	0.04093370895864707	0.014643681171230952	1.9599999999999997	0.03269739908679331	151.24784063772364	0.16737807513738462	0.008596697681557958	0.016348699543396655
54.4	64.6	1.9777626238914936	0.028092297708423017	640.4081613854302	0.9092141980880183	0.04012114772751029	0.014046148854211508	1.9599999999999997	0.0301042611417368	117.44343276448167	0.16673934371894414	0.007884713864995434	0.0150521305708684
56.1	64.6	1.9780592115961084	0.028411459327131693	575.3898210285429	0.8978846960345416	0.04007135126665513	0.014205729663565847	1.9599999999999997	0.030681529632696807	88.10532265188645	0.13748665332122725	0.006626091445899859	0.015340764816348404
57.8	64.6	1.9780029307770766	0.028720707351885158	339.63496537416256	0.9146452720507452	0.04126365584226166	0.014360353675942579	1.9599999999999997	0.03131637040593821	55.16215700153565	0.1485530385306251	0.0073075675332096674	0.015658185202969105
59.5	64.6	1.9776573585989174	0.029790775793172887	194.05967883021503	0.869215962636731	0.04067517061629427	0.014895387896586443	1.9599999999999997	0.033261997615898146	35.72194228534029	0.16000275089588223	0.008359795516629154	0.016630998807949073
61.199999999999996	64.6	1.9754941247981568	0.02984821565826557	91.7658283095594	0.8045344922534393	0.037720975803164844	0.014924107829132786	1.9599999999999997	0.04281610204083166	23.630503875069813	0.20717467261004122	0.013933610465409297	0.02140805102041583
62.9	64.6	1.9758658011407602	0.02950556557129882	93.75194487177355	0.7853375835503502	0.03639822476903987	0.01475278278564941	1.9599999999999997	0.04643376667500645	20.283947432246162	0.16991376854197504	0.012393168773265215	0.023216883337503224
64.6	64.6	1.9766739110342155	0.028531484445467666	132.15181077599732	0.8284727700859217	0.03712978920728803	0.014265742222733833	1.9599999999999977	0.04049089497176357	23.09623767659312	0.14479259795330285	0.009209236236273904	0.020245447485881786
66.3	64.6	1.9770455451988524	0.029391783637330887	143.82037706319852	0.8605348349546997	0.03972960749759892	0.014695891818665444	1.9599999999999997	0.038312617492672674	21.836195352859434	0.13065468988274376	0.007862971548126926	0.019156308746336337
68.0	64.6	1.9775728252492322	0.028364274248229758	152.81986497924586	0.8632925415774787	0.038463565645611784	0.014182137124114879	1.9599999999999997	0.03622815915508266	27.468170755601246	0.1551700555900085	0.008830271559287995	0.01811407957754133
69.7	64.6	1.9775747459467798	0.028844344757571198	152.15755116140798	0.857183859353146	0.03883779271865203	0.014422172378785599	1.9599999999999997	0.03231153353789484	28.84760408937781	0.16251379190634743	0.008248361212570797	0.01615576676894742
71.39999999999999	64.6	1.9773879110557022	0.028895072462264335	154.11082476384055	0.8667177964182635	0.03933882455252988	0.014447536231132168	1.9599999999999997	0.037242869512628556	25.032223992909007	0.14078098700613173	0.008235823259823425	0.018621434756314278
73.1	64.6	1.977325308781455	0.028577682581669595	156.12703269948122	0.8367857115396292	0.03756307530996473	0.014288841290834797	1.9599999999999997	0.035000574320701354	27.17093958276369	0.14562663248539878	0.008006373654438851	0.017500287160350677
74.8	64.6	1.9777048066006055	0.028408409671784023	156.42260814995777	0.8806512142940033	0.039298026168079626	0.014204204835892012	1.9599999999999997	0.03325960525892001	30.95878889318832	0.17429638435462538	0.009105951767933251	0.016629802629460004
76.5	64.6	1.9773212069881674	0.028830090199109818	160.74122436310356	0.8783740110883339	0.03977822095291257	0.014415045099554909	1.9599999999999997	0.03282728857298354	27.595313098383926	0.1507952048362631	0.007775752371266204	0.01641364428649177
78.2	64.6	1.9774452092957768	0.028861958854634547	162.63756173023674	0.813974259611245	0.03690254781478368	0.014430979427317274	1.9599999999999997	0.03449740404565849	26.678544217578658	0.13352172798205564	0.007235328211596775	0.017248702022829247
79.89999999999999	64.6	1.977327166933837	0.028589336872278485	162.85454876319008	0.8117931181690529	0.036456025925207795	0.014294668436139243	1.9599999999999997	0.03634773159880484	27.526642904836383	0.137214093472678	0.007834222651568077	0.01817386579940242
81.6	64.6	1.977477767879881	0.028354087731857568	163.9769724515833	0.8317959837624592	0.037046942809985134	0.014177043865928784	1.9599999999999997	0.03735215704922168	29.161488909281253	0.1479257056196456	0.008679190354665309	0.01867607852461084
83.3	64.6	1.977464596435971	0.028990349892892994	166.1411012837332	0.8780869076708883	0.03998626463497472	0.014495174946446497	1.9599999999999997	0.03688305844271919	27.78082529923395	0.1468268766191086	0.008506528553401041	0.018441529221359595
85.0	64.6	1.9774619044902009	0.028823627113105144	172.83422204190472	0.8847314366618367	0.040057142634360915	0.014411813556552572	1.9599999999999997	0.03792792981227906	27.62276563651346	0.14139982717219307	0.008424184973882268	0.01896396490613953
86.7	64.6	1.9776397788088533	0.0291393682404816	178.23600273897605	0.8690676291193481	0.03977897446793243	0.0145696841202408	1.9599999999999997	0.03550484434496601	30.40810987117201	0.1482680465542173	0.008269039295876777	0.017752422172483004
88.39999999999999	64.6	1.9775332170585616	0.02912101278529849	177.8626586377211	0.8507704178483946	0.03891694429058935	0.014560506392649246	1.9599999999999997	0.03586997885992661	29.724420598635984	0.14218081483034656	0.008011097115763068	0.017934989429963306
90.1	64.6	1.9779723039335855	0.028271829660898945	188.7861156253733	0.8746300033002495	0.03884169412089616	0.014135914830449473	1.9599999999999997	0.0333702431641946	36.24897355029408	0.1679384087696289	0.008802971224736984	0.0166851215820973
91.8	64.6	1.9779285938509288	0.02891294998060185	191.47443169584986	0.8855824301314892	0.040219926583284764	0.014456474990300925	1.9599999999999997	0.03534240037944062	34.00453452734808	0.15727331349416793	0.008731140086712167	0.01767120018972031
93.5	64.6	1.9779564670595184	0.028295998089693283	201.37937303762888	0.8615457292062079	0.038293338293813386	0.014147999044846642	1.9599999999999997	0.03486756696321822	34.85632994545398	0.14912312888518622	0.008167450820497999	0.01743378348160911
95.2	64.6	1.9779760022721637	0.02881807999926572	198.7459858392662	0.9048514932539605	0.04096021495385077	0.01440903999963286	1.9599999999999997	0.03403156441222505	34.0040173544622	0.15481362176895733	0.008275818580887684	0.017015782206112526
96.89999999999999	64.6	1.9780642465321854	0.028556343106969657	206.25752476861217	0.8618416911569747	0.03865894228361987	0.014278171553484828	1.9599999999999997	0.03508094478033448	36.083473371914465	0.15077385297120996	0.008308396063054219	0.01754047239016724
98.6	64.6	1.9779923405148663	0.028431770357204206	211.71811969403038	0.8680382217893291	0.03876703874811487	0.014215885178602103	1.9599999999999997	0.03392391127025734	36.737380582766384	0.15062220730255954	0.008026289188065026	0.01696195563512867
100.3	64.6	1.9782623870857219	0.028377527628803554	217.9065761507811	0.8799887760678867	0.03922577791298133	0.014188763814401777	1.9599999999999997	0.03447855611891178	38.991241375591315	0.1574613092526953	0.008527913871471266	0.01723927805945589
102.0	64.6	1.9784444243881794	0.028264961562126777	231.29100729613327	0.8911998712024591	0.03956793551986225	0.014132480781063389	1.9599999999999997	0.034231798376551006	36.62886148997456	0.14113664436751225	0.00758908435338709	0.017115899188275503
103.7	64.6	1.9784260272796705	0.02882852777754211	238.44090693886628	0.8945268826465178	0.04050752773233609	0.014414263888771055	1.9599999999999997	0.0330907941620981	36.40274643687548	0.13656731853607118	0.0070986187094696385	0.01654539708104905
105.39999999999999	64.6	1.9788762792143109	0.02845676427750514	247.23326945040358	0.8935732566815624	0.039942528702026685	0.01422838213875257	1.9599999999999997	0.03251570018793687	37.596846876165976	0.13588598726529041	0.0069404505066311545	0.016257850093968435
0.0	66.3	1.976306804904087	0.028717979327317133	251.09018236429787	0.7060643854658871	0.03185063252144252	0.014358989663658566	1.9599999999999997	0.042687727324459065	130.73270782118578	0.3676197457777693	0.024650273441063335	0.021343863662229533
1.7	66.3	1.9755999285852939	0.03012859177808182	109.48900874384351	0.724873170892596	0.034305261640690594	0.01506429588904091	1.9582774984854696	0.04721466074251811	50.51368991681658	0.3344264324207527	0.024802607828774005	0.023607330371259054
3.4	66.3	1.9728598365875785	0.03556242552196967	48.00042293078122	0.7677236968941513	0.04288606477099074	0.017781212760984835	1.9419216721648112	0.0782160849535235	7.698864837430657	0.12313643534774697	0.015128731946566672	0.03910804247676175
5.1	66.3	1.9726688489968782	0.04227192244100969	16.67474630907087	0.6467377036729072	0.04294375895311105	0.021135961220504845	1.9000000000000001	0.09999999999999999	3.9157087671405315	0.1518725652176622	0.023856086758482217	0.049999999999999996
6.8	66.3	1.9735944973337602	0.04572804488579567	8.47335080452098	0.4545262717698734	0.032648369811023085	0.022864022442897834	1.9000000000000024	0.09999999999999999	3.21351333705694	0.17237882274341038	0.02707720215825776	0.049999999999999996
8.5	66.3	1.9772451104831335	0.06539396385073448	5.770529517012526	0.39500173116233	0.040574814119490474	0.03269698192536724	1.9000000000000006	0.09999999999997457	3.3492185661107374	0.2292592261688428	0.036011955034976714	0.049999999999987284
10.2	66.3	1.981981992370433	0.06861443430014104	4.14118599347997	0.28179441561610646	0.03037160524331616	0.03430721715007052	1.900000000000125	0.0999999999499095	2.906778435192586	0.19779694313663695	0.031069871157465782	0.04999999997495475
11.9	66.3	1.982818393341161	0.08224971496265268	3.7020368702791124	0.2860831417109869	0.03696124104634718	0.04112485748132634	1.9000000000000004	0.09999999999999462	2.618256130139124	0.2023315719861477	0.03178216900704609	0.04999999999999731
13.6	66.3	1.9822736681040265	0.09004802079003572	3.197876759272495	0.25075626360166925	0.03546874636654725	0.04502401039501786	1.9000000000000017	0.0999999999998401	2.486707646981366	0.19499110352476592	0.0306291309173896	0.04999999999992005
15.299999999999999	66.3	1.979980816420008	0.07838646990586763	4.048297490088576	0.2805168677282947	0.03453981161863134	0.039193234952933816	1.9000000000000001	0.053934859888444285	2.8869038077548392	0.20004093463164827	0.0169476039696137	0.026967429944222143
17.0	66.3	1.9831389490643718	0.09472760622668355	2.726807207181548	0.18889559183179785	0.028107243943198156	0.047363803113341776	1.9000000000000006	0.09999999999999999	2.782207589436271	0.1927333725029625	0.0302744873578446	0.049999999999999996
18.7	66.3	1.9802925365643982	0.05166288908448435	3.1133589630667524	0.21185408503309378	0.017192356524610188	0.025831444542242173	1.9000000000000001	0.09999999999999999	3.081265467252925	0.20967022564784174	0.03293492202858869	0.049999999999999996
20.4	66.3	1.9795483065116348	0.046260862225034054	3.3752033374122052	0.2903919341360896	0.021101734252410558	0.023130431112517027	1.9000000000000001	0.09999999999999999	3.2664486206113597	0.28103501859617014	0.04414487749115995	0.049999999999999996
22.099999999999998	66.3	1.9825301292570616	0.06849840770470739	2.796672165465406	0.19139594526916082	0.020593638559666037	0.03424920385235369	1.9000000000000001	0.09999999999999998	3.0635014213721696	0.209656947860161	0.032932836358577	0.04999999999999999
23.8	66.3	1.9867422743394283	0.07856140744938504	3.1109570786496246	0.2600540368796392	0.03209170063031348	0.03928070372469252	1.9000000000000001	0.09999999999999999	3.249217785706915	0.2716116553562299	0.04266465905482473	0.049999999999999996
25.5	66.3	1.9849574639037906	0.061394075784296696	3.278415247471789	0.228613648433019	0.02204694900540614	0.030697037892148348	1.9000000000000068	0.09999999999551686	3.0813101017172824	0.2148689202352688	0.03375153106328145	0.04999999999775843
27.2	66.3	1.9815244328113837	0.05771147151590428	4.151036520711571	0.28774240000915297	0.02608470242808908	0.02885573575795214	1.9000000000000001	0.09999999999999999	3.1776258688227585	0.22026732100865604	0.03459950987533492	0.049999999999999996
28.9	66.3	1.9800706548143663	0.08316784024460039	3.9176889198084823	0.23959459798487726	0.03130057549825835	0.041583920122300194	1.9000000000000001	0.09999999999999999	2.72509802689356	0.16665916554060214	0.026178760505788046	0.049999999999999996
30.599999999999998	66.3	1.9795007631994306	0.05366604089942593	5.311002890359493	0.31934963845368647	0.026920669923171794	0.026833020449712964	1.9000000000000001	0.09999999999999996	3.057826457358596	0.18386654908137054	0.02888168999174703	0.04999999999999998
32.3	66.3	1.979429826619544	0.05273180810801704	6.566924981112556	0.39586770075198946	0.032790090000790605	0.02636590405400852	1.9000000000000001	0.0999999999999917	3.058273376907725	0.18435898894376798	0.02895904226444677	0.04999999999999585
34.0	66.3	1.9777397720836452	0.03501582832716075	9.20177580344095	0.55775752831569	0.030678189254239773	0.017507914163580374	1.9000000000000001	0.09999999999999999	3.1274129388813954	0.18956537825673933	0.02977685998531713	0.049999999999999996
35.699999999999996	66.3	1.9768566528666187	0.03836880729837629	12.557567145893248	0.5272958121670718	0.03177989796175777	0.019184403649188143	1.9000000000000048	0.0999999999999968	2.7258091365431447	0.11445750006887208	0.017978942068230513	0.0499999999999984
37.4	66.3	1.9770620188193664	0.03552200914309913	56.218875731266436	0.8553525790338565	0.04772682761645452	0.017761004571549565	1.9000000000432926	0.08901253360700923	3.1147193892405247	0.047389479563568385	0.006626023609953485	0.04450626680350461
39.1	66.3	1.9777991386110476	0.02798204552057956	697.621716629113	0.7884334245748252	0.034654877108750405	0.01399102276028978	1.9599999999999997	0.03967245817658207	287.0763199670671	0.3244459865149321	0.02021861460994895	0.019836229088291035
40.8	66.3	1.9776616315674609	0.027746513190988174	734.7345643067449	0.7933623155687268	0.034577999159992115	0.013873256595494087	1.9599999999999997	0.03920848250165767	303.12557658758436	0.3273133197109666	0.02015874957939091	0.019604241250828835
42.5	66.3	1.9776751374859611	0.02753501907234626	896.6048074513893	0.8126427958328643	0.03514835048092541	0.01376750953617313	1.9599999999999997	0.03753568365093782	323.2173381180535	0.2929498471645789	0.017272590745753862	0.01876784182546891
44.199999999999996	66.3	1.977707353045529	0.027847298429372794	966.4284741714828	0.8335779104841203	0.036462726803246824	0.013923649214686397	1.9599999999999997	0.03683576756496457	332.16477950244814	0.286503585349596	0.01657752387617191	0.018417883782482283
45.9	66.3	1.9774434584237517	0.027756365637479085	1046.7420647008416	0.8241996163975899	0.03593477127787441	0.013878182818739543	1.9599999999999997	0.03602787344160438	355.93866128564224	0.2802643726528191	0.015860847850475278	0.01801393672080219
47.6	66.3	1.9773916947505172	0.027795743003594987	1100.9909920753432	0.8448709279745744	0.03688829063202679	0.013897871501797493	1.9599999999999997	0.03662417387964543	362.550071562873	0.27821119119348026	0.01600524439201689	0.018312086939822714
49.3	66.3	1.9774851833888225	0.027458031251492807	1130.4821844795306	0.8417852834266415	0.036307019704109454	0.013729015625746403	1.9599999999999997	0.03639347958536496	381.4728089592268	0.28405418591991466	0.01623845294337626	0.01819673979268248
51.0	66.3	1.9780412844170954	0.028186937003547186	1175.3722005657248	0.8551659864968213	0.03786327543569343	0.014093468501773593	1.9599999999999997	0.035631940475896816	352.23098590658867	0.25627282863468775	0.014343723792211112	0.017815970237948408
52.699999999999996	66.3	1.9775549954572567	0.028080128397105775	602.9820430877843	0.9133189466117813	0.040284820549934576	0.014040064198552887	1.9599999999999997	0.03133551022599244	107.01016076632769	0.162085104238554	0.007978105082189713	0.01566775511299622
54.4	66.3	1.978235439773268	0.028049612001154935	645.7530356357437	0.9316561556881146	0.0410489821708685	0.014024806000577468	1.9599999999999997	0.028978445545108197	108.36659056251196	0.1563452211557973	0.007116714990883441	0.014489222772554098
56.1	66.3	1.9783648261792453	0.028436039011917394	462.7833731804471	0.9018716968833308	0.04028410657266053	0.014218019505958697	1.9599999999999997	0.028627920727159046	73.85817583004196	0.14393472675297422	0.0064725478632954815	0.014313960363579523
57.8	66.3	1.9785031429442541	0.028851982433171195	277.9587259216779	0.8930989282796562	0.04047576859571764	0.014425991216585598	1.9599999999999997	0.03359494799614197	44.588007913923455	0.1432640833634797	0.007560163286182185	0.016797473998070984
59.5	66.3	1.9779215615787005	0.030275931121649242	124.48023331426478	0.8214626529627267	0.039066563401908644	0.015137965560824621	1.9599999999999989	0.041947841869185785	20.47106926305565	0.1350914793303683	0.008901382361640956	0.020973920934592893
61.199999999999996	66.3	1.9745776155784107	0.0338471543884484	65.89869230636143	0.8521501724559359	0.04530625610636118	0.0169235771942242	1.9000000000000001	0.09999999999999999	3.6388871051422824	0.04705523229169358	0.007391418604027288	0.049999999999999996
62.9	66.3	1.974286575861266	0.03260289905077101	67.89084366584594	0.8408438101264195	0.043061725458298575	0.016301449525385505	1.9000000000000041	0.09025114696990016	3.826329272983272	0.04738997353647657	0.0067182950517451195	0.04512557348495008
64.6	66.3	1.9750451361179842	0.03249120809793186	81.296680755038	0.8679447419921585	0.04429735684252376	0.01624560404896593	1.9000000000316806	0.08043025565926952	3.0694735083506037	0.03277050634188448	0.0041402110295116895	0.04021512782963476
66.3	66.3	1.9755743635933962	0.03233196705189705	84.31389612931038	0.8641787252321962	0.043888988818627184	0.016165983525948526	1.9000000000034676	0.08365676656030485	3.421329475998541	0.0350670563323657	0.004608082678054071	0.041828383280152426
68.0	66.3	1.9757000004495693	0.032323105825148496	85.98091344403392	0.8697139817917182	0.04415800182661201	0.016161552912574248	1.9000000000144348	0.09518097144250581	3.1624971636458405	0.03198928564988733	0.004782715548693405	0.047590485721252906
69.7	66.3	1.975782538581267	0.0323476992106651	86.1071867479517	0.9191086954674662	0.04670142668098252	0.01617384960533255	1.9000000000181687	0.07859843533032969	2.9495707387730157	0.03148373807447803	0.0038870494735044033	0.039299217665164844
71.39999999999999	66.3	1.9758969977526877	0.03304116967613681	87.43676467128037	0.8829432546296258	0.04582559191041477	0.016520584838068404	1.9000000000834079	0.09412348316913033	3.3330580900211726	0.03365747999639251	0.004976218756408065	0.047061741584565164
73.1	66.3	1.9758720790532505	0.032079150851793484	89.54964371557186	0.8857750906767647	0.04463404058109327	0.016039575425896742	1.9000000005572846	0.08710093403368463	3.5578264959867894	0.03519203378524318	0.004814897598671818	0.043550467016842315
74.8	66.3	1.977070876752339	0.02922854389221335	85.18253495764158	0.813701528343773	0.03735873730077092	0.014614271946106676	1.9591244170377713	0.050775526044900834	12.725310509229415	0.1215578359479211	0.009695211071093897	0.025387763022450417
76.5	66.3	1.977343554071993	0.030258808764654737	89.54729806682768	0.82832483827081	0.039370632148349446	0.015129404382327368	1.9599999999999997	0.04476243361282535	13.713314227908675	0.1268500450065189	0.008919164884356892	0.022381216806412675
78.2	66.3	1.9774124019607315	0.029211223978647963	93.70192784031205	0.8076161001829761	0.037057370529775986	0.014605611989323981	1.9599999999999997	0.039579202838764385	14.512595473066277	0.12508393401964255	0.007776576555299839	0.019789601419382193
79.89999999999999	66.3	1.9772292751652292	0.03074406036953518	95.51247021606487	0.8420011035767466	0.04066247057220205	0.01537203018476759	1.9599999999999997	0.04048048542865196	14.322064305532693	0.12625779569385845	0.008028303676197947	0.02024024271432598
81.6	66.3	1.9773832313320439	0.029946464800926626	103.61352249739967	0.871074479669364	0.04097516661694632	0.014973232400463313	1.9599999999999997	0.03914036597224688	14.518189810722161	0.12205380466080815	0.007504056251603212	0.01957018298612344
83.3	66.3	1.9777156976120223	0.02992861236205471	105.93270246319096	0.8748523916026995	0.04112834573911987	0.014964306181027355	1.9599999999999997	0.036411260458792914	16.836793083802533	0.13904779500365008	0.007952793331048865	0.018205630229396457
85.0	66.3	1.977881821518783	0.029228397137137326	107.49874202954538	0.8382962576308394	0.03848773946415033	0.014614198568568663	1.9599999999999997	0.04141527835782303	18.410914173333563	0.1435719168399777	0.009340066329043674	0.020707639178911514
86.7	66.3	1.977339674640193	0.029698380791977855	109.78219883515135	0.8692466375161924	0.04055044904919578	0.014849190395988927	1.9599999999999997	0.04255484106338944	17.445412305543467	0.1381313741897995	0.009233390054244924	0.02127742053169472
88.39999999999999	66.3	1.978005204915179	0.02936975959543691	112.79890411265572	0.7994924031049869	0.03688371096336895	0.014684879797718455	1.9599999999999997	0.03606789126064277	21.346994824206295	0.15130253547524994	0.008572092218697095	0.018033945630321385
90.1	66.3	1.9778570385349825	0.028720401272210032	115.30206061787584	0.8400942243910681	0.03789992752070261	0.014360200636105016	1.9599999999999997	0.04086945483939597	20.742929786520982	0.1511336000174145	0.009702412819595288	0.020434727419697984
91.8	66.3	1.9782737988498325	0.02847427163434871	116.9779963622397	0.842876468038311	0.0376995728798471	0.014237135817174356	1.9599999999999997	0.037332888675854915	24.01820244099875	0.17306141557946036	0.010148730596107488	0.018666444337927458
93.5	66.3	1.9780992756202544	0.029137298606163375	122.64433301373552	0.8373859617943216	0.038326118472051626	0.014568649303081688	1.9599999999999997	0.03440202240434082	21.829583039217095	0.14904713442256298	0.008054294070444298	0.01720101120217041
95.2	66.3	1.9779325754509829	0.02850328403438332	123.51185955124635	0.8130003783083691	0.03640034712840249	0.01425164201719166	1.9599999999999997	0.04011210991405025	21.286672335320713	0.14011668777735117	0.0088284659460319	0.020056054957025126
96.89999999999999	66.3	1.9777759276360851	0.029607547831408232	125.24531481887011	0.8556886448397363	0.03979587750890206	0.014803773915704116	1.9599999999999997	0.04193918606162168	19.94342513402831	0.13625549547365792	0.008976228550577748	0.02096959303081084
98.6	66.3	1.9781480277474595	0.02943536730728636	130.2154971810742	0.8831514958823822	0.04083424643346988	0.01471768365364318	1.9599999999999997	0.03579871083793695	20.92154538591816	0.14189473990220455	0.007979093618616559	0.017899355418968477
100.3	66.3	1.978040356222328	0.029039362300978852	134.03143296095757	0.8715564424121511	0.03975598056408639	0.014519681150489426	1.9599999999999997	0.03517872979131778	21.975484771835777	0.14289838513927322	0.007896367496935982	0.01758936489565889
102.0	66.3	1.978452199287744	0.029044742319468464	133.4235476023539	0.8202517848092175	0.03742265440211924	0.014522371159734232	1.9599999999999997	0.03729061687214737	24.06958830030242	0.14797330094824884	0.008667678750294974	0.018645308436073683
103.7	66.3	1.9783312670655595	0.029308699527053197	141.23010308946178	0.8656724129402414	0.03985382443490167	0.014654349763526598	1.9599999999999997	0.03678336460910065	22.018748788706	0.13496430985234073	0.007798126344790683	0.018391682304550325
105.39999999999999	66.3	1.9786836325222736	0.029149198966090376	146.81260324392397	0.8738740661999896	0.040012469189006104	0.014574599483045188	1.9599999999999997	0.03849979354432876	22.662590225902658	0.1348947531325334	0.008157805288549968	0.01924989677216438
0.0	68.0	1.9756910582636422	0.029428733797931216	311.41882731066073	0.6979428483141241	0.03226348784741607	0.014714366898965608	1.9599999999999997	0.04189782662405114	159.21001541817068	0.35681687135198376	0.02348317168479304	0.02094891331202557
1.7	68.0	1.976215489831088	0.02939886164646938	201.4870010922128	0.7223708756667272	0.0333588153446528	0.01469943082323469	1.95914525591748	0.04469904193913194	95.99999371743635	0.34417902470009515	0.024165873143437582	0.02234952096956597
3.4	68.0	1.9744045839047228	0.03315614083678846	80.50924985181524	0.7813064408087914	0.040691645959731085	0.01657807041839423	1.9545814931703622	0.05208541493874386	24.030325666580534	0.23320361638680534	0.01907968877490199	0.02604270746937193
5.1	68.0	1.9712766805347588	0.040214409261075175	31.561032965937137	0.7136118737247159	0.04507789608356466	0.020107204630537587	1.9000000000000006	0.09999999999999999	3.9927525242179716	0.09027827489681381	0.014180878259729504	0.049999999999999996
6.8	68.0	1.9721422950726188	0.03976351658279236	12.587515858493601	0.5251024598374898	0.03279810222004401	0.01988175829139618	1.9000000000000001	0.09999999999999999	3.7775340870900145	0.15758410662994132	0.024753253585556714	0.049999999999999996
8.5	68.0	1.9741321588630505	0.0474662858003739	7.485958317088366	0.44852313608761946	0.03344182554437274	0.02373314290018695	1.9000000000000017	0.09999999999999405	3.6603314135436307	0.219309706944931	0.03444908820995423	0.049999999999997026
10.2	68.0	1.9726990997750358	0.049749803451127984	5.690004019429408	0.37961989758188425	0.02966608344663756	0.024874901725563992	1.9000000000000001	0.09999999999999999	3.2098985952292747	0.21415474783642882	0.03363934912671497	0.049999999999999996
11.9	68.0	1.9793801060981948	0.09999999999999853	3.953657445200659	0.2747227719846904	0.04315335211204573	0.04999999999999927	1.9000000000000001	0.09999999999999999	3.046847715906697	0.2117124363784198	0.033255711740002004	0.049999999999999996
13.6	68.0	1.983344712352897	0.06056983260689835	3.119031573982935	0.21713295283516257	0.02065865242883725	0.030284916303449174	1.9000000000000024	0.09999999999999963	3.5824232974408905	0.24939220088929961	0.03917443530882053	0.049999999999999815
15.299999999999999	68.0	1.9779780925016417	0.05286799020963332	3.2725971546954153	0.22786611402260024	0.018923106080183508	0.02643399510481666	1.9000000000000001	0.09999999999999995	3.0010022958670097	0.20895536450338376	0.032822631902600374	0.049999999999999975
17.0	68.0	1.984446514223199	0.08526593261717795	2.8147220795575074	0.2077568141407738	0.027825994862532268	0.042632966308588975	1.900000000000025	0.09999999999999874	3.109487135559296	0.22951365095238027	0.03605191998652804	0.04999999999999937
18.7	68.0	1.9841868527827693	0.09999999999997498	2.8793055158635594	0.22707843891398619	0.035669397774031955	0.04999999999998749	1.9000000000000001	0.09999999999999999	2.317123306011677	0.18274154659914169	0.028704975015075018	0.049999999999999996
20.4	68.0	1.9848081521809262	0.09271064848784889	3.086724801331565	0.2181731570134817	0.0317724578269652	0.046355324243924446	1.9000000000000286	0.09999999999999436	2.6853260730172845	0.18980184650995213	0.029814004331670477	0.04999999999999718
22.099999999999998	68.0	1.9842619635127612	0.08973048409636465	3.2522553903524494	0.23809864894997482	0.033559603330440925	0.044865242048182326	1.9000000000000001	0.06213902473558551	3.124211369576002	0.2287245055652234	0.02232528477099455	0.031069512367792755
23.8	68.0	1.9871985831837549	0.09024701180327999	3.1957553217479466	0.22479905777766102	0.03186744129102059	0.04512350590163999	1.900000000000545	0.09999999999003814	3.092086701809782	0.21750669470949494	0.03416587170689381	0.04999999999501907
25.5	68.0	1.9833358494070639	0.06584159901851659	3.4137548227591927	0.22400926587080322	0.023167876494074112	0.032920799509258296	1.9000000000000001	0.09999999999999999	3.1509704744978198	0.20676545897995313	0.03247864234737712	0.049999999999999996
27.2	68.0	1.9866591001350489	0.06320084934372924	3.3839624252921645	0.23664097839239528	0.023492689786102004	0.03160042467186462	1.9000000000000001	0.09999999999999999	3.5507716633835216	0.24830597236862736	0.039003810931787494	0.049999999999999996
28.9	68.0	1.9800274997857377	0.057334922496405843	4.137862056481748	0.27641146588567006	0.02489402726958069	0.028667461248202922	1.9000000000000001	0.09999999999999999	3.4238545273968666	0.22871536942962623	0.03592652621815946	0.049999999999999996
30.599999999999998	68.0	1.9796579243227201	0.04854239992623249	5.066895356156043	0.34434916238749186	0.026256700593372914	0.024271199963116247	1.9000000000000001	0.09999999999999999	3.4506521418916924	0.23450833128167242	0.03683648253800518	0.049999999999999996
32.3	68.0	1.9802662808257212	0.053719583112679395	5.203398392412386	0.3539997383178592	0.029871391354544398	0.026859791556339697	1.9000000000000001	0.09999999999999999	3.110217451238184	0.21159559211446538	0.03323735788593934	0.049999999999999996
34.0	68.0	1.9796138900509943	0.04182423911573011	7.483201969019909	0.4523423581061796	0.029717699274791617	0.020912119557865056	1.9000000000000334	0.09999999999999867	3.1199793980241877	0.1885955830121475	0.029624524904521932	0.04999999999999934
35.699999999999996	68.0	1.9772074197444043	0.04183047793314936	9.988743243014186	0.5441065511338566	0.03575169680300966	0.02091523896657468	1.9000000000000001	0.09999999999999999	3.317925723771939	0.18073396007475	0.02838962406125128	0.049999999999999996
37.4	68.0	1.976734550350586	0.03644501108100161	21.81441959432936	0.7445602217301455	0.04262435241448996	0.018222505540500804	1.9000000000000001	0.09999999999999995	3.2177501665709887	0.10982684032157775	0.017251559736062388	0.049999999999999975
39.1	68.0	1.9799171251001826	0.03118855953798204	330.4757770941404	0.8626899443185181	0.04226393501906673	0.01559427976899102	1.9599999999999997	0.036762633550940935	85.70782471605354	0.22373584890880202	0.012919986752930808	0.018381316775470467
40.8	68.0	1.9777839877108787	0.027736502146664416	690.3207352904144	0.7997188470350863	0.03484246716847057	0.013868251073332208	1.9599999999999997	0.03896063299834914	298.4264890301487	0.34571942508943676	0.021157758878925625	0.01948031649917457
42.5	68.0	1.9775143944954428	0.027681654529305898	810.9634726950948	0.8063453932498915	0.03506170492353602	0.013840827264652949	1.9599999999999997	0.03860369466437646	292.74961604041744	0.2910825360424313	0.017650820523095943	0.01930184733218823
44.199999999999996	68.0	1.9777657321660582	0.02761684473369305	905.6081205305295	0.8221936081654013	0.03566711906118458	0.013808422366846524	1.9599999999999997	0.03721028626393652	310.2805533559324	0.28170097189258936	0.016465360109644892	0.01860514313196826
45.9	68.0	1.97765799918186	0.02802292886863282	1095.439649199262	0.848242583724113	0.03733820817195937	0.01401146443431641	1.9599999999999997	0.03616072708324965	346.9545835306877	0.2686607633602828	0.015260236900463913	0.018080363541624823
47.6	68.0	1.9776531791087226	0.028016073462243614	1171.0978348003014	0.8476606590096913	0.03730346483828229	0.014008036731121807	1.9599999999999997	0.0364164824567844	362.652103123219	0.26249379991134386	0.015015400517542752	0.0182082412283922
49.3	68.0	1.9780316681673287	0.02789006545754196	1243.1039918653905	0.8498080955944516	0.03722976326093963	0.01394503272877098	1.9599999999999997	0.03576056120362912	391.8512731414027	0.2678765303334457	0.01504730998595797	0.01788028060181456
51.0	68.0	1.9780972078425438	0.02810515830605098	659.7677013484588	0.9005653108070371	0.03975768853524643	0.01405257915302549	1.9599999999999997	0.032197250293227724	126.14497883626494	0.1721845307677904	0.00870828817197263	0.016098625146613862
52.699999999999996	68.0	1.9782793873014224	0.027963909522549353	646.0852070941642	0.9246189275140558	0.04061444704376942	0.013981954761274677	1.9599999999999997	0.02968088026980596	111.56340170935363	0.15965948717858222	0.00744374323351983	0.01484044013490298
54.4	68.0	1.978425656043803	0.02855041716131222	562.2136838014743	0.9170833521655529	0.04112833658723237	0.01427520858065611	1.9599999999999997	0.02960718020716236	82.26681193698957	0.13419368086705696	0.006240925375781988	0.01480359010358118
56.1	68.0	1.978392484048893	0.028867479610003268	354.73246074029095	0.9098744982221367	0.041258196281600476	0.014433739805001634	1.9599999999999997	0.03095695287767631	51.400979118621144	0.1318414446371243	0.006411062876318645	0.015478476438838155
57.8	68.0	1.9786765039966463	0.02977670944116513	190.80225526161053	0.8866008124793917	0.04146910908110549	0.014888354720582565	1.9599999999999997	0.03302966470448097	26.872077386170798	0.12486647818141212	0.006478432003177054	0.016514832352240483
59.5	68.0	1.9769952568209692	0.03403022158022915	69.90881458200977	0.8700667669780017	0.04650902493923665	0.017015110790114574	1.9183916962828882	0.08488335725502125	3.2830462750135645	0.04085993269116743	0.005448037297273717	0.04244167862751062
61.199999999999996	68.0	1.9753628670490286	0.03475594703119979	33.07355681132378	0.7198714429917358	0.03930103152285977	0.017377973515599894	1.9000000000000001	0.09999999999999999	3.5678438023412506	0.07765686893044257	0.012198312446633192	0.049999999999999996
62.9	68.0	1.9752914091364648	0.033942665497144295	34.364613155563994	0.7227140865746176	0.0385329572775387	0.016971332748572147	1.9000000000000001	0.09999999999999999	3.4310544491238444	0.07215769812280956	0.011334504716128426	0.049999999999999996
64.6	68.0	1.9754036740021854	0.03199409236958293	42.3888540579286	0.8206499035455521	0.04124274795845588	0.015997046184791464	1.9000000000000001	0.09999999999998803	3.7803223671189583	0.07318719165438242	0.011496217181912426	0.049999999999994015
66.3	68.0	1.9761769129717106	0.03227535435477237	47.1455365557448	0.7821819781965537	0.03965506824006425	0.016137677177386185	1.9000000000000001	0.082254596710653	3.0343233279348474	0.05034183926034511	0.006504428335036535	0.0411272983553265
68.0	68.0	1.9759326760356402	0.03263712226251599	51.990074939234525	0.7482682573088502	0.03836092383390185	0.016318561131257996	1.9000000000000008	0.08867803448976085	3.2934478063021855	0.047401017471887415	0.006602730930880902	0.04433901724488042
69.7	68.0	1.9759978325603886	0.03283437385585487	51.91292769742896	0.8866859405687948	0.0457318150158804	0.016417186927927437	1.9000000000000001	0.09999999999999976	3.074257612035849	0.052509097891117136	0.008248109809068024	0.04999999999999988
71.39999999999999	68.0	1.9762700403115552	0.03296618665683227	54.6608274449993	0.8508893894135319	0.04406174557130823	0.016483093328416135	1.90000000000009	0.08373915147339234	3.869707829862387	0.06023862949885888	0.007923617737153676	0.04186957573669617
73.1	68.0	1.9762056947995874	0.03317199726136252	54.81306407503674	0.8809623869276674	0.04590382384424997	0.01658599863068126	1.9000000000000001	0.09999999999999615	3.7273759681174785	0.05990685040621673	0.009410146056793297	0.049999999999998074
74.8	68.0	1.9760549298460264	0.032782865629736764	58.23148840931675	0.8567494298867371	0.044118487451114456	0.016391432814868382	1.9000000000000001	0.09999999999999482	3.389990629345809	0.049876323246251034	0.007834554534924197	0.04999999999999741
76.5	68.0	1.9762206877379123	0.03281745417001879	60.58564616160522	0.8947881312826831	0.04612591340202858	0.016408727085009393	1.9014129994937246	0.09999999999999999	3.0828140838466163	0.04553001623221385	0.007151838225647353	0.049999999999999996
78.2	68.0	1.9763367039220991	0.031793173590097895	64.72960533569228	0.8443283837975375	0.04216626633082702	0.015896586795048948	1.9000000000003323	0.0943117852644887	3.544000751853309	0.04622769459926848	0.0068483835965453405	0.04715589263224435
79.89999999999999	68.0	1.976364090658026	0.031191640743365695	66.21499413005758	0.8819594542005904	0.04321223380061104	0.015595820371682848	1.932592989417981	0.08325563463258015	3.9118561950775868	0.05210449083398306	0.0068141026086226825	0.041627817316290075
81.6	68.0	1.9761583145922754	0.0328393568878913	70.1211953937557	0.7991359873092199	0.04122258375923045	0.01641967844394565	1.900000000005525	0.07593287045303829	3.078104049887649	0.03507960332299928	0.004184122281912523	0.037966435226519143
83.3	68.0	1.9760969722234392	0.03204188741080327	71.01555383285529	0.8421936411410189	0.04238868316511177	0.016020943705401636	1.9000000000000001	0.09797403625724004	3.344989249972911	0.03966917842593674	0.0061049777184010775	0.04898701812862002
85.0	68.0	1.9760063300313062	0.03209289544920309	72.19602980121785	0.8964391513459669	0.04519075468505426	0.016046447724601544	1.900000000004806	0.08690206129113634	3.499659132896858	0.04345434882959867	0.005931754948974157	0.04345103064556817
86.7	68.0	1.975866406635009	0.03282169392184416	73.11049983663571	0.8881852883476075	0.04579145503385024	0.01641084696092208	1.9000000000000001	0.08665154757330633	3.318832862972802	0.040318949124458055	0.0054878900873132925	0.043325773786653164
88.39999999999999	68.0	1.976116832898018	0.03259456618070382	73.40707151525645	0.8749972651955922	0.044799356705944676	0.01629728309035191	1.900000000001659	0.0952130992295211	3.3122592785786296	0.03948145254333813	0.005904861303245801	0.04760654961476055
90.1	68.0	1.9759602782069337	0.03288361004603036	72.63909971339945	0.8581758428039183	0.044327746310388626	0.01644180502301518	1.9000000000006676	0.08654720131838733	3.174596106722295	0.03750544404043449	0.005098791078748923	0.04327360065919367
91.8	68.0	1.9761032261378526	0.03292607394047218	74.00383811931667	0.8596873670264336	0.04446316473510089	0.01646303697023609	1.9000000000047998	0.0869279924417615	3.494648767412912	0.04059661598491047	0.005543312477357007	0.04346399622088075
93.5	68.0	1.9762858036865418	0.03273330264340301	74.13995895157325	0.8649303007803957	0.04447242534676892	0.016366651321701505	1.9000000000072508	0.09867508406335639	3.4645373550242753	0.04041792548743346	0.006264716190492712	0.04933754203167819
95.2	68.0	1.9763896556096967	0.03310370360455039	73.41135163103152	0.8533467745882257	0.044373329142464786	0.016551851802275194	1.900000000000005	0.09563528823422797	4.142552864805491	0.048153780678364386	0.007233832335455885	0.047817644117113985
96.89999999999999	68.0	1.976285971548989	0.03253058819027737	78.07238326783137	0.9100333088283894	0.046501726923804484	0.016265294095138685	1.9000000000015023	0.09082457148475231	3.1905116036699526	0.03718948634605693	0.0053057088512299426	0.04541228574237616
98.6	68.0	1.977449290037414	0.02940532850073261	76.43938365628446	0.8533627933940234	0.03941664139134725	0.014702664250366305	1.955515727650567	0.05784165974739174	9.663362979752756	0.10788096438692613	0.009801791125780666	0.02892082987369587
100.3	68.0	1.9764938762228437	0.031990061859985666	81.87881808503	0.8748995802773498	0.04396359162748046	0.015995030929992833	1.9000000003281454	0.09649765881399641	3.672314657649649	0.03923977687718305	0.005947893492138383	0.048248829406998206
102.0	68.0	1.9767597034705329	0.032920876776297965	83.12648817605422	0.8887952374921622	0.04596137249087107	0.016460438388148983	1.9000000000090587	0.08704215253452109	3.7038620622080702	0.039601997310969424	0.005414602625038778	0.043521076267260546
103.7	68.0	1.976926742632135	0.03276010159114484	85.05788046494301	0.8951752252510945	0.046065222278658835	0.01638005079557242	1.9000000000000967	0.09931194646392055	3.1443088176388194	0.033091670503698094	0.005162262235812891	0.049655973231960276
105.39999999999999	68.0	1.9776232434755678	0.03136158595708511	89.258301024476	0.8711738750449665	0.04291634591269715	0.015680792978542555	1.925362633646781	0.08381870831640585	4.387910516176257	0.04282663868629545	0.005638646005085183	0.041909354158202926
0.0	69.7	1.9758436045042518	0.02818468410290685	346.6102455676336	0.6772934705286541	0.0299854062666302	0.014092342051453426	1.9599999999999997	0.04282709531098696	212.49703167313004	0.415229653189372	0.0279335966379967	0.02141354765549348
1.7	69.7	1.9754644983610152	0.029063603993966743	256.27572052191147	0.6887497086395914	0.031443492099555805	0.014531801996983371	1.9595049834033007	0.043686623787838566	138.27364072389142	0.37161510878660514	0.02550126489326714	0.021843311893919283
3.4	69.7	1.9753809660499089	0.030702850244333096	113.41432406011067	0.6995180966373886	0.03373630587121921	0.015351425122166548	1.9585294910548612	0.04729204402020067	56.230302349653684	0.34681786801574704	0.025763770767274527	0.023646022010100336
5.1	69.7	1.9722263610555033	0.03571026144108413	52.657911248167395	0.7752378813226033	0.043485842920187735	0.017855130720542064	1.934893370269572	0.08235049797365031	7.306958429335278	0.1075741676302696	0.013915348938202019	0.041175248986825154
6.8	69.7	1.9719762307589304	0.046087745154962126	19.986209103169433	0.6856438420760607	0.0496368162477131	0.023043872577481063	1.9000000000000001	0.09999999999999999	3.458938182849215	0.11866180589575805	0.018639352883190574	0.049999999999999996
8.5	69.7	1.9729141039383573	0.04957432289521845	9.562190432061232	0.515088050858475	0.04011050624105163	0.024787161447609226	1.9000000000000001	0.09999999999999999	3.708940673260779	0.19979010413075413	0.03138295616985585	0.049999999999999996
10.2	69.7	1.9765961594797208	0.07200590456122745	6.288152310049791	0.42005203992012097	0.047510662423744354	0.036002952280613724	1.9000000000000001	0.09999999999999941	2.659745519069835	0.17767246654762386	0.02790872578255951	0.049999999999999704
11.9	69.7	1.9788115992792505	0.06792077575725876	4.809460991314924	0.2779492360978152	0.029654322024419782	0.03396038787862938	1.9000000000000001	0.09999999999999998	3.454914217481661	0.19966702490500118	0.031363622930284094	0.04999999999999999
13.6	69.7	1.9778526247018833	0.06669826167094957	4.083973674924316	0.3140766168799725	0.032905613816360535	0.033349130835474784	1.9000000000000001	0.05097787893673395	2.8640580630265284	0.22025941854286057	0.017637463460167487	0.025488939468366976
15.299999999999999	69.7	1.9875246508964464	0.09999999999999994	3.4406622269323512	0.2402434423924365	0.03773735168466003	0.04999999999999997	1.9000000000000001	0.06422707751243509	3.1698156289597827	0.22133164147577838	0.022329630825244546	0.032113538756217544
17.0	69.7	1.9900668483944512	0.09999999999999529	3.1131534734702115	0.24426862191113427	0.0383696254049243	0.049999999999997644	1.9000000000000012	0.09999999999999969	2.778906481350578	0.21804246478821085	0.03425003027746261	0.04999999999999984
18.7	69.7	1.9864248445076855	0.07687113235948317	3.513657062992042	0.2481103327832133	0.02995904786337899	0.03843556617974159	1.9000000000000001	0.08065941263751464	3.5643273907857362	0.2516883233684477	0.03188878701508208	0.04032970631875732
20.4	69.7	1.9921633835663717	0.09999999999996452	3.057358432724418	0.22895278478650727	0.03596381933519805	0.04999999999998226	1.9000000000000001	0.09999999999999999	2.969969937804236	0.22240862592828398	0.034935865265564865	0.049999999999999996
22.099999999999998	69.7	1.9999999999999998	0.09999999999999999	2.7081263020758675	0.1854148124100206	0.029124890626702517	0.049999999999999996	1.9000000000000001	0.09999999999999999	3.6600507987682236	0.2505893583118948	0.03936248435702146	0.049999999999999996
23.8	69.7	1.9890662730894504	0.09320853260006233	2.8726150319107093	0.21197276020837313	0.031035275352395673	0.046604266300031165	1.9000000000000001	0.09999999999999999	3.3312064199441487	0.24581261735922116	0.0386121556427704	0.049999999999999996
25.5	69.7	1.9833138289451895	0.0936817033785773	3.3517175402573027	0.24919967654970548	0.03667094739100776	0.04684085168928865	1.9000000000000001	0.09999999999999999	2.8496452309104696	0.21187067862818323	0.03328056837446922	0.049999999999999996
27.2	69.7	1.985895855162748	0.09999999999999976	3.5514465471654555	0.28636333689014243	0.04498184777157641	0.04999999999999988	1.9000000000000001	0.06107697269246816	2.5860616112492685	0.20852157636777682	0.020005452514050236	0.03053848634623408
28.9	69.7	1.9818469548438635	0.06446029361083146	3.9708868341973593	0.3201251778931504	0.03241395233840988	0.03223014680541573	1.9000000000000443	0.09999999999999798	2.693226212243946	0.21712266209051018	0.034105548007569604	0.04999999999999899
30.599999999999998	69.7	1.9828049364950855	0.06304987120368745	4.238669462641769	0.2987889814215187	0.029591614356631057	0.031524935601843725	1.9000000000000001	0.09999999999999916	2.960270730089062	0.2086730951707615	0.03277829313951512	0.04999999999999958
32.3	69.7	1.9800060756952675	0.061605876972838515	5.598319716292832	0.38345784232617897	0.03710732478628818	0.030802938486419257	1.9000000000000001	0.062371302627423464	3.5471862790518927	0.2429651155748887	0.023803927256407016	0.031185651313711732
34.0	69.7	1.9809663113134186	0.049499250616186694	6.468439916343622	0.3569442010984917	0.027753568508342034	0.024749625308093347	1.9000000000000044	0.09999999999999991	3.653238013562279	0.2015945329999655	0.03166639519382781	0.049999999999999954
35.699999999999996	69.7	1.9783161295621354	0.047729577789659486	8.077278212808116	0.49377278136907865	0.0370198466992699	0.023864788894829743	1.9000000000000072	0.09999999999999919	3.1829923835178007	0.19457977809826796	0.03056452007053229	0.04999999999999959
37.4	69.7	1.9779190521451264	0.041921818621626424	12.42876507989326	0.5605045710153185	0.03690958399754105	0.020960909310813212	1.9000000000000001	0.09999999999999999	3.861762987511442	0.1741553398719903	0.027356256816263917	0.049999999999999996
39.1	69.7	1.9771684395301956	0.033669507295652476	38.75006909244413	0.7509941713988779	0.039718533464441645	0.016834753647826238	1.9000000000000001	0.09999999999999999	3.8581294207994836	0.0747723236469767	0.011745209133059018	0.049999999999999996
40.8	69.7	1.9783919117405944	0.028449760990647725	717.9223292873153	0.8051742418381008	0.035982254605333795	0.014224880495323862	1.9599999999999997	0.038413223448577206	276.89565684250636	0.3105478705304385	0.01873825674279831	0.019206611724288603
42.5	69.7	1.977793735623908	0.02789914229694228	753.574254901362	0.8184991631947938	0.035869801120023435	0.01394957114847114	1.9599999999999997	0.03825075531116225	292.5815543085296	0.3177891970302378	0.01909409249248973	0.019125377655581127
44.199999999999996	69.7	1.9778654359519874	0.02805100205559125	867.7075947607839	0.8301011355292847	0.03657625739848345	0.014025501027795624	1.9599999999999997	0.03743258411305007	293.1902052996306	0.28048333772206246	0.016492130133727502	0.018716292056525034
45.9	69.7	1.9778480683029984	0.02804872536616639	1063.5016114663595	0.8576933240831321	0.03778896845464548	0.014024362683083194	1.9599999999999997	0.03664590457658573	334.2590816273673	0.26957343527731953	0.015517523668509479	0.018322952288292865
47.6	69.7	1.9779755185100836	0.027795300777896985	1261.6961906126155	0.8531072025208832	0.037247305721706064	0.013897650388948492	1.9599999999999997	0.036435665831008615	377.96441563522905	0.25556403171705555	0.01462669879610874	0.018217832915504308
49.3	69.7	1.9786655164969302	0.028985458215841056	917.707682884213	0.9278013735597985	0.04224302969086818	0.014492729107920528	1.9599999999999997	0.03217864070944264	158.6292901621002	0.16037402328011416	0.008106279915036735	0.01608932035472132
51.0	69.7	1.9782496683126272	0.02783273339955631	666.3916397263121	0.9258084275713443	0.04047593282851646	0.013916366699778155	1.9599999999999997	0.029857716572349077	110.970077046699	0.1541691498114676	0.007230593486205753	0.014928858286174539
52.699999999999996	69.7	1.9787124579527475	0.028132900606426283	609.3863611125383	0.9067818681218103	0.040071649161488566	0.014066450303213142	1.9599999999999997	0.02935319926999458	98.26248630215811	0.14621699234077493	0.006741758109202887	0.01467659963499729
54.4	69.7	1.9784101299652541	0.0290859399507989	410.7337662527251	0.9260901732029797	0.04231128899222122	0.01454296997539945	1.9599999999999997	0.030036224986240263	55.59750388257239	0.12535687647502536	0.005914436699591155	0.015018112493120132
56.1	69.7	1.9789423084800477	0.02883087771226028	269.37374970998013	0.89477427196734	0.04052203329976367	0.01441543885613014	1.9599999999999997	0.03340007521197708	38.750732433100936	0.12871765878583105	0.0067531353425731066	0.01670003760598854
57.8	69.7	1.978877763106785	0.030378999492264545	119.82606972248746	0.8621168265453556	0.04113954321351482	0.015189499746132273	1.9599999999999997	0.03978217359682099	17.220187014204676	0.12389468348236744	0.0077421406308016225	0.019891086798410496
59.5	69.7	1.9772038782567416	0.03363418407794091	43.51056680205836	0.7940624152192465	0.04195226507579725	0.016817092038970454	1.9000000000000001	0.09999999999999999	3.53829502010585	0.06457344263533171	0.010143172650008003	0.049999999999999996
61.199999999999996	69.7	1.9771480446193894	0.041630168613335544	13.922627112856789	0.5471390908825842	0.035778801722855504	0.020815084306667772	1.9000000000000001	0.09999999999999999	3.5441012023129344	0.13927804674440386	0.02187774442292775	0.049999999999999996
62.9	69.7	1.9760978819658295	0.036569308288541574	13.81959641125033	0.6237525560444306	0.03583017761594763	0.018284654144270787	1.9000000000000001	0.09999999999999953	2.9306993400922354	0.1322781903306586	0.020778209548647376	0.04999999999999977
64.6	69.7	1.975277376542285	0.03910870962250855	15.815677976263443	0.6586576961290382	0.04046253933135422	0.019554354811254275	1.9000000000000001	0.09999999999999999	3.234833476817346	0.1347174600038853	0.02116136913292414	0.049999999999999996
66.3	69.7	1.9759401778046015	0.03647466217423818	18.402927977044197	0.6691447049219625	0.038338154290967395	0.01823733108711909	1.9000000000000044	0.09999999999999999	3.6230831754104322	0.13173810848696982	0.02069337369102398	0.049999999999999996
68.0	69.7	1.9769200826171576	0.03382987596544851	19.898402280288632	0.6067835996762403	0.03224438637614783	0.016914937982724254	1.9000000000000001	0.09999999999999999	3.0175939592632197	0.09201877111394166	0.01445427476619599	0.049999999999999996
69.7	69.7	1.9768011045449605	0.0359869770386565	21.37400878960264	0.6855979573200084	0.038755626228930716	0.01799348851932825	1.9000000000000001	0.09999999999999999	3.7994646803301917	0.1218725625775475	0.019143697363389278	0.049999999999999996
71.39999999999999	69.7	1.9767993349651622	0.03464508432478792	22.35616585327493	0.6421610078861247	0.03494664041860745	0.01732254216239396	1.9000000000000001	0.09999999999999999	3.6104413055937448	0.103706719789527	0.016290213450933663	0.049999999999999996
73.1	69.7	1.9758828626835316	0.036521811777813405	23.536241377443893	0.712559983735387	0.04087837471588843	0.018260905888906703	1.9000000000000001	0.09999999999999999	3.190680155576561	0.096597879130409	0.015173559371422386	0.049999999999999996
74.8	69.7	1.9768334498812383	0.03566392896676689	26.7038355436158	0.7299279101780345	0.040891122565416035	0.017831964483383447	1.9000000000000001	0.09999999999999999	3.2038626322486667	0.08757501340341585	0.013756250937309944	0.049999999999999996
76.5	69.7	1.976260985796753	0.03271482524274583	27.047601448400545	0.7784013071733946	0.040000741161710256	0.016357412621372917	1.9000000000000006	0.09999999999999999	2.473944965504774	0.07119751445235199	0.011183679417868107	0.049999999999999996
78.2	69.7	1.9765482464727309	0.03503691422354074	30.158882885277382	0.7476820157755404	0.04114931987705515	0.01751845711177037	1.9000000000000001	0.09999999999999999	3.396707147474496	0.08420924795801032	0.013227557737460326	0.049999999999999996
79.89999999999999	69.7	1.976408009730078	0.03483422343262274	31.255638353746196	0.7475025002517478	0.04090144579295113	0.01741711171631137	1.9000000000000001	0.09999999999999865	3.4049380057035386	0.0814316970160533	0.012791261055748971	0.04999999999999932
81.6	69.7	1.9761907789973618	0.03317729269388394	33.7140911064965	0.7072329690521227	0.03685728316251351	0.01658864634694197	1.9000000000000001	0.09999999999999999	3.6305157989479224	0.07615867381890695	0.01196297650883097	0.049999999999999996
83.3	69.7	1.9762208009677817	0.03324019234581654	34.80610434541128	0.7632200865707321	0.039850446971592964	0.01662009617290827	1.9000000000000001	0.09999999999999999	3.7933116322385025	0.08317884712451366	0.01306570275302203	0.049999999999999996
85.0	69.7	1.9764604891834852	0.03330923914179649	33.97533203882797	0.7709633705304086	0.04033836898131277	0.016654619570898244	1.9000000000000001	0.09999999999999999	3.156258623593947	0.07162136881931706	0.011250258306140579	0.049999999999999996
86.7	69.7	1.976452291934987	0.03415420913349765	34.73124015269301	0.7271844374170094	0.03901294058429738	0.017077104566748824	1.9000000000000001	0.09999999999999999	3.356663970514036	0.07028006458349659	0.011039566729466453	0.049999999999999996
88.39999999999999	69.7	1.9765921145087977	0.03239426337585336	35.747058512429234	0.7838531086890266	0.039886200763793296	0.01619713168792668	1.9000000000000001	0.09999999999999999	3.380144433855633	0.07411901377492096	0.011642587458330618	0.049999999999999996
90.1	69.7	1.9770443474056651	0.03399002055930867	36.920712005485996	0.7782853937318589	0.041553746336802665	0.016995010279654336	1.9000000000000001	0.09999999999999999	3.818029758087597	0.08048373479665359	0.012642355498531807	0.049999999999999996
91.8	69.7	1.9765915054543792	0.032747400889405774	39.08420236502806	0.7655298443742472	0.03937847015542127	0.016373700444702887	1.9000000000000001	0.09999999999999877	3.2033423287370617	0.06274284764705242	0.009855623461664053	0.049999999999999385
93.5	69.7	1.9764986556555977	0.0338333863535527	39.85718425723201	0.7771998910947839	0.04130456723258372	0.01691669317677635	1.9000000000000001	0.09999999999999999	3.116666614952893	0.06077381026434703	0.00954632779285663	0.049999999999999996
95.2	69.7	1.9771342997110677	0.03263132321434924	41.207681816955464	0.7766483903162036	0.03980879285929425	0.01631566160717462	1.9000000000000001	0.09999999999999999	4.093957619328485	0.07715953567099106	0.012120191520919255	0.049999999999999996
96.89999999999999	69.7	1.9766721329245012	0.03357987558173362	44.175780073038496	0.8067160174867605	0.04255196692407435	0.01678993779086681	1.9000000000000001	0.09999999999999999	3.587055699239626	0.06550501843791756	0.010289504234891288	0.049999999999999996
98.6	69.7	1.9767622172998884	0.03267027587855465	45.80327559373332	0.834840822096798	0.04284265295617239	0.016335137939277326	1.9038090450905394	0.09999999999999999	3.148582128912435	0.0573881421987247	0.009014508296733996	0.049999999999999996
100.3	69.7	1.9770760602000608	0.032752742683847556	45.96598501592433	0.8394078454436683	0.043185760734973	0.016376371341923778	1.9000000000000001	0.09999999999999996	3.7029517228754023	0.06762145369894575	0.01062195310828351	0.04999999999999998
102.0	69.7	1.97701535442681	0.03206003785575442	49.74464033442522	0.8491110196355995	0.042761052381416434	0.01603001892787721	1.9000000000304629	0.09507384730082873	3.805551864851857	0.06495847597885451	0.00970100599159879	0.04753692365041436
103.7	69.7	1.9772047075363246	0.03216522346499829	51.354539060716164	0.8276559551688475	0.04181732944161733	0.016082611732499145	1.9000000000000006	0.09999999999999999	3.8233714654756996	0.06161940541384886	0.009679153568335935	0.049999999999999996
105.39999999999999	69.7	1.9772401071883123	0.03323136644472124	51.64146734556783	0.828933834449388	0.04327010439617671	0.01661568322236062	1.9000000000000001	0.09999999999999531	3.086270973485669	0.04953992525196692	0.007781713261547973	0.04999999999999766
0.0	71.39999999999999	1.975476416485921	0.028126962065128658	396.66681911393454	0.6694739325393617	0.02957851565636673	0.014063481032564329	1.9591624892881077	0.04292888307467391	248.51685467311364	0.419434013593495	0.02828349747940258	0.021464441537336953
1.7	71.39999999999999	1.9759221368546898	0.0285636726602364	287.1555640600583	0.6620934721047914	0.029706619286026543	0.0142818363301182	1.9599999999999986	0.04331036001015928	182.66275368133404	0.4211648038406189	0.028652580503599506	0.02165518000507964
3.4	71.39999999999999	1.9751073899308473	0.03020585168008411	236.50990663889795	0.772263163323553	0.036641756322759934	0.015102925840042055	1.9569008179628657	0.04557496719768548	93.09141082703418	0.3039664106472325	0.021760648656773116	0.02278748359884274
5.1	71.39999999999999	1.9765632393036503	0.02813460966694794	71.79629355586364	0.6278648221792194	0.0277476956612973	0.01406730483347397	1.9599999999999578	0.046205708068657224	46.7721494776097	0.4090265090335001	0.029687044432279253	0.023102854034328612
6.8	71.39999999999999	1.9714401060994204	0.04218024033971536	33.624436747780464	0.7866756629251473	0.05212242844450705	0.02109012016985768	1.9000000000000001	0.09999999999999999	3.722817520571726	0.08709885500575515	0.013681456151108147	0.049999999999999996
8.5	71.39999999999999	1.9721705153251465	0.04586370813176792	13.651064421159194	0.5639914480546645	0.04063137886244749	0.02293185406588396	1.9000000000000001	0.09999999999999999	3.5064055051252527	0.14486655818847202	0.022755585747787098	0.049999999999999996
10.2	71.39999999999999	1.974611224127032	0.0493245757382995	7.923550166506351	0.5210135729939378	0.04036753892554749	0.02466228786914975	1.9000000000000001	0.09999999999999999	3.841466006405722	0.2525958550742261	0.03967766413142104	0.049999999999999996
11.9	71.39999999999999	1.9760752301473101	0.07544088985839265	5.211935967733149	0.35570768212769893	0.04215216874176118	0.03772044492919632	1.9000000000000001	0.09999999999999999	2.9436236731587218	0.2008983917526751	0.03155704558241042	0.049999999999999996
13.6	71.39999999999999	1.9824129533533885	0.06823966901344446	4.793542922856704	0.33234132863940047	0.03562387354307052	0.03411983450672223	1.9000000000000001	0.09999999999994946	3.403302827955266	0.23595453338109046	0.03706365143254334	0.04999999999997473
15.299999999999999	71.39999999999999	1.9820336285507516	0.07694820661180124	3.9268060783124357	0.3173894514922071	0.03836285040127084	0.03847410330590062	1.9000000000000001	0.06810038693015288	3.656322510091341	0.29552724856105494	0.0316130928522134	0.03405019346507644
17.0	71.39999999999999	1.9845901748011323	0.07010187004644629	3.302966804443721	0.2664747056036423	0.02934306472043661	0.035050935023223144	1.9000000000000978	0.09999999999361767	3.0083444945674844	0.24270534976787947	0.03812406718845236	0.04999999999680883
18.7	71.39999999999999	1.9821294124867426	0.06642262774866156	3.5066872045697566	0.2697371753105832	0.028143411127490615	0.03321131387433078	1.9000000000000001	0.07409161277515118	3.2840586793830218	0.25261241167350296	0.02939974817040942	0.03704580638757559
20.4	71.39999999999999	1.988353827882108	0.09999999999999602	2.955111461461467	0.18325637507343298	0.02878584408270849	0.04999999999999801	1.900000000000001	0.09999999999999999	2.80187632591522	0.17375375026881612	0.02729317526890941	0.049999999999999996
22.099999999999998	71.39999999999999	1.9970995536456664	0.08709492042969112	2.408622950318376	0.1951138282164245	0.026693206967235053	0.04354746021484556	1.9000000000000001	0.09999999999999999	3.1416457018616355	0.2544933484540928	0.03997572169454227	0.049999999999999996
23.8	71.39999999999999	1.9822440464426383	0.09999999999999999	3.304136278112736	0.2492267410438649	0.03914844493707659	0.049999999999999996	1.9000000000000001	0.04382299483911422	3.106200328841438	0.23429668749277882	0.016128280918188555	0.02191149741955711
25.5	71.39999999999999	1.9864414346709371	0.09669365522587872	3.000308852950233	0.22357564590629816	0.0339580191513191	0.04834682761293936	1.9000000000000021	0.09999999999999996	2.8679907557716326	0.21371562632441127	0.03357037208090558	0.04999999999999998
27.2	71.39999999999999	1.9800056395208465	0.09999999999999556	3.6254370698015563	0.25395920354608886	0.03989181840859361	0.04999999999999778	1.9000000000000001	0.060581513214480735	3.273362396303036	0.2292966312964683	0.02182014681583316	0.030290756607240368
28.9	71.39999999999999	1.987019214275042	0.08514253641072933	3.5379986101184193	0.2716326122670924	0.03632857568071061	0.042571268205364665	1.9000000000000001	0.09999999999999995	3.42146235153632	0.26268544980864544	0.04126253396618852	0.049999999999999975
30.599999999999998	71.39999999999999	1.978900202310837	0.06167346125771927	4.647988969732894	0.355140170548689	0.03440471769819278	0.030836730628859634	1.9000000000000001	0.06826168810067425	3.9364653955430833	0.30077459327803047	0.032250618604879495	0.034130844050337124
32.3	71.39999999999999	1.9821651966396785	0.0679516975633388	4.780784287765105	0.28923182076242854	0.030872106182078092	0.0339758487816694	1.9000000000000001	0.09999999999999999	2.7264193867484425	0.1649451629535603	0.025909525609003815	0.049999999999999996
34.0	71.39999999999999	1.9791906208777714	0.054796230347523504	5.593421372027711	0.4310641532702454	0.037103294089204104	0.027398115173761752	1.900000000000001	0.09999999999999999	2.972813490195108	0.22910366388448244	0.03598751936849976	0.049999999999999996
35.699999999999996	71.39999999999999	1.9801310609164693	0.04980661012568024	6.376695390683297	0.43966423550196065	0.034397588818852305	0.02490330506284012	1.9000000000000001	0.0811071637974605	2.474771812734608	0.17063205789592695	0.021739007912672643	0.04055358189873025
37.4	71.39999999999999	1.9769649611144473	0.042793309173445954	9.462332740548211	0.512611028498759	0.034457494379548696	0.021396654586722977	1.9000000000000004	0.09999999999999996	3.1525850553639523	0.17078768121678892	0.02682726623171497	0.04999999999999998
39.1	71.39999999999999	1.9779898541879215	0.03530412167202111	17.11043394078639	0.6719859860229578	0.03726537572689389	0.017652060836010557	1.9000000000000001	0.09999999999999999	3.9716241069215896	0.15597943049477053	0.024501191647674544	0.049999999999999996
40.8	71.39999999999999	1.97947644425163	0.03294843053485268	103.82287528864411	0.8485776232427528	0.04391836711081706	0.01647421526742634	1.9599999999999997	0.046379790035617936	15.707618866545822	0.12838340151454447	0.009353142118345903	0.023189895017808968
42.5	71.39999999999999	1.9781997267613758	0.027972035166875592	739.2203651150322	0.8126896089125464	0.03570825680722092	0.013986017583437796	1.9599999999999997	0.03846924215342002	285.41373568336144	0.3137802855237694	0.01896090933822502	0.01923462107671001
44.199999999999996	71.39999999999999	1.9780587056438428	0.0280409857161085	815.3107519706925	0.8103951100983364	0.03569521195070695	0.01402049285805425	1.9599999999999997	0.03819486003775586	275.60998926809657	0.2739482915652131	0.01643589644569525	0.01909743001887793
45.9	71.39999999999999	1.978142227915619	0.027970135979603773	1044.056608086146	0.852074676647295	0.03743623054930958	0.013985067989801887	1.9599999999999997	0.03676592190873372	331.34600646174266	0.2704178481584463	0.015617110745942539	0.01838296095436686
47.6	71.39999999999999	1.9785127576878507	0.028234480742016954	1183.3163338716506	0.8588678792168296	0.03809132177202134	0.014117240371008477	1.9599999999999997	0.036342793189433543	340.7156923964777	0.24729631102700286	0.014117435678662667	0.018171396594716772
49.3	71.39999999999999	1.9784947997023643	0.02815229958779873	654.0910598417975	0.942686250724545	0.04168702717007785	0.014076149793899364	1.9599999999999997	0.030906645144091124	102.78210412978004	0.14813117367345893	0.00719147883591004	0.015453322572045562
51.0	71.39999999999999	1.9784637853142157	0.028261724055129715	667.0173492514122	0.9485976552723336	0.042111486850223624	0.014130862027564858	1.9599999999999997	0.029990730158555835	95.12317028666492	0.1352792643208901	0.006372915338785928	0.014995365079277918
52.699999999999996	71.39999999999999	1.9786262559727623	0.02865460857453047	496.00539443310953	0.910312773274611	0.04097368214243606	0.014327304287265235	1.9599999999999997	0.030790372290328615	70.12335848462715	0.12869656187192785	0.006224461169003675	0.015395186145164308
54.4	71.39999999999999	1.9786888037146886	0.02849725324232038	326.0215069778076	0.9118524511617524	0.0408175984288833	0.01424862662116019	1.9599999999999997	0.031557876517213784	46.885484188154805	0.1311344275326742	0.006500464250177581	0.015778938258606892
56.1	71.39999999999999	1.9789844289956193	0.02918923293726791	171.9615686407269	0.8480030726471262	0.038881229100003314	0.014594616468633956	1.9599999999999997	0.0339040139014471	27.852717538661278	0.13735156198594572	0.007314836059267383	0.01695200695072355
57.8	71.39999999999999	1.978443258319798	0.029943620724958774	63.20548964562859	0.8424093389904118	0.03962300078755242	0.014971810362479387	1.9599999999999997	0.049573437165968015	8.455024786047908	0.11268944962053273	0.008775101862223396	0.024786718582984008
59.5	71.39999999999999	1.9777068734226273	0.035038602917683015	24.02676092965768	0.6217840745492929	0.03422206823336346	0.017519301458841507	1.9000000000000001	0.09999999999999999	3.6338471179812504	0.09403965328171177	0.014771714194797848	0.049999999999999996
61.199999999999996	71.39999999999999	1.977941209036016	0.04549116784300518	7.852002516513308	0.43200126507272807	0.03086966963769848	0.02274558392150259	1.9000000000000001	0.0999999999999928	3.4818171127317648	0.1915625210624506	0.03009057044364458	0.0499999999999964
62.9	71.39999999999999	1.9780331287045059	0.0653100985460736	6.368429638637848	0.38619561200664015	0.03961936869226162	0.0326550492730368	1.9000000000000001	0.06600369435174107	2.8682398954324473	0.17393639007611353	0.018033439779184632	0.033001847175870534
64.6	71.39999999999999	1.9769740443560648	0.04360090751940841	7.300295446173125	0.4932129848717185	0.03377924260942772	0.021800453759704207	1.9000000000000012	0.09999999999999999	3.411022612985476	0.23045103541629983	0.03619916399380044	0.049999999999999996
66.3	71.39999999999999	1.9768892809919067	0.03558471912176629	7.918489447078431	0.43115337975739254	0.024099898531282776	0.017792359560883146	1.9000000000000001	0.09999999999999999	2.9784163063714386	0.16217161939773383	0.02547385840603403	0.049999999999999996
68.0	71.39999999999999	1.9783791199805776	0.043710503105833375	8.18121873541274	0.44649665941665884	0.030656593566979723	0.021855251552916687	1.9000000000000001	0.09999999999999999	3.6517235306745284	0.1992957785741352	0.03130530769299806	0.049999999999999996
69.7	71.39999999999999	1.978325796574778	0.0422670318421404	8.367971449362937	0.5090481043834113	0.033797179055776554	0.0211335159210702	1.900000000000002	0.09999999999999999	3.6761346788973133	0.22362999217609236	0.03512771702713773	0.049999999999999996
71.39999999999999	71.39999999999999	1.9777803494867352	0.03908092943291744	9.628593492867891	0.46236469749375675	0.028383727460780776	0.01954046471645872	1.9000000000000006	0.09999999999999998	3.236501168162829	0.15541666440319094	0.024412792556724745	0.04999999999999999
73.1	71.39999999999999	1.977914818353212	0.044148048692247775	9.282754596035097	0.5568802813313499	0.03861830694409175	0.022074024346123888	1.9000000000000001	0.09999999999999999	3.1974094717111456	0.19181529229465516	0.030130275655953373	0.049999999999999996
74.8	71.39999999999999	1.9762559820653218	0.04118696439075314	10.22703563234557	0.5078380488708084	0.032855259203345255	0.02059348219537657	1.9000000000000001	0.09999999999999999	3.369443517858481	0.167314526261917	0.02628170432716475	0.049999999999999996
76.5	71.39999999999999	1.9777754940243153	0.041262765861769315	10.888367354120561	0.5859105091663629	0.03797602463047974	0.020631382930884658	1.9000000000000001	0.09999999999999999	3.2070228239722858	0.1725720959433514	0.027107561441511285	0.049999999999999996
78.2	71.39999999999999	1.9769306444635466	0.0411347389550589	11.464208530291103	0.5648382822443279	0.036496628443592895	0.02056736947752945	1.9000000000000001	0.09999999999999999	3.021090695980542	0.14884827633003989	0.02338103257089784	0.049999999999999996
79.89999999999999	71.39999999999999	1.9780281493421363	0.04449501398033568	10.927772021464497	0.49974235591548577	0.0349282948443933	0.02224750699016784	1.9000000000000001	0.09999999999999999	3.314878869832097	0.15159406443788034	0.02381233995829313	0.049999999999999996
81.6	71.39999999999999	1.976972652576944	0.039098004057212865	11.536537357295503	0.5259044498247681	0.03229842239502858	0.019549002028606433	1.9000000000000001	0.09999999999999999	3.4594607901814958	0.15770293695622933	0.024771919409561218	0.049999999999999996
83.3	71.39999999999999	1.976427790645559	0.03442864583646859	12.2214575997835	0.4758210355942752	0.025732587373296655	0.017214322918234295	1.9000000000000001	0.09999999999999999	2.6524086705886707	0.10326688368833299	0.016221124157718928	0.049999999999999996
85.0	71.39999999999999	1.977703662805228	0.0375568912304515	12.589032181611525	0.5731539342650348	0.03381277318397254	0.01877844561522575	1.9000000000000001	0.0999999999999979	3.4210221146324953	0.1557524244852875	0.0244655336270884	0.04999999999999895
86.7	71.39999999999999	1.9766539268343584	0.04073446822121489	12.533041398542935	0.5659218569791079	0.0362108230051893	0.020367234110607445	1.9000000000000055	0.0999999999999981	2.6499271002719667	0.11965584551723579	0.0187954962618008	0.04999999999999905
88.39999999999999	71.39999999999999	1.9776383953995194	0.04331947104773051	12.656770864539011	0.5763600652557416	0.03921903504042909	0.021659735523865256	1.9000000000000001	0.07338737523432642	3.467297106842571	0.15789268907125903	0.01820133543219397	0.03669368761716321
90.1	71.39999999999999	1.9766866453893754	0.04034919043751733	13.676746472481318	0.571022417831428	0.036191606483545594	0.020174595218758664	1.9000000000000001	0.09999999999999998	3.269095012592548	0.13648907961899118	0.021439654491312746	0.04999999999999999
91.8	71.39999999999999	1.9778158065816989	0.035813497186027644	14.42875881902235	0.6527593161398615	0.036721438677261416	0.017906748593013822	1.9000000000000141	0.09999999999999984	3.18408530913287	0.14404851969529148	0.022627088561760583	0.04999999999999992
93.5	71.39999999999999	1.9758303155654744	0.034211628789660845	14.858268522546036	0.6214009760486278	0.03339377827214837	0.017105814394830422	1.9000000000000001	0.09999999999999999	3.550959496535992	0.14850786238708405	0.02332756047377936	0.049999999999999996
95.2	71.39999999999999	1.9772162775299236	0.038543457052426636	14.79281276267229	0.6669764512354368	0.04038136941233667	0.019271728526213318	1.9000000000000001	0.09999999999999999	3.2784071151078944	0.14781640100639395	0.02321894597408851	0.049999999999999996
96.89999999999999	71.39999999999999	1.9771272556538	0.037166493035341024	15.378632125880054	0.6003906589402882	0.03505140149983244	0.018583246517670512	1.9000000000000001	0.09999999999999999	3.4889648598011265	0.13621119837247134	0.021396005007180897	0.049999999999999996
98.6	71.39999999999999	1.9770340840789278	0.036833525319623556	15.70918388563019	0.6546361596409259	0.037875916846881554	0.018416762659811778	1.9000000000000001	0.09999999999999999	3.112390010767718	0.1297001205656218	0.020373247296933395	0.049999999999999996
100.3	71.39999999999999	1.9771916976068082	0.03663275037620269	16.851753882261455	0.6148238436647305	0.03537855619304115	0.018316375188101346	1.9000000000000001	0.09999999999999962	3.0904363144828517	0.11275229550269379	0.017711089161332346	0.04999999999999981
102.0	71.39999999999999	1.9774159574540653	0.036227516746396696	16.87946660558495	0.7083235615571862	0.04030789617599857	0.018113758373198348	1.9000000000000001	0.09999999999999999	3.5447441652139844	0.14875030536111028	0.023365643327085125	0.049999999999999996
103.7	71.39999999999999	1.977655524563292	0.03456133879235118	18.163433719594046	0.6683441590450924	0.036283618437960324	0.01728066939617559	1.9000000000000001	0.09999999999999999	3.5927603471521663	0.13219969472389143	0.02076587948756953	0.049999999999999996
105.39999999999999	71.39999999999999	1.9778051957779543	0.035911717467256424	18.805595167659778	0.6390196055967728	0.036047092045043645	0.017955858733628212	1.9000000000000001	0.09999999999999999	3.1114718844899096	0.10572872162384309	0.016607828756345287	0.049999999999999996
0.0	73.1	1.9744131035723833	0.028451498552486194	396.03702195113243	0.6727076127482495	0.03006431861073611	0.014225749276243097	1.9580205008385472	0.043790595686356	237.582723069104	0.40355748984943707	0.027759148617824688	0.021895297843178
1.7	73.1	1.975657588830158	0.027697213477027856	343.68456535393256	0.6623301875001639	0.02881578831151945	0.013848606738513928	1.959555725152654	0.04279145376584846	229.52757456419454	0.44233304844808713	0.02973214941373851	0.02139572688292423
3.4	73.1	1.9752505284580453	0.029036195966870307	249.37949987796614	0.6959440152767457	0.03174197171789759	0.014518097983435153	1.958928515585092	0.043872789350999836	138.00733359158838	0.3851374227808105	0.026541828818808948	0.021936394675499918
5.1	73.1	1.974652293188135	0.031139822403482568	136.2867496262819	0.7728229913609022	0.03780211005826455	0.015569911201741284	1.9556862993486475	0.04732738905998648	48.29854801882739	0.2738800981067661	0.020360709047223823	0.02366369452999324
6.8	73.1	1.9709624252331164	0.0403468295040333	62.32285057114602	0.8405232467212643	0.05326954895465999	0.02017341475201665	1.9000010686247746	0.09173749026276631	4.516525373300873	0.060912563142986105	0.008777555945879985	0.04586874513138316
8.5	73.1	1.9719067521986462	0.041774065390853946	23.363096618924967	0.7451389941719208	0.048894939206883585	0.020887032695426973	1.9000000000000001	0.09999999999999977	3.9867423724256694	0.12715254530966083	0.019973075111503643	0.049999999999999885
10.2	73.1	1.9727211981991302	0.049409248202919406	10.573820466932922	0.5658962910294826	0.04392026687547328	0.024704624101459703	1.9000000000000001	0.09999999999999999	2.9458881204717677	0.1576598700891639	0.024765154481901926	0.049999999999999996
11.9	73.1	1.9734188668576151	0.04926012188726295	6.971977137767625	0.3685023024166883	0.028513830579396368	0.024630060943631474	1.9000000000000001	0.09999999999999999	3.3606476475981215	0.17762628466502167	0.02790147154940407	0.049999999999999996
13.6	73.1	1.975702826391266	0.04859654355796144	5.431590154755657	0.3620772350037456	0.02763926426093798	0.02429827177898072	1.9000000000000001	0.09999999999999999	3.40238133189247	0.2268073970937164	0.03562682262447212	0.049999999999999996
15.299999999999999	73.1	1.9852733970709697	0.07839656870302605	3.6009353895579754	0.21828789022292375	0.026881071442781186	0.03919828435151303	1.9000000000000004	0.09999999999999878	3.1707619279961863	0.19221087211631963	0.03019241318903548	0.04999999999999939
17.0	73.1	1.9833933904590049	0.09999999999999998	3.9427524356678143	0.3042366566445606	0.04778938227336359	0.04999999999999999	1.9000000000000001	0.060665434795463484	2.6181065178701264	0.20202231479979454	0.0192513209574633	0.030332717397731742
18.7	73.1	1.9896274958223323	0.09345030607690522	3.202001126941664	0.2398832180551118	0.03521279282073512	0.04672515303845261	1.9000000000000024	0.09999999999955358	2.883656845381395	0.21603392891289996	0.03393453019979382	0.04999999999977679
20.4	73.1	1.9856962204859938	0.08234467434165714	2.9108640156496293	0.2016638978411544	0.026084562112234987	0.04117233717082857	1.9000000000000001	0.09999999999999999	2.949353153023172	0.20433041521385276	0.032096146567039595	0.049999999999999996
22.099999999999998	73.1	1.991930680513488	0.09312156367100563	2.8869532986949706	0.17474821799937895	0.025561297363268325	0.046560781835502815	1.9000000000000001	0.09999999999183545	2.87973268456434	0.17431115188793225	0.027380731708259613	0.04999999999591773
23.8	73.1	1.996320911992781	0.07592001668541785	3.097172852895092	0.21577270698955406	0.02573194899992226	0.03796000834270893	1.9000000000000061	0.09999999999994012	3.243752232990487	0.225984545699967	0.035497569429770906	0.04999999999997006
25.5	73.1	1.985386405962158	0.0934838901935601	2.909438769183015	0.17759234817520292	0.02607839765058574	0.04674194509678005	1.9000000000000001	0.09999999999999999	2.8414941297747998	0.17344500258187714	0.0272446772956544	0.049999999999999996
27.2	73.1	1.984631194829478	0.08149599634897814	3.5720992804168374	0.24784109917847874	0.03172703423687219	0.04074799817448907	1.9000000000000001	0.0735684730483083	3.3072937152035893	0.22946823291722207	0.026517598481164056	0.03678423652415415
28.9	73.1	1.9879403592015874	0.09584305113206856	3.1857622119596423	0.2251732318273579	0.033899810386570355	0.04792152556603428	1.9000000000000001	0.09999999999989179	3.121937869880349	0.22066205603360367	0.03466151470802192	0.04999999999994589
30.599999999999998	73.1	1.9813087746810023	0.06432914064075186	4.2492027539255215	0.25796767613415256	0.026067112017406906	0.03216457032037593	1.9000000000000001	0.07294108724037195	2.94431833234418	0.1787485799053317	0.020480224345654233	0.03647054362018597
32.3	73.1	1.9765857279901342	0.07011085259993624	4.204767437657944	0.3402338151126325	0.03746990573692471	0.03505542629996812	1.9000000000000001	0.05260877587434308	3.402841113254449	0.2753449819402027	0.02275386827704947	0.02630438793717154
34.0	73.1	1.9800124274242406	0.059754891244458756	4.493904738395675	0.3109917816376269	0.02919054810466515	0.029877445622229378	1.9000000000000004	0.09999999999999999	3.7342374248649386	0.2584205089828499	0.040592598627872824	0.049999999999999996
35.699999999999996	73.1	1.983463973840158	0.0637129289826652	5.017213857327817	0.2606935341822465	0.026090217977086636	0.0318564644913326	1.9000000000000017	0.09999999999999999	3.010445752101109	0.15642222255145372	0.024570745261291733	0.049999999999999996
37.4	73.1	1.979991628450265	0.04575813966111931	7.523369014823213	0.4988128311308169	0.03585302904865376	0.022879069830559654	1.9000000000000845	0.09999999999998951	3.1149118757577727	0.20652423248259996	0.03244075057777693	0.04999999999999476
39.1	73.1	1.9791775240002467	0.040889555456258976	10.332914975933777	0.5627352265917652	0.036144012884394956	0.020444777728129488	1.9000000000000024	0.09999999999999919	3.026095057521665	0.16480250653845976	0.02588711719172024	0.04999999999999959
40.8	73.1	1.9779575378751744	0.03623272758277193	24.15772105442029	0.6620154048680775	0.03767810058895524	0.018116363791385964	1.9000000000000001	0.09999999999999919	3.3019088589339214	0.09048512999882749	0.014213370983171577	0.04999999999999959
42.5	73.1	1.979399799010865	0.02972610232838126	535.8279779212818	0.8196258955181907	0.03827132662021222	0.01486305116419063	1.9599999999999997	0.039615453237983	187.2272243653475	0.2863909458986431	0.017821480917621535	0.0198077266189915
44.199999999999996	73.1	1.9783466669274818	0.02800882174823457	738.498549636385	0.8300603803229664	0.036519464587590415	0.014004410874117286	1.9599999999999997	0.037961484674859484	276.02183566942387	0.31024406209872	0.01849977917749394	0.018980742337429742
45.9	73.1	1.9785024172745498	0.028207526145823652	954.9477640660525	0.8315650154625985	0.03684521426090719	0.014103763072911826	1.9599999999999997	0.037167922871426305	307.83696432397824	0.26806330108368326	0.01565040316339008	0.018583961435713153
47.6	73.1	1.9789073936630854	0.028581154669896938	489.538938692931	0.9114417147565449	0.04091933325471976	0.014290577334948469	1.9599999999999997	0.031102073878959177	74.9859515139182	0.13961161989070522	0.006820728957338615	0.015551036939479589
49.3	73.1	1.9790540734056226	0.028347722562864382	610.0733057862492	0.9354577637230519	0.041654529605133266	0.014173861281432191	1.9599999999999997	0.030698402952714407	92.07047354719474	0.14117654136396157	0.006807665332391019	0.015349201476357203
51.0	73.1	1.9791073356518414	0.02865581597727795	543.7733475437539	0.936803546064403	0.04216782322523099	0.014327907988638975	1.9599999999999997	0.030162036724239255	80.76902617063165	0.139147515174469	0.006592588928192541	0.015081018362119628
52.699999999999996	73.1	1.9787972677645809	0.02881830978976933	365.4667620558088	0.9214947454061703	0.04171394322862213	0.014409154894884665	1.9599999999999997	0.031789384532795194	49.43986224854467	0.12465859554331171	0.006224783145372385	0.015894692266397597
54.4	73.1	1.9790637480056552	0.029312778819163027	222.20949928008955	0.884452496852305	0.040724089231269876	0.014656389409581513	1.9599999999999997	0.03236575863763655	32.02204554479257	0.12745619889413848	0.0064798750358265695	0.016182879318818275
56.1	73.1	1.979189670549106	0.029648741096770934	94.26353361277518	0.818320940118469	0.038110952158158545	0.014824370548385467	1.9599999999999997	0.039901007663216935	15.895906265946996	0.1379956008547285	0.00864906144324954	0.019950503831608467
57.8	73.1	1.977775035533765	0.03311540688139845	38.82158525163104	0.7574874113689121	0.039402646483519974	0.016557703440699224	1.9000000000000001	0.09999999999999999	3.2604277882182378	0.06361752074894823	0.0099930167912246	0.049999999999999996
59.5	73.1	1.977154146302016	0.0423694694716895	10.255308087111327	0.46522720043977894	0.03096264131590857	0.02118473473584475	1.9000000000000001	0.09999999999999999	3.3901581313447413	0.15379292002703	0.024157735386552	0.049999999999999996
61.199999999999996	73.1	1.9802099709162304	0.056235903746943434	4.832241201086184	0.37810818085014036	0.033400243264739615	0.028117951873471717	1.9000000000000088	0.09999999999994337	2.6583713071619948	0.20800947161935854	0.032674051395805065	0.049999999999971685
62.9	73.1	1.9785393622593221	0.05788967463592194	4.854077691867307	0.37574215555943263	0.034167319452617084	0.02894483731796097	1.9000000000000001	0.05720524160380418	3.376598622875227	0.2613741529402847	0.023486502017259762	0.02860262080190209
64.6	73.1	1.9809021524602328	0.0741071863673911	3.570228586125077	0.2178014604932521	0.025353679110274103	0.03705359318369555	1.9000000000000008	0.0999999999999995	2.742980182382886	0.16733524910668277	0.0262849594640085	0.04999999999999975
66.3	73.1	1.9829134449943033	0.04192528023764434	4.755450271583041	0.3265571555276364	0.021505772917148797	0.02096264011882217	1.9000000000000001	0.09999999999999999	2.9978465477960956	0.2058623653803342	0.032336784736473785	0.049999999999999996
68.0	73.1	1.9801184043294096	0.05743794128583218	4.495865541713141	0.3491904397743288	0.03150511631572624	0.02871897064291609	1.9000000000000001	0.09999999999999999	3.1430371442598157	0.24411729230962012	0.03834585460670673	0.049999999999999996
69.7	73.1	1.9808201250276234	0.04083617807451021	4.980589520878052	0.3486885463319904	0.022366737868665613	0.020418089037255106	1.9000000000000048	0.0999999999999999	3.5253968593416425	0.2468112461334675	0.03876901988381214	0.04999999999999995
71.39999999999999	73.1	1.9805071269042396	0.05156535778036169	4.682070568998223	0.36519436123119914	0.029580259227927782	0.025782678890180846	1.9000000000000001	0.09999999999999999	3.2547513537773214	0.2538656400181952	0.03987712148400166	0.049999999999999996
73.1	73.1	1.9791543299538623	0.061628236621251144	5.843773449525522	0.3947263189682451	0.038211642242183735	0.030814118310625572	1.9000000000000001	0.06569503111354008	3.410565697325076	0.23037170330649956	0.023772865489420033	0.03284751555677004
74.8	73.1	1.9782883830885614	0.047102748250258036	4.4408922563008115	0.3059322035836185	0.022635563946520748	0.023551374125129018	1.9000000000000044	0.09999999999999988	2.9120047520756738	0.20060744085481694	0.03151134312224705	0.04999999999999994
76.5	73.1	1.9831497426335731	0.07948047020353792	5.055259196474302	0.33420086810650634	0.04172418654348462	0.03974023510176896	1.9000000000000001	0.06828639720675077	2.9681188826464076	0.19622097872163685	0.021047451359312217	0.034143198603375384
78.2	73.1	1.979989810451508	0.06799996374550925	4.902770042173837	0.3361729155049305	0.03590800515281248	0.033999981872754624	1.9000000000000141	0.09999999999996116	3.172398545410937	0.2175248806247359	0.03416872834717008	0.04999999999998058
79.89999999999999	73.1	1.9788001907388455	0.043899817910004725	5.69242957691899	0.38677913600219266	0.026671389075363663	0.021949908955002363	1.9000000000003938	0.09999999999995922	3.617206362899916	0.2457755397549073	0.0386063315062884	0.04999999999997961
81.6	73.1	1.9770695362601949	0.05108952802395048	5.0672388354060836	0.346860388859882	0.027835977338798893	0.02554476401197524	1.900000000000008	0.09999999999999999	3.4618402980164937	0.23696835908950836	0.03722290280244138	0.049999999999999996
83.3	73.1	1.9785526895383034	0.05514228896396241	4.967727578935524	0.33832393010081746	0.029304707027338183	0.027571144481981204	1.9000000000000008	0.09999999999999308	2.8373365772773367	0.19323500465558222	0.030353283552116226	0.04999999999999654
85.0	73.1	1.982336232436106	0.05968470204899303	4.41372118371176	0.3027041668033689	0.028379275650609336	0.029842351024496516	1.9000000000000001	0.09999999999999999	3.034660877198082	0.20812472155083367	0.03269215481272602	0.049999999999999996
86.7	73.1	1.9804595536195302	0.049604301073854634	5.098069396859809	0.41137461946242404	0.03205359205553257	0.024802150536927317	1.9000000000000001	0.09999999999999999	3.8297976757886607	0.3090349382976358	0.04854309459292138	0.049999999999999996
88.39999999999999	73.1	1.976792252791847	0.05136448441608734	5.289515568525516	0.39766404806434164	0.03208478543428795	0.02568224220804367	1.9000000000000001	0.09999999999999999	3.237109971732193	0.24336486748394393	0.03822766399147059	0.049999999999999996
90.1	73.1	1.9796539147584835	0.06544036695840898	5.732863901270552	0.38634065291494235	0.039713303285697	0.03272018347920449	1.9000000000000001	0.05997919591646583	3.277701155831224	0.22088597015590222	0.020810793905926352	0.029989597958232916
91.8	73.1	1.9761686045713769	0.03621300646042125	5.453023125787142	0.37200395933169506	0.02116079702092985	0.018106503230210624	1.9000000000000001	0.09999999999999999	3.032782991526281	0.20689574473035868	0.0324991075851942	0.049999999999999996
93.5	73.1	1.9794860555720708	0.05297861564627544	5.3730486745753385	0.4028625646595491	0.03352566460824222	0.02648930782313772	1.9000000000000001	0.09999999999999999	3.2976038902581477	0.24724904629040997	0.038837789371651735	0.049999999999999996
95.2	73.1	1.9794748322757805	0.052850911393524935	6.005339669824382	0.3954526700060012	0.03282969667293406	0.026425455696762468	1.9000000000000001	0.0999999999999999	2.9781849971850867	0.1961140041464297	0.030805515734625057	0.04999999999999995
96.89999999999999	73.1	1.9786775602939728	0.03779990409286474	6.892762633148852	0.4170040241244254	0.024760010295659832	0.01889995204643237	1.9000000000000032	0.09999999999999998	3.482161822486369	0.21066669054377413	0.03309144636841975	0.04999999999999999
98.6	73.1	1.979650330828919	0.05394495237066088	6.230182687997137	0.3767594245652577	0.03192528742515287	0.02697247618533044	1.9000000000000001	0.07007796672985293	3.7319789553900526	0.22568491393218257	0.0248429919654418	0.03503898336492647
100.3	73.1	1.9793723780231034	0.05262694920633316	6.088620175474868	0.41501266766942857	0.03430752786737675	0.02631347460316658	1.9000000000000246	0.09999999999999964	3.656377853413676	0.24922611087893637	0.039148345951000946	0.04999999999999982
102.0	73.1	1.9788699354122092	0.05422273750379646	6.481470990212404	0.44679303291770417	0.03805464799235545	0.02711136875189823	1.900000000000002	0.09999999999999945	3.2785047426089826	0.22600009775517654	0.03550001234091169	0.049999999999999725
103.7	73.1	1.9790490809949126	0.04519106872966463	6.976476517592773	0.47322565207016065	0.03359237946350661	0.022595534364832314	1.9000000000000032	0.09999999999999992	3.5357749597451207	0.2398373171154991	0.03767355767533685	0.04999999999999996
105.39999999999999	73.1	1.978923827867398	0.04365017385379935	7.00544706476575	0.4743900611351526	0.03252680727470033	0.021825086926899676	1.9000000000000001	0.09999999999999999	3.4816764514331386	0.23576977877048833	0.03703463024619284	0.049999999999999996
0.0	74.8	1.9745391313577274	0.028377719067206774	385.6005836378129	0.6545559017629381	0.029177233099329257	0.014188859533603387	1.9578699907360047	0.043417945950205275	255.18291309857312	0.4331722743309419	0.029542673995316928	0.021708972975102638
1.7	74.8	1.9746712695046573	0.028893446315421158	398.8767349318997	0.6939015189694597	0.031493219590039624	0.014446723157710579	1.9580290804333365	0.043443347368042035	228.66496844763165	0.3977944940007722	0.02714575502375661	0.021721673684021017
3.4	74.8	1.975513154875682	0.02842251723643672	299.24252346914307	0.6827439609996843	0.0304817771012963	0.01421125861821836	1.9591150733181273	0.04386046154353302	178.7310755544747	0.407788174832642	0.028094913693361458	0.02193023077176651
5.1	74.8	1.9756857741157263	0.029240751424030393	218.77547196796323	0.7063503698297211	0.0324435659697625	0.014620375712015196	1.9590951966304013	0.04422300629721359	115.84474467362897	0.3740226338308616	0.025981607875119925	0.022111503148606795
6.8	74.8	1.9755781590419537	0.030143119578288108	80.29438553592189	0.661716220774098	0.0313314038228924	0.015071559789144054	1.9594792374619858	0.0484519418248952	45.04922657650474	0.3712563930844771	0.028255630661536014	0.0242259709124476
8.5	74.8	1.9717270685069048	0.037698932699987135	39.90933965156746	0.8282374455391605	0.04904602256205399	0.018849466349993568	1.9073771495898924	0.09999999999999999	5.2031390765232235	0.10798060441862826	0.016961553678587406	0.049999999999999996
10.2	74.8	1.971325985013596	0.04918661860369632	14.544337801935008	0.5625649608550884	0.04346498392042663	0.02459330930184816	1.9000000000000001	0.09999999999999999	3.4447671525577572	0.13324121900384672	0.02092948173889168	0.049999999999999996
11.9	74.8	1.9734967507486667	0.05334545382241318	8.347481516086628	0.5006672218591215	0.04195333120860154	0.02667272691120659	1.9000000000000024	0.09999999999999913	3.0469819811187673	0.18275260635218685	0.02870671227702063	0.049999999999999566
13.6	74.8	1.9737443495275402	0.057860472766048075	5.613057303993969	0.37739477342707783	0.03430028559860402	0.028930236383024038	1.9000000000000037	0.09999999999999971	3.4286031688343925	0.2305226627835986	0.036210415194345424	0.04999999999999986
15.299999999999999	74.8	1.9829819398947206	0.08090257346357334	3.886770506733778	0.27810851110280504	0.03534243708244183	0.04045128673178667	1.9000000000000001	0.09999999999999999	3.5895155402426018	0.2568391472426152	0.040344198906583355	0.049999999999999996
17.0	74.8	1.9847240381765274	0.09999999999805102	3.7127614274616048	0.2583209060147803	0.04057695302944383	0.04999999999902551	1.9000000000000103	0.06804751397995543	3.4035449199954058	0.23680670696805994	0.025311981189381053	0.03402375698997771
18.7	74.8	1.9869216358099975	0.09999999999998567	2.0954829172586025	0.17180570021022717	0.026987176281261134	0.049999999999992835	1.9000000000000001	0.09999999999999999	2.890505656207073	0.2369884975612008	0.03722606614617755	0.049999999999999996
20.4	74.8	1.9956442372473202	0.09999999999999999	2.488116138500628	0.18900394318334876	0.029688669970215558	0.049999999999999996	1.9000000000000001	0.09999999999999999	3.6520544578669134	0.2774198047174474	0.04357700102303239	0.049999999999999996
22.099999999999998	74.8	1.9875221067323983	0.09999999999911797	2.4542771745853917	0.1751288454563746	0.027509174715627797	0.04999999999955899	1.9000000000000001	0.09999999999999999	3.049063768164866	0.21757078742818958	0.034175939371007345	0.049999999999999996
23.8	74.8	1.9922483658907153	0.0999999999999972	2.618002932814307	0.1809736409270675	0.028427273041492826	0.0499999999999986	1.9000000000000017	0.09999999999999999	3.048778261963297	0.21075167469490752	0.03310479564766337	0.049999999999999996
25.5	74.8	1.9777368261955517	0.053875581105495736	3.1448577894923466	0.2504241599862583	0.021192786852880254	0.026937790552747868	1.9000000000000001	0.09999999999999999	3.385710186881384	0.2696031700827887	0.04234916692583043	0.049999999999999996
27.2	74.8	1.985890863137531	0.07383859604630143	2.772693967785816	0.21580864693543783	0.02503065125530515	0.036919298023150714	1.9000000000000001	0.09784278597410981	3.2890360244349455	0.2559973882447772	0.039344517332242895	0.048921392987054904
28.9	74.8	1.9894790624620962	0.09999999999999992	3.210875226884708	0.24390665273231424	0.03831276741927574	0.04999999999999996	1.9000000000000001	0.05582424269270898	3.176936340460172	0.2413285643295138	0.021161743521901085	0.02791212134635449
30.599999999999998	74.8	1.9901365192522984	0.09999999999985594	2.7530356889240957	0.22293060163909084	0.03501785701843558	0.04999999999992797	1.9000000000000061	0.09999999999999999	3.102116822159879	0.2511978948551558	0.039458073053708936	0.049999999999999996
32.3	74.8	1.9812110927886362	0.061329463557205706	3.435432604000273	0.23769849787648392	0.022898945329491167	0.030664731778602853	1.9000000000000001	0.09999999999999999	3.3925591155033485	0.23473206977581995	0.03687162729848213	0.049999999999999996
34.0	74.8	1.9842441940953617	0.06471307904876335	3.8320974078799477	0.2648024891472618	0.02691745553042876	0.032356539524381674	1.900000000000001	0.09999999999999787	3.5786417342465193	0.2472884006147997	0.03884397113447039	0.049999999999998934
35.699999999999996	74.8	1.9865158329994963	0.07276992729593805	4.540210303475652	0.31111457924557834	0.03556249160815411	0.036384963647969025	1.9000000000000001	0.09999999999999984	3.5841895993971145	0.24560396206739088	0.03857938014617301	0.04999999999999992
37.4	74.8	1.9818794297671183	0.05551275487338368	5.096906522431426	0.34859519488349816	0.03039723307939231	0.02775637743669184	1.9000000000000075	0.09999999999999096	3.5917165614802857	0.24565000931549913	0.038586613230988324	0.04999999999999548
39.1	74.8	1.979327134591247	0.044539509443348536	8.249316612129824	0.5416517477734537	0.037895309228680965	0.022269754721674268	1.9000000000000443	0.09999999999999934	3.390047808987609	0.22259120447307276	0.034964544636315216	0.04999999999999967
40.8	74.8	1.9795734826077465	0.042957243793286484	11.470789333778606	0.4846353985812214	0.032701781929087695	0.021478621896643242	1.9000000000000001	0.09999999999999999	3.3301303423350612	0.14069642452873252	0.022100542684290844	0.049999999999999996
42.5	74.8	1.9778662974025525	0.03400955873849583	47.6717737380671	0.841939285605461	0.04497815624160824	0.017004779369247915	1.9000000000000001	0.09999999999999999	3.157466489331877	0.055764551471439563	0.008759475261670221	0.049999999999999996
44.199999999999996	74.8	1.9788678938889837	0.02864844650616437	709.4240852365789	0.8173418434764854	0.036781097754792665	0.014324223253082184	1.9599999999999997	0.03892393733672207	264.4734549297386	0.30470521892526514	0.018630157846827138	0.019461968668361036
45.9	74.8	1.980276427036142	0.030530489671246976	444.78715371059354	0.8977673108586619	0.0430543894504231	0.015265244835623488	1.9599999999999997	0.034893223499637624	78.38051819980144	0.15820480978578272	0.008671228928443636	0.017446611749818812
47.6	74.8	1.9792767875212043	0.028755603517241646	350.9449058194626	0.9239509725340787	0.04173412292356372	0.014377801758620823	1.9599999999999997	0.032825814839079835	53.14724563260561	0.13992352781155612	0.007214830602089659	0.016412907419539918
49.3	74.8	1.979305120240606	0.02905603128437814	427.5181311400575	0.9151800232789544	0.04176982956143153	0.01452801564218907	1.9599999999999997	0.030794421995133225	54.94800141468792	0.11762615325746661	0.005689784638016525	0.015397210997566612
51.0	74.8	1.9791268102287871	0.029380232477822038	372.7175670206599	0.9357567049832526	0.04318550998320942	0.014690116238911019	1.9599999999999997	0.030753732465275633	45.96641279668952	0.11540475358422253	0.0055749555244743315	0.015376866232637816
52.699999999999996	74.8	1.9793746401423742	0.028968842717275588	285.8198269753294	0.911345007255403	0.041469981490164204	0.014484421358637794	1.9599999999999997	0.030866436571274778	39.61130374857307	0.12630181847131003	0.006123729167542072	0.015433218285637389
54.4	74.8	1.9791973869607618	0.02951425778176766	145.6296252008833	0.8405291394957705	0.038967677054557025	0.01475712889088383	1.9599999999999997	0.036866410885559614	20.359901674579795	0.11751105320189517	0.006805020765887435	0.018433205442779807
56.1	74.8	1.9772211821227181	0.033590529365003785	55.844864301049384	0.8480414016138876	0.044745954869907	0.016795264682501893	1.9000000000000001	0.09999999999999193	3.3914050342514654	0.051500740751785894	0.0080897174400115	0.049999999999995964
57.8	74.8	1.9773761367563625	0.03560036850455762	18.097473136023552	0.6620983173276097	0.037025152384837764	0.01780018425227881	1.9000000000000001	0.09999999999988332	2.812432651292744	0.1028932001734306	0.01616242608844082	0.04999999999994166
59.5	74.8	1.9792032427911888	0.051992796746643234	6.482853994980443	0.43679116077378405	0.03567277522402976	0.025996398373321617	1.9000000000000001	0.09999999999999999	2.7697089996845947	0.1866129346603432	0.029313091229688313	0.049999999999999996
61.199999999999996	74.8	1.9855222103962646	0.07130065615239017	4.0408701073736095	0.312727855867286	0.03502514733016021	0.03565032807619509	1.9000000000000001	0.0999999999999984	2.3486555487184786	0.18176531153061998	0.02855162836910233	0.0499999999999992
62.9	74.8	1.9818276642692023	0.07299831558217634	3.7202423307270367	0.2977135576320172	0.034137469768322146	0.03649915779108817	1.9000000000000472	0.09999999999999962	2.98822337582385	0.23913351151020742	0.03756300414937975	0.04999999999999981
64.6	74.8	1.989008318721196	0.0843192260274526	3.9284465233191486	0.2661920768993644	0.035256696183534254	0.0421596130137263	1.900000000000005	0.06807524072132397	3.423497805584799	0.23197668231437937	0.02480580901776849	0.034037620360661984
66.3	74.8	1.9837787497412487	0.09003650886485749	3.909321683117553	0.27149046080665684	0.03839662910599785	0.045018254432428746	1.9000000000000001	0.04611992562330808	3.1828202481139902	0.22103715321173825	0.016013038722000338	0.02305996281165404
68.0	74.8	1.9782002954548479	0.07366404696003369	3.149462748351666	0.21458293107121107	0.024829651539827524	0.036832023480016844	1.9000000000000001	0.09999999999999999	3.035346105236037	0.20680780060599915	0.03248529335444349	0.049999999999999996
69.7	74.8	1.9852456409178847	0.08737912956150404	3.9080016032605784	0.31680873291561806	0.04348352426551085	0.04368956478075202	1.9000000000000001	0.048766820453059634	3.2730064090683433	0.2653317778622465	0.020325141839968072	0.024383410226529817
71.39999999999999	74.8	1.983243458991211	0.09367751617159754	3.407351020764374	0.23215368068943476	0.03416101905883542	0.04683875808579877	1.9000000000000001	0.057302277470890374	2.95250038527906	0.2011632577631359	0.018106746465668604	0.028651138735445187
73.1	74.8	1.9880616758334064	0.07578716236827898	3.150936526613784	0.2199720320524748	0.026186833700815978	0.03789358118413949	1.9000000000000001	0.09999999999999999	2.648802421375025	0.18491722896162224	0.029046730401400708	0.049999999999999996
74.8	74.8	1.988864845101972	0.09999999999999792	3.4204136030223373	0.23946142160331352	0.03761451214635612	0.04999999999999896	1.9000000000000004	0.07391182291820439	2.6442402967478182	0.1851219220858259	0.021492732895491765	0.036955911459102195
76.5	74.8	1.9855234622885156	0.08033307528023378	3.9144257578927886	0.2782870907327393	0.03511618517001124	0.04016653764011689	1.9000000000000001	0.051953586554548785	3.514948101408891	0.24988714608913948	0.020392915892212076	0.025976793277274392
78.2	74.8	1.9892118104867966	0.09223282948562218	2.9658211348736536	0.23410143144375184	0.033916378890325456	0.04611641474281109	1.9000000000000001	0.09999999999999999	2.5601673623195027	0.20208192503830893	0.03174295455618173	0.049999999999999996
79.89999999999999	74.8	1.9808790467951913	0.059314789710743464	3.26222097121064	0.2533742090391822	0.023607243412175176	0.029657394855371732	1.9000000000000001	0.09999999999999996	2.7538067131753743	0.21388606227329274	0.03359714409715126	0.04999999999999998
81.6	74.8	1.9838270796382076	0.06674305616297192	3.5943458322755766	0.27817079874008666	0.02916335629061872	0.03337152808148596	1.9000000000000001	0.06119698689362402	3.083818550919545	0.2386604710587062	0.02294195429257378	0.03059849344681201
83.3	74.8	1.9859041472478653	0.09052296553572092	2.8651382605244855	0.16913758882550903	0.02405020514381084	0.04526148276786046	1.9000000000000001	0.09999999999999999	2.5316364332542682	0.14944998920403035	0.02347554940812278	0.049999999999999996
85.0	74.8	1.9848133502055418	0.06794703277288004	3.3159075267947	0.2598457217081455	0.02773358060044934	0.03397351638644002	1.9000000000000001	0.07687771168337351	3.330301257593121	0.26097366310493225	0.03151497785643785	0.038438855841686756
86.7	74.8	1.985437776370417	0.07789435815099033	3.523330084735022	0.24382508400486708	0.029833503833908852	0.038947179075495164	1.9000000000000001	0.07988542153745733	3.3049387178803604	0.22871174177219336	0.028699601701167893	0.03994271076872866
88.39999999999999	74.8	1.9817688615855082	0.06564093383408111	3.6713618965678334	0.2557750995461077	0.026372596508073096	0.032820466917040554	1.9000000000000001	0.09999999999999999	3.338652857121116	0.23259604771688644	0.03653610173806957	0.049999999999999996
90.1	74.8	1.983083916730112	0.0841092857588333	3.496172524910991	0.265523371941708	0.03508056478239437	0.04205464287941665	1.9000000000000001	0.07640033280253843	3.1265360171158765	0.23745063490050178	0.02849629923227969	0.03820016640126921
91.8	74.8	1.9840644503445375	0.06407955773985122	3.161689351058358	0.21847649497349952	0.02199095564121312	0.03203977886992561	1.9000000000000006	0.0999999999999999	2.982251382461579	0.20607711790279962	0.03237051798381961	0.04999999999999995
93.5	74.8	1.9909859579964635	0.0999999999998847	3.0334816360197907	0.24600593228688322	0.03864252148055446	0.04999999999994235	1.9000000000000024	0.09999999999999999	3.211133683629032	0.26041296118590374	0.04090557228805995	0.049999999999999996
95.2	74.8	1.9797114946725916	0.060944057426455776	3.805839130501469	0.3114422176432717	0.02981458198586236	0.030472028713227888	1.9000000000000001	0.09999999999999999	3.2191344189429283	0.2634305675960792	0.041379576794541593	0.049999999999999996
96.89999999999999	74.8	1.9832242561915414	0.062790600572108	3.375621168728311	0.2731931066749985	0.026945376164626104	0.031395300286054	1.9000000000000001	0.09999999999999998	3.346540397293632	0.2708395646465432	0.042543379329751885	0.04999999999999999
98.6	74.8	1.988654299938031	0.08093229781656933	3.4267391319379974	0.24161580238393898	0.030716171448780607	0.04046614890828466	1.9000000000000001	0.09999999999998645	3.0505818658498054	0.21509334585336354	0.0337867837584442	0.049999999999993223
100.3	74.8	1.9899462834942736	0.09999999999994963	3.3396966297771997	0.24983878088540526	0.03924458393055119	0.049999999999974815	1.9000000000000123	0.09999999999999985	2.655174291480061	0.19863046903931003	0.031200801115649518	0.049999999999999926
102.0	74.8	1.979378262594405	0.05892075638882375	3.983109758659875	0.2424070677564151	0.02243538200688809	0.029460378194411874	1.9000000000000001	0.09999999999999999	3.1832591707744857	0.19372916345538563	0.030430905834876787	0.049999999999999996
103.7	74.8	1.9785292255673743	0.07865994684406301	3.3664721636731127	0.27074675792405134	0.03345313248331144	0.039329973422031504	1.9000000000000001	0.09999999999999996	3.0465205883812456	0.2450148203076566	0.03848683797495785	0.04999999999999998
105.39999999999999	74.8	1.9825296826018366	0.08570017279538569	4.130767138501035	0.32494309985535114	0.04374303314945225	0.042850086397692846	1.9000000000000001	0.06587830552734858	3.198835744644306	0.2516335508493493	0.026039392213871488	0.03293915276367429
0.0	76.5	1.9767117778100105	0.027898072870099738	798.661306254444	0.6859714101582305	0.030060769737370974	0.013949036435049869	1.9599999999995283	0.04144484550941429	549.5383574962938	0.4719993307246477	0.030727822464073566	0.020722422754707145
1.7	76.5	1.974518172787088	0.028070800391444675	365.47978663290735	0.6740058335062301	0.02971928305754604	0.014035400195722338	1.9580683350054637	0.04362968828178964	238.1988464947995	0.43927849895897475	0.03010522891426376	0.02181484414089482
3.4	76.5	1.9757912577635208	0.028494054075768157	324.57102185684863	0.6667349088456763	0.029841958059514537	0.014247027037884078	1.9599999999999997	0.0423794523635842	211.97556692864913	0.4354409382733416	0.028987080360511296	0.0211897261817921
5.1	76.5	1.9753876592591026	0.02956170723316381	251.00609397130938	0.7191646087477224	0.03339471147304814	0.014780853616581905	1.9590521113200938	0.043960814118366325	127.48871837717257	0.36527150724056817	0.025223270670372003	0.021980407059183162
6.8	76.5	1.9767357062794049	0.029033581647048758	141.20501234755807	0.7040236712033734	0.03210759330223253	0.014516790823524379	1.9599999999999949	0.04453990283746102	77.7078179338735	0.3874376861945373	0.027106347694007243	0.02226995141873051
8.5	76.5	1.975267860667052	0.02951759503549964	55.8639507185394	0.6477249082957653	0.030032497210031917	0.01475879751774982	1.9587878100201543	0.054011058520199134	27.982486867574146	0.3244481191727073	0.02752629923232652	0.027005529260099567
10.2	76.5	1.9711681606891382	0.04056081925699222	26.23584285758741	0.7421022113032117	0.04728139930517907	0.02028040962849611	1.9000000000000001	0.09999999999999776	4.378058277157245	0.12383694880048876	0.019452262429729104	0.04999999999999888
11.9	76.5	1.9721322097933909	0.04637951637961449	11.767216474618285	0.5305587524885473	0.03865267687159174	0.023189758189807244	1.9000000000000001	0.09999999999999999	3.206523033692084	0.14457530073072364	0.022709835133308823	0.049999999999999996
13.6	76.5	1.9727211205676634	0.04911989079876116	7.171032618006513	0.42974454690166036	0.033157947854287516	0.02455994539938058	1.900000000000013	0.09999999999999998	3.471673665584448	0.20804992891271493	0.03268040641260319	0.04999999999999999
15.299999999999999	76.5	1.9784687195987434	0.0633483896164521	4.8051160671355175	0.2913389140949675	0.028990383022325837	0.03167419480822605	1.9000000000000015	0.09999999999999994	3.3017689593262562	0.20018950005842867	0.031445693135468626	0.04999999999999997
17.0	76.5	1.9865921457379685	0.080512654328523	3.458334849878065	0.26573907153494536	0.033607749769547085	0.0402563271642615	1.9000000000000699	0.09999999999422615	2.8795082290029574	0.22126192993702165	0.03475574267845559	0.049999999997113076
18.7	76.5	1.9840955578591826	0.07131655805181902	3.164988609705461	0.19193188626964025	0.021500936828020133	0.03565827902590951	1.9000000000000001	0.09999999999989305	2.8236097159756217	0.17122991761000939	0.026896732561890783	0.049999999999946525
20.4	76.5	1.989759179025467	0.0999999999965331	2.4621585579905494	0.17902753452899728	0.0281215793623546	0.04999999999826655	1.9000000000000001	0.09999999999999999	2.983618724302427	0.2169437473687126	0.034077444148789375	0.049999999999999996
22.099999999999998	76.5	1.985745954600752	0.06215319489283558	2.692498132765952	0.1864666243750534	0.018204738446452363	0.03107659744641779	1.9000000000000001	0.09999999999999999	3.5992979297168763	0.24926625831490015	0.0391546522954953	0.049999999999999996
23.8	76.5	1.989291391859341	0.08543379760205128	2.2574489329564256	0.15789353855168176	0.021189170052210247	0.04271689880102564	1.9000000000000001	0.09999999999999999	3.12612180013826	0.2186514280617442	0.03434568600478464	0.049999999999999996
25.5	76.5	1.9918187635599334	0.09999999999993606	2.786261853498764	0.19121079859853624	0.03003532200819074	0.04999999999996803	1.9000000000000044	0.09999999999999998	2.8580031910379855	0.19613414003759588	0.03080867867301314	0.04999999999999999
27.2	76.5	1.987273902043979	0.07956405729330267	3.031334281742921	0.2109095974499139	0.026359255592713793	0.039782028646651334	1.900000000000006	0.0999999999999609	2.9281974924270138	0.2037337017237627	0.03200241503118884	0.04999999999998045
28.9	76.5	1.9827055007081116	0.08146036713416734	2.928000750766878	0.20098053537155422	0.025716996092190525	0.04073018356708367	1.9000000000000001	0.09999999999999862	2.9077084395036734	0.1995876533579356	0.0313511552768254	0.04999999999999931
30.599999999999998	76.5	1.9881603837602115	0.0906611057927173	2.748869645367557	0.21377343634429846	0.030443503279839534	0.04533055289635865	1.9000000000000001	0.09999999999999999	3.121364299927834	0.24274151144361272	0.03812974745362682	0.049999999999999996
32.3	76.5	1.989311481705132	0.09999999999997781	2.4097721227739077	0.19434258070778962	0.030527261191556892	0.04999999999998891	1.9000000000000072	0.09999999999999998	3.150270248515114	0.2540620518585186	0.03990797378373354	0.04999999999999999
34.0	76.5	1.9840799446879112	0.06544116517740244	3.1208046399624876	0.252150051445047	0.025919699453786745	0.03272058258870122	1.9000000000000001	0.09999999999999999	3.0816284729635286	0.24898475477837514	0.039110433823379975	0.049999999999999996
35.699999999999996	76.5	1.9917269912382949	0.09999999999999716	3.6865874755790324	0.29786331695376245	0.04678826041579008	0.04999999999999858	1.9000000000000001	0.07424009376743004	3.0295650891823915	0.24477821626881477	0.028545072768378362	0.03712004688371502
37.4	76.5	1.9806388338892211	0.061853780829924904	4.7379596012292176	0.32260750449750997	0.031344445685479526	0.030926890414962452	1.9000000000000001	0.07504426191574294	3.197723942436285	0.21773291204797693	0.025666192582487663	0.03752213095787147
39.1	76.5	1.9803455339785248	0.057112036094945307	5.289837406422316	0.3658030607025646	0.03281669610855808	0.028556018047472653	1.9000000000000006	0.09999999999999999	2.828592520123563	0.19560294992911423	0.03072523952588987	0.049999999999999996
40.8	76.5	1.9774902665535894	0.04996000183075071	6.527340419747856	0.39456272460026	0.030964093952132468	0.024980000915375354	1.9000000000023969	0.09999999999999794	1.9047486853839086	0.11513767976772225	0.018085784445482145	0.04999999999999897
42.5	76.5	1.9776811376578698	0.04101756803914636	14.117496717682277	0.5950647797351699	0.03834016967414239	0.02050878401957318	1.9000000000000004	0.09999999999999999	2.964823515049777	0.12496989283709169	0.019630224862845547	0.049999999999999996
44.199999999999996	76.5	1.9806425837434412	0.03370687923809958	89.82610438707651	0.8296737636798083	0.043928439821105	0.01685343961904979	1.9599999999999997	0.05045508967046689	15.087115097410015	0.13935129048899875	0.011044240475236222	0.025227544835233446
45.9	76.5	1.9786041879761416	0.029927020423671336	92.74489906147839	0.8569955748068767	0.04028672244165346	0.014963510211835668	1.9599999999999993	0.0497699807054286	15.537807340288893	0.14357481939791253	0.011224464431327148	0.0248849903527143
47.6	76.5	1.9794845145324813	0.02928496233708471	226.04757313728388	0.8897946169564077	0.04093118526369548	0.014642481168542354	1.9599999999999997	0.035759330852049055	35.37595660970418	0.13925093432381744	0.007821812089535902	0.017879665426024528
49.3	76.5	1.9793652073857397	0.028816507200622905	251.65024099097568	0.8744212787613204	0.03958055996610548	0.014408253600311453	1.9599999999999997	0.03387708513541128	38.47596824889767	0.13369431010792301	0.007114409137501719	0.01693854256770564
51.0	76.5	1.9795510873872701	0.02922768703354312	240.43523705018927	0.8966339614421929	0.04116513175708725	0.01461384351677156	1.9599999999999997	0.03441353507077811	36.20608226890433	0.13502015499622072	0.007298737866629529	0.017206767535389054
52.699999999999996	76.5	1.9793824194784844	0.02941762751462855	174.35480544529688	0.8833135368261146	0.04081712465250946	0.014708813757314275	1.9599999999999997	0.034693780603295386	25.04816899735589	0.12689863460639986	0.0069155775220725415	0.017346890301647693
54.4	76.5	1.977590582033544	0.03324595240453779	76.307741546455	0.8716737974102156	0.04552108941449911	0.016622976202268894	1.9000000000007506	0.08640170311286222	3.799833402108344	0.04340601810532595	0.005891042114039866	0.04320085155643111
56.1	76.5	1.9778467390561985	0.034280504412381604	31.349875045147492	0.811297581860974	0.043686501019766164	0.017140252206190802	1.9000000000000001	0.09999999999999992	3.6003484594361588	0.09317274773155947	0.014635540989412103	0.04999999999999996
57.8	76.5	1.9799748793763359	0.046238988436049934	8.38747543177126	0.4597964911187997	0.0333959540036133	0.023119494218024967	1.900000000000004	0.09999999999999755	3.061359076549001	0.16782191171851374	0.026361404248313233	0.049999999999998775
59.5	76.5	1.9815408711563658	0.0706547466838436	5.051592190354445	0.35199840703576407	0.03906626743579737	0.0353273733419218	1.9000000000000001	0.05089178470401253	3.3714732501721363	0.23492656744744345	0.018780177447716352	0.025445892352006266
61.199999999999996	76.5	1.9887381760322846	0.09097476882096274	3.265111128730681	0.1978937125245337	0.02827957209228253	0.04548738441048137	1.9000000000000012	0.07398880477609575	3.2898441106666474	0.19939274316212593	0.023173692348145477	0.036994402388047874
62.9	76.5	1.9917622896198974	0.09999999999984525	2.612506402309551	0.18089344990754555	0.028414676665558945	0.04999999999992263	1.9000000000000001	0.09999999999999999	3.1996106160470337	0.22154533370172216	0.03480025963972148	0.049999999999999996
64.6	76.5	1.9817275228875524	0.06203630171190311	3.2068384215387247	0.2315519463238673	0.02256390239138183	0.031018150855951554	1.9000000000000001	0.09999999999999996	3.112440513465376	0.2247358812560185	0.03530142967759678	0.04999999999999998
66.3	76.5	1.986866581333381	0.0999999999999688	3.449378007948188	0.28318776297316317	0.044483029787136974	0.0499999999999844	1.9000000000000001	0.06597475838009359	2.8503686130366512	0.23401016337287775	0.024251153761051525	0.032987379190046795
68.0	76.5	1.9890961615637623	0.07992496854205418	2.496458697099132	0.18015112767038752	0.022617225912294845	0.03996248427102709	1.9000000000000001	0.09999999999999999	3.85690378708812	0.2783244791381871	0.04371910694873671	0.049999999999999996
69.7	76.5	1.9882470601930717	0.08197450097056316	3.1953492283673874	0.21817073945256488	0.028092808720801665	0.04098725048528158	1.9000000000000545	0.09999999999685465	2.8568045825953305	0.1950557274688719	0.030639282021877323	0.04999999999842732
71.39999999999999	76.5	1.9999999999999798	0.09999999999999999	2.5933111561427964	0.18197005140894218	0.028583788833984485	0.049999999999999996	1.9000000000000001	0.09999999999999999	3.093355536226082	0.2170576656873029	0.034095338396429004	0.049999999999999996
73.1	76.5	1.9916142029323167	0.09999999999967661	3.094331238346896	0.2358873074593071	0.037053091609341976	0.049999999999838306	1.9000000000000001	0.07351810196772511	3.179333223375161	0.24236718560826886	0.027989038730155902	0.036759050983862555
74.8	76.5	1.9915059196933649	0.09110667289490802	2.7131629191791884	0.187620757268549	0.026850411662820484	0.04555333644745401	1.9000000000000001	0.08670737643971678	3.175309092036037	0.21957910901632954	0.029906593056276277	0.04335368821985839
76.5	76.5	1.9809054866422624	0.05976298047801464	2.5254184942686386	0.19652074226761013	0.01844847708701516	0.02988149023900732	1.9000000000000001	0.09999999999999998	2.7477272476476933	0.21382016465078668	0.033586792922813566	0.04999999999999999
78.2	76.5	1.990257921150453	0.09999999999971199	2.663930353098483	0.2097344382131073	0.032945008514659126	0.04999999999985599	1.9000000000000001	0.09999999999999999	3.1593022181075936	0.24873566048358464	0.03907130618305173	0.049999999999999996
79.89999999999999	76.5	1.9986431219941834	0.09999999999999726	2.5801004531127263	0.208849387306061	0.032805985043371635	0.04999999999999863	1.900000000000587	0.08906431087273031	3.4781082599568154	0.2815397277264049	0.039387940685527596	0.044532155436365156
81.6	76.5	1.9945263095034873	0.09999999999999999	3.0997033231333515	0.2508627414896312	0.039405427286161046	0.049999999999999996	1.9000000000000001	0.07955254223532626	3.17591198026905	0.2570304003464083	0.032118735023382555	0.03977627111766313
83.3	76.5	1.9975371885841957	0.09999999999999999	2.7434634536772693	0.2462526353006286	0.03868127349937907	0.049999999999999996	1.9000000000000001	0.09999999999999999	2.9492652223700215	0.26472535372601586	0.04158296132423054	0.049999999999999996
85.0	76.5	1.994053233278666	0.0930409236402331	3.2794605989715313	0.2648222005277842	0.03870332529244387	0.04652046182011655	1.9000000000000001	0.0682194820252098	3.679101984508194	0.29709394398857836	0.03183626373455629	0.0341097410126049
86.7	76.5	1.9998804181596566	0.09999999999999999	2.9045394608356396	0.22712672417899996	0.035676982405733075	0.049999999999999996	1.9000000000000001	0.08755508568082328	2.9446433795096323	0.230262736547909	0.03166831207987101	0.04377754284041164
88.39999999999999	76.5	1.994786878952109	0.09454953708343854	3.273129874640677	0.2557323592982268	0.037980875301720694	0.04727476854171927	1.9000000000000001	0.060727608097042245	3.4113640024596847	0.266532706671112	0.025424742457451584	0.030363804048521122
90.1	76.5	1.9848620723977444	0.07531669168954834	3.188410858710517	0.22072909421494127	0.026113837265960758	0.03765834584477417	1.9000000000000001	0.07142318785244403	3.3162799733059622	0.22958128895816637	0.02575701893091305	0.035711593926222016
91.8	76.5	1.9889376504226077	0.09999999997904524	2.9004410631568893	0.22522747731000434	0.03537864939777006	0.04999999998952262	1.9000000000000061	0.05223960619322192	3.4488682666525823	0.2678144055881032	0.021976255982065634	0.02611980309661096
93.5	76.5	1.9945200177695703	0.09948596371857575	2.4653761115500883	0.19923054158490383	0.031134192326504728	0.049742981859287876	1.9000000000000001	0.09999999999999999	3.2314540717857123	0.2611383885048771	0.04101952214485995	0.049999999999999996
95.2	76.5	1.9899510873051365	0.09999999999999999	3.247938553402733	0.2522649045661922	0.03962567854718398	0.049999999999999996	1.9000000000000001	0.0752332734095446	3.074619405933426	0.23880333887553826	0.028220859081898003	0.0376166367047723
96.89999999999999	76.5	1.9928286772156776	0.07478996073175678	3.136800869788704	0.19273950843183743	0.02264299805434268	0.03739498036587839	1.9000000000000001	0.07898629003222817	3.5799592326567633	0.21996920153709376	0.02729188112733412	0.03949314501611408
98.6	76.5	1.987264969003981	0.08125374981713981	2.912639040316152	0.21457718300196874	0.027387149285777422	0.04062687490856991	1.9000000000000044	0.09999999999822921	2.5884233368132987	0.19069187096031856	0.02995380904488106	0.04999999999911461
100.3	76.5	1.9999999999999998	0.09999999999999999	2.155515288511685	0.14977755238611867	0.023527002912444542	0.049999999999999996	1.9000000000000001	0.09999999999999999	2.7702551366416874	0.19249319921908564	0.030236761026633797	0.049999999999999996
102.0	76.5	1.99651424057566	0.09408793290890011	2.3604879984145346	0.1685940315787332	0.02491701423760022	0.047043966454450054	1.9000000000000001	0.09999999999997873	3.0457749811006276	0.2175395442341991	0.03417103170156432	0.049999999999989365
103.7	76.5	1.999999999999656	0.09999999999999999	2.2150137058078765	0.17933027406011268	0.028169133577674713	0.049999999999999996	1.9000000000000001	0.08452565724095056	3.1285649306397034	0.2532925213760004	0.03363030457552625	0.04226282862047528
105.39999999999999	76.5	1.9944439495084498	0.0978702993580509	2.4438588611469716	0.212070732168996	0.03260254698856036	0.04893514967902545	1.9000000000000001	0.09999999999999999	2.611683618124606	0.2266340605404335	0.03559959498235252	0.049999999999999996
