x,y,exciton_centre,exciton_fwhm,exciton_peak_height,exciton_peak_height_norm,exciton_amp,exciton_scale,trion_centre,trion_fwhm,trion_peak_height,trion_peak_height_norm,trion_amp,trion_scale
0,0,1.999979043841161,0.09999999999999999,3.7595844086134993,0.2606076423018315,0.040936152726239516,0.049999999999999996,1.9000000000000001,0.09999999999999999,3.401870916347928,0.23581158515644482,0.03704119717794255,0.049999999999999996
1,0,1.9872320957737877,0.08944769188838861,5.541047071757945,0.35878979763968394,0.05041143970853836,0.044723845944194304,1.9000000000000001,0.059182736497312725,3.461969046161431,0.22416686908112413,0.020839454443767374,0.029591368248656363
2,0,1.9774297900894615,0.06266794451967364,7.978345804339553,0.3926770057239306,0.0386545656873663,0.03133397225983682,1.9000000000000972,0.09999999999976215,3.5043747547505903,0.17247778165763622,0.027092746588090275,0.04999999999988108
3,0,1.975941247081266,0.04049225614416223,22.81383397902215,0.7257842422001114,0.04616357002432956,0.020246128072081114,1.9000000000000001,0.09999999999999999,4.041177853781084,0.12856336242734825,0.020194685746127965,0.049999999999999996
4,0,1.9761041230059122,0.035541364239321104,51.9531292874072,0.7963610552577223,0.04445943962070717,0.017770682119660552,1.936362710006976,0.0806358127256242,5.773332800805825,0.0884962554645994,0.011209151509736896,0.0403179063628121
5,0,1.977829961487888,0.030894938270452182,77.11773111668607,0.7557218898451362,0.036674923007125715,0.015447469135226091,1.9599999999999997,0.04745154883159959,25.892690136688604,0.2537376611050081,0.018912772645377683,0.023725774415799795
6,0,1.9775007530645223,0.03072820239773041,96.61723219203816,0.7309626486607802,0.03528192052486328,0.015364101198865205,1.9599999999999997,0.04811314519948654,35.22392132460082,0.26648839180647627,0.02014011384107549,0.02405657259974327
7,0,1.9772403255223021,0.03065151723575533,108.70620297509655,0.7860323609642864,0.037845328570861675,0.015325758617877666,1.9599999999999997,0.04453583363831127,35.49696827892198,0.2566713307956072,0.01795588541889785,0.022267916819155634
8,0,1.9762623696948984,0.03109603610061126,110.03147757806222,0.7878026248302543,0.03848064405975303,0.01554801805030563,1.9574835957431678,0.04909833700846938,30.3908592892077,0.2175922676481283,0.01678147451765968,0.02454916850423469
9,0,1.977000112663357,0.029415738362867497,104.00729526630427,0.7258833851998432,0.03354026479821989,0.014707869181433748,1.9599999999999997,0.04407077781503641,39.71518194283061,0.2771785444345586,0.01918802176288277,0.022035388907518206
10,0,1.9769862366753659,0.029705139730525396,103.43073087631629,0.7221646903281935,0.033696727569222124,0.014852569865262698,1.9599999999999995,0.042392436065609454,38.48241449029974,0.2686884324224768,0.017891931239706976,0.021196218032804727
11,0,1.9771985045158522,0.029460258167316563,97.88653459500941,0.7301120920784527,0.033786714860768494,0.014730129083658281,1.9599999999999997,0.04311933560535816,40.58496718277352,0.3027134980244856,0.02050329801263711,0.02155966780267908
12,0,1.9765847990961822,0.030682987890965668,90.92359089834468,0.7257405731799899,0.034978318590467426,0.015341493945482834,1.9599999999999134,0.04332374155550057,35.44191614320897,0.2828928805190633,0.01925164529200713,0.021661870777750284
13,0,1.9769363284316863,0.02904153830164327,83.93699853923427,0.6901311294550917,0.031482637673487066,0.014520769150821636,1.9599999999999997,0.04491068419371427,40.83394814327713,0.3357372701271667,0.02368476626898551,0.022455342096857137
14,0,1.9763389430377591,0.02948575865398962,77.21574136193438,0.6893777523431296,0.03192930365864089,0.01474287932699481,1.9599999999999997,0.044769729122086446,37.04126324362058,0.3307022939680758,0.023256349808209783,0.022384864561043223
15,0,1.9762568296409244,0.028333007231094817,71.78403948727455,0.6523927206805532,0.029034988347617665,0.014166503615547409,1.9599999999999926,0.0467006483789857,38.53903270970537,0.3502531284316849,0.02569359122117142,0.02335032418949285
16,0,1.976086522906022,0.029416827389264488,68.16177293102847,0.6832363706510329,0.03157087990962383,0.014708413694632244,1.959999999999999,0.04420890331829244,37.090104283801175,0.37178182356810185,0.025817713189295294,0.02210445165914622
17,0,1.9747606951376049,0.03092950863347815,75.15431405017392,0.7298013822659164,0.0354566401064979,0.015464754316739075,1.9573661224753889,0.05033957080713205,29.78525670078379,0.2892358447562313,0.022870807535428035,0.025169785403566024
18,0,1.9741247403496738,0.03099452210400969,70.0158880811699,0.7040440359263347,0.03427714529280334,0.015497261052004845,1.9567424906355535,0.04909639317424705,26.037688966139466,0.2618217111616635,0.02019180401033012,0.024548196587123525
19,0,1.9750741538067444,0.028812232368832957,57.82530700087086,0.6205040297891686,0.028082863693652347,0.014406116184416479,1.9599999999999995,0.04564764177512662,33.59902573212623,0.36053990795864377,0.02585184639007825,0.02282382088756331
20,0,1.974462589673339,0.03017632703005708,59.638588430892355,0.6840979372447785,0.032426833049989535,0.01508816351502854,1.9577898252573727,0.051157729189993874,27.85019516197271,0.3194619719118152,0.025671444329771344,0.025578864594996937
21,0,1.973831350208226,0.031008036757094255,63.23258870441283,0.6954265976699913,0.033872359041279096,0.015504018378547127,1.9570942750089528,0.04972929817796635,24.05664922986988,0.26457296890806103,0.0206670113492202,0.024864649088983174
22,0,1.973664416962833,0.03150112072543322,64.19529022476388,0.7262044658794711,0.03593393661956406,0.01575056036271661,1.955209467535932,0.05289520156456082,21.924922525449485,0.2480240621437488,0.020607721169520535,0.02644760078228041
23,0,1.9729397094941963,0.031083310684240265,63.86757635388037,0.7275579917303538,0.035523419283149046,0.015541655342120132,1.9551279286172432,0.05313824338941001,19.232558341907616,0.2190908489394246,0.01828737240132955,0.026569121694705006
24,0,1.9753786110059615,0.028096862126456127,52.511272220204475,0.5970511135093444,0.02635052121666305,0.014048431063228064,1.9599999999999997,0.045259695343472954,32.9711785181219,0.37488101155518727,0.026651701862700036,0.022629847671736477
25,0,1.9755425064326793,0.028014278091676285,52.653245758216194,0.5953846659807795,0.026199738569657273,0.014007139045838142,1.9599999999999997,0.04252728710695752,32.08654324045619,0.36282351742230096,0.024237230077210424,0.02126364355347876
26,0,1.975263292603337,0.0286743304266603,51.94850580553922,0.6683692692559153,0.0301043764355528,0.01433716521333015,1.9599999999999953,0.04551334660975766,28.84778767202203,0.3711555215500203,0.026534723914729094,0.02275667330487883
27,0,1.9735168394961482,0.0323693031114599,61.0888660170836,0.73916092835189,0.037583067910362644,0.01618465155572995,1.9547565565295668,0.05755551519798504,17.602541514404805,0.21298661729130083,0.019255692362314586,0.02877775759899252
28,0,1.9733176254008733,0.0325592479789174,62.69920260061681,0.7405870983187011,0.0378765474004517,0.0162796239894587,1.9515578952043569,0.06053130957026768,14.710936882067111,0.17376185991450654,0.016521687497819997,0.03026565478513384
29,0,1.9754525223558626,0.029293551269433737,49.22548908402656,0.62345173531487,0.028687634542897193,0.014646775634716868,1.9599999999997955,0.051280085915541965,28.1400837418162,0.35640040083286867,0.028708255646968,0.025640042957770982
30,0,1.9745908796564133,0.030083214554887255,56.27170212317618,0.6959073693489309,0.03288482640838119,0.015041607277443627,1.9573959690252938,0.0512415823257259,22.730859639903738,0.281110614006647,0.022626618423563248,0.02562079116286295
31,0,1.974052521665989,0.03076953122697441,56.990005031485616,0.6916117256407892,0.03342743897178019,0.015384765613487205,1.9579750777775886,0.05011042066038496,18.36579123083075,0.2228811272940892,0.017543701171001142,0.02505521033019248
32,0,1.9748685181872423,0.028674052792153536,52.37657035284372,0.6499329323931077,0.02927369212158032,0.014337026396076768,1.9599999999999997,0.04550791987106557,26.63862343569232,0.330554645480625,0.02362926030964538,0.022753959935532784
33,0,1.972428379048984,0.03223576089952803,66.3214203373021,0.8179434389464447,0.041417232501523835,0.016117880449764015,1.9490758323736328,0.0608565152642363,10.974426922169219,0.13534783259363914,0.012938331163645057,0.03042825763211815
34,0,1.971812769670893,0.03360306813794794,67.09202012232859,0.8313018695058211,0.043879085408108365,0.01680153406897397,1.9409031819443208,0.07274647315611613,8.528622987255185,0.10567367357084559,0.012075319352932434,0.03637323657805806
35,0,1.9728316601351987,0.030471441659951217,57.2913673851259,0.7392862436813361,0.035385513649006266,0.015235720829975609,1.9563757438061151,0.0521350756418571,19.418933449328787,0.25058138810942926,0.020521008285591707,0.02606753782092855
36,0,1.9712332249380833,0.03421848494882859,62.48069179857703,0.8460267158691931,0.045474164799520884,0.017109242474414296,1.9420172858405353,0.06962733910730745,9.185414682298559,0.12437612314879493,0.013603062423158833,0.034813669553653726
37,0,1.9733274651822579,0.02979934568709746,50.65534545967359,0.6703042280913396,0.031376071362237856,0.01489967284354873,1.9570306881461472,0.053838274618333855,22.96132136401145,0.3038390253426189,0.02569535159947512,0.026919137309166927
38,0,1.970199656549564,0.03769862096069945,65.5958530856472,0.7890194869903844,0.04672325281389695,0.018849310480349726,1.9000000000742832,0.09556994725527089,4.63669571516317,0.05577247802131334,0.00837261582839286,0.047784973627635445
39,0,1.9704044622574843,0.038546123388332465,64.80806241451462,0.80096796285518,0.04849709554495338,0.019273061694166232,1.9000000004746898,0.08742816037907926,4.5285855546103395,0.05596914660234107,0.007686345504525607,0.04371408018953963
40,0,1.9705454733804952,0.03750371765150007,62.76234538581491,0.8725501392513977,0.05140254117078674,0.018751858825750034,1.9124172257033223,0.09512819911030539,4.491365656545038,0.06244097005866592,0.009330368440004592,0.04756409955515269
41,0,1.9716745303834255,0.03597199272635491,61.77563899216834,0.8615553486105549,0.04868190414242505,0.017985996363177454,1.9343117563637977,0.07651700574032323,6.466855961926116,0.09019015316697639,0.010840191849419202,0.038258502870161616
42,0,1.9710838411780556,0.03811980630830712,62.88227287463108,0.7895638343212793,0.04727785993896684,0.01905990315415356,1.9006958129622826,0.09999999999999999,4.274156010271589,0.053667255550472595,0.008430032788784538,0.049999999999999996
43,0,1.9722465069860158,0.03511752444438183,57.21434197707456,0.7090627751806712,0.0391136600225338,0.017558762222190914,1.9411876107875157,0.07727809240187981,8.127466172434355,0.10072446034112362,0.01222675526464249,0.03863904620093991
44,0,1.974704190233497,0.030154975616850398,46.55494159793515,0.6029024553922535,0.02855787650779294,0.015077487808425199,1.9581728558281746,0.057625148476524106,18.864580787214535,0.24430278905261527,0.022113646329315294,0.028812574238262053
45,0,1.9752915846356731,0.029883850105684853,45.04153944060947,0.6297687511084281,0.02956225328876855,0.014941925052842427,1.9599999999999997,0.05331095445753762,20.611860737849693,0.2881940971847209,0.024133561439362235,0.02665547722876881
46,0,1.972214454038056,0.037343499991871705,56.18408150245457,0.8479744031853074,0.049741358174740985,0.018671749995935853,1.9002673909653385,0.09693674972909488,3.8757192758704115,0.05849540745320226,0.008906972291332575,0.04846837486454744
47,0,1.9726291737160577,0.037711202007895774,55.106540480462385,0.8561973456366214,0.05071823474763789,0.018855601003947887,1.9000000000000015,0.09999999999999999,3.8796564567804315,0.06027871703278284,0.009468558729900425,0.049999999999999996
48,0,1.9750309245727,0.03057766203031592,46.21419526316772,0.7159178062018275,0.03438644803335589,0.01528883101515796,1.9562394097395674,0.0583940832865493,14.023709537140585,0.21724544394788975,0.019926884300715215,0.02919704164327465
49,0,1.9752804704611384,0.03206001900721373,49.799737938122256,0.752093176994119,0.0378752319613865,0.016030009503606866,1.9557166923993479,0.06298188296036197,12.965122086857495,0.19580383881813143,0.019371208678879422,0.03149094148018099
50,0,1.9732996691654212,0.03679406334323406,56.819918614832396,0.814325966405413,0.047064766899292794,0.01839703167161703,1.9000000000394701,0.09532494287103803,3.7998943981410576,0.0544589424525676,0.008154468025398877,0.047662471435519015
51,0,1.9737429038836574,0.03658663074681599,56.47099144738149,0.8117269847216991,0.04665006766408043,0.018293315373407996,1.9000000000005435,0.09457001421783459,3.739621717554358,0.05375418038513889,0.007985195911187347,0.047285007108917296
52,0,1.9746505705423039,0.03635385095477622,53.408182518945615,0.8084666760663873,0.04616708170139999,0.01817692547738811,1.9003748333262758,0.09999999999999999,3.8202462611708787,0.05782900018041726,0.009083758106562085,0.049999999999999996
53,0,1.9752035142676365,0.03668548251553213,45.69217046216302,0.7791122979971635,0.04489667432023745,0.018342741257766065,1.91340804411708,0.09999999999999999,4.312098349205646,0.07352701392947457,0.011549596340061584,0.049999999999999996
54,0,1.976056421349556,0.037952956651710695,31.692231508330753,0.7520127318736355,0.04483226543245836,0.018976478325855348,1.9000000000000001,0.09999999999999999,3.7713523737477255,0.08948896516468513,0.014056893776936386,0.049999999999999996
55,0,1.9764737242594341,0.04335229133672383,16.992272289007623,0.7051321802696653,0.04801782325463077,0.021676145668361915,1.9000000000000017,0.09999999999999996,3.050905790107516,0.12660413010021848,0.019886930251848633,0.04999999999999998
56,0,1.976101654377497,0.05664069497372931,4.999887591923899,0.3009590905301216,0.026776629922900058,0.028320347486864655,1.9000000000000012,0.0999999999999997,3.0703555214192555,0.1848144359931324,0.029030583719668206,0.04999999999999985
57,0,1.9930291166013265,0.09999999999999672,2.847152002811811,0.2112098212305732,0.03317676113719802,0.04999999999999836,1.9000000000000101,0.09999999999999999,2.956988290329129,0.21935778896403174,0.03445664091585512,0.049999999999999996
58,0,1.987394387565355,0.09999999999999508,2.661420119235868,0.20949214845431538,0.032906949728439355,0.04999999999999754,1.9000000000000001,0.09999999999999999,3.1209949312994545,0.24566731450901988,0.0385893315244335,0.049999999999999996
59,0,1.9940954408539595,0.09999999999999755,2.614030569765385,0.2051057393577219,0.032217934198765306,0.049999999999998775,1.900000000000003,0.09999999999999999,2.574896220827815,0.20203512508642674,0.03173560323693066,0.049999999999999996
60,0,1.9946606332560148,0.0999999999999998,2.325314287562465,0.1620902548023318,0.025461077685275113,0.0499999999999999,1.9000000000000004,0.09999999999999999,2.9677002753215067,0.206868936546235,0.03249489656547925,0.049999999999999996
61,0,1.9921375517956181,0.09436819849910227,2.908475446452931,0.20105301812085452,0.029802736180046693,0.04718409924955114,1.9000000000000001,0.09999999999999999,3.4220115983986354,0.2365520261626006,0.03715750537921033,0.049999999999999996
62,0,1.9915232214365903,0.0999999999999971,2.5632566682162667,0.21023798385530537,0.033024105279266885,0.04999999999999855,1.9000000000000088,0.06406255567785199,3.0761716305902675,0.25230720342112045,0.02538947888309689,0.032031277838925995
0,1,1.978943138333838,0.07076458063966554,4.067819374081156,0.3168809199386479,0.03522345108568568,0.03538229031983277,1.9000000000000001,0.09999999999999999,2.6303825804557808,0.20490537441173834,0.032186460946649155,0.049999999999999996
1,1,1.98095669909385,0.03146685041775757,298.5215838973234,0.7825050885579901,0.038677671730514875,0.015733425208878785,1.9599999999999997,0.042332967294318416,107.23477386087119,0.2810910860145996,0.018691564835830794,0.021166483647159208
2,1,1.980180237831899,0.030974503835854712,380.86276065624924,0.8066215635550401,0.0392458792498714,0.015487251917927356,1.9599999999999997,0.044583823452830094,135.92034328214078,0.28786295522373556,0.020159649026569425,0.022291911726415047
3,1,1.9797052866708045,0.030674265733599316,399.2981904034255,0.754002281745801,0.03633010999327971,0.015337132866799658,1.959934694770558,0.04840192509353608,149.20201360994372,0.2817409680452198,0.02142064356623728,0.02420096254676804
4,1,1.980330588904667,0.030385119282928454,430.6657197670594,0.7934224400123894,0.03786912773989151,0.015192559641464227,1.9599999999999997,0.048813067140096866,154.974146578387,0.2855113835936807,0.021891695705255773,0.024406533570048433
5,1,1.9795400299192576,0.030967183276924375,545.2555865365572,0.8347879634430928,0.04060670589160783,0.015483591638462187,1.9599999999999997,0.04212372627672655,182.39549595516286,0.27924805975260697,0.018477228234020215,0.021061863138363276
6,1,1.9793575570596311,0.030956865951592073,666.4088651641698,0.8542804967527827,0.04154103904860446,0.015478432975796036,1.9599999999999984,0.03852078532244599,201.79794077983937,0.2586881029120479,0.015652779430155906,0.019260392661222994
7,1,1.978966565536478,0.030393171133594424,509.4509929851142,0.8006517628783741,0.03822430138648906,0.015196585566797212,1.9599999999999997,0.043619813583662716,175.21658260910303,0.27536989363685804,0.01886775112611071,0.021809906791831358
8,1,1.9787206080484423,0.03074397253452693,501.4078905915091,0.826204486656256,0.039899495975749474,0.015371986267263466,1.9599999999999997,0.04406729002881261,167.23890264804362,0.2755711154610663,0.019075235793296272,0.022033645014406304
9,1,1.979059224133783,0.032637930130298545,538.1894028715571,0.8653347342578407,0.044363583762083714,0.016318965065149273,1.9599999999999997,0.03950167006958775,141.46053111618986,0.22744912933675018,0.014113008823558213,0.019750835034793874
10,1,1.978238728588314,0.0302268736725923,390.65338337796277,0.7870574647640044,0.037369694742619336,0.01511343683629615,1.959999999999997,0.045072741261204585,136.24460776569265,0.2744948338821461,0.019434260703363192,0.022536370630602293
11,1,1.9784087741952594,0.031541280995023076,400.8475675727436,0.8394241349615061,0.04158920860462628,0.015770640497511538,1.9599999999999997,0.04031929484841309,111.90385219798735,0.23434043743600613,0.014841576718155943,0.020159647424206544
12,1,1.9774519441265275,0.02989559798322905,325.2894236279162,0.8015480556908381,0.037640612932983486,0.014947798991614525,1.9599999999999997,0.04326596890906216,108.80789642018367,0.26811433598643314,0.01822159321524331,0.02163298445453108
13,1,1.9778071157398767,0.03133211608371239,355.03120476596706,0.8412857305709865,0.041405032193378405,0.015666058041856196,1.9599999999999997,0.040331905477540356,105.27157373986503,0.24945264425553798,0.01580362550132631,0.020165952738770178
14,1,1.9772447992854871,0.02917447043380346,284.0771089576175,0.7790823466783356,0.03570312433768004,0.01458723521690173,1.9599999999999997,0.043090829896443784,116.5847237552726,0.3197339641458207,0.02164180639549488,0.021545414948221892
15,1,1.9772292294776808,0.03050555952426029,287.0289598796292,0.7977057631929256,0.038224481390874344,0.015252779762130145,1.9599999999999997,0.0404916528764635,110.0930105956796,0.3059685304098343,0.01946086512267989,0.02024582643823175
16,1,1.9768125801608756,0.028911707647591163,252.09528005496756,0.759002061347948,0.03446962638310978,0.014455853823795582,1.959999999999998,0.04120785026126139,105.57396917029884,0.31785942286372665,0.020574767027400014,0.020603925130630696
17,1,1.9764816323696113,0.02869833395236881,242.40208633689994,0.7545211066146091,0.03401323620723846,0.014349166976184404,1.9599999999999997,0.04234338374438108,109.38616909221577,0.3404845832765736,0.0226465937668068,0.02117169187219054
18,1,1.9761663583732467,0.028736394729932228,224.79186898403407,0.7276291664186895,0.03284446988735058,0.014368197364966114,1.9599999999999997,0.04090035519100452,105.61151754869012,0.3418540929682123,0.021962801711137313,0.02045017759550226
19,1,1.9757759770561618,0.028779047941170022,215.06297936573742,0.6826267268137917,0.030858839372577555,0.014389523970585011,1.9599999999999997,0.04213407287917564,103.1526925671762,0.32741471868765015,0.021669631101144764,0.02106703643958782
20,1,1.9756093389255436,0.028964833143699378,215.39063976202763,0.7438373972650886,0.03384300493479939,0.014482416571849689,1.9599999999999997,0.041882305047127734,98.19055760865918,0.3390946277346496,0.02230855096725555,0.020941152523563867
21,1,1.9760098666997608,0.028602051655894446,215.8546150983305,0.732861037824322,0.032925979007043304,0.014301025827947223,1.9599999999999997,0.0420415496269154,97.38855480478614,0.33064976310065675,0.021835684387913872,0.0210207748134577
22,1,1.97577278060925,0.028547235338949206,223.94998000264667,0.7659363952720234,0.03434603743012856,0.014273617669474603,1.95930868120476,0.042732130144436435,87.62535034185005,0.299689443930701,0.020116196318147282,0.021366065072218218
23,1,1.9760722032594167,0.028816410796098035,214.62002309244744,0.7438487504057163,0.03367009962970301,0.014408205398049018,1.9599999999999997,0.04238423327372254,93.4696183810893,0.3239551363002306,0.02156796044223643,0.02119211663686127
24,1,1.9764374400956115,0.028112050530969983,198.30579225441693,0.7563891766968494,0.03340086450237219,0.014056025265484991,1.9599999999999997,0.041756593288193845,90.58893784831385,0.3455294539708635,0.022663658128139794,0.020878296644096923
25,1,1.976284813250518,0.02847839211097412,197.78637003071015,0.7330675087528157,0.03279286139737362,0.01423919605548706,1.9599999999999895,0.042571501610112604,83.69034695847789,0.3101865621073095,0.020742534714366444,0.021285750805056302
26,1,1.9764652038846044,0.029215806653690665,193.86745463303782,0.7476952051897581,0.03431328950006695,0.014607903326845332,1.9599999999999997,0.04150893183145653,80.49104203330988,0.3104325390919795,0.02024084651897174,0.020754465915728264
27,1,1.976550941708407,0.02840363661209282,177.04267743991937,0.7215215895333884,0.03219164393947367,0.01420181830604641,1.9599999999999997,0.043943047610128134,77.47482405362834,0.3157417127232696,0.02179425414812733,0.021971523805064067
28,1,1.976647873055446,0.028552233704176432,177.4783813441815,0.7559203984348881,0.03390283622137492,0.014276116852088216,1.9599999999999997,0.04174913590049568,76.05103896158509,0.32391850341333595,0.021242377643087455,0.02087456795024784
29,1,1.976546507917094,0.029209129956987986,171.62389844734184,0.760860617009726,0.03490949795470548,0.014604564978493993,1.9599999999999997,0.04310826576449742,72.10433834163392,0.31966032619009843,0.02164557698941871,0.02155413288224871
30,1,1.9767905507157066,0.028011993795620437,169.86439529090075,0.7129634243575199,0.03137120128288394,0.014005996897810218,1.9599999999999997,0.040759330369017896,77.8360511613588,0.32669740753754173,0.02091667293807482,0.020379665184508948
31,1,1.9760872027485952,0.028354992743549957,161.96524332095686,0.718192897073813,0.031988253065502965,0.014177496371774978,1.9599999999999997,0.045072909574554225,69.99306354014054,0.3103661010736166,0.02197403193537764,0.022536454787277112
32,1,1.9761787037574592,0.028318661842056805,168.21542381998046,0.7480601394561676,0.03327584697534258,0.014159330921028402,1.9599999999999997,0.0423115512852789,71.91969633852092,0.31982951890437084,0.02125677473280671,0.02115577564263945
33,1,1.9754040570919074,0.028966173617696638,170.45990394016303,0.7582013274982528,0.03449812940588592,0.014483086808848319,1.9599999999998903,0.04225339327363568,66.19524090476182,0.29443475191488516,0.019542068760788813,0.02112669663681784
34,1,1.975606869737934,0.028927844738931067,153.63069316297614,0.695614653808282,0.03160855753608694,0.014463922369465533,1.9599999999999997,0.039790741450783214,67.40956326352426,0.30521947826649737,0.01907717898908224,0.019895370725391607
35,1,1.9755864772585645,0.02833704227047356,144.52683138336164,0.6964011620917369,0.030998014865309845,0.01416852113523678,1.9599999999999997,0.04269375055800721,69.70668863886308,0.335881016064811,0.022525251240172274,0.021346875279003606
36,1,1.974881496436105,0.02860535587268021,146.79065396479785,0.7249132030898396,0.03257266118843739,0.014302677936340104,1.959256321101238,0.042333412656466576,59.991143343229865,0.2962611767394367,0.019700529567842896,0.021166706328233288
37,1,1.975220684877413,0.028495177686774273,128.8498099791386,0.687671872893781,0.030780275855131444,0.014247588843387136,1.9599999999993507,0.042549899949393045,62.524224792291044,0.3336919997872549,0.022303047786367523,0.021274949974696523
38,1,1.974883216987147,0.029397403773291822,123.38045978519997,0.7434491104692559,0.03433049778532499,0.014698701886645911,1.9584783265138976,0.04413281710285726,51.51139591974501,0.3103903287622362,0.02151739578997888,0.02206640855142863
39,1,1.9756027096036242,0.029526942585309166,110.5672459579587,0.6605902820375104,0.030638714310733877,0.014763471292654583,1.9599999999999997,0.04281126175548343,55.45459053613016,0.3313165963857493,0.02228030316912046,0.021405630877741715
40,1,1.9753948820358698,0.029160799765491484,106.19718004463007,0.6966655583733966,0.03191123765397434,0.014580399882745742,1.9599999999999962,0.04542728480783403,51.35381181185327,0.3368868360296554,0.02403923803908004,0.022713642403917014
41,1,1.975212444853289,0.030681170371119608,97.24737863184839,0.6759882318406047,0.032578488778068064,0.015340585185559804,1.9599999999999997,0.04654588286214199,46.37709258030403,0.3223775206317031,0.02357034287029181,0.023272941431070997
42,1,1.9756114508778708,0.03045705877006033,90.14835381597706,0.6722527089616444,0.03216180388025238,0.015228529385030165,1.9599999999999997,0.0435180928698237,46.678703720867006,0.34809160343879014,0.023794866862709634,0.02175904643491185
43,1,1.975957944814941,0.031105883954209032,86.9411105028411,0.6818808621044001,0.03331738643355964,0.015552941977104516,1.9599999999999997,0.0429044968181823,42.492539669226495,0.3332698353526406,0.022460462604399694,0.02145224840909115
44,1,1.975721932565116,0.030155737929940096,83.36453594527121,0.6877440520123201,0.032577419514051416,0.015077868964970048,1.959999999999613,0.047670601375440894,39.26015646294605,0.32388999449586453,0.024253143693110275,0.023835300687720447
45,1,1.9749872533282682,0.03289051067698283,81.43004322560434,0.7266955119177011,0.03754421010952217,0.016445255338491414,1.9598896779010002,0.04941202216543697,29.326852716309332,0.26171780590326793,0.020313547564330004,0.024706011082718485
46,1,1.9757826024341152,0.02962102490980979,75.57023987801134,0.6972627064561798,0.03244265555844938,0.014810512454904895,1.959999999999983,0.04432127529704142,31.26511546851773,0.2884733337413527,0.020083425924797553,0.02216063764852071
47,1,1.9750589957134748,0.03060491999122599,78.50490558688284,0.738076314241994,0.035482351515391745,0.015302459995612996,1.95783466249703,0.050921980223958954,25.117138690617903,0.2361427608948525,0.018888601206334586,0.025460990111979477
48,1,1.9755537184892284,0.031319406091286035,73.92793970383615,0.6910928687312937,0.03399928676750196,0.015659703045643018,1.9599999997463706,0.04836142097154502,26.52835980047997,0.24799230643645676,0.018838969271524644,0.02418071048577251
49,1,1.9766802261397274,0.029017274847665024,78.50564990876975,0.7332678358105862,0.033422515687091786,0.014508637423832512,1.9599999999999997,0.039366164119634575,30.81988084225335,0.28786752738690125,0.01780064148130632,0.019683082059817288
50,1,1.9761970207935302,0.030771418438010015,78.96310256625034,0.7565288482515575,0.03656729928980748,0.015385709219005008,1.9599999999999997,0.042976290760451924,24.24707546763161,0.23230612122422087,0.01568228924784383,0.021488145380225962
51,1,1.9771911446703019,0.028826610781982308,75.14660893637124,0.7072509782888506,0.03202484365273088,0.014413305390991154,1.9599999999999997,0.044709247484058245,28.31486872484172,0.2664886531702452,0.018715264060951083,0.022354623742029123
52,1,1.9771517205635898,0.030136482442176833,74.89228621388246,0.755468600554287,0.03576258106396751,0.015068241221088416,1.959999999999998,0.04628040658729634,23.032362126915004,0.23233669664973633,0.01689020236696419,0.02314020329364817
53,1,1.9780410964247377,0.029992413317989564,68.09456774219869,0.7585925488928154,0.03573879143232707,0.014996206658994782,1.9599999999999997,0.04721600722719504,21.12647380591796,0.23535483291741258,0.017455498516259587,0.02360800361359752
54,1,1.9759212505573636,0.0358985294591009,53.058998313318476,0.8749014840981255,0.049335063194633245,0.01794926472955045,1.9004733618346648,0.08976323681218547,2.931764607470633,0.04834251093388182,0.006816282568346243,0.044881618406092734
55,1,1.976955599360329,0.03942758265606425,29.319564770166902,0.7557219816205354,0.04680390429052537,0.019713791328032124,1.9000000000000001,0.09999999999999999,4.7025652924399095,0.12121025633773111,0.019039662542517585,0.049999999999999996
56,1,1.9765861373773568,0.041112409823542015,11.510895553503996,0.635199131538999,0.04102066594361267,0.020556204911771007,1.9000000000002548,0.09999999999872719,1.8408923037542178,0.10158490164091126,0.015956919035333327,0.049999999999363595
57,1,1.9807588940344958,0.06306277074325128,4.0297885302865,0.28085105800755983,0.027820759977753125,0.03153138537162564,1.9000000000000001,0.0999999999999996,3.5078635623987053,0.2444761518976783,0.038402224138982276,0.0499999999999998
58,1,1.9919639863149408,0.09999999999999733,3.4269568074713748,0.24656436801905643,0.03873024036028286,0.049999999999998664,1.9000000000000332,0.09999999999999999,3.588209260548482,0.2581662385468079,0.04055265792117809,0.049999999999999996
59,1,1.985548435642262,0.06786681320200116,3.2569770162251164,0.23921651214517475,0.025501662136904038,0.03393340660100058,1.9000000000000001,0.09999999999999999,3.40531061923717,0.2501112304590291,0.03928738020951948,0.049999999999999996
60,1,1.991197605836487,0.09822943600202559,2.161110745463539,0.15039058946453535,0.02320503293225354,0.049114718001012796,1.9000000000000001,0.09999999999999999,2.4693920666175204,0.17184372864612252,0.026993149774006818,0.049999999999999996
61,1,1.99012178850106,0.09999999999484728,2.8934780122508963,0.20169513892349206,0.03168219833370827,0.04999999999742364,1.9000000000000001,0.09999999999999999,2.8614969894204165,0.19946584365482295,0.0313320214534041,0.049999999999999996
62,1,1.9999999999999851,0.09999999999999999,2.9216678310751085,0.21337964380462798,0.0335175960701113,0.049999999999999996,1.9000000000000001,0.08157478664686586,3.165588766202637,0.2311940447780786,0.029624598065276966,0.04078739332343293
0,2,1.9767180591429172,0.040431886740313755,5.388594626021071,0.41720568990198054,0.02649684149582397,0.020215943370156877,1.9000000000000106,0.09999999999999999,2.794571517823627,0.21636645897316975,0.03398676389966737,0.049999999999999996
1,2,1.9813346493298358,0.036325450751811095,72.95960894156656,0.7276641752285182,0.04152043387345287,0.018162725375905547,1.9599999999999997,0.058001597382632754,23.54757411957985,0.2348522195901529,0.021397079507013077,0.029000798691316377
2,2,1.9784341971910975,0.028221071149752704,530.8006001562545,0.7913526336945458,0.03508031002081898,0.014110535574876352,1.9599999999999997,0.0405090511544622,222.13537493719883,0.3311741055709625,0.021073094751228223,0.0202545255772311
3,2,1.978060851920864,0.028147016788255992,565.8785917036504,0.779880873694972,0.034481052894564414,0.014073508394127996,1.9599999999999997,0.042320332256810124,248.02750337586943,0.3418258065759371,0.022723425090059975,0.021160166128405062
4,2,1.9779397208082365,0.028380306745338705,683.0849632879296,0.7894943894630542,0.03519540849847843,0.014190153372669352,1.9599999999999997,0.04120474651816156,266.4854181444616,0.3079979121280799,0.019934938323016488,0.02060237325908078
5,2,1.9777295735320726,0.02831082199613693,797.8529489700519,0.8118967206016404,0.03610548169234156,0.014155410998068465,1.9599999999999997,0.0400449803425622,300.91779012965594,0.3062145315027605,0.019261662026347985,0.0200224901712811
6,2,1.977734244892136,0.028193637160642087,882.938449555067,0.8205504707514815,0.0363392769884057,0.014096818580321043,1.9599999999999997,0.0394221463866279,325.2433713441728,0.3022618412413075,0.018717311446661087,0.01971107319331395
7,2,1.9776524852846111,0.027912299414864134,946.7779997596531,0.8269139375768985,0.03625565905710474,0.013956149707432067,1.9599999999999997,0.03930169986338052,338.7311113723309,0.29584704878630363,0.01826410743358542,0.01965084993169026
8,2,1.977573974241892,0.027967464688486987,1035.2995977604503,0.8324823300990712,0.03657194008324325,0.013983732344243494,1.9599999999999997,0.037892075809365114,362.4485625300326,0.2914441621814247,0.017346970306161058,0.018946037904682557
9,2,1.9776800787623343,0.027737641292951584,979.7204492472772,0.8370484438670653,0.036470355600897286,0.013868820646475792,1.9599999999999997,0.03905859241225912,348.9143694159815,0.2981036378151493,0.018289580360866836,0.01952929620612956
10,2,1.9774993321176353,0.027979838928378745,1017.414234608577,0.8177737262896912,0.03594166900652618,0.013989919464189373,1.9599999999999997,0.038208910262147,368.22409237786763,0.29596989887736114,0.01776364448192512,0.0191044551310735
11,2,1.977627647285606,0.02751804912297049,981.3765312761049,0.8125960963962022,0.03512466980817175,0.013759024561485245,1.9599999999999997,0.038932275577865404,374.79128336155946,0.31033341853702995,0.018978339498586308,0.019466137788932702
12,2,1.9772198595349477,0.027705761019347415,987.9039187930625,0.8163594199488459,0.03552804982930431,0.013852880509673707,1.9599999999999997,0.03859863002212918,367.46116193878277,0.3036533971649432,0.01841068348936682,0.01929931501106459
13,2,1.9769421527697126,0.02802422898687892,951.6923725015569,0.8078906896996236,0.03556363573237758,0.01401211449343946,1.9599999999999997,0.03928495871989913,368.58042983586773,0.31288755303058374,0.019307874398974082,0.019642479359949564
14,2,1.9771629358163556,0.02740343427267601,888.9277035612979,0.7996527944405593,0.0344212255800955,0.013701717136338006,1.9599999999999997,0.04024557365794082,379.5474893059042,0.34142957771529914,0.0215843582234934,0.02012278682897041
15,2,1.9768817106219774,0.02744508962569436,862.988860374592,0.7748074155285192,0.03340244818779317,0.01372254481284718,1.9599999999999997,0.041065649367140654,390.311010131567,0.3504284688925155,0.022604658630512888,0.020532824683570327
16,2,1.976889516470433,0.027289245111528485,892.0309889745995,0.7645608184730331,0.03277354628868563,0.013644622555764242,1.9599999999999842,0.03952671215285777,423.38073773175967,0.362880132379715,0.022530651985911095,0.019763356076428883
17,2,1.976863693317512,0.027186126156096394,849.8123389883602,0.76909339590439,0.03284326217063325,0.013593063078048197,1.9599999999999997,0.04027629706341782,397.0442189734922,0.3593311990009972,0.022733397144256297,0.02013814853170891
18,2,1.9765841540668474,0.027107862316733792,862.3477456488239,0.7639142434836865,0.032528179351286116,0.013553931158366896,1.9599999999999997,0.04053025295168405,383.35290843147106,0.33959472673215024,0.021620221006212918,0.020265126475842023
19,2,1.9766389651322758,0.02710168703370736,871.545697414332,0.7786048730939152,0.03314616747612861,0.01355084351685368,1.9599999999999997,0.03953500220218733,404.31333341577243,0.36119773476973466,0.02243089809548258,0.019767501101093665
20,2,1.976690874246731,0.027261861563660283,840.0521904673003,0.7713464282080581,0.03303123851341871,0.013630930781830142,1.9599999999999997,0.04078017165640257,392.0772151196311,0.3600102028137764,0.02306129734896955,0.020390085828201284
21,2,1.9767403754202706,0.02718738729712958,863.1109160072483,0.778265104171439,0.033236471321429054,0.01359369364856479,1.9599999999999997,0.040101263045264,386.04094251062304,0.34809221939552837,0.021926647992846198,0.020050631522632
22,2,1.9768816760994823,0.027357103962132073,906.8768493628598,0.7909193959291918,0.033987735033162526,0.013678551981066036,1.9599999999999997,0.039740951801919784,398.6188319632963,0.34764959101548554,0.02170200524737438,0.019870475900959892
23,2,1.9770566649086239,0.027535654124068037,903.0053808032904,0.7905451255770647,0.034193372704090536,0.013767827062034018,1.9599999999999997,0.03940949766665222,382.5976956771137,0.3349489934439793,0.020734781023980346,0.01970474883332611
24,2,1.9772548979719897,0.027804035873514907,954.6926057047741,0.7884393983638629,0.034434678701031306,0.013902017936757454,1.9599999999999997,0.03884100292856356,379.65217240211786,0.31353833538417913,0.01912938292441574,0.01942050146428178
25,2,1.977354157085873,0.028051554661036773,909.8600726491253,0.8085641226872197,0.03562798654550365,0.014025777330518387,1.9599999999999989,0.040302364886265235,350.0821448447482,0.3111070271395606,0.01969519243775578,0.020151182443132618
26,2,1.9775533216841328,0.027574123525675714,895.7887856857367,0.8037861758556148,0.0348146574506266,0.013787061762837857,1.9599999999999997,0.04026260832214159,345.5555053798897,0.3100649870298755,0.019609860813411196,0.020131304161070795
27,2,1.9775290429309758,0.027816140787833166,910.4622931028101,0.8049381622344355,0.035170558971085036,0.013908070393916583,1.9599999999999997,0.03988831582453618,360.0897178741517,0.31835470611016936,0.01994696616839871,0.01994415791226809
28,2,1.9774050018846727,0.027814340315643227,857.9003163101697,0.7940740012707714,0.0346936200630555,0.013907170157821613,1.9599999999999997,0.040937103073126306,352.07866240990677,0.3258846125903703,0.020955635615814525,0.020468551536563153
29,2,1.9771809622687204,0.027742126760899242,839.7169056990616,0.7942831714105751,0.03461266109183657,0.013871063380449621,1.9599999999999997,0.03984320072022298,350.93878162086935,0.33195088314285304,0.020775329702891088,0.01992160036011149
30,2,1.9768730301672957,0.027428847459039576,876.9428271633798,0.7804680408080076,0.03362656921315007,0.013714423729519788,1.9599999999999997,0.04017980922158612,381.7969513636557,0.339794464801235,0.021445888680914977,0.02008990461079306
31,2,1.9766145161372801,0.027289498121931578,825.9011635992864,0.7682211817185811,0.03293075616827142,0.013644749060965789,1.9599999999999997,0.040799768129811745,388.5451011726865,0.3614095607675746,0.023162061436414524,0.020399884064905872
32,2,1.976531571487756,0.02701230742286608,783.1500146160396,0.7516872421886591,0.03189471605057618,0.01350615371143304,1.959999999999933,0.04082992116086442,388.39278427608724,0.3727892427373613,0.0239090208178396,0.02041496058043221
33,2,1.9765475187325492,0.0271116472857718,847.4285483968272,0.7590041896903831,0.032323617286940214,0.0135558236428859,1.9599999999999993,0.040631934578333986,414.2934605832086,0.3710642896547008,0.02368299037514083,0.020315967289166993
34,2,1.9765995339140847,0.027634940101378565,782.6105935345637,0.749741319083756,0.032545417757532454,0.013817470050689283,1.9599999999999997,0.03991177807223357,402.30054190645546,0.38540410959021193,0.02416224559423475,0.019955889036116784
35,2,1.9770043340617784,0.02824827301763586,728.292952563116,0.752787492361255,0.03340290002209343,0.01412413650881793,1.9599999999999997,0.04048950274087107,369.44386445635587,0.38186930041486217,0.02428717855918959,0.020244751370435535
36,2,1.9769848075250267,0.028704413158276786,699.33050758798,0.7541195679749607,0.03400233638580085,0.014352206579138393,1.9599999999999906,0.041543688023812905,326.64265614942315,0.3522334805429707,0.022985584900699373,0.020771844011906453
37,2,1.9774748630035828,0.030250006894811873,626.6053794366687,0.7851774353638038,0.03730896190213157,0.015125003447405937,1.9599999999999997,0.03971074288484889,246.72864081150553,0.3091670894963247,0.019285066742094188,0.019855371442424444
38,2,1.9774918918222046,0.03024660619280049,509.1865943837525,0.7841772836990927,0.03725724916958968,0.015123303096400245,1.9599999999999997,0.04120692539835247,208.21285739303457,0.32066003846645325,0.02075558262065823,0.020603462699176234
39,2,1.977668575658498,0.031537625956009084,450.197957106575,0.8195178460444469,0.04059824783120441,0.015768812978004542,1.9599999999999997,0.03867278503892738,154.04988301420585,0.28042470277428366,0.017034978680701793,0.01933639251946369
40,2,1.9771912962962959,0.031208264154777027,370.35095793948426,0.7954191716044328,0.038992900784225085,0.015604132077388514,1.9599999999999997,0.039300691016480344,138.88315913376292,0.2982855181544725,0.018414173565616112,0.019650345508240172
41,2,1.976706588861194,0.030971939236323257,320.9242290325095,0.7740031687872617,0.03765572505429376,0.015485969618161628,1.9599999999999997,0.04236815305780209,128.83242917323034,0.31071729524210984,0.02067877639672627,0.021184076528901044
42,2,1.9762668952412645,0.02976459588387156,297.2158771608999,0.7746380237322209,0.03621751747816839,0.01488229794193578,1.9599999999999997,0.039587018772038164,115.89926875895779,0.3020699343556454,0.01878365812820018,0.019793509386019082
43,2,1.9764923781825694,0.029237365799224743,277.25159874128667,0.7629109105022939,0.03503740589083695,0.014618682899612372,1.9599999999999997,0.04001039827615479,116.48088857690041,0.3205194890264348,0.020144068669944948,0.020005199138077395
44,2,1.9766634243043777,0.02920262264064497,267.26760579191154,0.7900581050359279,0.036241049535335065,0.014601311320322484,1.9599999999999997,0.039163305219671804,105.82458714130057,0.3128234435121191,0.019244139955898344,0.019581652609835902
45,2,1.9767848951765772,0.029043843050011897,258.5447509087216,0.7915393430234982,0.0361115778122739,0.014521921525005949,1.9599999999999997,0.04053422542610216,103.12434844441624,0.315717022799808,0.020102022476355202,0.02026711271305108
46,2,1.9767876009704177,0.028985127363955702,244.9021477548949,0.7877204012845067,0.035864698442376566,0.014492563681977851,1.9599999999999997,0.04151618750164173,90.29587113017935,0.29043395696221425,0.018940207542163745,0.020758093750820866
47,2,1.9771692425150638,0.029278522872017678,237.22256321274358,0.7789266822294015,0.035823302497287816,0.014639261436008839,1.9599999999999997,0.040744347712235944,88.25546915321748,0.2897892124808726,0.018546820172839734,0.020372173856117972
48,2,1.9771852539689316,0.02982076394062637,235.59374425151438,0.7913393757483446,0.03706819320636563,0.014910381970313184,1.9599999999999997,0.04003362753954474,82.41535440010784,0.2768261751187848,0.017408124078030232,0.02001681376977237
49,2,1.9777150662529173,0.029571348192882495,235.46261281403295,0.8223606112069071,0.03819911512278609,0.014785674096441248,1.9599999999999997,0.03977104114535848,80.74595497970763,0.2820077977391762,0.017617649048953493,0.01988552057267924
50,2,1.9776583023910637,0.02961055859964577,234.98199261057079,0.8151164483390001,0.037912823959763926,0.014805279299822885,1.9599999999999997,0.039961712759546755,73.94549492057524,0.25650556674876623,0.01610129346362872,0.019980856379773378
51,2,1.9775621021362964,0.030078125505233318,225.78341557058803,0.7808851897860881,0.03689417728295483,0.015039062752616659,1.9599999999999997,0.04003169350319472,63.96305981585439,0.22121999517713417,0.01391067545824817,0.02001584675159736
52,2,1.977956853043031,0.03029462565488756,214.04081905977634,0.8016266356353956,0.038146755560616204,0.01514731282744378,1.9599999999999997,0.03921454074058183,59.286008731464,0.22203822583196875,0.013677123191559925,0.019607270370290916
53,2,1.9785202333466871,0.030850799460269585,195.46549364675343,0.8380227461296568,0.04061085251537343,0.015425399730134792,1.9599999999999997,0.0385793522973587,48.64171296858678,0.20854249575146266,0.012637738822728098,0.01928967614867935
54,2,1.9788001926616066,0.03131779637529396,134.19893698636847,0.7851287519245682,0.03862352922171732,0.01565889818764698,1.9599999999999997,0.0429782904086253,31.669873244528443,0.18528409101043475,0.012508555054659398,0.02148914520431265
55,2,1.979035603436733,0.03166738290695031,81.75792058166014,0.7986461518065839,0.03972706251702551,0.015833691453475154,1.9599999999999997,0.05264047610888473,16.37911925047779,0.15999820526636008,0.013229846240033555,0.026320238054442367
56,2,1.9783528242210182,0.040777094814876326,25.699551775929177,0.7029236459164572,0.04502402438830306,0.020388547407438163,1.9000000000000001,0.09999999999999999,3.554805294517809,0.09722958283210135,0.015272787156846494,0.049999999999999996
57,2,1.9799323436106442,0.053473650296996106,5.074636957248452,0.35033750418133847,0.029427023786654363,0.026736825148498053,1.9000000000001613,0.09999999999998907,3.127178118406183,0.21589086793057022,0.03391205823338647,0.049999999999994535
58,2,1.9841994580050635,0.07046889144495565,3.7000185231279494,0.2906869398555847,0.03217679892813941,0.035234445722477824,1.9000000000000001,0.07288919117570668,3.4336556202198065,0.26976049944631847,0.030885978521640566,0.03644459558785334
59,2,1.9876006989977228,0.09499544296279819,3.6512070278725095,0.2222834071744182,0.03316879500817901,0.047497721481399094,1.9000000000000001,0.09999999999999999,3.5093814695132157,0.21364914784706163,0.03355992966610242,0.049999999999999996
60,2,1.994021691314348,0.09999999999999744,3.195356133952082,0.24692825969006735,0.03878740033030042,0.04999999999999872,1.9000000000000112,0.09999999999999999,3.162585545630707,0.2443958395140388,0.03838960869926072,0.049999999999999996
61,2,1.978695290921517,0.04799258671419959,2.734572239807925,0.1896610325375536,0.01429789639820915,0.023996293357099796,1.9000000000000001,0.09999999999999999,3.295276749796046,0.22854967287578784,0.035900498664346275,0.049999999999999996
62,2,1.9867179090993372,0.08950089407118818,3.3938774808424346,0.23118677453091016,0.03250201127275626,0.04475044703559409,1.9000000000000001,0.06782595493183226,3.8656124990065512,0.26332078581984203,0.02805439687367892,0.03391297746591613
0,3,1.9787145719708485,0.03702485971204877,4.998326584913527,0.31980082986986025,0.018599140924720845,0.018512429856024384,1.9000000000000183,0.09999999999999863,2.7162227656748104,0.17378822288164655,0.02729859021426995,0.049999999999999316
1,3,1.97541601717439,0.04151617124348553,9.524351062272691,0.5670775609395737,0.03698108376488169,0.020758085621742764,1.9000000000000006,0.09999999999999888,3.2374302307999767,0.1927558137022322,0.030278012413182436,0.04999999999999944
2,3,1.9791351172143106,0.029595294834912033,533.0954991545932,0.8064357124218531,0.03748972889385306,0.014797647417456017,1.9599999999999997,0.04113350345567339,198.8404889741593,0.3007942697668229,0.0194350264819554,0.020566751727836695
3,3,1.9779309610540905,0.028058075124455312,524.0362828391997,0.7670220802924796,0.0338053640258854,0.014029037562227656,1.9599999999999604,0.042253551027338125,222.98514432389123,0.3263791742567408,0.021662348064418902,0.021126775513669063
4,3,1.9778192609031515,0.027803254131940312,598.5222099972726,0.8080221805992462,0.035288954265268804,0.013901627065970156,1.9599999999999997,0.04023758378106766,233.99228205157965,0.3158963039777134,0.019966241309410104,0.02011879189053383
5,3,1.977645114397694,0.028043869693373327,708.1458236708269,0.815869132461538,0.03594002044973563,0.014021934846686663,1.9599999999999989,0.03952250971136047,257.9054726931906,0.29713811369038895,0.018446872833165793,0.019761254855680234
6,3,1.9777627734830918,0.0278125246974835,847.4348400887596,0.8284921834786619,0.036195010451808125,0.01390626234874175,1.9599999999999997,0.03983464434948932,301.37485868200815,0.2946382458017399,0.018436137617310673,0.01991732217474466
7,3,1.9775556670406458,0.027756511509771348,934.4343853130222,0.8378876734972338,0.036531757043658256,0.013878255754885674,1.9599999999999997,0.03859628245902065,318.3505223072506,0.285458222305568,0.01730644673096029,0.019298141229510325
8,3,1.977258247381902,0.027951237881598746,935.7295205120869,0.8362552624798808,0.036716374177925615,0.013975618940799373,1.9599999999999997,0.039229299325696694,316.77728400639296,0.2831017564129613,0.017445081073514074,0.019614649662848347
9,3,1.9772319150385806,0.027566578644414558,938.7912645402105,0.8140374428140297,0.03524902643751721,0.013783289322207279,1.9599999999999997,0.03870257620563861,339.50437198371054,0.294388413306295,0.017897009321076053,0.019351288102819306
10,3,1.9772338934887799,0.0274704641228248,907.4424545815862,0.8149900329922658,0.03516723079227112,0.0137352320614124,1.9599999999999997,0.03935323010309283,336.72810041509126,0.30242143100220664,0.018694455747228528,0.019676615051546414
11,3,1.9770554608102322,0.027584629029056246,909.3565419753405,0.8230326535974867,0.03566186821979162,0.013792314514528123,1.9599999999999913,0.03900245210942219,342.0851349679141,0.30961149273453137,0.018968319775862812,0.019501226054711093
12,3,1.9768532119483104,0.027463874285497982,895.7002322743168,0.7975686233724147,0.03440723231843046,0.013731937142748991,1.9599999999999997,0.039488271759361704,346.0547851470083,0.30814152844453857,0.01911341265809333,0.019744135879680852
13,3,1.976816064938754,0.027434793461890497,884.940709205229,0.8019254670816248,0.03455855522582067,0.013717396730945249,1.9599999999999997,0.038962639773387424,355.602750009634,0.3222440762761341,0.019722101650034074,0.019481319886693712
14,3,1.976663838997651,0.02714386305356903,870.1212131849405,0.788452561536572,0.033617630622737246,0.013571931526784514,1.9599999999999997,0.039438280502568264,370.30178273920257,0.3355456512473595,0.020786887385064498,0.019719140251284132
15,3,1.9765454455976148,0.02699814247719379,819.5740398602669,0.7699104017376327,0.03265080920041592,0.013499071238596895,1.9599999999999997,0.03977726549031048,363.4170460164993,0.3413951031740475,0.02133104286965993,0.01988863274515524
16,3,1.97645326137988,0.026935566007758833,816.8544953405496,0.770147033226796,0.03258514288994201,0.013467783003879416,1.9599999999999997,0.04041037531022123,379.3603398405929,0.3576686446835771,0.022703542672903528,0.020205187655110615
17,3,1.9765465271356506,0.02747839749300641,754.8236709600985,0.7694880447175686,0.03321338619476151,0.013739198746503206,1.9599999999999984,0.03939236862422075,341.87160892402585,0.3485133363144147,0.021565094912929465,0.019696184312110374
18,3,1.9760219041315035,0.027070907778399853,796.6871252982208,0.7590562977908585,0.032277261762843,0.013535453889199927,1.9598347327483416,0.04050380005410277,368.31744280646643,0.35092028686144633,0.022326678734944375,0.020251900027051385
19,3,1.9759881201301392,0.02695519294189041,786.4285149773699,0.7616032428664212,0.03224713282197644,0.013477596470945204,1.9598009815225559,0.04032188098153978,376.3163829085755,0.36443716384721914,0.023082525211630994,0.02016094049076989
20,3,1.9761909212085935,0.026816005124153885,775.3246111247838,0.7562470964799879,0.03185500497245716,0.013408002562076943,1.9599999999999986,0.03964585297513955,373.652356806418,0.3644583260652867,0.022696846434745805,0.019822926487569774
21,3,1.9760637502993792,0.02715415643859397,812.6876382958446,0.7660291505885314,0.03267393865925029,0.013577078219296984,1.9599999999999997,0.0396345768610375,373.46467642415024,0.3520231087258994,0.021916201106619158,0.01981728843051875
22,3,1.975856579335548,0.02692989306259501,810.6413366831266,0.7666545328602687,0.03243054250278596,0.013464946531297504,1.9598011819144028,0.040397353683792846,365.36747103551926,0.34554199885141906,0.021926718185789652,0.020198676841896423
23,3,1.9760214783761318,0.026706646828251527,812.7318364633632,0.7535665589203203,0.03161264670718642,0.013353323414125763,1.9599999999999997,0.040015742136934984,388.17623129155004,0.3599177659164063,0.022623200121244073,0.020007871068467492
24,3,1.9760908669636938,0.026694586236684262,807.7997345655089,0.7611270030634476,0.03191539330420724,0.013347293118342131,1.959999999999999,0.04028501539920587,370.6623319686051,0.3492463513020558,0.02210015342124212,0.020142507699602935
25,3,1.9761643345155482,0.027044553366220827,820.8096666050302,0.7755786255461123,0.032947731815296276,0.013522276683110413,1.9599999999999997,0.038983901522141734,367.8946237808375,0.34762164514693283,0.02128687887115807,0.019491950761070867
26,3,1.9760112382975004,0.027173509483972874,865.7389147734409,0.7781626544266746,0.033215132780901886,0.013586754741986437,1.9599999999999997,0.039554146006716494,391.67040281759773,0.3520498791447614,0.02187338962085918,0.019777073003358247
27,3,1.976137600392907,0.02709276597722696,783.318399478852,0.7494689701189439,0.03189531380577625,0.01354638298861348,1.9599999999999997,0.040050685991337744,369.73513472277557,0.35375782162378383,0.022255424738289713,0.020025342995668872
28,3,1.9761874526025283,0.026760469134483336,846.1097978837824,0.7609045564667642,0.03198481068517545,0.013380234567241668,1.9599999999999997,0.039247265104543114,416.6423432441594,0.3746854819367255,0.023099157579892674,0.019623632552271557
29,3,1.975898066947851,0.026629628344732783,824.2237141578023,0.7587203622576555,0.03173706212322359,0.013314814172366391,1.959999999999782,0.04012576653734476,407.37572536369754,0.375000442978936,0.02363605542820853,0.02006288326867238
30,3,1.9759303885446915,0.026625055618723137,866.5457980924128,0.756640851191856,0.031644641936677396,0.013312527809361568,1.9599999999999997,0.03937283350061213,437.6230279128209,0.3821188228828056,0.023632789058470566,0.019686416750306066
31,3,1.9759048628947296,0.026776508482050595,813.6782699747848,0.7620625771786869,0.03205268819375669,0.013388254241025297,1.9599999127792858,0.04137296800927392,384.06263267016254,0.3596996140252403,0.02337634058814896,0.02068648400463696
32,3,1.9758217555021151,0.02652075902843947,853.0040199362717,0.7522299935386906,0.03133693180532464,0.013260379514219735,1.9599999999999997,0.039880566970913835,424.4465056124742,0.3743023300150976,0.02344788802902148,0.019940283485456917
33,3,1.9756993936347942,0.02640851848562461,919.6432737743627,0.7537159165634608,0.031265948026482075,0.013204259242812304,1.9599999999999997,0.03914672199744142,470.53660830719366,0.3856396725997621,0.023713572386078116,0.01957336099872071
34,3,1.9757487192712613,0.026356957387845742,880.2220829948745,0.7370742097183937,0.03051591292079866,0.013178478693922871,1.9599999999999997,0.039370920538886724,458.9838270837784,0.384340666017203,0.023769047834236983,0.019685460269443362
35,3,1.975619318168124,0.02659561134170412,883.0736907734387,0.7373046394274869,0.030801851406095745,0.01329780567085206,1.9599999999999975,0.03963102514525691,457.8352747191175,0.3822603658912184,0.02379657502048618,0.019815512572628455
36,3,1.9757342165567466,0.02653676489042164,864.9082237635391,0.7511103323157766,0.03130917253999702,0.01326838244521082,1.9599999999999997,0.04012172010860656,447.8895320235423,0.3889597138700976,0.024513427717430473,0.02006086005430328
37,3,1.9760108229230327,0.026215888127925146,866.3901466555028,0.7473716651412261,0.030776631222837046,0.013107944063962573,1.9599999999999997,0.04024965085982966,466.10111808152215,0.4020714802557501,0.025420568765565626,0.02012482542991483
38,3,1.9760526653711477,0.026764109447574812,870.3589574362804,0.7448834650483125,0.03131561954178634,0.013382054723787406,1.9599999999999802,0.04047388872282151,442.74730845927417,0.3789185444099973,0.02409021470449808,0.020236944361410755
39,3,1.9762110627808827,0.026885301927836145,916.9636526229051,0.7437644904462437,0.03141016625117429,0.013442650963918073,1.959999999999985,0.03991796398328515,457.1908597040361,0.37083512070711544,0.02325247130963545,0.019958981991642574
40,3,1.97654589203711,0.02707718661671548,883.1634294276698,0.7580817061577807,0.03224329610752376,0.01353859330835774,1.9599999999999997,0.04045724478058005,437.0351079513904,0.3751381785603858,0.023840065570246396,0.020228622390290024
41,3,1.9765825372354575,0.027226302497674083,917.4707531771312,0.754955442996801,0.03228716127815818,0.013613151248837042,1.9599999999999997,0.040739022012838376,426.67092075129926,0.3510929725816127,0.02246738942047277,0.020369511006419188
42,3,1.9768652482258053,0.027235953535646545,944.1053925577282,0.7795592092429061,0.03335120793101266,0.013617976767823272,1.9599999999999997,0.03950798374665441,432.76081711255375,0.35733582610476183,0.022175902512956838,0.019753991873327204
43,3,1.9771444517747645,0.027513388593519816,956.4756466614764,0.7776285737928084,0.03360749706629069,0.013756694296759908,1.9599999999999997,0.04002046112438575,427.0155813674307,0.3471698612349377,0.021824483841335906,0.020010230562192876
44,3,1.9775134553870362,0.027667515602838647,969.3466646501882,0.7964135986171575,0.03461216038594902,0.013833757801419324,1.9599999999999997,0.039475671670567716,410.0963795141243,0.33693449959574057,0.020892715334717427,0.019737835835283858
45,3,1.977606000024639,0.02792846266332134,944.7584597108105,0.7942544214983882,0.03484388314472216,0.01396423133166067,1.9599999999999997,0.04029896964509269,384.7902858519614,0.3234915578116119,0.020477492271739794,0.020149484822546346
46,3,1.9779250543437399,0.028204153192767947,973.4695366638233,0.8075857787947698,0.035778456796464374,0.014102076596383973,1.9599999999999997,0.0395423528450828,385.4051173073693,0.3197302843998983,0.01985940159222624,0.0197711764225414
47,3,1.978141786023443,0.028325831699090243,997.7993581966416,0.8150326614772111,0.03626415483830597,0.014162915849545122,1.9599999999999997,0.03889729469519527,378.8447885381218,0.3094518690080632,0.018907424910823506,0.019448647347597634
48,3,1.9782272476852594,0.028617510987477595,950.0381013488023,0.8177330469094777,0.036758965823077826,0.014308755493738798,1.9599999999999997,0.039696219853224655,362.332544199648,0.31187306587197505,0.01944674407945482,0.019848109926612328
49,3,1.9784929453721984,0.028625523510147063,924.2260094274787,0.8164727374990355,0.036712588199629324,0.014312761755073532,1.9599999999999997,0.040144113829208745,350.8248448519324,0.30992302590182375,0.019543196378939844,0.020072056914604373
50,3,1.978643787571983,0.028879387825321283,962.6468775991949,0.82700780511029,0.037516081301599245,0.014439693912660641,1.9599999999999995,0.038390766891901434,357.17162079576997,0.3068453500817147,0.018504025193941454,0.019195383445950717
51,3,1.978830990181047,0.029395539095249928,884.0017428982266,0.827356788642607,0.03820270730174805,0.014697769547624964,1.9599999999999997,0.03918175637213675,306.98666006467323,0.2873156068612738,0.017683286945494057,0.019590878186068375
52,3,1.979220062080097,0.03199820213316141,463.26621236944123,0.8697254053406619,0.04371471092853133,0.015999101066580704,1.9599999999999997,0.03740772388407757,89.98725230373455,0.1689400120182832,0.009926900792053535,0.018703861942038786
53,3,1.9790204627079981,0.029702204259826157,341.6243530298379,0.8818806400488658,0.0411451231024497,0.014851102129913078,1.9599999999999997,0.03434008175654546,73.86927353345828,0.1906886369366682,0.010285988068037044,0.01717004087827273
54,3,1.9794700362941797,0.03026821949576687,244.95162054449554,0.8791474284700075,0.041799247351533036,0.015134109747883435,1.9599999999999997,0.038501924444067595,44.640594322214355,0.1602180202625709,0.009689774616622833,0.019250962222033798
55,3,1.9799517209670954,0.032785476469606716,95.89509258341153,0.832484835949008,0.042872391315787656,0.016392738234803358,1.9599999999999997,0.04540922992043812,16.601784205942995,0.14412347106421244,0.010280132849388862,0.02270461496021906
56,3,1.9789813715097415,0.0367708643574174,27.00525560583895,0.7036127928818254,0.04064035031614222,0.0183854321787087,1.9000000000000004,0.09999999999999999,3.445266635542727,0.08976525588347527,0.014100293421556692,0.049999999999999996
57,3,1.9840119723435192,0.06626565787560351,5.968901789840919,0.3926475785044091,0.040870628328260696,0.033132828937801756,1.9000000000000001,0.0768516202617112,3.413582481260358,0.22455301535924155,0.027107645433051945,0.0384258101308556
58,3,1.9805265797998644,0.0715227409302014,4.282387865931745,0.28859232534587564,0.032422672081632256,0.0357613704651007,1.9000000000000001,0.06559122490857323,3.4853855480818834,0.23488192838623456,0.02419999198963842,0.03279561245428662
59,3,1.9771481728213833,0.07088251512242727,4.410860744071681,0.35585668516372493,0.03962179304253582,0.035441257561213635,1.9000000000000001,0.05768730995929614,3.382508124560997,0.27289189085450827,0.02472810267038461,0.02884365497964807
60,3,1.9862683967359058,0.09036094955090365,3.1106647022316714,0.2469046802135731,0.03504531640556503,0.045180474775451826,1.9000000000000001,0.09999999999999999,3.07146290236204,0.24379309192388576,0.03829492932920103,0.049999999999999996
61,3,1.9996766223072089,0.09999999999999999,2.6358832734618556,0.18288411281914876,0.02872736926454623,0.049999999999999996,1.9000000000000001,0.09999999999949902,3.4857246146708034,0.24184821084611058,0.037989428123708494,0.04999999999974951
62,3,1.9836320433247134,0.09274238228118424,3.0132318535152787,0.19125021913504422,0.027861215916085723,0.04637119114059212,1.9000000000000001,0.09999999999999999,3.057181057717547,0.19403968086354975,0.030479681795291792,0.049999999999999996
0,4,1.9833966539914956,0.07015344346688514,4.970738789915494,0.34405360309061106,0.0379135962180876,0.03507672173344257,1.900000000000003,0.09999999999999458,2.8637997471159107,0.19822015663429393,0.031136349393784107,0.04999999999999729
1,4,1.9787569353855665,0.05270417713670457,7.948390833102391,0.4369321366173327,0.03617253143011454,0.026352088568352285,1.9000000000000017,0.09999999999999962,2.805589308926489,0.15422645375146027,0.024225834704739584,0.04999999999999981
2,4,1.9777644349523775,0.03720070560109017,45.90945941764473,0.7846440538611141,0.04585046477708121,0.018600352800545086,1.9125670936465844,0.09999999999999999,3.7680538583721823,0.06440025851107792,0.010115968951384297,0.049999999999999996
3,4,1.978146180700078,0.02827852898092839,616.580335557161,0.8059392049396211,0.035799665912029155,0.014139264490464196,1.9599999999999997,0.04005004451394148,253.78552711526882,0.33172596359830003,0.020869033896218633,0.02002502225697074
4,4,1.9776727036266066,0.02792974890337839,598.8976990701213,0.7940056351703559,0.03483457313256518,0.013964874451689195,1.9599999999999997,0.04169895682153583,239.62070266178085,0.3176839525554061,0.020808479402449204,0.020849478410767914
5,4,1.9778155317088377,0.028238569016469574,693.7495989072231,0.828609424015803,0.03675466176733359,0.014119284508234787,1.9599999999999997,0.04066905089485888,244.2453698749246,0.29172487532876157,0.018636200628703446,0.02033452544742944
6,4,1.9776665051504994,0.028243228977595007,762.5829940466994,0.8355376609712618,0.037068093864652936,0.014121614488797504,1.9599999999999997,0.03892454950766636,243.70649431141106,0.26702136791683134,0.016326364505503024,0.01946227475383318
7,4,1.9774666159310519,0.02814470535615523,876.0939510359252,0.8288329684061665,0.03664237382779563,0.014072352678077615,1.9599999999999997,0.03969464185127797,297.7281869926834,0.28166720785087695,0.01756256940513993,0.019847320925638984
8,4,1.9771250261527613,0.027848434642731953,905.2896246554379,0.8310721990226949,0.03635460414903948,0.013924217321365976,1.9599999999999997,0.03850989181812583,309.4419552862965,0.2840732946072874,0.017183933516643483,0.019254945909062914
9,4,1.9769088060003324,0.027799809651061304,870.2436167202866,0.8199078598134323,0.0358036043232753,0.013899904825530652,1.9599999999999997,0.03860431825022422,309.1080407215162,0.29122892400434836,0.017659982542048265,0.01930215912511211
10,4,1.9769856056256117,0.027410768076851676,856.1028357015616,0.820167255460246,0.035313723197821285,0.013705384038425838,1.9599999999999997,0.040182053215219365,310.74619462845163,0.29770238219603146,0.018790325847422056,0.020091026607609683
11,4,1.9769160585545313,0.027322094164323844,818.1512802874649,0.8101252844427277,0.03476850746266735,0.013661047082161922,1.9599999999999997,0.0402022730042079,318.30730420095136,0.3151847360862028,0.01990378457736698,0.02010113650210395
12,4,1.9766729650934984,0.027353808567891612,837.2740667196996,0.7865106241147136,0.03379420806965561,0.013676904283945806,1.9599999999999997,0.04026444654512107,328.18574865623214,0.30828803645196495,0.019498368889889334,0.020132223272560534
13,4,1.9765641602790602,0.027259912671807926,806.8779577413592,0.7890089092888993,0.03378518057097827,0.013629956335903963,1.9599999999999997,0.03907233077433789,337.61292953858464,0.3301361832249424,0.02026200050867166,0.019536165387168944
14,4,1.9763672016222493,0.027060567708591308,800.6183772017235,0.7930343569249423,0.03370922620106069,0.013530283854295654,1.9599999999999997,0.03941925164358053,343.32654539271346,0.3400743149219163,0.021057270884896444,0.019709625821790266
15,4,1.9762451675462513,0.02718305068814208,756.2972621814845,0.7674644697986722,0.03276999315666833,0.01359152534407104,1.9599999999999997,0.04027447750113684,336.80777273113694,0.3417809526079519,0.021622088856797554,0.02013723875056842
16,4,1.975963766086164,0.02699060520055698,722.2128156381879,0.7639222032684226,0.03238781371127832,0.01349530260027849,1.9598563308386063,0.040640806853184365,340.1049610042906,0.3597467748108743,0.022965669345725255,0.020320403426592182
17,4,1.9755679134225808,0.0275296831714562,729.615024508858,0.7602453872603594,0.03287569056487649,0.0137648415857281,1.9589115083715305,0.04126631266856083,316.4666209119177,0.32975237719660916,0.02137486972795353,0.020633156334280416
18,4,1.9757677763451598,0.02709554365793157,713.230950521062,0.7709199378133513,0.03281157095405235,0.013547771828965785,1.959480514401062,0.041412367804400343,341.06447552349005,0.3686511417778801,0.02398090247502205,0.020706183902200172
19,4,1.9758134181839322,0.02673959667263313,681.8181648755676,0.7414737661985098,0.03114372237882454,0.013369798336316565,1.9599999999999997,0.04039597649836797,358.0398261877706,0.38936647928844176,0.024706802756208474,0.020197988249183986
20,4,1.9755869592429107,0.02689812311810757,677.8012487009049,0.7380296286414189,0.031182838921543676,0.013449061559053784,1.9598232967377933,0.04046325621960562,339.62259373452787,0.36980093679752823,0.023504375304335978,0.02023162810980281
21,4,1.975384381308434,0.027082042759414462,692.0447232558628,0.7407102066426983,0.031510088689249434,0.013541021379707231,1.9592366792750329,0.04126155779911124,336.44650409031266,0.3601058590498222,0.02333972233021314,0.02063077889955562
22,4,1.9751505272216106,0.02704379287129185,714.5559040660431,0.7472598805101293,0.031743816806672785,0.013521896435645926,1.959437889455902,0.04078335599178687,338.10805072749065,0.35358266602858507,0.022651335015153536,0.020391677995893434
23,4,1.975314448861841,0.02698316617957217,723.4325096862032,0.7458640148460706,0.03161348976816553,0.013491583089786085,1.9599999999999997,0.03986317225424704,352.4728946509336,0.3634020379355025,0.022755117991219095,0.01993158612712352
24,4,1.9753821400016087,0.02655102103162997,707.5363604085088,0.7338057926444688,0.03060428513110276,0.013275510515814985,1.9599485632879872,0.04010898977170738,359.05457231444393,0.3723855617649084,0.023461427584024575,0.02005449488585369
25,4,1.9751250671864493,0.026462422722232454,715.9546867489834,0.736134125204369,0.03059894343050848,0.013231211361116227,1.9596895356291804,0.03989343820965595,376.1996853245706,0.3868030077658472,0.02423880400734108,0.019946719104827974
26,4,1.9747991609338416,0.026928789611662465,743.8828943717579,0.7576940230033394,0.032050187287758346,0.013464394805831233,1.9591042754376036,0.039661287746605725,357.1526278629926,0.36378361900668466,0.022663648565717138,0.019830643873302863
27,4,1.9751402898049413,0.026507209087407085,697.950842668684,0.7223387701245669,0.030076327570575174,0.013253604543703543,1.9597184555233769,0.03970150350478055,390.9256952312975,0.4045854931899729,0.025231155350592182,0.019850751752390275
28,4,1.9750141990380377,0.026652501834587203,729.9260874748518,0.7396370286905904,0.03096538643591216,0.013326250917293602,1.9592268893468945,0.04054598977222392,382.7196725156,0.3878113774233709,0.024699509542535837,0.02027299488611196
29,4,1.9750701666908055,0.0267077191205105,727.8375181649288,0.7200883931074129,0.03020942700778717,0.01335385956025525,1.9596423970056982,0.039682392910497175,390.1889362969644,0.38603468100239313,0.02406268318001661,0.019841196455248587
30,4,1.9747559147819282,0.027058211898309214,752.1990545917042,0.742875880674458,0.03157440887938113,0.013529105949154607,1.9589594618784838,0.0408814578616378,357.1433456444113,0.3527167121562352,0.022650212938697043,0.0204407289308189
31,4,1.9753253098167525,0.02640141046092464,725.1091960270136,0.7224920145655593,0.029962638704020595,0.01320070523046232,1.9599999999999997,0.03998217206626477,387.25632912498503,0.3858585809086199,0.02423340405805907,0.019991086033132384
32,4,1.9754528124762674,0.0262143519176498,731.2286065480877,0.7371520080660274,0.03035400877415334,0.0131071759588249,1.9599831038736613,0.04065833097914601,386.9089931600235,0.3900431940061961,0.024910481839245404,0.020329165489573003
33,4,1.975395568590838,0.026399171114984094,782.1427170439207,0.7482924406331082,0.031029982167937533,0.013199585557492047,1.9596250801118082,0.04054930823198943,384.5273187284738,0.3678853993666695,0.02343235177489007,0.020274654115994713
34,4,1.9753049688657776,0.026549339832055437,786.7160766316201,0.7336628991219457,0.03059638810544653,0.013274669916027718,1.9594938565624826,0.04052490741713966,389.38059648231587,0.36312223146650563,0.02311504519653631,0.02026245370856983
35,4,1.9750199944774955,0.02699227164689491,795.2563929380661,0.7671625302356676,0.03252720118388654,0.013496135823447455,1.958707258004541,0.04072382593504425,368.42078871997785,0.3554056615900102,0.02273488654789047,0.020361912967522124
36,4,1.975356413765086,0.02690689759615698,816.0931873408622,0.733823203778306,0.0310152255000118,0.01345344879807849,1.9595704281780448,0.03960213463683702,412.3784686312453,0.3708067825026189,0.023066735848163624,0.01980106731841851
37,4,1.975599376327977,0.026383607668501213,787.5459790216472,0.733838196048358,0.03041265744024273,0.013191803834250606,1.9599999999999997,0.04004250768170003,418.69323131368645,0.3901398696068361,0.024539260958814528,0.020021253840850014
38,4,1.975670667297654,0.026136520950505428,773.2661977524211,0.7449409809231028,0.030583664535547533,0.013068260475252714,1.959902447426682,0.041025091360671576,396.3933365080955,0.381873204580793,0.02460869703725407,0.020512545680335788
39,4,1.9756984267535376,0.026986089010651342,820.4876107429004,0.7503682111842225,0.03180784546240684,0.013493044505325671,1.959999999999997,0.03961733078974279,400.140911854261,0.36594461186055577,0.022773010465708152,0.019808665394871396
40,4,1.9761347351679561,0.0267638045593633,769.1056636645494,0.7484362339454198,0.0314646229349209,0.01338190227968165,1.959999999999999,0.04035070630719443,390.22646976443684,0.3797392779878099,0.024068916399512794,0.020175353153597215
41,4,1.9761139970565353,0.02692828998923791,832.6695172374621,0.7594300363279832,0.03212302402849277,0.013464144994618956,1.9599999999999935,0.04055374570638655,402.93025282582187,0.3674895384141852,0.02340969906602472,0.020276872853193274
42,4,1.9762546715930518,0.027017103398660532,856.9822123225875,0.760881784141266,0.032290580231040124,0.013508551699330266,1.9599999999999997,0.04025763512928885,404.3151491175815,0.3589759829228827,0.022700401036779283,0.020128817564644425
43,4,1.9764170894858113,0.027175672238268892,886.0936737156846,0.778669003650643,0.03323939114648028,0.013587836119134446,1.9599999999999997,0.039417489639723816,402.306413935345,0.35353320285842954,0.021889661562261836,0.019708744819861908
44,4,1.9765671323482599,0.02734269513346947,870.2207669393376,0.7680611353418472,0.032988076052706636,0.013671347566734734,1.9599999999999997,0.04014190418845683,397.6827656599262,0.35099676783505324,0.022132015429702074,0.020070952094228416
45,4,1.9768566811241826,0.027619295055794392,931.101132017308,0.7883942636186669,0.0342039231772509,0.013809647527897196,1.9599999999999997,0.03947635256228432,400.799964872719,0.3393706465371809,0.021044139490308974,0.01973817628114216
46,4,1.9770833414290694,0.027608167874614717,926.3049265638138,0.805940060913779,0.034951048434822204,0.013804083937307358,1.9599999999999997,0.03994210065497473,379.98396429122766,0.3306085183668014,0.02074267764082926,0.019971050327487364
47,4,1.9772321248115057,0.027680660549774347,973.9022574609168,0.8062367118523247,0.03505572040364559,0.013840330274887173,1.9599999999999977,0.03866758189325955,383.0322674862384,0.31709000929576125,0.019259696971678054,0.019333790946629775
48,4,1.9773319709039767,0.028083271248078173,979.7868956858399,0.8136880539664891,0.03589430194082585,0.014041635624039086,1.9599999999999997,0.03938089022598486,367.5545730973067,0.30524470844313767,0.018882241609550883,0.01969044511299243
49,4,1.9776679790962024,0.0280048757114426,1034.6459008065463,0.8159919365075442,0.0358954493016259,0.0140024378557213,1.9599999999999997,0.03833193763111043,379.3324746035437,0.29916731926415807,0.018013362953921627,0.019165968815555216
50,4,1.9779825525772394,0.028270936406798355,1040.0690812123958,0.8470123954789479,0.0376140274112144,0.014135468203399178,1.9599999999999997,0.03858440753819029,358.19371792088367,0.29170612273947705,0.01767979633951202,0.019292203769095146
51,4,1.978691936143382,0.028624277254711547,1050.9695095409559,0.8445656785925659,0.03797413023152008,0.014312138627355774,1.9599999999999997,0.037207930955098896,350.427622285323,0.2816058314976737,0.01645875731435612,0.018603965477549448
52,4,1.9781587749924525,0.028545107440094978,499.21080268801245,0.8920535806980836,0.039998389004866734,0.014272553720047489,1.9599999999999997,0.033854512679983836,111.36831193864154,0.1990071146422167,0.010582908634782149,0.016927256339991918
53,4,1.9789179962505197,0.028870804732828468,484.06447077003287,0.8940212178906568,0.04054399993379946,0.014435402366414234,1.9599999999999997,0.03306730454489909,88.50201046535712,0.16345482876721903,0.00849017080019176,0.016533652272449545
54,4,1.9793813570075445,0.029485134056384806,321.8956497720132,0.9005040381632174,0.04170697084197319,0.014742567028192403,1.9599999999999995,0.034007156192230416,52.89918231101227,0.14798561993719875,0.007905142613922117,0.017003578096115208
55,4,1.9796731487349586,0.0296016584060407,167.46235839290966,0.8649529760711494,0.04021873596499419,0.01480082920302035,1.9599999999999997,0.03834536515224874,26.22165873161506,0.13543641672726364,0.008157709012092122,0.01917268257612437
56,4,1.9789823066713161,0.03392121887795335,58.73842021972134,0.8247664487603499,0.043946299574620006,0.016960609438976676,1.9000000000000026,0.09999999999999998,3.39542228385304,0.047676297193893345,0.007488975250734949,0.04999999999999999
57,4,1.9800084554318085,0.05858957913759066,5.599667329154309,0.33649445225437385,0.03096835693053917,0.02929478956879533,1.9000000000000001,0.09999999999999802,3.184834180514302,0.1913826250915906,0.030062312450622936,0.04999999999999901
58,4,1.9810443436465786,0.07704576060650661,3.558738334477277,0.24293059844569556,0.029400237856633,0.03852288030325331,1.9000000000006887,0.09999999927056367,3.1153531189757953,0.21266373822160162,0.033405141640427086,0.04999999963528184
59,4,1.9825549031218281,0.0839725322597591,3.6613944991213603,0.2851602875326516,0.0376137099150789,0.04198626612987955,1.9000000000000001,0.09999999999999888,3.679715619915964,0.2865871908818983,0.04501701067437488,0.04999999999999944
60,4,1.9818205253468704,0.07202559897364363,2.5854844231357528,0.19771495217009122,0.022368984555939463,0.03601279948682182,1.9000000000000001,0.09999999999999999,2.750499075717748,0.21033381146418198,0.033039157844870735,0.049999999999999996
61,4,1.9951212106742413,0.09999999999999988,3.1520392416379486,0.21340267662644574,0.03352121405730197,0.04999999999999994,1.9000000000000001,0.09999999999999999,3.7119524500083467,0.25131050967824897,0.03947576254875468,0.049999999999999996
62,4,1.9946976489261738,0.09630476542895315,1.990692677695049,0.16210526715909576,0.0245225021373362,0.048152382714476576,1.9000000000000001,0.09961748256922325,2.6396501947446063,0.21495090870635283,0.03363525503089481,0.04980874128461162
0,5,1.9790419944835311,0.04932210061409448,4.863944461011876,0.3799434554151827,0.02943610951001722,0.02466105030704724,1.9000000000000001,0.09999999999999999,2.7039900605700358,0.21122020106445868,0.03317839159769312,0.049999999999999996
1,5,1.9793575608109728,0.052138262622002454,6.193846353099852,0.3727487259159473,0.030527595603174414,0.026069131311001227,1.9000000000000024,0.09999999999999121,2.67123649120514,0.1607563284514768,0.025251545024059147,0.049999999999995604
2,5,1.9771947298036696,0.04584720112621426,10.560858739631387,0.5291167365109265,0.03810519636838392,0.02292360056310713,1.9000000000000006,0.09999999999999994,3.605851841225273,0.18065922531576495,0.028377884752761495,0.04999999999999997
3,5,1.979679810465177,0.030563438323260247,462.4695438035529,0.8077466105559157,0.03877905585736942,0.015281719161630123,1.9599999999999893,0.040806500436326144,168.8150699414784,0.29485141753228994,0.01889959285027615,0.020403250218163072
4,5,1.97761650130328,0.027784808573082867,589.006575218504,0.8014639973340661,0.03497931530044763,0.013892404286541434,1.9599999999999997,0.04031070118000207,247.52432041763754,0.3368074986356887,0.021326617585556134,0.020155350590001037
5,5,1.9776561993494783,0.02796568244568556,663.2544948187265,0.7946493588998084,0.03490766795384458,0.01398284122284278,1.9599999999999997,0.04077545552678579,263.2717175018687,0.31542749150383076,0.020203110569292478,0.020387727763392895
6,5,1.9776658493765011,0.02773802120895518,751.6540297242434,0.815894788717224,0.03554917383346232,0.01386901060447759,1.9599999999999997,0.040367517998169435,284.3223353516286,0.30862218860771534,0.019569470340080827,0.020183758999084717
7,5,1.977366135874213,0.028123703159127433,824.8992370027684,0.8102186720433674,0.035792713980258455,0.014061851579563717,1.9599999999999997,0.039193402436422164,293.9583114499032,0.28872679480760854,0.017775422558724698,0.019596701218211082
8,5,1.9772891441859755,0.028022802590701928,829.066382482143,0.8186512143261502,0.03603548360488896,0.014011401295350964,1.9599999999999997,0.03893555980701791,291.757048572954,0.28809184300463037,0.01761964938899847,0.019467779903508956
9,5,1.9769143237742168,0.027715583170307017,836.5339955972197,0.8187975140944024,0.0356467888471754,0.013857791585153508,1.9599999999999997,0.03916339297339007,317.95270329499783,0.3112113607190318,0.0191450114285573,0.019581696486695034
10,5,1.976682669632383,0.02733860655390101,807.1146825530313,0.7924149119575723,0.034028976864613876,0.013669303276950505,1.9599999999999997,0.04000991437026648,320.45958806449977,0.3146231406159627,0.01977325471393103,0.02000495718513324
11,5,1.976512192472163,0.027572865336477317,747.2654890471515,0.7861437624290821,0.03404895203922906,0.013786432668238658,1.9599999999999997,0.0402477502849142,313.7655463357014,0.33008994893031995,0.020868622705040148,0.0201238751424571
12,5,1.976230298346237,0.02746726320542252,720.2851538483851,0.7790382049022955,0.033611974289695944,0.01373363160271126,1.9599999999999316,0.04045200563087079,312.04210373404607,0.33749511432811846,0.021445067931866908,0.020226002815435396
13,5,1.976053978272292,0.027364368976586527,709.2132116452748,0.7829530634842542,0.03365433725197149,0.013682184488293263,1.9599710146583258,0.04102449178878173,299.0880403027839,0.33018546970285695,0.021277521809012667,0.020512245894390865
14,5,1.976141395382506,0.02678030192990166,694.8352067465362,0.7346531472578265,0.03090421308177228,0.01339015096495083,1.9599999999999977,0.0404019819429344,342.82562228998944,0.36247144636675993,0.02300362864394894,0.0202009909714672
15,5,1.975956522125086,0.02706025389930707,678.1404199606941,0.7481751182236479,0.03180204187655384,0.013530126949653535,1.959942208530187,0.04112480718075613,322.8061270172075,0.3561438090630487,0.023006425675200632,0.020562403590378066
16,5,1.9758487518991106,0.026807651874578564,632.0673441242772,0.7444498239718936,0.031348306454432213,0.013403825937289282,1.9599999999999975,0.04102048248768266,327.6581481404701,0.38591623657457774,0.024866444479483468,0.02051024124384133
17,5,1.9756780742140663,0.026789603568539613,641.7178374463167,0.7345174150258899,0.030909235334541905,0.013394801784269807,1.9599999999999997,0.04066673158920359,336.95916952390934,0.3856872346776202,0.0246373737210297,0.020333365794601797
18,5,1.9752492709729204,0.027170425892888237,623.2150296637635,0.7401767859457637,0.031590156924255285,0.013585212946444119,1.959016553969508,0.042403857572372916,312.0933966435913,0.37066546255660915,0.024689219787809046,0.021201928786186458
19,5,1.9749914521047043,0.027266630733623714,648.2989701626534,0.7421992734161824,0.031788634907993336,0.013633315366811857,1.9588007126922886,0.04108668632305301,313.9490440320758,0.35942175307150426,0.023196654372217726,0.020543343161526506
20,5,1.9757040083053117,0.02657927408016129,587.7719491577808,0.7109697656501468,0.02968343284979251,0.013289637040080645,1.9599999999999997,0.04034874298046257,341.83645507449944,0.41348585059773524,0.02620659149460553,0.020174371490231286
21,5,1.974649228136005,0.027093983233592387,646.2200244516338,0.7423201244606875,0.03159249818977232,0.013546991616796194,1.9586230412197974,0.04168950524815125,309.33466473379764,0.3553361674610007,0.023269445375739804,0.020844752624075626
22,5,1.9746974111974498,0.027012760692191745,644.864037964045,0.7353266779782822,0.031201047226259816,0.013506380346095873,1.9587307252808617,0.041648656909762646,325.42997326103915,0.3710818514676475,0.02427675260499429,0.020824328454881323
23,5,1.9743442414034325,0.0273578974562181,660.0471400403035,0.752957782931723,0.03235737045630659,0.01367894872810905,1.9580824903974492,0.041375011592877244,322.07701770056474,0.3674137534574735,0.02387885040414373,0.020687505796438622
24,5,1.9742279351325456,0.02700218401098553,665.9231836788033,0.7501710459231745,0.03181845349602991,0.013501092005492765,1.9581277664492323,0.041103068692543494,322.9794337638543,0.3638404932830355,0.023491197474002728,0.020551534346271747
25,5,1.9740867696721904,0.026999090093735436,633.1711997406006,0.7207750651772789,0.030568122082772996,0.013499545046867718,1.9584472291137713,0.04033368938524374,335.24055182713585,0.3816235335597445,0.024178144840607367,0.02016684469262187
26,5,1.9740411646761356,0.02740617029625601,627.9722922796518,0.7301898717378642,0.03143431737758621,0.013703085148128005,1.9578821574287621,0.040952817371083326,319.34617431346805,0.3713274374183479,0.023886950090965094,0.020476408685541663
27,5,1.9737958678608922,0.026479837283333738,653.9365787761529,0.7058511930166353,0.02935947884216122,0.013239918641666869,1.9584535919627342,0.039783578041398114,374.42509503438004,0.4041498955755035,0.025256094153744368,0.019891789020699057
28,5,1.9735724174706444,0.02704969633523967,653.6572035585067,0.7318217420327157,0.03109478648439024,0.013524848167619835,1.95771425072403,0.04070751305178094,342.3682567349038,0.38330876290574717,0.02450999347823946,0.02035375652589047
29,5,1.974259581272659,0.026457574308871922,650.2077341438923,0.7090363276478572,0.02946716728050548,0.013228787154435961,1.9588253891207563,0.0400609142633754,387.2945034777023,0.42233559836933504,0.026576538981381556,0.0200304571316877
30,5,1.9742651017000195,0.026440353075810677,641.0487311542388,0.7239794653697036,0.030068611618551726,0.013220176537905338,1.9582252165710563,0.04190253005374261,354.8099420957233,0.40071074116908606,0.026374917342341316,0.020951265026871304
31,5,1.9739831438902142,0.02759312283076437,707.9123247230535,0.7598320314276497,0.03293353345900573,0.013796561415382186,1.9577766194472292,0.04082599068229236,322.1430332247334,0.3457696480156264,0.022173971090478056,0.02041299534114618
32,5,1.9746604818049927,0.026705775798143507,672.8881235282033,0.7209666638319221,0.0302440717645723,0.013352887899071754,1.9592374275129179,0.040683095776450386,353.8228749509922,0.37910387896769615,0.024226579328361482,0.020341547888225193
33,5,1.9744536770077101,0.02725744420786522,710.4586020639903,0.7700129773399828,0.032968793430842504,0.01362872210393261,1.9582273712647411,0.04078810437089369,314.4370654045381,0.3407948333862072,0.0218346583574095,0.020394052185446845
34,5,1.9747213364364387,0.02682082199494077,722.5713235303158,0.763817417453066,0.032179664973263515,0.013410410997470385,1.9585521330539586,0.04098838701566618,324.6908300263265,0.34322495674158315,0.02209833557013111,0.02049419350783309
35,5,1.9749996962608964,0.026921886007920108,715.9068225770415,0.7417038942591511,0.03136576738516036,0.013460943003960054,1.9590311916336447,0.04085548630804456,356.76914316006497,0.36962500494237754,0.02372092414342236,0.02042774315402228
36,5,1.9749970647558943,0.02691718505834195,711.6830357250194,0.7620509574816547,0.032220593102434594,0.013458592529170975,1.9591846644674733,0.041224298958421106,340.95636649658013,0.36508686101178434,0.02364119142603581,0.020612149479210553
37,5,1.9753995851898953,0.026755428232380533,721.8869986704116,0.7325222071036617,0.030785951350362186,0.013377714116190266,1.9599999999999864,0.03950456231053871,375.7555889146315,0.3812914124097576,0.023660512936939413,0.019752281155269356
38,5,1.9752154041007204,0.02688436466755935,722.0022402561425,0.764668245418962,0.03229183392010053,0.013442182333779674,1.9589880664398518,0.04086487205120004,340.02727957207156,0.36012085388089177,0.023116298386526433,0.02043243602560002
39,5,1.9754754741630323,0.026853628613036088,726.0115577403338,0.7478941725186429,0.031547358756983994,0.013426814306518044,1.9595117842275191,0.0407757760152608,359.32962748797087,0.37016013250255475,0.023708919056300494,0.0203878880076304
40,5,1.9754567373523113,0.027119955040580724,752.2323209220888,0.7644214463928545,0.03256429686613609,0.013559977520290362,1.9592589558518565,0.04130226402446358,355.91091171690385,0.361678069865618,0.02346474894723021,0.02065113201223179
41,5,1.9757180641242063,0.02687533889188371,764.8410010118248,0.7498808236569566,0.03165673159876218,0.013437669445941856,1.9595586483504996,0.041053178542490666,371.2592346172637,0.3639974586570847,0.023472806387537078,0.020526589271245333
42,5,1.9759844470603967,0.027101286086108536,754.6614931306001,0.7634768925831952,0.03250166988857412,0.013550643043054268,1.9599999999999997,0.0399655722707452,369.44350893406533,0.3737590757624613,0.023463762833942796,0.0199827861353726
43,5,1.9762329415347206,0.026743586170458605,785.8191278088867,0.7515442337762054,0.031571416486417536,0.013371793085229303,1.9599999999999997,0.04001066377318001,392.0105958364252,0.3749123589056878,0.023562718262423128,0.020005331886590004
44,5,1.9763869067436113,0.026946524863955327,780.738613388276,0.758632963776666,0.032111038501048364,0.013473262431977663,1.9599999999999997,0.04020640119048938,387.54996676327204,0.3765769680856731,0.023783120341428002,0.02010320059524469
45,5,1.9763230821845439,0.026948080033657548,834.6111382259148,0.7491039245773013,0.03170952802480702,0.013474040016828774,1.9599999999999997,0.039417161907107354,396.57058986455905,0.35594131402433327,0.02203858097612575,0.019708580953553677
46,5,1.9765727823666583,0.026976714041099685,816.7634836545868,0.7598822354818565,0.03219995146438762,0.013488357020549843,1.9599999999999997,0.040033906483953795,379.32583387596605,0.35290872864682055,0.022192705368661112,0.020016953241976897
47,5,1.9767538351201086,0.027397790651725984,877.6593378122808,0.7884420047244554,0.033931665216950145,0.013698895325862992,1.9599999999999997,0.039117012705123924,370.69799242738725,0.33301516397617764,0.020462070085899862,0.019558506352561962
48,5,1.9768733527252356,0.027561573151021843,880.4983907556197,0.8015396868213163,0.03470155290592703,0.013780786575510922,1.9599999999999773,0.03901992250393935,355.34885756056326,0.32348294442307424,0.01982703015301012,0.019509961251969674
49,5,1.9773707902140223,0.0278296339626663,980.3687095220879,0.8129649218635827,0.03553850694239485,0.01391481698133315,1.9599999999999997,0.03889749184620848,368.2398710621356,0.3053607230600214,0.018657551573062574,0.01944874592310424
50,5,1.977886425877157,0.028273892536192086,1160.0692498514409,0.8310049744924253,0.036907030484553564,0.014136946268096043,1.9599999999999997,0.03734226700537382,384.75637580586937,0.2756167033160304,0.016166875383231836,0.01867113350268691
51,5,1.977922385958345,0.02906274174309341,585.0264807404899,0.8941228512954267,0.040818181655208306,0.014531370871546705,1.9599999999999997,0.03368452941416423,127.80772386335508,0.19533441688594752,0.010335443850138857,0.016842264707082114
52,5,1.9781955098265989,0.028873350775546227,559.3704325123168,0.8950973240018193,0.04059638128743951,0.014436675387773113,1.9599999999999997,0.032594464039821046,103.19339397161843,0.1651287330004295,0.008454469658878274,0.016297232019910523
53,5,1.9791278649743613,0.02942904080710283,430.9437985243673,0.8980561736100942,0.04151446896151717,0.014714520403551415,1.9599999999999997,0.03185039712727074,69.62507146452658,0.14509368850617432,0.007259107869671785,0.01592519856363537
54,5,1.9795775808715168,0.029399423969333045,240.51475603563324,0.8858317528200026,0.04090815962218593,0.014699711984666523,1.9599999999999997,0.033839478797754056,39.44500356946504,0.14527855682482005,0.007722271372688757,0.016919739398877028
55,5,1.9801034362100105,0.030618255451172544,141.46648148191787,0.8906351200925156,0.042835134572340894,0.015309127725586272,1.9599999999999997,0.03995956948098583,19.23657213953077,0.12110831172293787,0.007601768287874285,0.019979784740492914
56,5,1.978720520444093,0.03744245240303958,28.662342356083943,0.7771933298819665,0.04571021122049466,0.01872122620151979,1.9000000000000001,0.09999999999999999,3.955034519408266,0.10724268134647325,0.016845640993467574,0.049999999999999996
57,5,1.9794249578734469,0.06806433760198904,4.951169542509018,0.3279309100525364,0.035060802602680775,0.03403216880099452,1.9000000000004673,0.099999999996507,2.627223626456558,0.17400895431644467,0.027333262626014473,0.0499999999982535
58,5,1.9841761243548555,0.07325474493289937,4.260077527445835,0.2951916471565081,0.033967196366447,0.03662737246644968,1.9000000000000505,0.09999999998918643,3.6436727775646576,0.25247938845693124,0.039659369593668344,0.04999999999459322
59,5,1.9854312042561553,0.07560088577768953,3.1268558203796912,0.18968966176103125,0.022526329018452203,0.037800442888844765,1.9000000000000001,0.09999999999999999,3.016940562233114,0.1830216894150377,0.028748979745693765,0.049999999999999996
60,5,1.9843535729377166,0.08682001975661953,3.194495858123778,0.25075767599022675,0.03419747128278813,0.043410009878309765,1.900000000000001,0.09999999999990533,3.4467471957848783,0.27055859670091265,0.042499244988017305,0.049999999999952666
61,5,1.9864002649052788,0.08491962878059231,3.0901999068337096,0.21675673637727483,0.028913493403442122,0.042459814390296155,1.9000000000000221,0.09999999999999515,3.551836954988123,0.24913746997561226,0.03913442227046465,0.049999999999997574
62,5,1.9862681572449825,0.09999999999999834,3.081182454601106,0.2485817254948823,0.039047126131569194,0.04999999999999917,1.9000000000000008,0.09999999999999998,2.7490455819266093,0.2217857930480356,0.03483803090551474,0.04999999999999999
0,6,1.976379421984355,0.04467768520536337,4.0966509172316234,0.28413037754037906,0.01994014027842742,0.022338842602681683,1.900000000000058,0.09999999999999945,3.0984569793936436,0.2148988940318741,0.03375623933775517,0.049999999999999725
1,6,1.9775147828817206,0.04585186014209751,6.4896262303080166,0.35380196215879584,0.02548220899042073,0.022925930071048754,1.9000000000000001,0.09999999999999999,3.0204230178256952,0.16466766379634812,0.02586593614332006,0.049999999999999996
2,6,1.9767386290499998,0.047866545093976934,8.749848295979447,0.5274587933957591,0.039658884651661265,0.023933272546988467,1.9000000000000001,0.09999999999999996,3.8221161575482716,0.23040499771924067,0.036191932409256965,0.04999999999999998
3,6,1.9768653521338428,0.0366855802676944,29.191029643221466,0.723381334202331,0.04168526513296661,0.0183427901338472,1.9000000000006756,0.09623435052681023,2.7806192099412868,0.06890637495765908,0.010416202149276603,0.048117175263405115
4,6,1.978064993522734,0.0277036233639514,606.7737582099539,0.7815145797868888,0.03400897444849019,0.0138518116819757,1.9599999999999997,0.042883604778756156,248.81346453321854,0.3204676331976684,0.021587151268209703,0.021441802389378078
5,6,1.9774850806281583,0.027766398167579306,615.3856444915679,0.7782583370384026,0.033944014624429905,0.013883199083789653,1.9599999999999997,0.042540370753435974,254.82193437075532,0.32226506526349497,0.021534479374092773,0.021270185376717987
6,6,1.977604594040905,0.027637941245205265,734.338946939455,0.8011301941535021,0.03477992704095581,0.013818970622602633,1.9599999999999997,0.0411938120035417,281.66669336550547,0.30728547584592014,0.019883548505475676,0.02059690600177085
7,6,1.9774364397314474,0.02772416562587042,791.7483324808472,0.8043205539520946,0.035027369902649375,0.01386208281293521,1.9599999999999997,0.04007263539633128,304.05855421005344,0.30888671907877896,0.01944316750700286,0.02003631769816564
8,6,1.9774029643973343,0.02774333046538936,827.799107978952,0.8120346137369752,0.03538775516578179,0.01387166523269468,1.9599999999999997,0.03938527250015154,325.88431478271724,0.3196782179720001,0.019777289794763554,0.01969263625007577
9,6,1.9770277677662524,0.028354685329355523,692.794341131504,0.8089295479925079,0.03602926547763847,0.014177342664677762,1.9599999999999997,0.03756785869223726,236.25583874452553,0.2758601182193017,0.01627890679792265,0.01878392934611863
10,6,1.976629834164872,0.02783805617367152,668.4977231871047,0.7914497626335408,0.0346084490415577,0.01391902808683576,1.9599999999999997,0.039340863971534634,278.5230261110848,0.3297497886045841,0.02037737773976159,0.019670431985767317
11,6,1.976401500424811,0.027877240663051535,665.5774117782657,0.780179069577316,0.034163625804453576,0.013938620331525767,1.9599999999999997,0.03911258415378788,275.66864522439164,0.3231343241775384,0.019852695432893124,0.01955629207689394
12,6,1.9760840279495244,0.027087856659416848,641.2786272531224,0.7427491605694788,0.031603609672040366,0.013543928329708424,1.9599999999999997,0.04081637484930343,320.5810989079792,0.3713071541589931,0.02380606548241309,0.020408187424651714
13,6,1.9759691928749314,0.026840368444614376,625.3717928451671,0.7365637940773508,0.03105408357405567,0.013420184222307188,1.9597580613828984,0.04135349735953941,325.0418126076537,0.3828347128335353,0.024868147320376597,0.020676748679769704
14,6,1.975687437331937,0.027475324498908996,613.9824484192205,0.7379844147446007,0.031850033804067694,0.013737662249454498,1.9594258097244055,0.04179607076043057,303.4129470654041,0.36469124930605623,0.02394311632046626,0.020898035380215285
15,6,1.9756373000269136,0.026937030545692152,648.4532883416927,0.7358656781522334,0.03113638173095891,0.013468515272846076,1.9597711542557346,0.04095075110103168,337.05960122856635,0.38249569628997604,0.024604146361546855,0.02047537555051584
16,6,1.9752922928338055,0.02721134763945113,633.6700756269935,0.7524873397319326,0.03216393125771237,0.013605673819725566,1.9592741505494375,0.04107698620973856,314.9535101804929,0.37400934355382315,0.02413242144575293,0.02053849310486928
17,6,1.9752999271678375,0.026889108202102604,607.8883202393016,0.7199973685030983,0.03041075377679367,0.013444554101051302,1.9596343760937518,0.041483263267561334,336.18058406505133,0.3981802706348863,0.0259461262619385,0.020741631633780667
18,6,1.9748502656164986,0.027320367005186117,626.300088812712,0.7664850831558894,0.03289350203174095,0.013660183502593059,1.9580715326273885,0.04156745352258515,290.8819153504048,0.3559901284679078,0.023244020625618905,0.020783726761292576
19,6,1.9745378981376616,0.027631476063562532,631.2849614140199,0.7580550474012709,0.032902182442798446,0.013815738031781266,1.958050412830213,0.04150633860081262,293.3198372682945,0.35222220824982253,0.022964185017335378,0.02075316930040631
20,6,1.974790346961477,0.02711303505000794,604.2174855062112,0.7427981723940001,0.03163507286036963,0.01355651752500397,1.95862164831463,0.04157376134151107,311.9399792805498,0.3834851722506676,0.02504308179098174,0.020786880670755535
21,6,1.9743180055728784,0.027396894012482575,613.1618410238934,0.7384742614120992,0.03178019588617462,0.013698447006241288,1.9578669668985766,0.041937145564039324,301.3713399929874,0.3629628636714585,0.023910074912567462,0.020968572782019662
22,6,1.9743924085343565,0.027056458360165157,608.446142782834,0.7181832658375129,0.03052292195517992,0.013528229180082578,1.9584780841435254,0.04154795068314361,335.58101948826624,0.3961051859526467,0.02585115864386881,0.020773975341571806
23,6,1.9736127093813371,0.0278927901548269,636.4183110002314,0.7839887344227132,0.034349597989511996,0.01394639507741345,1.9564270777252153,0.04131425414473718,275.2780788434041,0.33910858458420096,0.02200688519941926,0.02065712707236859
24,6,1.9735238688517964,0.02700766356076255,598.513893844992,0.7393347331880721,0.031365195677900394,0.013503831780381274,1.957211847845642,0.04151101789945696,317.65284331584655,0.39239152603561395,0.025586028533613712,0.02075550894972848
25,6,1.972558547514507,0.028163856385415652,611.2315438302353,0.768283240433134,0.03398860636453335,0.014081928192707826,1.9554244741453843,0.04174841813054947,268.25302048543074,0.33717876951023923,0.02211159763685414,0.020874209065274735
26,6,1.9725892027991585,0.026477486928374018,598.3636145013575,0.7049853308867008,0.02932086104367844,0.013238743464187009,1.956924164561816,0.04143878228414114,355.562653164619,0.41891994870226773,0.027268289962463704,0.02071939114207057
27,6,1.971902527888499,0.027328761202038723,610.7175344125596,0.7388140135644251,0.03171574717877888,0.013664380601019361,1.9559021757793498,0.0407048883256008,327.60361193276117,0.3963176521909734,0.025340189661252448,0.0203524441628004
28,6,1.9720400908436246,0.027491696978386437,649.4923165981533,0.744057980524821,0.03213129315614104,0.013745848489193219,1.9556928413288748,0.041059939686740474,323.23522692845887,0.3702980682551698,0.023883041351557045,0.020529969843370237
29,6,1.9729963394296939,0.027052303062516356,606.1620944992663,0.7145244042344977,0.030362755867649666,0.013526151531258178,1.957446080495251,0.040491583499723593,351.08465181868814,0.4138473090829796,0.02632235692201181,0.020245791749861797
30,6,1.9739783841801377,0.026002101949914643,569.8765930460288,0.6634763205963274,0.027099030973136127,0.013001050974957322,1.959145718265808,0.04020606536902341,396.81799236933534,0.4619936048195668,0.029177455494927958,0.020103032684511704
31,6,1.973979492888624,0.026943906131379456,608.0358111761655,0.7098744601551492,0.030044292762619825,0.013471953065689728,1.958706450357349,0.040254895539339974,345.5201593023153,0.4033906096468202,0.02550729266936342,0.020127447769669987
32,6,1.974119015550806,0.027008367605336397,589.0101520160244,0.7162598527236833,0.03038706971252477,0.013504183802668199,1.9580561549064865,0.04160860630500296,315.30835459731605,0.38342754340213187,0.025060305055530127,0.02080430315250148
33,6,1.974418419627208,0.026988614119511357,629.8170427962413,0.7193683473995651,0.030496625427693224,0.013494307059755678,1.9586314576941661,0.04091819654385351,318.34923351701156,0.3636141076689479,0.02337098872751502,0.020459098271926754
34,6,1.974539959182255,0.02711769726052597,639.9261842412265,0.7540658081773045,0.032120473143047626,0.013558848630262984,1.9583890968112534,0.04113736355289395,307.5119525816906,0.3623609328045286,0.023415190789171217,0.020568681776446975
35,6,1.974624217126662,0.02723247728337718,672.6276232711697,0.7748044928645492,0.03314356020159779,0.01361623864168859,1.9582403888078677,0.04110282743971279,311.90941896849165,0.3592906547730789,0.023197303044669475,0.020551413719856394
36,6,1.9751967839346096,0.026470756404677342,630.4066328240433,0.7256893218805146,0.03017428314162238,0.013235378202338671,1.9599644762148174,0.04001319727221842,348.6313673093064,0.4013251881497621,0.02522432481797724,0.02000659863610921
37,6,1.9750278554182268,0.026653688256623433,657.2635851861697,0.7438384543848323,0.031142668099561423,0.013326844128311716,1.9591377786221105,0.04081679546892371,336.5768332686759,0.38091078995255645,0.024422046691353106,0.020408397734461854
38,6,1.9749705421329142,0.026782519216841875,669.1938229177672,0.7516840344275552,0.03162325923710881,0.013391259608420938,1.9589958930092992,0.04141697376121858,340.3370111922147,0.38228968779560396,0.024870861157408268,0.02070848688060929
39,6,1.9752875866109112,0.026836772232226146,638.6176855607514,0.7368578248826362,0.031062317685117323,0.013418386116113073,1.959358237120922,0.04151326634142077,330.99976064986174,0.38191827314486143,0.024904465242659324,0.020756633170710383
40,6,1.9753211657213172,0.026967397475830823,686.3390123087611,0.7473260448357106,0.031656947160429494,0.013483698737915412,1.959185442520247,0.0405707272328679,338.54852010448235,0.36863142263119214,0.023492272069110073,0.02028536361643395
41,6,1.9751215790914693,0.027529716280853083,702.4023563480969,0.7519547713739233,0.03251721421559168,0.013764858140426542,1.9585627586997978,0.04149156540262776,333.32319997249823,0.3568381688411224,0.02325685576111288,0.02074578270131388
42,6,1.975444707942234,0.026762855623232672,678.6676226307362,0.7112467524384772,0.029900098888247153,0.013381427811616336,1.9597421770270802,0.04043417336737614,361.7175214513926,0.37908160615521114,0.02407693265111624,0.02021708668368807
43,6,1.9757005221609165,0.026580649094376758,667.4548040009474,0.7281467997164754,0.03040215747694654,0.013290324547188379,1.9599999999999997,0.039461483478099725,362.5162617181511,0.3954800448404253,0.024514207589483437,0.019730741739049863
44,6,1.975810802068674,0.026806094261820526,657.269442632881,0.7419853889193367,0.031242715258898785,0.013403047130910263,1.9599753810712983,0.040731392936368786,341.7127458606241,0.3857563552938641,0.02468097028582958,0.020365696468184393
45,6,1.9758302327877904,0.026865843668930953,682.2102133037761,0.7521884375422916,0.03174293015976345,0.013432921834465476,1.9599999999999982,0.0403004176712216,341.1204111295209,0.3761110931170491,0.023809241876083236,0.0201502088356108
46,6,1.9760460133787883,0.027057934127634072,716.4423060897673,0.7578184340292745,0.03220918067375297,0.013528967063817036,1.9599999999999962,0.039586973617871994,345.14476390667227,0.36507763747885935,0.022701649289972002,0.019793486808935997
47,6,1.9760706048106476,0.02752034860650255,786.8216956334572,0.7689083921438983,0.03323903516155228,0.013760174303251275,1.9599999999999997,0.03900433598840635,336.0495824759767,0.3283988552631419,0.020120297616982852,0.019502167994203175
48,6,1.976608128598243,0.02752145949975888,909.9833192774452,0.8040046687208666,0.0347576102538049,0.01376072974987944,1.9599999999999997,0.039352389776984686,366.2526369647374,0.32359805263770647,0.02000308072605617,0.019676194888492343
49,6,1.9772156744501457,0.028068044461221374,1031.8087213416056,0.822089975868116,0.03624527385942955,0.014034022230610687,1.9599999999999997,0.037868913102848144,382.66126939451414,0.3048840227994629,0.01813582780016647,0.018934456551424072
50,6,1.977887521903001,0.03006678572274454,758.7650941135875,0.879755909699107,0.04154981289203237,0.01503339286137227,1.9599999999999997,0.03417102187116293,174.38814994939622,0.20219565540070622,0.01085299650253762,0.017085510935581465
51,6,1.9774339765210789,0.0281985397822093,568.8423503021495,0.8821479202979887,0.039074003516738336,0.01409926989110465,1.9599999999999997,0.03263413828258319,128.78452931423718,0.19971615095248366,0.01023776635653314,0.016317069141291596
52,6,1.9783998877308493,0.02944005174918329,513.3356623981746,0.9108976954586326,0.042123849205597724,0.014720025874591645,1.9599999999999997,0.031186272135882015,95.11900390313578,0.16878562663055527,0.008268349041610633,0.015593136067941007
53,6,1.978869405034138,0.029219303204283405,352.5939076031339,0.9107774169854451,0.041802474025494085,0.014609651602141702,1.9599999999999997,0.032595260700450844,64.90927687090209,0.1676656977108468,0.008584570201273152,0.016297630350225422
54,6,1.9794344404605164,0.029627539629333885,229.64687488664904,0.8758885731266243,0.040762829773069185,0.014813769814666942,1.9599999999999997,0.0369048249258147,37.332592111662386,0.1423890085677942,0.008254285620146672,0.01845241246290735
55,6,1.97979172293507,0.0311439744039926,98.10262095626318,0.8567313378933253,0.041912017214322375,0.0155719872019963,1.9599999999999993,0.0493153436389794,12.524485510007306,0.10937647865899429,0.008472778988672951,0.0246576718194897
56,6,1.9783089650156864,0.04074945865643457,19.081664430617135,0.7371339004571732,0.04718327753036273,0.020374729328217284,1.9000000000000001,0.09999999999999999,3.5204516043734717,0.13599674346744614,0.021362318509473222,0.049999999999999996
57,6,1.9781939271721318,0.04686804479855904,5.87819349530807,0.3999922011464099,0.029447486892662567,0.02343402239927952,1.9000000000000006,0.09999999999999992,3.335287763999734,0.22695562765053603,0.0356501066258892,0.04999999999999996
58,6,1.982248191729407,0.08740772323203903,4.537642144511545,0.30445055999310855,0.04180097986392994,0.04370386161601952,1.9000000000000024,0.09999999999918609,3.0855663518989425,0.20702434740645423,0.032519308446052206,0.049999999999593044
59,6,1.9840060937108426,0.08534401807289076,3.444401235360027,0.2101647950388414,0.02817428682646055,0.04267200903644538,1.900000000000006,0.09999999999954169,3.243819783351431,0.19792604674284808,0.03109015071992759,0.049999999999770846
60,6,1.9949014384579842,0.09999999999845978,3.03070876793768,0.24400760702381652,0.03832862528171201,0.04999999999922989,1.9000000000000032,0.09999999999999994,3.162870306875314,0.25464816120636213,0.0400000396248028,0.04999999999999997
61,6,1.9939337156910921,0.09999999999997879,2.945551959659287,0.20851636423394915,0.032753673901524456,0.04999999999998939,1.900000000000034,0.07674255652135195,3.4945934567840076,0.2473831499372485,0.029821278242560822,0.038371278260675976
62,6,1.990387403423225,0.09999999999526564,2.929807120836995,0.23628220754089202,0.03711512236746509,0.04999999999763282,1.9000000000000001,0.09999999999999992,3.0112901572713366,0.24285362706844812,0.03814735853479357,0.04999999999999996
0,7,1.9847463632950046,0.07247246073999537,4.3616218952332915,0.2996404204143008,0.03411090818595026,0.036236230369997686,1.9000000000000001,0.07760945333286784,3.4696394086719113,0.23836183788344398,0.02905836849011727,0.03880472666643392
1,7,1.9814929303937097,0.058259343100243555,5.7562972018696,0.39975727416460205,0.03658321215151698,0.029129671550121777,1.9000000000000017,0.09999999999999958,3.0954363975188635,0.21496861145740198,0.03376719052534849,0.04999999999999979
2,7,1.9767140690935168,0.04477307107145868,7.312695126127798,0.5042001091639683,0.03546007884404997,0.02238653553572934,1.900000000000714,0.09999999999990528,3.803427141780198,0.26224098598490675,0.041192717751977324,0.04999999999995264
3,7,1.9765458232507696,0.046997033547980904,13.16029837650139,0.5918742006422257,0.04369379160235388,0.023498516773990452,1.9000000000000026,0.0999999999999935,3.7521754104139218,0.1687511755564428,0.026507372670636388,0.04999999999999675
4,7,1.9801693109901932,0.03137670550335493,390.4467679376761,0.8225239193246009,0.04053925420841594,0.015688352751677466,1.9599999999999997,0.04258302798434877,128.65985747675546,0.27103774168881734,0.018129515041963747,0.021291513992174386
5,7,1.9776029591307889,0.02798711009043365,616.0758443416474,0.8046685019905923,0.035374876698790136,0.013993555045216825,1.9599999999999997,0.04077189235298882,254.1306908255776,0.3319249799754372,0.021257915855325462,0.02038594617649441
6,7,1.9774596890703366,0.027511733517298093,688.0379180113358,0.8021854167560492,0.0346667074683824,0.013755866758649047,1.9599999999999997,0.04023376535980716,281.3929588048691,0.32807687196010427,0.020734146910537436,0.02011688267990358
7,7,1.9772906706858848,0.02782724674705096,774.1490093597001,0.7914863971519028,0.034596612022542245,0.01391362337352548,1.9599999999999986,0.041199636722543474,281.2956388969186,0.28759537126994716,0.018612090503160466,0.020599818361271737
8,7,1.9772189583049753,0.027725863328228035,863.3458652683752,0.811516583472385,0.03534291402585358,0.013862931664114017,1.9599999999999997,0.03956509095153445,314.1113023952898,0.29525424421954904,0.018349667310722524,0.019782545475767226
9,7,1.9767859241899541,0.027678462446115094,822.4148034932653,0.7981169550747144,0.034699912141415816,0.013839231223057547,1.9599999999999997,0.04089846526451948,323.52571238994415,0.31396730137184903,0.02017025126567586,0.02044923263225974
10,7,1.9768100367737678,0.02794269574985465,690.2739165000204,0.7867894077208426,0.03453398400962293,0.013971347874927325,1.9599999999999997,0.03847721120353693,278.48196838137096,0.3174198788716751,0.019184813682624,0.019238605601768464
11,7,1.9764187302809506,0.027377764378545166,633.2132076522493,0.7560918372092251,0.03251564759082498,0.013688882189272583,1.9599999999999997,0.03963462018447246,297.42321277286294,0.3551398812540315,0.022110268824221922,0.01981731009223623
12,7,1.9760174127576877,0.02711829963533497,625.0053357943622,0.7182546883888338,0.030595728721674268,0.013559149817667485,1.9599999999999997,0.04137658437560775,335.2814114596117,0.3853046236868048,0.02504256066851108,0.020688292187803874
13,7,1.9753994994111814,0.02731907098491945,635.4914487681988,0.7290724652910195,0.031286465323504375,0.013659535492459724,1.9589661608350482,0.041701825850049036,335.855373091131,0.38531266678004034,0.025239935084205155,0.020850912925024518
14,7,1.9749689832852682,0.028040488136862586,603.5468406425287,0.7592698760811868,0.03344272182083393,0.014020244068431293,1.9579173989982872,0.04250168301767917,283.179745449224,0.3562438501161525,0.023783369370268315,0.021250841508839585
15,7,1.9749621104171897,0.027380548943249396,607.205093524586,0.7471691580175658,0.03213519684426971,0.013690274471624698,1.958269730342686,0.041335045387921696,315.4038684473773,0.3881061692934695,0.02519932119515632,0.020667522693960848
16,7,1.9756349511363118,0.02747317525193985,510.3680354121799,0.7145212417168597,0.03083499468123116,0.013736587625969925,1.9599999999999915,0.040638332890479786,291.7971870807916,0.40851948785168435,0.026077655234967162,0.020319166445239893
17,7,1.9750448246375802,0.027485012925644148,528.9944681762453,0.7220185228479389,0.031171963696992846,0.013742506462822074,1.958182026174313,0.04233055424823915,280.30182664686816,0.38258076974771454,0.02543882036197249,0.021165277124119575
18,7,1.974963527319527,0.027595927129054315,548.3735237423609,0.720454677531321,0.031229967468652708,0.013797963564527158,1.9588158313160982,0.041477657707740784,309.0269863995833,0.4060005237225663,0.026452132784849768,0.020738828853870392
19,7,1.9743822124643404,0.027538427702993837,604.8144203583158,0.7428169188330409,0.0321322253937679,0.013769213851496919,1.958033007622478,0.041908086527904946,313.25574075131857,0.38473233494300724,0.025326571185358783,0.020954043263952473
20,7,1.9743278914937956,0.028510696779765195,553.177153705379,0.7523387787176641,0.03369311436229352,0.014255348389882598,1.9574134647906076,0.04247633667331941,259.3409609893396,0.3527120752461543,0.02353353996716635,0.021238168336659705
21,7,1.9740202960176618,0.02714677415051904,598.9212716275584,0.7342680651108039,0.03131069783674952,0.01357338707525952,1.9570423381887623,0.0423707111246689,311.1986163653703,0.3815246122128977,0.025392659531928805,0.02118535556233445
22,7,1.9739163922072296,0.027141231708650397,595.1290395394138,0.735991051483985,0.03137776194027194,0.013570615854325199,1.9572221536414545,0.042202244766367414,314.6293418105564,0.3890994468797546,0.025793842429066502,0.021101122383183707
23,7,1.9729054227091138,0.028196731317568093,616.5595674132634,0.7920030928750781,0.03507886399668273,0.014098365658784046,1.9547599921666496,0.04423193993415824,254.81788398537583,0.32732693303748256,0.022742468690693535,0.02211596996707912
24,7,1.9729676897406123,0.02689097128982187,598.1854454196972,0.7053699479088484,0.029794995130889377,0.013445485644910935,1.9566872850711357,0.04167506621951346,342.08337271972977,0.40337880609332116,0.02640640329622206,0.02083753310975673
25,7,1.971697762429037,0.027570379145847274,585.7325272975585,0.7199876334295001,0.03118082864462326,0.013785189572923637,1.9550156291343332,0.04264190240747632,329.98491943975216,0.4056203986331728,0.02716916156825006,0.02132095120373816
26,7,1.9704380444275817,0.027351602626268064,631.276811497563,0.712908685033253,0.030629263978603057,0.013675801313134032,1.9539140595552444,0.041858931393653986,359.85408254257595,0.4063876513706949,0.026720742201723584,0.020929465696826993
27,7,1.9704012470027934,0.02713230031934099,605.4727219850809,0.6834800562243794,0.029129453643567452,0.013566150159670495,1.9548905440725228,0.04015688097232337,397.542247187235,0.44876042733729066,0.028307036394193883,0.020078440486161683
28,7,1.970931624876386,0.02741634393127847,625.2315344246845,0.7191681309152512,0.030971329634108105,0.013708171965639235,1.9545517974904802,0.04158405146959357,343.2389107580508,0.3948081187785791,0.025788896048334366,0.020792025734796785
29,7,1.9726637192446774,0.026837034801123927,527.1541087359097,0.6553926092870781,0.027628413422385884,0.013418517400561963,1.9571908273452625,0.040336066504238606,381.4529890849691,0.4742474082887161,0.03004819490455803,0.020168033252119303
30,7,1.9727846615013143,0.027174477636040743,596.6922728205238,0.7135839324004041,0.03045973664992667,0.013587238818020372,1.9567301775101462,0.0401712944614085,354.83280078619663,0.42434433436315516,0.026776518651529007,0.02008564723070425
31,7,1.9740504223086905,0.027161311405485514,502.5941915583184,0.6761892253763784,0.028849537693713494,0.013580655702742757,1.958406643661406,0.04116747434591328,332.2448444683289,0.4470015527234087,0.028905676124208003,0.02058373717295664
32,7,1.9744568958069197,0.0272755089317701,557.3117576976105,0.7247855200723571,0.031052905964310422,0.01363775446588505,1.958721193780148,0.04077115061893298,302.8713416501229,0.3938850380257069,0.025225647881099367,0.02038557530946649
33,7,1.9743386590920928,0.027319109061871558,612.4239272704281,0.741258105979913,0.031809428357762404,0.013659554530935779,1.9578360379655435,0.042505548939955104,306.7822927347585,0.3713193608784772,0.02479208775981883,0.021252774469977552
34,7,1.9753470568912967,0.026787955873011575,533.4872615641588,0.6974748669305098,0.029348642264728626,0.013393977936505787,1.9599999999999997,0.04086686023536459,332.5103532124652,0.4347200600065122,0.02790620823435191,0.020433430117682293
35,7,1.9753032669879145,0.027338630977094158,515.7703590834761,0.7114169745032659,0.030550678726886493,0.013669315488547079,1.9596199643192338,0.04096328609948275,282.9239156974012,0.39024514025530893,0.02511031548668411,0.020481643049741375
36,7,1.9744799383860174,0.02768211875932503,564.1448066038357,0.7389207053959774,0.032130467208745614,0.013841059379662514,1.957600474699335,0.042226824515004965,281.0070385938385,0.36806493075599295,0.024413651469478336,0.021113412257502483
37,7,1.9747783378538795,0.026886641120221228,551.7469433504441,0.7140785669245938,0.030157992248877115,0.013443320560110614,1.9590604451715068,0.041436378645119336,316.6277609832259,0.4097840514321407,0.02667206997785341,0.020718189322559668
38,7,1.974346808192496,0.027529951871649805,602.7754413581547,0.7474292282052065,0.03232179013766605,0.013764975935824902,1.958026677120556,0.04140175051314494,300.0744510981554,0.37208618666189297,0.024198147996993692,0.02070087525657247
39,7,1.9749780917856756,0.02734382917951553,561.0922599271129,0.7453889498614633,0.032015637908182924,0.013671914589757765,1.9585538775263254,0.04189231717850524,292.06246836205594,0.3879934765356048,0.02553163833063534,0.02094615858925262
40,7,1.9747258902505134,0.027180444306908826,597.9591183735859,0.7398457121167312,0.031587669825440284,0.013590222153454413,1.9581515557474019,0.04233956014377453,297.82472186038956,0.36849399341896677,0.02450736573725761,0.021169780071887266
41,7,1.9750857534042623,0.026952018029195873,616.110272854835,0.7274267176160154,0.030796432751676185,0.013476009014597936,1.9589595605951937,0.04165899744595659,330.39086682846136,0.39008462344526484,0.025526279636866572,0.020829498722978294
42,7,1.9751455610535076,0.02680215210207715,625.5524021075163,0.7299894598367854,0.03073308336418077,0.013401076051038576,1.9587582407266158,0.04159957920944931,338.3332338321559,0.3948185536141844,0.025799207639046064,0.020799789604724655
43,7,1.974816260636801,0.027552352793116998,664.365685791314,0.7620378820425455,0.0329803400382496,0.013776176396558499,1.9579821036802496,0.04141630373333717,304.75767396065095,0.3495618412690503,0.02274129711325445,0.020708151866668585
44,7,1.975236703847878,0.027181709040235952,656.4711037158398,0.7469834389904952,0.03189389864691617,0.013590854520117976,1.959357254159798,0.04107779447101843,327.32427922695905,0.37245480323209446,0.02403258981418764,0.020538897235509217
45,7,1.9755929004727162,0.02678576696141039,681.6978707695939,0.7388413703383426,0.0310867390966064,0.013392883480705196,1.9599999999999764,0.03987852271176331,358.0594122164948,0.38807383465334466,0.024309347432785705,0.019939261355881654
46,7,1.975807490387255,0.026688610793200267,784.781530540684,0.7363990689575829,0.03087159556291028,0.013344305396600134,1.9599999999999997,0.03931218750582887,396.780211347493,0.3723183674006449,0.02299119522581699,0.019656093752914435
47,7,1.9759317702299717,0.026697241206143637,839.0698411414323,0.7681748595732422,0.032214125926772266,0.013348620603071818,1.9599999999999997,0.03971418356972908,397.3578987095141,0.3637841965887661,0.0226939108557106,0.01985709178486454
48,7,1.9761275848758506,0.027170348337302443,984.4898262841734,0.7808824488692466,0.03332734713431534,0.013585174168651222,1.9599999999999997,0.03804270045545677,428.51593946869633,0.33989236583053634,0.020311061675479435,0.019021350227728384
49,7,1.9765600789481488,0.02804960614976536,649.2367550286798,0.8226236095113132,0.03624497582046153,0.01402480307488268,1.959999999999997,0.03668674564782091,224.18221115747065,0.28405289488337626,0.016369231301689147,0.018343372823910454
50,7,1.9761877957206213,0.027714262378232064,583.1540932155268,0.8502452040644547,0.03701411689373364,0.013857131189116032,1.9599999999999995,0.03283141494451038,150.47252419300864,0.2193906268120691,0.011314296250987853,0.01641570747225519
51,7,1.9766415082364581,0.028027825767927665,526.7506441003084,0.8674126794233585,0.03818871562432674,0.014013912883963833,1.9599999999999997,0.03187037797342736,129.11618572090364,0.21261866096886176,0.010644088329334927,0.01593518898671368
52,7,1.9772815799754437,0.02842353314307513,412.4260731602448,0.8623941908975542,0.03850381488499984,0.014211766571537564,1.9599999999999997,0.032965819572264576,91.6703146414525,0.1916851333349701,0.009925952341545412,0.016482909786132288
53,7,1.978429568960115,0.02962490538450807,252.54253036754102,0.885944995026968,0.04122717796832433,0.014812452692254036,1.9599999999999997,0.03414918440434503,45.88326123233348,0.16096316761038307,0.008634291820048379,0.017074592202172514
54,7,1.9790267680556264,0.030725611332190563,130.27983842652947,0.8798421987473288,0.04246442006008142,0.015362805666095282,1.9599999999999997,0.04430323375890161,19.48313724460393,0.13157896508641645,0.009156758713758591,0.022151616879450806
55,7,1.9783062642412759,0.0342995392127625,56.07339730068912,0.8318466716348852,0.044817894088706525,0.01714976960638125,1.9000000000000004,0.09999999999999999,4.057480924289323,0.06019257196051204,0.00945502709359098,0.049999999999999996
56,7,1.978745447142411,0.046338679622581896,14.018242121503855,0.6355278487522315,0.04625920000102403,0.023169339811290948,1.900000000000004,0.0999999999999738,3.7101519004055317,0.16820260595953943,0.026421203559850465,0.0499999999999869
57,7,1.976724058722373,0.0647654243772794,5.082780151549168,0.30440824810577755,0.03096845280063249,0.0323827121886397,1.9000000000000001,0.09999999999999999,2.741310087407352,0.16417735497924882,0.025788918614430587,0.049999999999999996
58,7,1.981635460271374,0.07441972598156156,4.353174209264841,0.33668464057630354,0.039357839296612115,0.03720986299078078,1.9000000000001707,0.09999999999948062,3.635186738840751,0.2811538159877677,0.04416353814156599,0.04999999999974031
59,7,1.981990677989207,0.08644895092547808,3.2183560822063773,0.2272582054126639,0.030860231334109353,0.04322447546273904,1.9000000000000001,0.09999999999999999,2.8074150451679474,0.19824037139358036,0.031139524720749212,0.049999999999999996
60,7,1.9801574028725581,0.0999999999589686,2.825915081287124,0.1953818371273392,0.030690507195613573,0.0499999999794843,1.9000000000000001,0.09999999999999999,2.54592371439583,0.17602342540249036,0.027649695005208735,0.049999999999999996
61,7,1.9962530645257612,0.09999999999999996,2.2827516475947283,0.15808998670551022,0.02483271704200694,0.04999999999999998,1.9000000000000001,0.09999999999999999,2.7357257129565644,0.18946031297225402,0.02976035636902281,0.049999999999999996
62,7,1.9942499217431495,0.09623773779008982,2.8465434671457484,0.19695310147921302,0.029773377704890563,0.04811886889504491,1.9000000000000001,0.09999999999999999,3.8229767222693654,0.26451277875225054,0.041549570125434636,0.049999999999999996
0,8,1.9865666554436774,0.06704180439864404,3.521985091231384,0.2605257922430682,0.027435715889572932,0.03352090219932202,1.9000000000000028,0.09999999999954708,4.044756750018907,0.2991958879532759,0.046997580178701454,0.04999999999977354
1,8,1.9794220952639352,0.06222071111243817,5.685487210843243,0.3884382406263761,0.03796442492691301,0.031110355556219084,1.9000000000000001,0.06642258914603995,3.3145604313894754,0.2264541233974167,0.023627398726422607,0.033211294573019974
2,8,1.9767551172964513,0.05981750074586266,6.429182474559774,0.389534309969278,0.03660107632295233,0.02990875037293133,1.9000000000000825,0.09999999999996001,3.4353439024226513,0.20814222054398976,0.032694903548130164,0.049999999999980005
3,8,1.97604514311934,0.041630106302042384,8.623051228419484,0.4661614856709667,0.030483426756018523,0.020815053151021192,1.9000000000000001,0.09999999999999999,3.242770447238771,0.1753039207737377,0.02753667548241307,0.049999999999999996
4,8,1.9760240557735738,0.0390385908936309,25.674911789496786,0.7021007739871415,0.0430539956053388,0.01951929544681545,1.9000000000000004,0.09999999999999999,3.6269619180337553,0.0991821428930914,0.015579494574011452,0.049999999999999996
5,8,1.977854990956137,0.027798394616213504,592.6160685947895,0.7817867514485076,0.034137200202988736,0.013899197308106752,1.9599999999996711,0.041961510531466115,256.18740726415695,0.3379657277298843,0.022276330486360997,0.020980755265733057
6,8,1.9774556086115214,0.027642004325977142,615.2097902086409,0.7823177635356566,0.03396820510855152,0.013821002162988571,1.9599999999999997,0.041918296611742435,263.1260022958491,0.3345982930056361,0.022031660185217326,0.020959148305871218
7,8,1.9772277907829052,0.02762682032404974,714.7989000338454,0.8013321051323453,0.03477469448687075,0.01381341016202487,1.9599999999999997,0.04026491873785976,291.22248831339124,0.3264777402581339,0.02064905969276688,0.02013245936892988
8,8,1.9771369764653046,0.027402590779310888,787.3997666364193,0.794785978961162,0.03421067941011343,0.013701295389655444,1.9599999999999997,0.039409620238602935,323.0503512052062,0.3260807286407715,0.020185860132914304,0.019704810119301468
9,8,1.9768228802292245,0.02761672573517757,822.3569809556903,0.7997488464511544,0.03469330597026062,0.013808362867588785,1.9599999999999997,0.039446162430454144,332.2187937041213,0.32308547648673863,0.02001898580218454,0.019723081215227072
10,8,1.976374503089887,0.027301125939230834,756.4854028294327,0.7670692638520268,0.032895388245097634,0.013650562969615417,1.9599999999999997,0.0408882764234301,333.87263520681967,0.33854379152663694,0.021743704374586476,0.02044413821171505
11,8,1.9761570021187989,0.027136400324267066,707.8138664511196,0.7652262957303548,0.032618350860150455,0.013568200162133533,1.959343522968517,0.04165589925507115,337.04196938378635,0.3643802275736139,0.023842467213824315,0.020827949627535574
12,8,1.9763742200927086,0.027916082420279285,529.4063771637121,0.7524679899380183,0.03299608233594551,0.013958041210139643,1.9599999999999997,0.04000794918942244,254.3165249954553,0.3614709845328797,0.022716405318136783,0.02000397459471122
13,8,1.974954045303669,0.02749913752475216,655.6232803654491,0.757919195661811,0.03273873212677964,0.01374956876237608,1.9583453243264244,0.04237503444739786,310.66659732753214,0.3591394397011462,0.023905236358207422,0.02118751722369893
14,8,1.9749634763786157,0.027138254716950076,595.6952764183225,0.7220098510396964,0.03077832027238533,0.013569127358475038,1.9585934307136126,0.042606421433206615,338.0372934839075,0.4097166211920481,0.027420698803898504,0.021303210716603307
15,8,1.9740246570815974,0.028632952940082838,622.622209618982,0.7854122186257492,0.03532512194970324,0.014316476470041419,1.9555034012293813,0.04435134272618594,256.484509116313,0.32354462182043897,0.022540359304591452,0.02217567136309297
16,8,1.97447954099679,0.028160060415933476,584.3446602971651,0.7611267552289439,0.03366746736709104,0.014080030207966738,1.9570978296625754,0.043666006986782975,273.93437091659996,0.35680787906131095,0.024473596354205568,0.021833003493391488
17,8,1.9744881804374248,0.028353857259649975,582.1649871615426,0.7458963346596265,0.03322083152520088,0.014176928629824987,1.9573427096119207,0.04293502627349493,282.5600571049297,0.36202883300039257,0.02441601428561928,0.021467513136747465
18,8,1.9741167032925224,0.027676095529399123,605.7223828573071,0.7591154592950694,0.033001412901708195,0.013838047764699562,1.9572399811926033,0.04253956589696728,304.1161147321056,0.3811304496044667,0.02546751543074693,0.02126978294848364
19,8,1.973800949276107,0.027903178592371028,617.1741566545802,0.755688704423867,0.033121994941121016,0.013951589296185514,1.9567144898677686,0.042606806444930666,292.4634012352142,0.3581019820545274,0.023966553505243043,0.021303403222465333
20,8,1.9738604622899818,0.027712028915967236,544.625282365535,0.7261486057871028,0.031609214847387004,0.013856014457983618,1.956418958089153,0.04367297280220469,281.50481589247323,0.37533022465431226,0.025748158327241855,0.021836486401102344
21,8,1.973761412886029,0.027561180742161417,523.4930469591181,0.7307322684919453,0.031635593175399324,0.013780590371080708,1.956670328914547,0.0430523012870152,283.08407148658,0.39515074160570296,0.02672262081670545,0.0215261506435076
22,8,1.9738857291704648,0.027490265634756577,519.7835414934078,0.715591623392622,0.03090039717099998,0.013745132817378289,1.957321399513554,0.0427435500423503,303.26944802757413,0.41751432916847847,0.02803250134038713,0.02137177502117515
23,8,1.973299867873732,0.027376408256632675,529.9078402771272,0.7114367092149181,0.030593743150310406,0.013688204128316337,1.9568215876730333,0.042625987280667695,302.3303952768833,0.4058987717542463,0.027177660250308943,0.021312993640333847
24,8,1.9727856557340488,0.027930609898834863,559.666463796178,0.746990644493506,0.032772944220432774,0.013965304949417431,1.955602298250987,0.042097231802915,280.08424343814255,0.3738303490604164,0.0247199718614369,0.0210486159014575
25,8,1.9705825577081801,0.028040256087326982,581.9257162259335,0.7271443521003567,0.032027459294140116,0.014020128043663491,1.9536180068503735,0.04307715989329056,314.098679086197,0.39248150430773515,0.026557435458447395,0.02153857994664528
26,8,1.9686224051968233,0.028241934624309933,524.6863494789936,0.6199372660793612,0.027501859822345542,0.014120967312154967,1.9520479004894764,0.04183432628359677,419.1017500937034,0.49518496797212397,0.032540191838272156,0.020917163141798385
27,8,1.967122729449468,0.028831081068306137,518.9132886896973,0.6641920933804343,0.0300797696212968,0.014415540534153068,1.9502618552960576,0.0433509764302454,377.66503354866387,0.4833989313757563,0.03291731829588295,0.0216754882151227
28,8,1.9704717225522406,0.02749336345020316,557.979925223181,0.7051459075564003,0.030452765627702813,0.01374668172510158,1.9544982410395007,0.040919048044483625,337.04693819230374,0.42594232942279375,0.027377652090527678,0.020459524022241812
29,8,1.9729488008746578,0.02687493740584387,481.17926497656333,0.6339180303916595,0.026760883225246227,0.013437468702921935,1.9570642416705384,0.0400274932388126,408.06442735363436,0.5375946489995069,0.033801284710373206,0.0200137466194063
30,8,1.972830158788352,0.02855261722293217,478.8114415664877,0.6966993618771032,0.031247207615242183,0.014276308611466086,1.956039517191168,0.041834592107495426,303.67939498668807,0.44187173140696834,0.029036992643969972,0.020917296053747713
31,8,1.9743535698945107,0.02743906638858821,478.1196340328453,0.6627083927672588,0.028563516834843115,0.013719533194294104,1.9586095694737768,0.04054484763121352,324.01986641467926,0.4491149695843335,0.02860309842871159,0.02027242381560676
32,8,1.974072879746911,0.02806401331921038,528.1813742519188,0.7333506241258398,0.03232818485448419,0.01403200665960519,1.9574961649865903,0.041957368953061076,278.7216679107466,0.3869896196344309,0.02550512402657732,0.020978684476530538
33,8,1.9743159760448303,0.028176005365909876,520.8669403712205,0.7475935204154831,0.033087566483222156,0.014088002682954938,1.9569840772998233,0.04332727647675651,259.30787688571314,0.3721812108372508,0.025330030453544764,0.021663638238378254
34,8,1.9742462701169254,0.027980716192248,562.542010729467,0.7302015790373949,0.032093824340692335,0.013990358096124,1.9572396647118433,0.04280272903626206,288.18390548497524,0.3740740048292885,0.025150629878602823,0.02140136451813103
35,8,1.9739278653732497,0.02786925708558535,605.3925347087068,0.7415756300629432,0.03246390197050929,0.013934628542792675,1.9566695631185544,0.0425241731690068,287.2005998998742,0.3518063960396923,0.0234995467569582,0.0212620865845034
36,8,1.974935875495777,0.02675450462198918,532.2183500558117,0.6765123054843433,0.028431023335327234,0.01337725231099459,1.9595762987514733,0.040613925330943615,365.6921439222346,0.46483785340434014,0.02965489086044189,0.020306962665471807
37,8,1.9751793099846553,0.027246029130433072,496.8530580826888,0.6715159347822367,0.028739513780075786,0.013623014565216536,1.959618773537219,0.04214647270860417,323.2679328232734,0.4369089906231678,0.028924915072871597,0.021073236354302086
38,8,1.9742266582528347,0.027775102847586434,573.3907611697969,0.737016469525256,0.03215531331252675,0.013887551423793217,1.9573476046747904,0.04267171341057665,301.92613032084085,0.38808530882588255,0.026012803553816372,0.021335856705288325
39,8,1.9747353184130445,0.02644600636649925,614.4553685267657,0.7053849276331833,0.029302599599826267,0.013223003183249624,1.9589312317118188,0.04098128178226518,379.3352056681527,0.43547074418195586,0.02803266572900152,0.02049064089113259
40,8,1.9746781539079814,0.026896911815091636,641.3738613991231,0.6902710371038915,0.02916365469524751,0.013448455907545818,1.9588357229518218,0.04103445240724534,377.3868298450664,0.4061581147978787,0.026179639016720484,0.02051722620362267
41,8,1.9741793223487425,0.02740997820800169,706.6243500123483,0.7426025935630078,0.0319731208332858,0.013704989104000845,1.9576083827358155,0.04166919910441819,338.895068680194,0.35615013400433754,0.023311388506989585,0.020834599552209097
42,8,1.9749676543159278,0.02636160156498206,682.3551540692952,0.7033646528144656,0.029125420756930115,0.01318080078249103,1.9596869935335528,0.04060436324865518,409.09455940196005,0.4216904511178137,0.026895916524864925,0.02030218162432759
43,8,1.9743337499044167,0.027512758200370593,733.8044113434366,0.7720053409094019,0.033363708128077374,0.013756379100185297,1.9575044875005974,0.041190859462472564,327.79073513808754,0.34485510623182514,0.02231297052380793,0.020595429731236282
44,8,1.9751788293360892,0.026452179681867857,725.6670093844573,0.728119212143666,0.030254071685231105,0.013226089840933928,1.9598247830414202,0.040013780838533616,378.121579695468,0.37939934314489376,0.02384657660007115,0.020006890419266808
45,8,1.9753762197307274,0.02639081594150209,790.5627527674376,0.7272703463375391,0.0301486989298604,0.013195407970751045,1.9599999999999997,0.03908918021682754,409.89414315520503,0.3770780427115682,0.023153021956173966,0.01954459010841377
46,8,1.975028343949045,0.027017969239814785,876.8783313763514,0.7701862833213933,0.03268649547958075,0.013508984619907393,1.9591284916275327,0.03962922001714318,376.66265428082323,0.33083313771840556,0.02059417531888169,0.01981461000857159
47,8,1.9754838872423979,0.02620302732369102,939.2844416084125,0.7600870528728879,0.03128489355701682,0.01310151366184551,1.9599999999999997,0.038785336922291254,456.0835178180426,0.369071562953386,0.022485265992207574,0.019392668461145627
48,8,1.9752020330955713,0.02603556598374095,1019.1110130264408,0.735313357836206,0.030071795249891845,0.013017782991870475,1.9599999999999997,0.038834991604000196,534.2855857234566,0.3855000319495184,0.023516219812691003,0.019417495802000098
49,8,1.9757954525323778,0.027223992264584895,589.1213466387643,0.8460019631022075,0.03617787555303862,0.013611996132292447,1.9599999999999997,0.03260359392369735,165.16839038751664,0.23718845583769316,0.012147276024370568,0.016301796961848674
50,8,1.9757146275947304,0.027388458273078876,601.3845797908856,0.8691122698747953,0.037390678347235785,0.013694229136539438,1.9599999999999997,0.03160258027477457,157.96177139068996,0.22828406031718262,0.011332298578781342,0.015801290137387285
51,8,1.9760462101622953,0.028416346571365863,434.55557931594495,0.8478884850115674,0.037846598691639984,0.014208173285682931,1.9599999999999997,0.03243364349860407,113.01871832956925,0.22051786796352701,0.01123464621276581,0.016216821749302036
52,8,1.976707459776656,0.028196506819097304,313.99964973029915,0.8431052827672456,0.0373419502293394,0.014098253409548652,1.9599999999999997,0.03254709540725226,80.8258916750171,0.2170216951328162,0.011095203327824056,0.01627354770362613
53,8,1.9772683503518333,0.030223602375110743,182.93163550073902,0.8572079406963748,0.04069605292974726,0.015111801187555372,1.9599999999999997,0.03750457811219178,39.10284972575754,0.18323387967873392,0.010794684129356732,0.01875228905609589
54,8,1.9784350433128024,0.03042896800363965,92.8333462247044,0.8576314126656566,0.040992818551434086,0.015214484001819824,1.9599999999999997,0.043672089574036545,19.06088598447579,0.17609205353813623,0.012079907456837792,0.021836044787018272
55,8,1.9776798011601404,0.03500067334052283,43.526951370858626,0.8198387155877858,0.045073854633018814,0.017500336670261414,1.9000000000000001,0.09999999999999999,3.425059203819141,0.06451166576189775,0.010133468761420907,0.049999999999999996
56,8,1.9771456590966816,0.047908527192378786,12.963097207648142,0.552378658425854,0.041569001036940376,0.023954263596189393,1.9000000000000001,0.09999999999999976,2.990024626747929,0.1274098130660347,0.02001348663617512,0.04999999999999988
57,8,1.9762991083287194,0.06012740332388494,5.840195723526721,0.32497805514584555,0.030693496245799326,0.03006370166194247,1.9000000000000001,0.09999999999999999,3.6710242386690224,0.2042743726327546,0.03208734341898629,0.049999999999999996
58,8,1.9792335543151967,0.06165539419206226,4.950546400241631,0.3431629896424074,0.03323467211808928,0.03082769709603113,1.9000000000000001,0.09999999999999994,3.5025748887693435,0.24279220374903349,0.038137710182341966,0.04999999999999997
59,8,1.9849896172564707,0.08010915733547065,3.6486800303269886,0.27066944658095327,0.03405973584737897,0.040054578667735326,1.900000000000009,0.09999999999999946,3.730739208868518,0.27675682948603436,0.0434728611172062,0.04999999999999973
60,8,1.9880368379848654,0.0999999999999981,3.7231499974791316,0.25143279008237424,0.039494970309717825,0.04999999999999905,1.9000000000000006,0.09999999999999999,3.3551239268763595,0.2265791522172975,0.035590970003123265,0.049999999999999996
61,8,1.9863625976919166,0.09431892808413228,2.323211323287119,0.17560012344503984,0.02601618129638361,0.04715946404206614,1.9000000000000001,0.09999999999999999,3.240559195546243,0.24493793959463794,0.038474761580796754,0.049999999999999996
62,8,1.986196756773481,0.07604666394829802,2.5750395580730587,0.18863363525053445,0.022533008385671852,0.03802333197414901,1.9000000000000001,0.07468117367720678,2.8152984845013713,0.2062337200925233,0.02419305358840358,0.03734058683860339
0,9,1.981969773656403,0.06736867564051718,3.3762366577227816,0.27288892793072017,0.028877779908221615,0.03368433782025859,1.9000000000000001,0.060667316547898364,2.17850462223734,0.17608060427121844,0.016779776910697805,0.030333658273949182
1,9,1.9816233371049117,0.06227878242410084,3.9035217814453786,0.30615334997267446,0.02995015030784918,0.03113939121205042,1.9000000000000001,0.09999999999999999,2.730606106412539,0.21416153251859033,0.03364041486209675,0.049999999999999996
2,9,1.9798070316157586,0.05713483907284836,5.86320164199836,0.38769391671522224,0.03479444167853572,0.02856741953642418,1.9000000000000208,0.09999999999955289,3.343542377427174,0.22108587068246519,0.03472808735727151,0.049999999999776445
3,9,1.976300539033037,0.04164030096850351,7.676772994266409,0.46024581186735236,0.030103956800424575,0.020820150484251756,1.900000000000037,0.09999999999998926,2.821644030239489,0.16916611295764133,0.0265725508852005,0.04999999999999463
4,9,1.9758879055515663,0.04024329170290468,13.02372809415499,0.6385778274732679,0.04036706822730551,0.02012164585145234,1.9000000000000143,0.09999999999999981,3.108950434619472,0.15243767375275397,0.023944853799598428,0.049999999999999906
5,9,1.9800424591308818,0.033519917327949414,135.75348863354134,0.8153683993593958,0.04293156217361176,0.016759958663974707,1.9599999999999997,0.04768522820097179,32.650741119378914,0.19610827531859282,0.014689251365674843,0.023842614100485895
6,9,1.9775093132895174,0.027856424891241533,584.2144295223359,0.762290252698618,0.03335535918190705,0.013928212445620767,1.9599999999999818,0.041677697252726145,256.03468924086826,0.33407724646686715,0.021871093141654824,0.020838848626363073
7,9,1.9772484465502034,0.02747012593128062,614.225632318381,0.7792493818413886,0.03362458971616067,0.01373506296564031,1.9599999999999966,0.0434406566187658,263.80919784057727,0.334686707172104,0.022837824007662193,0.0217203283093829
8,9,1.9769923119749604,0.027461032209964625,710.2347604274156,0.7726349858511837,0.03332814209351028,0.013730516104982313,1.9599999999999997,0.04162406406670311,289.54055311004555,0.31497917818172816,0.020594260595386722,0.020812032033351555
9,9,1.976790115401658,0.02791099243754247,807.4286222748582,0.7995779323793462,0.03505548302540002,0.013955496218771235,1.9599999999999997,0.039555245722236454,315.8645961972855,0.31279342070844846,0.0194348670171018,0.019777622861118227
10,9,1.9765024539491167,0.027328473424411304,770.0415013736823,0.7830653638277205,0.03361501152462883,0.013664236712205652,1.9599999999994786,0.04032239553816096,335.760395415206,0.3414391766232322,0.02162616703032056,0.02016119776908048
11,9,1.9760476559534796,0.027044284270717655,762.8988355274274,0.7519759986130039,0.03194473931529819,0.013522142135358827,1.9599979058085804,0.040447030498576744,370.5427698637369,0.365237507807278,0.023205016964153294,0.020223515249288372
12,9,1.9759043424840512,0.027199056072281923,689.7892395199661,0.7337546406419202,0.03134906341330745,0.013599528036140961,1.9597901742787474,0.04083668334905476,359.48091192087514,0.3823933054213679,0.02452904387530453,0.02041834167452738
13,9,1.9759601670923514,0.027184604049875955,511.3144852357941,0.7014119898217571,0.029951327380593105,0.013592302024937978,1.9599999999999997,0.04107620182465247,291.38164986700616,0.39971209252269385,0.025790362311801207,0.020538100912326235
14,9,1.9755432057967217,0.027278043975873117,547.948786368832,0.7077773432286014,0.030327021452561456,0.013639021987936558,1.9595728840852906,0.041282036598304005,312.1522186870438,0.4032024041686905,0.02614593062906832,0.020641018299152002
15,9,1.9748180710749512,0.027475095958129483,602.6365755512194,0.7296530824392436,0.03149020706913886,0.013737547979064742,1.9579015381663922,0.04220599991564079,312.6426724603284,0.3785377438368458,0.025095928021569482,0.021102999957820397
16,9,1.9748189098066042,0.02720876749664767,560.8370055808277,0.709416836570441,0.03032007267488282,0.013604383748323835,1.9581417445161697,0.042955831110486724,318.52214395216254,0.4029066725120222,0.027186072014931884,0.021477915555243362
17,9,1.974332258411612,0.028117918971013837,551.2446556731933,0.7481320653957235,0.03304314083142887,0.014058959485506919,1.9567712824298817,0.04389403638401794,277.97333743099006,0.37725674964271944,0.026011321378457904,0.02194701819200897
18,9,1.9738207595151158,0.0280204691710334,601.941727492604,0.7556521368501344,0.03325961323175663,0.0140102345855167,1.9564741033821187,0.042891002321185576,294.16984638388925,0.3692883594277704,0.02488007531166949,0.021445501160592788
19,9,1.9738259763972879,0.028244939354025184,594.3285394985346,0.7601654179091374,0.03372629481491134,0.014122469677012592,1.95611503312811,0.042801687738983955,279.0863008467468,0.3569604022295241,0.023999423729158795,0.021400843869491978
20,9,1.9742917629274896,0.02702450361776216,553.7935700524106,0.7043715095156077,0.02990056425103027,0.01351225180888108,1.957886627060022,0.042153129970036646,330.42980489460103,0.4202745446115075,0.027828051014221037,0.021076564985018323
21,9,1.9737706166428064,0.027451967878586662,585.8181314126798,0.7180523010982862,0.030963456619619096,0.013725983939293331,1.9567782552907194,0.0427355561949088,319.82453752308595,0.3920171343320364,0.026315661248329413,0.0213677780974544
22,9,1.9735300991522036,0.02759059378277434,569.1579714044531,0.7290471173221719,0.03159632128253228,0.01379529689138717,1.9567091580898992,0.0431584226045681,312.5116808388475,0.4003031697559491,0.02713778949407193,0.02157921130228405
23,9,1.972714593911139,0.028468112607067463,606.5510560421441,0.7705311211455534,0.03445630763625742,0.014234056303533731,1.9545019644187493,0.0443213647214499,277.5500954495028,0.35258530026514595,0.024546931098851366,0.02216068236072495
24,9,1.9722156904530987,0.02838081452583896,623.0320529618066,0.7796672751642675,0.03475794075011379,0.01419040726291948,1.9544185901296656,0.043259068402998126,272.86028673651043,0.3414595368714317,0.023202580415376244,0.021629534201499063
25,9,1.9716545453900753,0.02794664445144117,542.128136316597,0.7382217610111971,0.03240681797326357,0.013973322225720584,1.95481526227145,0.04372845569317397,284.5839299505223,0.38752102289129986,0.02661823684277794,0.021864227846586985
26,9,1.969330090937318,0.02898637781417603,518.4394996556712,0.7019746317602295,0.03196209539093679,0.014493188907088015,1.9518306945013628,0.04242573343991359,323.5515364019757,0.4380934916650478,0.029195508066014952,0.021212866719956796
27,9,1.974364581736926,0.028706759738452593,521.9054764348625,0.6039941588894732,0.027235590151695088,0.014353379869226296,1.957658452385628,0.04280020417558283,450.99839308690935,0.5219343490200553,0.03508985688777806,0.021400102087791414
28,9,1.9754555210304527,0.027702990938929486,414.73137674108494,0.6097770308323741,0.026534908736957748,0.013851495469464743,1.9596517586055633,0.04124602968545371,357.5397465351492,0.5256885234002239,0.03405889258015151,0.020623014842726856
29,9,1.9747737902802098,0.028678650007772387,467.4227700993915,0.6526312714440304,0.029399941111260323,0.014339325003886193,1.958008445951474,0.0429195640192375,345.5265780473029,0.4824357399207708,0.03252480133894149,0.02145978200961875
30,9,1.9757448120074013,0.028396566285424325,423.58221210619416,0.617152588605598,0.02752822823171946,0.014198283142712162,1.9593753550388893,0.04216462813969186,342.086073480228,0.4984140026194462,0.033010977654539655,0.02108231406984593
31,9,1.9762535413629199,0.028618437710772996,443.9014941770885,0.664574444381666,0.02987510467979425,0.014309218855386498,1.9588514560623809,0.04217528210927511,333.1351906203598,0.49874383644715603,0.03304116980877504,0.021087641054637556
32,9,1.974773657088649,0.028044098277332993,571.5464737591888,0.7098781777621761,0.03127124579882166,0.014022049138666497,1.9574140647543345,0.04321725117943287,308.9455549878294,0.38371981574833147,0.02604901132437057,0.021608625589716435
33,9,1.974600043678355,0.02819068373595896,577.1927235480392,0.7227511090436675,0.032004736295088355,0.01409534186797948,1.9579697533006635,0.042743302306300385,307.5316221784514,0.38508597202884637,0.025855065819163203,0.021371651153150192
34,9,1.9748143861280845,0.027320400030393644,589.0423728696682,0.7143372271512375,0.03065562781657611,0.013660200015196822,1.958245799138569,0.042001725095923724,326.7789666122027,0.3962879270703274,0.026145553899055998,0.021000862547961862
35,9,1.974974166459347,0.026807307596002652,575.7175712652038,0.6949217119209022,0.02926233349197342,0.013403653798001326,1.9585452533134755,0.042318249232669566,352.49722099079906,0.4254828834214043,0.02828327282060205,0.021159124616334783
36,9,1.974245731906079,0.027464435533478812,638.4620217067426,0.7344970646020266,0.03168696316997871,0.013732217766739406,1.957176990480698,0.0426293423612289,319.09677298948117,0.3670941028852711,0.02458136060161317,0.02131467118061445
37,9,1.9742319368611698,0.027348255013040834,628.1765669081461,0.739908110903422,0.03178537108256885,0.013674127506520417,1.957839356662957,0.04215935580822339,330.56461092327856,0.3893609690084668,0.025784947849192035,0.021079677904111693
38,9,1.973832098007798,0.02784480922017248,706.8399896609548,0.752368770235782,0.03290749954642463,0.01392240461008624,1.9566009798512582,0.04160431523438898,322.09389882542575,0.34284052134058285,0.022405281369018034,0.02080215761719449
39,9,1.9741504836439816,0.027402196651344125,667.2554008590207,0.7539218565418606,0.03245126191396085,0.013701098325672062,1.9575401737115292,0.04228860815067108,331.15972007003563,0.37417239432706323,0.0248550711921013,0.02114430407533554
40,9,1.9744251055833038,0.02691594617527533,677.3449938731765,0.728923924854169,0.03081851676437869,0.013457973087637664,1.9581212948435731,0.04127923980382843,349.4211301755728,0.3760290899592112,0.024382206854673696,0.020639619901914215
41,9,1.974244387011328,0.02724693189025739,715.6432961747743,0.7575292445490017,0.032421782399788775,0.013623465945128695,1.9577815171752344,0.04077856246731664,341.57094467733873,0.36156278003912357,0.0231598373968959,0.02038928123365832
42,9,1.9747502152429073,0.026534352068121877,688.064386908962,0.7143833346007145,0.029775542222633535,0.013267176034060938,1.9592271096475058,0.03982652818597739,382.6921943924241,0.3973304405186384,0.024856739729606593,0.019913264092988697
43,9,1.9749138031299038,0.02637884197316944,703.8895843607203,0.7107931804794764,0.029452275592609944,0.01318942098658472,1.9597268154599374,0.04036473266291489,403.88907979256066,0.40785033613960014,0.025859658306763064,0.020182366331457445
44,9,1.9748064440834887,0.026783585840696907,763.8648086574937,0.7439537829069367,0.03129929491805682,0.013391792920348453,1.959115761359799,0.039599716391021215,380.3483646554136,0.3704341416188188,0.023042147897955563,0.019799858195510608
45,9,1.9748855388744506,0.026602694147253317,816.9534665520596,0.7384195054462754,0.03085664176388633,0.013301347073626658,1.959383834414652,0.039315437413009274,411.7098674938547,0.3721320848606629,0.02298159172358292,0.019657718706504637
46,9,1.9752925111361024,0.02600722831772055,850.9399829813394,0.7325712431340177,0.02992704343493458,0.013003614158860276,1.9599999999999935,0.03920287343412635,439.58786562079587,0.3784396498284155,0.02330421130261766,0.019601436717063176
47,9,1.9752914420671814,0.025916364943232708,1004.0536532930513,0.7494533937196822,0.030509746166615663,0.012958182471616354,1.9599999999999997,0.03821332566758945,503.0712776666742,0.3755063039645581,0.022539897920960655,0.019106662833794724
48,9,1.9752357323895038,0.026737096670972064,569.0757630503432,0.7953424326986755,0.03340321559681653,0.013368548335486032,1.9599999999999997,0.03445237459093835,199.7578125762278,0.2791822722397126,0.015108692252175657,0.017226187295469174
49,9,1.9754565696990467,0.026793240345916024,607.0003558289254,0.8597818284124319,0.03618540009845051,0.013396620172958012,1.9599999999999997,0.031930907104639084,174.67810881435878,0.24742170632658195,0.012409918546833518,0.015965453552319542
50,9,1.9755396712201154,0.027107095087747772,510.35776434852295,0.8366474684893932,0.035624219459791835,0.013553547543873886,1.9599999999999997,0.03193440978000152,153.8500401111139,0.25221179254569637,0.012651562336101181,0.01596720489000076
51,9,1.9758088225404375,0.027157997314392043,377.8607818187624,0.8370540558511789,0.03570846019479508,0.013578998657196022,1.9599999999999997,0.03322958007468907,118.22148846035775,0.2618895137203469,0.013669821366884717,0.016614790037344535
52,9,1.975970783918974,0.02792748592639982,249.18363836171835,0.8248614913319744,0.036185347503001876,0.01396374296319991,1.9599999999999997,0.033332541835360587,68.25058483165567,0.22592686886928362,0.011829222300637593,0.016666270917680293
53,9,1.9772571047465006,0.02955886494021707,126.11280676404377,0.7921221555921835,0.03677898932706051,0.014779432470108536,1.9599999999999997,0.03938911952913755,34.32475251357886,0.21559584350616737,0.013339407317286939,0.019694559764568777
54,9,1.9766621605038193,0.03595702003575447,66.78448686034245,0.8310058469188076,0.04693617004128457,0.017978510017877234,1.9003549055378812,0.09999999999999999,3.6600582228913603,0.04554245942843476,0.007153792798339093,0.049999999999999996
55,9,1.9774405765773673,0.03626559996010177,34.60460862332967,0.8185183194085458,0.046627609163457914,0.018132799980050886,1.900000000000007,0.09999999999999999,3.3066388793839496,0.07821341162690147,0.01228573396896341,0.049999999999999996
56,9,1.976066260941517,0.0449354389566992,10.662838244914663,0.5294784495124096,0.03737293056178442,0.0224677194783496,1.9000000000000001,0.09999999999999999,2.7322003659043923,0.13567130817033918,0.021311199252542722,0.049999999999999996
57,9,1.977172847972435,0.0669106715434376,6.275989516156273,0.4277841409547673,0.0449614124306354,0.0334553357717188,1.9000000000000001,0.06700851413433118,4.1200889825492535,0.2808335994698221,0.029559625755078037,0.03350425706716559
58,9,1.9779671557772078,0.06643756689662504,4.30296105829534,0.29755854561755846,0.031053175911593307,0.03321878344831252,1.9000000000000001,0.09999999999999641,2.9796636390821454,0.206049826355168,0.03236623103754126,0.049999999999998206
59,9,1.984700653136432,0.09562742620317727,4.616198330820459,0.2500245756698762,0.03755649399630448,0.047813713101588634,1.9000000000000001,0.06124898262038405,3.3979069762556975,0.18403894049176317,0.017706327005416005,0.030624491310192025
60,9,1.9879006081213686,0.09999999999999948,3.2197166941548696,0.2221845410153859,0.034900666089757636,0.04999999999999974,1.9000000000000001,0.09999999999999999,3.2350350253361366,0.22324162047483345,0.035066711742960874,0.049999999999999996
61,9,1.981237958474112,0.09999999999999715,2.908772620576149,0.21778099050641045,0.0342089579933214,0.04999999999999857,1.9000000000000001,0.09999999999999999,3.200552970187184,0.23962670408989828,0.037640474658637985,0.049999999999999996
62,9,1.984232286927403,0.0999999999998086,3.003355436694375,0.18017382698437107,0.02830163856110876,0.0499999999999043,1.900000000000209,0.09999999999999865,2.938247249073604,0.17626793186841963,0.02768810199106429,0.04999999999999932
0,10,1.9844957511507213,0.08158624554240773,3.4568595279977563,0.21395990675797685,0.027420112045951094,0.040793122771203866,1.9000000000000001,0.09999999999999999,3.3426670166603936,0.2068920410028552,0.032498525805038404,0.049999999999999996
1,10,1.9821680506855748,0.0656583406161376,3.412713915545683,0.23673862412344804,0.0244162463912889,0.0328291703080688,1.9000000000000001,0.0652588324276828,3.0092161385786778,0.20874814179180357,0.02139842429668649,0.0326294162138414
2,10,1.9793346274656136,0.0485628033471959,5.38253381567858,0.3644907344635213,0.027804181754830393,0.02428140167359795,1.9000000000001407,0.09999999999809525,3.542094233758089,0.23986110872927688,0.037677294852572284,0.049999999999047626
3,10,1.9781106414972307,0.0591242242295126,6.35677326918062,0.38678313678417836,0.0359213676671952,0.0295621121147563,1.9000000000000001,0.060969104645651195,3.3625505327219103,0.20459717337207048,0.019594280628663405,0.030484552322825598
4,10,1.9764818591255524,0.046942636399616815,8.445179527540635,0.5028239485149555,0.03707689081093828,0.023471318199808407,1.9000000000000035,0.09999999999988687,3.051381440569166,0.18167851368567114,0.028537994195468576,0.04999999999994344
5,10,1.9766855626616169,0.037340313127290706,21.017036406523687,0.6710212783068998,0.03935809997523485,0.018670156563645353,1.9000000000000004,0.09999999999999999,3.817652117472529,0.1218880604499643,0.019146131763495822,0.049999999999999996
6,10,1.9783275920519519,0.02870499430897759,561.0566334491209,0.7917205225388311,0.03569844054522364,0.014352497154488796,1.9599999999999995,0.04067072894868659,237.06230830561788,0.3345243303731575,0.02137123124019451,0.020335364474343295
7,10,1.9770585750674285,0.027606372723940144,613.0379958184084,0.7680138538586448,0.03330414421142022,0.013803186361970072,1.9593207914894493,0.04253336179197997,261.75938101269855,0.3279320896363587,0.021909552321679557,0.021266680895989987
8,10,1.9768521563394301,0.02722844947872841,670.3626352211543,0.7780871482163717,0.03327905843462333,0.013614224739364205,1.9599999999999997,0.041634894067234134,301.0666448026912,0.3494468139625886,0.022853800200638787,0.020817447033617067
9,10,1.9767523467712467,0.027252182219696934,718.1716760495965,0.7766876784382204,0.03324815699938763,0.013626091109848467,1.9599999999999995,0.039797030428247324,320.3817839943652,0.3464862125908936,0.02165990272995509,0.019898515214123662
10,10,1.976583243902495,0.02718081179158606,753.4792757557409,0.7728014341725884,0.03299515856441936,0.01359040589579303,1.9599999999999997,0.04046667684477627,338.6744352287044,0.34735937362022395,0.02207986639971552,0.020233338422388135
11,10,1.9763300653970124,0.026931934647859257,716.0517190633116,0.7409113197710193,0.03134394517739043,0.013465967323929628,1.9599999999999997,0.040777433586745085,338.16668945023815,0.3499070269825289,0.02241260980828763,0.020388716793372542
12,10,1.9762559306968701,0.027083067291463,638.9349229364758,0.7373737309429941,0.03136934044605114,0.0135415336457315,1.9599999999999973,0.04006237701790443,336.1208818587495,0.387906028934776,0.024410862265412267,0.020031188508952216
13,10,1.9757890582224955,0.026715938776947074,598.4558830164231,0.6994029911556626,0.029350655294035678,0.013357969388473537,1.959970809251299,0.04106674127101172,369.21402934622137,0.43149278640192656,0.027834515025468597,0.02053337063550586
14,10,1.9751198798698868,0.02807583220502603,560.5574312572802,0.7255267853077019,0.031996757199035865,0.014037916102513015,1.9586811851965262,0.04215355031909007,296.2151293493359,0.38338981623042684,0.025386019429136684,0.021076775159545036
15,10,1.9750297194243431,0.028408168541730974,490.6095758325755,0.7543537171314473,0.03366186296202238,0.014204084270865487,1.9578058908092757,0.043590913341008744,243.32250898924505,0.37412893706017947,0.02561752364853895,0.021795456670504372
16,10,1.9747429961566363,0.02769300527703283,538.89622821163,0.7190661409440725,0.03127942816108781,0.013846502638516415,1.9579022724835404,0.04212931843477691,295.4486083822992,0.3942263455466723,0.026088550761072634,0.021064659217388454
17,10,1.9736546035872877,0.028754737950872362,586.0789618413901,0.7772697728806853,0.035107594213101646,0.014377368975436181,1.955186686618989,0.04503054241690829,254.26728309570993,0.33721441350129355,0.023852460463629977,0.022515271208454146
18,10,1.9742946203520642,0.027771241218015604,572.3334800227757,0.7460202902605023,0.03254361603835955,0.013885620609007802,1.9566778766957358,0.04340373548077868,292.1077250038816,0.3807540488214298,0.02595921260318429,0.02170186774038934
19,10,1.9742527244792354,0.028342316970882717,549.4498717982837,0.7360022221494367,0.0327668243696787,0.014171158485441359,1.9570798189072798,0.04269378366883526,288.5346818834125,0.38649962068120325,0.025919916266632224,0.02134689183441763
20,10,1.9734123941886206,0.028754840260805593,587.3415531235495,0.776716749234421,0.035082740155975255,0.014377420130402796,1.9557182771920907,0.043677335868163254,266.9079115159882,0.3529664200925998,0.024216390300341152,0.021838667934081627
21,10,1.9739490265364943,0.027777096189586275,576.1549721644717,0.7244957959163413,0.03161131696754676,0.013888548094793137,1.956648927486145,0.04272071626711469,304.52904087863055,0.3829351832583361,0.02569707386221297,0.021360358133557345
22,10,1.973498471180994,0.027987945270184313,579.5903315682879,0.7420969200280138,0.03262507525594732,0.013993972635092156,1.9562677176355794,0.043171405031066847,289.2662362450047,0.3703712282512806,0.025116163526032475,0.021585702515533423
23,10,1.9739803953332347,0.02756697876736231,552.2093871110125,0.7345555954543532,0.03180780645255451,0.013783489383681156,1.9570820047231976,0.042986573823809424,307.51400345555544,0.409058841068627,0.02762094241038671,0.021493286911904712
24,10,1.9742443563477714,0.02858701656016367,516.8525724498214,0.7370747544735373,0.033097885310491765,0.014293508280081834,1.9571579710296594,0.04261248859479302,274.2104812157389,0.3910469520508838,0.026174939119979826,0.02130624429739651
25,10,1.9746836246898802,0.026786164761914512,536.1422176508154,0.6836972125966012,0.028766976739924517,0.013393082380957256,1.958535876728188,0.04173535746951549,327.696545956571,0.4178839264509483,0.027395528395754824,0.020867678734757745
26,10,1.9769815468576464,0.029320472785347496,508.74405008528225,0.7151187485787958,0.03293586017289097,0.014660236392673748,1.9599999999999975,0.04192921281138383,281.0986532799718,0.3951277997788099,0.026024007301887003,0.020964606405691914
27,10,1.980732395734558,0.046732787474694185,459.6746503608001,0.8641122539657462,0.06343248524732215,0.023366393737347092,1.9599999999999997,0.03145005725529464,122.0234813139546,0.22938394665049872,0.011331941872892735,0.01572502862764732
28,10,1.9791333764399281,0.03184537041314022,506.71838268784785,0.7555892567084523,0.03779653225438411,0.01592268520657011,1.9599999999999997,0.041446135049398675,255.61090055084554,0.38115224738702447,0.024814321209086082,0.020723067524699337
29,10,1.9780552122401198,0.03059195378265149,497.87423520526096,0.7082487556289264,0.034033993506425816,0.015295976891325745,1.9599999999999997,0.043893837274561906,288.6925710855931,0.4106783194884356,0.028315563088429592,0.021946918637280953
30,10,1.9775993950863173,0.029743321364912322,516.8728203542519,0.7109869159986385,0.033217806368390924,0.014871660682456161,1.9599999999999997,0.04257066049053838,304.96526973673855,0.41949645653298084,0.028051659724037205,0.02128533024526919
31,10,1.976952520775334,0.028887748560689566,529.0866892881148,0.6886594268824545,0.031249139959546094,0.014443874280344783,1.9599999999999997,0.043592897758020534,320.293328642831,0.4168939128561829,0.028547045674521307,0.021796448879010267
32,10,1.9766182242480452,0.027717985453811725,523.0923260094185,0.6963167034084194,0.030317148624747214,0.013858992726905862,1.9599841610404494,0.043370238981828776,315.4819711582174,0.4199552454105868,0.028609792132898562,0.021685119490914388
33,10,1.9760026919362916,0.026843127251590614,562.9813633996904,0.7104725399790544,0.029957135526112552,0.013421563625795307,1.959309821857134,0.04269566872000525,333.98069287101913,0.42147773726494886,0.0282669100524438,0.021347834360002624
34,10,1.974964739240209,0.027928554415837543,592.9764136703404,0.7378566693343189,0.032369824242112336,0.013964277207918771,1.9577693537757193,0.043989472530563914,298.83444530857724,0.3718478229731726,0.025694127490566984,0.021994736265281957
35,10,1.9744523479637897,0.02812611127298307,613.5351671414644,0.7698745931988157,0.03401336152979205,0.014063055636491534,1.956907726051907,0.04350103474343393,281.4250224532805,0.35313701036346723,0.024130298843661625,0.021750517371716967
36,10,1.9744996370925962,0.027487202924845355,635.8029973864965,0.730051209370194,0.03152127314999675,0.013743601462422678,1.9576277162051219,0.042173369218337066,332.9151033911029,0.3822647500048413,0.02532342402931379,0.021086684609168533
37,10,1.9743083707352647,0.027381870706988058,621.8339575064709,0.7223965481807946,0.031071244940912353,0.013690935353494029,1.9579980461323507,0.04149165479996076,334.4621111155189,0.3885511102288072,0.0253237948890576,0.02074582739998038
38,10,1.9742416240458267,0.027256507893331217,682.2600527512511,0.7365104971298346,0.031533271585145795,0.013628253946665609,1.9578484772397986,0.04106920718231797,343.5091526791168,0.3708235529665205,0.02392233164268088,0.020534603591158985
39,10,1.9744705179409054,0.027108375760408646,650.546705853874,0.743672743935691,0.03166687724826542,0.013554187880204323,1.9580788895368983,0.04121248207080163,339.4738730272273,0.3880697025700436,0.025122241491039924,0.020606241035400815
40,10,1.9744036707111827,0.028100496328366222,625.3301291700673,0.7643853778294845,0.033740090137747134,0.014050248164183111,1.9578187780753895,0.04162958491278433,285.9656236403614,0.34955606818863794,0.02285803026242758,0.020814792456392166
41,10,1.9747733010415296,0.026726905411034032,625.3550199247836,0.7310508559960768,0.03069136072572536,0.013363452705517016,1.958858170928672,0.040363603013976374,347.91150640472176,0.4067145804612682,0.02578692428084968,0.020181801506988187
42,10,1.9745152518225164,0.026670575996094875,699.2374784895867,0.7310859454516637,0.030628145895203414,0.013335287998047438,1.9584477151341588,0.040806698440536034,363.46126108175275,0.38001598579496687,0.024358649240891705,0.020403349220268017
43,10,1.975041695275181,0.026295601520283002,716.9999869694565,0.7060499639176028,0.029163417962248816,0.013147800760141501,1.9597418303934833,0.03990226006110184,404.09340685455305,0.39792209276727963,0.02494108967210966,0.01995113003055092
44,10,1.97476252487338,0.02699418368270318,791.3118533936023,0.7443643777457268,0.03156280972078779,0.01349709184135159,1.9591585935143363,0.03956272855902146,379.45334513429015,0.3569408848396558,0.022182087254391022,0.01978136427951073
45,10,1.975174005257967,0.026143811395399712,805.2340228715827,0.7357871907738341,0.030216280388531767,0.013071905697699856,1.95992921024866,0.03918168258098666,431.5815110616941,0.39436007246883675,0.024271459751594268,0.01959084129049333
46,10,1.9751153802578367,0.025961707466274853,941.6164842472931,0.7517509966569388,0.030656822659003328,0.012980853733137426,1.9599999999999997,0.03818036132562185,480.73309694573743,0.38379912714019987,0.023017804326394994,0.019090180662810926
47,10,1.9746299990668368,0.025985692710122972,1125.4065690638354,0.7621206325970377,0.03110841577078174,0.012992846355061486,1.9589984956514577,0.03855671502164935,548.043084583776,0.3711324900661103,0.022477545115409638,0.019278357510824674
48,10,1.975123200216366,0.0264804186334088,604.5188851241679,0.7880684053486323,0.03277997666925333,0.0132402093167044,1.9599999999999997,0.03432190944014855,204.3436627459796,0.2663883435341246,0.014361722647549665,0.017160954720074274
49,10,1.9751881164504241,0.02642381782799935,602.8994791823665,0.8164253554930088,0.033886906753582066,0.013211908913999674,1.9599999999999997,0.032576236512272365,201.9523377670863,0.27347678153204147,0.013993979927250667,0.016288118256136182
50,10,1.974923133691849,0.026876740665197626,514.7741507651721,0.789713653216902,0.03334004059965217,0.013438370332598813,1.9599999999999997,0.03380000719921684,176.04823898246977,0.2700751343916443,0.01433907943640848,0.01690000359960842
51,10,1.9752086865596137,0.026768154535376277,386.6080991315108,0.8044870988886205,0.033826525532941076,0.013384077267688138,1.9599999999999997,0.03349652426028058,140.94052755224268,0.2932810677816808,0.015431340383122426,0.01674826213014029
52,10,1.9751680212486937,0.028210991020134663,228.09231133628282,0.7797742176145304,0.0345546971766915,0.014105495510067331,1.9599999999999997,0.035317000071083855,81.04862282663059,0.2770791618670306,0.015371192042875492,0.017658500035541928
53,10,1.9761412633788968,0.029583636674770184,116.004221418407,0.7618059773935583,0.03540102307546059,0.014791818337385092,1.9599999999999997,0.039458248859418496,37.36309775099542,0.24536547767503644,0.015207966355813273,0.019729124429709248
54,10,1.9754685562153982,0.036064117577282784,59.0570882743381,0.8699994699903852,0.04928493355024282,0.018032058788641392,1.9000000000249146,0.09591831689410046,4.059163476082748,0.05979756496614886,0.00900958788098537,0.04795915844705023
55,10,1.9755746865137556,0.038637557613044875,24.650348859148313,0.6691113702994239,0.04060952901814694,0.019318778806522437,1.9000000000000001,0.09999999999980505,3.966420301562612,0.10766488289179167,0.016911960257089936,0.049999999999902525
56,10,1.974976272947828,0.04453537656926731,11.24677100114892,0.5633619301505922,0.03941055052490469,0.022267688284633654,1.9000000000000017,0.09999999999999748,3.8107827090497532,0.19088589090463912,0.02998428562699709,0.04999999999999874
57,10,1.97701428810946,0.05498606989382034,7.533887325720334,0.4059995218601149,0.035066956847466496,0.02749303494691017,1.9000000000000001,0.09999999999999983,3.6733195322907055,0.19795437723869252,0.031094600863950893,0.04999999999999991
58,10,1.9784049736925728,0.059957847314427694,5.720961718466652,0.34684447326963724,0.032666355763368383,0.029978923657213847,1.9000000000000001,0.09999999999999999,3.433739830553112,0.2081771809499847,0.03270039511587525,0.049999999999999996
59,10,1.9778094452752246,0.038591270519698476,3.87947853742292,0.3458960163482782,0.020967879600941847,0.019295635259849238,1.9000000000000001,0.09999999999999999,2.4393301301376202,0.21749174958277342,0.0341635241352816,0.049999999999999996
60,10,1.984246085357131,0.09999999999996963,3.3053806630610842,0.228405735553062,0.035877889042552735,0.049999999999984814,1.9000000000000117,0.09999999999989832,3.2677076348976843,0.2258024844950723,0.03546897132256605,0.04999999999994916
61,10,1.9914391970697645,0.09999999999999741,2.856134401341491,0.2265073268198119,0.03557968769606824,0.049999999999998705,1.900000000000019,0.09999999999999992,3.1111356188822685,0.2467303401674435,0.03875631120438753,0.04999999999999996
62,10,1.9845365775501023,0.07847292639342099,3.450224335548172,0.24428943282715357,0.030112333158680234,0.039236463196710494,1.9000000000000001,0.06330581284538181,3.465195752469878,0.2453494679416069,0.02439768315938707,0.031652906422690905
0,11,1.994871697474291,0.09999999999999978,3.458548139631398,0.26542150044909385,0.041692311795782575,0.04999999999999989,1.9000000000000001,0.09999999999999999,3.591239992437885,0.27560475343484575,0.043291893434266884,0.049999999999999996
1,11,1.9834782150663708,0.09999999947909263,4.166694051654792,0.25235089454146004,0.03963918561442973,0.049999999739546316,1.9000000000000001,0.05360235805827615,3.5388320754978198,0.2143251769419506,0.01804583422318293,0.026801179029138075
2,11,1.9813267778749966,0.08016095862473638,5.122767990033315,0.391089985735481,0.04924469758220013,0.04008047931236819,1.9000000000000001,0.05979831221590018,3.5423323733360514,0.27043401537092043,0.025402129162291395,0.02989915610795009
3,11,1.97947771539509,0.06427483537919379,5.7826929140943735,0.4037830434825363,0.04076701631843862,0.032137417689596895,1.9000000000000001,0.09999999999999999,3.5102241252341955,0.24510535171914125,0.03850105861581982,0.049999999999999996
4,11,1.9755296839007384,0.04249375992932515,7.481437322904884,0.4479700287004354,0.029901570264358582,0.021246879964662575,1.9000000000000128,0.09999999999999834,3.369514223776638,0.20175820746509462,0.03169210511868881,0.04999999999999917
5,11,1.9772170509586227,0.04381053097162191,12.122583376168501,0.5523856027903312,0.038013752650696335,0.021905265485810954,1.9000000000000137,0.09999999999999927,3.796337678762873,0.1729864181591526,0.027172643022980093,0.049999999999999635
6,11,1.9762347656498576,0.036398364479118955,67.33884119393855,0.8373705630650844,0.04787617394473513,0.018199182239559478,1.9000000000002433,0.09999999999999999,3.9217502520940744,0.048767667494287896,0.007660407296638231,0.049999999999999996
7,11,1.9775131302450928,0.02720876459544585,639.5393657663903,0.7626821327848271,0.032596597706853865,0.013604382297722924,1.9599999999999997,0.04073126869133542,310.6602873849188,0.3704776644520493,0.0237033563045257,0.02036563434566771
8,11,1.9770258750667944,0.027257076493770564,608.5130407642652,0.7679389828312864,0.03287954993878956,0.013628538246885282,1.9599999999999997,0.040830930519622895,278.37701667894896,0.3513097480434377,0.022531979897327935,0.020415465259811447
9,11,1.9767743942173752,0.027580361894994028,701.9316889579419,0.7727632412273743,0.03347852325248464,0.013790180947497014,1.9599999999999878,0.040834290142242775,301.9921179695441,0.3324659814884741,0.021325150332728183,0.020417145071121388
10,11,1.9765697849575192,0.027498120018938792,781.8055033069217,0.7826259612848897,0.033804703446947394,0.013749060009469396,1.9599999999999997,0.040438502813232774,328.9098464145568,0.32925501756822817,0.020914493284880292,0.020219251406616387
11,11,1.9764742806218172,0.02701636698880952,732.376744645775,0.750664478111926,0.03185610611921939,0.01350818349440476,1.9599999999999997,0.039575893095925414,354.8649592420274,0.3637260759262192,0.022611274298821208,0.019787946547962707
12,11,1.9757596793065184,0.027021391496744016,672.0080309275987,0.752366967236202,0.031934293047952866,0.013510695748372008,1.959494577437317,0.04155096607457534,334.8889556567379,0.3749350846009526,0.024471302426697206,0.02077548303728767
13,11,1.975391125954115,0.02693788111355496,638.0489010798879,0.7236196647425287,0.030619188008835032,0.01346894055677748,1.9589117835057919,0.041870230181691906,330.0471539697864,0.3743108255505634,0.024618274683828063,0.020935115090845953
14,11,1.9749291435098035,0.027654346048199267,645.2184240469244,0.7500228037668663,0.03258049947502037,0.013827173024099634,1.9580721881436096,0.04203268871588245,315.4264952862299,0.36666197919935556,0.024208781292355434,0.021016344357941225
15,11,1.9746030633227887,0.02749836280578318,618.0184497051802,0.7576356646721423,0.03272556286505966,0.01374918140289159,1.9574344935361263,0.04245331358756195,308.09089227116255,0.3776920382500663,0.025186585832425872,0.021226656793780975
16,11,1.9744691843423627,0.028228296950503964,550.9787064664597,0.7389479026849277,0.032765618872261815,0.014114148475251982,1.9572684594348422,0.04300569941570756,266.3362188878731,0.35719817852563085,0.02412987809093971,0.02150284970785378
17,11,1.97561102162217,0.027799531457158452,476.794915273409,0.6976909088817141,0.030466349319781764,0.013899765728579226,1.9596512132225885,0.0419928136660211,281.4934353114726,0.4119075192194071,0.027170308641036475,0.02099640683301055
18,11,1.9745084053177144,0.02791133559965932,532.8676279999896,0.7195843512490028,0.031548753575905766,0.01395566779982966,1.957623319296074,0.0424971150917658,293.97535648554896,0.3969842697591158,0.026500411915941387,0.0212485575458829
19,11,1.9739098689694823,0.028167756943462578,534.8366199224627,0.7437399290079336,0.03290737494930875,0.014083878471731289,1.9565919796945472,0.043392598511297835,284.220469148081,0.3952349253449414,0.026939581799908862,0.021696299255648917
20,11,1.9742913824328439,0.02770461481060896,511.789430398685,0.706372686464727,0.030740143552972794,0.01385230740530448,1.9573528704672118,0.043259301596261554,301.23670693560797,0.4157674412582784,0.028252042924159917,0.021629650798130777
21,11,1.9738991517447557,0.027961308189115665,539.7774524153893,0.7348740411697122,0.03227678504063623,0.013980654094557832,1.9562320476784476,0.04388023831113335,277.9112028037828,0.37835913259597403,0.026079128588420347,0.021940119155566675
22,11,1.9738976884324138,0.028288793415101404,536.1547732272703,0.7257040217553252,0.03224733513317763,0.014144396707550702,1.9572199164468647,0.04330893588772373,283.3140676167285,0.3834753853849725,0.026087645406289064,0.021654467943861864
23,11,1.9752006013009553,0.02828578884815708,473.7031371060308,0.698278907905036,0.031025379046378754,0.01414289442407854,1.95876236370172,0.04280870793385466,281.9221550794698,0.4155773503333637,0.02794498409652616,0.02140435396692733
24,11,1.9749413973519827,0.027428892279485972,531.0976286076443,0.7028506693219313,0.030282463935575977,0.013714446139742986,1.9582189857379708,0.04284696731682761,313.02821891406217,0.4142592271729716,0.02788124456355395,0.021423483658413806
25,11,1.9756429824958301,0.028176883003687092,499.6300211063708,0.7177178002639933,0.03176629342267036,0.014088441501843546,1.958933493701404,0.042859144520590996,282.05253604755086,0.4051680587220576,0.027277123862042733,0.021429572260295498
26,11,1.977373419510953,0.02964899708927143,503.1736453214055,0.7487176031206666,0.03486967731626388,0.014824498544635715,1.9599999999999997,0.042608914777698,263.33437818792936,0.39183905256047025,0.026225759113687887,0.021304457388849
27,11,1.97861250674732,0.0318326215386484,459.5434786489632,0.7638240539683728,0.0381931618957827,0.0159163107693242,1.9599999999999997,0.04225401541102423,212.037849732001,0.3524358793061051,0.02339203355279949,0.021127007705512114
28,11,1.9788984493722241,0.030474394209414748,470.7030083331998,0.750504570277262,0.0359259531722351,0.015237197104707374,1.9599999999999997,0.04168154982403912,244.46855684066054,0.38978881789539105,0.025520731116373666,0.02084077491201956
29,11,1.9787357298734964,0.0296919560232089,492.79692346547995,0.7480277419366528,0.03488802544590017,0.01484597801160445,1.9599999999999997,0.04254425754502402,265.5938949829892,0.4031510589375721,0.0269419255031964,0.02127212877251201
30,11,1.9781557418765539,0.029278366707064386,507.3292154263798,0.7151195417864878,0.03288859864648283,0.014639183353532193,1.9599999999999997,0.04369956063879826,278.62284376072876,0.3927403238427024,0.026958916989395433,0.02184978031939913
31,11,1.9777195475060658,0.02923932371436184,492.37089926432895,0.7254896749801689,0.033321031452231,0.01461966185718092,1.9599999999999997,0.04283629722690058,275.85633600911353,0.406463752938071,0.02734976651457729,0.02141814861345029
32,11,1.9765255100182992,0.02897441925917996,518.6357015172657,0.729117019302098,0.0331842382584132,0.01448720962958998,1.9592038950732644,0.044055172174153355,267.70741600195134,0.3763528670112417,0.02604425918591028,0.022027586087076678
33,11,1.9757693561268526,0.02821991847099326,521.6537404151917,0.7198353408424208,0.03190867691018513,0.01410995923549663,1.9585823699753189,0.04382998423522417,271.5226028183024,0.37467682143057435,0.025795741648947625,0.021914992117612084
34,11,1.975274666963315,0.027565828973094238,565.24201569281,0.707214292022908,0.030622593056966994,0.013782914486547119,1.9589686251160603,0.041776356123251486,305.4908355782944,0.38222120614686333,0.02508217607892697,0.020888178061625743
35,11,1.9748418427748657,0.027420910815218486,603.800559879184,0.7504418085472938,0.03232352936142405,0.013710455407609243,1.957737897891561,0.04256138723131873,298.23340372190233,0.3706634768657083,0.024780807094190276,0.021280693615659364
36,11,1.9749268428346756,0.027500585530012406,569.9115035693973,0.7295815131669845,0.03151632995837854,0.013750292765006203,1.9584476529251764,0.04214524814055749,309.5030400171954,0.396215368265559,0.026230091708513037,0.021072624070278746
37,11,1.9745739503945932,0.027548606056809373,576.2973001793255,0.7320785028390221,0.03167941548904055,0.013774303028404686,1.9578179667560391,0.04235977939055961,311.84268986047783,0.3961381207986129,0.026358470367350156,0.021179889695279806
38,11,1.9738332729321204,0.02782756237242045,642.1601791952428,0.7710341290287513,0.03370300648535914,0.013913781186210224,1.956552305483097,0.04155594132485635,294.28112988523884,0.35333987067683764,0.02306458512743284,0.020777970662428175
39,11,1.97411251997824,0.02821003937801132,617.6266253749636,0.7650369802451582,0.0339004917457851,0.01410501968900566,1.9568750212358155,0.041968425069101936,280.4904864658704,0.3474357903904631,0.022904304214584087,0.020984212534550968
40,11,1.9743254202837464,0.026768591048564935,645.9029285223195,0.7205876319759411,0.030299271986607937,0.013384295524282467,1.9582510306711072,0.04104101074372688,367.82109524350403,0.41035164930848406,0.026454168059127574,0.02052050537186344
41,11,1.9742732585312859,0.027224256277690803,675.3359412212681,0.7329460170965643,0.0313435288585858,0.013612128138845402,1.9580036330390898,0.040802669190514486,344.6651789923252,0.37406711942128085,0.02397496526385368,0.020401334595257243
42,11,1.9745942152514204,0.02657028640180581,707.4639457842284,0.7088049819677633,0.029583045000110518,0.013285143200902905,1.9591915952723244,0.0402399754387103,403.3892779530176,0.4041539241530234,0.02554608682808203,0.02011998771935515
43,11,1.9744177199333084,0.026624499952941715,729.2261661563784,0.7222630548101608,0.030206244768818478,0.013312249976470857,1.9585792218168028,0.0404597148664526,375.84959984256085,0.37226075082068705,0.023658649146511394,0.0202298574332263
44,11,1.9748711946952608,0.026339953960291318,784.8036910215928,0.718477885631898,0.02972680907891221,0.013169976980145659,1.959999999999995,0.038519746108725036,436.38109049023086,0.39950138717751854,0.02417250087431484,0.019259873054362518
45,11,1.9749002989602076,0.026100079069355183,856.612412306833,0.7272376207820027,0.02981522131182016,0.013050039534677592,1.9598212654162326,0.039143900835882164,469.73170975488097,0.3987877902540135,0.024520303003172313,0.019571950417941082
46,11,1.9748557162528175,0.02585997545839615,1047.8449804446368,0.738105673922269,0.029982409346707904,0.012929987729198076,1.9596912074746444,0.038556352783226173,553.1747129461004,0.389658205093069,0.02359932862998228,0.019278176391613087
47,11,1.9750397892519285,0.026711288452504627,572.9263029310476,0.8168721182004185,0.034274315258718095,0.013355644226252314,1.9599999999999997,0.03425131293675574,191.2942711829478,0.2727453002269059,0.014674198062304588,0.01712565646837787
48,11,1.9741506963272697,0.025591217573391858,1258.0247647054218,0.738801463364836,0.029698777532773665,0.012795608786695929,1.9593301948029842,0.03712399034356735,669.599860241028,0.3932365804665221,0.022931287480570894,0.018561995171783675
49,11,1.975093271301771,0.02639706022379461,579.9919193871966,0.79329827191049,0.03289364102087974,0.013198530111897306,1.9599999999999997,0.03403394549271874,235.75625063910468,0.32246143432774643,0.01723891615649933,0.01701697274635937
50,11,1.974717696544494,0.026425598017440093,600.7838488848674,0.8222582985336102,0.03413131072373825,0.013212799008720046,1.9599999999999997,0.03312064499929664,212.6764428705823,0.2910780147927347,0.01514356294526726,0.01656032249964832
51,11,1.9750051543944114,0.02649052296974007,442.27707532964376,0.7914211198971697,0.03293199530609017,0.013245261484870034,1.9599999999999997,0.033466867144203986,180.9292756024241,0.32375914987845333,0.017019899359089378,0.016733433572101993
52,11,1.9749726805808694,0.027491409068803718,295.62007779287563,0.7622084279509626,0.032914754768865184,0.013745704534401859,1.9599999999999997,0.034517136158575545,125.1773564312865,0.32274951272896113,0.017499281925455266,0.017258568079287773
53,11,1.9756559534749907,0.02973021638872899,128.87069616505644,0.776695175774214,0.03627175379421998,0.014865108194364495,1.9599999999999997,0.038780542983629825,44.41327385518399,0.2676758686821929,0.016305832746138012,0.019390271491814912
54,11,1.9742376346615014,0.03502549504135955,62.66789029282592,0.8122569143357589,0.04468868508367724,0.017512747520679776,1.9000000000006818,0.09573980673955344,4.047651567763457,0.05246279964708201,0.007889761702731745,0.04786990336977672
55,11,1.974976850831911,0.03845704768232195,25.39254707794877,0.7259939110126884,0.04385597756264742,0.019228523841160975,1.9000000000000008,0.09999999999999874,3.570435905024783,0.10208171392778856,0.01603495812706957,0.04999999999999937
56,11,1.975529572846274,0.04097370624402189,12.990552489001423,0.59826869926922,0.038505379510418714,0.020486853122010946,1.9000000000000001,0.09999999999999999,3.895388892385107,0.17939877828661535,0.028179894196410746,0.049999999999999996
57,11,1.9736141768336977,0.048061692324358835,8.52370255987468,0.5217296701233141,0.03938804914698382,0.024030846162179417,1.9000000000000015,0.09999999999999996,3.0810787835600157,0.18859060438570052,0.02962374286370878,0.04999999999999998
58,11,1.9766457910832034,0.05817620890807613,5.564446630529902,0.3016381392955205,0.027564590620611985,0.029088104454038064,1.9000000000000132,0.09999999999999971,3.339607787171801,0.18103382883976057,0.028436727336711112,0.04999999999999986
59,11,1.9833657711197825,0.08582126434109925,4.9390919778952425,0.30148252353632804,0.0406421736642097,0.04291063217054963,1.9000000000000001,0.055937875377886574,3.7598303203523846,0.22950030858329554,0.02016550571933294,0.027968937688943287
60,11,1.9827929215532445,0.09999999999999973,4.387236375851712,0.31996452629352035,0.05025991026065295,0.049999999999999864,1.9000000000000001,0.056561275575846066,3.8501522910160055,0.2807945705258911,0.024947542902494107,0.028280637787923033
61,11,1.9889536429601873,0.08295051718042414,3.7531319246714268,0.27267584696790376,0.035529217769155186,0.04147525859021207,1.9000000000000001,0.08844730222407834,3.410965455947151,0.24781646724557313,0.034429810266585405,0.04422365111203917
62,11,1.9774688217423877,0.06523565936489814,2.46473878156314,0.19999450057138676,0.02049382328419854,0.03261782968244907,1.9000000000000001,0.09999999999999816,2.364176827220176,0.19183467528452666,0.030133320328882066,0.04999999999999908
0,12,1.9847822058351718,0.08038451805565687,2.995642589545877,0.23198303957999514,0.029291966167455292,0.040192259027828435,1.9000000000000001,0.0999999999999826,3.3769036315991094,0.26150795544198824,0.04107757358358471,0.0499999999999913
1,12,1.9906601753852575,0.09999999999999999,3.3542465436006412,0.2404299996850432,0.0377666560356564,0.049999999999999996,1.9000000000000001,0.08171883818361445,3.056283045786444,0.21907218869696954,0.028120905940573242,0.04085941909180722
2,12,1.983811383970533,0.0787573313641323,3.8188072489763076,0.29912749001411115,0.037005578327466655,0.03937866568206615,1.9000000000000001,0.08293306333192964,3.122853911248096,0.24461340707960624,0.03186602122916583,0.04146653166596482
3,12,1.9779870916645494,0.059544922176529694,5.195814421964755,0.35059023784253823,0.03279173744564651,0.029772461088264847,1.9000000000000057,0.09999999999999175,3.216250004723715,0.21701811545662641,0.03408912586071914,0.049999999999995874
4,12,1.9793397067014555,0.06488329402552909,6.168620036382569,0.42019883674882735,0.0428260099000152,0.03244164701276454,1.9000000000000001,0.05981918445890616,3.15152836650045,0.21467824987985562,0.02017197452275075,0.02990959222945308
5,12,1.9766120963534946,0.046899546849440095,8.793839059172248,0.47659692566121364,0.03511072199378872,0.023449773424720047,1.9000000000000163,0.09999999999999154,3.6773274134608673,0.19929895556561641,0.031305806733650306,0.04999999999999577
6,12,1.976145140521903,0.03896131656968734,17.193778081632768,0.6592039586690598,0.040343475387482654,0.01948065828484367,1.9000000000000001,0.09999999999999999,4.00321137954873,0.1534818453662949,0.024108871893107835,0.049999999999999996
7,12,1.9790019105132235,0.0301916572542476,440.4534145713092,0.7759154814149255,0.03679774849911163,0.0150958286271238,1.9599999999999997,0.04317309794549788,181.77329338467462,0.32021709397399134,0.021715888450256102,0.02158654897274894
8,12,1.9768349698746546,0.02712859455168172,614.9513556709185,0.746766876179716,0.03182234779350856,0.01356429727584086,1.9599999999999997,0.04123138635897184,312.537499370694,0.37953026681181834,0.0245806991002572,0.02061569317948592
9,12,1.9766165693308486,0.027298066527371594,640.0609129742321,0.7493176884619861,0.032130519656497596,0.013649033263685797,1.9599999999999949,0.04112198479767364,309.18547430796855,0.3619626510825491,0.023380710561009595,0.02056099239883682
10,12,1.9768959431712583,0.027577137691484798,665.5953977047493,0.7655462872270327,0.03316198504729307,0.013788568845742399,1.9599999999999997,0.04034809833500349,295.85935549067335,0.34028785643397436,0.021566983134287454,0.020174049167501745
11,12,1.9762696114287805,0.027211937660185252,779.6496553465379,0.7750457868702456,0.03312887621706602,0.013605968830092626,1.9599999999999997,0.03986912000569097,343.534948149213,0.3415063578619693,0.021387268437593764,0.019934560002845485
12,12,1.9763644360103787,0.027375935905423796,665.5144601858897,0.7688612577446866,0.03306258684662542,0.013687967952711898,1.9599999999999997,0.03985896962364156,295.2986720642084,0.3411551844421319,0.02135983631651216,0.01992948481182078
13,12,1.9754537219328727,0.027154135480645367,681.2874553852018,0.7532761804372445,0.03212995314591899,0.013577067740322683,1.9589416774690027,0.041050514829800225,338.9670622114041,0.3747842586831028,0.024166837784238837,0.020525257414900112
14,12,1.975291712750539,0.02667100975716295,622.5364572462419,0.7122538850482207,0.0298396800448884,0.013335504878581475,1.9589536663422673,0.04178105546102508,356.7485494751229,0.408161702646223,0.026787460075119528,0.02089052773051254
15,12,1.974511986897097,0.027577112369183625,613.07964975528,0.749252942190651,0.032456159039626474,0.013788556184591813,1.9575613164459158,0.04278437534552749,304.5679137599458,0.3722165718150924,0.025015015570655802,0.021392187672763744
16,12,1.9741390351149282,0.028161734893611613,613.823571854493,0.7587543040210825,0.03356452074958618,0.014080867446805806,1.9566813867502988,0.042780818306734816,281.93549252477186,0.3485036714428818,0.02341943008113073,0.021390409153367408
17,12,1.974398862335431,0.02727380448222708,578.9999317338365,0.7125031156097401,0.030524767705294192,0.01363690224111354,1.9571889310823742,0.04385865855016101,308.21145448462414,0.37927745678535607,0.026129569320567123,0.021929329275080504
18,12,1.9741853222258643,0.027868285062933738,528.7090285266678,0.7272632016857923,0.03183623742157214,0.013934142531466869,1.9572440808544243,0.04248606705673193,283.4614717252253,0.3899140857418815,0.02602167999210181,0.021243033528365964
19,12,1.9736879582255962,0.028570370110260087,562.237085208861,0.7608467985684154,0.034145459465489074,0.014285185055130043,1.9557298515007802,0.04343938338699386,258.89726656832585,0.35035247871180425,0.02390609953370759,0.02171969169349693
20,12,1.9734589224903305,0.029078628574941198,573.2517881561216,0.7648002116804743,0.03493347560787355,0.014539314287470599,1.9551262770077702,0.04482479573893055,248.43880786082522,0.3314530486730149,0.023337816148184528,0.022412397869465275
21,12,1.9741126426727322,0.02793630301728539,523.0479407749532,0.7025580947329019,0.03082982444719385,0.013968151508642696,1.9572524839480068,0.04322598123924243,289.8010962218581,0.3892608882303905,0.026430507788410853,0.021612990619621214
22,12,1.9744720931208386,0.02739730336000474,484.61264265216164,0.6979918783259905,0.030038487749442837,0.01369865168000237,1.9574447936026746,0.042707878555873394,288.8403480007806,0.4160193096367588,0.02790881295877538,0.021353939277936697
23,12,1.97381030783182,0.029049039542361224,527.7128468604134,0.7639085222304038,0.03485724106006066,0.014524519771180612,1.9553090137528144,0.04474012563055751,235.33520478536198,0.34066740953139607,0.023941296457048886,0.022370062815278754
24,12,1.9746632960087127,0.028560880405746968,505.52997084322163,0.7401758278691336,0.033206749486236344,0.014280440202873484,1.9572924826143336,0.04381387618004422,254.0475276713373,0.37196575862473424,0.02559967880198097,0.02190693809002211
25,12,1.976254415778806,0.027723966647978812,462.448419697084,0.6888386713754158,0.029998032074981397,0.013861983323989406,1.9599999999999995,0.04201871775242591,288.7546980267594,0.43011370364818347,0.028388729190472608,0.021009358876212955
26,12,1.9769765123977878,0.028363703066959862,482.2854624057965,0.7090137162662534,0.03158911392869239,0.014181851533479931,1.9599999999999997,0.04253094190929858,273.6613997440213,0.4023129477369071,0.026877501064603126,0.02126547095464929
27,12,1.977574317483859,0.0291696924365166,508.8024278224426,0.7354694540229325,0.033698949830786314,0.0145848462182583,1.9599999999999997,0.04266178466129169,254.57379628098022,0.36798419331571286,0.024659715414760357,0.021330892330645845
28,12,1.977799225701938,0.029378070005160118,498.4383604803323,0.7516143655535616,0.03468472140913507,0.014689035002580059,1.9599999999999997,0.04132925705291328,243.0220098807705,0.3664622313500572,0.023790671319120892,0.02066462852645664
29,12,1.9780691844422325,0.029086246344427726,476.34179801553614,0.7325091557906246,0.03346729504746349,0.014543123172213863,1.9599999999999997,0.043569242324191404,255.09653987899648,0.392282499353077,0.026847188880563304,0.021784621162095702
30,12,1.977610400613133,0.02912249500223028,457.13861755771336,0.7274709247584943,0.03327852713678287,0.01456124750111514,1.9599999999999997,0.04428722356064157,251.0057402512732,0.3994398437739317,0.027787515292612818,0.022143611780320784
31,12,1.9775346670320506,0.028116992706981724,499.9973403936828,0.7298746746316059,0.03223569514234045,0.014058496353490862,1.9599999999999997,0.04291712543467642,277.330780720283,0.4048355800936241,0.02729161129677601,0.02145856271733821
32,12,1.976830376982693,0.027953133364097705,480.60225103060765,0.7082690268913185,0.031099157496668608,0.013976566682048852,1.9595919685170138,0.043443663477071175,281.9466114619572,0.4155079417693934,0.028354738539062115,0.021721831738535587
33,12,1.9761207950001853,0.027465314313120576,527.9372511940718,0.7168213951052276,0.03092540599189411,0.013732657156560288,1.9597969995430946,0.04243891456528143,301.5564278207286,0.4094465749565785,0.027294892442637234,0.021219457282640714
34,12,1.9756210021295144,0.027753782085851688,505.4111782195462,0.727019744654484,0.031694817599227286,0.013876891042925844,1.959294691191207,0.042462273667969015,275.6446370618258,0.39650704671398246,0.026446854872622348,0.021231136833984508
35,12,1.9753254957949529,0.02686509932269654,534.0958280854884,0.7038426696292416,0.029701878653281295,0.01343254966134827,1.9591347414477445,0.04223200618857227,336.5191742341738,0.44347201666682384,0.029418993511119,0.021116003094286136
36,12,1.9747474999493044,0.02720768005592498,555.3333282479459,0.6864538481333614,0.029337475026438704,0.01360384002796249,1.9587549913545073,0.04099648790946276,336.75709031386685,0.41626927247725987,0.026806547545213937,0.02049824395473138
37,12,1.9753849158839114,0.02786745565688218,521.1543182445398,0.7346350864425643,0.03215798752101481,0.01393372782844109,1.9587817193601798,0.04203690139630373,280.28397635580234,0.39509687628069046,0.02608880394718441,0.021018450698151864
38,12,1.9736770200454505,0.028030530874420857,618.6272175990632,0.7506896784674296,0.03305305792048297,0.014015265437210428,1.9565541949086573,0.042012887298616845,308.2410193008265,0.3740432769309189,0.02468449570779348,0.021006443649308423
39,12,1.9739621508356757,0.027508215658652035,647.9189559000006,0.7170871885583321,0.03098519694975715,0.013754107829326017,1.9572700115346089,0.04172308713087783,333.9783348290196,0.3696320087274896,0.024225117057146223,0.020861543565438914
40,12,1.9736960088691429,0.027681296172469665,678.344652526262,0.7697708173707993,0.033470927083084474,0.013840648086234832,1.9563795928511398,0.04202493072364731,314.2807990803826,0.35663904283919745,0.023542672909648982,0.021012465361823655
41,12,1.9740147767190193,0.027096945411542978,702.7322779145868,0.7099567289499872,0.030218443667514115,0.013548472705771489,1.9580043737954613,0.04070070795275944,382.7476017947746,0.386682444970456,0.02472158413281941,0.02035035397637972
42,12,1.9742553913865721,0.027022212939024383,709.7347784607402,0.7302015469921751,0.030994421706139853,0.013511106469512191,1.9584825996809554,0.04042689490903241,369.26186727202605,0.3799103480768314,0.024125225736293974,0.020213447454516205
43,12,1.9746191573504712,0.025990935891058328,731.681294532726,0.6957974439330165,0.028406951124325768,0.012995467945529164,1.9598461277319088,0.0388375243917878,434.41151815799043,0.41310667118041455,0.025201919756139553,0.0194187621958939
44,12,1.9747400358720137,0.02614465745833571,837.8249165374954,0.7350562940784732,0.03018724182851659,0.013072328729167856,1.959413831932026,0.03930973732874596,435.03073594482333,0.3816693371872545,0.023567162131126355,0.01965486866437298
45,12,1.974885734708301,0.02608129624743019,918.1399074439371,0.7347016999782398,0.030099556316574804,0.013040648123715096,1.9599999999999997,0.03838894277824164,482.71503371906834,0.386271801283301,0.023292657124307822,0.01919447138912082
46,12,1.9745129798974386,0.026011241600011958,1105.8635882637407,0.7479702380989254,0.030560839322433146,0.013005620800005979,1.9591592117903853,0.03865572373639832,562.7767287382885,0.3806439132803066,0.023112800752297807,0.01932786186819916
47,12,1.974729197478109,0.025896282657439824,1103.5352360700106,0.7326052026594334,0.029800757418865512,0.012948141328719912,1.9596356914208264,0.03823285438034401,607.2453481711622,0.40313266565482725,0.024210546343259934,0.019116427190172005
48,12,1.974880378163564,0.025971941984988048,1200.0268679197277,0.7525956290807582,0.03070336622431364,0.012985970992494024,1.9599999999999997,0.03665774422479604,590.3423602295999,0.37023261049163003,0.021318678633883783,0.01832887211239802
49,12,1.975036734482936,0.02717646263829726,775.0937760140816,0.8337640702307348,0.035592293999152064,0.01358823131914863,1.9599999999999984,0.03292830747590515,245.8726924966234,0.26448388981883686,0.013680075964322294,0.016464153737952576
50,12,1.9749740574828685,0.02654010518691124,740.8887061874066,0.8478502051311428,0.03534611176658872,0.01327005259345562,1.9599999999999997,0.03127086743971095,228.43322524857214,0.26141194388348543,0.012840597479303025,0.015635433719855475
51,12,1.9754824434445422,0.027502417536341202,506.80990672567873,0.832110024524007,0.03594773257752453,0.013751208768170601,1.9599999999999997,0.032439121282706464,168.13314261583747,0.2760507866336746,0.014066237551016257,0.016219560641353232
52,12,1.975635997268337,0.027966362895801105,358.25489757153133,0.8353808614035708,0.03669783022813459,0.013983181447900552,1.9599999999999997,0.033692090131953616,106.9304216736162,0.24934098144496925,0.013195975345206657,0.016846045065976808
53,12,1.9755932099129367,0.028417713508855046,184.10367839426476,0.7782250741833701,0.034738753277020674,0.014208856754427523,1.9599999999999997,0.03797210036839357,68.7600586242119,0.29065579889764526,0.0173365824428469,0.018986050184196784
54,12,1.9752777058481414,0.03109382129570938,73.16744171536106,0.6881865427226929,0.03361244860170031,0.01554691064785469,1.9572098865756187,0.05200140269607401,18.13929843695025,0.1706116926610974,0.013936179364542048,0.026000701348037007
55,12,1.9742834682899464,0.03553629401934847,42.199844808743585,0.7980530723718944,0.04454754604523526,0.017768147009674235,1.9004156926149913,0.09999999999999999,3.984470060123691,0.07535142813124035,0.011836174652730198,0.049999999999999996
56,12,1.9749271317418986,0.04191333858706064,17.797801902881396,0.6026096732101681,0.03967420486354646,0.02095666929353032,1.9000000000000001,0.09999999999999999,4.2953909805707635,0.14543617067074963,0.022845060267272916,0.049999999999999996
57,12,1.9741245425490648,0.049208219295370344,10.102095849699786,0.4537616895125634,0.03507400444433482,0.024604109647685172,1.900000000000022,0.09999999999999976,3.4665314750764664,0.15570820177140982,0.024458587139436855,0.04999999999999988
58,12,1.9763400950512657,0.06326859943953426,7.998884532722028,0.43765728241416885,0.043495292629505564,0.03163429971976713,1.9000000000000001,0.05562666884419201,4.03220012489362,0.22062098053695464,0.019277456901423528,0.027813334422096006
59,12,1.9779726780505855,0.07375539987694182,5.39778659307109,0.36125354925035036,0.04185292562126037,0.03687769993847091,1.9000000000000001,0.06006187800670011,3.2123607293362646,0.214991218147606,0.020283341607300227,0.030030939003350056
60,12,1.9796746993987604,0.06465177776823383,3.621963887733358,0.2791312673579585,0.028347113062916814,0.032325888884116916,1.9000000000000001,0.09999999999995471,2.5387262841132805,0.19565017960545422,0.03073265834608701,0.049999999999977354
61,12,1.977546892380017,0.06464114916665276,2.8196005602298606,0.24679649360940092,0.025059242030580287,0.03232057458332638,1.9000000000000001,0.09999999999999999,2.770878765359059,0.24253192922178066,0.03809682635520529,0.049999999999999996
62,12,1.9901995886391362,0.09999999999999949,2.842363588221994,0.19721022868312307,0.03097771028218297,0.049999999999999746,1.9000000000000001,0.09999999999999999,3.1000552660367995,0.2150895158095758,0.03378618213657745,0.049999999999999996
0,13,1.9999999999979527,0.09728646497364346,2.530890832414113,0.17806449480983236,0.027211321402948664,0.04864323248682173,1.9000000000000001,0.09999999999999999,3.537668666918719,0.248897809384606,0.03909677647286355,0.049999999999999996
1,13,1.9811380843721051,0.08334610129490827,2.893488986157469,0.22563994171440593,0.029540724706626696,0.041673050647454135,1.9000000000000001,0.09999999999999999,3.0352168048358283,0.23669215476891747,0.03717951672921847,0.049999999999999996
2,13,1.9888152035585376,0.09799347713380802,4.007591181480185,0.2872047540618103,0.04420879419941521,0.04899673856690401,1.9000000000000001,0.09999999999999999,3.3997436497257314,0.2436432496670089,0.03827139216253095,0.049999999999999996
3,13,1.9813717670694433,0.06471877829925088,4.322028643831478,0.32259596247717715,0.032795111748019995,0.03235938914962544,1.9000000000000001,0.09999999999997332,2.855609975368428,0.21314255975100505,0.033480354994045114,0.04999999999998666
4,13,1.977136562541972,0.04607806022928661,5.399530663021499,0.36250615066989805,0.026237922491684468,0.023039030114643304,1.9000000000000044,0.0999999999999975,2.835433243271303,0.1903613581711874,0.029901892217898133,0.04999999999999875
5,13,1.9762572282362956,0.04480879646003143,7.774953490220161,0.4204018173528744,0.029590189125190184,0.022404398230015714,1.900000000000011,0.09999999999994998,4.157112896789189,0.22478048504721784,0.03530843602471683,0.04999999999997499
6,13,1.9765395364380993,0.04702572969422923,10.380969217105939,0.562732729172338,0.04156785315312937,0.023512864847114616,1.9000000000000001,0.09999999999999996,3.7883626781541784,0.20535998367661593,0.03225787080298881,0.04999999999999998
7,13,1.9761640008551005,0.03666210707534516,41.46369319034381,0.8052833955469453,0.04637522639886367,0.01833105353767258,1.9000000000000001,0.09999999999999999,4.6517153583805015,0.09034287229838209,0.0141910251958399,0.049999999999999996
8,13,1.9772200641016384,0.02702030938861375,599.6796456471766,0.7427171049071066,0.03152344120285678,0.013510154694306876,1.9599999999999975,0.041669197175098885,309.62043956596006,0.3834720724034605,0.025099712716584312,0.020834598587549442
9,13,1.9768049695742862,0.02710030651401863,594.2387949154382,0.7355117245796943,0.031310044151841354,0.013550153257009315,1.9599999999999973,0.04189407471365981,298.7881569257498,0.3698213486982439,0.024336855192937507,0.020947037356829904
10,13,1.976296170073819,0.02748848631261642,657.6332842970841,0.7584717945927703,0.032749912034040186,0.01374424315630821,1.9597381127019253,0.04149181691244355,308.10538253378627,0.35534886690516776,0.023159931195414294,0.020745908456221776
11,13,1.9762450307428823,0.027338343465864,697.7539572870363,0.7575485537225473,0.032531384434879906,0.013669171732932,1.9599999999999997,0.04061706275120262,332.5292024204804,0.3610255645752212,0.023033840052761205,0.02030853137560131
12,13,1.9761928698220441,0.027472001803804713,649.010443865434,0.7414640507127657,0.03199633850969396,0.013736000901902357,1.9599999999999997,0.040207585722903345,328.3974458093278,0.37517870893306676,0.023695509871981258,0.020103792861451673
13,13,1.9749817653632715,0.02796606681817926,655.8583803469639,0.7694665135983847,0.03380189065384372,0.01398303340908963,1.9578125252790375,0.04201270580801905,290.9520152216375,0.3413508761732695,0.022526906264068468,0.021006352904009526
14,13,1.974576168296809,0.02769952143426004,620.5209916837669,0.7637155045698336,0.03322949570013399,0.01384976071713002,1.957201583032579,0.04332043463151303,296.11003971388766,0.36444186646232557,0.024799386915604595,0.021660217315756514
15,13,1.9743804871379527,0.027889489157819015,609.5455309726624,0.7489430610389638,0.03281022721457281,0.013944744578909507,1.9574019707266037,0.042849998555645155,310.3037752580707,0.3812674320208396,0.025662584827752452,0.021424999277822578
16,13,1.9740257783659079,0.028042448429841715,612.5603137109014,0.7649479450976001,0.033695172900673157,0.014021224214920858,1.956423099220837,0.04326168877440018,275.5541304167779,0.34410418224539185,0.023383703561243162,0.02163084438720009
17,13,1.9745280175607665,0.02738753165476283,593.1795658421645,0.7221847544081681,0.031068557214903154,0.013693765827381415,1.9577870882859956,0.04210863748652573,328.28310315935255,0.3996783872601771,0.026436364453067168,0.021054318743262863
18,13,1.9739411937324158,0.028123588853345115,595.1321707682391,0.7405552221193401,0.03271508598079881,0.014061794426672557,1.9563872009983838,0.04293608309797607,284.5597174382069,0.3540930823511689,0.02388139776386008,0.021468041548988036
19,13,1.9743258338020722,0.027618010649161022,544.7064065253393,0.72399475484415,0.03140853570233955,0.013809005324580511,1.9580084393098827,0.04252091895883951,305.3434613727339,0.40584627206791046,0.0271071637944394,0.021260459479419756
20,13,1.973772507917198,0.028268240436685913,537.7850862479328,0.7395946685386908,0.03284070150411713,0.014134120218342957,1.955767810538395,0.04430754770925381,263.65154734422566,0.3625895989943233,0.025235559204472943,0.022153773854626906
21,13,1.9745649123342428,0.028203872246100707,499.2816036401428,0.7217363495336329,0.031974752719210776,0.014101936123050354,1.9580345072791798,0.04219240216806425,268.7899452677652,0.38854921245751334,0.02575135951735147,0.021096201084032123
22,13,1.9743172669878029,0.027976256557945344,487.7133611686313,0.712952342650829,0.03133069143832871,0.013988128278972672,1.95742573404601,0.04323223043756541,279.73189593273906,0.4089195137929542,0.027769327026975717,0.021616115218782705
23,13,1.9742864129999416,0.02845441848583057,504.1938719553667,0.7344473860610465,0.03282693090270344,0.014227209242915284,1.9562836435453141,0.04428927982370686,243.22500815196906,0.354300163881611,0.02464846330703903,0.02214463991185343
24,13,1.975138946580112,0.02769078259670236,504.3623169742239,0.7138519360026528,0.031050117549084075,0.01384539129835118,1.9581780449937853,0.04231508853459407,281.0788523265025,0.39782647543220795,0.02644288358609051,0.021157544267297036
25,13,1.975350022458081,0.02843925772439292,502.02888370868567,0.7355465523536939,0.03285854269477069,0.01421962886219646,1.958629360212333,0.04331283386588382,263.1065720396096,0.38549003502681417,0.026227061377587183,0.02165641693294191
26,13,1.9763902131367226,0.027726956830462085,472.4801643957542,0.7192127012748333,0.03132415986076717,0.013863478415231043,1.9594784304616444,0.04336968229471227,266.3968419921268,0.4055111870892419,0.02762542433391066,0.021684841147356134
27,13,1.9767846107315683,0.028064606016770022,470.8235963280393,0.7132184403224967,0.031441364846564665,0.014032303008385011,1.9599999999999997,0.043414952642888076,265.8849533606445,0.4027709172183757,0.027467384859783898,0.021707476321444038
28,13,1.9770932140260347,0.028221906721937,481.3439604265919,0.7194141458345772,0.03189225311472485,0.0141109533609685,1.9599999999998419,0.04297951076561444,270.4715276231581,0.4042453193868679,0.02729143330236579,0.02148975538280722
29,13,1.977317237338928,0.0285701590253125,488.6148995951091,0.7333731876950601,0.03291224920555922,0.01428507951265625,1.9599999999999997,0.04228310389739285,263.19569124430274,0.39503638394037055,0.02623758354736839,0.021141551948696425
30,13,1.9773686429065291,0.028352779042761813,500.2070675185974,0.739346219584483,0.0329278494163333,0.014176389521380907,1.9599999999999997,0.04340187651520226,260.284557038633,0.3847214798810899,0.02622858240869056,0.02170093825760113
31,13,1.976735900358032,0.028880791697624197,518.4237838485848,0.7477108359596424,0.03392053128211408,0.014440395848812099,1.959101713946746,0.043743038308034214,240.92248141228833,0.3474770170476338,0.02387563366332245,0.021871519154017107
32,13,1.9763446627924932,0.02829021996268772,493.13769249759247,0.7459971102035661,0.0331507490895251,0.01414510998134386,1.9591699798781232,0.043830110277629314,253.7345127356392,0.38383846162929613,0.026426578048998638,0.021915055138814657
33,13,1.975810500191971,0.02736004156568497,492.25897678761754,0.7277263896764773,0.03127553546750032,0.013680020782842485,1.9591422605750974,0.042488688067596606,279.3540839590206,0.4129804605850538,0.0275627599541146,0.021244344033798303
34,13,1.9751579986303514,0.0278600456822301,506.7251243066055,0.7381346019837993,0.0323025840910099,0.01393002284111505,1.95795665341538,0.04286953804763721,260.6250321720296,0.3796463707075126,0.025565125747140368,0.021434769023818606
35,13,1.9747028406655482,0.0283769048112281,520.8044235483112,0.7490829815885254,0.03338987789398257,0.01418845240561405,1.9574278203286084,0.04348360140669989,257.18598759734516,0.3699155339342808,0.025266666745087017,0.021741800703349946
36,13,1.9740707779486968,0.0282278453262946,536.4726579526152,0.7494827571181039,0.033232212163273996,0.0141139226631473,1.9564821151069898,0.04238827687497353,256.58915810620385,0.3584696196782441,0.023868108013168018,0.021194138437486763
37,13,1.9742653259066245,0.02727589697864379,575.6000757353789,0.7147621343663151,0.03062389700638199,0.013637948489321894,1.9581262137338542,0.04133373573287901,334.9520694157575,0.41593298218411906,0.027005230931250485,0.020666867866439505
38,13,1.9743441849904733,0.026565225200970682,566.312797604498,0.6720282956079828,0.028042771822585744,0.013282612600485341,1.9585920547104703,0.04135373821269296,376.18817858257955,0.4464124800818636,0.02899819584228245,0.02067686910634648
39,13,1.9735758734039441,0.0279852580087332,637.7454337063626,0.7328947055777156,0.03221742132285581,0.0139926290043666,1.9564290493545502,0.04255406867707512,315.027553714934,0.3620285054601891,0.024199351878622648,0.02127703433853756
40,13,1.9742487795673078,0.026560178504258666,676.3005813891476,0.6893965062068218,0.02876205713336383,0.013280089252129333,1.9584787677049174,0.04069957573148894,396.03253015387554,0.4037013277018465,0.02580892625844655,0.02034978786574447
41,13,1.9743854854604639,0.026428951556392216,647.9087123001207,0.6962169199109748,0.028903097339621292,0.013214475778196108,1.9591718227067263,0.040742091258054634,398.6842163968231,0.4284101940403326,0.02741719308616459,0.020371045629027317
42,13,1.9740662244658924,0.026873841191856818,765.2011933980598,0.7477926052807754,0.031566816789279764,0.013436920595928409,1.9582777505530902,0.039623372591773565,380.3151368723543,0.3716628378042119,0.02313238724280332,0.019811686295886782
43,13,1.97432011225642,0.02653335463624801,821.2090058304298,0.7271214280123256,0.030305327529045772,0.013266677318124006,1.9589230961450532,0.038611581881568165,423.01328477971987,0.3745477966186925,0.022716672565666653,0.019305790940784082
44,13,1.9744199623380618,0.026292471036459816,925.6301218049558,0.7600372019796066,0.03138962531019618,0.013146235518229908,1.9589124507410323,0.038980626351875575,436.2810940510454,0.3582314946196501,0.021934738199082676,0.019490313175937787
45,13,1.9744771700250383,0.02622444034128779,1100.3432313812086,0.7604733042897305,0.031326370409954916,0.013112220170643896,1.9588484858084716,0.03890080147106246,534.8930783151499,0.36967729260026083,0.022589218230405887,0.01945040073553123
46,13,1.9752812287613677,0.02667541949461433,974.3455701220677,0.7563260111791048,0.031691308530772205,0.013337709747307165,1.9599999999999997,0.037038904955623175,454.79754509004823,0.3530320491208386,0.02053960791234372,0.018519452477811588
47,13,1.9747015147104638,0.026166903825818554,1165.8545179019943,0.762716672825449,0.031349849141424746,0.013083451912909277,1.959396057175535,0.03860804524472095,541.8216967321813,0.35446656117941855,0.021496757759911094,0.019304022622360476
48,13,1.9752652567578954,0.026290453258451373,1088.560943386983,0.7758654702529071,0.03204087552083258,0.013145226629225687,1.9599999999999997,0.03729355166551261,497.8792654915039,0.35486054574751785,0.020787934448956765,0.018646775832756306
49,13,1.9759866218270319,0.0273529586645982,1182.690417163901,0.780275261732532,0.03352524993341745,0.0136764793322991,1.9599999999999997,0.036823903146568776,479.1562145111057,0.31612139175438136,0.01828536281433701,0.018411951573284388
50,13,1.975377543360675,0.02762105526103039,750.4944899134225,0.8425962111539542,0.03655776575154855,0.013810527630515195,1.9599999999999997,0.03275366532968657,221.59138692448894,0.24878538824244195,0.012799843327366998,0.016376832664843285
51,13,1.97577894481838,0.027230513085644274,593.6087324967234,0.8523583222411558,0.03645842535038977,0.013615256542822137,1.9599999999999997,0.03222029924690786,188.34448886424278,0.2704424374898834,0.0136875049177014,0.01611014962345393
52,13,1.976210965862093,0.028210300519316892,444.1921811450612,0.8327108516835795,0.036899613224903864,0.014105150259658446,1.9599999999999997,0.0330123544973095,124.53458848372469,0.2334604426692518,0.012106251217793011,0.01650617724865475
53,13,1.9768279879297965,0.02932709357600274,289.07015656444696,0.8462131348510865,0.038982408131507475,0.01466354678800137,1.9599999999999995,0.0369726958529023,71.94750263983018,0.21061642086177765,0.012231880328173596,0.01848634792645115
54,13,1.9774877313149215,0.029751786258763076,137.35764354153923,0.8139646705261355,0.038039822121163025,0.014875893129381538,1.9599999999999997,0.039901126174544686,37.51398778991647,0.22230332382126605,0.013933203707803495,0.019950563087272343
55,13,1.9767766937637061,0.030786548571750234,58.14006919000568,0.7388551621622217,0.03573059041631797,0.015393274285875117,1.9599999999999997,0.05219664036466439,17.262490218964587,0.21937504010142028,0.017986623366366503,0.026098320182332196
56,13,1.9743415547862846,0.038209545745648645,26.126236751756156,0.6814328447792743,0.04089920009607775,0.019104772872824322,1.9000000000000001,0.09999999999999999,3.0436523192234035,0.07938551112869428,0.012469846928168837,0.049999999999999996
57,13,1.974360593601039,0.04709576424628485,12.752746074977722,0.5256660645501731,0.03888764710567759,0.023547882123142426,1.9000000000000001,0.09999999999999999,3.405906974017089,0.1403909169624613,0.022052553668000158,0.049999999999999996
58,13,1.9764104138135075,0.048881800265681015,8.476020977000408,0.458792026582349,0.035227589811546715,0.024440900132840507,1.9000000000001085,0.09999999999999659,3.848557941520783,0.20831563562679803,0.032722143525650726,0.049999999999998296
59,13,1.9751535805314224,0.04762162335415339,5.574972011792479,0.37522738352174956,0.028068460807905562,0.023810811677076694,1.9000000000015609,0.09999999999989673,2.5192005952656458,0.16955655489004612,0.026633881360500662,0.049999999999948364
60,13,1.9827439409326122,0.06298867927262704,4.734085615303673,0.3518345332247314,0.0348113482053948,0.03149433963631352,1.900000000002197,0.09999999999988132,3.261132961538543,0.2423655350882579,0.03807068922578633,0.04999999999994066
61,13,1.9874194291282101,0.09781689095069938,3.932450560822659,0.2477631936492165,0.038068917031356356,0.04890844547534969,1.9000000000000001,0.09999999999999999,3.6788197531593188,0.23178323968856118,0.0364084261515413,0.049999999999999996
62,13,1.9832606505215784,0.09667898648192036,2.649563322145888,0.20683712354758585,0.03141090544054023,0.04833949324096018,1.9000000000000001,0.09999999999999999,2.8177109376044864,0.21996350132544337,0.03455178599109508,0.049999999999999996
0,14,1.993221656220961,0.09771178066130605,2.432351318321437,0.16888797879347542,0.025921823129726795,0.048855890330653025,1.9000000000000001,0.08599771702700122,3.2448915763628965,0.22530593159301268,0.030435428792263935,0.04299885851350061
1,14,1.9999991892033502,0.09722599099587491,2.618076217509994,0.18391765799584586,0.02808831477819977,0.048612995497937454,1.9000000000000001,0.09999999999999999,3.397368227246847,0.2386622679377185,0.037488981382110764,0.049999999999999996
2,14,1.9764236429695783,0.07242552623554688,2.9198448251567957,0.2069364223880824,0.023542277414696083,0.03621276311777344,1.9000000000000026,0.0999999999999999,2.5984281086210546,0.18415684696593343,0.028927289876821784,0.04999999999999995
3,14,1.9758080484812268,0.04382877649767342,3.505589845890407,0.2830303099881525,0.019485527683823563,0.02191438824883671,1.9000000000000001,0.09999999999999999,2.6256732426431735,0.21198860804097827,0.03329909268331317,0.049999999999999996
4,14,1.9843850295397152,0.08095785159510029,4.777211038196127,0.32390926976686457,0.041190989865960495,0.04047892579755014,1.9000000000000372,0.09999999999999909,3.512351183539947,0.2381479691662932,0.03740819552000742,0.049999999999999545
5,14,1.9747012085301174,0.04392468245586729,5.388150139859573,0.36812387099669464,0.025399343281185652,0.021962341227933644,1.900000000000037,0.09999999999999995,2.436834988494053,0.1664870327774489,0.02615172195457981,0.049999999999999975
6,14,1.9755753824137519,0.046713246664551865,7.537948117817493,0.4107806086009612,0.0301418471864739,0.023356623332275932,1.9000000000000181,0.09999999999999822,2.951854183238245,0.16086134302592953,0.025268040674841945,0.04999999999999911
7,14,1.9750032988876811,0.03676509480123131,13.724363419368078,0.5726480861733529,0.03307069948143367,0.018382547400615654,1.9000000000000012,0.09999999999999999,2.652940600423913,0.11069375760047379,0.01738773478379489,0.049999999999999996
8,14,1.9795492035865745,0.03374195113188632,196.20964028029988,0.8203790394955569,0.043481510725526015,0.01687097556594316,1.9599999999999997,0.04402652626800638,54.22491316386735,0.22672169478805126,0.01567932553208485,0.02201326313400319
9,14,1.976191069918678,0.027219418753458322,591.7293585412544,0.7675685710946829,0.032818286935889306,0.013609709376729161,1.9587218121399703,0.04236477958436175,287.80576421962854,0.3733305708195176,0.024843820489666935,0.021182389792180876
10,14,1.976312039625867,0.027102261131913937,557.0466033265913,0.7184018855091833,0.030583900066941613,0.013551130565956969,1.9596732457915618,0.04165714276081383,309.92225446478756,0.3996949817827421,0.02615399590085438,0.020828571380406915
11,14,1.9755399312832644,0.02782287731048911,636.7066184483646,0.7577441252034772,0.03311650492706852,0.013911438655244555,1.9584649225577604,0.042993716528204766,281.9329563044085,0.3355282246971638,0.022659687942447968,0.021496858264102383
12,14,1.9755802864818042,0.02739462593165071,671.1475877533672,0.7458866198226212,0.03209652892412205,0.013697312965825355,1.9595285862378415,0.041071494767758385,327.1226605643854,0.3635510579312634,0.023454479458133264,0.020535747383879192
13,14,1.9754554372929483,0.027115253322226078,679.6522543440226,0.726373583938201,0.03093809616030163,0.013557626661113039,1.959310954617242,0.04106146035315682,360.7850574659709,0.38558650184401005,0.024870017466310318,0.02053073017657841
14,14,1.9752555186956087,0.02712520199109333,608.6841837590043,0.7086343716268554,0.03019361210966495,0.013562600995546665,1.9591366560488244,0.04169448395637302,349.582719938406,0.40698664050262445,0.026654996733429994,0.02084724197818651
15,14,1.9747941695213296,0.026939750804868486,602.6915494964795,0.7200108693951558,0.03046860031721182,0.013469875402434243,1.9586004239191692,0.041969515816466206,343.83432540350583,0.41076476311722576,0.0270798975633156,0.020984757908233103
16,14,1.9740721579652845,0.028144753405827432,598.7579086113471,0.750070883610255,0.03316039019270764,0.014072376702913716,1.9566719070928067,0.04322153971782575,281.59959964776294,0.3527630407787966,0.023949871555667322,0.021610769858912873
17,14,1.9749552437807478,0.027437490429694684,529.6377874712078,0.7004076901567574,0.030186667347907214,0.013718745214847342,1.9590068915394547,0.04148203427953169,316.9264675146489,0.41911234491278243,0.02730928791920802,0.020741017139765845
18,14,1.974046208456134,0.027782804949634022,574.7883776821741,0.7402172107385113,0.032303914014213,0.013891402474817011,1.9570385249488884,0.04273231030851531,296.9583971396747,0.38242547165359325,0.025669834073494536,0.021366155154257657
19,14,1.974328457250365,0.027616472580331636,529.7062555539151,0.7115015444256941,0.030864832896126976,0.013808236290165818,1.9576459929626493,0.04307483305095352,298.4632532074996,0.400895899160924,0.027125333953966373,0.02153741652547676
20,14,1.9741105292812589,0.028081670486774294,535.1325395073324,0.7406377172689712,0.03266996287136222,0.014040835243387147,1.9566698451032265,0.04317053444005461,271.37917919842084,0.37559602707189044,0.02546996170406791,0.021585267220027304
21,14,1.9741372170669358,0.027979698431510124,503.2195340216484,0.7130834117138384,0.031340306541320334,0.013989849215755062,1.9570080263875498,0.04313460117259138,279.02474444348746,0.3953898910287222,0.026789908195548204,0.02156730058629569
22,14,1.9742011150974257,0.02814239304742306,555.3138855084713,0.7406148782099612,0.032739597329565225,0.01407119652371153,1.9568484174467167,0.04352774827934158,282.69153011754935,0.3770220025333807,0.025778211004999524,0.02176387413967079
23,14,1.9752644444602463,0.026809034643910042,512.5728997136899,0.694401833270775,0.029242325816738718,0.013404517321955021,1.9588705657548529,0.04270333604344908,326.1176762798821,0.4418039119845162,0.029635430342700324,0.02135166802172454
24,14,1.9748378246440381,0.028515118500195957,561.5724272435883,0.7447089723175314,0.033356589781714,0.014257559250097978,1.9573229430527543,0.04346476470855043,278.15621428829877,0.3688668076228792,0.02518412040910562,0.021732382354275215
25,14,1.975343139984383,0.02827010635511337,527.8636951929103,0.7360308091470888,0.0326846104352758,0.014135053177556684,1.9582363472672648,0.04299098741531033,282.1739834864055,0.39345146725776525,0.02656981107342579,0.021495493707655165
26,14,1.9761839143459121,0.028414162458276368,460.41552008872657,0.7064715886728596,0.03153184893716545,0.014207081229138184,1.959349149078128,0.04350052272970706,253.35301717734748,0.38875038032134646,0.026563492824704087,0.02175026136485353
27,14,1.9762238019409226,0.02810826505167483,497.6910009094815,0.7159897328555845,0.03161263608030448,0.014054132525837416,1.9593323304665218,0.04356558037888026,271.36598106525656,0.39039334835058526,0.02671565278862788,0.02178279018944013
28,14,1.9767207163891483,0.02795764484562204,502.1954991562182,0.7262264212282943,0.03189278945374095,0.01397882242281102,1.9599999999999926,0.04227375985925614,276.482860701699,0.39982269613271915,0.026549613091243675,0.02113687992962807
29,14,1.9768656639085087,0.027612211631472105,502.51969044537367,0.7221735553609965,0.031322949601645014,0.013806105815736052,1.9599190942968332,0.042843243391795904,277.419953421369,0.3986815997455339,0.026830478026475875,0.021421621695897952
30,14,1.97687160248791,0.027810724929881292,516.5271777992041,0.7240890433556982,0.031631818682940537,0.013905362464940646,1.9599999999999884,0.04304160372322291,275.48872487205614,0.38619142577902055,0.026110245127745443,0.021520801861611455
31,14,1.976769824789333,0.02804488522117751,556.9451919044395,0.7447729349433672,0.03280933515251571,0.014022442610588754,1.9599999999999997,0.041616020587110565,289.1305918826916,0.38663883381783914,0.025274693571171566,0.020808010293555283
32,14,1.976313226524138,0.027571243440866172,547.197122713437,0.7195854464226796,0.031164387882644355,0.013785621720433086,1.9599999999999997,0.041720367115321746,305.53450755189004,0.40178973150302627,0.02633096838813551,0.020860183557660873
33,14,1.9762676704534925,0.027103491087851313,521.2587933704001,0.6937295555537478,0.029534886666186644,0.013551745543925657,1.9599999999999997,0.04118946132267383,325.3420601841358,0.4329891518090938,0.02801450833870803,0.020594730661336914
34,14,1.975887606683756,0.02677052218897999,493.38692838512986,0.6850201425843938,0.02880580799234943,0.013385261094489995,1.9597023319095879,0.04138007211263204,308.65208784046393,0.42853364176767234,0.02785454327484553,0.02069003605631602
35,14,1.9747679777905975,0.027236276386704002,542.7058360177666,0.7104809405868198,0.03039625237108557,0.013618138193352001,1.9584756847304292,0.04171276326808305,323.0102395566407,0.42286742391298543,0.027707227316970326,0.020856381634041524
36,14,1.973838860881011,0.027790799987747725,570.4010541529587,0.7511274301752093,0.03278948138804804,0.013895399993873863,1.9564778569046775,0.042316427625419484,281.0952227673538,0.37015768251920445,0.0246045621926941,0.021158213812709742
37,14,1.9733982257838951,0.028355233995282347,593.6005171047474,0.7597147065518524,0.03383791897292321,0.014177616997641173,1.95579330290851,0.04264499521091481,279.2108923423435,0.3573457485794496,0.02393737737698235,0.021322497605457406
38,14,1.9737795732814705,0.02799928956878326,600.2976176812923,0.7485609856167146,0.03292259635328206,0.01399964478439163,1.95674348375233,0.04194001974205116,293.91820088432854,0.36651102996959484,0.024145464058456682,0.02097000987102558
39,14,1.9739178848540173,0.026538863014836774,614.5284579857888,0.7130276281784441,0.029724088649724933,0.013269431507418387,1.9579539727390518,0.040895690702411634,368.7604682363959,0.427866925633329,0.027485658177750043,0.020447845351205817
40,14,1.974163003286541,0.026485654005729362,681.1907223672205,0.7051416522133118,0.029336408695089362,0.013242827002864681,1.958363748069386,0.040249798304181295,395.16769766373795,0.40906194709111543,0.025862628807618086,0.020124899152090647
41,14,1.9738098537343183,0.026926053692318097,764.2511259129639,0.7427612794899854,0.03141534548596228,0.013463026846159049,1.9582380139060356,0.03945228468952568,384.2299295184166,0.37342583398424406,0.023141760517396352,0.01972614234476284
42,14,1.9745344763242076,0.025719781472506087,736.4826415221776,0.7000678337759295,0.02828311730514596,0.012859890736253043,1.9598709321005443,0.03943377408497101,454.80334754453264,0.4323159520114154,0.02677869950778716,0.019716887042485504
43,14,1.9744309133116125,0.025786097575819993,800.1144881580495,0.7241367070934762,0.029330945405452866,0.012893048787909997,1.9594692861264364,0.03921625189963875,451.7264149051158,0.4088310903475558,0.025184299513425167,0.019608125949819376
44,14,1.9745064700619546,0.025607159466707136,1016.6740873187292,0.7245961280995116,0.029145888027004692,0.012803579733353568,1.9599999999999997,0.03767586604010472,563.2290549473776,0.40142027571916705,0.023756498290230285,0.01883793302005236
45,14,1.9743539031017476,0.025391483816623508,545.7016407524726,0.7101356703788961,0.028323654345472606,0.012695741908311754,1.959847011671316,0.037658132747440703,290.5112695812564,0.37804983487357224,0.022362878887457558,0.018829066373720352
46,14,1.9744029989884626,0.02637496382849047,1183.1111932005463,0.7575120410144731,0.03138349380368716,0.013187481914245234,1.9586782012363126,0.03829667206861545,584.6657611193774,0.37434465717352616,0.02251917894899308,0.019148336034307725
47,14,1.975233905364806,0.025966561569835876,1004.4942115069575,0.7215897268609319,0.02943233132865478,0.012983280784917938,1.9599999999999997,0.038126287650022586,521.3025723149905,0.37448357238848035,0.022427309079629712,0.019063143825011293
48,14,1.9754337711154593,0.026193777180306167,1082.635966303982,0.7707300287821429,0.03171175561357488,0.013096888590153084,1.9599999999999997,0.036764590613575385,499.76898514708404,0.3557862257447688,0.02054654206986052,0.018382295306787692
49,14,1.9757751298177375,0.026681426436805,1164.6661393726254,0.7794873796205929,0.03266916310251854,0.0133407132184025,1.9599999999999997,0.038361072653232346,485.52614085795676,0.32495277958242585,0.019580820023971372,0.019180536326616173
50,14,1.9766056988653038,0.027685778896423152,1207.5221611197087,0.8166233460889304,0.03551390387608181,0.013842889448211576,1.9599999999999997,0.037954516707223496,467.88717783343134,0.31642284096893236,0.018864754953240966,0.018977258353611748
51,14,1.976013455447206,0.027592061952601624,628.7734288268846,0.8341436879497599,0.0361530466288945,0.013796030976300812,1.9599999999999997,0.03308737790592292,182.87836136987235,0.2426101737216917,0.012609307549304762,0.01654368895296146
52,14,1.9766286815127607,0.028269249311847586,548.6203870110589,0.8653004356913698,0.038423867444829805,0.014134624655923793,1.9599999999999997,0.03272795778732565,144.69299103121483,0.2282141005785734,0.011732248626886009,0.016363978893662826
53,14,1.9770309712723844,0.02892713704756223,424.9901917931262,0.8759941042568732,0.03980398128769379,0.014463568523781115,1.9599999999999997,0.03374234936188501,100.11622563518405,0.20636058217447678,0.010937597543283212,0.016871174680942506
54,14,1.9775972611517036,0.029492178308947202,276.1710721618688,0.8686119524715493,0.040239495685632606,0.014746089154473601,1.9599999999999997,0.03658313566333969,61.22615504598378,0.19256821382670736,0.011065865995129405,0.018291567831669846
55,14,1.9774316939363832,0.030688535840016507,107.47383420859525,0.8148214233178339,0.0392788247209269,0.015344267920008254,1.9599999999999997,0.042993310528085506,27.593541419493466,0.20920262926669755,0.014128234770191523,0.021496655264042753
56,14,1.9747209981269944,0.036281587526361576,45.54235254439238,0.7994067964331723,0.04555898027812404,0.018140793763180788,1.9000000000000032,0.09999999999999999,3.9851300289269584,0.06995115209933077,0.010987901277269988,0.049999999999999996
57,14,1.9747427477063684,0.04493456842745195,16.864239292817853,0.6129373194675279,0.04326298855111579,0.022467284213725975,1.9000000000000006,0.09999999999999999,4.1426074559233905,0.15056467508269147,0.023650643856495887,0.049999999999999996
58,14,1.9748907246157539,0.04522326653741368,9.484143400355732,0.5176048315830477,0.03676885682120746,0.02261163326870684,1.9000000000000015,0.09999999999999995,3.764458081263599,0.20544835826510208,0.03227175265088641,0.049999999999999975
59,14,1.9758942818283556,0.05664499961369965,6.850580776510765,0.40788192417135305,0.03629241886596784,0.028322499806849824,1.9000000000000188,0.09999999999999284,2.851816238519841,0.16979644977532005,0.02667156396098678,0.04999999999999642
60,14,1.9836849202077806,0.09416326696633256,4.320234350219524,0.23542289878334033,0.03482171027406254,0.04708163348316628,1.9000000000000001,0.09999999999999999,2.8534634347623213,0.15549402623259964,0.024424944524471682,0.049999999999999996
61,14,1.9805046866872835,0.0616148942876754,4.209469708448066,0.2846341260667544,0.027548157235276316,0.0308074471438377,1.9000000000000001,0.09999999999999999,3.3540312263144334,0.22679145189871883,0.0356243179590989,0.049999999999999996
62,14,1.986818813580518,0.09999999999994261,3.034679671906429,0.20229590109332968,0.03177656583628836,0.049999999999971304,1.9000000000000001,0.09999999999999999,2.8441257693505495,0.1895933171002799,0.029781248608597974,0.049999999999999996
0,15,1.9999999999999896,0.09999999999999999,2.150500596504405,0.17109659629690888,0.026875790499029377,0.049999999999999996,1.9000000000000001,0.09999999999999999,3.445180687567652,0.2741030112843598,0.043056000328889246,0.049999999999999996
1,15,1.9931774645919456,0.09999999999983823,2.8104147128755623,0.19459688697166566,0.03056720752603196,0.049999999999919116,1.9000000000000004,0.09999999999999999,4.096989985257131,0.2836810857246706,0.044560520743750075,0.049999999999999996
2,15,1.9868979630974872,0.07766582520376474,3.0516934027303275,0.21103083162618028,0.02574516908378488,0.03883291260188237,1.9000000000000001,0.0835221032101368,3.3548374707632687,0.23199386307694758,0.03043671625838726,0.0417610516050684
3,15,1.9758793246139539,0.039603136922876106,3.1665472390884597,0.2567493036073885,0.01597197929904303,0.019801568461438053,1.900000000000027,0.09999999999999959,1.9264654472169462,0.15620125791618727,0.024536036217548823,0.049999999999999795
4,15,1.978316218850567,0.05499391144977251,3.2549779748940284,0.22604828713271324,0.019527008153889726,0.027496955724886255,1.9000000000000001,0.09999999999999999,2.55132451933847,0.17718170198522784,0.02783163666536639,0.049999999999999996
5,15,1.9788044271058347,0.06919172254492299,5.641770097217916,0.3960279496812954,0.04304273477475533,0.034595861272461496,1.9000000000000028,0.09999999999998574,3.3102002893953375,0.23236179621890587,0.03649930559880696,0.04999999999999287
6,15,1.976094043932966,0.0512646424972866,6.240092399905193,0.4746062739810049,0.038218292957066906,0.0256323212486433,1.9000000000000508,0.09999999999998818,3.44849644415348,0.26228426492872026,0.04119951599260846,0.04999999999999409
7,15,1.9747871034920015,0.050763617014524066,8.632879941681521,0.4703494483525949,0.03750533724450131,0.025381808507262033,1.9000000000003354,0.09999999999999819,3.665324239971258,0.19969966522760144,0.031368750060168114,0.049999999999999094
8,15,1.9752229145093732,0.03913302733102791,23.212012701725588,0.7469241276671906,0.045913437770712884,0.019566513665513954,1.9000000000000457,0.09999999999999999,4.244211778197057,0.136571706245404,0.02145263345143922,0.049999999999999996
9,15,1.9773889056102065,0.027804421280683788,503.7116358630983,0.7187325008614016,0.03139070149792834,0.013902210640341894,1.9599999999999989,0.04187185849092466,256.3493845047776,0.3657779989610474,0.024058009625794796,0.02093592924546233
10,15,1.9754968081995792,0.02790321898859277,577.0935735624047,0.7682673087633246,0.03367336656616151,0.013951609494296385,1.9575339262810387,0.042815641463956715,258.3290801160149,0.34390573080012765,0.02312926036302309,0.021407820731978357
11,15,1.9762011935259156,0.02724869451362248,620.4809192098371,0.7326982329501011,0.03136105912337351,0.01362434725681124,1.9599999999998092,0.04083456340410555,339.13191854334764,0.400465751259719,0.025686987462189125,0.020417281702052776
12,15,1.9757274245800331,0.02734176348325523,646.0519187124256,0.7443353503695535,0.03196796892805179,0.013670881741627615,1.9594085452135444,0.04147279551332849,320.2699338384656,0.36899237741077084,0.024038124605243745,0.020736397756664245
13,15,1.9754251898094488,0.027204463201099847,689.5480784391056,0.7418424469777369,0.031700909123141476,0.013602231600549923,1.9590439026330952,0.04127912907950125,349.47273462837467,0.3759762614313625,0.02437871599359053,0.020639564539750625
14,15,1.975449004555855,0.026432590553612113,579.7673027474864,0.6970003443001573,0.02893960495147026,0.013216295276806057,1.9597593843302417,0.041592870731221594,357.70359554846874,0.4300337878200012,0.028095796774165214,0.020796435365610797
15,15,1.9741104538599328,0.02817331695831298,618.7227431465841,0.7708854884477394,0.03411518483604681,0.01408665847915649,1.9567639923087532,0.04239478431280632,279.2291359865933,0.3479000752245963,0.023167908525215837,0.02119739215640316
16,15,1.9743268312955613,0.027686359174569644,597.8623079291618,0.7544916760781085,0.03281256480683148,0.013843179587284822,1.9572906374039825,0.04270006078328845,302.48599498466155,0.3817319846381298,0.025603947056740083,0.021350030391644226
17,15,1.974116490326958,0.027940973840391424,585.4111695063901,0.7463297828898765,0.03275610002259012,0.013970486920195712,1.9570184241678925,0.04285785810640443,293.7584113990753,0.3745071205020009,0.025212181158968675,0.021428929053202216
18,15,1.9754163204364106,0.027541393975911276,482.8973940841841,0.689521909952549,0.02983004204597812,0.013770696987955638,1.9596741918249279,0.0414710148322502,301.2125478019298,0.43009685661267577,0.02801759212340285,0.0207355074161251
19,15,1.9747443726598337,0.0275518013001049,514.2701776705619,0.6997050964533177,0.03028202488034166,0.01377590065005245,1.9585653210273088,0.041916132670557306,314.73740700521716,0.42822504062665334,0.02819506775450514,0.020958066335278653
20,15,1.9744529875962202,0.028507392549924227,475.295468147528,0.7251073380909809,0.03246980446572577,0.014253696274962114,1.9579095587981474,0.04342344720587657,259.03508532375963,0.39518205785412835,0.026955127645690215,0.021711723602938285
21,15,1.9741041962378976,0.027892416294673074,509.94415039276277,0.7209360465768584,0.03158659093822004,0.013946208147336537,1.9571528584858433,0.044187797278902034,267.54886908536434,0.3782485274043247,0.02625424150404011,0.022093898639451017
22,15,1.9746726200578646,0.02786763250880112,481.9143979599832,0.7060231373227106,0.03090572141742993,0.01393381625440056,1.9578357235767654,0.04272213444860414,298.3082303343659,0.43703303649239267,0.029328313310270825,0.02136106722430207
23,15,1.9750860152500767,0.027255991804589243,543.8937911816615,0.701439202336469,0.030031145717009752,0.013627995902294621,1.9582637938068856,0.04302548207787258,346.9776188326682,0.4474838803616781,0.03024287103593374,0.02151274103893629
24,15,1.9752082036695515,0.027909010330842452,566.7811187488747,0.7236833446332689,0.03172582256833628,0.013954505165421226,1.9579556208741415,0.043482732008043604,313.46381110594285,0.40024011340284316,0.027337406636368324,0.021741366004021802
25,15,1.9756124805940858,0.028705404867756325,569.2182786580213,0.7266211705454573,0.03276359891936734,0.014352702433878163,1.95872725739165,0.04334000876890244,298.3321232164258,0.3808283126358739,0.025926154237564468,0.02167000438445122
26,15,1.9761252596707048,0.027249383455953666,568.4633356511029,0.7169414009367082,0.03068740871323874,0.013624691727976833,1.959573040767331,0.041649713808339005,332.1441830622617,0.4188975805183477,0.027405627504640286,0.020824856904169502
27,15,1.9766482715100873,0.02767186712688583,556.7026140146047,0.722059364879799,0.03138565855152326,0.013835933563442916,1.9599999999999997,0.04236994619302048,309.8489394676773,0.40188302121901126,0.02674714597947841,0.02118497309651024
28,15,1.9765183516911644,0.02782880905172905,571.3626962605855,0.7261162144693699,0.031741002021792426,0.013914404525864526,1.9599377891661496,0.04207585626140455,303.40958458986194,0.38558803442714784,0.025484515902384743,0.021037928130702276
29,15,1.976729250959478,0.02825607296157411,574.1050462847303,0.7432571555892875,0.032989123695355095,0.014128036480787054,1.9599999999999997,0.0422956742074793,297.94773798998466,0.3857339169648548,0.025627347422851072,0.02114783710373965
30,15,1.9766061514175173,0.02853451862910082,584.2930855871932,0.737685751643953,0.033064489568747996,0.01426725931455041,1.9594681830069645,0.04285766112316502,295.63232123615467,0.3732437649543176,0.025127015353695575,0.02142883056158251
31,15,1.9767387871059123,0.027175894972729406,636.9194241687679,0.7162175699542761,0.03057374951820149,0.013587947486364703,1.9599999999999997,0.04203905769949171,355.7543310750132,0.40004668225621576,0.02641700161984426,0.021019528849745856
32,15,1.976328254914244,0.02728168167157566,588.8011748843892,0.7124355768613733,0.030530689530979326,0.01364084083578783,1.9598828148031204,0.04202320229637914,331.46162357915773,0.4010607707234816,0.02647397808361387,0.02101160114818957
33,15,1.975785895636851,0.02740883417286484,551.9636740316722,0.7296244719121826,0.031413030237393016,0.01370441708643242,1.9593370002174542,0.04174829205179815,301.44064200487287,0.39846547804349597,0.026130594543196363,0.020874146025899074
34,15,1.9748898037797236,0.027920356294713154,588.4675441444468,0.75863406347651,0.0332715606221231,0.013960178147356577,1.9577759054933543,0.042355915782222114,286.95225105175484,0.3699299212085165,0.024612368745256213,0.021177957891111057
35,15,1.9748827712959043,0.027162642223466742,516.5593274139698,0.700928858049347,0.029906516608008277,0.013581321111733371,1.9590136538417664,0.04151976669348419,301.5106128335226,0.40912529951045545,0.026682782598633867,0.020759883346742097
36,15,1.9747432414349613,0.026416571944697615,514.4363247819766,0.6754397914912149,0.02802741074139444,0.013208285972348808,1.9590792737838136,0.041132657221048925,354.8947712043584,0.4659664155037766,0.0301065685945599,0.020566328610524463
37,15,1.973919164357377,0.02702624947485898,588.3903409723079,0.7138474114530068,0.03030477384823008,0.01351312473742949,1.956976321365325,0.042426828299809656,313.16983519362543,0.3799441639859546,0.025320963169267234,0.021213414149904828
38,15,1.9733515636297012,0.027858727353675828,653.5914091031749,0.7665179228984361,0.03354312063905489,0.013929363676837914,1.955897272646307,0.04281450057388807,300.87631618158605,0.3528612612049129,0.02373092908216737,0.021407250286944034
39,15,1.9741086334390887,0.026573067221455353,683.6397313170473,0.7032127729693713,0.029352717427556765,0.013286533610727676,1.9587155617688792,0.039703299146568935,412.51111763913605,0.42432157410871923,0.026463152924904972,0.019851649573284467
40,15,1.9743878147650709,0.027117506850756878,685.1870021569496,0.7402949680414903,0.031533663795561113,0.013558753425378439,1.958836861116963,0.03911157123462608,361.72439459299346,0.3908170299379219,0.02401035715443702,0.01955578561731304
41,15,1.9740902648390843,0.026024839752594224,750.5467153207973,0.7254737680363741,0.029657166455326376,0.013012419876297112,1.959018394726186,0.03829824250067372,433.2138398801186,0.41874179230669856,0.02519097804217893,0.01914912125033686
42,15,1.9740408199291486,0.026035258096786078,816.8845516342461,0.7198178368551175,0.02943773344565942,0.013017629048393039,1.9589065289750682,0.03815532416270561,458.7099006736252,0.4042034676581247,0.024225628869221725,0.019077662081352805
43,15,1.97373328100189,0.026256746822865194,937.5408480685082,0.7399626111041794,0.030519019014901835,0.013128373411432597,1.958442013996097,0.03922883429662711,463.3078124982388,0.3656698898906119,0.02253276467433071,0.019614417148313554
44,15,1.973982958173256,0.0256835144019434,1046.751665096908,0.7171994111575679,0.028934384706629845,0.0128417572009717,1.9589184095443952,0.037909283157492715,599.964389248594,0.41107563621096793,0.024478634451319176,0.018954641578746358
45,15,1.9744067520100277,0.025101441357713892,645.4443951976838,0.7194693318121701,0.02836813750536354,0.012550720678856946,1.9599999999999997,0.03768978912221473,359.03110579215235,0.40020778196540047,0.02369349423636178,0.018844894561107366
46,15,1.9750845264858377,0.02595397275317849,1140.602302467998,0.7630597001417732,0.03110872694524659,0.012976986376589245,1.9599999999999997,0.03765496192628917,540.8318569692171,0.3618149759237646,0.021400732013243346,0.018827480963144586
47,15,1.9751749212106993,0.026219544154532475,1069.605386687751,0.7570657069226289,0.03118017785831345,0.013109772077266237,1.9599999999999997,0.03700904251123073,505.0665787652917,0.35748565896813655,0.020781952625668745,0.018504521255615365
48,15,1.9754829855499068,0.02633096976341803,1098.1201382115164,0.786028528176834,0.032510604142307255,0.013165484881709015,1.9599999999999997,0.03698065943224003,486.3042897803284,0.348094012522776,0.020220462332850714,0.018490329716120014
49,15,1.975796635158878,0.02672605268790621,1117.865680296127,0.7858582294613026,0.03299126002275733,0.013363026343953106,1.9599999999999997,0.03717830119906041,484.24592783122193,0.340424305153085,0.019880622471704353,0.018589150599530205
50,15,1.976426100787935,0.026694479508053447,1142.6570800141153,0.788550266224786,0.033065166739203164,0.013347239754026723,1.9599999999999864,0.03835462857265167,471.19850193304273,0.325175164660452,0.01959092884473155,0.019177314286325835
51,15,1.9772241270150819,0.028985380352239472,1034.118605502312,0.8382461943754573,0.038165457353657214,0.014492690176119736,1.9599999999999997,0.03565319890482949,334.071136996101,0.270794720980424,0.015165564232457239,0.017826599452414747
52,15,1.9765784005832574,0.02795599336980495,582.9350704111373,0.8694106580559579,0.038178579502580044,0.013977996684902474,1.9599999999999997,0.03315220575985787,153.44923485069847,0.22885979420595878,0.011917956866871948,0.016576102879928934
53,15,1.977060654058085,0.028259178511098913,503.1585694679874,0.8736063894062269,0.038778875520713116,0.014129589255549456,1.9599999999999997,0.033379173084509876,125.34791782268753,0.2176346554614997,0.01141099467712197,0.016689586542254938
54,15,1.9775851821669894,0.028243244528578116,364.05575654064904,0.8487276590213872,0.037653280423197516,0.014121622264289058,1.9599999999999997,0.03370179018142287,91.30982771084628,0.2128717234279462,0.0112691412832591,0.016850895090711436
55,15,1.977592749871241,0.030442978854307332,199.71366907039274,0.8491876517242977,0.040607915190317055,0.015221489427153666,1.9599999999999997,0.04021895460084747,43.171402069741376,0.18356591071554273,0.01159692072062886,0.020109477300423735
56,15,1.9768192088416803,0.03057233190490761,68.49052255216169,0.7485359807858651,0.03594687353527187,0.015286165952453804,1.9599999999999997,0.049834205883172486,18.47467738939108,0.2019105745446503,0.01580543611522949,0.024917102941586243
57,15,1.9744529286773764,0.0384521170628256,28.388078839875742,0.7349601274379791,0.04439191819577472,0.0192260585314128,1.9000000000000001,0.09999999999999999,3.3469401703812727,0.08665142815847833,0.013611174506286962,0.049999999999999996
58,15,1.9748173434444403,0.04730993730461558,13.472087127664857,0.6060239705053029,0.0450362324485668,0.02365496865230779,1.9000000000000001,0.09999999999999999,3.3721205122997064,0.15169036857620613,0.02382746737696686,0.049999999999999996
59,15,1.9752432094542585,0.0482306878545944,7.745433413962766,0.4683915676622406,0.03548562026219602,0.0241153439272972,1.9000000000002024,0.09999999999999562,2.832863745418028,0.17131249082819308,0.02690970313269983,0.04999999999999781
60,15,1.9791577667910587,0.0683570318383559,5.741532841884396,0.31295112352860005,0.03360311891560585,0.03417851591917795,1.9000000000000108,0.09999999999996172,3.5456796212749566,0.19326274911392394,0.030357641641431912,0.04999999999998086
61,15,1.9790712235749817,0.06513180150678544,5.272247314130782,0.35515030224796845,0.03633499931216944,0.03256590075339272,1.9000000000000001,0.06328596263030167,3.833309733032407,0.25822026721843727,0.025669510893131513,0.03164298131515084
62,15,1.9865449238758182,0.09278866309784832,3.414240968541241,0.2589239062138637,0.03773870078258428,0.04639433154892416,1.9000000000000004,0.09999999999947796,3.5312048423657547,0.2677940308991427,0.04206498800717765,0.04999999999973898
0,16,1.994795854144974,0.09999999999999999,2.910211393028549,0.20132119954530897,0.031623460075171375,0.049999999999999996,1.9000000000000001,0.0765086966950197,3.849407572628705,0.2662924596875855,0.032002915892226744,0.03825434834750985
1,16,1.983687343038465,0.06882385638261383,2.693207568497067,0.16299071202359855,0.017620642403696967,0.034411928191306916,1.9000000000000001,0.09999999999999999,3.1410821127262225,0.1900957119185349,0.029860164602109544,0.049999999999999996
2,16,1.9871151770814601,0.07364538921757471,3.144926512977297,0.19018835139357781,0.022001351153356292,0.03682269460878736,1.9000000000000037,0.09999999999999959,3.7723837089011134,0.22813360994583998,0.035835143652138364,0.049999999999999795
3,16,1.9879312655465071,0.09999999999964579,2.462737013624635,0.20288517402147663,0.031869128611295004,0.049999999999822894,1.9000000000000017,0.09999999999999105,2.8572973745006136,0.23538984140391955,0.0369749498242077,0.04999999999999553
4,16,1.9824428816217468,0.0830526001294826,3.238493907900871,0.19963493348833924,0.02604411773329208,0.0415263000647413,1.9000000000000956,0.0999999999998733,2.5619220464480734,0.15792808382229828,0.02480728539655084,0.04999999999993665
5,16,1.9831763449806454,0.06826705035729369,3.980886545374287,0.2791117242165763,0.0299301639054376,0.034133525178646845,1.9000000000000001,0.09999999999851075,2.943034624327538,0.20634485787585058,0.03241257447995741,0.049999999999255376
6,16,1.976120358698383,0.04746654831471914,5.2379721167713065,0.35809122806924737,0.026699382136707882,0.02373327415735957,1.9000000000000001,0.09999999999999999,2.7056914967324146,0.18497318604258856,0.02905552011912471,0.049999999999999996
7,16,1.976256946397576,0.05106740313809764,7.2666482166045965,0.42090215279033355,0.033763293022300876,0.02553370156904882,1.9000000000005575,0.09999999998019994,3.267465298147668,0.18925963348762123,0.029728833703404053,0.04999999999009997
8,16,1.9755418108369673,0.047157260363691965,12.23053832452966,0.5553020633286844,0.04113369568070241,0.023578630181845982,1.9000000000000001,0.09999999999999999,3.700298293271632,0.1680043202239314,0.026390056909342503,0.049999999999999996
9,16,1.9794038904566769,0.03232534845511367,111.36113900600412,0.7092522304935943,0.036013373269899306,0.016162674227556836,1.959999999999973,0.05288739731969722,50.964841823635375,0.3245919363146755,0.02696558204405259,0.02644369865984861
10,16,1.9761099682550656,0.027354818854911936,572.1105449753976,0.7358035199308297,0.031616630324973236,0.013677409427455968,1.9588062395276429,0.042454887553780504,281.853502672757,0.36249777458719346,0.02417424485790078,0.021227443776890252
11,16,1.9756568509735242,0.027452950005965412,626.6894445505739,0.7501052985119576,0.03234678555878792,0.013726475002982706,1.958757766935495,0.04211880993371549,298.6786391001865,0.35749832981798463,0.023652115216632557,0.021059404966857743
12,16,1.9758396623290622,0.027351127521736573,672.8390151155616,0.7532973207804236,0.03236395094331359,0.013675563760868287,1.9596700995608065,0.0411568889511728,333.73009895839976,0.37363765144619326,0.02415533415080444,0.0205784444755864
13,16,1.9759884995181745,0.026838681284383145,656.7871000707479,0.7166605837778308,0.030213049974180523,0.013419340642191573,1.9599999999999997,0.04100073331138536,349.75082315171574,0.38163451911538093,0.02457871373123776,0.02050036665569268
14,16,1.9751430521325348,0.02752029742860767,655.8345768778612,0.744226871138722,0.03217202125521459,0.013760148714303835,1.959238187461613,0.041075207766563746,332.6484733264795,0.37748228169272585,0.024355453320373224,0.020537603883281873
15,16,1.9749445300340336,0.026993069312833556,628.4503896298671,0.7179587805605356,0.03044189321257544,0.013496534656416778,1.9585974017425782,0.041482665152760674,341.15486833714306,0.3897445801535465,0.025396075672430952,0.020741332576380337
16,16,1.9751154786163279,0.02672200171832249,577.8382645085042,0.6905274664787098,0.02898476759081667,0.013361000859161245,1.9590239158183456,0.04132481781306471,364.87061230991804,0.436027163630655,0.028303775472716914,0.020662408906532356
17,16,1.9748801758560508,0.027260673928651214,527.683824438287,0.7068380674123494,0.03026748918655998,0.013630336964325607,1.9585511101820345,0.04204089365419438,302.108954275694,0.4046781415282349,0.0267240061503184,0.02102044682709719
18,16,1.9745419404249411,0.02747103160082572,562.5137318373464,0.6958029807078749,0.030024869632761228,0.01373551580041286,1.9584929634198929,0.04169380885958015,317.823925339037,0.39313321982177596,0.025747270246793744,0.020846904429790074
19,16,1.974277765364032,0.027821361167342976,561.4661098418726,0.736189298688028,0.032172717932025634,0.013910680583671488,1.9569762024624422,0.04390190818182918,282.1629366457189,0.3699694973637297,0.0255134502702214,0.02195095409091459
20,16,1.97512916204774,0.027120264620897273,485.3085042991591,0.6852396887947616,0.029191493094444736,0.013560132310448636,1.9596054209568647,0.0416462618197703,306.36002678162845,0.43257030847658623,0.02829779580247308,0.02082313090988515
21,16,1.9745522127207293,0.027295959080210437,526.6967942356257,0.7023002278244882,0.03011210005216591,0.013647979540105219,1.9582271820732178,0.042065904380465806,318.8257024023712,0.42512383952980287,0.028090894376418284,0.021032952190232903
22,16,1.975750310532511,0.027230084486865588,453.95958677109456,0.6771935088964178,0.028965541539227008,0.013615042243432794,1.9596753335353725,0.041578349673462994,291.2981997607492,0.4345436373186691,0.02838053118209145,0.020789174836731497
23,16,1.9750800062055025,0.02728387134939696,561.2083807258797,0.7085345751937032,0.0303659531721592,0.01364193567469848,1.9584225022243713,0.04211598452557124,321.9595481657267,0.4064790896281785,0.026890881797595294,0.02105799226278562
24,16,1.9747980381623478,0.028886801251591775,566.4735693098439,0.7505438539722368,0.03405613850111668,0.014443400625795888,1.956590330061981,0.0447438139620853,258.6945346374564,0.34275490251893875,0.024089986297260415,0.02237190698104265
25,16,1.975397786313005,0.028006709574998893,529.8048328840227,0.7260104391047343,0.03193925856371837,0.014003354787499447,1.9583709165246963,0.04307651389482663,274.9414959398053,0.37676212787410795,0.025493394551752258,0.021538256947413317
26,16,1.9756362510786563,0.027885902785804204,583.0664178361421,0.7550909721101567,0.033075305475344804,0.013942951392902102,1.9586441271362272,0.042936931599903125,289.80774713963785,0.3753109539816119,0.025312912760897262,0.021468465799951562
27,16,1.9762271916424134,0.02748211938446035,655.985123884909,0.741004540328961,0.031988285827210174,0.013741059692230174,1.9592711840901502,0.04184466297753815,344.5709206566854,0.3892292787979913,0.02558382365618397,0.020922331488769076
28,16,1.9764097673144236,0.02776412767216025,657.088357576752,0.7467683337853063,0.03256790357552745,0.013882063836080125,1.9597161840250188,0.04161209604820942,350.19707256557507,0.3979922659727536,0.026014417265916013,0.02080604802410471
29,16,1.9763858652387023,0.02803217126085607,580.9703869584002,0.7577893113216481,0.0333676091705636,0.014016085630428035,1.959486363687175,0.04257988822092276,281.5542116327377,0.3672455204642972,0.024562971320933914,0.02128994411046138
30,16,1.9766651020039852,0.027469315128670065,635.5529667554354,0.7361249092433345,0.0317628323588941,0.013734657564335033,1.9599999999999997,0.04199874237945095,337.257214579533,0.39062587928969866,0.025770163578208695,0.020999371189725474
31,16,1.976232094977628,0.027666694778129653,632.5881699118714,0.7615469747006721,0.033095873899571714,0.013833347389064827,1.9589293076999754,0.04300975346883267,289.0009504827274,0.3479164012131323,0.023505079944799872,0.021504876734416336
32,16,1.9758604771988169,0.027324294168933318,570.947457729852,0.7238931754492308,0.031070147254925715,0.013662147084466659,1.9594265179079178,0.041115072953271506,310.1180809997146,0.39319268240848426,0.02539372247549843,0.020557536476635753
33,16,1.9755885170196084,0.02752094807338358,525.6561673619858,0.7290591241910604,0.03151708314787244,0.01376047403669179,1.9591133118142554,0.042414672599659434,279.6934064133289,0.38792093117647003,0.025845159080143676,0.021207336299829717
34,16,1.975284528712575,0.027206442464900688,508.99371314118997,0.7053532170497316,0.030143819827851377,0.013603221232450344,1.9597040557167076,0.040665319964885614,300.6454466494454,0.416628393456632,0.026612944903300573,0.020332659982442807
35,16,1.9746964507088085,0.027105716075280603,548.0951058622462,0.6899365737425867,0.029375815344642568,0.013552858037640302,1.9588446813360825,0.041549237806946776,331.9928085709687,0.4179091883922079,0.027275006218610166,0.020774618903473388
36,16,1.97437916304025,0.027007130087785172,563.5554702638466,0.7148369939834097,0.030325315873042397,0.013503565043892586,1.957889533871604,0.04168498648218567,331.39025804358084,0.420349066586741,0.027523878332120662,0.020842493241092833
37,16,1.9735676474343622,0.027466182243313587,631.9803997158025,0.7402356637641679,0.03193656327753444,0.013733091121656793,1.956900461681741,0.04178741126941365,339.13270402138016,0.3972245379418312,0.026073624875876344,0.020893705634706824
38,16,1.973478698878656,0.027243713696616222,645.0320994610903,0.7287857965650434,0.031187896527213654,0.013621856848308111,1.9572370523504994,0.041924538460036624,349.35555208471885,0.3947173551877486,0.02599407630220094,0.020962269230018312
39,16,1.973244928253652,0.027446247777169534,732.0122756735364,0.753445368306429,0.03248288721569726,0.013723123888584767,1.9567575488357816,0.04126404326347268,350.4004897968828,0.36066010757380784,0.023377053192971436,0.02063202163173634
40,16,1.972943998579207,0.02759045429947948,767.1836725556595,0.7715691465058064,0.0334390231022628,0.01379522714973974,1.9566110251004463,0.039207452276584134,332.41212723731803,0.33431230417911345,0.020589265807486164,0.019603726138292067
41,16,1.974402862280992,0.02615052622458932,668.0563484028115,0.6785801810408246,0.02787414024826838,0.01307526311229466,1.959981611317135,0.03883821489066403,432.50402796850216,0.43931722571220894,0.026801393167426524,0.019419107445332016
42,16,1.973544950687841,0.02624872079976736,914.3297691437555,0.7515106556123127,0.030985832098579406,0.01312436039988368,1.9581000701490017,0.038320335631854684,468.8278101781384,0.385341379977384,0.023195024180067948,0.019160167815927342
43,16,1.9735850502020038,0.026546095490257198,984.8089172562961,0.7494682133025111,0.03125170725258807,0.013273047745128599,1.9581595881873177,0.03832216751514832,476.7797844247368,0.3628432753910255,0.02184182990353514,0.01916108375757416
44,16,1.9749431881546156,0.02773604628488895,746.2118111416705,0.7602267754941224,0.03312131659640329,0.013868023142444475,1.9599999999999997,0.03551408477077477,322.91660046405934,0.3289814530658892,0.018352359947514583,0.017757042385387386
45,16,1.9746055510582676,0.025707357296078318,1099.7541427618064,0.7139592305522215,0.02883040369038616,0.012853678648039159,1.95999999999999,0.03782263802187332,623.867196203148,0.4050139263393919,0.024062550041106075,0.01891131901093666
46,16,1.9750167621956702,0.026072895109199135,1035.3353239825738,0.7385525840398216,0.030247574599646273,0.013036447554599567,1.959999999999971,0.03767290275954406,528.0758712266404,0.37670094917970737,0.022291827624356293,0.01883645137977203
47,16,1.9752372049277565,0.02626634144938574,1049.4983241767761,0.7722823375489039,0.03186365308439838,0.01313317072469287,1.9599999999999997,0.03627810436193846,480.11133761407956,0.353294043024959,0.020132642308053,0.01813905218096923
48,16,1.9756278404836045,0.026279362463544384,1052.0875278291112,0.7729142431787955,0.031905533618902075,0.013139681231772192,1.9599999999999997,0.036421163912425725,455.18268115655627,0.33439915235965023,0.01913105258256859,0.018210581956212862
49,16,1.9758459377481183,0.026659546945755862,1045.1065237921068,0.7976624274956473,0.033403484867584814,0.013329773472877931,1.9599999999999997,0.038005776750510194,429.1263113937532,0.3275244460311917,0.019552991466009133,0.019002888375255097
50,16,1.9761915085541377,0.0271390826892879,1116.6962277866842,0.8018970243324433,0.03418484721377201,0.01356954134464395,1.9599999999999997,0.03747931559337485,444.3160343145136,0.3190623348716651,0.01878395623519772,0.018739657796687424
51,16,1.9767511994802465,0.027350391696586523,1159.3617203549884,0.8171191602294134,0.0351049874117896,0.013675195848293261,1.9599999999999997,0.0376640002733717,454.05641011505344,0.3200193572169965,0.018933136671013925,0.01883200013668585
52,16,1.9767535608894105,0.027766935219155537,616.1233966003534,0.86385827167686,0.0376782150183253,0.013883467609577769,1.9599999999999997,0.03445979761193291,166.90572313656946,0.23401625440180646,0.012667141541329082,0.017229898805966454
53,16,1.9769333547507113,0.028167751977793084,580.9826215772002,0.8491704325999185,0.0375722262652862,0.014083875988896542,1.9599999999999997,0.03330989355739942,137.85595929078735,0.2014917490468851,0.010542664561745171,0.01665494677869971
54,16,1.9776018741605883,0.02866942100118977,479.81045636494065,0.8835553401300972,0.03978987320772872,0.014334710500594885,1.9599999999999997,0.033589369070233396,109.72028945860401,0.20204634222901274,0.010660380737440299,0.016794684535116698
55,16,1.9775312314847684,0.02894791885528263,335.17009396963874,0.8706874129645539,0.03959127515797742,0.014473959427641315,1.9599999999999997,0.035663862655159716,75.56307992908815,0.196293833378378,0.01099651097487303,0.017831931327579858
56,16,1.9777488872173392,0.02946225057632114,122.71377503947367,0.82611550056456,0.03823196033025923,0.01473112528816057,1.9599999999999997,0.04072008855762096,32.96946833926431,0.2219521714793427,0.014196719094324106,0.02036004427881048
57,16,1.9745484545141219,0.03618852273130333,51.364143818486056,0.8478503492957518,0.04819588233039811,0.018094261365651666,1.9000000466927947,0.09999999999999999,3.7650935937368097,0.06214911183688532,0.009762359658694469,0.049999999999999996
58,16,1.973332804048467,0.03732207030659887,18.08122370626021,0.6984863927409101,0.040949023875159786,0.018661035153299435,1.9000000000000206,0.09999999999999999,2.843281915488219,0.10983735177211632,0.017253210870851923,0.049999999999999996
59,16,1.9748437888277923,0.04718514469618106,9.35146785565739,0.4645573338973211,0.034432177527405745,0.02359257234809053,1.900000000000037,0.09999999999998643,3.3346092141305257,0.165654974172717,0.0260210224945772,0.04999999999999322
60,16,1.9769684881906302,0.06140510414063207,6.8391267632126596,0.41192903149009125,0.039732578495211744,0.030702552070316035,1.900000000000016,0.09999999999999717,3.707838787777642,0.22332769864513552,0.035080232870332656,0.04999999999999859
61,16,1.9838938522931104,0.09949651246138362,4.344205194321802,0.29331238326633596,0.045841427589036095,0.04974825623069181,1.9000000000000001,0.09999999999999999,2.994251435206002,0.2021661006498631,0.03175617683032523,0.049999999999999996
62,16,1.986056288836924,0.09999999999999774,4.239650447235271,0.3211863639408694,0.05045183606949151,0.04999999999999887,1.9000000000000001,0.09999999999999999,3.344881646469645,0.2534006959330145,0.03980408823788496,0.049999999999999996
0,17,1.998814901247266,0.09999999999999999,2.482683043138058,0.1844361300266091,0.02897115955740635,0.049999999999999996,1.9000000000000001,0.09999999999999999,2.967996769476992,0.22048961892529986,0.03463442835042675,0.049999999999999996
1,17,1.9924369134934825,0.09550880187694216,2.2334329093654883,0.18109072779804297,0.027168113831419073,0.04775440093847108,1.9000000000000001,0.09999999999999999,2.9985679636928726,0.24312924405296166,0.03819065234948121,0.049999999999999996
2,17,1.996949589463209,0.09999999999999999,3.0836383030081627,0.2109902742160505,0.03314227477280201,0.049999999999999996,1.9000000000000001,0.09999999999999999,3.9198220053919406,0.26820406238596567,0.04212939560273442,0.049999999999999996
3,17,1.9907822775720885,0.09999999999999967,2.69887185665122,0.18728917805120787,0.02941931529312717,0.049999999999999836,1.9000000000000001,0.09999999999999999,3.263466544439525,0.22646942840186957,0.03557373462649965,0.049999999999999996
4,17,1.9770160791370177,0.05696237551804894,2.960251054229614,0.19643306194518312,0.017576101661229967,0.02848118775902447,1.9000000000000001,0.09999999999999985,3.38030045678102,0.22430623513214126,0.035233941022275936,0.049999999999999926
5,17,1.9820863849579178,0.07179385212434747,4.3019398858161555,0.2588928623653117,0.02919625918557275,0.035896926062173734,1.9000000000000001,0.09999999999999999,3.152862255182088,0.18974080427736723,0.029804415840199782,0.049999999999999996
6,17,1.9785118924076703,0.09332979356550893,4.187065833120083,0.27923192008957665,0.040935985010238686,0.04666489678275446,1.9000000000000001,0.09999999999999999,2.9975612680413013,0.19990485505158612,0.03140098120234977,0.049999999999999996
7,17,1.9760330990677268,0.054308925456334166,6.333792035023822,0.3804492114129075,0.032455460479500604,0.027154462728167083,1.9000000000000798,0.09999999999995722,3.6531353841426704,0.21943134040340187,0.03446819434891968,0.04999999999997861
8,17,1.9741150796992357,0.04564330273761234,8.437834146399533,0.41801811435980973,0.029970365627466102,0.02282165136880617,1.900000000000029,0.09999999999999826,2.9595488743819645,0.14661879083659665,0.023030825808523125,0.04999999999999913
9,17,1.9749642467061639,0.04196544064691288,18.66770321243952,0.7252594350461244,0.047808492755182896,0.02098272032345644,1.900000000000026,0.0999999999999989,3.6024693139868207,0.13995963133226,0.021984807479627947,0.04999999999999945
10,17,1.9772392678801407,0.027767349627389273,527.0544307763774,0.7162553549645759,0.031240802951856248,0.013883674813694636,1.9599999999999997,0.04077484906374656,282.9358525083496,0.38450358755556413,0.024627063794673873,0.02038742453187328
11,17,1.976028975637804,0.02659352394744525,545.6545459271917,0.7032922938450711,0.029378635836060027,0.013296761973722626,1.9595288519554335,0.04101345168888407,321.46278030426697,0.4143322874032628,0.026692851824820094,0.020506725844442034
12,17,1.9761188205668438,0.026937245892735932,575.7602330736847,0.7032941544575847,0.029758434148364963,0.013468622946367966,1.959999999999988,0.04101984648883803,334.38924652186296,0.4084582242452395,0.026318525410123302,0.020509923244419016
13,17,1.9756426630986526,0.02706574716840045,636.1106223125041,0.7151569398230042,0.03040473726882644,0.013532873584200225,1.9598412692390133,0.04044850244513702,344.30611277069835,0.3870913286690553,0.024594373649333014,0.02022425122256851
14,17,1.9756874411152536,0.02682461103938607,671.2557999956093,0.7220661361111993,0.03042497906381655,0.013412305519693035,1.9599999999999997,0.04047061944882177,359.84490238681605,0.3870831630318271,0.02460730260991976,0.020235309724410885
15,17,1.9754038555784186,0.026594737418744276,609.5381544071319,0.6851081227386265,0.02862033417517277,0.013297368709372138,1.959985199940223,0.040443140935564094,369.41228729000375,0.4152116759745786,0.026377541286662646,0.020221570467782047
16,17,1.9749647819653364,0.026935633160500808,610.4415598695686,0.7134104033643334,0.030184674984947327,0.013467816580250404,1.9587715725934132,0.04115645593295843,347.7120223769286,0.4063638363540572,0.026270775821893633,0.020578227966479214
17,17,1.9745235751514902,0.0272404773616893,585.2262821748559,0.7189497510837535,0.030763314726708055,0.01362023868084465,1.957995173078508,0.04221942816839363,318.57910300024895,0.39137402707091745,0.025955190743517934,0.021109714084196814
18,17,1.9743377664069117,0.027444573246325214,592.2255451548554,0.745802102876873,0.03215140548265826,0.013722286623162607,1.9573929380647668,0.04315027154153246,299.27404738962287,0.3768821113943869,0.02554517806654605,0.02157513577076623
19,17,1.9744689918349256,0.027396159351546375,590.9718468754936,0.7184354188074586,0.030916996410974777,0.013698079675773188,1.9581957109160364,0.041946924322644755,333.1549442719328,0.40501136083087913,0.026686228797767993,0.020973462161322377
20,17,1.9756138028140457,0.027477498887198644,474.6254108007013,0.6826628227117733,0.029464788505758076,0.013738749443599322,1.9599999999999997,0.04042894462443754,303.2569143916233,0.43618023071330725,0.027699903708929607,0.02021447231221877
21,17,1.9749983077653266,0.02785806232068371,500.26096373765284,0.7171104561335558,0.031380281676591903,0.013929031160341856,1.9594176375975665,0.0408999437377359,273.9874766023177,0.39275357975803965,0.025232642798947096,0.02044997186886795
22,17,1.9744905938047406,0.027601308221845013,512.8221759656983,0.7187780007928556,0.03116336313147072,0.013800654110922506,1.9577861172178457,0.04277200382772922,274.48388950533445,0.38472006593117364,0.025847843323206134,0.02138600191386461
23,17,1.9752532622134826,0.027301941924746595,459.50830036842547,0.6987276859982681,0.02996548887162514,0.013650970962373297,1.9590849116660645,0.04196376257602731,283.5737564091625,0.4312018617873603,0.028423327920041173,0.020981881288013655
24,17,1.9750714967117884,0.02884354767758879,502.67468124789104,0.7514493018118155,0.03404616806589723,0.014421773838794396,1.9574326650568588,0.04368283438300174,245.46081819367203,0.36693982676010434,0.02517824983863984,0.02184141719150087
25,17,1.9753088520212077,0.028056299571701526,572.2366795699286,0.7339848215028434,0.03234724858855845,0.014028149785850763,1.958195748311424,0.042638557404445006,299.80849267629986,0.38455221561021813,0.025755957373619538,0.021319278702222503
26,17,1.976153051817194,0.027756901822600863,519.5368889924888,0.7157047209641979,0.03120504033340767,0.013878450911300431,1.9597047969759338,0.04210735977898904,304.77355528376546,0.41985059571927236,0.027769794239388804,0.02105367988949452
27,17,1.9762449019868786,0.027277177595151778,564.0260885102208,0.7301702039585987,0.03128552268176634,0.013638588797575889,1.9599999999999997,0.04068366654402907,317.2519902905138,0.4107043187816978,0.026246369149620963,0.020341833272014536
28,17,1.976037692838938,0.02776839399415015,516.8334374537128,0.7410969579857395,0.03232553120472653,0.013884196997075075,1.9595278008667196,0.042635709694135986,262.04554350627933,0.37575191749008274,0.025164863497001116,0.021317854847067993
29,17,1.9763608085416002,0.027263455963122418,652.1499381336711,0.7138605320363998,0.030571317486111752,0.013631727981561209,1.9597514225449781,0.041613183977997695,372.27712208987236,0.407504361957916,0.026636863512621328,0.020806591988998847
30,17,1.9763228118573957,0.027411726015291436,643.4813003989035,0.7373066806201856,0.03174712692827715,0.013705863007645718,1.9599999999999993,0.04104269872543826,344.4674728653533,0.39469393880215736,0.02544580787801876,0.02052134936271913
31,17,1.9759056566598865,0.027813926866997754,594.3898148868236,0.7494777255845158,0.032744692440710425,0.013906963433498877,1.959450967183813,0.04168695264814402,289.54186989459737,0.3650889982887915,0.023906652674990345,0.02084347632407201
32,17,1.9759668431095054,0.026806372191408037,550.229243141743,0.7214556204296038,0.030378585020844374,0.013403186095704019,1.959889250879328,0.04174524669108695,315.1109679192608,0.41317065877176434,0.02709295536298132,0.020872623345543476
33,17,1.9756948112217025,0.026609262987973992,517.344946410465,0.6985023722692406,0.029195815348795198,0.013304631493986996,1.95991814214046,0.04146728100992594,321.0040407000622,0.4334092475296086,0.028230827630081366,0.02073364050496297
34,17,1.974616047508576,0.02792837021676594,556.3443930664739,0.7576049376929708,0.03323596296616791,0.01396418510838297,1.9571890176007873,0.04310270611512739,261.29667331361566,0.35582213530367945,0.024091141357758736,0.021551353057563696
35,17,1.9742175916865863,0.02743954559877958,601.1730065427308,0.7424902897125457,0.032002770013644564,0.01371977279938979,1.957383987867508,0.04217415099193234,310.42891892486364,0.38340120970034164,0.025399180500249145,0.02108707549596617
36,17,1.9739884218876464,0.027235292877328357,622.5333129604725,0.7264663285240055,0.03107902720219732,0.013617646438664179,1.9577010109937059,0.04118217008501373,339.4332267064026,0.3961021922052767,0.025623376084878854,0.020591085042506865
37,17,1.9742136274310271,0.026728020330523936,631.6140522660666,0.7020546336603548,0.029475255617379636,0.013364010165261968,1.9586705806442224,0.039834255012996915,399.47165317586314,0.444022618119233,0.027783161895712376,0.019917127506498458
38,17,1.9731341777263964,0.027570267782656727,697.9256763727568,0.7715687175719953,0.03341453891240184,0.013785133891328363,1.956288138758837,0.041393111548754136,334.9428263039729,0.3702849969561367,0.02407598514704248,0.020696555774377068
39,17,1.9732757777183327,0.027072041335513716,737.9098609838898,0.7355756295306088,0.031280105822021474,0.013536020667756858,1.9573767611818877,0.039754207027529215,372.5880065827806,0.37140939834068293,0.02319294303206197,0.019877103513764607
40,17,1.9733591262008159,0.026531502930536806,773.2266595528536,0.7286520465977852,0.030367002014019182,0.013265751465268403,1.9580480135861564,0.038664843525362584,411.60946972336905,0.3878811973275748,0.0235578071119688,0.019332421762681292
41,17,1.9731360383956527,0.02652407975471172,851.6282431330637,0.7472192243021637,0.031132087251919092,0.01326203987735586,1.9578268666109384,0.03845801897653788,439.5677706427193,0.38567707360142645,0.023298642076757723,0.01922900948826894
42,17,1.9737131761851345,0.02560457914893968,918.0562093207468,0.7009790371083229,0.028193081673599553,0.01280228957446984,1.959436675853696,0.0374673524479864,569.3020659532231,0.43468886759225017,0.02558299587008601,0.0187336762239932
43,17,1.9737395037882557,0.02506715266093891,541.2416557970986,0.7127291421758692,0.028063988880487906,0.012533576330469455,1.9599999999999997,0.03545935729132922,306.3395234658122,0.4034004098461398,0.022469172157511413,0.01772967864566461
44,17,1.9743146296522862,0.025560440381600772,1129.1035996734925,0.7163084076737583,0.02875995868160509,0.012780220190800386,1.9595491617823315,0.037854444768280995,703.5546955006866,0.4463382667376364,0.026539997655672116,0.018927222384140498
45,17,1.9742116181903995,0.026077010892587668,1057.1345760414927,0.7557682829431089,0.030957533212148364,0.013038505446293834,1.9592354925434645,0.038277390164116847,516.0869570188077,0.36896168396645945,0.022184184258479567,0.019138695082058423
46,17,1.9749572072612849,0.025855080272453482,1019.1393603170355,0.7523634973949269,0.030555787714331224,0.012927540136226741,1.9599999999999997,0.037317368147931664,509.4088985503036,0.37606305422074815,0.022044058400825572,0.018658684073965832
47,17,1.9752786586940447,0.02600528223193865,1034.3483794696142,0.7617139981058313,0.031115256485189934,0.013002641115969325,1.9599999999999993,0.037252731496332556,473.0791918265938,0.34838459631143665,0.020386231133824352,0.018626365748166278
48,17,1.9753942260171167,0.026643016213376527,977.3366485208877,0.7784594535501537,0.03257911353469163,0.013321508106688263,1.9599999999999997,0.03796064903515754,421.00518070352956,0.33533528432424164,0.01999552258641964,0.01898032451757877
49,17,1.975644863868616,0.02671735076513585,990.5223089553418,0.7889928937346447,0.03311207224166559,0.013358675382567926,1.9599999999999997,0.037937336627084386,423.60775590001447,0.33742148572956576,0.020107563486014886,0.018968668313542193
50,17,1.976105417028087,0.026756737441624382,972.864180685494,0.7975938159034485,0.03352237747474432,0.013378368720812191,1.9599999999999997,0.03817522495669313,420.52083462488343,0.3447601667470507,0.020673716860425156,0.019087612478346564
51,17,1.9764187370022834,0.027424542188970044,1091.0042279966522,0.7937823495041805,0.034194849858147,0.013712271094485022,1.9599999999999997,0.03743060686457411,445.3101928012661,0.3239945016061233,0.019049535283519554,0.018715303432287056
52,17,1.9772085348139854,0.027962162513372194,1102.7387221404904,0.8090332023079151,0.035535053832078944,0.013981081256686097,1.9599999999999997,0.03771829498750967,439.47655234863197,0.32242553503127835,0.019102990465702168,0.018859147493754835
53,17,1.9768207312098753,0.027895753988071193,576.8282750387348,0.8536824249794663,0.03740712422833307,0.013947876994035597,1.9599999999999997,0.033620158897714136,156.18619990397605,0.23114923392651038,0.012207088612395589,0.016810079448857068
54,17,1.9773102054477096,0.02833720287283925,525.1449181715626,0.8463298242269699,0.03767181128739208,0.014168601436419626,1.9599999999999997,0.0335655219457456,131.71768104855013,0.2122777884579749,0.011192261183754802,0.0167827609728728
55,17,1.977410516525935,0.028827947006309806,383.56487275968595,0.8536998847136773,0.03865794953916188,0.014413973503154903,1.9599999999999997,0.03465620789113625,88.8278883063312,0.19770412619089192,0.01076258639081486,0.017328103945568125
56,17,1.9774148752777334,0.030257570327868938,209.9408331908362,0.8394538149108133,0.03989796412888674,0.015128785163934469,1.9599999999999995,0.03783476840482969,48.81897733878904,0.1952039350526871,0.011601109476953978,0.018917384202414844
57,17,1.9771882350438477,0.029521571716583987,73.13822448612302,0.7390246364724069,0.034270328621438785,0.014760785858291993,1.9599999999999997,0.044295464860781605,21.62907890384331,0.21855086429092405,0.015206584133397634,0.022147732430390803
58,17,1.9743422738019347,0.03775206388703228,31.105646976103802,0.7037606549959307,0.0417335721600013,0.01887603194351614,1.9000000000000001,0.09999999999999999,3.7161637441022894,0.0840776542159915,0.01320688704080109,0.049999999999999996
59,17,1.9757491337071458,0.04792003423377959,13.491888354085399,0.5623550840496874,0.04232993703444279,0.023960017116889797,1.9000000000000001,0.09999999999999999,3.607682786431689,0.15037174214194224,0.023620338021031223,0.049999999999999996
60,17,1.9749913408856237,0.043125887738414526,8.548107038231464,0.46445313640468744,0.03146297788686631,0.021562943869207263,1.9000000000000037,0.09999999999999984,3.245095078398817,0.17631910554615285,0.02769614033356581,0.04999999999999992
61,17,1.9787845408427842,0.06953240674334014,6.0023899379308405,0.4117465868007646,0.04497147652536638,0.03476620337167007,1.9000000000000252,0.09999999999862542,3.2254268271028983,0.22125495023954575,0.03475464631166888,0.04999999999931271
62,17,1.9840763263159533,0.08216868333302887,3.9752680008463916,0.3178475686789,0.041024670223201574,0.04108434166651444,1.9000000000000001,0.09999999999999831,2.7279989864719534,0.21812060093155944,0.03426230387415832,0.049999999999999156
0,18,1.9926384913377204,0.09999999999993016,2.277538991706677,0.15944934970120236,0.025046245282030866,0.04999999999996508,1.900000000001622,0.0999999999999986,2.7594901126597926,0.19319050324613224,0.030346293287067783,0.0499999999999993
1,18,1.990913092434238,0.09999999999999887,2.916050900173152,0.20807944299348233,0.03268504247356864,0.049999999999999434,1.9000000000000008,0.09999999999999999,3.490108568448441,0.24904223958038918,0.039119463514964994,0.049999999999999996
2,18,1.9999999999999998,0.09999999999999999,2.848895100124008,0.1984014771644488,0.031164831156059773,0.049999999999999996,1.9000000000000001,0.09999999999999999,3.7823170047860395,0.263406427572956,0.04137578488857653,0.049999999999999996
3,18,1.9928365481947545,0.09999999999999536,2.757811242132793,0.17542416166138872,0.02755556287687707,0.04999999999999768,1.9000000000000004,0.09999999999999999,2.9674505132283073,0.18875929962202523,0.029650241449465452,0.049999999999999996
4,18,1.9901189096359078,0.09999999999963974,3.5263015829158864,0.213291093955126,0.033503686692157,0.04999999999981987,1.9000000000000001,0.09999999999999999,2.925814525677544,0.17697016724687983,0.027798408866367735,0.049999999999999996
5,18,1.9819487021215352,0.0843136717909406,3.872978899572441,0.24353415413827292,0.032253567408903644,0.0421568358954703,1.900000000000002,0.09999999999976664,3.276448008039016,0.20602410054542217,0.03236219003672164,0.04999999999988332
6,18,1.9795726219779635,0.0806096184869815,4.231957570336859,0.2919744012523427,0.03697017609959914,0.04030480924349075,1.9000000000000001,0.09999999999999905,3.3106404074389757,0.22841019425600353,0.03587858941398357,0.049999999999999524
7,18,1.978582594786028,0.07007107314833455,4.918130014144323,0.33544264047091743,0.03692129402467972,0.035035536574167275,1.9000000000000232,0.09999999999991238,3.2178947132165483,0.21947754456559776,0.03447545208173021,0.04999999999995619
8,18,1.9772653990758016,0.05196235552924727,7.032598414822011,0.42519421860001827,0.034705320373112136,0.025981177764623636,1.9000000000000123,0.09999999999955365,3.464681703877526,0.20947629067986093,0.03290445879490769,0.04999999999977683
9,18,1.9753008648962886,0.044118110158930475,10.119443821084198,0.5477475989216427,0.037959218292330385,0.022059055079465237,1.9000000000000008,0.0999999999999996,4.218532727323576,0.22834171652294324,0.03586783295682794,0.0499999999999998
10,18,1.9745499250047676,0.03877182031234154,61.14071637392566,0.8581336032961383,0.05226259584625231,0.01938591015617077,1.9000000141151476,0.098381691198307,3.622199393436978,0.05083896953933554,0.007856532296284273,0.0491908455991535
11,18,1.9759186995066982,0.027330734190513073,592.3523738476613,0.7408207913379665,0.03180418989432971,0.013665367095256536,1.9590374895666345,0.041153658519036504,308.229819891274,0.3854851759985296,0.024919309744646605,0.020576829259518252
12,18,1.9755122831137304,0.027205961795276647,591.1305420669993,0.7491575666569112,0.032015267231351605,0.013602980897638324,1.9586276263559217,0.042177605278541544,289.9690730211342,0.3674865527852421,0.024346876175247674,0.021088802639270772
13,18,1.975962375439871,0.026519394180506813,613.8386952597334,0.6986322898424554,0.02910262276752626,0.013259697090253406,1.9599999999999975,0.04022354733794454,354.2094928914886,0.40313879039184225,0.02547151835825343,0.02011177366897227
14,18,1.9755684202504253,0.027132367761728976,687.8117127821081,0.7538523335934492,0.03212875195036375,0.013566183880864488,1.9595079758522898,0.039928866848449616,341.2184132470035,0.37398068731754047,0.023456112605895807,0.019964433424224808
15,18,1.9755594090847202,0.02718827295732785,639.5477140446889,0.727141099658251,0.031054188943074674,0.013594136478663924,1.9597012956851416,0.04068740014321285,349.7981157559002,0.39770697473145283,0.025418096520103125,0.020343700071606425
16,18,1.974877203770539,0.02689112313166221,608.6494664944211,0.7321856919263413,0.030927873200683475,0.013445561565831104,1.9591663755786217,0.04039224854493951,330.10912942375813,0.39711064355389847,0.0251958743829408,0.020196124272469754
17,18,1.975467613790109,0.0279323505120644,514.4559881604605,0.7228963954628989,0.031717826524430864,0.0139661752560322,1.9596171945983298,0.040725009030727045,273.258022443694,0.38397305892424327,0.024563023284826263,0.020362504515363523
18,18,1.9741830479729492,0.02766423930903663,594.8989403534969,0.7355510320465669,0.03196328586978915,0.013832119654518315,1.9577454979094846,0.041728144735641334,310.74920559364193,0.38421971090792945,0.025184225188964286,0.020864072367820667
19,18,1.9746234413264867,0.02693860204987793,556.2532858946028,0.7137497143284998,0.030202359951848442,0.013469301024938965,1.958271145107773,0.04221313969526247,317.20794648869384,0.40702156181408017,0.026988885349795672,0.021106569847631235
20,18,1.9740892075533265,0.028281514704125866,586.0935323846314,0.7453273187918171,0.033110793036485474,0.014140757352062933,1.9571632017686544,0.04199195723415158,290.90738502268226,0.3699430369304994,0.024401743175655036,0.02099597861707579
21,18,1.9752614304674871,0.026180119865075145,501.72429431806285,0.6562533800094987,0.026987525201446736,0.013090059932537573,1.9598079038350162,0.04134796585326475,359.0625217859994,0.4696523493586648,0.03050355981242615,0.020673982926632375
22,18,1.9743015562954898,0.027902012530594607,521.7139420053745,0.7295099921521766,0.03197324026950146,0.013951006265297303,1.95711321230788,0.04357135328489926,265.0849911133384,0.370667015421181,0.025369088710380603,0.02178567664244963
23,18,1.974828393188153,0.027796428298445745,494.1983107012568,0.7179622681562814,0.03134804725523447,0.013898214149222873,1.958422962009374,0.042298029315248294,267.3071588589408,0.3883389520220157,0.02580185707363757,0.021149014657624147
24,18,1.9748129746234437,0.027861514305990015,519.6941582707695,0.7464595349388014,0.03266862562906967,0.013930757152995007,1.9576295986173826,0.042948137254530665,267.99900708952003,0.3849387394727535,0.02596903604796633,0.021474068627265332
25,18,1.9753613038613806,0.027409893212336594,519.0636322575411,0.7216253838176819,0.031069840379279606,0.013704946606168297,1.9585482846406974,0.043052979446134246,301.2525143428032,0.4188146650598034,0.02832337283446511,0.021526489723067123
26,18,1.9757915646458681,0.027572648532336985,602.2539045720239,0.7115172749388927,0.030816535392257167,0.013786324266168493,1.9593944195867885,0.04167771218574587,345.2610526763262,0.4078997271381154,0.026704051878694613,0.020838856092872934
27,18,1.9759983383747353,0.027202529865823673,547.2452846382763,0.7132974929214556,0.03047894080049018,0.013601264932911836,1.9599999999999997,0.04078951472769099,299.3435276602982,0.3901741939055544,0.024999248718725487,0.020394757363845495
28,18,1.9764157032258718,0.027194288240938867,673.167724886526,0.7223332512187965,0.03085568418116377,0.013597144120469433,1.9599999999999997,0.041262694272198856,380.6533021189502,0.4084547240483063,0.026474110817766468,0.020631347136099428
29,18,1.9758764000307643,0.027852358579846363,582.9612050000741,0.7424215669193356,0.032481227565940636,0.013926179289923181,1.9587251665976528,0.04272598259803155,294.2386279618386,0.3747232257412324,0.025149105819562576,0.021362991299015775
30,18,1.9756102482511386,0.02778442337891133,610.4818797383338,0.7517204423586462,0.0328078390581554,0.013892211689455664,1.9584290824078585,0.04199839185600764,284.0933657085488,0.3498200317315283,0.023077949208367865,0.02099919592800382
31,18,1.9757040255193459,0.02768651457333191,560.2844053494127,0.7301904075331371,0.031755889837176615,0.013843257286665954,1.9590363623452574,0.042490077217906645,273.5008713988051,0.35643989167040435,0.023789959372912808,0.021245038608953323
32,18,1.9752324886538897,0.02774134160479009,567.2396662192126,0.749333640850697,0.03265296085525546,0.013870670802395044,1.9585986379929865,0.04255239918148094,269.6867831111765,0.35626101472232596,0.023812896754502145,0.02127619959074047
33,18,1.9748333243169807,0.027657682645266635,541.9621610687589,0.7496037809602707,0.032566226157864905,0.013828841322633317,1.9579449486628913,0.042780899298250116,275.8722822196409,0.3815670551725946,0.025641336432515545,0.021390449649125058
34,18,1.974595904617321,0.027136839223869415,569.9605104078863,0.7194324901352311,0.030666851179663362,0.013568419611934708,1.957935668258252,0.041374650947611925,311.82402239975875,0.39359978248054156,0.025580502397254276,0.020687325473805963
35,18,1.973836771953695,0.027356194752155803,588.9611481540991,0.7217098092491084,0.031012599597613773,0.013678097376077902,1.9573887843471844,0.04194879710518783,319.1428219527569,0.39107588994050574,0.025769170031955547,0.020974398552593913
36,18,1.9738615388822445,0.027130314345248326,614.5803844456739,0.7226733822473638,0.030797592032680628,0.013565157172624163,1.9577358272016767,0.04114397092517405,336.75357145217066,0.39598211824596824,0.02559184848973535,0.020571985462587025
37,18,1.973985198096197,0.026462605490065655,638.1126012867056,0.6962836957438111,0.028942677480954186,0.013231302745032827,1.958672869791237,0.04065248685471033,406.78556037141647,0.44386860999061734,0.028344018857214173,0.020326243427355166
38,18,1.973568145484089,0.026644385745356346,709.5748232280005,0.7157115782287777,0.029954607444606013,0.013322192872678173,1.9581338388867482,0.03998293296727249,411.06689485041653,0.414622005234902,0.026040353381439185,0.019991466483636245
39,18,1.9739525087238279,0.025651654162417582,691.3742797234186,0.677379918212429,0.027294024082744263,0.012825827081208791,1.9592671507957833,0.0387994562449503,462.42289397277926,0.4530628218107054,0.027612386378895532,0.01939972812247515
40,18,1.9730417936888909,0.02666308559202374,837.2150273660418,0.7470446742458867,0.03128793191013664,0.01333154279601187,1.9576715854810942,0.038568326174816564,413.11523458584145,0.368621591537991,0.022332196382534503,0.019284163087408282
41,18,1.973372637325582,0.02566925865867097,902.6570705427163,0.717173447712076,0.028917277677361658,0.012834629329335484,1.9583469171883106,0.038103161415453946,520.7288956975939,0.4137262639799736,0.0247624709481053,0.019051580707726973
42,18,1.9723992095371248,0.02644024760061021,1025.3391425248742,0.7640518700438761,0.031732788550596504,0.013220123800305105,1.9560068361623604,0.03925897201074443,524.1274129433922,0.3905639738033727,0.024085240172368454,0.019629486005372215
43,18,1.9726944079266748,0.02628098159543676,767.5853668266366,0.772461530236253,0.03188881046503241,0.01314049079771838,1.9555971213644678,0.04018784137048574,393.4248217224816,0.3959240925567461,0.024993465985591306,0.02009392068524287
44,18,1.9744888619494392,0.02595089521250249,1122.7446990310934,0.7390488143320461,0.030126268724467577,0.012975447606251245,1.9599999999999997,0.036901290848732685,582.2567268260558,0.3832715878943886,0.02221611227428264,0.018450645424366342
45,18,1.974573090839936,0.025615071436556277,1052.2187149474332,0.7445749962316245,0.029958764314556033,0.012807535718278138,1.9599999999999997,0.03719805621466552,548.1506193991778,0.38788441944210744,0.022664307747685592,0.01859902810733276
46,18,1.9748924632640235,0.02620500123020514,1072.8178791890566,0.7684401583022396,0.031631086824023776,0.01310250061510257,1.9599999999999997,0.03666992791827579,502.2095019283018,0.35972363683423003,0.020720436916613367,0.018334963959137893
47,18,1.9750276067659245,0.02649073900755386,1001.7172446064116,0.7750333341690947,0.03225034262016785,0.01324536950377693,1.9599999999999997,0.0371924419231518,441.63345219593833,0.34169387497218573,0.0199623545356394,0.0185962209615759
48,18,1.9754955762115463,0.026389238879299053,955.0276909508984,0.772506293658909,0.03202202319810481,0.013194619439649526,1.9599999999999997,0.03807323867624298,421.8456490828895,0.34122405240908804,0.020407008002800167,0.01903661933812149
49,18,1.9757438418286983,0.026463949805126296,928.6155257292736,0.7639399356563734,0.03175658216859239,0.013231974902563148,1.9599999999999997,0.03822392747502304,418.95734473480337,0.3446617444050572,0.020694182137257024,0.01911196373751152
50,18,1.9758565018336562,0.026523456699574503,924.5218951628929,0.7785345099462526,0.03243604308249635,0.013261728349787252,1.9599999999999997,0.038860368311856554,416.55594674955825,0.3507793396398959,0.021412175565802976,0.019430184155928277
51,18,1.97626114472715,0.02725434071371791,971.9446249193115,0.7843594049929782,0.033579224827067704,0.013627170356858955,1.9599999999999997,0.038967588296419546,431.0276480466071,0.347839353075723,0.0212912970854468,0.019483794148209773
52,18,1.9766891473045065,0.027136429564682204,1091.872772352374,0.7921310431536747,0.033765222494733425,0.013568214782341102,1.9599999999999997,0.03890271745842331,457.37490783257357,0.33181600643193704,0.02027669404360046,0.019451358729211655
53,18,1.9774436264724284,0.02943677113582581,731.6725841374906,0.8701543193806117,0.040235215216764625,0.014718385567912905,1.9599999999999997,0.03375296240837615,188.8196665355339,0.2245570655262205,0.011905797652268695,0.016876481204188075
54,18,1.9770215948824983,0.028264030862118865,593.3366211765101,0.870244501689551,0.03863627634728999,0.014132015431059432,1.9599999999999997,0.03353450524282297,151.5435958858758,0.22226839938590953,0.011708183012916136,0.016767252621411485
55,18,1.9773871207512685,0.02843202864754115,505.1319565910446,0.8744334070812424,0.03905300582801525,0.014216014323770575,1.9599999999999997,0.032476828251724876,123.8269781791391,0.21435675372528767,0.01093529886676822,0.016238414125862438
56,18,1.977491181624014,0.029039908142150305,335.00709328422204,0.8538166070690559,0.03894751139650662,0.014519954071075153,1.9599999999999997,0.035389464667446295,81.44129200601701,0.2075655381926584,0.011538493774282624,0.017694732333723148
57,18,1.977253347976457,0.0299601062117474,128.65090291377444,0.8138355576303703,0.038300098117945616,0.0149800531058737,1.9599999999999997,0.042401887713936694,32.342620191209505,0.20459688772010984,0.013627120357047183,0.021200943856968347
58,18,1.9742897905467718,0.03620950124713381,51.806067370669275,0.8055980647599105,0.04582060657985621,0.018104750623566906,1.9000000000077824,0.09907296077683436,3.5044987982427003,0.05449588422950156,0.008480837126200529,0.04953648038841718
59,18,1.9739590406455854,0.03853526398886204,19.121487606569165,0.6482471716215703,0.039239082687565055,0.01926763199443102,1.9000000000000001,0.09999999999999999,3.403380404175601,0.11537971136728721,0.018123802680239012,0.049999999999999996
60,18,1.975114425487167,0.04794112526213453,9.798173482912187,0.4853079091068637,0.03654647290433661,0.023970562631067265,1.9000000000000026,0.09999999999999985,3.4255444743899255,0.16966874788632935,0.026651504595173514,0.049999999999999926
61,18,1.9758086814338223,0.05304794792274458,7.936273610828059,0.4766045433199907,0.03971427544538171,0.02652397396137229,1.9000000000000266,0.09999999999999766,3.3528119565349557,0.20134958668787853,0.03162791911709828,0.04999999999999883
62,18,1.9799858982071366,0.07333054170482742,4.88959320331681,0.33201908422859855,0.03824439698483936,0.03666527085241371,1.9000000000000001,0.09999999999999999,3.569870293151454,0.24240565958391197,0.038076991966870304,0.049999999999999996
0,19,1.9999999999999998,0.09999999999999999,2.7393227386329877,0.1672062538789185,0.02626469694101401,0.049999999999999996,1.9000000000000001,0.0999999999999976,3.7481609475904323,0.22878499935155705,0.035937463660718996,0.0499999999999988
1,19,1.9999999999999998,0.09999999999999999,2.799694048494546,0.22620544372389076,0.03553226801024973,0.049999999999999996,1.9000000000000001,0.09999999999999999,3.603719689884102,0.2911678909861937,0.045736545364173,0.049999999999999996
2,19,1.9989586893896392,0.09999999664560419,2.6788604361996953,0.2161234394269922,0.03394858933984977,0.049999998322802094,1.9000000000000001,0.09999999999999999,3.7252713170372203,0.3005451269342602,0.04720951814244419,0.049999999999999996
3,19,1.987304187472117,0.09999999999998858,2.8967623715712865,0.20061276718089555,0.03151217977958745,0.04999999999999429,1.900000000000004,0.09999999999999999,3.483548287982082,0.24125011720629458,0.03789547979464858,0.049999999999999996
4,19,1.9999999999999998,0.09999999999993703,2.8707117566662013,0.1985521271298217,0.031188495197264084,0.049999999999968514,1.9000000000000001,0.08422803612185407,3.5519501495096804,0.24566982596094883,0.032503368373454744,0.04211401806092704
5,19,1.9970031101127,0.09999999999999999,3.194884039661868,0.19439383257829929,0.030535311816557463,0.049999999999999996,1.9000000000000001,0.09999999999999999,3.595515232834315,0.21877037711775352,0.03436437047881015,0.049999999999999996
6,19,1.986258268897451,0.09999999999998678,3.9261626754053007,0.2757046094591464,0.04330757878187914,0.04999999999999339,1.9000000000000001,0.09999999999999999,2.99310547591972,0.21018308321197912,0.03301548150638029,0.049999999999999996
7,19,1.97982250391913,0.05917919612584874,5.400445268312006,0.32665013245139884,0.030364894544485224,0.02958959806292437,1.9000000000000001,0.06705532312917431,3.7475903344901496,0.22667591620966784,0.023875832116418475,0.033527661564587155
8,19,1.9775732489043383,0.05636136759794555,6.317356084692603,0.4286972636130565,0.03795352439788476,0.028180683798972775,1.900000000000003,0.09999999999997496,3.4781293094871013,0.23602666961934343,0.037074982566360444,0.04999999999998748
9,19,1.9733013639827435,0.046978359983563256,7.864660877190193,0.4265981258556376,0.031480141199868444,0.023489179991781628,1.900000000000003,0.09999999999999995,2.6146575399537855,0.14182531500291448,0.022277868385310706,0.049999999999999975
10,19,1.9742863789309153,0.03912445003468426,16.406940231139753,0.6289051773852972,0.03865033770103854,0.01956222501734213,1.9000000000000001,0.09999999999999999,4.223175247717628,0.16188129784578037,0.02542825480329424,0.049999999999999996
11,19,1.9778328484418513,0.02865487730489089,422.05213222981695,0.7312329432826258,0.03291350847167764,0.014327438652445445,1.9599999999999997,0.040637677845470094,207.84552739136055,0.3601059801298569,0.022986830516308326,0.020318838922735047
12,19,1.9753923611180788,0.02736576442267414,572.1111700105091,0.7340471506294713,0.03155378181949198,0.01368288221133707,1.9583994561516327,0.04146340332745853,303.50317287972064,0.3894097003127389,0.025362472490673874,0.020731701663729264
13,19,1.9749436591592548,0.027720767434288283,622.7496836124315,0.7719035562113099,0.033611521181404376,0.013860383717144141,1.9577281283348222,0.0415286233213349,278.1193255900143,0.3447312814816783,0.022487858777134512,0.02076431166066745
14,19,1.9758014128439922,0.02676763603904691,664.4809475399168,0.7240648465615973,0.030444395733028522,0.013383818019523454,1.9599999999999997,0.03971341807231397,360.3629860000891,0.392676676631062,0.024495835195787782,0.019856709036156984
15,19,1.9755348152224697,0.02655150259760624,685.5545939940545,0.7265274331844905,0.03030128165465148,0.01327575129880312,1.9599999999999993,0.03984980509044812,383.53297895253314,0.4064552016442351,0.025442440317686818,0.01992490254522406
16,19,1.9747386133577611,0.027545905207538777,660.0508621835478,0.7512280487053035,0.03250489148636185,0.013772952603769388,1.958241574555549,0.041426578423536385,315.52790213603333,0.3591138559376894,0.02336851439699144,0.020713289211768193
17,19,1.9747284140344208,0.026939605263353573,631.2836133236831,0.7224122804592884,0.03057005534181763,0.013469802631676787,1.9584681749262343,0.04051948648280824,354.17106114386996,0.4052972682223597,0.025796304001335302,0.02025974324140412
18,19,1.974181872564666,0.027718258276709633,604.0192176925252,0.746162826205118,0.03248773417186794,0.013859129138354817,1.9571314171481782,0.042180038709284946,298.1717379883783,0.3683403775824161,0.02440485209379921,0.021090019354642473
19,19,1.9748548093277476,0.0277009290341957,545.4345925789529,0.6988067693336074,0.030406841832661197,0.01385046451709785,1.959076231111899,0.0414539458305786,323.4373552193898,0.41438554935429994,0.02698300753685868,0.0207269729152893
20,19,1.974591701050223,0.027994709676331907,548.6960619997319,0.7348377711697709,0.03231374669152221,0.013997354838165953,1.9580036093459041,0.04229061717068231,283.0850334090414,0.3791198614469402,0.025184911964998103,0.021145308585341156
21,19,1.9743096059172673,0.02747721621915815,578.3914753727723,0.7283805674175657,0.031437714016223854,0.013738608109579074,1.9580035361376913,0.041620277088386615,305.1850812858685,0.3843260008822064,0.025126072646944234,0.020810138544193307
22,19,1.9746973113583035,0.02723804431540949,520.7868900588101,0.7094838208481907,0.030355563229617893,0.013619022157704745,1.9587467383831545,0.04160478780523307,316.0977601694277,0.4306295932703591,0.028142784167756497,0.020802393902616536
23,19,1.97487051122586,0.02718622704206508,506.54125659533656,0.6909252768895399,0.029505290696147456,0.01359311352103254,1.9587861205210557,0.04210702837453061,310.1378251991034,0.42302983214019807,0.02797985535220758,0.021053514187265306
24,19,1.9750065651994486,0.02759061178997154,477.6468654507857,0.7138892035259548,0.030939409566694782,0.01379530589498577,1.958988309732957,0.04196332192548097,278.94424969066205,0.4169090234725505,0.02748090512576017,0.020981660962740484
25,19,1.9751254237067235,0.027228463601824945,517.2283905844274,0.6990539769233134,0.029898797669415104,0.013614231800912473,1.959012675041633,0.041606387913834655,318.1955950617024,0.43005353189531653,0.028106217947343116,0.020803193956917328
26,19,1.975280694981308,0.027740386992382855,571.6001875052629,0.7256389292428613,0.031619352064850115,0.013870193496191428,1.9585224266106933,0.04221056496934492,305.84704946419816,0.3882688115515109,0.025743853092427094,0.02110528248467246
27,19,1.975622596956418,0.027598432191116077,560.6182286419479,0.7479452289480236,0.032424559493373944,0.013799216095558038,1.9589462274860108,0.04211765175694457,289.7684472421963,0.3865927230719751,0.02557629905455244,0.021058825878472284
28,19,1.9758878400444324,0.0271883217762397,617.1406116527709,0.7218307925856662,0.030827455741487136,0.01359416088811985,1.9594211634769207,0.04244208166924514,337.71489523444706,0.3950040005343596,0.026334073772182377,0.02122104083462257
29,19,1.9758258911936042,0.027477634312836348,610.6189901412907,0.7240915208725612,0.03125306954505601,0.013738817156418174,1.9594718123635124,0.041177566588879375,325.103861825081,0.3855185533879248,0.024935945429941396,0.020588783294439687
30,19,1.9759100656719524,0.02716247727330437,582.7457719209284,0.7045128449632677,0.03005925195960854,0.013581238636652185,1.959999998876429,0.04077617739902711,323.9933264161711,0.3916930351809419,0.02508835788920398,0.020388088699513553
31,19,1.9761984616134984,0.02729336514219658,501.569680508237,0.7075113672732597,0.03033265212204894,0.01364668257109829,1.959999999999999,0.04104409975814101,278.4636032704726,0.392799190904234,0.025324518458533885,0.020522049879070504
32,19,1.9758371630499865,0.027343233816470615,508.5164721653729,0.7137964193856663,0.030658021066540912,0.013671616908235307,1.9599999999999744,0.04094149894429108,298.35795496739985,0.4188002780796876,0.0269333625613,0.02047074947214554
33,19,1.9749549354663345,0.0276749888475654,525.9306013828277,0.728044917802738,0.03164940181764212,0.0138374944237827,1.9584458956802049,0.04220903984979798,280.8208723481472,0.38873989912060575,0.02577415689142937,0.02110451992489899
34,19,1.974510366711883,0.02691015582343254,559.0848343455724,0.7146099895826502,0.030206831467287747,0.01345507791171627,1.9583494381077766,0.041693801639290526,321.0679956664135,0.41038207968395973,0.026876936233113217,0.020846900819645263
35,19,1.9743775802850696,0.026631531555655535,607.4945394954646,0.7024718755557942,0.029386303619270568,0.013315765777827768,1.958885148549058,0.04060747480432404,378.64541420001177,0.4378438602997,0.027928340113008782,0.02030373740216202
36,19,1.9736663117680495,0.026939527256960596,671.3542430272819,0.7288546176637308,0.030842584052787652,0.013469763628480298,1.957630791917913,0.04085434371785517,356.8833713221957,0.38744983867631844,0.024864149009764424,0.020427171858927586
37,19,1.9738990471209756,0.02635899505430745,676.568095164971,0.717036406282095,0.02968861462888267,0.013179497527153725,1.9582044250137758,0.04017974704004985,398.53646918422623,0.4223745690617186,0.02665783263051245,0.020089873520024924
38,19,1.9734776464634733,0.02646402194275814,736.5201884288492,0.7292348721239788,0.030313993524804538,0.01323201097137907,1.9580190653874112,0.03910914324040064,398.84741473300596,0.39490220098413603,0.024259828887816255,0.01955457162020032
39,19,1.9736110309880965,0.025757107198194507,751.4980522542231,0.6890098544499212,0.027876766402775244,0.012878553599097254,1.9591511254415157,0.03815130207193097,471.9965006264428,0.4327492788863312,0.025933766396859494,0.019075651035965487
40,19,1.9733741431738112,0.026058871382250187,843.7209864338872,0.7270622813443208,0.029760970831891595,0.013029435691125094,1.9584544470619685,0.03845452001684319,479.31762004619867,0.413043847341383,0.024949590925134088,0.019227260008421596
41,19,1.9727836901070155,0.025872698184823583,1052.5522546311572,0.7486569397883671,0.0304259714948565,0.012936349092411792,1.9577149159611762,0.037812183052213615,551.4790018342871,0.39225471234725634,0.02329806209318287,0.018906091526106807
42,19,1.9741282477272755,0.026779612635714326,708.2423357917453,0.765274280071632,0.03219150530649944,0.013389806317857163,1.9599999999999997,0.034646131642140185,297.08119261433677,0.3210039619371314,0.01746968285568875,0.017323065821070092
43,19,1.9745005062755159,0.02535288917553292,1164.8261615696854,0.7261579092797906,0.028918676103068402,0.01267644458776646,1.9599999999999997,0.03671190544256544,662.9470741149833,0.41328421114251457,0.023832830111360004,0.01835595272128272
44,19,1.9745318606892017,0.02576110371252222,1047.2190262019808,0.7305865453107065,0.029563511190876787,0.01288055185626111,1.9599999999999997,0.03710911371496669,567.6078265966241,0.3959884520323489,0.023082507226617158,0.018554556857483345
45,19,1.9746373524855747,0.025990828407466457,1046.9499597098354,0.7246643403426778,0.02958536215865659,0.012995414203733228,1.9599999999999969,0.037037835041856794,529.5702311397971,0.3665511027102008,0.021325538203284478,0.018518917520928397
46,19,1.9749420392847687,0.026195700370341687,1009.6383810439904,0.7465212587718385,0.030717938813226257,0.013097850185170843,1.9599999999999995,0.036999683514628345,489.95312312523953,0.3622687380767382,0.021054684817963517,0.018499841757314173
47,19,1.9751707370472844,0.026321609308475453,945.9688326943524,0.7687724204402508,0.031785577791126986,0.013160804654237726,1.9599999999999997,0.03798752573130657,449.50082332309074,0.36530150253653393,0.021797783904328807,0.018993762865653286
48,19,1.9755173513435413,0.026411510615084302,930.8911704964327,0.7683233478057475,0.031875510527925865,0.013205755307542151,1.9599999999999997,0.03830325858718296,422.9055291921921,0.34905067562433334,0.02100119862559046,0.01915162929359148
49,19,1.9756013858243944,0.026656546021325955,895.4819852742985,0.7677555577662246,0.032147464227528476,0.013328273010662977,1.9599999999999997,0.0382542630932212,408.40542771476146,0.35015281391043707,0.021040562118179805,0.0191271315466106
50,19,1.97589321040038,0.02688450033157328,853.3390682052452,0.7710541667034186,0.03256167480206686,0.01344225016578664,1.9599999999999997,0.039265451397155544,377.306230322508,0.3409237334289687,0.021027503175573167,0.019632725698577772
51,19,1.9760752475363075,0.026899568419967986,885.8911615942897,0.768174512663319,0.03245824864190908,0.013449784209983993,1.9599999999999869,0.039587704662683444,419.17246269270623,0.3634730949018291,0.022602291286512134,0.019793852331341722
52,19,1.9764687797078102,0.027285563325606988,961.574913229608,0.7837714903434696,0.03359249517657791,0.013642781662803494,1.9599999999999997,0.03930919987014973,414.0614732225382,0.3374979666133918,0.020839401478273227,0.019654599935074867
53,19,1.9770374451421888,0.02761993106909497,1104.00978130175,0.8018874336931495,0.034790115866822395,0.013809965534547485,1.9599999999999962,0.03799649796368035,455.91750531775324,0.3311515210344962,0.019764698868623497,0.018998248981840174
54,19,1.976882728318686,0.027807641708518564,563.7852227285824,0.8547223501235619,0.03733439315606984,0.013903820854259282,1.9599999999999997,0.033732456462737,159.30531341309427,0.2415136232351403,0.012797038569253369,0.0168662282313685
55,19,1.977257145056136,0.02838794378715924,535.6708719196097,0.8842135707546522,0.039428566676583225,0.01419397189357962,1.9599999999999997,0.034022260150417635,134.23625231248081,0.2215791864071226,0.011841644025326063,0.017011130075208818
56,19,1.9773846840129672,0.02907161416470561,391.6109452760965,0.8507727482647576,0.03885103503370035,0.014535807082352805,1.9599999999999997,0.034184851418326216,91.66574851597325,0.1991433634003715,0.010693488616399297,0.017092425709163108
57,19,1.9778217810920968,0.029552798271298773,238.94383830878792,0.837173552435924,0.03886279092651271,0.014776399135649387,1.9599999999999997,0.038303885480668494,55.58779765622969,0.19475971577813062,0.011718225184350162,0.019151942740334247
58,19,1.9772472652811017,0.03037625856502584,75.73716567760292,0.764961686091049,0.03650008211749836,0.01518812928251292,1.9599999999999997,0.045835244133238064,21.623234540685974,0.21839932620923072,0.015724278242421345,0.022917622066619032
59,19,1.9748874073162836,0.038200373479573065,33.57277942404891,0.730737407745593,0.04384790278750414,0.019100186739786532,1.9000000000000001,0.09999999999999999,3.9207608186377825,0.08533837966807024,0.013404921331723302,0.049999999999999996
60,19,1.9747682217661606,0.04236662655816448,14.132942868216183,0.5137759933754011,0.03419145397406455,0.02118331327908224,1.9000000000000001,0.09999999999999999,4.089655722514154,0.1486715789478958,0.02335327701101522,0.049999999999999996
61,19,1.9750245893860983,0.05043653763570801,8.75467431739208,0.394148725072455,0.031226640875842728,0.025218268817854005,1.9000000000000012,0.09999999999999974,3.7206045578565656,0.16750726409829214,0.026311979515705925,0.04999999999999987
62,19,1.9775490386640866,0.05577027008555403,6.345622876850019,0.3799602589146469,0.0332859379824785,0.027885135042777016,1.9000000000000044,0.09999999999999301,3.5725763240288235,0.2139170655764157,0.03360201408461533,0.049999999999996506
0,20,1.9999999999999998,0.09999999999999992,2.8581532278576733,0.19068735837931208,0.029953100210844526,0.04999999999999996,1.9000000000000001,0.07632087753881263,3.979041099143344,0.2654696146739065,0.03182570638114654,0.038160438769406314
1,20,1.9998306108286348,0.09999999999999999,1.8983392035621591,0.13120161125626467,0.02060910090309125,0.049999999999999996,1.9000000000000001,0.09999999999999999,3.2431855265000875,0.2241491751744649,0.03520927010181553,0.049999999999999996
2,20,1.9896520780403093,0.09999999999232759,2.7353558041563106,0.18939970738484518,0.0297508364633317,0.049999999996163794,1.9000000000000001,0.09999999999999999,3.1529254308175867,0.21831278881369365,0.03429249267609,0.049999999999999996
3,20,1.9910571506673218,0.0999999999999786,2.826594657122006,0.1969221640824205,0.030932461200510183,0.0499999999999893,1.9000000000000001,0.09999999999999977,3.56519279780861,0.24837854955487773,0.039015211329544525,0.049999999999999885
4,20,1.9871781163846174,0.09657343922437915,3.320813218400603,0.2566232352201807,0.03892902716158506,0.048286719612189576,1.9000000000000001,0.06943922020094175,3.846005053803111,0.2972086036369953,0.03241799040707062,0.03471961010047087
5,20,1.9854092753386,0.09186643417289908,2.874040142486948,0.21028211548094258,0.03034443628372561,0.04593321708644954,1.9000000000000001,0.09999999999999973,2.3439161306865643,0.17149504461833195,0.026938378615000202,0.049999999999999864
6,20,1.984581334828567,0.0999999999999867,3.1139828508959986,0.2154176031362109,0.03383771797332758,0.04999999999999335,1.9000000000000001,0.09999999999999999,3.2956458564826634,0.22798459888274797,0.03581173704908284,0.049999999999999996
7,20,1.976770169710282,0.07874155151075933,4.857587146636873,0.3311029661996063,0.04095311267416605,0.039370775755379665,1.9000000000000001,0.04373101558182213,3.3994546871955085,0.23171370814641387,0.015916998216671502,0.021865507790911065
8,20,1.979331275865316,0.05970698457176372,5.586172966926521,0.38004081551277924,0.03564308256414046,0.02985349228588186,1.9000000000000046,0.09999999999999101,3.551461683446761,0.24161450109592505,0.037952717082182647,0.049999999999995506
9,20,1.9781964849564224,0.04478270994823317,6.299680609515837,0.37863923471227295,0.02663519381448005,0.022391354974116585,1.9000000000003605,0.09999999999993114,2.9336447169988054,0.17632528685410612,0.027697111291129565,0.04999999999996557
10,20,1.9754320020385268,0.04564188962770766,10.087564517429051,0.4955486938612328,0.03552792384417127,0.02282094481385383,1.900000000000001,0.09999999999999973,3.5285116666840244,0.17333711667254156,0.0272277306166446,0.049999999999999864
11,20,1.9741890036355119,0.03721741556674513,36.18267090355675,0.7336991267414283,0.04289276972869004,0.018608707783372563,1.9000000000000001,0.09999999999999999,4.073454645068575,0.08260004143624017,0.01297478416811523,0.049999999999999996
12,20,1.9760945426140346,0.02643007791150649,585.9132930559457,0.7180174087093736,0.029809404102280005,0.013215038955753246,1.9597298942754007,0.04126250174866096,344.8840579965943,0.42264403378921606,0.027393667209599716,0.02063125087433048
13,20,1.9761864445055874,0.027193977321470733,517.5352023811305,0.7243816728036999,0.03094283218545534,0.013596988660735367,1.9599999999999997,0.040352100304489845,285.40369706365755,0.39947274417689066,0.025320552300766963,0.020176050152244922
14,20,1.9752198419769087,0.027429009820993715,676.9355855267751,0.7610550190824973,0.032790350690957266,0.013714504910496857,1.9581919669454542,0.04184676431138027,300.29246496698374,0.3376083227740706,0.022191921341283116,0.020923382155690135
15,20,1.9759719644864109,0.027544209594406555,635.3275640687601,0.7627485109847867,0.03300133889378446,0.013772104797203278,1.9599999999999997,0.039460686599996235,297.55816249857565,0.3572362639575231,0.02214318320927351,0.019730343299998118
16,20,1.9752937429887691,0.026742886585037703,687.02140675786,0.7351785642510472,0.030883107652152148,0.013371443292518851,1.9597753426921813,0.040358147930981206,357.08238670862113,0.38211228034166045,0.024223790409338843,0.020179073965490603
17,20,1.9749252193339424,0.02698896279168855,637.4986949600211,0.7393160108327477,0.03134268392805062,0.013494481395844275,1.9587698867841252,0.04102196519123059,331.9243750450208,0.3849372662195441,0.024804261226351005,0.020510982595615294
18,20,1.9750759777140554,0.02667783225691169,546.7768283302976,0.7025115576735443,0.029439056572900957,0.013338916128455844,1.9595272068142673,0.040964322247350776,327.04287372738435,0.42019227360064454,0.027037947058429,0.020482161123675388
19,20,1.974475197457324,0.027381453877884272,597.2072178661075,0.7121713362246995,0.03063097855642543,0.013690726938942136,1.958968224244057,0.041621886464128524,333.40024433062206,0.39758075656046993,0.02599363360698044,0.020810943232064262
20,20,1.973759900229489,0.02806002346171482,580.8156500870085,0.7701270699330537,0.033944568781545455,0.01403001173085741,1.9559265798887107,0.04360528570083901,268.21946117403985,0.3556430817627621,0.024359780925619585,0.021802642850419506
21,20,1.974071579118074,0.027489099999869995,598.1537554233739,0.7339465983340386,0.031691650671068924,0.013744549999934998,1.9572480981007045,0.04291879799606131,305.82678068427936,0.3752555648569046,0.025298488177794325,0.021459398998030656
22,20,1.974454820747095,0.02712490798637066,577.4295017747646,0.7224383681174387,0.030781441468793424,0.01356245399318533,1.9585516173455637,0.040883128062941566,322.02272489556304,0.40289173164038805,0.025873331264747015,0.020441564031470783
23,20,1.975381334797899,0.0270535926611521,470.1365482549012,0.6831500098009241,0.029030926926575315,0.01352679633057605,1.95999999999982,0.04090024415093991,307.7017354118538,0.4471178519147982,0.028725512623569722,0.020450122075469954
24,20,1.974413531826369,0.028000285824341997,534.5057727523658,0.7507942170252035,0.03302199143734808,0.014000142912170999,1.9575084056570433,0.04288066129697862,259.91063424387465,0.3650838046683944,0.024590871431430468,0.02144033064848931
25,20,1.9749133716842915,0.027369081202861502,530.8344569905482,0.722104302153358,0.031044168183893026,0.013684540601430751,1.9583435286901592,0.04206570801134581,286.09843463238593,0.3891851927974329,0.025716057516830305,0.021032854005672907
26,20,1.9748603831523759,0.02772426258168797,569.4324518136053,0.7459430462926094,0.03248520040382845,0.013862131290843986,1.9576301467281934,0.04271204578849232,290.9590877379196,0.38114952451776773,0.02557205517340602,0.02135602289424616
27,20,1.9755151547827616,0.027754454643845575,555.8400565297583,0.7240925280903359,0.03156796898420382,0.013877227321922788,1.958505005235375,0.04264680840675487,295.08492659379556,0.3844069674154787,0.02575121132135355,0.021323404203377434
28,20,1.976085744067858,0.027852689333798718,575.9199425894316,0.7476665285613704,0.03271108509221044,0.013926344666899359,1.9594467672935645,0.041477390168204814,295.8971314302315,0.3841373856112905,0.02502752335501448,0.020738695084102407
29,20,1.9755462204351544,0.02783538771220598,610.5115535785147,0.7425632142712932,0.032467629607534146,0.01391769385610299,1.9589135151831525,0.04189246240451374,305.21945787577914,0.3712374325594684,0.024429103307313002,0.02094623120225687
30,20,1.9757021827870633,0.02747390741533539,599.6655853901883,0.7342506234665881,0.03168725591690495,0.013736953707667695,1.9594485294571242,0.04144471156182727,300.38372114997765,0.36779988698213123,0.023944214254856114,0.020722355780913634
31,20,1.9755523703425073,0.027264477215480216,584.2886093553922,0.7289059194884497,0.031216810562155736,0.013632238607740108,1.9591996107476057,0.04126075176288669,301.78576198727376,0.37648077475365926,0.024400561315963652,0.020630375881443345
32,20,1.9755595773350358,0.026817107446449606,543.6276869791301,0.7097360795045382,0.029897074405828374,0.013408553723224803,1.9596709050307743,0.04178274089013507,325.820290589458,0.4253764501050309,0.02791838200281611,0.020891370445067534
33,20,1.9745719377098783,0.027221913317127165,590.4278142672791,0.729252271981678,0.031182886545253315,0.013610956658563583,1.957893069982456,0.041682967473461625,319.12883894634155,0.3941640709208573,0.025808070783442067,0.020841483736730813
34,20,1.9740918108171082,0.02749723603405651,636.277505604047,0.7298202979648245,0.03152280508183311,0.013748618017028254,1.9576929164031394,0.040736701551275394,341.82386477437916,0.39207734462385585,0.025088661185559972,0.020368350775637697
35,20,1.9740973928737888,0.02656276778876433,649.4463191132043,0.708425557283231,0.02955884248419973,0.013281383894382165,1.9582412006897267,0.040445014575456954,365.76145277781484,0.39897794997230807,0.025347420394914624,0.020222507287728477
36,20,1.9736791704930465,0.026872060166207294,712.9187208635869,0.7255417479170386,0.030625504185353047,0.013436030083103647,1.9575616452914322,0.039581073579354455,369.4262370619167,0.3759673437101453,0.023375320310085147,0.019790536789677227
37,20,1.9732511140705038,0.026994731432888355,727.2305562048965,0.7568158475906929,0.03209143265199798,0.013497365716444177,1.9571098586726565,0.04013960182848664,351.3153981958811,0.36560765851863597,0.023051979337377352,0.02006980091424332
38,20,1.9729920389099473,0.026948427418187124,789.1900811906195,0.7439712164107459,0.031492666732771936,0.013474213709093562,1.9571703808998524,0.03959376512502308,381.521623821761,0.3596612696062511,0.02236867978573433,0.01979688256251154
39,20,1.9732603176593726,0.02614412001696158,782.3720126934091,0.7176185860889173,0.02947050540283584,0.01307206000848079,1.9579159462043925,0.03893271017053998,437.87878917916413,0.4016375234171589,0.024562286582241234,0.01946635508526999
40,20,1.9727828623494932,0.026099020310814684,993.7933356245734,0.7382027861330512,0.030263542455075017,0.013049510155407342,1.957302650247982,0.037741980916185386,519.9863091645972,0.3862526829434861,0.022898976785253253,0.018870990458092693
41,20,1.9722252109812053,0.02571365925019662,780.3052507999737,0.7610086828542739,0.03073784196896902,0.01285682962509831,1.9562869244387413,0.03856798235768189,385.76782400871286,0.37622797403382513,0.022792810551640796,0.019283991178840946
42,20,1.9730474748559899,0.025651712697771337,789.4161771493606,0.7312110790365637,0.02946313849335361,0.012825856348885669,1.9578263907838254,0.03806909010518086,433.4102471955364,0.40145411722084656,0.024006469206476224,0.01903454505259043
43,20,1.9744319863120356,0.025425186611215324,1049.737692510362,0.7198572898192194,0.02874950908142636,0.012712593305607662,1.9599999999999997,0.03656167472444762,601.4325588731886,0.41243218656285224,0.023686369958200157,0.01828083736222381
44,20,1.9745068485284174,0.025794617016853177,990.8454770094928,0.7362501419674385,0.029831449265274115,0.012897308508426589,1.959999999999989,0.03671448193058804,515.469020996186,0.38302050995245407,0.022089165624554975,0.01835724096529402
45,20,1.9747304463219986,0.02608614478438925,993.7833245055974,0.7539188653469875,0.030892594812101496,0.013043072392194625,1.9599999999999997,0.03686800397666584,502.9491584696364,0.3815548616387704,0.02209665292659502,0.01843400198833292
46,20,1.975104079188298,0.026188368817770723,1008.7915882097328,0.7602180203613668,0.03127277970820504,0.013094184408885361,1.9599999999999997,0.03703838398728483,480.3291584836061,0.36197256822122775,0.02105947624715058,0.018519191993642416
47,20,1.9752373232226497,0.026224671678245173,948.3880245492043,0.7499108311965011,0.030891540272068436,0.013112335839122587,1.9599999999999997,0.03820854970495811,432.3589410052251,0.3418755239750981,0.020518633755485786,0.019104274852479054
48,20,1.9752771173753687,0.026856514732069816,854.2552410630874,0.751429393375538,0.03169988657161615,0.013428257366034908,1.9599999999999989,0.038850939250286994,417.1661640198211,0.36695229071830104,0.022393965398578228,0.019425469625143497
49,20,1.9753460349342082,0.02672786393941319,808.0521738587966,0.7538994270842065,0.03165173653996037,0.013363931969706595,1.9593219881974415,0.04069764640312273,373.92859550554266,0.3488692476078806,0.022302413302788593,0.020348823201561363
50,20,1.9756453444038675,0.02677817682978671,789.9454784502841,0.7453122642653137,0.03135011583394801,0.013389088414893354,1.9599999999999953,0.03997479826776477,395.7490696844142,0.37338859864864143,0.023445916313520568,0.019987399133882384
51,20,1.9759834921551185,0.026540709561987185,815.443137705169,0.7426106384423781,0.030959473971790035,0.013270354780993593,1.9599999999999997,0.040112095465585154,394.11632106482335,0.3589152440845349,0.022614507371065424,0.020056047732792577
52,20,1.9762415581959012,0.027237320982836558,882.874551776825,0.779723391023176,0.03335990680927445,0.013618660491418279,1.9599999999999997,0.04018848229310301,396.6671665078844,0.3503223278489803,0.022115120014695785,0.020094241146551506
53,20,1.9766739056569402,0.027078683481514758,1053.765348683071,0.791320503493998,0.033658894015900095,0.013539341740757379,1.9599999999999997,0.03839658680364677,462.02391032597467,0.3469548451202452,0.020925963040798114,0.019198293401823385
54,20,1.9772751440875773,0.02917689379861947,872.0445306289758,0.856162209533388,0.03923873392911778,0.014588446899309736,1.9599999999999997,0.035483998945463606,244.59229842489157,0.2401376022658662,0.013384822142545934,0.017741999472731803
55,20,1.9770322742655289,0.027785390671182412,571.214444371329,0.8444795545708693,0.03685747027666868,0.013892695335591206,1.9599999999999997,0.033881624164934024,159.01440849023854,0.23508582140281578,0.012511533246372374,0.016940812082467012
56,20,1.9772761256593003,0.028485693628085392,483.71833419215375,0.853443238480455,0.03818750795298617,0.014242846814042696,1.9599999999999997,0.03221507273414561,120.87508130427028,0.21326464917272522,0.010791898842806423,0.016107536367072805
57,20,1.977405940339007,0.028564268330561433,344.40241094096393,0.8558148682110889,0.0383992558791447,0.014282134165280716,1.9599999999999997,0.035307430881426086,85.49840843696332,0.21245730814956534,0.011783048608194017,0.017653715440713043
58,20,1.977369765680614,0.029114490392505195,133.06340223511668,0.8262817711587366,0.03778829017269816,0.014557245196252597,1.9599999999999997,0.04156689121616082,34.49302575386958,0.2141908138059738,0.013985186517004967,0.02078344560808041
59,20,1.9747318806835346,0.03433832423025562,56.718763885050166,0.8405269867139432,0.045336776278130084,0.01716916211512781,1.90170710597325,0.09999999999999999,3.603897184503924,0.05340689100801033,0.008389134822091802,0.049999999999999996
60,20,1.9748649294258183,0.03550705893287876,20.48037259472556,0.6941690408953508,0.03871683242382796,0.01775352946643938,1.9000000000000001,0.09999999999999808,3.8534049499039362,0.1306086794019119,0.020515963385205154,0.04999999999999904
61,20,1.9769648481707442,0.04152712264506988,10.321414882106344,0.5642551821944176,0.036806733267113104,0.02076356132253494,1.9000000000000001,0.09999999999999999,3.6529521478484095,0.19970102968199396,0.03136896438816347,0.049999999999999996
62,20,1.977699956606899,0.04568736351255945,7.442940051977873,0.497296315321111,0.03568873999473185,0.022843681756279724,1.9000000000000863,0.09999999999996351,3.3667445951546378,0.22494735549465428,0.03533464797330998,0.049999999999981753
0,21,1.997326692452534,0.09999999999992658,1.7250127303317047,0.1220198545076879,0.019166833925658315,0.04999999999996329,1.9000000000002908,0.0999999999998177,2.4996747604944387,0.1768160577768144,0.02777420140736679,0.04999999999990885
1,21,1.9999999999999998,0.09999999999999999,2.6040213314127376,0.2084776289217959,0.03274758937292665,0.049999999999999996,1.9000000000000001,0.09999999999999999,3.4575073591352212,0.2768076157890437,0.04348083861102829,0.049999999999999996
2,21,1.9999999999999998,0.09999999999999999,2.909949137136986,0.17610773390150974,0.027662938153266457,0.049999999999999996,1.9000000000000001,0.09999999999999999,3.2826529861363185,0.19866346500553184,0.03120598410990359,0.049999999999999996
3,21,1.9999999999999998,0.09999999999999999,3.0563368509708737,0.25034624677995215,0.03932429648688375,0.049999999999999996,1.9000000000000001,0.07732685884233405,3.5183915888722197,0.288193406658207,0.03500533889023358,0.038663429421167024
4,21,1.9880610550343247,0.09999999999999999,3.259871660155329,0.2313932937638525,0.0363471735889232,0.049999999999999996,1.9000000000000001,0.05697979619493877,3.949593684411996,0.28035137175352937,0.02509247233412049,0.028489898097469386
5,21,1.9947346087235431,0.09999999999997498,2.6769534969860396,0.21362433768632713,0.03355603249515913,0.04999999999998749,1.900000000000043,0.09999999999999991,3.244694380005675,0.2589307915522878,0.040672753626442834,0.049999999999999954
6,21,1.9854053295051142,0.09999999999999959,4.1343640528214705,0.27896833083161104,0.04382024293623963,0.049999999999999795,1.9000000000000001,0.05557808582973856,3.254615542153825,0.21960684973391667,0.019172084928997177,0.02778904291486928
7,21,1.9855281006054022,0.08808317765169327,3.4388437102297575,0.23750873607856118,0.032861882558302975,0.044041588825846634,1.9000000000000001,0.0999999999999978,3.290030267413023,0.2272307194854371,0.035693317950267825,0.0499999999999989
8,21,1.9788937715229882,0.061556638935147234,4.5921586205288705,0.3091433094838559,0.029891976195370915,0.030778319467573617,1.9000000000000001,0.09999999999999896,2.9744930291960237,0.20024234680648206,0.03145399428324085,0.04999999999999948
9,21,1.976237777585147,0.045376960521228756,5.791057078674056,0.39733424228751674,0.028321175383793532,0.022688480260614378,1.9000000000000001,0.09999999999999999,2.800199396349679,0.19212642705592367,0.030179148589967255,0.049999999999999996
10,21,1.9751768006185735,0.05163447390205647,7.6475939481687645,0.4643383020389335,0.037661199006101514,0.025817236951028236,1.900000000000081,0.09999999999999387,3.3749927923925793,0.20491914623532861,0.03218862421963807,0.049999999999996936
11,21,1.9738249065192122,0.04691832108920081,14.412133699431388,0.6004587096019312,0.044253282352725784,0.023459160544600406,1.9000000000000135,0.09999999999999999,3.3448494188655755,0.1393578499722101,0.021890279884638188,0.049999999999999996
12,21,1.9769830432432123,0.029938403845042885,349.81463046636276,0.7794624586737843,0.03665588610771546,0.014969201922521443,1.9572844310732325,0.04756769398029097,148.79190862856848,0.33154046980759755,0.024772425071308994,0.023783846990145484
13,21,1.97571093663924,0.026549790819826342,561.1210624730323,0.7291342061849192,0.03040804180774377,0.013274895409913171,1.959245203573227,0.04126866812314909,307.6845108633065,0.39981265467912136,0.025917724320791275,0.020634334061574545
14,21,1.9756351313262792,0.02679022972929276,612.6082680366285,0.7320125418654445,0.03080454772613568,0.01339511486464638,1.959065008542822,0.04075709471795432,313.351936234113,0.3744277694395679,0.02397127567578821,0.02037854735897716
15,21,1.9756633669562416,0.026535017430440462,666.1278477697117,0.7389530610847751,0.030800382280367182,0.013267508715220231,1.9598517444082126,0.04049080991419983,341.08144227670397,0.37837057359702925,0.024065433776376745,0.020245404957099915
16,21,1.9757770838061528,0.027627645905534754,681.2107832934122,0.758621835156731,0.032922218799411596,0.013813822952767377,1.9599999999999997,0.03905397727884133,308.2435270014468,0.34327153336957805,0.021058281955069237,0.019526988639420664
17,21,1.975338698402313,0.02648441524544723,685.1484757266478,0.7399408616903029,0.030782740167179187,0.013242207622723615,1.9594876866572009,0.03948635815004952,360.95436906960043,0.3898204496433822,0.024178623657237466,0.01974317907502476
18,21,1.9750239150682727,0.026784292086683453,642.2247268292647,0.7143004498992025,0.030052525413399964,0.013392146043341727,1.9594356309826113,0.04039077475469162,350.0411846070019,0.38932567558163,0.024701032470534266,0.02019538737734581
19,21,1.9748442998384905,0.026621724043523972,607.0790091817564,0.6939826279673242,0.029020484148705138,0.013310862021761986,1.959333064127673,0.040422121782861996,367.4288278584794,0.4200264210944553,0.026669544180755542,0.020211060891430998
20,21,1.974236568954238,0.027387317711186087,648.3206992150748,0.7346290790231481,0.03160366809258646,0.013693658855593044,1.9577380068808432,0.04114071312283171,332.4356517413461,0.37669150000744955,0.024343191352636056,0.020570356561415856
21,21,1.974653819251647,0.026626896738056873,568.939550840894,0.7166287051370986,0.029973304882204167,0.013313448369028437,1.9586074739668533,0.04183751195805286,337.39519916369187,0.4249785136905812,0.027928827253230683,0.02091875597902643
22,21,1.9739394836130852,0.02811326494312574,603.1113472580779,0.7645119289397208,0.0337610098576275,0.01405663247156287,1.9570579712811829,0.0421894736116537,280.7541893606852,0.35588772760098364,0.023585060571545788,0.02109473680582685
23,21,1.9752865875900398,0.027444585498637653,509.20405035061515,0.6822742040367495,0.029412741386533544,0.013722292749318826,1.9596755605470668,0.040699524595727656,299.241451843065,0.400948741924676,0.02563291919586693,0.020349762297863828
24,21,1.9752038181137532,0.02699517872560485,520.8487232989406,0.6710709758108482,0.028456045061572455,0.013497589362802424,1.959641536399226,0.04059988418421238,343.28018155422774,0.44228843444798605,0.028206568495074375,0.02029994209210619
25,21,1.9756308443066088,0.026913039296838435,513.4049678321965,0.6993024201378354,0.029562942168056005,0.013456519648419218,1.9598024438311805,0.041278625510684674,314.26451014883287,0.42805571874080395,0.027755266924707287,0.020639312755342337
26,21,1.9751920106214638,0.028035543734963374,544.6882756970019,0.7462483399364396,0.03286338074864552,0.014017771867481687,1.9580569645870152,0.042798502949918216,272.5678985824243,0.3734307326090616,0.025104900923389715,0.021399251474959108
27,21,1.9753989123083098,0.02816678984100219,624.9534311222524,0.7455040365431215,0.03298429680378275,0.014083394920501095,1.9581013195899,0.042964443116274384,310.03014390579943,0.36983351434165546,0.02495946824009303,0.021482221558137192
28,21,1.9760792519981514,0.02710292469831047,611.0309503402366,0.7107469113424191,0.030258752325631157,0.013551462349155234,1.9599999999999924,0.04063014934831097,349.86892083408435,0.4069650722587234,0.025973198419402585,0.020315074674155484
29,21,1.975794786525482,0.027702556497819383,596.0342493735855,0.7314554814854937,0.03182933939694178,0.013851278248909691,1.959426670508784,0.041339872162377986,296.04888477504073,0.36331230929087543,0.0235922367997566,0.020669936081188993
30,21,1.9756481266208559,0.027741559515506994,607.320017443977,0.7560638034155257,0.03294649319792391,0.013870779757753497,1.958969344258219,0.04172846824350261,289.4085830047543,0.3602900410373135,0.0236159041682969,0.020864234121751306
31,21,1.9756895806061299,0.02784423364665378,583.3080036134427,0.766189864160491,0.033511321076381044,0.01392211682332689,1.9589459241359952,0.0414237981290045,276.7691002975236,0.3635432362442111,0.0236551585153249,0.02071189906450225
32,21,1.9752971717083254,0.02705644920031998,578.6402726158168,0.7299253691157838,0.031021953019239434,0.01352822460015999,1.9587139701804377,0.04236986410383976,317.7412821460721,0.40081451919227246,0.026675980618485823,0.02118493205191988
33,21,1.9745848182926304,0.027417936751889464,595.7687001058437,0.7362811547128418,0.031710152602468615,0.013708968375944732,1.9578679396744796,0.04098179792563281,311.35044621153077,0.38478266148634127,0.02477002123210118,0.020490898962816403
34,21,1.9740706386536575,0.027004200824328983,639.1786405744708,0.7387775199134805,0.0313375383206355,0.013502100412164491,1.9573919392501968,0.040898987774963404,349.5083476806327,0.4039698667910545,0.02595263194841713,0.020449493887481702
35,21,1.9734344185129276,0.027434252548055652,669.891247658807,0.7523087256476823,0.03241970870111076,0.013717126274027826,1.9570665980615478,0.041822661517217356,324.58437956746957,0.36451836295959156,0.023946991238070925,0.020911330758608678
36,21,1.9735748807162727,0.02697830599444351,698.4678090425385,0.7272075078065643,0.030817180864647,0.013489152997221756,1.9577472934595044,0.040127962964071846,383.45738745437984,0.39923542283640556,0.025164949247405217,0.020063981482035923
37,21,1.9730665291032337,0.026939562339513154,775.1617952644166,0.760529721460126,0.03218300582486113,0.013469781169756577,1.9571758323656616,0.0390873957174015,372.1930128962497,0.365167440083697,0.022420673772948017,0.01954369785870075
38,21,1.9728683259592281,0.026952248891443476,796.1049557814263,0.7482416920838144,0.031677929576390165,0.013476124445721738,1.9573237491823008,0.039260158576765465,391.6555797581853,0.3681085409456875,0.022701148029447216,0.019630079288382733
39,21,1.9730215819817585,0.02598162207712128,882.1490619748791,0.7231389175417131,0.02951262728607032,0.01299081103856064,1.9582217803285993,0.037647457921551865,489.5694223040346,0.40132299332030913,0.023732832625961594,0.018823728960775932
40,21,1.9718263434736347,0.02621707944336235,1054.2778029107378,0.7440492994512972,0.030641209148982614,0.013108539721681176,1.9559128479003898,0.038538166696620885,591.3770382672609,0.4173602724248885,0.025265158968343283,0.019269083348310442
41,21,1.9743363200959765,0.02699630571038353,779.4180808986025,0.7505506495557407,0.031827624063857175,0.013498152855191766,1.9599999999999997,0.03562350092750017,366.37504682470376,0.35280555598384933,0.01974203377956201,0.017811750463750085
42,21,1.9741601178203008,0.02582146933680369,1121.4748142301419,0.733528146058979,0.029752099060171924,0.012910734668401844,1.9596413030334925,0.03694864545250783,593.4245449145782,0.388143898314738,0.0225274047490703,0.018474322726253916
43,21,1.9745074385581236,0.025590305130693727,934.3125112049783,0.7253324686636612,0.029156303338290165,0.012795152565346864,1.9599999999999997,0.03678460739731563,535.8804499498652,0.41601871430516946,0.02403802982546345,0.018392303698657814
44,21,1.9745929132323046,0.025846817247277772,1004.6153719047547,0.7497913087098845,0.03044159130928132,0.012923408623638886,1.9599999999999975,0.03662009941245549,517.0842790945231,0.38592411501776935,0.02219940390015806,0.018310049706227745
45,21,1.9747936633047556,0.026190108896361867,974.0716847226274,0.7566773278156712,0.03112919591108462,0.013095054448180933,1.9599999999999997,0.037387408266789615,469.87624034261336,0.3650087601589263,0.02143623577110154,0.018693704133394808
46,21,1.975021345690299,0.02629374456878834,898.4592889808031,0.7506016645749325,0.03100143806065305,0.01314687228439417,1.9594063605703604,0.03881497819884655,429.90100073810714,0.35915306426682975,0.021897715032822982,0.019407489099423275
47,21,1.9753119993746322,0.02616483817561299,887.1641841016537,0.752894166970192,0.030943672969622596,0.013082419087806494,1.9599999999999997,0.03845325249096001,443.14242292835695,0.3760739571533114,0.022715704816879123,0.019226626245480005
48,21,1.9750568930410486,0.026883926701459157,846.6495136257553,0.7893878652127027,0.0333351969708321,0.013441963350729579,1.959053415315235,0.03996207348351818,366.1794631935292,0.3414135602549294,0.021431306998896196,0.01998103674175909
49,21,1.9754411549651834,0.026853295795833232,791.0639655734138,0.7370948052980009,0.031091439027455602,0.013426647897916616,1.9599999999999986,0.03901944474021747,389.4648180646089,0.3628941611992978,0.022242363941671124,0.019509722370108736
50,21,1.9755454086350286,0.026652662013312473,799.1830927506404,0.7428853172742779,0.031101565071295613,0.013326331006656237,1.959658534696066,0.03989430929821741,384.75257131821917,0.357649002598473,0.022412373207950056,0.019947154649108706
51,21,1.976047002679778,0.02702337577315208,768.229062071536,0.7442031642383712,0.03159009919530176,0.01351168788657604,1.9599999999999997,0.0398573572508654,380.31382339856407,0.36841973930745303,0.023065945805040504,0.0199286786254327
52,21,1.976190966388101,0.027009064914701578,818.7963602736728,0.7486631132364662,0.0317625865584504,0.013504532457350789,1.9599999999999997,0.039966204007097564,407.1499860411495,0.372275929514231,0.023371023634036415,0.019983102003548782
53,21,1.9763547431679036,0.027114017119312155,965.3252600274109,0.7561448704700361,0.03220466258274931,0.013557008559656077,1.9599999999999997,0.03881180553880271,439.0712984698497,0.3439270926145325,0.020967667071411192,0.019405902769401354
54,21,1.97683683033126,0.027470145745773587,1067.6962953095517,0.7889718577579418,0.034044138844953144,0.013735072872886793,1.9599999999999997,0.03882198047734763,460.6654085783573,0.3404077028341791,0.020758546572657816,0.019410990238673816
55,21,1.976781632473406,0.027917869169777152,559.1700453731983,0.8576399500882014,0.03761033031112291,0.013958934584888576,1.959999999999989,0.03528780262765783,155.5854216168901,0.23863272779732694,0.013227400348711638,0.017643901313828914
56,21,1.977179599031707,0.02848254989029075,532.8615055901528,0.8830714526177726,0.03950886824067178,0.014241274945145375,1.9599999999999997,0.03343416816499051,136.12401089086148,0.22558812519290372,0.011847497738995067,0.016717084082495254
57,21,1.9772574730025598,0.028726930021973227,395.45817461627144,0.8594945621075689,0.0387839668380177,0.014363465010986613,1.9599999999999997,0.03453819411067702,97.64922953013136,0.21223225909182766,0.011514123939004306,0.01726909705533851
58,21,1.9773587013642062,0.029978192944509128,238.71848457938592,0.838755903475836,0.03949670965171724,0.014989096472254564,1.9599999999999997,0.03717476967216439,51.28598539097605,0.18019728588697334,0.010522438807523465,0.018587384836082195
59,21,1.9769117223965569,0.030191615292430734,84.14905667678961,0.777402488298889,0.03686821847648548,0.015095807646215367,1.9599999999999997,0.04719648902344607,22.28482991072704,0.205876131095064,0.015262847594698007,0.023598244511723036
60,21,1.9744572481358522,0.03579865217873797,37.42173464272155,0.7853419665550495,0.044161656804208214,0.017899326089368985,1.9000000000000001,0.09999999999999996,3.809098682102837,0.07993870616542141,0.012556742601338046,0.04999999999999998
61,21,1.9751355609864825,0.03843917688613052,15.330229461058103,0.5198274340334015,0.03138724173263016,0.01921958844306526,1.9000000000000001,0.09999999999999999,3.729280226497145,0.12645486982800264,0.01986348450311533,0.049999999999999996
62,21,1.9751740271153428,0.046510561567460786,8.779415031056063,0.47411571080475445,0.034638239204346596,0.023255280783730393,1.9000000000000021,0.09999999999907266,2.4407517628636635,0.1318081845834398,0.020704381218325095,0.04999999999953633
0,22,1.9999999999999967,0.099999999999999,2.4133932637474924,0.1904152331002809,0.029910354871971228,0.0499999999999995,1.9000000000000001,0.09999999999998156,3.637170391271867,0.28697049017367887,0.04507721918632627,0.04999999999999078
1,22,1.9968932367850867,0.09999999999984725,2.4195831112781754,0.17336575316105457,0.027232228825699926,0.049999999999923626,1.9000000000000001,0.09999999999999999,3.4927152113142026,0.2502568315856224,0.03931025118100247,0.049999999999999996
2,22,1.9995245016591863,0.0941417297342126,2.0779289662627014,0.15295901477179583,0.022619194147088854,0.0470708648671063,1.9000000000000001,0.09999999999999999,2.53624985052109,0.18669660255449508,0.02932623375176876,0.049999999999999996
3,22,1.9999999999999998,0.09999999999999999,2.553202495360891,0.17622769741954883,0.027681781978614976,0.049999999999999996,1.9000000000000001,0.09999999999999999,2.9672172147229126,0.20480391134051196,0.032170523164690386,0.049999999999999996
4,22,1.990481986984168,0.09999999999999999,2.527306914728563,0.17470413358433892,0.027442461131016452,0.049999999999999996,1.9000000000000001,0.09999999999999999,3.5211633287940494,0.24340604814590971,0.03823413263472567,0.049999999999999996
5,22,1.9891147850242337,0.09933044912522161,2.922201629171523,0.2030513121056281,0.031681670759154484,0.049665224562610806,1.9000000000000001,0.09999999999999999,3.2972162305474195,0.2291094752754753,0.035988432219662275,0.049999999999999996
6,22,1.9859353250781853,0.09999999999999326,3.0850381916530125,0.21341528346514257,0.0335231943348915,0.04999999999999663,1.9000000000000072,0.09999999999999999,3.529550997227949,0.2441655758480159,0.03835343896718241,0.049999999999999996
7,22,1.9808860129588282,0.07523686745600902,4.062032895044272,0.3053192800730314,0.036083180579184485,0.03761843372800451,1.9000000000000001,0.069674237894057,3.359987489936979,0.25255062870946277,0.027640160341794662,0.0348371189470285
8,22,1.9820782838029636,0.07864203472168226,4.0119635796626785,0.3005010213265088,0.03712107725648092,0.03932101736084113,1.9000000000000887,0.09999999999958305,3.120644505003098,0.2337401230918537,0.03671581267757399,0.049999999999791524
9,22,1.9807660214821219,0.055071221723868115,5.630993573038703,0.36365033796599144,0.03145781714822609,0.027535610861934057,1.9000000000000001,0.09999999999999998,3.9123842608313804,0.25266231265406885,0.0396881032636515,0.04999999999999999
10,22,1.9743972772996947,0.04557011528865101,7.422411986862322,0.4516228075495204,0.032327779155330416,0.022785057644325504,1.9000000000000117,0.09999999999999964,3.374705254824088,0.20533673750977746,0.032254219303640516,0.04999999999999982
11,22,1.9765511393886734,0.0455372637635646,8.93318179893938,0.5368115531921831,0.03839800513598695,0.0227686318817823,1.9000000000000108,0.09999999999999877,3.4962168015402253,0.21009418746568498,0.03300151779520523,0.049999999999999385
12,22,1.9742452177334266,0.03740278555431916,26.765230943101805,0.6361792584875781,0.03737690441316926,0.01870139277715958,1.9000000000000001,0.09999999999999988,4.222300363396985,0.10035930270910004,0.015764402405515125,0.04999999999999994
13,22,1.9765283627293944,0.02666495925663042,582.9630204691716,0.7098707959195725,0.029733094497319316,0.01333247962831521,1.9599999999999997,0.04000193245562838,346.6364345443203,0.4220972395241526,0.026522433009515758,0.02000096622781419
14,22,1.9753666984648095,0.027123528997144434,581.3042720114481,0.7564109030031683,0.03222729477135449,0.013561764498572217,1.9586617487155693,0.0416557154643366,298.96552406301424,0.38902308637922145,0.025454809446154265,0.0208278577321683
15,22,1.9755471306029622,0.027189205078309946,611.9512470384977,0.725212127460695,0.030972869701290456,0.013594602539154973,1.9595040356401559,0.04127489762918981,322.45737577689044,0.3821382841104661,0.02477572837267555,0.020637448814594905
16,22,1.9752789820077463,0.027204570022099514,693.751460526604,0.7607689148047485,0.03250981529598556,0.013602285011049757,1.959350382210737,0.04090363183331558,325.89409143896495,0.3573759601127257,0.022961860961629468,0.02045181591665779
17,22,1.9757325481930479,0.027073820655583038,654.072387481585,0.7583762994923354,0.03225181625374503,0.013536910327791519,1.9599999999999997,0.03919657932048172,311.58495653988336,0.3612729276464828,0.022243517370148083,0.01959828966024086
18,22,1.9752285788027035,0.026588785621164575,663.6565296589619,0.7177904317128718,0.029978924215248885,0.013294392810582287,1.9596002603969984,0.03971980329276765,382.5603370139628,0.41376546027895467,0.025815539204038788,0.019859901646383824
19,22,1.975549781795212,0.028287638409464636,542.8884098705346,0.7658407639736761,0.03402945926411928,0.014143819204732318,1.9599999999999997,0.03911668338439362,253.12423403281306,0.35707680113887535,0.021940349295335126,0.01955834169219681
20,22,1.9743607869413506,0.027260350593438374,610.2132478071858,0.728166750405858,0.03118043417458777,0.013630175296719187,1.9581550746929783,0.040946636754355316,332.00874306470877,0.3961856423349115,0.025482195634055446,0.020473318377177658
21,22,1.9742702344326668,0.027124342858554723,583.075040230319,0.7162007844263443,0.030515036565859667,0.013562171429277362,1.958068194257366,0.04145448708477679,330.70151673879036,0.4062061816361518,0.02645074759109044,0.020727243542388394
22,22,1.9743212644838928,0.026763827871906048,599.027756179434,0.7177322822633742,0.030173840170198,0.013381913935953024,1.958348361565157,0.04062352377133989,348.9089424033777,0.418049429179145,0.02667626998246666,0.020311761885669945
23,22,1.9752916777677316,0.027879950186196673,498.242696904638,0.7179263062210064,0.031440666035808945,0.013939975093098337,1.9596709111010668,0.04120372570073073,279.9093982236038,0.4033261733521777,0.02610434318262586,0.020601862850365363
24,22,1.9752356610841593,0.027338577208411468,532.6549469228423,0.7096913073355957,0.030476512734716094,0.013669288604205734,1.9594549797457774,0.040536163001416145,313.70788643548866,0.41797370198485817,0.02661408088371579,0.020268081500708073
25,22,1.9754056835444938,0.027312515932386306,534.1463077219236,0.7105813494935732,0.030485645076844748,0.013656257966193153,1.9596481717846133,0.040914173120186394,307.01885828963765,0.40843093266686376,0.026248970911828078,0.020457086560093197
26,22,1.976026150965468,0.02723671519560494,532.787910815114,0.7135727755690451,0.03052902109406917,0.01361835759780247,1.9599999999999997,0.040616381229510695,318.7517375600575,0.4269101409230657,0.027236893648448602,0.020308190614755348
27,22,1.9764696374570994,0.027400999245878112,520.3112888557555,0.7146553697581987,0.03075975974635678,0.013700499622939056,1.9598282935649716,0.042578555270129805,302.0536384598161,0.41487520894468355,0.027747782555610435,0.021289277635064902
28,22,1.9761709280807203,0.027819391416963612,558.2401148908998,0.7076239652410578,0.030922175087107446,0.013909695708481806,1.9599999999999997,0.04131931454908823,312.0393037082512,0.3955403481604774,0.025672240750106642,0.020659657274544115
29,22,1.9760049237962016,0.02799004542708934,567.8907173270849,0.7456578402032055,0.032784085141958526,0.01399502271354467,1.9592616334832493,0.0424064146889741,278.05766477362215,0.3650981983697894,0.024319862929621815,0.02120320734448705
30,22,1.975721520699664,0.02793439850948272,580.6869042177052,0.7493950622106618,0.03288289371060263,0.01396719925474136,1.9586476878557968,0.04298878088959625,269.820298989189,0.34821174419131573,0.023513561821296155,0.021494390444798124
31,22,1.9752219554385266,0.02818076194368932,611.2006504625191,0.7505893090505661,0.03322576450487479,0.01409038097184466,1.9585020094165169,0.04167790622217254,281.753837065429,0.3460098050047067,0.02265239760195788,0.02083895311108627
32,22,1.9749792051245736,0.02724988743966618,590.9931121483191,0.7273736245681588,0.0311345174252927,0.01362494371983309,1.9587364804331868,0.04113247310064481,322.54970899602284,0.3969828854400622,0.025649357066075372,0.020566236550322404
33,22,1.974193788337943,0.027081892117979,622.052082448059,0.7323299083999595,0.0311534143846945,0.0135409460589895,1.957952483399212,0.040761904550614764,336.5248420170637,0.39618420013768746,0.025367139462877983,0.020380952275307382
34,22,1.9744191406920208,0.026635137842262426,577.2010275668788,0.6921643055120303,0.028959030942824645,0.013317568921131213,1.9590408781631228,0.04039337413974208,360.7432696502472,0.43259384994194433,0.02744797756794622,0.02019668706987104
35,22,1.9733685116966149,0.0273324024491738,700.9427108246699,0.7525701039821662,0.03231057193960413,0.0136662012245869,1.9570863343365952,0.04059173034466292,347.7164766196846,0.37332726473197325,0.02380384700266739,0.02029586517233146
36,22,1.9739614033101107,0.025812785567062235,676.6362206489251,0.6936576322784953,0.02812547849774057,0.012906392783531118,1.9592722063444974,0.038900131474637084,435.9578875059659,0.4469248124649641,0.027308975810645033,0.019450065737318542
37,22,1.973183604335327,0.02638698987053055,775.579633891885,0.7153052153039725,0.02964839027912787,0.013193494935265275,1.9580709185493,0.0382502066176642,421.30874215943135,0.38856659890299255,0.02334635733585232,0.0191251033088321
38,22,1.9731912136381529,0.025996459336827035,822.3751456335804,0.7251740296793373,0.029612585082885015,0.012998229668413517,1.9581079673097022,0.038124429467159465,479.2046226112892,0.4225647492693447,0.025305591623260473,0.019062214733579733
39,22,1.9728388850392786,0.025740078411688693,967.84651580355,0.7258987544253026,0.029349843766815945,0.012870039205844347,1.9579292743672416,0.03790979231626728,548.5934350569929,0.4114529366912545,0.024501430924576215,0.01895489615813364
40,22,1.9723119015425634,0.026546152602143977,566.6925244197195,0.7773785852889515,0.03241559789758452,0.013273076301071988,1.955811867305642,0.04147710927180959,227.39771750534888,0.31194008799261563,0.020323548965200937,0.020738554635904793
41,22,1.9732910296857695,0.025959128565952432,1082.297671246163,0.7210843892793539,0.029403300338268372,0.012979564282976216,1.9580061737274135,0.038117385745518984,608.974386365476,0.4057311912844748,0.024293012875901722,0.019058692872759492
42,22,1.9740160101979956,0.025927290229539605,1045.659039845013,0.7486729473344572,0.030490822992122576,0.012963645114769802,1.959030402830771,0.03725218095639924,532.1016863966325,0.3809751770474324,0.022292986883656992,0.01862609047819962
43,22,1.9747750139900964,0.026472529761128714,903.9321248590421,0.7614617251543331,0.031663826755084605,0.013236264880564357,1.9599999999999997,0.035834556820920134,426.1241942309029,0.3589619786105754,0.020205535513344693,0.017917278410460067
44,22,1.974896076271731,0.02656947586894134,946.2912525522388,0.769551897966305,0.03211742938312004,0.01328473793447067,1.9599999999999997,0.03638873712651361,453.9879077444707,0.36919632842027444,0.02110300170696282,0.018194368563256805
45,22,1.9750966305192181,0.025969531598289377,951.3579364477789,0.7445428114732133,0.030372019387529543,0.012984765799144688,1.9599999999999993,0.0376462739541087,495.6113632212143,0.3878707094709246,0.022936590444265794,0.01882313697705435
46,22,1.975209066057328,0.026464360773067998,876.6599803857175,0.7444145378250787,0.030945402183243223,0.013232180386533999,1.9599999999999997,0.03848096372013567,434.94998696909283,0.3693371441276029,0.02232486306672015,0.019240481860067837
47,22,1.9752098381968648,0.026310003752185947,828.193582159788,0.7464112545021884,0.03084742849502239,0.013155001876092974,1.9598336062350823,0.03912755059823342,413.49098216781283,0.372659640660766,0.022904187992223483,0.01956377529911671
48,22,1.9752253078633242,0.026483538939973593,801.4415957494355,0.7469220315944096,0.031072140023689358,0.013241769469986796,1.9599999999999997,0.03938381372444953,411.2915217656642,0.38331264641623464,0.02371323436678657,0.019691906862224766
49,22,1.9754242938641848,0.026452382164945363,781.3016279979503,0.7346061613728065,0.03052384447484142,0.013226191082472681,1.95975136451117,0.03980049049929752,409.6729807931766,0.3851883639482452,0.024081384972928895,0.01990024524964876
50,22,1.9750077935016834,0.027582982797951894,781.405796971076,0.7766156087645988,0.033648617129042394,0.013791491398975947,1.9584128974887933,0.040853225764791536,340.73916053976734,0.33865035506298513,0.021731903423707524,0.020426612882395768
51,22,1.9758351733577926,0.026875998133710048,764.3654901721573,0.7438948514433935,0.0314048000185664,0.013437999066855024,1.9599999999999997,0.03967558573422153,399.3069702897185,0.3886130433192099,0.024219244809671914,0.019837792867110765
52,22,1.9760266709798924,0.026932757420023087,771.2361971890134,0.7482218006508305,0.03165417903744624,0.013466378710011544,1.9599999999999997,0.039463348367539564,398.6227104704879,0.38672744263771436,0.02397280206259104,0.019731674183769782
53,22,1.9762189652148372,0.026981154528486963,861.0184201425237,0.7557234983306232,0.03202899654441465,0.013490577264243481,1.9599999999999997,0.03978110755366275,423.6354523827999,0.3718285911219081,0.02323483155406431,0.019890553776831375
54,22,1.9767128439490924,0.02697352073489915,1011.1691564774908,0.773068134527201,0.03275482518962543,0.013486760367449575,1.9599999999999997,0.038623702799222205,465.6159603454029,0.35597690016994166,0.021597108026380187,0.019311851399611103
55,22,1.9771838288069177,0.02868442336368781,1003.9277458354645,0.8274708913749502,0.037283676064686244,0.014342211681843905,1.9599999999999997,0.037220836790699416,356.0591789829543,0.29347590744199364,0.017158466210178785,0.018610418395349708
56,22,1.976814954034495,0.02798520422500468,570.2717199534571,0.8699112960079669,0.038240479377327545,0.01399260211250234,1.9599999999999997,0.03421744310613994,151.29961453558462,0.23079742368584966,0.012405046240779294,0.01710872155306997
57,22,1.9772676218861789,0.0281670645398083,501.4185815395102,0.8776512287869813,0.03883143420561442,0.01408353226990415,1.9599999999999997,0.033650345711722894,124.55996959473526,0.21802185718136244,0.011524164321161946,0.016825172855861447
58,22,1.977153073261649,0.029087065916918748,349.5884385188127,0.8555637983560074,0.03909058700197203,0.014543532958459374,1.9599999999999997,0.035831669072222475,78.77666312516868,0.19279373600209598,0.010851251637902019,0.017915834536111237
59,22,1.977596684165667,0.029488198414675253,152.01811735576214,0.7675453901192449,0.03555266697409002,0.014744099207337626,1.9599999999999997,0.038552254087772984,38.266493729627285,0.19320901593239684,0.011700301180676382,0.019276127043886492
60,22,1.9745792679101652,0.035302975851884535,64.08988618991002,0.8529310084612809,0.047298252586547324,0.017651487925942268,1.90000000003702,0.09745615352325132,4.162069531670386,0.055390302183006224,0.008479356167608134,0.04872807676162566
61,22,1.9751371718891457,0.03748785969265396,22.29649021981956,0.7103719619635069,0.04183081581121083,0.01874392984632698,1.9000000000000001,0.09999999999999996,3.822786251897214,0.1217949615905656,0.01913150782885859,0.04999999999999998
62,22,1.9757593749965061,0.04652713717210105,10.903824747351658,0.4240726524589306,0.03099320399445727,0.023263568586050526,1.9000000000000032,0.09999999999999966,3.5289508275992363,0.1372483117193008,0.02155891439074779,0.04999999999999983
0,23,1.9999999999999842,0.09999999999999999,2.4973926629863863,0.17289089920580844,0.02715763894087506,0.049999999999999996,1.9000000000000001,0.08495314373662367,3.081171131312157,0.21330504225255695,0.0284642964305625,0.04247657186831184
1,23,1.9973087343430491,0.09999999999999973,2.4607665820602094,0.1505431277692836,0.023647259212420484,0.049999999999999864,1.9000000000000135,0.08316852587724981,3.379102181158903,0.20672444721586475,0.027006650254974597,0.041584262938624904
2,23,1.9975326993223956,0.09999999999999995,2.3408246806502637,0.1258316121282701,0.01976558341257667,0.049999999999999975,1.9000000000000001,0.09999999999999999,3.364148521111058,0.18084063934798655,0.02840638120230579,0.049999999999999996
3,23,1.9873138062916955,0.07514514396747839,2.4371993857821264,0.17193303833680085,0.0202945831709496,0.03757257198373919,1.9000000000000001,0.09999999999999999,3.201673762121056,0.22586313655582815,0.0354784985260269,0.049999999999999996
4,23,1.9963298305556896,0.09999999999999984,2.7024150725347544,0.2185881327112169,0.034335743594373434,0.04999999999999992,1.9000000000000001,0.0821047824920921,3.244621383907366,0.2624451502181571,0.03384752235173197,0.04105239124604605
5,23,1.9839332826486649,0.069294476373485,3.1954095261270807,0.24714042123755944,0.02690061921371023,0.0346472381867425,1.9000000000000001,0.09999999999999995,3.181651613915588,0.246076352237484,0.03865358302057268,0.049999999999999975
6,23,1.9854329001435498,0.09561634717074345,2.7755979316844646,0.20040027214744668,0.03009887978109788,0.047808173585371726,1.9000000000000001,0.09999999999999999,3.342464005346171,0.24132843185536898,0.03790778143095861,0.049999999999999996
7,23,1.9880649689982641,0.09999999999985051,2.7811519451005284,0.21272233324976877,0.03341434596954772,0.04999999999992526,1.9000000000000008,0.09999999999999984,3.1733041219512965,0.2427169281857373,0.03812588592450963,0.04999999999999992
8,23,1.979767237044715,0.0999999999999989,4.110268019021478,0.28896312798151313,0.04539022200125194,0.04999999999999945,1.9000000000000001,0.05946901722511102,3.2514117328477856,0.22858317275941573,0.0213528030831429,0.02973450861255551
9,23,1.978435688699872,0.0675072665683702,4.153644618658111,0.2778136115059733,0.0294594015804879,0.0337536332841851,1.9000000000000001,0.09999999999999999,3.4865080858786466,0.23319265170924602,0.03662981607404453,0.049999999999999996
10,23,1.9749754957865053,0.06071509688153106,5.485597047908482,0.3749404814897851,0.035758467843056654,0.03035754844076553,1.9000000000000006,0.09999999999999985,3.0392917118780574,0.20773554599201827,0.03263102325889941,0.049999999999999926
11,23,1.9766437458345871,0.04279278724012509,8.024651980422979,0.43509290465985356,0.029246402494779427,0.021396393620062546,1.9000000000000064,0.09999999999996795,3.614118643700429,0.19595583488345433,0.030780670564885867,0.049999999999983974
12,23,1.9742172957573827,0.04352016483670271,12.25959980292594,0.6644296690666643,0.04542128594692947,0.021760082418351354,1.9000000000000001,0.09999999999999999,3.393444060848168,0.1839134189198791,0.028889052288763716,0.049999999999999996
13,23,1.9785140256881062,0.03405639540965163,127.6260088902332,0.8215329186982021,0.04394844636568486,0.017028197704825814,1.959999999999998,0.04509161253184817,29.769543835360793,0.19162755654619246,0.013572929879432932,0.022545806265924086
14,23,1.9762758071278006,0.027270484717417675,522.7385481513594,0.7274694791062443,0.031162157025968088,0.013635242358708837,1.9599999999689437,0.04061629849879761,280.6881941277615,0.390619928634517,0.02492152507609813,0.020308149249398805
15,23,1.9754164174808653,0.027118745280217075,635.1077302910942,0.7267903551475303,0.030959834062433304,0.013559372640108537,1.959035724116316,0.04080211578608029,330.15130807858304,0.37781115707862106,0.024214602256327704,0.020401057893040146
16,23,1.9759836162827427,0.02726260978289798,615.0274128326913,0.7509420587275427,0.032158348209194866,0.01363130489144899,1.9599999999999997,0.040136739346785064,296.68030715388414,0.362243561814478,0.0228382404249358,0.020068369673392532
17,23,1.9757307246880662,0.026805628233745108,705.0659874996577,0.7307763904803345,0.030770203967060324,0.013402814116872554,1.9599999999999997,0.03958799657868337,369.8334735014736,0.3833195412001667,0.023836602858154376,0.019793998289341686
18,23,1.9752539649911105,0.02724613649156553,687.0817411698605,0.7521833375847803,0.03219204110846095,0.013623068245782764,1.9593764093803132,0.04017718822870702,341.08452176783175,0.37340257877469923,0.023565503843404747,0.02008859411435351
19,23,1.9751295121775918,0.026595216362387812,602.1555813299882,0.7037516506117755,0.029399695431704155,0.013297608181193906,1.959751196594565,0.0401805524978897,361.1891252867621,0.42212918219931694,0.026642879317385508,0.02009027624894485
20,23,1.9743211228037878,0.027251629177602692,645.8566460576885,0.7408077226003799,0.03171157765510514,0.013625814588801346,1.9575392113240162,0.04110136075464193,318.8090606876949,0.3656790026610984,0.023608918951535912,0.020550680377320964
21,23,1.9744474593055255,0.026894337957413,596.4744599572791,0.6962039308406599,0.029411502149350423,0.0134471689787065,1.9586677361238312,0.04117744825860512,345.5948268835175,0.4033776684616721,0.026091026060947885,0.02058872412930256
22,23,1.97380740032711,0.027454882990799977,611.6985320144863,0.7437594614783067,0.032075392368424584,0.013727441495399988,1.957217549566044,0.0413906962490675,317.2991270242235,0.385801527209623,0.02508340852464077,0.02069534812453375
23,23,1.9748733692992715,0.02712936574382476,536.735596247178,0.7007380730143481,0.029861748407105093,0.01356468287191238,1.959566567049031,0.039731466051978845,312.56029809366316,0.4080647948791514,0.02546734055157086,0.019865733025989422
24,23,1.9737727360855275,0.027867844420336105,601.1725486791383,0.7459138993222595,0.032652162875765424,0.013933922210168053,1.9573710254849028,0.04189762274419353,280.66987204927875,0.3482453733833009,0.0229189445721453,0.020948811372096764
25,23,1.975347676467862,0.027791914885134276,535.5377608875434,0.7400927842999471,0.032309074523199,0.013895957442567138,1.959028078735643,0.04141730466955,274.4693338302534,0.37930616347712476,0.024676957294847302,0.020708652334775
26,23,1.9764788925113974,0.028794466585361077,516.3533683982606,0.7325789316990433,0.03313472261707874,0.014397233292680538,1.9599999999999997,0.04070924597748364,272.05796262420074,0.385983599250452,0.02468208178128726,0.02035462298874182
27,23,1.9768545059415323,0.0289983547723085,525.8620162243018,0.7351246406334904,0.033485301676503966,0.01449917738615425,1.9599999999999997,0.03958409971518274,272.90599964621896,0.3815067807275844,0.0237215416577094,0.01979204985759137
28,23,1.9767139618516936,0.027698032849470446,543.5107733877921,0.7315863297571731,0.03182983481408058,0.013849016424735223,1.9599999999999997,0.04117733261083348,296.16927223507776,0.39865519042199044,0.0257854972238644,0.02058866630541674
29,23,1.9765988170425497,0.028063983643729085,564.1297177576955,0.7370685109691893,0.03249204554112342,0.014031991821864542,1.9599999999999997,0.04083000035477303,306.02312843191123,0.39983713762146483,0.025643800553385353,0.020415000177386514
30,23,1.9761412544146921,0.02767436146825152,588.9335521653777,0.710791784140297,0.03089867707031287,0.01383718073412576,1.9599999999999997,0.04143576288073693,310.7781217046458,0.37508227334988936,0.024413033986509597,0.020717881440368464
31,23,1.9761911418408558,0.02687311602430111,554.5752200866461,0.7100445544623012,0.029972537019273195,0.013436558012150554,1.9599999999999997,0.04082571774977622,327.0173594373056,0.4186932392089601,0.02685033162591573,0.02041285887488811
32,23,1.9752098124995077,0.026918853002199573,610.1037899043729,0.7006850852370847,0.029627792960599624,0.013459426501099787,1.9592929344289314,0.04105437559748453,361.0476896565098,0.4146519582205449,0.026740101350778575,0.020527187798742266
33,23,1.9744326036903412,0.02701950658558738,628.1147266414134,0.7222978420685237,0.03065586736011319,0.01350975329279369,1.958360123155017,0.04039857061783599,354.2449681654101,0.4073624852543591,0.025850378580612603,0.020199285308917996
34,23,1.9742434419765285,0.026632151933535235,651.2470051790051,0.7151779512987896,0.02991853015759984,0.013316075966767617,1.9587508360966996,0.0390636999208512,380.0921253235181,0.4174046181125376,0.02561241333564961,0.0195318499604256
35,23,1.973819829198611,0.02646545355451199,698.1684996966371,0.7256384134544074,0.03016612201224388,0.013232726777255994,1.9583379553118505,0.039707225265308156,399.9980917339128,0.4157362882981772,0.02593028863842345,0.019853612632654078
36,23,1.973514091161327,0.026210711504073943,712.9890624428456,0.7116325129650061,0.029299112757489296,0.013105355752036972,1.958441238451798,0.0387310784490005,411.1982050338149,0.4104158498200953,0.02496914039753878,0.01936553922450025
37,23,1.9728365202561424,0.026692261161444266,846.515859984135,0.7573620836763146,0.03175475756287277,0.013346130580722133,1.957150158513665,0.037790305051338326,407.41777888586245,0.36450915160592,0.0216375812236612,0.018895152525669163
38,23,1.9727018150065945,0.026029927655381188,913.1275304442929,0.7294574896707622,0.02982584975831144,0.013014963827690594,1.9576916329947585,0.0380797968649427,511.79021330423967,0.40884672927704513,0.024455414480555507,0.01903989843247135
39,23,1.9730259746942496,0.025976842067260208,972.3988832733385,0.7238397916824342,0.029535796352357577,0.012988421033630104,1.957857588909308,0.037637733232030755,558.7276976324757,0.41590889008437226,0.024589038124921973,0.018818866616015378
40,23,1.9742593891080344,0.02599921983946048,1030.1090390734794,0.7068388229096172,0.028866929281112032,0.01299960991973024,1.9593627437520227,0.03762457319321585,593.8439795589711,0.4074830562412765,0.024082469222606758,0.018812286596607924
41,23,1.9742443103251153,0.025584579084086685,1077.406732137406,0.7147723302413421,0.02872538680689551,0.012792289542043343,1.9599999999992523,0.03686245423547611,611.8255884581154,0.40589685261750796,0.023502810945208095,0.018431227117738053
42,23,1.9745054491942928,0.02586395888640305,1007.6465788227058,0.7334019625211828,0.029795930049911733,0.012931979443201526,1.9599999999999997,0.03674364671723212,545.0619578819973,0.39671598952218595,0.02289717159093165,0.01837182335861606
43,23,1.9745246394705132,0.026408373969034164,1007.1840653064652,0.7431370152727768,0.03082694107437168,0.013204186984517082,1.9599999999999997,0.03654161910956111,508.2132840615659,0.37497823491138155,0.021523541098242203,0.018270809554780554
44,23,1.974850216268088,0.0262589625405098,950.797226485908,0.736886225457451,0.03039470124992024,0.0131294812702549,1.9599999999999997,0.03774211106554888,476.7987615583644,0.3695282547321752,0.021907545189952707,0.01887105553277444
45,23,1.975252997586535,0.02647928016940602,874.5903441010782,0.7621823155000088,0.03170187284198633,0.01323964008470301,1.9599999999999997,0.03754004166724754,417.8481529235907,0.3641435957654446,0.02147273199991526,0.01877002083362377
46,23,1.9750599236691422,0.02652355557442165,847.2766251056861,0.7360201530053057,0.030664883937752893,0.013261777787210825,1.9599999999999997,0.0388759382332844,431.6542989328631,0.3749734782383904,0.02289819828388636,0.0194379691166422
47,23,1.97558839635015,0.02749173386830006,753.7797527224914,0.7485273149891929,0.032324339629455114,0.01374586693415003,1.9599999999999997,0.037353823158442205,345.48230622845995,0.34307493949452034,0.020130007229137954,0.018676911579221103
48,23,1.9752299821877557,0.026869933621084398,761.3052320922621,0.7355911492989938,0.031047237631992304,0.013434966810542199,1.9599999999999997,0.03898615557145349,399.2456132528157,0.38576056898769506,0.02362371105747413,0.019493077785726745
49,23,1.9751673418457871,0.026843871356185905,775.4768513529515,0.747701986119545,0.03152779225425744,0.013421935678092953,1.9592520541010912,0.039983229048095086,393.3519967998561,0.37926350572324136,0.023819837644251097,0.019991614524047543
50,23,1.9755835463016815,0.02654378440722267,716.4479922788662,0.7193954763815604,0.029995107374041388,0.013271892203611335,1.9599999999999997,0.03978188532429599,398.99204135053947,0.40063350411079024,0.025035282926154263,0.019890942662147994
51,23,1.9753495581610339,0.027122647706873355,731.4109073424396,0.7383915558327994,0.03145854858403541,0.013561323853436677,1.9592919910950848,0.04050891754644003,359.0741652977446,0.3625011999574005,0.023066407700389688,0.020254458773220015
52,23,1.9759747322724812,0.026736834437655788,720.2105581964976,0.7295146303478789,0.03063824395356174,0.013368417218827894,1.9599912595933227,0.04091726283344533,383.29791449884084,0.38824956566721797,0.02495384248638131,0.020458631416722665
53,23,1.975900188296623,0.027117297476405434,829.4103922119077,0.7683559226755369,0.032728697767998395,0.013558648738202717,1.959707225308201,0.04073698609533059,382.9014196571699,0.3547153210967856,0.02269805892076047,0.020368493047665297
54,23,1.9763120589422616,0.027019321207089237,911.0548441101062,0.7471226242815802,0.03170926672835371,0.013509660603544619,1.959999999999821,0.03961218099801363,441.18530068580975,0.3617998650397427,0.022512153032432272,0.019806090499006813
55,23,1.976870975652819,0.027407535387118858,1049.9685489974268,0.7832337601006062,0.03371951033897336,0.013703767693559429,1.9599999999999997,0.038767445240825135,456.7836521417237,0.3407419943778967,0.02074974291038425,0.019383722620412568
56,23,1.9767965611713005,0.028348489767622408,572.0207095276595,0.8428506218730801,0.0375318883686936,0.014174244883811204,1.9599999999999997,0.03399447750484694,162.63291897850556,0.23963338147539484,0.012796039252252644,0.01699723875242347
57,23,1.9771098497257438,0.028206409815580737,554.8489194721869,0.8795261979726579,0.03896874941740294,0.014103204907790368,1.9599999999999997,0.03319081759777919,139.26433349011387,0.22075672394617696,0.011509375731029324,0.016595408798889596
58,23,1.9773573732064085,0.02843064170773239,423.4557452466522,0.8668441982434779,0.03871217622574404,0.014215320853866195,1.9599999999999997,0.0345225046461017,99.95435791493706,0.2046137198994592,0.011095756686310772,0.01726125232305085
59,23,1.9777069270826644,0.029237313864470014,278.1853193842477,0.856375312884437,0.03932977720039946,0.014618656932235007,1.9599999999999997,0.03581010395662159,63.55434948763032,0.1956479085528558,0.011005269154800974,0.017905051978310795
60,23,1.9776419901581768,0.03038675284253818,95.5310262770287,0.7776676283822133,0.03711916444161089,0.01519337642126909,1.9599999999999997,0.042040212652456686,26.479518010113804,0.21555577045633498,0.014234572694383892,0.021020106326228343
61,23,1.9747700826268593,0.03594903721680236,39.62909276508331,0.8008637365815127,0.04522366649858437,0.01797451860840118,1.9000000000000001,0.09999999999999999,3.8924484841560205,0.07866243257072157,0.012356266013884067,0.049999999999999996
62,23,1.9765036770392583,0.04178698863810645,15.561368372045614,0.604958514205554,0.03970878011787079,0.020893494319053223,1.9000000000000001,0.09999999999999999,3.4266326667908196,0.13321261712137517,0.020924988965699106,0.049999999999999996
0,24,1.9983962438772682,0.0999999999999919,2.351410944188523,0.14360934090122882,0.022558102518106807,0.04999999999999595,1.9000000000000772,0.09999999989336401,3.451291246243753,0.21078308849255253,0.033109730080151625,0.04999999994668201
1,24,1.999999999999957,0.09969310321690057,2.558275056159095,0.20805073367456528,0.03258023732036152,0.049846551608450286,1.9000000000000001,0.08114112549301572,3.245839463421313,0.2639666442937267,0.033644180624412885,0.04057056274650786
2,24,1.9902260674984456,0.09999999999999999,2.273341184346198,0.1631763273651425,0.025631677564504744,0.049999999999999996,1.9000000000000001,0.09999999999999999,2.9899105119560803,0.2146103804615403,0.03371091973210427,0.049999999999999996
3,24,1.996758379434899,0.09999999999999999,2.3272104919486902,0.18248439558640603,0.028664581828451344,0.049999999999999996,1.9000000000000001,0.09999999999999999,3.2271111245595976,0.25304862842995857,0.03974878560382655,0.049999999999999996
4,24,1.9974645206932982,0.09999999999999999,2.3926751424870223,0.2249888895801557,0.035341172132217116,0.049999999999999996,1.9000000000000001,0.09516595977736247,3.5570597537915543,0.3344787221486189,0.049999999999999996,0.04758297988868124
5,24,1.9999561827069698,0.09999999999999999,2.453220352134355,0.20932339614553408,0.03288044217776379,0.049999999999999996,1.9000000000000001,0.09999999999999999,2.944221111444075,0.25121851019810076,0.0394613113042063,0.049999999999999996
6,24,1.9928944410396046,0.09999999999981633,2.375286595763096,0.17946184094126927,0.028189800054987803,0.049999999999908167,1.9000000000000001,0.09999999999999999,3.875547274568907,0.29281218097625433,0.04599482983183028,0.049999999999999996
7,24,1.987225572214329,0.08493457390217915,2.71077327714695,0.18130817227723547,0.024189214702018996,0.042467286951089575,1.9000000000000001,0.09999999999999999,3.3031154010858788,0.2209265604174698,0.034703062959519235,0.049999999999999996
8,24,1.9843490948625462,0.06681484941330046,3.565325798030267,0.21673149148900486,0.02274651620244788,0.03340742470665023,1.9000000000000201,0.09999999999988199,3.5576591103473523,0.21626544357349137,0.03397089643775083,0.049999999999940994
9,24,1.9815967027203825,0.06088753633784972,4.396978442826623,0.3030361989588251,0.028982963421273888,0.03044376816892486,1.9000000000000001,0.09999999999999999,3.265701201055049,0.22506948618715658,0.035353832217640026,0.049999999999999996
10,24,1.9791091979268154,0.07187242168416885,4.602851839747126,0.3095383553489799,0.03494593188698593,0.035936210842084426,1.9000000000002475,0.09999999999995954,3.2465601580425543,0.2183287507071325,0.034294999964434365,0.04999999999997977
11,24,1.9769416333271792,0.0621457208824342,6.376249656627722,0.3882978339328408,0.0379049628274991,0.0310728604412171,1.900000000000002,0.09999999999999969,3.406189214653937,0.20742849876349329,0.032582792393027395,0.04999999999999984
12,24,1.975975466248603,0.05503134041752009,8.75675936441538,0.47120722244095603,0.040732578834151933,0.027515670208760046,1.9000000000000032,0.09999999999999717,3.3507183993576395,0.18030445332998243,0.028322157299549025,0.04999999999999859
13,24,1.9741550584021152,0.03811707957461005,20.082256011419155,0.6816809350126769,0.04081507922341113,0.019058539787305026,1.9000000000000001,0.09999999999999999,4.019890221657606,0.13645292258945893,0.021433974958395045,0.049999999999999996
14,24,1.9765360671055838,0.0277070274752598,551.2659156179996,0.7286940124618873,0.03171429148242231,0.0138535137376299,1.9591993640491878,0.041174267711008794,287.07554205556653,0.3794724518486296,0.02454290771281112,0.020587133855504397
15,24,1.9754581567030354,0.027281637730317904,584.6865368885664,0.7502042392165107,0.03214917469801136,0.013640818865158952,1.958465765677236,0.04096882625966327,295.7161842945902,0.3794298672298893,0.024417708941802927,0.020484413129831635
16,24,1.9757227901398888,0.0270612784584255,614.1022501881068,0.7470883548162236,0.03175705009528909,0.01353063922921275,1.9592782551881953,0.040965027869449375,309.95669519743547,0.3770789594214882,0.024264169528126402,0.020482513934724687
17,24,1.97578917210542,0.02717605770929596,647.9043841145067,0.7587273390344325,0.032388591819160234,0.01358802885464798,1.9599999999999997,0.03987169717758993,316.0728324964659,0.37013655875916457,0.0231817694419322,0.019935848588794967
18,24,1.9754723202144746,0.027189691409887296,732.65979818642,0.7338935402383477,0.03134420222699089,0.013594845704943648,1.9599999999999997,0.03942728287470594,352.32827736563513,0.35292157075083963,0.021857220285242087,0.01971364143735297
19,24,1.9755640225644782,0.027095169903958095,661.4896832209564,0.7464600652960078,0.031770081881837775,0.013547584951979047,1.9599999999999997,0.039616950019113514,329.81248175444193,0.3721779083040121,0.023160690621755967,0.019808475009556757
20,24,1.9748398456620946,0.026478516916240542,659.0062745432634,0.7232103504512364,0.030080023162344472,0.013239258458120271,1.9588684518230557,0.040139399154274565,367.2075927767693,0.4029830095995661,0.025408409504077082,0.020069699577137282
21,24,1.9743486403669062,0.027740953391231383,621.8418988737715,0.7625292992413124,0.033227509838459374,0.013870476695615691,1.957665130856992,0.041922197400999305,283.90376902837795,0.3481350202378708,0.0229251205728905,0.020961098700499652
22,24,1.974414676317826,0.02720215635147182,597.9965976122521,0.7069353119199542,0.03020667236536864,0.01360107817573591,1.9586100717638861,0.04021618923728843,338.8217092117802,0.4005458085268115,0.025303056444524026,0.020108094618644216
23,24,1.9734809023815953,0.027021630684899933,611.8817279815875,0.7218247480291499,0.03063819662390663,0.013510815342449967,1.9575945847964649,0.04083265086969722,352.5805886826936,0.415932332912404,0.026677807495781962,0.02041632543484861
24,24,1.9732268970255846,0.02734047101153064,570.828612807089,0.707493634776439,0.030384241979338016,0.01367023550576532,1.957064994234673,0.04058271255829792,327.73669802853493,0.4062018310497641,0.025894219541501513,0.02029135627914896
25,24,1.9760487290718114,0.0282722905742916,563.9627331349984,0.7232861533223509,0.03212114543511853,0.0141361452871458,1.9599999999999997,0.04000996205026756,317.3547380266589,0.40700967319232223,0.02557954101543998,0.02000498102513378
26,24,1.9779362585247628,0.03231445969090134,533.155576746934,0.785054042833637,0.03984889933276999,0.01615722984545067,1.9599999999999997,0.03718578235006667,237.2977431426697,0.3494131182986301,0.020409671096122888,0.018592891175033335
27,24,1.9774493707529637,0.03000538212578543,472.1660069519697,0.7487771446539763,0.03529162198158138,0.015002691062892716,1.9599999999999997,0.03818892807384336,232.75627929246673,0.3691129383370143,0.022141988146007877,0.01909446403692168
28,24,1.9768584448946342,0.028488454515687163,536.5767656919036,0.7142665759646624,0.03196311478949141,0.014244227257843581,1.9599999999999997,0.04068232975553188,314.276267472717,0.41835026752459903,0.026734110807547704,0.02034116487776594
29,24,1.9769298977498033,0.028630772965007083,502.6032724986716,0.70394811615765,0.031658738178833926,0.014315386482503542,1.9599999999999997,0.04144649026239554,292.81571285779705,0.4101188367175831,0.02670037455673892,0.02072324513119777
30,24,1.9763813729256274,0.027849499371281127,590.2121637803169,0.7321918722747696,0.032030386066613674,0.013924749685640564,1.9599999999999997,0.040634930226390004,313.7926681722444,0.38927771285420143,0.024847284654215485,0.020317465113195002
31,24,1.9755219909414357,0.02763577501933512,597.467687197676,0.7382251550009252,0.032046482347456336,0.01381788750966756,1.9591476121331755,0.041081206074345795,309.1353104332221,0.3819645268704202,0.0246482502155046,0.020540603037172898
32,24,1.9756000059568046,0.026590945128983235,609.9838711137858,0.7112207438649957,0.029706950043940857,0.013295472564491618,1.9599999999999997,0.04022690905402503,362.64614876087563,0.42283325165719576,0.026718106313560454,0.020113454527012516
33,24,1.9745413299446002,0.026731809146646173,682.7840526339338,0.7446336390143239,0.031267335992841636,0.013365904573323087,1.9588388033784665,0.03987554250411908,345.04730829036305,0.37630321301909814,0.023570261899618843,0.01993777125205954
34,24,1.9744517609223113,0.026290520242970117,722.002261475999,0.706766829208332,0.029187386940964687,0.013145260121485059,1.9591326796253974,0.03901456835445565,425.9888722927901,0.4169998081902362,0.0255553915014741,0.019507284177227826
35,24,1.9747186388410005,0.025698913258651947,670.1216801695327,0.7037950336281557,0.028410627985705702,0.012849456629325974,1.9597899722186294,0.038680213418118864,418.2465854875556,0.4392633135277849,0.026689084209270162,0.019340106709059432
36,24,1.9738981046502742,0.02603991974622766,746.6892354780329,0.6883694218162472,0.028156656889855993,0.01301995987311383,1.9595157474721536,0.03816153464561471,466.1602622175602,0.42975103286573696,0.025760995246351327,0.019080767322807356
37,24,1.9727636065256975,0.026205115106992114,925.7280600622693,0.7464520101452151,0.03072612836851485,0.013102557553496057,1.957231368195242,0.03786352079255849,470.9715129647079,0.37976339676901644,0.022586761979352755,0.018931760396279244
38,24,1.9717446941101073,0.026554169701027436,977.6969935398525,0.7453663413392494,0.031090118743481658,0.013277084850513718,1.9554200077676962,0.038924409319777364,504.58181825563076,0.3846777746731152,0.02352009128134945,0.019462204659888682
39,24,1.9719335991117506,0.02683266858676697,803.1033495013838,0.7932050853826257,0.03343252927607944,0.013416334293383484,1.9539072452043182,0.040322852130452405,364.03496621661554,0.3595482283063423,0.022773420922578096,0.020161426065226203
40,24,1.9740366493245438,0.025655318239532734,1089.9638390300502,0.7417984777970291,0.029893944303217904,0.012827659119766367,1.9594637054247996,0.036792056240279224,578.876183323425,0.3939667136153788,0.022768450043938848,0.018396028120139612
41,24,1.974038338144483,0.026217811530563073,1001.7775334574851,0.734992092083901,0.030269063235415245,0.013108905765281537,1.9598443894549618,0.03706962230675615,521.2983662328245,0.38247032300175254,0.022270798100552346,0.018534811153378076
42,24,1.9746652209990894,0.02689821080746842,964.019297303593,0.7727146854376278,0.03264844009734433,0.01344910540373421,1.9599999999999997,0.03636560106308075,427.86032824766056,0.34295367310371677,0.019590526402951336,0.018182800531540377
43,24,1.974871471908141,0.02594931080836596,986.0127261638544,0.7594345980397965,0.03095537600076696,0.01297465540418298,1.9599999999999997,0.037164935969433724,475.4385067602933,0.3661864007363158,0.021377429239481164,0.018582467984716862
44,24,1.9748379480582283,0.02619486329331516,962.1925892691978,0.7497523766636991,0.03084990737485904,0.01309743164665758,1.9597617574951007,0.037765510781391363,451.667460672899,0.35194487660559304,0.020878047790557148,0.018882755390695682
45,24,1.974954653572519,0.026293934608709914,877.1301982862634,0.7509111303404952,0.031014443809522608,0.013146967304354957,1.959476467487029,0.0391597429599543,431.0337212972265,0.3690079528746733,0.022698409964570853,0.01957987147997715
46,24,1.9752031288968652,0.026365818607854075,814.0932289844576,0.7430935932815541,0.030775467146200195,0.013182909303927038,1.9599999999999997,0.03842613977951876,428.44127698005053,0.39107556319857517,0.02360517990186715,0.01921306988975938
47,24,1.9753553760609874,0.026183423009017947,784.6376171010118,0.7447418368991088,0.03063035644576755,0.013091711504508973,1.9599999999999997,0.03840787302313936,407.9047957890245,0.38716441867553975,0.023357995583872207,0.01920393651156968
48,24,1.9751339280478528,0.02689413912582888,748.170470385845,0.7499055423646022,0.03167992083026103,0.01344706956291444,1.9596026379528093,0.03959410859344996,374.2998318245759,0.375167865482089,0.023333295400843716,0.01979705429672498
49,24,1.975470650762163,0.0265896840112645,721.0427300580438,0.722454965481596,0.03017476063158302,0.01329484200563225,1.9599999999999995,0.03985452658189147,382.98639101635484,0.383736508763313,0.024023188648497097,0.019927263290945733
50,24,1.9753012863376542,0.027113824374858757,721.5990814745791,0.7511135721688644,0.031990149168034956,0.013556912187429378,1.958968515036978,0.0410294400360853,352.91510052141734,0.3673498603730055,0.023675292101571644,0.02051472001804265
51,24,1.975277247229279,0.026914871093428803,763.3106167482713,0.7644344996968001,0.03231859409925678,0.013457435546714401,1.9589035849817564,0.04119946787734516,361.6416327024605,0.36217410644978487,0.023438449624634906,0.02059973393867258
52,24,1.9757494987489135,0.02693481007054628,752.4552597204527,0.7434071005323148,0.03145288589367267,0.01346740503527314,1.9597517967249443,0.04018056755044402,392.7177795898563,0.38799540847232145,0.024488519515197694,0.02009028377522201
53,24,1.9760322800079884,0.026851134782385815,792.4700013574397,0.7558367388683636,0.03187942792501754,0.013425567391192907,1.9599999999999997,0.0396435424208257,381.65875182763995,0.36401593227231793,0.022667974950300044,0.01982177121041285
54,24,1.9763169939113505,0.026989039136924964,874.8187335074592,0.7591283833542193,0.03218270392718472,0.013494519568462482,1.9599999999999997,0.0393929935376355,419.66817091937963,0.36416917920577935,0.022534195049751203,0.01969649676881775
55,24,1.9766998111245706,0.027243867281621283,1006.3733231929225,0.7756547584741387,0.033193809261748815,0.013621933640810642,1.9599999999999997,0.03897883237319867,457.3552937364855,0.35250319312372774,0.021582997374849918,0.019489416186599336
56,24,1.977391052579502,0.02817990055587838,1054.5426033534545,0.8163768231539175,0.036136825607920454,0.01408995027793919,1.9599999999999829,0.03766127796043913,397.08170885668443,0.3074018090668796,0.018185336804344494,0.018830638980219565
57,24,1.9769475599414783,0.027863752887173954,565.8667058861041,0.8574878278082014,0.03753076793224651,0.013931876443586977,1.9599999999999997,0.03449978993732276,153.98394062862886,0.23334003113016952,0.012645196406672493,0.01724989496866138
58,24,1.9772506160689194,0.028546109231860902,506.26530740705704,0.8557753802564796,0.03837307376094744,0.014273054615930451,1.9599999999999997,0.033582219831650544,119.08171891851165,0.2012920928969505,0.010618324481029968,0.016791109915825272
59,24,1.97749589469833,0.0284666831996431,363.97370499977677,0.8723432129857576,0.0390071420387585,0.01423334159982155,1.9599999999999997,0.03431667880059515,85.90563467232661,0.20589178925352328,0.011098496632010646,0.017158339400297574
60,24,1.9775208513136344,0.02967049078562262,156.4128567044742,0.8453629916944969,0.03939923945858143,0.01483524539281131,1.9599999999999997,0.03995373389464341,37.64639578922074,0.20346709625680282,0.01276942780135062,0.019976866947321707
61,24,1.9771015184914655,0.029189403914737025,57.26871243215537,0.7121467064931165,0.03265235979880131,0.014594701957368512,1.9599999999999997,0.049594713949863777,16.899287351709237,0.21014566800079135,0.016371018847785027,0.024797356974931888
62,24,1.975559100154554,0.03778920638065178,22.637350258254013,0.6148594783131892,0.03649753389635718,0.01889460319032589,1.9000000000000001,0.09999999999999999,3.889053776692352,0.10563169050216523,0.01659258714339365,0.049999999999999996
0,25,1.9921447924520654,0.09606359669697848,2.0462218265818333,0.160895636759277,0.024278563486121802,0.04803179834848924,1.9000000000000001,0.07107199420504069,2.6816667436620576,0.2108610477576822,0.02354044881227749,0.035535997102520346
1,25,1.9963941620579926,0.0999999999998803,2.489552887641973,0.21826762751604445,0.03428539875600289,0.04999999999994015,1.9000000000000041,0.09999999999999999,2.799362785612237,0.24542972226270648,0.0385520106216551,0.049999999999999996
2,25,1.9999999999999998,0.09999999999999999,2.2808944474170634,0.14130924417058338,0.02219680416853155,0.049999999999999996,1.9000000000000001,0.09999999999999999,3.670474151401684,0.22739847899125332,0.03571966955182072,0.049999999999999996
3,25,1.9999999999999998,0.09999999999999999,2.0934998329599916,0.14522526127959068,0.022811930697581015,0.049999999999999996,1.9000000000000001,0.09999999999999999,2.9786358628796257,0.2066268000756604,0.03245686185762308,0.049999999999999996
4,25,1.9999999999999998,0.09999999999999999,2.8199923941972784,0.194061802106162,0.03048315659195574,0.049999999999999996,1.9000000000000001,0.09911862555079694,3.440604485900595,0.236770109111757,0.03686396308331917,0.04955931277539847
5,25,1.999999999999967,0.09999999999999999,2.93197530413763,0.17849698890799795,0.028038241452063257,0.049999999999999996,1.9000000000000001,0.08123103557914678,3.4510542393955395,0.21009821925204356,0.026807989107388283,0.04061551778957339
6,25,1.9816976941967006,0.09999999999999526,2.849196609178632,0.1868861616543279,0.02935600962554016,0.04999999999999763,1.9000000000000001,0.05312353175324648,3.014979516735269,0.19776029057942368,0.01650235435989774,0.02656176587662324
7,25,1.985637880111652,0.09184209378692616,3.0866711392029242,0.24980803107138408,0.03603861145100957,0.04592104689346308,1.9000000000000001,0.09999999999999998,3.286804231627827,0.2660050444609616,0.04178397467481916,0.04999999999999999
8,25,1.985588194343231,0.09999999999999963,3.0592589594812534,0.1822618762224651,0.02862962856849932,0.049999999999999815,1.9000000000000001,0.09999999999999999,3.253110105778827,0.19381097164067787,0.030443756234572666,0.049999999999999996
9,25,1.9826427602339995,0.05965136004329867,4.037921317029474,0.28152343262464874,0.02637878427442544,0.029825680021649335,1.9000000000000001,0.09999999999999812,3.309567237630426,0.2307426658638364,0.03624497319737696,0.04999999999999906
10,25,1.9788331383076738,0.09311524013743724,4.528806729661318,0.2762794303550366,0.040410032203161965,0.04655762006871862,1.9000000000000001,0.053045733969111254,3.2331372334518256,0.19723723409687874,0.016434603986294812,0.026522866984555627
11,25,1.977620963906309,0.04813649763068044,6.374903970796428,0.4890283321083188,0.036976720126555764,0.02406824881534022,1.900000000000001,0.09999999999999998,3.529938577650295,0.2707868201593432,0.04253509424507665,0.04999999999999999
12,25,1.97581397549295,0.04550659687324271,7.742234520023273,0.4197803610789306,0.030006569849189826,0.022753298436621355,1.9000000000000001,0.09999999999999998,3.683999113425639,0.19974472150756112,0.03137582748407465,0.04999999999999999
13,25,1.9746971742006239,0.043194950470332616,11.5338325822598,0.5250015273179404,0.03562160013505451,0.021597475235166308,1.9000000000000001,0.09999999999999999,3.6657289875821513,0.16685809365521506,0.026210008060961066,0.049999999999999996
14,25,1.975819047356714,0.03885837254660351,78.77848585055973,0.8976083401099181,0.054788746430562106,0.019429186273301754,1.9000000000022514,0.09613691674788179,3.2084765370470794,0.036557637121429704,0.00552062419200653,0.048068458373940894
15,25,1.9759328243627026,0.0275010061470779,623.1886941037599,0.75007282412099,0.032402005470538627,0.01375050307353895,1.9587383436904398,0.04098145543798797,309.1219690078721,0.37206064629434826,0.023950853332178557,0.020490727718993986
16,25,1.9760799375883145,0.026751557758308925,611.4811243833008,0.7251138672204023,0.03047019012330812,0.013375778879154462,1.9598843364359484,0.040765340126610095,336.9458297234621,0.39956113752648675,0.02558551647251965,0.020382670063305047
17,25,1.9758495375054272,0.02715803886330556,695.012224004992,0.747035563621323,0.031868348659119326,0.01357901943165278,1.9599999999999997,0.03959750550249004,331.5612252202881,0.3563793818331968,0.02216666076932018,0.01979875275124502
18,25,1.9759171687287642,0.026987792693739677,696.7363160212371,0.7632299795409392,0.0323550938245206,0.013493896346869838,1.9599999999999997,0.04025547569750617,329.67841949396603,0.36114157907307826,0.02283612085384802,0.020127737848753085
19,25,1.9756684133058795,0.02686310244452738,710.3919816057656,0.7448086987501285,0.0314282924353587,0.01343155122226369,1.9599999999999989,0.03935528343687483,355.70810540295906,0.3729412746483923,0.023054906878736254,0.019677641718437416
20,25,1.9751086565274396,0.02710873472689286,675.4334425935048,0.7404563969281452,0.03153033712180402,0.01355436736344643,1.9589510053609955,0.03982878018942762,335.0309150401032,0.36728383370770334,0.02297834235570678,0.01991439009471381
21,25,1.9742893296919224,0.027265179732388466,656.3068496287606,0.7385822224754355,0.03163203204959887,0.013632589866194233,1.958180254594003,0.04042955477429365,334.1329594322624,0.3760202471136305,0.023879765971431693,0.020214777387146825
22,25,1.9736206533172023,0.0273771279457253,623.0653087765664,0.7384875717763483,0.03175783979134015,0.01368856397286265,1.957394984394619,0.040661493666793946,328.5180258554092,0.38937568145961454,0.02486978490597685,0.020330746833396973
23,25,1.9724451714607236,0.027383598303039793,648.624878341812,0.7369615295545318,0.03169970422857502,0.013691799151519897,1.9561462019883569,0.04071831248046956,338.2839184699535,0.3843550290834517,0.02458341518274985,0.02035915624023478
24,25,1.9708042849928218,0.027141337327891188,629.4677029230331,0.6995214169746878,0.029823055409645728,0.013570668663945594,1.9544402895951027,0.039609747143284475,387.6672127921225,0.43081085295988814,0.026804553821603617,0.019804873571642238
25,25,1.9713783709185542,0.028005503609126025,454.32497589449974,0.6376738342330036,0.028051872783722256,0.014002751804563012,1.9519226245017316,0.042629145070093966,370.85961704019473,0.5205249249055589,0.03485523620147114,0.021314572535046983
26,25,1.9764083245820225,0.02931933461244721,549.3633223465572,0.7171356378345655,0.03302746889243977,0.014659667306223605,1.9599999999999997,0.03828723329480375,325.3287055080884,0.4246821715980154,0.025540999645120507,0.019143616647401874
27,25,1.9761826731050134,0.0272397288979003,495.7348761997271,0.6446149662472098,0.02758182778206986,0.01361986444895015,1.9599999999999995,0.039746816811324664,388.46514409575417,0.5051297735376883,0.03153734999477187,0.019873408405662332
28,25,1.9759467401436561,0.02765373112831954,522.397360076903,0.6692916372936198,0.029072943988713965,0.01382686556415977,1.9599999999999946,0.03938303772636343,364.83465835976983,0.46742346821799113,0.02891609227680061,0.019691518863181715
29,25,1.9759910467736073,0.027687958084627103,542.1776627720326,0.6922493756774092,0.03010740873878869,0.013843979042313551,1.9599999999999997,0.04062442057433736,332.47143675862725,0.4244976514709396,0.027088337300678052,0.02031221028716868
30,25,1.9761354642887596,0.02856854607186912,535.014968301964,0.7243140225288572,0.03250385775195291,0.01428427303593456,1.959999999999997,0.04085806223897887,296.1983736283242,0.4009993143746018,0.025736013324834744,0.020429031119489436
31,25,1.975513590600516,0.02714027232021139,599.4845866631916,0.7122015181149395,0.030362461217033558,0.013570136160105694,1.9598520909191275,0.0406487031480611,337.23012396263533,0.4006371666319689,0.025581017058169675,0.02032435157403055
32,25,1.9750281069226712,0.026556135769488322,660.3544229901481,0.7243840192353137,0.030217158183006243,0.013278067884744161,1.9591538230412358,0.03984649858181606,362.92366193523645,0.39811363679193074,0.02491822458613778,0.01992324929090803
33,25,1.974482310424033,0.026652769313131014,713.8529838444384,0.7250982468347325,0.03035701550765404,0.013326384656565507,1.9591860866289295,0.039084805215520185,386.9194986736159,0.39301460735443317,0.024128844314990665,0.019542402607760093
34,25,1.9743437251390206,0.026125344727471612,707.3222540934113,0.7117874780178591,0.02921004662917872,0.013062672363735806,1.9596889984282213,0.038591257446633276,417.9391880138898,0.4205775781542875,0.025494994499577293,0.019295628723316638
35,25,1.973615827383047,0.026581492131080867,791.8937362748699,0.739783265769587,0.030888992003228838,0.013290746065540433,1.958388684891549,0.03833386069355236,408.6936412611879,0.3817996061614515,0.022989943999093324,0.01916693034677618
36,25,1.973289730283548,0.026170468178793666,837.065034398632,0.7180483457807078,0.0295178726765012,0.013085234089396833,1.9584337271623256,0.037814220351966625,445.83777108676895,0.38244707502972425,0.02271675903868856,0.018907110175983313
37,25,1.9729159296131098,0.026009081240051392,1008.5916597445796,0.7432351934096386,0.030364850990985317,0.013004540620025696,1.9579738258127581,0.037489288131782934,527.6205782908527,0.38880569630351314,0.022896003876525454,0.018744644065891467
38,25,1.9740634932513752,0.026404438513353574,672.9036877199286,0.7370611641577827,0.030570345179835052,0.013202219256676787,1.9599999999999997,0.03607785692879531,352.4825828118034,0.3860897593129889,0.02188007929185762,0.018038928464397655
39,25,1.9743989866369105,0.025245173215153772,1119.3498091254464,0.7087858047610295,0.02810691905953366,0.012622586607576886,1.9599864425085876,0.036737708983310774,690.3857999290735,0.43716061843136944,0.025227428169828633,0.018368854491655387
40,25,1.9740498489038272,0.025884892353947128,1037.14033459476,0.7392157309216972,0.03005643313604827,0.012942446176973564,1.9593819687735383,0.037286682035545554,535.4344477495059,0.38162778309885825,0.02235185651148948,0.018643341017772777
41,25,1.9744286207541621,0.025930834411784263,977.7220269877869,0.7439292683414838,0.03030177118078021,0.012965417205892131,1.9599999999999997,0.036094085852768416,485.8668709126073,0.3696864505578917,0.02095991212371157,0.018047042926384208
42,25,1.9748049382102635,0.025963078840238095,978.8000313852705,0.7606713836637253,0.031022239589145375,0.012981539420119047,1.9599999999999997,0.036932292423521085,468.1495596375135,0.3638209663592273,0.021106385479382653,0.018466146211760542
43,25,1.9748839640696643,0.02621986982448513,927.637806034061,0.7448099627361234,0.030675799141916885,0.013109934912242565,1.9599999999999997,0.03764627169634214,459.0554056021269,0.368580320159765,0.02179585912491504,0.01882313584817107
44,25,1.9749996315903102,0.026318685291655614,901.7864575753218,0.7557244431381288,0.03124262652445531,0.013159342645827807,1.9599999999999997,0.03850859289016874,436.7664732489095,0.3660235713285448,0.022140457001637314,0.01925429644508437
45,25,1.975422647517061,0.025741393031601754,848.7318692396879,0.7373540534215485,0.02981453187038226,0.012870696515800877,1.9599999999999906,0.03754971680803714,453.97169969170875,0.3943976714415316,0.023262740987924954,0.01877485840401857
46,25,1.9752478301336636,0.026491337837890618,781.8159886355957,0.7259738694543075,0.030209584860475053,0.013245668918945309,1.9599999999999946,0.03856640515403877,411.98515243004914,0.38255863222921566,0.023175389527813794,0.019283202577019386
47,25,1.9754210509935421,0.02626899123163487,692.9703936408904,0.722532255813101,0.02981401821991893,0.013134495615817435,1.9598946876836134,0.039283655142154233,370.2753256218223,0.38607113485443884,0.023823145274861103,0.019641827571077117
48,25,1.9753269314870594,0.0267307713172103,695.5895340969829,0.7324454807754023,0.030754358407873487,0.01336538565860515,1.9599999999999997,0.03979008107035786,363.8440013141303,0.38312234645068416,0.02394595626278533,0.01989504053517893
49,25,1.9754829628928565,0.026652503184291042,695.0540980638406,0.7224014735743293,0.03024381021527445,0.013326251592145521,1.9599999999999997,0.039648070785056194,393.37695054169177,0.40885463380922715,0.025463075709666643,0.019824035392528097
50,25,1.9759106500271213,0.02737424563027493,660.1157669217343,0.7420256831858026,0.03190663280840175,0.013687122815137466,1.9599999999999957,0.038964379556557766,319.0204979374406,0.3586058912608443,0.021948510971219654,0.019482189778278883
51,25,1.9757265039834133,0.02668636301261118,733.0753367125654,0.7328051416527068,0.03071834221378943,0.01334318150630559,1.9599999999999997,0.04012001034076764,390.8197353542544,0.39067568800127495,0.024620524405339416,0.02006000517038382
52,25,1.9759368156862178,0.026565857697001826,730.5312028236528,0.7273850759068962,0.03035345312257771,0.013282928848500913,1.9599607469308253,0.040097866818968916,386.74062810150394,0.385075079668842,0.024254177972577465,0.020048933409484458
53,25,1.976063703524977,0.026514784975471117,733.0600996865344,0.7315998471108375,0.030470641152237035,0.013257392487735558,1.959999999999999,0.040654134860610674,372.6354997606144,0.3718932114427067,0.023748864593869008,0.020327067430305337
54,25,1.9761476514168579,0.0269952794285043,837.3600435714732,0.7542191652744252,0.03198197417148457,0.01349763971425215,1.9599999999999997,0.03947189711146306,404.0145893710193,0.3639002704911018,0.022562657741903646,0.01973594855573153
55,25,1.976526721160888,0.02675718372348751,939.3898204570532,0.7696426530362108,0.03234814682575028,0.013378591861743755,1.9599999999999997,0.03859913025875869,446.7908658794621,0.3660560290088176,0.022194479277902517,0.019299565129379345
56,25,1.9769655268910338,0.027260531926398154,1110.4337434385795,0.7939673097723494,0.033998270452819765,0.013630265963199077,1.9599999999999997,0.038077390161918405,466.5152978008038,0.33356145573852347,0.019950919284045812,0.019038695080959202
57,25,1.977054038026194,0.028081345646426448,591.6615475793542,0.8614423907526023,0.03799828811355284,0.014040672823213224,1.9599999999999964,0.03494523027117554,166.70384235778602,0.24271605463607654,0.013323130678497972,0.01747261513558777
58,25,1.9774207075690449,0.02834550717095452,584.6984942619522,0.8814997347125241,0.039248792035729035,0.01417275358547726,1.9599999999999997,0.03238882762390893,137.8757075614176,0.20786337032063726,0.010575309097928209,0.016194413811954467
59,25,1.977470534977369,0.02857042228401082,440.56192394493365,0.881916571605079,0.03957892915628089,0.01428521114200541,1.9599999999999997,0.03238808482855868,96.78722035155317,0.1937485944842935,0.009856976151139825,0.01619404241427934
60,25,1.9777060417206804,0.029300570724109812,289.9593322034904,0.8754084471806819,0.040290874133093284,0.014650285362054906,1.9599999999999997,0.03517076233417057,58.62355300285899,0.17698879740291187,0.009777941558614188,0.017585381167085284
61,25,1.9780192767746259,0.030063897736261613,104.71656950810026,0.7542074008127787,0.0356168864904104,0.015031948868130807,1.9599999999999997,0.03909535525370005,26.91080100939711,0.19382152584283513,0.011902742794901158,0.019547677626850026
62,25,1.9751725026155815,0.036345057982355246,40.45497058220325,0.7856925799551114,0.04485572647009569,0.018172528991177623,1.9000000000001134,0.09665109133145498,3.923457936013688,0.076199086137713,0.011568482716583213,0.04832554566572749
0,26,1.997359746105076,0.09999999999999973,2.4793650473385536,0.20148234713114802,0.03164877307876207,0.049999999999999864,1.9000000000000032,0.09999999999999999,3.0093182541236643,0.24454829907209372,0.03841355699063846,0.049999999999999996
1,26,1.991051936117617,0.08560856373606786,2.128644243133443,0.14880022028171824,0.020009703899949275,0.04280428186803393,1.9000000000000001,0.09999999999999999,2.914401357597209,0.20372759111754374,0.03200145517942103,0.049999999999999996
2,26,1.9999999999999991,0.09999999999999999,1.9791846728779336,0.16017781096886524,0.02516067171039408,0.049999999999999996,1.9000000000000001,0.09999999999999999,3.048560676388067,0.24672370519096096,0.038755268984718844,0.049999999999999996
3,26,1.9954339654851845,0.09999999999999999,2.520175000328599,0.17055168605784524,0.026790196198833965,0.049999999999999996,1.9000000000000001,0.09999999999999999,2.572800877318888,0.174113118121014,0.02734962463912947,0.049999999999999996
4,26,1.988428640946832,0.09999999999052543,2.673200040109037,0.21707161834978173,0.03409753007229548,0.049999999995262716,1.9000000000000001,0.09999999999999999,2.6196069759929785,0.21271970566631418,0.033413933229753785,0.049999999999999996
5,26,1.9999999999760911,0.09999999999999999,2.0874347372907343,0.14477768108153025,0.022741624964475068,0.049999999999999996,1.9000000000000001,0.09999999999999999,2.8617664454568965,0.19848280876456317,0.031177606693930975,0.049999999999999996
6,26,1.9899346001240055,0.09916393843182963,2.0823524776504136,0.14583964084352902,0.02271690857439713,0.04958196921591482,1.9000000000000001,0.09999999999999999,2.818621632299592,0.19740498831984202,0.03100830305437973,0.049999999999999996
7,26,1.987974187184086,0.09999999999976429,2.3409072968900073,0.17004087084848776,0.02670995753331804,0.049999999999882146,1.9000000000000001,0.09999999999999999,2.714671220102267,0.19719066147846942,0.030974636672863567,0.049999999999999996
8,26,1.9914394638166868,0.07962910918931108,3.4567692795791896,0.2392630101796951,0.029927283426505764,0.03981455459465554,1.9000000000000001,0.0599852886472072,3.4123574320848262,0.23618900915164945,0.02225483169737162,0.0299926443236036
9,26,1.985961952719969,0.09820821935356011,2.945859193266385,0.2185768440518957,0.03371878093956384,0.049104109676780056,1.9000000000000001,0.09999999999999999,2.3757926021564275,0.17627904629256827,0.027689847840727377,0.049999999999999996
10,26,1.981003130333511,0.09365895661092681,3.5906608039574714,0.28060081891726996,0.041281752569866326,0.046829478305463405,1.9000000000000001,0.09999999999999999,2.299493728711333,0.17969946441623535,0.02822712586320327,0.049999999999999996
11,26,1.9772495474328098,0.0620426659707149,4.637196284831893,0.3208488473851793,0.031268770982993827,0.03102133298535745,1.9000000000000106,0.09999999999999015,2.5236920941707415,0.17461492889967797,0.02742844889191392,0.049999999999995076
12,26,1.9767031131601234,0.04838814208680616,6.63015404109708,0.44438123273642344,0.033776491343320274,0.02419407104340308,1.9000000000008697,0.09999999999921158,3.0557087116500403,0.2048066448757477,0.03217095254714749,0.04999999999960579
13,26,1.974505651892401,0.03692018862284792,9.693608904935582,0.5269153396317063,0.030557979145269195,0.01846009431142396,1.9000000000000004,0.09999999999999999,3.151453920184231,0.17130352884796743,0.026908295388139086,0.049999999999999996
14,26,1.9749375319553597,0.028200733234075313,14.164970187941345,0.48051771969439466,0.021285785669131783,0.014100366617037657,1.9594930605144123,0.09999999999999999,6.3976697462758025,0.21702789607388864,0.03409066219648888,0.049999999999999996
15,26,1.977979017191699,0.029156334306375285,421.33407620268287,0.7366959821472714,0.03373969089550558,0.014578167153187643,1.9599999999999997,0.04012334115035296,190.4729851326814,0.333039008189174,0.020989982281345,0.02006167057517648
16,26,1.9760878022335613,0.026918526899931964,583.4801411787095,0.7195857115178771,0.030426619110906907,0.013459263449965982,1.959871958801096,0.04040414980375373,322.1795995846899,0.3973328654088446,0.025217401835053638,0.020202074901876865
17,26,1.9760577896074092,0.027061289465204027,632.5428693581387,0.7234035772899462,0.030750275839538488,0.013530644732602013,1.9599123158858425,0.040135255968391736,325.1015311855497,0.37180027162539964,0.02343989256775223,0.020067627984195868
18,26,1.976006131078291,0.02675846129068973,720.4121056783588,0.7468442095391341,0.031391425052362004,0.013379230645344865,1.9599999999999997,0.039352490272377055,364.6924226311567,0.37807308061322603,0.023370491889920512,0.019676245136188528
19,26,1.9757255958476827,0.0271415860931612,762.1238127969708,0.7716428925842428,0.03289814880295364,0.0135707930465806,1.9596685228355404,0.04016516588286589,334.5614484542574,0.33874018827068375,0.021371557158029093,0.020082582941432944
20,26,1.9755584553160648,0.026593746414357466,701.3278914049878,0.7379940425619754,0.030828490215141682,0.013296873207178733,1.9599999999999957,0.03937758057843805,363.1471945450626,0.38213290734874217,0.023636509583792122,0.019688790289219025
21,26,1.9744101348686318,0.027110105052282986,691.7072046497689,0.7486702048964118,0.03188171147869537,0.013555052526141493,1.9582952419868789,0.04102043408262793,334.3418353898213,0.3618753263289775,0.02331734516287733,0.020510217041313963
22,26,1.973673616079044,0.027162079184166375,662.764892390978,0.738347945633728,0.03150242300861209,0.013581039592083188,1.9574389386190594,0.04064986374933964,347.9755854895157,0.38765942738757997,0.024753084318834783,0.02032493187466982
23,26,1.9728213698450963,0.026495477102504328,643.12725175505,0.7135404165036753,0.02969683724536995,0.013247738551252164,1.9566605632934435,0.040652006644105405,377.303863136802,0.4186131981134251,0.026730973886860937,0.020326003322052703
24,26,1.9715385288373979,0.027579558939856363,646.4353623333839,0.7155501524017244,0.03099897059306527,0.013789779469928182,1.955176772308445,0.04053522967998541,356.04162020366374,0.39410844524111766,0.025093905404883664,0.020267614839992704
25,26,1.9707464664523344,0.026994541278451065,630.4448814904324,0.7068166248843718,0.029971093241068582,0.013497270639225532,1.9549557813332683,0.039228104010745286,373.0567890684627,0.41824868165508844,0.025772216790102328,0.019614052005372643
26,26,1.9727620920388071,0.026430864452832034,613.1994580797966,0.6814426726140365,0.02829179942880828,0.013215432226416017,1.9574893925348713,0.03888256672583752,398.2536895306957,0.44257550295630227,0.027031003861098163,0.01944128336291876
27,26,1.9744133109129236,0.026713708703216932,555.6270148613767,0.6282837511074582,0.026363914283765288,0.013356854351608466,1.9598207632656854,0.03867856814091314,433.9200533455053,0.4906617416085854,0.02981071972736172,0.01933928407045657
28,26,1.9742979320787557,0.02727464566761649,579.4977488063204,0.6803755986707316,0.02914927273719974,0.013637322833808245,1.959072717348229,0.03964482213755967,365.1444332067941,0.42870807152589907,0.02669734114819015,0.019822411068779834
29,26,1.9748265822345785,0.027006061240787596,573.7540847527014,0.694097572559248,0.02944432825563243,0.013503030620393798,1.9591705520975622,0.03984287892942144,361.88819118141055,0.43779333639975704,0.027399316916301358,0.01992143946471072
30,26,1.9754987517874643,0.026503709816114638,604.8074366918046,0.699322464063796,0.02911414388922763,0.013251854908057319,1.9599999999999829,0.039676740469124096,372.9894725801262,0.43127762856445706,0.02687898064342722,0.019838370234562048
31,26,1.9746523006364656,0.027852420053952043,659.5702878753035,0.757660926288542,0.03314802853039611,0.013926210026976022,1.9585878414520808,0.04001163990677336,309.3602140043231,0.3553679579084529,0.022334924838037402,0.02000581995338668
32,26,1.9750990570544058,0.0258652332892482,688.2264291139531,0.7068920642150837,0.028720327179351725,0.0129326166446241,1.959982251518335,0.03906135010610261,420.84329040634844,0.4322571317835202,0.0265221846592392,0.019530675053051304
33,26,1.9745983854937936,0.026313844172135694,707.5847197560385,0.7210076340337074,0.029801905866550106,0.013156922086067847,1.9590946952762576,0.03888046145591535,392.0660601033013,0.39950357107409284,0.024398995869826974,0.019440230727957676
34,26,1.9743434466217054,0.0259297290081802,741.9117628622463,0.7044853753210653,0.028693916942551377,0.0129648645040901,1.9596427524813715,0.03774358655395081,431.5011108950452,0.4097336600886255,0.02429207909472969,0.018871793276975406
35,26,1.9738684937870958,0.025825000345590786,781.4002794020222,0.7162658183303234,0.02905590716594184,0.012912500172795393,1.9590121101940636,0.03834745138828573,442.7463546567163,0.40584075587181034,0.024446238292758212,0.019173725694142864
36,26,1.9732159394034217,0.02594125810068659,923.6201279460348,0.7244376290057379,0.029519698142577315,0.012970629050343295,1.9580826650006604,0.037866874281311094,493.42978337525165,0.38701961069656093,0.02302037036667277,0.018933437140655547
37,26,1.9728557517938634,0.026643267286215876,1062.0816244504347,0.7686176462375914,0.03216752962832276,0.013321633643107938,1.9573613167912032,0.037526552081974585,515.3836006291181,0.3729778586744528,0.021985765517330887,0.018763276040987292
38,26,1.9734977522464328,0.025432441649114932,684.9124302413823,0.7281497433428314,0.029088989477210274,0.012716220824557466,1.958806290132097,0.03804708778600962,379.042470064654,0.40297075232864543,0.024083235008588083,0.01902354389300481
39,26,1.9744062674421168,0.02573470341409595,1130.8926078221766,0.7390642992796386,0.029875918674618723,0.012867351707047975,1.9599999999999997,0.03585870669860625,604.275451885793,0.3949078898657762,0.022243868020307006,0.017929353349303127
40,26,1.974439531469363,0.025821558388623406,990.4736006100604,0.7358911833556818,0.02984804742715456,0.012910779194311703,1.9599999999999997,0.03636830266836438,524.2288745737707,0.3894858041867037,0.02225023196972678,0.01818415133418219
41,26,1.974718118256901,0.026056356282430547,1045.4205968882939,0.7592236713814987,0.03107443930935421,0.013028178141215273,1.9599999999999997,0.036125255719969454,510.15773614624214,0.3704956938609184,0.021023933381926423,0.018062627859984727
42,26,1.9748026624545099,0.026135527631904854,986.018697304046,0.7464139097883395,0.030642971222149696,0.013067763815952427,1.9596734163335916,0.037257634786437115,471.2087869351421,0.3567039792901875,0.020875799282572514,0.018628817393218557
43,26,1.9751050144579827,0.025884455520556304,939.7967681603487,0.7556886963639377,0.030725703626316724,0.012942227760278152,1.9599999999999997,0.03732327397912408,453.8899329308186,0.36497198472029924,0.021397308050550404,0.01866163698956204
44,26,1.9752201409644572,0.026054034917209246,875.2133394410965,0.7427520519067762,0.030397560263073928,0.013027017458604623,1.9599999999999997,0.03793651621700681,429.7554763888286,0.3647130905360925,0.02173345012867168,0.018968258108503406
45,26,1.9752427157627688,0.02648081025577892,811.8367768361862,0.737320267266573,0.03066954396124657,0.01324040512788946,1.9599999999999997,0.03827028414947336,406.6026637769873,0.3692816010327679,0.02219929762806116,0.01913514207473668
46,26,1.975334532722638,0.026609656019135737,737.5882436768127,0.7552234298485858,0.03156709319775774,0.013304828009567869,1.959999999999774,0.03890301730869052,356.4816781541246,0.36500488987145874,0.022304980405520838,0.01945150865434526
47,26,1.9755164372760778,0.02654314383408658,703.2058409620801,0.7328742305512941,0.03055636497351291,0.01327157191704329,1.9599999999999997,0.03821671235642803,373.1239005892586,0.38886606967105125,0.02334389124378702,0.019108356178214016
48,26,1.9752460047940532,0.026495581992069767,676.6391840812647,0.7278006752760712,0.03029045484080045,0.013247790996034884,1.9599816328858513,0.039474710512954175,362.63697990104464,0.3900563920347207,0.024186121492952305,0.019737355256477088
49,26,1.9754551575601054,0.02701497290022099,654.5372882974489,0.7324978819642614,0.03108356241770646,0.013507486450110495,1.9594785897963947,0.04066899443226808,344.34414300406974,0.38535826747681856,0.024617729317703615,0.02033449721613404
50,26,1.975370638954308,0.02706217738427678,713.9818636155566,0.72981762315549,0.031023940558040527,0.01353108869213839,1.959323250300128,0.03971769686453012,363.2895304528434,0.37134710998083575,0.023167756620072626,0.01985884843226506
51,26,1.9756899034221391,0.02672185460518457,711.4021508480079,0.738913791044884,0.031015604206943107,0.013360927302592284,1.9599999999999989,0.03998649162162873,382.48268427934426,0.3972742139069752,0.024953045311178507,0.019993245810814363
52,26,1.9756985244855143,0.026969556510464572,706.0387230853164,0.7358347768690136,0.03117266924231731,0.013484778255232286,1.959800012808487,0.04084175980981154,358.8324805772485,0.3739758311344178,0.023992077740632115,0.02042087990490577
53,26,1.9756807351086558,0.027223099164031192,768.2368848199475,0.7595760305371854,0.03248094781133438,0.013611549582015596,1.9591511483376503,0.040777879106683686,348.3899839919073,0.3444623479403854,0.02206410261006957,0.020388939553341843
54,26,1.9762337442062492,0.026856004966203086,807.8250101022483,0.7602938375698567,0.03207323423464163,0.013428002483101543,1.9599999999999997,0.03980150666882411,390.8424149791328,0.3678458525713926,0.022997744948716464,0.019900753334412054
55,26,1.9763722667009098,0.02717823323788881,879.5766321425978,0.7648865121243659,0.032654128774103224,0.013589116618944404,1.9599999999999969,0.0391729979031897,409.7788359712043,0.35634678450345963,0.02192701585476747,0.01958649895159485
56,26,1.976693721668521,0.027327062289736876,1020.606768008065,0.7847346224311414,0.033684929119209006,0.013663531144868438,1.9599999999999997,0.0387864640738368,428.37789901738137,0.3293756022207703,0.020067417816482545,0.0193932320369184
57,26,1.9772689568929027,0.028258683443488714,1009.7209922569,0.8053072373730991,0.03574648995120605,0.014129341721744357,1.9599999999999997,0.03728334982616292,377.1943525578967,0.30083294726019777,0.017618145867862665,0.01864167491308146
58,26,1.9769203702106013,0.02795777687656057,577.6360275993427,0.8642395857076327,0.037953922504238506,0.013978888438280285,1.9599999999999997,0.03407282792537036,143.87896633226129,0.21526686756679272,0.01152139982922454,0.01703641396268518
59,26,1.9774309228930527,0.0281657376842738,530.521733344715,0.8814265530731663,0.038996635290614264,0.0140828688421369,1.9599999999999997,0.03215411671905595,124.0451053366554,0.2060926871613057,0.010409240500469822,0.016077058359527975
60,26,1.9773447560259598,0.028570689594948,371.4944473032173,0.8778746824909701,0.03939790459764593,0.014285344797474,1.9599999999999997,0.03575797355267742,76.43327578998127,0.18061868273661663,0.010145079309107964,0.01787898677633871
61,26,1.977862762540714,0.029409506416117778,162.84805486931984,0.8542117837089331,0.03946146196540999,0.014704753208058889,1.9599999999999997,0.03919996617707114,37.04828402291284,0.19433502478100387,0.011966210804456569,0.01959998308853557
62,26,1.9770683067022339,0.030208381786606495,62.647363554048,0.7440552157986443,0.03530632412746267,0.015104190893303247,1.9599999999999997,0.05387000471701321,14.839224034237006,0.17624368233075005,0.014913529881725614,0.026935002358506606
0,27,1.985305378625085,0.09001994439421922,2.879950981705648,0.23247534159573294,0.03287271026101841,0.04500997219710961,1.9000000000000001,0.09999999999999999,2.4770879551242686,0.19995544097390724,0.031408927220446727,0.049999999999999996
1,27,1.9999999999999993,0.09999999999999999,3.1403238326570118,0.24462952100039864,0.03842631530130212,0.049999999999999996,1.9000000000000001,0.07704580663455118,3.743104689023951,0.2915858223307907,0.03528866972058675,0.03852290331727559
2,27,1.9929662115401912,0.09366201918740746,2.5950772421956905,0.15816416623466278,0.023269737786400024,0.04683100959370373,1.9000000000000001,0.09999999999999777,3.0803476628357216,0.18774031534918184,0.02949017977418038,0.049999999999998886
3,27,1.979738588354105,0.07583790483499625,1.7050666520201587,0.13220779127392787,0.015749372432761973,0.037918952417498125,1.9000000000000001,0.09999999999999999,2.6750211896341765,0.2074163157630674,0.03258087869179567,0.049999999999999996
4,27,1.989811825484022,0.09999999999674468,2.417201332371419,0.17439707890163658,0.027394229093353283,0.04999999999837234,1.9000000000000719,0.09999999999999878,2.835818076697597,0.20459958475503848,0.032138427619697166,0.04999999999999939
5,27,1.9998770464608906,0.09999999999999999,2.7783362503211335,0.193814411498985,0.03044429656625202,0.049999999999999996,1.9000000000000001,0.08061458321175295,3.381463327305058,0.23588805160328521,0.029870289598312304,0.040307291605876476
6,27,1.9999999999999902,0.09149223835771877,2.4788068281818174,0.17421052326330871,0.025036782410249262,0.04574611917885939,1.9000000000000001,0.09999999999999999,3.4091917001698855,0.23959796432671507,0.03763596022719387,0.049999999999999996
7,27,1.9945989520920067,0.09999999999933062,3.1587843936149707,0.20407770914703183,0.032056451590672906,0.04999999999966531,1.9000000000000001,0.054975834914584285,3.8156002354324037,0.24651222053708635,0.021287769762905615,0.027487917457292142
8,27,1.9835823497558216,0.07623543493383568,3.4191469296991155,0.2645004928870771,0.031674024261718114,0.03811771746691784,1.9000000000000001,0.06847209088218702,3.6473438971625542,0.2821534957004799,0.03034721923335889,0.03423604544109351
9,27,1.9812698285163088,0.08178880284677455,3.3825896461304867,0.23395604518179888,0.030057163922230134,0.040894401423387274,1.9000000000000001,0.08398574830291142,3.238309566044888,0.22397694618764388,0.02954804774318081,0.04199287415145571
10,27,1.9849437409368866,0.09999999999998806,3.6378233469701575,0.24382245320147158,0.03829954138789464,0.04999999999999403,1.9000000000000001,0.09999999999999999,2.5722723552274367,0.17240467613036786,0.027081263198784563,0.049999999999999996
11,27,1.9737528980587773,0.0452599646912461,4.949869581279442,0.33120693787742606,0.02354688774129473,0.02262998234562305,1.9000000000000001,0.09999999999999999,3.9136092249155645,0.26186842019746415,0.04113419525497592,0.049999999999999996
12,27,1.9781934668725645,0.054335873469572395,5.364679854248695,0.364894972968841,0.031144001398483157,0.027167936734786197,1.9000000000000001,0.09999999999999999,3.5431040086589713,0.24099496644548016,0.03785540080686196,0.049999999999999996
13,27,1.9761912850223997,0.04589302504136213,7.746359674992298,0.46706493264350946,0.033670054842993805,0.022946512520681066,1.9000000000000523,0.09999999997501213,3.37598233235272,0.203554059819404,0.03197419693886117,0.049999999987506066
14,27,1.9751069362650995,0.043269920835770345,10.614477484966626,0.5223117528090987,0.03550060676185343,0.021634960417885173,1.9000000000000001,0.09999999999999999,3.7692416441964522,0.18547490563992544,0.02913433004918249,0.049999999999999996
15,27,1.9748196737141834,0.036940089974068974,46.66983461691677,0.7951093470949473,0.04613650423027023,0.018470044987034487,1.9000000000012458,0.0909794689356764,3.8633810048211594,0.0658200392938378,0.009406356007461727,0.0454897344678382
16,27,1.976909190813696,0.027330716439277813,618.2004431329029,0.7350977685122245,0.03155847420766753,0.013665358219638907,1.9599999999999997,0.0403830715957347,296.4801885948841,0.3525424924312596,0.02236303258292468,0.02019153579786735
17,27,1.9764310106190472,0.02699907954166896,585.4699941594173,0.7448135411108116,0.03158758322157785,0.01349953977083448,1.9599999999999997,0.04064577591141918,312.40918529695347,0.3974355541664352,0.025374763987933972,0.02032288795570959
18,27,1.9764005608310158,0.027292815499461994,676.9598101121874,0.7429130198372589,0.03184976160441821,0.013646407749730997,1.9599999999999997,0.03952151314918237,312.7117169365088,0.3431778408371032,0.021304565358866087,0.019760756574591185
19,27,1.9762364619136694,0.027242957400744953,744.3977610839702,0.7525811161096362,0.032205307118456636,0.013621478700372476,1.9599999999999995,0.03905305609413475,341.53254081482095,0.34528709540971336,0.02118142868146812,0.019526528047067376
20,27,1.9757928947608463,0.026580287150546004,738.4304667830215,0.7423713239319263,0.03099564892409308,0.013290143575273002,1.959999999999992,0.03913288141875882,364.51186506261195,0.36645719269183435,0.022526045355657994,0.01956644070937941
21,27,1.9747843368206888,0.02701869076687623,704.1858598198049,0.7307937275866617,0.031015514435885405,0.013509345383438115,1.9591605638868446,0.03967915021667252,362.6134960233433,0.3763149525608769,0.023454906962615416,0.01983957510833626
22,27,1.9743587514537582,0.02670383153947438,647.7146623229307,0.720757084447539,0.030233078831954144,0.01335191576973719,1.9586079736886082,0.03989066456618274,374.90240675504646,0.41717994259393876,0.026140540831561553,0.01994533228309137
23,27,1.9735213279329562,0.026319344289666997,642.6932133391748,0.7045643154002063,0.02912832996416034,0.013159672144833498,1.9581584563511145,0.03995141187702126,378.5649511261558,0.41500882550000096,0.02604409922501756,0.01997570593851063
24,27,1.972319429005251,0.02774431280119146,667.64006353624,0.746185160370842,0.032519245231645726,0.01387215640059573,1.9561029630503517,0.03993087134636309,321.22629704225903,0.3590172445677371,0.022518734142744495,0.019965435673181545
25,27,1.9727736316504985,0.0265443502957306,619.7359114006639,0.6842100555978643,0.028528663701579814,0.0132721751478653,1.9577365533353228,0.03875906736968473,392.97082308696446,0.43385349108620724,0.02641412884027403,0.019379533684842364
26,27,1.972400549242293,0.027109835908026087,686.063811804996,0.7422395292214269,0.03160755087265035,0.013554917954013044,1.9566739746853867,0.03894816786370177,360.25761459565933,0.3897559347320893,0.023845127391133526,0.019474083931850884
27,27,1.9744847864434094,0.027605255435408316,547.3643806088936,0.6696086688684348,0.029035727679541653,0.013802627717704158,1.9599999999999997,0.03784194302190295,346.6955883532341,0.4241240015682451,0.025210772580748556,0.018920971510951474
28,27,1.973422222139797,0.02762311036846331,637.0854257954089,0.7151408888343815,0.03103016362153917,0.013811555184231656,1.9579145486492329,0.03979185998816652,342.2045177442711,0.3841312845561291,0.024010090411245317,0.01989592999408326
29,27,1.9748383602748403,0.02679132131039726,565.9950626257868,0.6871115087475779,0.028916200856386753,0.01339566065519863,1.9599999999999997,0.0386940984972348,356.67416410134643,0.4329983408159005,0.02631787634612727,0.0193470492486174
30,27,1.9745305373079656,0.026988077685153336,648.5686502023332,0.7185166203438667,0.03045991219499479,0.013494038842576668,1.9590941738606436,0.04017843848079278,354.525273332878,0.392760737266836,0.024787972043750453,0.02008921924039639
31,27,1.9744733629969342,0.026859465767698126,689.8247955028183,0.7326686976756964,0.030911841979236732,0.013429732883849063,1.9585102989644032,0.039992452000502964,346.7811303107314,0.3683191453535269,0.023137807496359335,0.019996226000251482
32,27,1.9748641787326322,0.026117194919850904,662.622797929218,0.7083227123497674,0.029058793250792858,0.013058597459925452,1.9596573984399148,0.03970107531737019,402.8441097407773,0.4306275506328042,0.026854925912568474,0.019850537658685094
33,27,1.9749302891535256,0.027206974651954006,657.4043803912849,0.741042853229253,0.03166966374424636,0.013603487325977003,1.9599999999999962,0.03806266692315528,333.13830279714983,0.3755219249951068,0.022451966737184414,0.01903133346157764
34,27,1.9740792094570274,0.026142048076488233,761.1385629405162,0.7109019543281221,0.029192359198332664,0.013071024038244117,1.9594084609506848,0.03769510278384509,437.19148838002707,0.40833600954898813,0.024178117800285396,0.018847551391922544
35,27,1.973724847066887,0.025564560345177158,840.2003319640613,0.7092846684192293,0.028482544047096776,0.012782280172588579,1.959234310123235,0.03767034967999631,495.82048704943213,0.4185643070745179,0.024767474237288346,0.018835174839998154
36,27,1.97264093520135,0.026072360717521247,1051.499814371242,0.7516596442483636,0.030783746016502137,0.013036180358760623,1.957317445352479,0.03796253632172807,534.2804131375963,0.38192781375621493,0.022774895049327618,0.018981268160864036
37,27,1.974243236186204,0.027278366572146776,644.0255258089917,0.8098440635605522,0.034700812307359975,0.013639183286073388,1.9599999999999997,0.03396357890559995,238.61872838686395,0.3000563687219175,0.016007966760621453,0.016981789452799975
38,27,1.9743521835983198,0.025708740019564365,1150.7629474312728,0.7319953219447713,0.029560309378122214,0.012854370009782182,1.9597454076871927,0.036990623982621255,604.5970068497963,0.3845815349405774,0.022346008665015574,0.018495311991310628
39,27,1.974410737797185,0.025747552152850104,990.8713806041889,0.7299750005719061,0.029523225971451215,0.012873776076425052,1.9599563890720981,0.03683874056655566,527.2265110151778,0.3884077996532273,0.022475667245205087,0.01841937028327783
40,27,1.9746803605383938,0.02595552671486025,1020.7114563534278,0.7457951033912886,0.030406697325617495,0.012977763357430125,1.9599999999999997,0.036621506056138654,486.7588681187082,0.35565622205529535,0.020459098280065688,0.018310753028069327
41,27,1.975001840382361,0.026109390843639536,1005.7378611140002,0.7650242649002892,0.0313755846175896,0.013054695421819768,1.9599999999999997,0.035864252950914596,481.9154771543324,0.36657368476284874,0.02065108864996527,0.017932126475457298
42,27,1.9751120522498447,0.026094291207018526,1010.4920415892956,0.7631343273467013,0.03127997312084597,0.013047145603509263,1.9599999999999997,0.036900628875353156,443.32039935366134,0.3348002763363982,0.01940615306136262,0.018450314437676578
43,27,1.975200059676717,0.026329821946914748,936.5082215195744,0.7637255670732921,0.0315867635127983,0.013164910973457374,1.9599999999999997,0.03691762618712662,443.60231447002616,0.36175916173370654,0.02097843969405018,0.01845881309356331
44,27,1.9753813037300474,0.026697625707347395,851.364882798191,0.7654344898272446,0.03209966827907906,0.013348812853673698,1.9599999999999997,0.03750075387207722,396.57545157222035,0.35654809657464603,0.021002838732886806,0.01875037693603861
45,27,1.9752675391029564,0.02617571162478163,816.1822795165614,0.738033928168497,0.03034552822825133,0.013087855812390815,1.9599999999999997,0.03842367006730179,409.7426824335168,0.3705103737780541,0.022362435124526108,0.019211835033650895
46,27,1.9752736662322778,0.02663427359413842,757.1880555520654,0.7577090730335593,0.0317002889823604,0.01331713679706921,1.9599999999999997,0.038503324455380385,360.1567003222913,0.36040452242615195,0.02179758289717109,0.019251662227690192
47,27,1.9753568794239813,0.027189210578595312,665.3049772246362,0.761344783317431,0.032516055163584134,0.013594605289297656,1.9599999999999997,0.03866748305141613,310.93905557892145,0.3558245255915612,0.021612333467779236,0.019333741525708065
48,27,1.9756369053640424,0.02640096099179163,674.5736387071913,0.7385621316752554,0.030628564921660027,0.013200480495895815,1.9599999999999997,0.0381998740381125,366.6136912285565,0.4013898168538231,0.024085083608028215,0.01909993701905625
49,27,1.9756066038784434,0.02652279737429156,635.3014011397497,0.7202233574660923,0.03000588263739242,0.01326139868714578,1.959999999999999,0.039384018473934884,355.68243534696813,0.4032271884143993,0.0249453562817337,0.019692009236967442
50,27,1.9760511687065236,0.027605402989380072,630.4410563343946,0.7688474386802958,0.0333391206232712,0.013802701494690036,1.9599999999999997,0.03880622508423719,292.3116150612508,0.3564854069674302,0.021730165386752064,0.019403112542118597
51,27,1.9758687065678906,0.02644215665066026,686.5072234633046,0.7360248880982647,0.03057097224219056,0.01322107832533013,1.9599999999999997,0.039882976308632925,374.09421072398976,0.40107757089179547,0.025126720771351425,0.019941488154316463
52,27,1.9758901670639524,0.026606370571036462,715.4424265366624,0.7329974561269399,0.030634301339418354,0.013303185285518231,1.9599999999999997,0.03978951964702796,385.9001443994785,0.3953690942444288,0.02471105521080647,0.01989475982351398
53,27,1.9760108238843461,0.026739023694366544,751.2170788747464,0.7382508720455859,0.03100768844580567,0.013369511847183272,1.9597637963126882,0.04035606373585031,376.0572505306104,0.3695664022430699,0.023427241708318797,0.020178031867925154
54,27,1.9761376115512936,0.026974553032102732,790.7531868002383,0.756802218898664,0.0320668670289239,0.013487276516051366,1.9599999999999997,0.039725768117115964,382.78271314211753,0.3663479471189126,0.022860511453018907,0.019862884058557982
55,27,1.9763672451261471,0.02683053979663452,789.789536061235,0.7433713833401222,0.03132961989259457,0.01341526989831726,1.9599999999999997,0.03978251840307252,404.11080681380315,0.3803600779291388,0.023768790189684995,0.01989125920153626
56,27,1.9765910982029948,0.027165690335898968,943.2935171056048,0.7721876031383218,0.032950609168267656,0.013582845167949484,1.9599999999999997,0.03886375599082971,429.82858968248746,0.35186111470973563,0.021480081358272406,0.019431877995414855
57,27,1.9770800355516847,0.027418047402253443,1084.1173022278326,0.8133337539789769,0.0350287948762804,0.013709023701126722,1.9599999999999997,0.03784237611633102,442.5630972070223,0.33202265519078,0.01973631159796539,0.01892118805816551
58,27,1.9768746988320671,0.027923417097571228,580.878246643031,0.8694580966567789,0.03813617191234439,0.013961708548785614,1.9599999999999997,0.034936457450937486,146.76496883248748,0.2196776883872605,0.012055485152023301,0.017468228725468743
59,27,1.9773934606768369,0.028274524333063458,572.4941559423513,0.8889404688350092,0.039480974370692076,0.014137262166531729,1.9599999999999997,0.032890047934938514,130.9589990076083,0.20334662418407204,0.010505611837893702,0.016445023967469257
60,27,1.9776155751594533,0.028719243694929637,431.63715298512193,0.8875401654698715,0.040038785170577296,0.014359621847464818,1.9599999999999997,0.03360570515149408,92.67958682663364,0.19056945227934316,0.010059726546607415,0.01680285257574704
61,27,1.9778874050626596,0.028846700282134527,289.59764637992555,0.8662294361152283,0.03925084014630716,0.014423350141067263,1.9599999999999997,0.03518013687698033,59.868114249338326,0.17907439337214592,0.00989579957054303,0.017590068438490165
62,27,1.9776917223900488,0.029633993632807474,109.0768387008641,0.7841138850091991,0.0364996924134834,0.014816996816403737,1.9599999999999997,0.04440140439538032,24.158266668319165,0.17366502878153103,0.01211236519341382,0.02220070219769016
0,28,1.9984882228422833,0.09999999999999999,3.1665323685793547,0.21913360434722295,0.0344214260785944,0.049999999999999996,1.9000000000000001,0.09999999999999978,3.5431146045054995,0.2451942325316919,0.03851501998120745,0.04999999999999989
1,28,1.9856597336801614,0.09999999999992397,2.777201978916459,0.2121984348205601,0.033332052196750867,0.049999999999961985,1.900000000000008,0.09999999999999991,2.85759177460253,0.21834080003188852,0.03429689266795492,0.049999999999999954
2,28,1.9915310617853277,0.09571412921693355,2.5503482956214154,0.17737804167299692,0.026668327843158902,0.047857064608466775,1.9000000000000001,0.09999999999999999,3.011948736317151,0.20948259082284224,0.03290544841919989,0.049999999999999996
3,28,1.999999999999999,0.09999999999999999,2.5210036909316007,0.15304928979311427,0.024040926222559156,0.049999999999999996,1.9000000000000001,0.07889869059746062,3.667219466656983,0.22263566567009943,0.027592078135334014,0.03944934529873031
4,28,1.9999999999986577,0.09999999996795572,2.729890949376407,0.22011894906135185,0.03457620365327275,0.04999999998397786,1.9000000000000001,0.07546099074540004,2.9445487821296217,0.23742742673670314,0.028143186293211123,0.03773049537270002
5,28,1.9999999999999998,0.09999999999999999,2.2670173161846776,0.17833288816520473,0.02801246456766287,0.049999999999999996,1.9000000000000001,0.09999999999999999,3.19915283358637,0.2516584943671777,0.03953042385586969,0.049999999999999996
6,28,1.9973785733846352,0.09999999999999999,2.789735246164622,0.1965012080927086,0.030866337588278628,0.049999999999999996,1.9000000000000001,0.09999999999999999,3.3425132748788524,0.23543735825204257,0.03698241375326026,0.049999999999999996
7,28,1.9982766599982758,0.09999999999999999,2.3392658687366157,0.16135795019761517,0.025346047546956775,0.049999999999999996,1.9000000000000001,0.09999999999999991,3.284101451081915,0.22653084690787495,0.03558338222286267,0.049999999999999954
8,28,1.9866929734721714,0.09356390875616725,3.102644591585456,0.25142749595359276,0.03695225990657828,0.04678195437808363,1.9000000000000492,0.09999999999990601,2.6866966616333543,0.21772052649967397,0.03419946032932174,0.049999999999953006
9,28,1.9863641448376754,0.09949746095147603,3.341370326556781,0.22785099707158799,0.035610888426499114,0.049748730475738016,1.9000000000000001,0.0631451659730242,3.4884785509693845,0.2378824369701948,0.023595129489439245,0.0315725829865121
10,28,1.9836763205460821,0.099999999949761,3.328894742740648,0.2375850375271614,0.0373197704061602,0.0499999999748805,1.9000000000000001,0.06964973491074068,3.165434675795398,0.22591880319395852,0.024716770412725388,0.03482486745537034
11,28,1.9851495371975376,0.09966666116660829,3.30374733809143,0.23355753111212849,0.03656483874148592,0.04983333058330414,1.9000000000000001,0.09999999999999999,3.1113974245734926,0.21995940561599603,0.03455114263855953,0.049999999999999996
12,28,1.9828253838549226,0.06757426373052637,4.660951748486103,0.3150959247145176,0.033445984622637155,0.033787131865263186,1.9000000000000001,0.09999999999999999,3.2632661596347763,0.2206077049593336,0.03465297726127735,0.049999999999999996
13,28,1.9758611263034003,0.0635289494404961,7.002091495600983,0.4645405230907142,0.04635698211938606,0.03176447472024805,1.9000000000000001,0.053055325515037215,3.6867817604591404,0.2445925661783997,0.020384126884548683,0.026527662757518607
14,28,1.9737299377979984,0.04102221509372425,8.738314248420217,0.4604307558100136,0.029669027448457293,0.020511107546862126,1.9000000000000006,0.09999999999999987,2.7815046535815657,0.14656033801590093,0.02302164406091953,0.04999999999999993
15,28,1.9750187841381082,0.038835359907453314,16.48284543350903,0.5595009584777149,0.03413092403686962,0.019417679953726657,1.9000000000000001,0.09999999999999999,3.590517307143169,0.1218780994386691,0.019144567091500458,0.049999999999999996
16,28,1.9792796938715582,0.031025075403702338,365.73969794304253,0.8006245985254214,0.03901769881719591,0.015512537701851169,1.9599999999999997,0.043484650253910385,136.5948977509153,0.2990138499799347,0.020424299168554722,0.021742325126955193
17,28,1.9773997900756235,0.028296099803230727,515.9998289518514,0.7837680943245656,0.03483646154614033,0.014148049901615363,1.9599999999999997,0.039240406588334574,221.58283550136883,0.3365690199330412,0.020745672315663013,0.019620203294167287
18,28,1.976505907488541,0.02691063107197618,656.4799528439671,0.7598815381105894,0.03212104401729575,0.01345531553598809,1.9599999999999997,0.039659025064217764,313.2144336627222,0.3625485661504061,0.02258541643857896,0.019829512532108882
19,28,1.9763999135629764,0.026967033346670912,713.0854303424537,0.7714142135659684,0.032676887718966374,0.013483516673335456,1.959999999999998,0.03921849700689064,322.8466903382883,0.3492548229601084,0.021515588775955267,0.01960924850344532
20,28,1.9761475499555945,0.027446079687503535,742.681694866073,0.7613876472649357,0.03282509740814076,0.013723039843751767,1.9599999999999997,0.03849415807978365,327.5294803705498,0.3357789779835757,0.020303373566765086,0.019247079039891826
21,28,1.9755253282305931,0.026882972120460206,737.4495734934991,0.7383793979404172,0.031180044401280742,0.013441486060230103,1.9598367182790986,0.03948513436654132,362.17592197846994,0.36263257696674983,0.022491598044412864,0.01974256718327066
22,28,1.9745517123324678,0.027228917527332273,695.8423697926727,0.7381243624222077,0.03157037883784786,0.013614458763666137,1.9587845470950638,0.04008039401500239,354.3422073681557,0.3758733690948231,0.023664286575705632,0.020040197007501193
23,28,1.9747692747624666,0.02727588263346511,626.3243687019459,0.7215993040611287,0.030916818453129984,0.013637941316732556,1.9590754479604633,0.0390986053987626,328.70038318318524,0.3787014837714008,0.023258309780165888,0.0195493026993813
24,28,1.9734306888859936,0.026866016435664223,677.7344877538042,0.702905310704373,0.029663335085979178,0.013433008217832111,1.9578388237097355,0.03964986689479744,380.0643714096448,0.3941798298604572,0.024550255057985873,0.01982493344739872
25,28,1.9734047593297108,0.026351334148880738,634.4599496466795,0.7120969937160181,0.029475530987733076,0.013175667074440369,1.9578316023636204,0.0394887333956181,379.2697938977593,0.42567995062933384,0.026404398373847355,0.01974436669780905
26,28,1.9733194070470315,0.026715217619512597,663.2354636494234,0.7257713112481716,0.030456387570065472,0.013357608809756298,1.957731756311155,0.038916318453329594,370.0742502647933,0.40496820299077896,0.024755548343167226,0.019458159226664797
27,28,1.9741259124709643,0.027467860776583645,581.7229164291348,0.7204414999819299,0.031084467806555445,0.013733930388291822,1.9588048554794235,0.03882688469282656,319.5955044165955,0.39580676312830537,0.024139909282852506,0.01941344234641328
28,28,1.9736123749178547,0.02715164071775883,674.5440027152584,0.724016409900741,0.03087908087158178,0.013575820358879415,1.958166223675029,0.038996659052442526,362.00278151272613,0.38855279001800486,0.023801115412825386,0.019498329526221263
29,28,1.9745243210647914,0.026585872465079447,621.7705233947099,0.6876154527054283,0.028715502603159963,0.013292936232539724,1.9593896762048417,0.03947837116511134,388.92425103846244,0.43011097323467506,0.02667224830356282,0.01973918558255567
30,28,1.9743585070712217,0.026660258463046538,690.669154648607,0.7412273375716489,0.031040996929837604,0.013330129231523269,1.9588566242525365,0.039037602316740486,359.46291166678884,0.3857762217658117,0.02365584510914781,0.019518801158370243
31,28,1.9750621755871913,0.02637736661090369,657.1171717492424,0.7039203107715898,0.029165861489081516,0.013188683305451846,1.9599999999999997,0.03871242346539283,396.6309043794213,0.42488092150926327,0.025836725263279813,0.019356211732696416
32,28,1.9745282089314076,0.02665672757252866,725.286366201952,0.7364623532224631,0.030837365048001265,0.01332836378626433,1.9588601922557782,0.038999651853546424,380.8004826425931,0.38666826321829056,0.023687494958327653,0.019499825926773212
33,28,1.9741221904436583,0.02623537528844976,777.081137112477,0.7504880086148323,0.030927934396801787,0.01311768764422488,1.9590764280664537,0.03804881215502176,394.8587483969892,0.38134596455364594,0.022791879236511353,0.01902440607751088
34,28,1.9743301271772082,0.02547670112039261,795.2651144148988,0.7103902196545137,0.028428899149142615,0.012738350560196305,1.959987432032956,0.03719839684715715,468.64688435681586,0.4186304127820105,0.024461037659953506,0.018599198423578576
35,28,1.9737500392105316,0.025918530930019914,962.33284991429,0.7204453472948005,0.02933129919575854,0.012959265465009957,1.959036827976689,0.03749136985995358,531.2356330617331,0.3977067188245948,0.02342146810142138,0.01874568492997679
36,28,1.9739097069532652,0.025658173631449108,510.2293764959353,0.7230701255624414,0.029142448341492308,0.012829086815724554,1.9599999999999997,0.035956594788311744,276.8119689253217,0.3922833030559806,0.022156352005448122,0.017978297394155872
37,28,1.972995889460309,0.026361951842902815,982.7806028105165,0.7478208161074781,0.030966704455360265,0.013180975921451408,1.9556557111824837,0.04007204670112491,521.0822928691151,0.3965037409144598,0.02495793739488332,0.020036023350562454
38,28,1.974542006513737,0.025881923249120812,1052.4198040907877,0.7450880731185597,0.030291726960618503,0.012940961624560406,1.9598335514024754,0.03714086107647787,550.3358013791538,0.38962459678531386,0.022730982682747345,0.018570430538238935
39,28,1.9747413558154108,0.02599631723312754,986.4262125187034,0.7580836736978083,0.030956285880677947,0.01299815861656377,1.9599999999999997,0.03586400990438108,498.392837026182,0.38302253938767594,0.02157759583104698,0.01793200495219054
40,28,1.9749365608231955,0.026218299105879993,1007.9319668178089,0.7644530958783762,0.03148293658177912,0.013109149552939996,1.9599999999999957,0.036189748756319313,479.63916099891617,0.36377618093385183,0.02067948430594465,0.018094874378159657
41,28,1.9751688549108506,0.02599715202809513,992.0721702323959,0.7719632323585741,0.03152406881283278,0.012998576014047565,1.9599999999999997,0.036764752787841914,463.0328923626975,0.36030077145790235,0.020807347441716143,0.018382376393920957
42,28,1.975291301086217,0.026183187853067422,972.6402551378345,0.7708767280397515,0.031704969053598014,0.013091593926533711,1.9599999999999995,0.037009537629713936,445.75654203442986,0.3532892483224641,0.020538274646006594,0.018504768814856968
43,28,1.9753263977858972,0.026570731388281497,928.193635848151,0.7716684365531051,0.03220728547624955,0.013285365694140749,1.9599999999999997,0.03708421558607812,415.4078526869303,0.34535587816424984,0.020117584146235913,0.01854210779303906
44,28,1.975203172234688,0.026645569551160108,860.9299522040194,0.7671730184005798,0.032109844693549834,0.013322784775580054,1.9599999999999997,0.03841773522071107,382.1726555123385,0.34055331555021356,0.020551179327476403,0.019208867610355534
45,28,1.9752970615308636,0.026731292371865556,803.1062431620895,0.7680773409538706,0.03225111888825858,0.013365646185932778,1.9599999999999997,0.03776292268048294,370.83881184757104,0.35466401980004003,0.021037910757074375,0.01888146134024147
46,28,1.9755380421607636,0.026846953107161786,697.4050797330456,0.7671593117294377,0.03235194846545035,0.013423476553580893,1.9599999999999997,0.03861144832492174,315.7541237736378,0.3473357497806561,0.021066163723093136,0.01930572416246087
47,28,1.975169482633539,0.027010550172909965,708.3291332711387,0.7485722475415776,0.03176047796171056,0.013505275086454983,1.9595402736745289,0.03902295999251107,333.47119090946427,0.35241707159023516,0.02160215230858885,0.019511479996255535
48,28,1.9754360090189023,0.026800241661377736,656.0836309790856,0.727096025226006,0.030609085725714524,0.013400120830688868,1.9599999999999997,0.03927392496436183,334.3387511434742,0.3705265084462932,0.02285827572698201,0.019636962482180914
49,28,1.9754591441710991,0.02684796253678928,656.3334626153211,0.737425210884843,0.031099198131861846,0.01342398126839464,1.9599999999999997,0.03953435714691601,332.3346549401828,0.3733954871462088,0.02318801769380393,0.019767178573458007
50,28,1.9750248873541043,0.027688795376300864,703.3996691761423,0.7741449612720573,0.03367024141355101,0.013844397688150432,1.9585463256866082,0.04054593029193413,300.5476417246944,0.3307755926810198,0.02106689849302077,0.020272965145967065
51,28,1.975313441464693,0.02735511653853598,717.2619489297348,0.7634620258426987,0.03280544148354714,0.01367755826926799,1.9589969537109087,0.0408528138972177,327.03218192606164,0.3480968877570949,0.022337882030987702,0.02042640694860885
52,28,1.976108484750599,0.02742215451095668,677.7172589858386,0.7538244502742988,0.032470701424622384,0.01371107725547834,1.9599999999999997,0.03941494718059624,316.7677350064651,0.3523405380928523,0.021814408382047647,0.01970747359029812
53,28,1.9760934399340964,0.02671913746657225,775.0057336604158,0.7385549972838489,0.030997391780123645,0.013359568733286125,1.9599999999999997,0.039751850049457076,400.2471776056028,0.3814224080294343,0.023816800903152427,0.019875925024728538
54,28,1.9760266774828525,0.027054877990294282,766.2473892577551,0.7465895372775125,0.03172834039501152,0.013527438995147141,1.9599999999999997,0.039821394264366934,363.15379371544896,0.35383718967476563,0.022132976145294397,0.019910697132183467
55,28,1.976365494172852,0.02715113352697545,819.1471559578358,0.7714399248255113,0.03290106483667859,0.013575566763487725,1.9599999999999997,0.03923524736002654,382.4563996956064,0.36018209192854855,0.022198232107859765,0.01961762368001327
56,28,1.9764649262636738,0.027306392296742362,906.9483087603115,0.7803765973759109,0.03347252226850365,0.013653196148371181,1.9599999999999997,0.03918239135040744,410.7084826779235,0.3533909100770206,0.021750346972131813,0.01959119567520372
57,28,1.976846935671643,0.027466270451791876,1045.5761748595519,0.7918732191181916,0.034164512231443955,0.013733135225895938,1.9599999999999997,0.03825399817578014,441.63407344661584,0.3344741433682991,0.020098297014357856,0.01912699908789007
58,28,1.9775340492080993,0.02865155368254342,998.4160790394523,0.8566035430427268,0.038552089431451955,0.01432577684127171,1.9599999999999997,0.03561145459132522,331.3428043633651,0.2842796967497116,0.015902134918600562,0.01780572729566261
59,28,1.9770991520995538,0.02784529775977711,601.821049724855,0.8785125587038619,0.03842551683846885,0.013922648879888555,1.9599999999999997,0.03326861967626232,145.7961408243948,0.2128269537653193,0.011121958960438395,0.01663430983813116
60,28,1.9775827776490669,0.02823996138624897,538.7301586490287,0.8963913447010958,0.03976322769112882,0.014119980693124486,1.9599999999999997,0.03305518809148787,114.15382727970923,0.1899401789471726,0.009862257840154662,0.016527594045743936
61,28,1.9778060431280333,0.02863160189411995,379.3948463695291,0.8659839613269891,0.03894712213413799,0.014315800947059976,1.9599999999999997,0.03430032642544604,81.74615462975707,0.1865888782805858,0.010053189847654537,0.01715016321272302
62,28,1.9780568201511814,0.029038713957782025,166.49927901963352,0.8340076011931641,0.038042343673360776,0.014519356978891012,1.9599999999999997,0.035249453311660864,38.43838897926784,0.19254082525215424,0.010660930000766147,0.017624726655830432
0,29,1.9832340696178057,0.09615743240207833,3.6353309167054686,0.2488440620939784,0.03758633821640757,0.048078716201039165,1.900000000000007,0.09999999999999724,2.2604630305608415,0.15473221437783022,0.024305279398152947,0.04999999999999862
1,29,1.980942831934167,0.09683817403264397,2.982745175665001,0.22852359999392854,0.03476142134963524,0.048419087016321985,1.9000000000000001,0.09999999999999999,2.0416698663856794,0.1564229326970773,0.024570856810705435,0.049999999999999996
2,29,1.9856493816574803,0.06191610508384399,2.9207289284808304,0.23655371134765094,0.023006643974164284,0.030958052541921997,1.9000000000000001,0.09999999964100888,3.424990898344882,0.2773945573774339,0.04357303502371361,0.04999999982050444
3,29,1.9999999999999998,0.09999999999999999,2.251254884030218,0.13816974420152792,0.02170365266659505,0.049999999999999996,1.9000000000000001,0.09999999999999548,3.4474273152411,0.21158428291668696,0.0332355814413049,0.04999999999999774
4,29,1.9959906746166447,0.09999999999996581,2.6972779000719136,0.18686670760465318,0.02935295379055448,0.049999999999982905,1.9000000000000035,0.09999999999999999,3.549324782075728,0.24589629278778102,0.03862529934835288,0.049999999999999996
5,29,1.9999999999999998,0.09999999999999999,2.4222190331366007,0.1692583566834363,0.026587040495768217,0.049999999999999996,1.9000000000000001,0.09999999999999999,3.6858021071607854,0.2575542505380021,0.04045652706955062,0.049999999999999996
6,29,1.990292352425172,0.0828099187995382,2.6332972269889012,0.18328404580189758,0.023841133450285646,0.0414049593997691,1.9000000000000001,0.09999999999999999,3.34842175265107,0.23305849396223724,0.036608742624423284,0.049999999999999996
7,29,1.9965484580583788,0.09999999999999999,2.9094554874739997,0.1903680225368638,0.029902939054011375,0.049999999999999996,1.9000000000000001,0.09999999999999999,3.031805355081306,0.19837347319741738,0.03116043230320491,0.049999999999999996
8,29,1.985097259384059,0.09736048377574245,2.964198433799271,0.23896791587171856,0.03654619744156759,0.04868024188787123,1.9000000000000001,0.08268382110567174,3.10625479773128,0.2504202238002523,0.03252443905243169,0.04134191055283587
9,29,1.9897288787909642,0.09730926644238155,3.001786463047425,0.24213170296895203,0.037010566465329554,0.04865463322119078,1.9000000000000001,0.09999999999999999,3.421459315109487,0.27598357871379203,0.04335139916993347,0.049999999999999996
10,29,1.9786947902480758,0.04884110723878241,3.6849220017345856,0.2872965887210612,0.022041231058340063,0.024420553619391206,1.9000000000000001,0.06897459256192863,3.324337484865465,0.25918345590756725,0.028081241026386004,0.034487296280964315
11,29,1.9770963166248583,0.05819636694097199,4.353967732771079,0.3083375810254556,0.02818656879021382,0.029098183470485994,1.9000000000000001,0.09999999999999999,2.932074360778116,0.2076424933020093,0.03261640657653301,0.049999999999999996
12,29,1.9805960192214889,0.08469146755513823,4.259673026368155,0.29901069094913524,0.03977830304732726,0.04234573377756912,1.900000000000001,0.09999999999999454,3.0132986764259146,0.21152058237729046,0.033225575383974706,0.04999999999999727
13,29,1.976532962562963,0.05923616169681048,5.252779467730304,0.35324550388774945,0.032868768290288154,0.02961808084840524,1.9000000000000001,0.06357712022891726,2.3919926184113383,0.16085972064454349,0.016064530577449866,0.03178856011445863
14,29,1.9777811575026152,0.04678463614363024,7.109975716840829,0.43482568637481167,0.03195496339564488,0.02339231807181512,1.9000000000000155,0.09999999999999978,3.343507605207578,0.20447931852849888,0.0321195362450089,0.04999999999999989
15,29,1.9767690105366937,0.04797789861681239,10.318509516499066,0.5029749417089491,0.037905955497366424,0.023988949308406195,1.9000000000000001,0.09999999999999999,3.0716375963517106,0.14972673509731874,0.02351902055138608,0.049999999999999996
16,29,1.975807560949668,0.035761983087781224,33.14489388297054,0.7530743220137408,0.04230379315354915,0.017880991543890612,1.9000000000000001,0.09999999999999999,4.208908569217497,0.0956292386505363,0.015021405680645496,0.049999999999999996
17,29,1.9775285846032788,0.02784673983755974,631.989894127571,0.7637300114882773,0.03340673956285931,0.01392336991877987,1.9599999999999997,0.03990488067138409,290.0276246710441,0.35048472005665116,0.021969237428787616,0.019952440335692045
18,29,1.9767878078371228,0.02757766326691496,598.8609715320476,0.7620149603077676,0.03300964389083639,0.01378883163345748,1.959685444965262,0.04142497551936458,290.0719973099263,0.36909936032572055,0.024017368968675016,0.02071248775968229
19,29,1.9765345817278908,0.027296289809756076,705.1243853617884,0.7634472038576627,0.03273425839955562,0.013648144904878038,1.9599999999999997,0.03910118412667881,323.4442619702038,0.35019724538140906,0.021509113550447264,0.019550592063339405
20,29,1.9764353988219772,0.027685857871417575,736.3444151841885,0.7664325045053433,0.033331263508915326,0.013842928935708787,1.9599999999999997,0.03917200996568491,341.3451886185689,0.3552930427921256,0.021861624814498742,0.019586004982842454
21,29,1.9760319467678071,0.027233117119295425,780.8194633659583,0.7703584062147681,0.032954145646873205,0.013616558559647713,1.9599999999999997,0.03934814873396356,350.4129078068653,0.3457182381334426,0.021368127797111534,0.01967407436698178
22,29,1.9755246352188152,0.026373858797754456,721.9419896011581,0.7395002458035839,0.030635986989840484,0.013186929398877228,1.95994684529472,0.039328652016219705,371.32289246645576,0.3803537877096507,0.023497230857678752,0.019664326008109852
23,29,1.9750669288848637,0.026123584035489502,668.2792388702077,0.6969349015941014,0.028598605100419033,0.013061792017744751,1.9599999999999875,0.03940544298822014,405.3340090384694,0.4227146397358506,0.02616515910972877,0.01970272149411007
24,29,1.9741867858585571,0.026743676127481554,717.7483163364259,0.7342583740138366,0.03084536327781394,0.013371838063740777,1.9582566779701938,0.039332075921603406,375.23767340084873,0.3838691051849138,0.023716462234498845,0.019666037960801703
25,29,1.9738341436634883,0.026879081390838003,707.3542127437885,0.7291334245756411,0.030785152322653674,0.013439540695419002,1.9582453519897989,0.03878929604127821,373.21853324553155,0.38470981349619704,0.02344040115215375,0.019394648020639105
26,29,1.9742468279079315,0.025642249389161865,626.6725452523771,0.6735965363929226,0.027131627265717228,0.012821124694580932,1.9595601388072736,0.03849668387385801,421.11021161473,0.4526421049276003,0.027371471603200935,0.019248341936929005
27,29,1.9746398916729637,0.027346278929585157,608.4591758069739,0.7175919775655013,0.03082447518580731,0.013673139464792579,1.95953399104937,0.0390122388612865,337.8271107630872,0.39841953926688545,0.024415261522711323,0.01950611943064325
28,29,1.973834521365357,0.02668151599644837,711.9454312867041,0.7262015694701826,0.030435999058598014,0.013340757998224186,1.9587361059363622,0.038333999866596205,382.6960705453978,0.3903592534583202,0.023505445824192336,0.019166999933298103
29,29,1.9739623934937178,0.02712440989293602,712.6206518396025,0.7431776643299502,0.03166451383624495,0.01356220494646801,1.9582871175377001,0.03897963015248905,349.37688918940637,0.36435809123461804,0.022309303379901606,0.019489815076244525
30,29,1.9747821414425286,0.026751796666961217,653.7798779376479,0.7003453183684234,0.029429647596355978,0.013375898333480608,1.9598836644505109,0.038644007967348244,387.18545635635064,0.4147627219040428,0.025176871070483067,0.019322003983674122
31,29,1.9739888827389398,0.026743715482780952,772.5434594208829,0.7536075069265865,0.03165824504001664,0.013371857741390476,1.958000199107782,0.03892192173901119,364.4530146761687,0.35551984090043787,0.02173591840028939,0.019460960869505595
32,29,1.9741765296505698,0.026481806274896907,764.4874967063711,0.7350868924418699,0.030577794667712193,0.013240903137448454,1.9592314537064606,0.038346194805258825,373.2127374140416,0.3588597492403241,0.021615580365905312,0.019173097402629413
33,29,1.9739817929772725,0.026449938938057378,815.8386616612067,0.7481538445545421,0.031083897113573546,0.013224969469028689,1.9589366379443653,0.03795281145720289,395.0807536000296,0.36230347813317276,0.021599133725833598,0.018976405728601445
34,29,1.9736642924677748,0.026323525490078367,923.9894202481976,0.7608581611790072,0.03146064585088853,0.013161762745039184,1.9580103981286532,0.0383550160602069,440.4531156497712,0.36269067622963747,0.021851358244718316,0.01917750803010345
35,29,1.9736154796102918,0.02585605996086919,1020.0901684367033,0.7369358080263008,0.029930356025193918,0.012928029980434595,1.9584357812099606,0.037708448818384276,565.967170535556,0.40886726197367435,0.024218145415604644,0.018854224409192138
36,29,1.9748795615827917,0.027239121099447008,747.8296048160931,0.7942760918655599,0.03398477959969693,0.013619560549723504,1.9599999999999997,0.03440384443808555,301.5278636288776,0.32025527148074534,0.017307053627198164,0.017201922219042775
37,29,1.9749309681439822,0.026087567221657285,1199.6736791563874,0.7696734271045139,0.031539873783120384,0.013043783610828643,1.9599999999999997,0.03558886145395984,559.2726541362599,0.35881199018852444,0.02005861388713799,0.01779443072697992
38,29,1.974981550952519,0.02572255052607537,1054.5125082443842,0.7594118493479487,0.030683950629284102,0.012861275263037686,1.9599999999999997,0.03603278074531369,536.4431240892645,0.38632188973543075,0.02186588063104414,0.018016390372656847
39,29,1.9750575432003434,0.02630519950024588,1076.036413296349,0.7749601413850563,0.032021438869325874,0.01315259975012294,1.9599999999999997,0.03587130871648948,489.87013264965907,0.35280388522868966,0.019879271164245274,0.01793565435824474
40,29,1.9751793230626766,0.02629693361344809,1018.9574341091541,0.7773657048291882,0.03211074368180499,0.013148466806724044,1.9599999999999997,0.03620172444075288,458.53958039934884,0.34982123116934405,0.01989277173597633,0.01810086222037644
41,29,1.9753028338343386,0.02648719931041769,975.453267879726,0.7682826451775983,0.031965164188780745,0.013243599655208846,1.9599999999999997,0.03727280085021233,428.91794854226305,0.3378226583693501,0.01977883379471879,0.018636400425106166
42,29,1.975558886166768,0.026069590880538417,963.8043408409053,0.7718944410658094,0.03160909094405037,0.013034795440269208,1.9599999999999997,0.03713333663474648,436.7727355431741,0.3498038266571108,0.020403675498600424,0.01856666831737324
43,29,1.9753864110769643,0.026598360837595987,909.6726268003578,0.768622910471725,0.03211353213981837,0.013299180418797994,1.9599999999999995,0.03649723919139203,388.50597937789325,0.3282660023039696,0.018819401037346924,0.018248619595696014
44,29,1.9752953260031727,0.026793004485465472,832.8702365155908,0.7755383376931289,0.03263958026811761,0.013396502242732736,1.9597105311359186,0.038100786356274396,361.5758801112186,0.33668625041103306,0.020150192395530935,0.019050393178137198
45,29,1.975485209149413,0.026828930548896537,802.9924918183049,0.7587432732172846,0.03197555505680295,0.013414465274448268,1.9599999999999997,0.038381882537011136,360.1378302057561,0.3402922927472596,0.02051626320040548,0.019190941268505568
46,29,1.9754900005520857,0.02662914315437672,753.9021941854166,0.7556070602863447,0.03160625769129421,0.01331457157718836,1.9598209624943808,0.03907343823920694,364.1642095144591,0.3649877264384857,0.022401637533224942,0.01953671911960347
47,29,1.9758107069941697,0.027123980217846726,706.4316091362524,0.7659003291249175,0.03263213974452492,0.013561990108923363,1.9599999999999964,0.03845323959547817,329.3273411498023,0.35705072609204064,0.02156665204898661,0.019226619797739083
48,29,1.9756666655957664,0.026641710594177203,711.025189896487,0.7386893869719228,0.03091319139131768,0.013320855297088601,1.9599999999999989,0.03918781824188231,355.9069895246686,0.3697544329607709,0.022760633806752962,0.019593909120941156
49,29,1.9754636131526289,0.026957743348078593,693.8380916236653,0.75034288615648,0.0317733627292739,0.013478871674039297,1.9594901665287148,0.03949591156569824,332.16457131246085,0.3592153935138906,0.022285734799751548,0.01974795578284912
50,29,1.9756898976646697,0.026745152649027805,679.1429184162225,0.7300878937371198,0.030671859424956812,0.013372576324513902,1.9599999999999997,0.039314779231858256,334.9401997348434,0.36006527981262815,0.022236015278390066,0.019657389615929128
51,29,1.975827948191154,0.026933896347194945,707.9733033063262,0.7464306553273292,0.03157973844605467,0.013466948173597473,1.9599999999999997,0.03931607950112071,363.09152044440793,0.38281477604226777,0.023641703921805417,0.019658039750560356
52,29,1.9757909165114016,0.02681299040517134,713.8253708664116,0.7313407222672396,0.03080242339337864,0.01340649520258567,1.9598774902923328,0.0398821540462805,352.87786298573593,0.361536535013975,0.02264908570018534,0.01994107702314025
53,29,1.9758754462507577,0.027103589226786243,764.2695510801914,0.7372075023851522,0.03138603321295413,0.013551794613393122,1.9599999999999997,0.039850913158272994,378.4454579968529,0.36504506883016136,0.022850970026747706,0.019925456579136497
54,29,1.9762530015707547,0.026496665464260126,775.3681146744195,0.7437987080118703,0.030957545452358348,0.013248332732130063,1.9599999999999997,0.03954433976046242,397.6814148656668,0.38148966533350565,0.023696651589927058,0.01977216988023121
55,29,1.976349835921032,0.026719225474197777,804.8407831301538,0.7727823887229741,0.03243403328487283,0.013359612737098889,1.9599999999999995,0.039122442853054044,377.1280866988638,0.36210633183898105,0.022252661461353258,0.019561221426527022
56,29,1.9765035477523951,0.026992244689931437,865.3773631738258,0.7786598279147338,0.03301464628899215,0.013496122344965718,1.9599999999999997,0.03917102011367625,383.9633137897297,0.3454872065806825,0.02125772227849655,0.019585510056838125
57,29,1.9766849848168109,0.027432846487763736,984.9376886413537,0.7921574818668223,0.03413518639763291,0.013716423243881868,1.9599999999999997,0.03847561955557267,414.5416378830358,0.3334040963011091,0.020150064016774206,0.019237809777786333
58,29,1.9771990604995087,0.02768788513578469,1166.8189344811951,0.8266888479867917,0.03595437474548984,0.013843942567892346,1.9599999999999997,0.03716034706043542,446.45653766102294,0.31631355121886817,0.018463644789884194,0.01858017353021771
59,29,1.976978877247287,0.028046753453203965,596.2460511705335,0.8684144099824032,0.03825863711616372,0.014023376726601982,1.9599999999999997,0.03401529368260537,143.05212320655374,0.20835110761281767,0.011132428526668561,0.017007646841302685
60,29,1.9774246231955,0.028422535708758252,619.0278348255983,0.8952714140982746,0.03997030070493376,0.014211267854379126,1.9599999999999997,0.03250300614664907,125.7355905915636,0.18184558699707748,0.009284236036097078,0.016251503073324534
61,29,1.9777423125937434,0.028991348210017216,450.2109836967759,0.8877781725727226,0.040428976999237184,0.014495674105008608,1.9599999999999997,0.03255609301275428,90.40554700917069,0.17827213066906278,0.009116656942745377,0.01627804650637714
62,29,1.978136265061952,0.029286538519808444,300.8863784475578,0.9043702022197185,0.041603911648823114,0.014643269259904222,1.9599999999999997,0.034598841927016996,55.374440201701816,0.16643822143562131,0.009045540154445504,0.017299420963508498
0,30,1.9799096877315014,0.06015331059057015,5.329753428626254,0.35827169644919027,0.03385259077356308,0.030076655295285075,1.9000000000000001,0.09999999999999999,3.179265093459091,0.2137135823915348,0.033570051020680135,0.049999999999999996
1,30,1.9821975457546084,0.0942259672556325,3.215044021761507,0.22478605033458976,0.03327053908423124,0.04711298362781625,1.9000000000000001,0.09999999999999999,2.7968134231478543,0.1955446453164634,0.03071608105875116,0.049999999999999996
2,30,1.9920758150491253,0.09999999999999994,3.0461680850287784,0.23689367020961852,0.03721117070062301,0.04999999999999997,1.900000000000003,0.09999999999999999,2.5561111111693715,0.19878303681419404,0.031224766405687072,0.049999999999999996
3,30,1.9999999999999976,0.09999999999999999,2.4148111744331135,0.1877150883531751,0.029486217126914693,0.049999999999999996,1.9000000000000001,0.09999999999999573,3.4479481297591072,0.26802587906975206,0.04210140663287217,0.049999999999997866
4,30,1.998059887727548,0.09999999991799582,2.2758451030731184,0.1792182362779267,0.028151534700917285,0.04999999995899791,1.9000000000000001,0.09999999999996598,3.12260913815453,0.24589920534122214,0.038625756851164435,0.04999999999998299
5,30,1.9999999999999998,0.09999999999999999,2.107692246356477,0.1701998489905676,0.026734929761542965,0.049999999999999996,1.9000000000000001,0.09999999999999999,3.7631178726626473,0.3038783744486778,0.04773310343763873,0.049999999999999996
6,30,1.996193468610022,0.09999999999999999,2.585291232991307,0.15992066363515708,0.025120279101670695,0.049999999999999996,1.9000000000000001,0.09999999999999999,3.4271750787042237,0.21199782290914304,0.033300540151419686,0.049999999999999996
7,30,1.9856927393145967,0.09999999999999969,2.9260915393433717,0.23598255443698374,0.03706805296972896,0.04999999999999984,1.9000000000000001,0.06590425314357816,3.573376891426866,0.2881846297242739,0.0298334949899587,0.03295212657178908
8,30,1.9883727734828074,0.06894446735629742,2.994910057391301,0.20925818996194379,0.02266218404309774,0.03447223367814871,1.9000000000000004,0.09999999999996545,3.573720200525866,0.24970039375535394,0.03922284613100138,0.049999999999982725
9,30,1.9840218331973998,0.08468389515412973,3.3264548347000416,0.2596783944997684,0.03454271904221326,0.042341947577064866,1.9000000000000001,0.06351952344987981,3.491999822796828,0.2726015991914482,0.02719916098100394,0.031759761724939904
10,30,1.9874284455814224,0.0714319584888932,3.2670808231576296,0.23190501696841062,0.026020915881778135,0.0357159792444466,1.9000000000000001,0.09999999999706437,3.6408017640110373,0.25843260101706467,0.040594498038973914,0.049999999998532184
11,30,1.985094147125233,0.07787429965178752,3.116143273416493,0.23499803688896873,0.02874605586661995,0.03893714982589376,1.9000000000000001,0.09999999999999999,3.6786759673344287,0.2774203734626149,0.04357709036131439,0.049999999999999996
12,30,1.9796160137742524,0.085231174371542,4.068417817876486,0.2845107724997483,0.03809053427813862,0.042615587185771,1.9000000000000001,0.09999999999997149,2.651363419936333,0.1854139590749777,0.02912475658513912,0.04999999999998574
13,30,1.977167450413304,0.05305989611837967,5.444956889145006,0.38478150767117236,0.032070111095320396,0.026529948059189835,1.9000000000000012,0.09999999999999953,3.29586502305956,0.232910551630222,0.03658550389725242,0.04999999999999977
14,30,1.9755618191117053,0.04954185279269058,6.618858111664759,0.39482808689621657,0.030725585048492415,0.02477092639634529,1.9000000000000001,0.09999999999999992,3.3570299370433,0.2002535309467087,0.031455751083879796,0.04999999999999996
15,30,1.9757417719190307,0.053238606945830144,8.33984384860489,0.45218246141408985,0.037814666424031154,0.026619303472915072,1.9000000000000001,0.09999999999999994,3.271212781373417,0.17736363823383872,0.027860215144469253,0.04999999999999997
16,30,1.9758494547357435,0.041268365798180114,14.680629878872846,0.5695151392229807,0.03691836181218221,0.020634182899090057,1.9000000000000001,0.09999999999999999,3.5937094815227764,0.1394130887150688,0.021898956766076113,0.049999999999999996
17,30,1.9797393040012612,0.03364334484563745,140.76415325969003,0.8486999279766277,0.044851111427464306,0.016821672422818724,1.9599999999999997,0.04291072774739626,28.610367752873763,0.17249858354529105,0.011627096858451907,0.02145536387369813
18,30,1.9771983809748725,0.02743637766023595,625.074872640299,0.7551277438555639,0.03254371111518149,0.013718188830117975,1.9599999999999975,0.04023704883573784,305.6141269747725,0.369200101130364,0.02333500017458505,0.02011852441786892
19,30,1.976814484729607,0.027210844341317056,653.5627932901157,0.7416844484324537,0.031701591676323526,0.013605422170658528,1.9599999999999997,0.039493171198549754,305.9242675212608,0.34717287144877057,0.021537121909719383,0.019746585599274877
20,30,1.9767898578504335,0.027238497943073585,728.2731761063144,0.7768230522242924,0.03323725405425538,0.013619248971536792,1.9599999999999997,0.03899035346927955,320.0359733733273,0.3413709715173525,0.020907573753345038,0.019495176734639776
21,30,1.976591499704657,0.02735057946207274,827.3728764086943,0.796602453535219,0.034223785767868185,0.01367528973103637,1.9599999999999997,0.03734886922077422,341.81720957616784,0.32910485172157633,0.01930774789032829,0.01867443461038711
22,30,1.9760215239126522,0.027095306115027046,791.8582055919046,0.7670933206308971,0.03264841785229033,0.013547653057513523,1.9599999999999997,0.038600633589531065,376.93434322006004,0.3651459503212075,0.02214016222372643,0.019300316794765533
23,30,1.975285851291798,0.026798327777964207,759.1081792443555,0.7507733758652808,0.03160359116491535,0.013399163888982104,1.959173404907575,0.03944102404465043,368.4267964940533,0.36438156948646516,0.022574828598388313,0.019720512022325214
24,30,1.9750770407546772,0.026332231090179185,696.7528605821813,0.7115928994408013,0.0294333124472714,0.013166115545089592,1.9599999999999997,0.0380557740437084,409.10963348577684,0.4178232006655253,0.024976581006292305,0.0190278870218542
25,30,1.974382664131832,0.026533322902606744,694.9539048341439,0.7334219865084693,0.030567888772176432,0.013266661451303372,1.9590138483554853,0.03858300162925236,389.3679072413475,0.41092075607481937,0.02490427864369569,0.01929150081462618
26,30,1.9743423759570213,0.026350505473508107,677.4558716048986,0.6936231242166837,0.028709947011621054,0.013175252736754054,1.9592104661234488,0.03869254905479392,411.25320344859347,0.4210676204552808,0.025591695808097316,0.01934627452739696
27,30,1.9752937228963667,0.027546144501630055,638.279782478732,0.7314997967016503,0.031651544575687716,0.013773072250815028,1.9599999999999997,0.03770910041306494,325.8492760973932,0.37343918100455475,0.02212004117041871,0.01885455020653247
28,30,1.9746679778903586,0.02577563979838097,670.5189244911769,0.6819430522717573,0.027610701459985634,0.012887819899190484,1.9599999999999997,0.037922419068303105,439.05321150725246,0.44653368641635255,0.026599295716843933,0.018961209534151553
29,30,1.974249453779073,0.026598188177101783,702.142974736947,0.7409712904298433,0.030958029693905445,0.013299094088550891,1.9590937044182013,0.0386333596488784,367.5229750693013,0.38784689571485015,0.02353654294325192,0.0193166798244392
30,30,1.9742950405116693,0.02657773293696214,736.4950341904195,0.731363038678472,0.030533094267040994,0.01328886646848107,1.9591095414854887,0.03873148377515578,394.98826160090647,0.39223593077489344,0.023863348655261664,0.01936574188757789
31,30,1.974391891687068,0.02653143610846931,746.3443550788915,0.7247467772584965,0.030204171548335674,0.013265718054234654,1.959746318359553,0.038203919493310465,400.11167571174724,0.3885333164808803,0.023316108276219074,0.019101959746655232
32,30,1.974447216778276,0.026083746768062497,763.1599675120142,0.727112766313402,0.029791448666148874,0.013041873384031248,1.959777047158682,0.037949808372336434,400.3679695692405,0.38145693470509184,0.02273918939168384,0.018974904186168217
33,30,1.9745029922638904,0.02564465522196062,830.1339658610482,0.7189837476551295,0.02896248454589762,0.01282232761098031,1.9599999999999997,0.036681856200415495,469.2329739305916,0.4064053465997429,0.023416964301328908,0.018340928100207748
34,30,1.973881179656672,0.025618997628585646,999.2882970613354,0.7380891577641844,0.02970235170692654,0.012809498814292823,1.959093394950795,0.03726188149273475,553.1349685532508,0.40855369193253815,0.023912985290409,0.018630940746367376
35,30,1.9745465238235747,0.02689529211628239,719.8662345905343,0.7980608547819392,0.03371569773289576,0.013447646058141196,1.9599999999999926,0.034721961413129054,264.9035175693069,0.29367834954275185,0.01601754887815062,0.017360980706564527
36,30,1.9748220006604373,0.025985338174116676,1157.8969023790808,0.7441601302788937,0.030374885418774797,0.012992669087058338,1.9599999999999997,0.037723751664506186,604.6861249674786,0.3886212188745622,0.023028267403414744,0.018861875832253093
37,30,1.9747766881086026,0.02618710019897977,1081.3203255370768,0.7454327254280942,0.03066307758520718,0.013093550099489886,1.9599999999999997,0.036475913254489095,520.3780401783966,0.3587344208576165,0.02055413008606099,0.018237956627244548
38,30,1.9749418566386072,0.026304934156384813,1069.4001494954834,0.7825254711634347,0.03233371297610732,0.013152467078192407,1.9599999999999997,0.03662610599648785,465.39348867487763,0.34054816541171745,0.019592469075995354,0.018313052998243925
39,30,1.9752615406949758,0.026434907015141618,1041.896985401635,0.7909829439755894,0.03284466094541059,0.013217453507570809,1.9599999999999997,0.035776924842818816,443.1279766432847,0.3364120219506506,0.01890577099229606,0.017888462421409408
40,30,1.9753410496099801,0.026405340576088884,1027.8920869780097,0.7878888513339531,0.032679590484921486,0.013202670288044442,1.9599999999999969,0.03635088921012089,429.0230213080892,0.328850138780652,0.018777291376124865,0.018175444605060445
41,30,1.9756496656480822,0.026696688450971156,928.3158764689005,0.7898451793054373,0.03312220510839491,0.013348344225485578,1.9599999999999997,0.03665672385720299,384.1870140255927,0.3268803956408804,0.018821853981661207,0.018328361928601496
42,30,1.9755771410784686,0.026549921891232037,905.2979672612004,0.7894433912576786,0.032923357528610794,0.013274960945616018,1.9599999999999997,0.037075693858851524,379.7197703405109,0.33112552338108775,0.019284208669913375,0.018537846929425762
43,30,1.9754463674690217,0.026725733405254675,881.7118816504143,0.780527690476816,0.03276708622090668,0.013362866702627338,1.9599999999999997,0.038174771930318284,386.32974958319573,0.34199501388166054,0.020507659709790155,0.019087385965159142
44,30,1.9755853854671537,0.02650364712896749,830.2763638307754,0.7534444375458632,0.031367271911355146,0.013251823564483746,1.9599999999999997,0.03817057413740821,398.0754265212251,0.3612384127765493,0.021659204150834045,0.019085287068704104
45,30,1.9755475107509715,0.026663090662498314,822.5661290547472,0.7680889163537459,0.032169318803021985,0.013331545331249157,1.9599999999999997,0.037992564835189084,386.32926279126997,0.360743306017331,0.021528648712485127,0.018996282417594542
46,30,1.9754511671445079,0.026640868195273042,790.013909097762,0.7519038042906896,0.0314652026454287,0.013320434097636521,1.9599999999593132,0.03914198411927533,384.20708893460034,0.3656730197767042,0.02248307098555345,0.019570992059637665
47,30,1.9755269123092345,0.026803055711283785,747.3537541159012,0.743821374374935,0.031316472723539136,0.013401527855641892,1.9599999999999997,0.039185036135268816,356.8981374148471,0.3552112525316847,0.02186386029818661,0.019592518067634408
48,30,1.9757142265800853,0.02656680144023539,757.9730270904645,0.7376027828540686,0.030780926896085477,0.013283400720117695,1.9599999999999997,0.039214524242872334,390.1279282650904,0.37964338475474385,0.023385284845527883,0.019607262121436167
49,30,1.9756845483166348,0.026562569413375172,752.8978144711868,0.7447244814688166,0.031073172074576022,0.013281284706687586,1.9599999999999997,0.03916203002766169,389.2967500415679,0.385070609503406,0.023687839157209158,0.019581015013830846
50,30,1.9758574896482262,0.026639508143577233,749.1760053736449,0.7539694452740404,0.03155003355093565,0.013319754071788616,1.9599897499613586,0.0396811803332164,379.9475672414812,0.38237857920103424,0.023834059222518703,0.0198405901666082
51,30,1.9758053437949092,0.026700528921970945,758.4876317731714,0.7482378600088401,0.031381913488769675,0.013350264460985473,1.9599590309590211,0.03914008586025381,373.62223655889403,0.36857331751211264,0.022660294133769344,0.019570042930126905
52,30,1.9758373318244833,0.026819936230259744,746.98698640482,0.7539242955400324,0.03176181828853427,0.013409968115129872,1.9599999999999793,0.03931107370252554,360.461085910905,0.36380870779681446,0.022465074989162302,0.01965553685126277
53,30,1.9762253739987192,0.027166254280891863,731.2675309789936,0.7493691595749292,0.03197756969369842,0.013583127140445931,1.9599999999999997,0.03975075461186419,355.57461403317166,0.3643764264051154,0.022751787709186327,0.019875377305932095
54,30,1.9761800835130723,0.026875279338065765,780.12222680487,0.7623595380586513,0.032183457741452294,0.013437639669032882,1.9599999999999989,0.03904018938521668,367.38617678421406,0.3590211205357737,0.022016678003705468,0.01952009469260834
55,30,1.976244142535167,0.02686229031046528,804.2146464078335,0.7694622304274394,0.03246760266306263,0.01343114515523264,1.9599999999999997,0.03944844726848272,372.6750367315934,0.3565706820548234,0.02209507206509584,0.01972422363424136
56,30,1.9763173110874852,0.027240466030482493,820.2513548533792,0.76606890584766,0.032779493997090216,0.013620233015241246,1.9599999999999997,0.039898248170646404,365.6882775993593,0.3415324059439466,0.021404526347010202,0.019949124085323202
57,30,1.976733154606258,0.027105584098198403,941.4758488216319,0.7899874600346094,0.033635574111773654,0.013552792049099201,1.9599999999999997,0.038916077374705836,408.50168516958024,0.34277162721793186,0.02095336611531568,0.019458038687352918
58,30,1.976959163130175,0.027420894801196787,1089.8305651469295,0.8053279283656875,0.0346876006097887,0.013710447400598394,1.9599999999999997,0.0378340849088229,429.33709861940747,0.31725771625343224,0.0188545123725454,0.01891704245441145
59,30,1.9779327919639302,0.029067324305183585,983.3756506870975,0.8672737217863005,0.0395987175182649,0.014533662152591793,1.9599999999999997,0.03432149862628673,279.10187675350215,0.2461498037300621,0.013270448888452217,0.017160749313143365
60,30,1.9772654298850307,0.028078510106852455,617.353202487678,0.8844375928452286,0.03900866885932369,0.014039255053426227,1.9599999999999997,0.0330523841552399,145.25554860447286,0.20809719174934913,0.010804107289578053,0.01652619207761995
61,30,1.9778028415082929,0.0285670575633475,568.9688791258443,0.874095720806344,0.039223322705303584,0.01428352878167375,1.9599999999999997,0.03082398398286549,114.33758419370025,0.17565458628352032,0.00850487903318507,0.015411991991432745
62,30,1.9780388987250734,0.02854679120818682,407.26302442812215,0.9033335387353655,0.04050655515415184,0.01427339560409341,1.9599999999999997,0.03276579310040716,81.32279450576229,0.1803787806268291,0.009283804968454327,0.01638289655020358
0,31,1.9749732497240078,0.052462090648049076,6.016147227871166,0.43123314201869073,0.035536741347023275,0.026231045324024538,1.9000000000000037,0.09999999999999938,3.4546665872983486,0.2476280367883905,0.038897321059863287,0.04999999999999969
1,31,1.9801302631559194,0.05424609266426781,4.772685773006816,0.365430834820307,0.031138201778309355,0.027123046332133905,1.900000000000027,0.09999999999999667,3.534559484381106,0.27063106278745935,0.04251062793431261,0.04999999999999834
2,31,1.980246029999341,0.0736786091476932,2.840660253950408,0.19831113802336559,0.022951358820852488,0.0368393045738466,1.9000000000000004,0.09999999999995966,2.568827499482405,0.17933404887107837,0.028169726523583273,0.04999999999997983
3,31,1.9975654343015279,0.09999999999999999,2.434192224879927,0.1684534543858893,0.026460606738526654,0.049999999999999996,1.9000000000000001,0.09999999999999999,3.582579497614497,0.24792532233767814,0.03894401856474655,0.049999999999999996
4,31,1.994579899973562,0.09999999999999996,3.0906529087671233,0.24060740627591248,0.03779452299778505,0.04999999999999998,1.9000000000001112,0.09999999999999998,3.1830901965700455,0.24780365144415858,0.03892490654548471,0.04999999999999999
5,31,1.9999999999999998,0.09999999999999999,2.3119689335266744,0.16185977246605476,0.025424873604553658,0.049999999999999996,1.9000000000000001,0.09999999999999999,3.3490908494275367,0.23446815179717592,0.03683017115933922,0.049999999999999996
6,31,1.9973035953442235,0.09999999999999999,3.0185007647580897,0.20982088301978882,0.032958587233234596,0.049999999999999996,1.9000000000000001,0.07199788217401662,3.257365725019814,0.22642477375579745,0.025607285368346232,0.03599894108700831
7,31,1.9874007292491498,0.099999999999974,2.83061829957594,0.19359584748883268,0.030409964611812428,0.049999999999987,1.9000000000000006,0.09999999999999999,3.172543665358912,0.2169813145355908,0.03408334518556341,0.049999999999999996
8,31,1.9844023596676794,0.087919152666802,2.660954828424645,0.17360860513727694,0.02397588344227818,0.043959576333401,1.9000000000000001,0.09999999999999999,3.3525594279231528,0.21873094563809056,0.034358176596468684,0.049999999999999996
9,31,1.9948177181823705,0.09120107252188533,2.7464223450460876,0.19037706680230806,0.027273096799004266,0.04560053626094267,1.9000000000000046,0.09999999999999987,3.2527179561222375,0.22547256970098625,0.0354171484279315,0.04999999999999993
10,31,1.9979546398509955,0.09999999999933172,2.2390904593749346,0.1818206577717424,0.028560322136137625,0.04999999999966586,1.9000000000000006,0.09999999999999999,3.4294444310797125,0.2784808624590455,0.04374367158333435,0.049999999999999996
11,31,1.9823373603970753,0.06815417000835325,3.917530034076529,0.213170147882959,0.02282121154592782,0.034077085004176624,1.9000000000000001,0.06688037895481948,3.428751373723733,0.18657353767113677,0.019600567629216064,0.03344018947740974
12,31,1.9782435506347382,0.07343500533681228,4.041920996019146,0.3161337975286971,0.03646648771578242,0.03671750266840614,1.9000000000000001,0.05696154460961154,3.079608592959652,0.2408677359981063,0.02155163707537234,0.02848077230480577
13,31,1.9824563799564445,0.08024893957842222,4.69310632136113,0.36404857370678956,0.04589004813086235,0.04012446978921111,1.9000000000000021,0.06575348800804592,2.7484500208498583,0.21319979593059685,0.02202041286418928,0.03287674400402296
14,31,1.9767502812162911,0.04397383253675148,5.4589295346214906,0.37280153419642315,0.025750868800744696,0.02198691626837574,1.9000000000000055,0.09999999999999888,3.7308101349463585,0.25478470335301834,0.04002148761504441,0.04999999999999944
15,31,1.9776024513630208,0.03980953905221741,7.716649707226335,0.46704568788062745,0.029205617478242792,0.019904769526108704,1.9000000000000024,0.09999999999999795,3.549497042841822,0.21483122221446302,0.03374560947353298,0.049999999999998976
16,31,1.9755149674091796,0.044150683289693834,9.82400748420851,0.5360396947038165,0.03717528078582428,0.022075341644846917,1.9000000000000004,0.09999999999999991,3.258631862656361,0.1778048349024823,0.0279295181551192,0.049999999999999954
17,31,1.975217063540089,0.03693335184412781,25.467619831135067,0.7687547486529108,0.04459913255325062,0.018466675922063906,1.9000000000000319,0.09999999999999454,3.6534647787914203,0.11028193511426715,0.01732304585893145,0.04999999999999727
18,31,1.9783739100483322,0.02890173949054618,592.0163680069749,0.7936838605462537,0.036032252171574124,0.01445086974527309,1.9599999999999997,0.03942050585196869,239.67393866540695,0.32131769861816567,0.019896501441687753,0.019710252925984346
19,31,1.9772107972622142,0.027487649960105765,633.5610863592459,0.7788718935423252,0.03362974086374203,0.013743824980052883,1.959999999999999,0.0401055620181084,296.15081979980255,0.36407468002350096,0.022935856366199537,0.0200527810090542
20,31,1.9770232436668698,0.027694396600996467,660.7645908886741,0.765326101744571,0.03329341234876174,0.013847198300498234,1.9599999999999997,0.040011611853254754,298.05091579882253,0.34521544988197417,0.02169682310534477,0.020005805926627377
21,31,1.9768166392252147,0.027449762035190433,757.3975947206769,0.783855145872666,0.033798254716852494,0.013724881017595216,1.9599999999999997,0.03905601601146254,326.3582426299983,0.33775864838576364,0.020721171022233996,0.01952800800573127
22,31,1.9763209107396944,0.02753653642068345,802.2122167169533,0.7810580526237244,0.03378411171986482,0.013768268210341725,1.9599999999999997,0.03951393674006307,324.37609917447935,0.31582237101269606,0.01960257241599914,0.019756968370031536
23,31,1.975932197627381,0.02688089765973269,795.5347123392837,0.7576381021002114,0.03199082587386346,0.013440448829866345,1.9599999999999997,0.03834587309901936,370.90975354533873,0.3532408546953495,0.021276953018851567,0.01917293654950968
24,31,1.975152262819108,0.027111118753503076,729.3011184411453,0.745476651367647,0.031746902783161626,0.013555559376751538,1.9593791340088713,0.03928713716983127,354.608330427582,0.3624733652942549,0.02236898921591038,0.019643568584915633
25,31,1.975021282449475,0.026511022409931247,708.8744239781104,0.7372319351720119,0.03070085662274581,0.013255511204965624,1.9596342239916495,0.03884453849623059,378.4402122280036,0.39357917364553313,0.024014964701977684,0.019422269248115295
26,31,1.9753268448027046,0.02643104325145063,680.2513893938653,0.7290099357006139,0.03026687824913271,0.013215521625725314,1.9599999999999997,0.037571206323936145,375.7216856129948,0.40265238137053594,0.023763219984568297,0.018785603161968072
27,31,1.9757125841026972,0.028268067407820157,619.8636197012128,0.7773617982394485,0.034517488564915384,0.014134033703910079,1.9599999999999997,0.037279087640291614,266.2879972717608,0.33394783921749865,0.019555268789683448,0.018639543820145807
28,31,1.9745469622453786,0.026256123343613328,737.6320672315818,0.7239197875209471,0.029856639798265007,0.013128061671806664,1.9596596615796735,0.038276780447582516,411.5057714545458,0.40385604675927483,0.024281855363593424,0.019138390223791258
29,31,1.974652416653799,0.026201062223123014,739.0283295319231,0.7162864956083084,0.029479868291272245,0.013100531111561507,1.9596558674335771,0.03818505386658192,406.9372728700088,0.3944147490273844,0.023657368324226432,0.01909252693329096
30,31,1.9744771238083418,0.026594329585951662,760.0380385347561,0.7318883889011858,0.030574106993539667,0.013297164792975831,1.9595313959853782,0.03828533079296032,411.6504202123709,0.3964040581712948,0.023839128398916724,0.01914266539648016
31,31,1.9746445047137329,0.026023542417257434,745.8366093816477,0.7180614288231189,0.02935268878263085,0.013011771208628717,1.9599999999999997,0.03840597938795699,394.06929587798146,0.3793940362998042,0.022888072552089786,0.019202989693978496
32,31,1.9745375121248203,0.02563978756608412,826.660480710425,0.7222142938630154,0.029087097001356237,0.01281989378304206,1.9599223529330543,0.03732438156767033,452.82817723137555,0.3956146324781121,0.023194490867683666,0.018662190783835166
33,31,1.974440288091846,0.025637965440023704,929.8397202802099,0.7264743473349861,0.029256590854491983,0.012818982720011852,1.9599999999999997,0.03655245413562027,509.0201261949125,0.3976922644758432,0.02283408227061921,0.018276227067810135
34,31,1.9723277834064494,0.02698541441482527,754.4802374916903,0.7833569630408956,0.033205397004527605,0.013492707207412635,1.9533604924276808,0.04214656559444816,354.8436198151085,0.36842478644228643,0.02439107313720799,0.02107328279722408
35,31,1.9749843318351397,0.026827512508278126,902.8150271641784,0.767758508050711,0.032353772019155506,0.013413756254139063,1.9599999999999997,0.03578554789637345,416.898539869423,0.3545326466087515,0.019928920773010516,0.017892773948186724
36,31,1.974682601274254,0.02579609249928343,1039.9554576235307,0.739938362074864,0.02998260384038217,0.012898046249641715,1.959999999999998,0.036767741494936244,542.248995139045,0.3858154023411774,0.022282627077838468,0.018383870747468122
37,31,1.9749053630903175,0.026088922263166222,1018.5811374123489,0.7593320779152364,0.031117719575352407,0.013044461131583111,1.9599999999999997,0.03666867469548045,496.9238212651717,0.37044687350626737,0.021337376698246643,0.018334337347740225
38,31,1.9751767856526024,0.026167610586435432,1075.676249993469,0.777041172436022,0.031939489931821795,0.013083805293217716,1.9599999999999942,0.03550863397831441,465.75440845824687,0.3364491422189896,0.018766067222420316,0.017754316989157207
39,31,1.9753341202133776,0.026521736713561003,1051.9359959362064,0.7934752757940893,0.03305637566842667,0.013260868356780501,1.9599999999999997,0.03591674238752975,423.65707735045885,0.31956451494332105,0.018029154697363034,0.017958371193764876
40,31,1.9756716033561659,0.026598996031979474,970.3451956763096,0.7862322057487858,0.03285004366601947,0.013299498015989737,1.959999999999998,0.03622348009972784,393.3142073830515,0.3186868943145341,0.01813319170297647,0.01811174004986392
41,31,1.9756572915061195,0.026316678262684187,970.6279584682394,0.7867936118505338,0.0325245856961073,0.013158339131342093,1.9599999999999997,0.0366781674959895,410.53889595276695,0.33278392398829443,0.01917298996011652,0.01833908374799475
42,31,1.9756649915748157,0.0265149739618267,909.095975830416,0.7891290885273682,0.032866929591281895,0.01325748698091335,1.9599999999999997,0.036717469212455695,397.69787323956876,0.34521653220622867,0.019910593329159367,0.018358734606227847
43,31,1.9756581470013965,0.026624696373698766,876.5134451789564,0.7780140378137209,0.032538083845918185,0.013312348186849383,1.9599999999999997,0.03808188594316899,384.31567733686177,0.34112767301466773,0.020405877573501444,0.019040942971584495
44,31,1.9757179175780344,0.02668314907492435,851.9767667456049,0.7851021984973768,0.03290661068167468,0.013341574537462176,1.9599999999999904,0.038209420160195635,383.05596484725584,0.35298859298461716,0.021186098903189433,0.019104710080097818
45,31,1.9756890255177166,0.026696137989184496,849.2088175979337,0.7843709634760904,0.03289196532145537,0.013348068994592248,1.9599999999999997,0.03816149792906922,379.8313168340508,0.3508308554617174,0.0210301840207778,0.01908074896453461
46,31,1.9759073980100792,0.02645780118740036,826.7391905285896,0.7544887845481171,0.03135641575419274,0.01322890059370018,1.9599999999999997,0.03881709982028229,388.85419280517095,0.3548714403008176,0.021637845256195585,0.019408549910141144
47,31,1.9759580868151387,0.027483384279533733,776.3580809540128,0.7870533890409417,0.03397772371894221,0.013741692139766866,1.9599999999999997,0.03738101767359016,318.7264536342282,0.3231173110242658,0.018972791041537054,0.01869050883679508
48,31,1.9758397136549122,0.026808909037911458,827.1756105928273,0.7674448495820634,0.03231812780106308,0.013404454518955729,1.9599999999999997,0.03875368759579208,381.0973458207562,0.3535781175050882,0.021523767405999945,0.01937684379789604
49,31,1.9758245747425107,0.0267196222637498,799.2822753481983,0.7734686102394512,0.03246331640251467,0.0133598111318749,1.9599999999999997,0.039622536137426695,364.3738131529446,0.3526059760855835,0.021945820152216022,0.019811268068713347
50,31,1.9759240413824428,0.027048108151514746,786.0401803369265,0.7594906422226662,0.03226853126867815,0.013524054075757373,1.9599999999999858,0.03904137012744597,357.31166223710875,0.3452429921709455,0.021172385820071953,0.019520685063722985
51,31,1.9760047840770791,0.026898168501607842,805.2667168457166,0.7761980432746387,0.032795565995340295,0.013449084250803921,1.9599999999999986,0.03892141278692029,362.4229531830298,0.34934013937692787,0.0213578219808714,0.019460706393460144
52,31,1.9760413114087967,0.02673153713658855,794.4307503839334,0.7761048421632488,0.03258848736824052,0.013365768568294275,1.9599999999999997,0.03920621093763221,357.16225115804525,0.3489232414879737,0.02148842810198037,0.019603105468816107
53,31,1.9762384834517008,0.0270958720095065,760.4738022060808,0.7646131857724654,0.03254353998686258,0.01354793600475325,1.9599999999999997,0.03940787937303222,345.76753351716707,0.3476496028821844,0.021520119558198835,0.01970393968651611
54,31,1.9762100334473964,0.026883342104191223,804.5409791522509,0.7724364025866377,0.032618641402292724,0.013441671052095611,1.9599999999999997,0.03938109324303793,365.54433379626613,0.3509575739461287,0.021710122028604912,0.019690546621518965
55,31,1.9762979484693934,0.02672030748029697,804.9541013167255,0.7600816353755471,0.031902268652182084,0.013360153740148486,1.959999999999998,0.038696099858998925,378.9270094373262,0.35780358227874004,0.021748622569911752,0.019348049929499463
56,31,1.9763831889349628,0.027431084537491476,797.8871579095459,0.7618087439055689,0.03282530791928951,0.013715542268745738,1.959999999999885,0.04030823454286367,355.1060698488016,0.3390490827468953,0.02146724079599226,0.020154117271431835
57,31,1.9767773840476888,0.027014139105562433,912.9765247466938,0.7792613790979465,0.03306695174775306,0.013507069552781217,1.9599999999999997,0.03870432503365228,403.18577467199987,0.3441349194501447,0.02092223703372116,0.01935216251682614
58,31,1.9769668188937075,0.027329632940792985,1031.4244498897808,0.8001687469615998,0.03435067381559132,0.013664816470396492,1.9599999999999997,0.03793389374240954,418.5041521331607,0.32467132522057524,0.019346002255508584,0.01896694687120477
59,31,1.9773811321887484,0.02754745526727768,1224.4833673244866,0.8228535106961616,0.03560605758932788,0.01377372763363884,1.9599999999999997,0.03719449980684675,463.1440863831574,0.3112330862208898,0.01818378798112978,0.018597249903423374
60,31,1.9773669825436355,0.027939869341922417,618.5251944176229,0.8730006845486253,0.03831411797183997,0.013969934670961208,1.9599999999999997,0.0334156722499956,147.10912841189372,0.2076332071288635,0.01089850409739939,0.0167078361249978
61,31,1.977702561013053,0.02833522277550768,616.9701951063035,0.8991688988463579,0.04002098610111737,0.01416761138775384,1.9599999999999997,0.03204157392914855,121.49215166936065,0.17706197981928673,0.008911668727036207,0.016020786964574273
62,31,1.9778314701894901,0.028963334946831076,469.58344926968033,0.9043050130214993,0.04114180885214033,0.014481667473415538,1.9599999999999997,0.031415449858632996,83.93010506959699,0.1616292373078709,0.007975962137416456,0.015707724929316498
0,32,1.973408952321152,0.05200097308244132,8.853793074590246,0.4037801589647685,0.032981949491551844,0.02600048654122066,1.9000000000000057,0.09999999999999871,3.069878899492616,0.14000284167439542,0.021991594944298497,0.04999999999999936
1,32,1.9789576835270057,0.06542527716441958,4.9368169131384985,0.33304425377642627,0.03422688637254392,0.03271263858220979,1.9000000000000055,0.09999999999999837,3.0326086627369047,0.20458382533676994,0.03213595213606417,0.049999999999999184
2,32,1.9828840077237335,0.07623715440802882,3.6491107216760055,0.25327836175933593,0.030330854321172447,0.03811857720401441,1.9000000000000001,0.09999999999999999,3.1633375864282676,0.2195617022040638,0.034488671532697836,0.049999999999999996
3,32,1.992103117888394,0.09999999999999996,2.53769907597553,0.1838208078969717,0.028874504983303333,0.04999999999999998,1.9000000000000008,0.09999999999999999,3.3343339292908203,0.24152586194441,0.03793879367682505,0.049999999999999996
4,32,1.9980976047501402,0.09999999999999999,2.739162238135171,0.20200195790570558,0.031730393348365964,0.049999999999999996,1.9000000000000619,0.09999999999999999,2.76159040587293,0.20365594310314655,0.031990200735637304,0.049999999999999996
5,32,1.9942062679320152,0.09624700710304435,2.836019313399786,0.22843195516440387,0.03453535841261326,0.04812350355152217,1.9000000000000001,0.0856463738167195,3.2280530726919583,0.26000897500430303,0.03497978987693567,0.04282318690835975
6,32,1.9999999999999998,0.09999999999999999,2.232206109050186,0.15753221500703404,0.024745102468491296,0.049999999999999996,1.9000000000000001,0.09999999999999999,3.012438476300336,0.2125951110965879,0.033394361960507324,0.049999999999999996
7,32,1.9863001244949972,0.07392362886319745,2.5784316309392272,0.20875304284085602,0.024240187208826366,0.036961814431598725,1.9000000000000001,0.07957003310405272,2.7435917749035426,0.22212461422358284,0.027762981412381066,0.03978501655202636
8,32,1.9803132780632509,0.06174050529181695,2.518092141812151,0.16626319394981925,0.016124496994048967,0.030870252645908473,1.9000000000000008,0.09999999999999737,3.3169313066969917,0.2190085040997399,0.034401775377670744,0.049999999999998684
9,32,1.9869060440108406,0.09999999560124617,1.9820203337615354,0.13894440131896202,0.02182533456201137,0.049999997800623086,1.9000000000000001,0.09999999999999999,2.5875990401061166,0.18139692785024772,0.0284937627959048,0.049999999999999996
10,32,1.9870929009048977,0.07536015067448844,3.164480055961267,0.24578274686950422,0.02909464273846154,0.03768007533724422,1.9000000000000001,0.0999999999999997,3.124308001212276,0.2426626140865533,0.03811735428576043,0.04999999999999985
11,32,1.9805810682449267,0.08078220582934374,3.664866545307063,0.2836284825543538,0.035990296643725474,0.04039110291467187,1.9000000000000001,0.053945172331206354,2.9888682528675696,0.2313121519257624,0.019600669723988086,0.026972586165603177
12,32,1.98318430296177,0.06680906456642725,3.9520034040176433,0.2717311724659186,0.02851640215080288,0.03340453228321363,1.9000000000000001,0.09999999999999919,3.61346299499068,0.2484538690662129,0.03902704249071842,0.04999999999999959
13,32,1.9807065909528823,0.06179409286475404,3.7432097669762654,0.25919440192123533,0.025158946733274318,0.03089704643237702,1.9000000000000001,0.09999999999999995,3.3769860484740595,0.23383564737747695,0.03673081759742473,0.049999999999999975
14,32,1.9744056138081891,0.06528899411069025,4.90684740195894,0.3782319027827509,0.03878984213986958,0.032644497055345126,1.9000000000000001,0.09999999999999999,2.582969026529534,0.1991016246690588,0.031274810068905375,0.049999999999999996
15,32,1.9761470169816204,0.03754724534129947,6.623827164684183,0.40414694794060035,0.023836213179224595,0.018773622670649734,1.9000000000000017,0.09999999999999999,3.448151668816774,0.21038592015482194,0.03304734305885587,0.049999999999999996
16,32,1.9751898953322111,0.03990194630875112,8.817213846056267,0.5352405793590335,0.03354771841349201,0.01995097315437556,1.9000000000000008,0.09999999999998324,3.049132989514638,0.18509471771295655,0.029074610269260174,0.04999999999999162
17,32,1.976113374955923,0.04037048750914818,13.945880069115946,0.5849719624877691,0.037095302926247846,0.02018524375457409,1.9000000000000001,0.09999999999999938,3.0265259052007503,0.1269502383149051,0.019941296803078844,0.04999999999999969
18,32,1.9788983961577922,0.03410995243949073,86.05878461491322,0.8025051063799173,0.04299805346803169,0.017054976219745364,1.9599999999999997,0.05246135178194464,16.437931189029403,0.1532850339049737,0.012631621629799125,0.02623067589097232
19,32,1.9775515389340257,0.027651400869237494,655.2758000210611,0.7755886594512039,0.03368747541780225,0.013825700434618747,1.9599999999999997,0.04008121645662301,292.17679544980155,0.3458223378589242,0.02177277643719757,0.020040608228311507
20,32,1.9770497891468473,0.027446282021164253,705.3927757430253,0.7705115347683393,0.03321869316933715,0.013723141010582127,1.9599999999999997,0.0401569145152347,316.391646707838,0.34559953216978906,0.02179984265684118,0.02007845725761735
21,32,1.9772230097674481,0.02818430248979201,731.7847835652824,0.8054584192548536,0.03565909309854248,0.014092151244896005,1.9599999999999997,0.03819316210388486,275.7440524927978,0.3035050381311499,0.018208383754056104,0.01909658105194243
22,32,1.9767269472550835,0.02743959577071275,840.447230927708,0.7953103584863063,0.034279479991589694,0.013719797885356376,1.9599999999999997,0.03767070169493334,351.552337723203,0.33267194590279886,0.019685197005067927,0.01883535084746667
23,32,1.976436778616277,0.027109680463265094,843.0110608114232,0.784965399213253,0.03342679896392464,0.013554840231632547,1.9599999999999997,0.03763803133784401,365.8032072438904,0.34061576882669276,0.02013777695528536,0.018819015668922006
24,32,1.9761050616191675,0.027531089120271444,775.7512181762864,0.7846468840341709,0.03393263016627616,0.013765544560135722,1.9599999999999997,0.03771857685586276,333.2494931107684,0.3370709194502487,0.019970845916201956,0.01885928842793138
25,32,1.9755157714954215,0.026638409291735256,766.6155759148078,0.7482970949557483,0.03131138106677941,0.013319204645867628,1.9599999999999997,0.03837248717815199,393.3812525106276,0.3839813039442711,0.02314461206169402,0.019186243589075995
26,32,1.9752795381917796,0.02658202820584942,707.8030028487416,0.7069447363844213,0.02951844372137572,0.01329101410292471,1.9599999999999997,0.03820287259599193,392.1088991846122,0.3916334364962975,0.023501504238796773,0.019101436297995964
27,32,1.9751771278380663,0.026907054309583397,643.2493489151701,0.7233725251820493,0.030573702963620115,0.013453527154791698,1.9599999999999815,0.03866577359719475,347.12145501283544,0.3903589236133312,0.023708861108641108,0.019332886798597376
28,32,1.975187716752625,0.02724088733827447,693.1818073677846,0.7494073962965425,0.032067056882418774,0.013620443669137235,1.9599999999999997,0.03807406217532329,342.69346548698275,0.3704901296726881,0.02215775388194625,0.019037031087661645
29,32,1.974811916040864,0.0263681000469585,747.8006488372746,0.7058467938640419,0.029235408145139356,0.01318405002347925,1.9599999999980653,0.03801567551745082,422.5166607834688,0.39881221129168787,0.023815024721079322,0.01900783775872541
30,32,1.974910057611136,0.02616301984170756,734.2354453874278,0.7131450003093106,0.029307959951853296,0.01308150992085378,1.959987689707833,0.03799913080396581,403.7291354916688,0.39213227346053947,0.023405942131310278,0.018999565401982905
31,32,1.9749343809415516,0.02693070418685383,792.7308727563985,0.7667341667954091,0.032434888032347425,0.013465352093426915,1.9599999999999997,0.03652541215463964,351.19216997765733,0.33967522281125556,0.0194885205430543,0.01826270607731982
32,32,1.9746135623374907,0.025967308527035313,899.2699856713713,0.7505101212459439,0.030612822153760252,0.012983654263517656,1.9599999999999993,0.036440802418890486,461.3150969508249,0.3850030078415972,0.022037987427342164,0.018220401209445243
33,32,1.974124975831593,0.025831958109769522,1065.4990618867737,0.7507217584681155,0.03046184529380854,0.012915979054884761,1.9594817980006298,0.03645917697438364,521.4196425536599,0.3673781469732506,0.021039724900792204,0.01822958848719182
34,32,1.9727826610661339,0.027060903137284098,743.6265841706991,0.818176363477148,0.03477835952051859,0.013530451568642049,1.9539289374400024,0.042504421845248753,290.20307868867934,0.31929641119026037,0.021318077043747087,0.021252210922624377
35,32,1.9746106905613794,0.025176211688458246,1107.23268096765,0.7287172595619099,0.02881836346290973,0.012588105844229123,1.9597601151225355,0.03704690476382351,632.9501015250548,0.4165715764636527,0.024241608869876575,0.018523452381911755
36,32,1.974712601158881,0.025886185496109694,1044.5124668846747,0.7587243052064592,0.030851190863800292,0.012943092748054847,1.9599999999999997,0.03620657457180238,514.0873404144727,0.37342834340192993,0.02123804781042819,0.01810328728590119
37,32,1.9751368311451007,0.026209465426022437,1037.3722056663512,0.7805086411733345,0.03213333159519376,0.013104732713011219,1.9599999999999997,0.035570344044581384,452.8454251140539,0.3407164424559596,0.019037110699110696,0.017785172022290692
38,32,1.9753658014140583,0.026729220732427686,1023.1100532598289,0.7965475146971769,0.03344397278932478,0.013364610366213843,1.9599999999999975,0.03505473753361278,400.38357227077506,0.3117206584000493,0.017164540497038368,0.01752736876680639
39,32,1.9756090166537827,0.02674039326399493,1037.2505223121134,0.8105969486724067,0.03404808038789444,0.013370196631997466,1.9599999999999997,0.03612057675971745,395.0052334916921,0.3086911311109955,0.0175145387879984,0.018060288379858725
40,32,1.975907582096392,0.02652119727542746,1012.7845362131754,0.7997107300002779,0.033315468595542345,0.01326059863771373,1.9599999999999997,0.035963887738243,397.74901018368,0.314068925736369,0.017742363774293193,0.0179819438691215
41,32,1.975952097653343,0.026933025038742717,955.0822075260942,0.7904894986337506,0.03344268334674512,0.013466512519371358,1.9599999999999997,0.03677363967459526,371.85849234828663,0.3077747976695172,0.017778272057634624,0.01838681983729763
42,32,1.9759297187586577,0.026835944928557426,966.5395677738672,0.7849805283119329,0.03308991511436391,0.013417972464278713,1.959999999999999,0.0370461934139645,398.1181248912056,0.32333386694911903,0.018815452318948583,0.01852309670698225
43,32,1.976072623918884,0.026770227386724858,924.5046148933721,0.7954925598676408,0.03345091942857321,0.013385113693362429,1.9599999999999997,0.037342861640093414,387.48154559199435,0.3334095705298305,0.019557148555840932,0.018671430820046707
44,32,1.9760134053845078,0.026784223746234914,909.382972492102,0.7949503881351898,0.0334455981217549,0.013392111873117457,1.9599999999999997,0.03729783754125505,389.94607201539674,0.34087704595010393,0.019971067870083237,0.018648918770627524
45,32,1.9757729375166921,0.026828122774843473,894.2512697667239,0.7770643337603861,0.03274666960554049,0.013414061387421737,1.9599999999999997,0.03824158880403863,392.3422788628429,0.3409278821713241,0.02047945170370807,0.019120794402019314
46,32,1.9758663167122208,0.026654181192822306,873.8159972693403,0.7704724321334039,0.03225836315731121,0.013327090596411153,1.9599999999999997,0.03803285010636781,401.3501561133257,0.353883691628548,0.021141670402007828,0.019016425053183905
47,32,1.976161243073485,0.027488054625522156,846.580345272453,0.7737310023705471,0.03340826185703412,0.013744027312761078,1.9599999999999997,0.03708141009121448,348.93089403384437,0.3189049354931232,0.018575365086689208,0.01854070504560724
48,32,1.9760257285320937,0.026564009639240903,863.2206633599853,0.7669068271042724,0.0320004518110298,0.013282004819620451,1.9599999999999997,0.038416962676591185,392.8031503349908,0.3489761430494673,0.02105904347377263,0.019208481338295592
49,32,1.9761337017722764,0.02691795651530812,849.8704846064252,0.7595236118974931,0.03211465374594386,0.01345897825765406,1.9599999999999997,0.0383686097387833,390.73125283135437,0.34919392755372225,0.021045663535762357,0.01918430486939165
50,32,1.9758623466508303,0.02711897383374282,846.6116602643071,0.7896861076704659,0.03363935243660698,0.01355948691687141,1.9599999999999977,0.03925733329907027,352.47641026215354,0.3287761526680136,0.020274071849942243,0.019628666649535133
51,32,1.976323198858719,0.027002743775577175,831.0272991092402,0.7742979689934961,0.03284247610614408,0.013501371887788587,1.9599999999999997,0.038615942045766447,372.24575321699444,0.34683473213373306,0.021038224850801375,0.019307971022883223
52,32,1.976245286004694,0.026990107071414273,834.9051276284952,0.7531216507694117,0.031929316170108,0.013495053535707137,1.9599999999999604,0.039117327315116635,377.2107383821218,0.34026090459549896,0.0209074517558569,0.019558663657558317
53,32,1.9762647016648873,0.026980020501116895,832.5808853600352,0.7827641396574877,0.03317363590036933,0.013490010250558447,1.9599999999999995,0.03909082706250937,366.89177106437074,0.3449391243235471,0.021180548015149653,0.019545413531254684
54,32,1.9763897725946313,0.02702812154661692,819.3490836265983,0.7731265536800145,0.03282360895903047,0.01351406077330846,1.9599999999999997,0.039703577780614646,370.76940923633566,0.34985292752643,0.021819009592119756,0.019851788890307323
55,32,1.9762977134684565,0.02749336582724541,823.7128077690184,0.7997142537952338,0.034536842069931566,0.013746682913622705,1.9599999999999997,0.03851269668967177,332.7285025740804,0.32303458637861954,0.019542171929730786,0.019256348344835885
56,32,1.9765341385490742,0.027124023592151294,801.2547931702981,0.7790620800285094,0.03319296565335491,0.013562011796075647,1.9599999999999997,0.03989238649172649,346.3557905104664,0.33676261893843373,0.02110249340936449,0.019946193245863244
57,32,1.976669748863539,0.027175279181250993,895.5578019488391,0.7891988114448191,0.0336883944882271,0.013587639590625497,1.959999999999996,0.03832859151657982,380.00792587275174,0.33487710428714373,0.02016174849666144,0.01916429575828991
58,32,1.9769777009710476,0.027210210654268617,967.0849203757084,0.7865974787247854,0.03362051262815587,0.013605105327134309,1.9599999999999997,0.03837586715832986,402.46399283149316,0.32735197847545144,0.01973299697128618,0.01918793357916493
59,32,1.9772165289226622,0.027650534394242594,1144.62444031658,0.8195937777717642,0.035597709850111806,0.013825267197121297,1.9599999999999997,0.03730937868094869,438.1398930016478,0.31372449988785683,0.018385960782017558,0.018654689340474345
60,32,1.9782312243061537,0.029312814207455393,903.5696817336529,0.8790605048027499,0.04047586702901961,0.014656407103727696,1.9599999999999997,0.03325321275203541,203.93017320533974,0.19839860126608483,0.010363157388391728,0.016626606376017705
61,32,1.977416512986358,0.028255271807023658,666.1639537984868,0.8924116616807624,0.03960815412749757,0.014127635903511829,1.9599999999999997,0.03233197640401447,130.49153031192043,0.17481006400438326,0.008878069940483353,0.016165988202007237
62,32,1.9780500425958578,0.028689595928065543,593.3143254953064,0.9164525709886177,0.04130040424462183,0.014344797964032771,1.9599999999999997,0.03082651720608348,104.30992905084868,0.16112050316413065,0.007801806005130018,0.01541325860304174
0,33,1.9751554154928626,0.04896912920864068,11.22922636859267,0.4718181396909885,0.03629250056055131,0.02448456460432034,1.9000000000000044,0.09999999999999994,3.985580092827878,0.16746202483254072,0.026304873348459053,0.04999999999999997
1,33,1.9759863013123389,0.054101043445825676,6.645445040061847,0.45067618223985983,0.03829923727420678,0.027050521722912838,1.9000000000001473,0.09999999999999887,3.3122101814689477,0.22462517263501833,0.03528403960807523,0.049999999999999434
2,33,1.9835322559818602,0.06516251354166028,4.464604194894752,0.2702747046255486,0.027664517918808182,0.03258125677083014,1.9000000000000037,0.09999999999819631,3.2733502213132444,0.19815950655000159,0.03112682250026174,0.049999999999098155
3,33,1.9877629603174276,0.09999999999997723,3.4634402917159495,0.24007946373257022,0.0377115939769924,0.049999999999988616,1.9000000000000001,0.09999999999999999,2.8931444245744857,0.20054757797155165,0.031501939882532644,0.049999999999999996
4,33,1.9999999999992408,0.09999999999999999,3.0656654950334685,0.2377563293444666,0.03734667688065258,0.049999999999999996,1.9000000000000001,0.08879632284867087,3.288447720631495,0.25503410615579464,0.03557239628830816,0.04439816142433543
5,33,1.996900183043389,0.09999999999999984,2.6824141646517075,0.18775892830486038,0.029493103490422057,0.04999999999999992,1.9000000000000001,0.09999999999999999,3.685556357049517,0.257975118430913,0.040522636843575655,0.049999999999999996
6,33,1.9919575003230354,0.09999999999999806,2.9617739156691623,0.22165799325748,0.03481795616135708,0.04999999999999903,1.9000000000000117,0.07779284073960405,3.347603694307933,0.2505333419191706,0.03061434974819717,0.03889642036980202
7,33,1.9950936687126783,0.09999999999999999,2.722078930895302,0.1856602695584975,0.02916344694542382,0.049999999999999996,1.9000000000000001,0.09999999999999999,3.3303993840955526,0.2271509618515234,0.03568078965043006,0.049999999999999996
8,33,1.9940424839817639,0.09999999999999996,3.087894658563046,0.2144847491165229,0.0336911856065759,0.04999999999999998,1.9000000000000001,0.09999999999999999,3.344098525118172,0.23228063534870777,0.0364865568791335,0.049999999999999996
9,33,1.9861986578039244,0.09553769090843864,2.7469243193752124,0.19300589017518616,0.028964442952328223,0.04776884545421932,1.9000000000000001,0.09999999999999937,3.2006761469209297,0.22488764781094003,0.03532526911229667,0.049999999999999684
10,33,1.9818031014627453,0.08872170139775687,3.360520822787297,0.2853595216418234,0.039768765233220454,0.044360850698878435,1.9000000000000001,0.05584626246800104,2.5400101707080687,0.2156856408577289,0.018920613893476233,0.02792313123400052
11,33,1.9874731351539143,0.09999999961424846,3.267405540276148,0.22566810984126617,0.035447863664600135,0.04999999980712423,1.9000000000000001,0.09999999999999999,3.023128236775334,0.20879674304010348,0.032797715701413245,0.049999999999999996
12,33,1.9823916077980488,0.09854256188337464,3.0701803891723665,0.2370554266022272,0.036693879234796625,0.04927128094168732,1.9000000000000001,0.09999999999999999,2.7375252879681558,0.21137038959089086,0.03320198315625776,0.049999999999999996
13,33,1.9795816168769318,0.047014917613962724,3.605003332054284,0.24771394311398084,0.01829388770634847,0.023507458806981362,1.9000000000002615,0.09999999999999447,3.088568194233586,0.21222765570484317,0.03333664220254412,0.049999999999997234
14,33,1.980820980160951,0.0673802190359704,4.629814933551048,0.35605435461996104,0.03768500672510019,0.0336901095179852,1.9000000000000001,0.09999999999999999,3.0242723747670213,0.232580646105166,0.03653368245855785,0.049999999999999996
15,33,1.9810903184362263,0.051868417972377484,5.51831518853898,0.4278802014957723,0.03486141979340442,0.025934208986188742,1.9000000000000223,0.0999999999999648,3.3502188360858725,0.25976992282292666,0.040804564058190336,0.0499999999999824
16,33,1.9785991572363322,0.046300010427396544,7.267098496053656,0.4395579810859977,0.03196812287504036,0.023150005213698272,1.900000000000004,0.09999999999999999,3.625973040888752,0.21932073580547048,0.0344508206193187,0.049999999999999996
17,33,1.9755945665167338,0.0440575233893087,9.639578234678314,0.4771498319517902,0.03302134302747148,0.02202876169465435,1.9000000000000001,0.09999999999999999,3.3358858602120938,0.165123134940112,0.025937481383278595,0.049999999999999996
18,33,1.9755121594332197,0.037827655763952694,21.517358612197548,0.6944540540524862,0.041264142335514696,0.018913827881976347,1.900000000000001,0.099999999999998,3.6404579501378604,0.11749261736278908,0.018455697177898366,0.049999999999999
19,33,1.9789966182548262,0.02987463295120125,481.46735205411176,0.8179440387284753,0.038383630217390156,0.014937316475600626,1.9599999999999997,0.03993408532404586,176.28381778894033,0.2994809456333709,0.018785934956703818,0.01996704266202293
20,33,1.9772894806749084,0.027538986447172755,656.2903865929688,0.7854170996181846,0.03397568187573365,0.013769493223586378,1.9599999999999997,0.03969988771427488,294.7241123135478,0.3527117907098272,0.02199526168438877,0.01984994385713744
21,33,1.977022153771722,0.027816977942591574,728.5801118520122,0.7991276082708927,0.03491772643177076,0.013908488971295787,1.9599999999999997,0.039085078138580566,301.71997410464274,0.33093513994075807,0.020317662700426196,0.019542539069290283
22,33,1.9768055881739564,0.027483183127775954,819.9555789386111,0.7884601013031338,0.03403820348285852,0.013741591563887977,1.9599999999999997,0.03874557711250769,334.46854738847094,0.32162120916109993,0.019574320342306627,0.019372788556253843
23,33,1.9766610227058685,0.02756989503411207,865.7040717674064,0.8050607481911392,0.0348645161320844,0.013784947517056036,1.9599999999999997,0.03822465425088241,352.16880732312586,0.3274990759074436,0.019664074990145573,0.019112327125441204
24,33,1.9768444548423258,0.027859947604329516,764.2646591718282,0.8040273550154675,0.03518608902119493,0.013929973802164758,1.9599999999999997,0.038016152398195564,297.80757608445765,0.3133017271297377,0.01870901081329423,0.019008076199097782
25,33,1.9757368661269388,0.02682413172967089,805.764028162334,0.754704043363326,0.03179964172461196,0.013412065864835445,1.9599999999999997,0.0385359034738281,390.02862266226634,0.3653131292320965,0.022113154659735856,0.01926795173691405
26,33,1.9757924211842426,0.02686451322491274,717.6813230553375,0.73145012157183,0.030866228661500964,0.01343225661245637,1.9599999999999997,0.03778214492583027,386.31434683533223,0.3937258318980359,0.023366862116914355,0.018891072462915135
27,33,1.9757285411942869,0.02749455200142352,621.8828781868056,0.7586361695294943,0.03276423780511471,0.01374727600071176,1.9599999999999997,0.038093700998652544,287.8319026086777,0.35112671488897507,0.02101052570182608,0.019046850499326272
28,33,1.9750343009142213,0.02658327161978547,771.15224716832,0.7311964492071119,0.030532500968996214,0.013291635809892736,1.9599999999999997,0.03793743845734727,400.6573309283847,0.3798980276584596,0.022638879076534228,0.018968719228673634
29,33,1.975024018148238,0.02638048543888367,742.4831561120512,0.7221407714533082,0.029924336209822572,0.013190242719441836,1.9599447536745116,0.03806573493271739,410.8974197488788,0.3996397456871722,0.02389586577138671,0.019032867466358697
30,33,1.9749284189713292,0.026623790807113905,776.8645570297448,0.7206286892227378,0.030137090150560132,0.013311895403556952,1.9599999999999997,0.03749192898269731,388.055569782994,0.35996490516633844,0.021199119547558338,0.018745964491348657
31,33,1.9749372798764377,0.026290958100626958,860.098599049131,0.744150157588084,0.030731720035906858,0.013145479050313479,1.9599999999999675,0.03695189363224008,440.40587907503715,0.3810355053231367,0.022116786304710746,0.01847594681612004
32,33,1.9745179740628755,0.02579694757127274,966.0038596738905,0.7466554895734362,0.03025578744859883,0.01289847378563637,1.9599999999999997,0.03647620485295094,506.50312745087246,0.391492577188022,0.02243122828374029,0.01823810242647547
33,33,1.9746056875225773,0.025272221017642787,611.7902458694439,0.7248174908546067,0.02877345100075578,0.012636110508821394,1.959722459600994,0.03786010410012256,334.13324157312337,0.39586381019194916,0.02354222365353219,0.01893005205006128
34,33,1.9743218195067123,0.026324979479224367,1191.152168959811,0.7592357322222762,0.031395294237114874,0.013162489739612183,1.9587017762528052,0.03709167116445027,594.2300192220063,0.378759889382109,0.022067861975127303,0.018545835582225136
35,33,1.9750303458134844,0.025850580500621712,1037.0949298013509,0.7649030015417716,0.03105964890626393,0.012925290250310856,1.9599999999999997,0.03663814480533707,500.65365168706774,0.36925402863712653,0.02125096196878671,0.018319072402668536
36,33,1.9752058007361977,0.02618801669902594,987.1609971977172,0.7866241673165625,0.03235860355535595,0.01309400834951297,1.9599999999999997,0.03551012632694899,440.62269012401396,0.3511123896745338,0.019584759778872595,0.017755063163474496
37,33,1.9753119918585125,0.02652711859698694,1079.2882017599766,0.7925620470397216,0.03302503052819737,0.01326355929849347,1.9599999999999997,0.035229281578552464,432.3735917894776,0.3175082414833945,0.017570279353923413,0.017614640789276232
38,33,1.9757102749507043,0.02656267357211345,1115.2033816550877,0.8121351892879163,0.0338859753746788,0.013281336786056724,1.9599999999999997,0.03532768840489875,433.31092674731894,0.3155541467173338,0.01751092104576825,0.017663844202449375
39,33,1.9758134454157663,0.02683087343912174,1053.0180638049756,0.8013898639128689,0.033775246932836435,0.01341543671956087,1.9599999999999997,0.036082955091056204,413.5812553436379,0.31475227000297296,0.017839835512943634,0.018041477545528102
40,33,1.9760330824066485,0.026819399704826302,1038.5967392184452,0.8172036745396056,0.034427004845014056,0.013409699852413151,1.9599999999999997,0.03632201455164712,388.8089123590371,0.3059282393979518,0.01745457876975302,0.01816100727582356
41,33,1.9761857052332867,0.026722587798280118,996.7458753423005,0.7966154880930366,0.03343852680363273,0.013361293899140059,1.9599999999999997,0.036442854030250396,374.988688336229,0.29969704854383894,0.017155948130171777,0.018221427015125198
42,33,1.9762264865565797,0.02700852436676188,976.7578602533861,0.8214794011294457,0.03485117394278315,0.01350426218338094,1.9599999999999997,0.036525395354731253,365.68804933087887,0.30755339883990884,0.017645555436554737,0.018262697677365627
43,33,1.976187129192091,0.027060134956149146,939.0967995554544,0.7982101709932545,0.033928690072128016,0.013530067478074573,1.9599999999999997,0.03733883550160006,349.67997634927116,0.297219747577456,0.017432445149086387,0.01866941775080003
44,33,1.9762156071476238,0.026866581019490847,916.7270868882308,0.8023193966365048,0.03385942443018809,0.013433290509745423,1.9599999999999997,0.03773255944810129,360.7801446898934,0.3157547236752674,0.018714834818571422,0.018866279724050646
45,33,1.97621921937587,0.02673770809568279,889.7970644542468,0.7962152397546945,0.03344063691694916,0.013368854047841395,1.9599999999999997,0.038401740947714175,359.4293286158137,0.3216273917853822,0.01940098676969741,0.019200870473857087
46,33,1.9760773651906618,0.02688268772306861,886.0507399439813,0.7939990008045623,0.03352837614778503,0.013441343861534305,1.9599999999999997,0.038040297469570765,358.7842021555546,0.32151014064271655,0.019211375330125197,0.019020148734785382
47,33,1.9762506033466496,0.026821414032934247,879.4024688632936,0.7911123247388059,0.0333303364572928,0.013410707016467124,1.9599999999999997,0.03779732995031858,374.820000642149,0.3371888669472306,0.02001954606621884,0.01889866497515929
48,33,1.9761566142616143,0.02691707948676154,886.4653885965494,0.789178605993422,0.033367457607822074,0.01345853974338077,1.9599999999999997,0.03802694823384184,378.2438785856681,0.3367328049890031,0.020113922783660695,0.01901347411692092
49,33,1.976225783445266,0.026912219373730787,862.6651375571583,0.7834977233699343,0.033121281376060595,0.013456109686865394,1.9599999999999997,0.03819791530102638,373.9052646204233,0.3395917034687448,0.020375891056271786,0.01909895765051319
50,33,1.976176285812269,0.027227480189081815,862.983123103284,0.78641227561371,0.03363392967688071,0.013613740094540907,1.9599999999999997,0.03841525910672796,363.3308354651314,0.33109318301763335,0.019979006254850936,0.01920762955336398
51,33,1.9763307016181413,0.026954439180897998,878.4962874117003,0.7868615013759718,0.033315664079598364,0.013477219590448999,1.9599999999999997,0.03836310506384052,359.5784129301451,0.32207126417599335,0.01940821551878139,0.01918155253192026
52,33,1.976363578694635,0.02701608266776817,876.9506519018071,0.7955267595049165,0.03375958088652823,0.013508041333884085,1.9599999999999724,0.0383235616938921,353.3180963232177,0.320512904155897,0.019294399246234505,0.01916178084694605
53,33,1.9765192555327926,0.026943965372383492,883.9212919818661,0.7930602303665578,0.0335650702549545,0.013471982686191746,1.9599999999999997,0.038170192554840485,365.61088742877723,0.3280285894671447,0.019667806384474205,0.019085096277420242
54,33,1.9764283940029732,0.02690085837537862,873.1741032880815,0.7978896322184394,0.03371544040435176,0.01345042918768931,1.9599999999999997,0.03851187899399641,368.6913012319932,0.3369029906342486,0.020380716671379345,0.019255939496998206
55,33,1.9765656886565792,0.027013401445469126,854.9583876128977,0.7875093464419836,0.03341603110814663,0.013506700722734563,1.9599999999999997,0.03897292688820283,366.0429134917294,0.33716519979228365,0.020640758033452677,0.019486463444101414
56,33,1.9766968188416496,0.02702078194754666,819.9703019645029,0.7823966393330742,0.03320815643109747,0.01351039097377333,1.9599999999999997,0.03892196687634622,358.73181075446763,0.34229357146682887,0.020927309563557935,0.01946098343817311
57,33,1.976832515017216,0.027204800606641266,889.3692304380627,0.78963698089142,0.033743715714154285,0.013602400303320633,1.9599999999999997,0.03840163448440093,371.9108206530269,0.3302054169747427,0.019918369296440336,0.019200817242200467
58,33,1.9770985864042518,0.02711860729706144,962.5088576900122,0.7921354359700179,0.03374323378971976,0.01355930364853072,1.9599999999999997,0.037482837935531296,394.60513742374434,0.3247561932254311,0.019120964015865362,0.018741418967765648
59,33,1.9772756845186692,0.027301742661341742,1102.215140906439,0.8338680234277124,0.03576082801273737,0.013650871330670871,1.9599999999999997,0.03719576223575954,419.94087415913395,0.3177013757982002,0.01856232770184897,0.01859788111787977
60,33,1.9775645352853526,0.02777696675389191,1231.6291144500537,0.8375870455027001,0.03654556224336932,0.013888483376945955,1.9599999999999995,0.037387488444154425,422.33095242348395,0.2872122220191901,0.016867436573368366,0.018693744222077213
61,33,1.9775302757153816,0.028042318316803604,646.1356714905769,0.8860145350404911,0.03902785100833199,0.014021159158401802,1.9599999999999997,0.031440490709368385,135.28566259339215,0.18551067326744425,0.009161742774124943,0.015720245354684192
62,33,1.9781212341580552,0.028375039513241607,633.274179484173,0.9302529475014129,0.04146268351750337,0.014187519756620803,1.9599999999999997,0.030887150710281697,115.89806009115645,0.17024934144214338,0.008260059293938244,0.015443575355140848
0,34,1.9731113468706845,0.0422017252347344,21.080530763458867,0.6756123405492451,0.044786554861498,0.0211008626173672,1.9000000000000041,0.09999999999999999,3.3522121497263573,0.1074354304408717,0.016875917950414987,0.049999999999999996
1,34,1.9747749351657287,0.042488276817947805,8.598605254549431,0.5196561010932728,0.034682071201266367,0.021244138408973903,1.9000000000000004,0.09999999999999999,3.7815801500292916,0.22853952920983436,0.03589890530102428,0.049999999999999996
2,34,1.9734572807145683,0.058063604799063605,5.401766067066018,0.4129066560658119,0.03765960458241189,0.029031802399531802,1.900000000000002,0.09999999999999998,3.011393138465104,0.23018847085662955,0.036157920449212774,0.04999999999999999
3,34,1.9836093427612544,0.06752836481620382,3.995690475230934,0.2771515728897564,0.029398383989678967,0.03376418240810191,1.900000000000018,0.09999999999998567,3.1356426920908618,0.21749640256682423,0.034164255024302266,0.049999999999992835
4,34,1.986563146456495,0.09982503943008382,2.811516501737274,0.22699300888161678,0.035593594552820795,0.04991251971504191,1.9000000000000001,0.09999999999999999,2.8105780245744567,0.2269172391840806,0.03564407657967928,0.049999999999999996
5,34,1.9869743545588783,0.08937762382964776,2.628868428294938,0.17539016845995997,0.024623734889248187,0.04468881191482388,1.9000000000000001,0.09999999999999999,2.983402653498594,0.19904362209575915,0.031265699045997,0.049999999999999996
6,34,1.9886340258443957,0.09514146505983768,2.832402721094553,0.24878841004415483,0.03718089642971617,0.04757073252991884,1.9000000000000001,0.09999999999999999,2.3387514751111187,0.20542780044938855,0.03226852343674545,0.049999999999999996
7,34,1.9954776252389286,0.0999999999994868,2.761855790692971,0.16770246880216338,0.02634264219875221,0.0499999999997434,1.9000000000000106,0.0999999999999999,2.843890716284553,0.1726837062715746,0.02712509315087179,0.04999999999999995
8,34,1.9901919459867758,0.07472883648125714,2.539244642747179,0.1974713693367344,0.023179936139925996,0.03736441824062857,1.9000000000000001,0.09999999999999995,2.9197748396933,0.22706435057214247,0.03566718478247899,0.049999999999999975
9,34,1.987852460321822,0.08393322770019607,2.7546973522814198,0.21395523753181298,0.028208287660657756,0.04196661385009803,1.9000000000000001,0.09999999999999999,3.224659242274978,0.25045681826669697,0.03934166501540646,0.049999999999999996
10,34,1.9905232523579517,0.08587556441907439,2.808811182062867,0.19653191185251964,0.026510783342352785,0.042937782209537194,1.9000000000000001,0.09999999999991226,3.282988840134568,0.22971002019020426,0.036082765594243775,0.04999999999995613
11,34,1.9923046924887773,0.09999999965749677,2.726779843552474,0.18856239540038566,0.02961931170521017,0.049999999828748386,1.9000000000000001,0.09999999999999999,2.943575387261826,0.20355425003457067,0.031974226825779356,0.049999999999999996
12,34,1.9809278700341928,0.07954835523764832,2.770551996889396,0.19183673901143575,0.023970818571595498,0.03977417761882416,1.9000000000000001,0.09999999999999999,2.8355243846003444,0.19633551434510532,0.030840310475267814,0.049999999999999996
13,34,1.9814302934919197,0.07166631556801956,3.3536017336676673,0.23203659813921748,0.02612109894691312,0.03583315778400978,1.9000000000000001,0.09999999999999998,3.2316864862089796,0.22360124966070966,0.03512320216337913,0.04999999999999999
14,34,1.9817343625777508,0.06210278198956662,4.491248743396175,0.3018432439519957,0.029445056512242454,0.03105139099478331,1.9000000000000001,0.07723829116860789,3.231207613724893,0.21715969070811172,0.026347034994874913,0.038619145584303946
15,34,1.98166255688698,0.0651543383378151,4.7050480839961635,0.3133183795240821,0.032066317436306425,0.03257716916890755,1.900000000000021,0.09999999999998782,2.6660013462348706,0.17753425824755337,0.027887016073547946,0.04999999999999391
16,34,1.9771288596626417,0.0508609567487802,6.098487871789491,0.42550532277894654,0.033994558066820446,0.0254304783743901,1.9000000000002388,0.0999999999999997,3.0402814329034937,0.21212732723970135,0.03332088264409409,0.04999999999999985
17,34,1.9778042554118835,0.04829763258039213,7.503961482175721,0.4925085323237071,0.03736452615729328,0.024148816290196065,1.9000000000000001,0.09999999999999987,2.6954155820589336,0.17690858028463555,0.02778873480896052,0.04999999999999993
18,34,1.9752991167491138,0.03806394253305666,12.868524679862466,0.5820512796774562,0.03480125409636584,0.01903197126652833,1.9000000000000001,0.09999999999999999,2.98530636701035,0.13502724161276605,0.021210029514257992,0.049999999999999996
19,34,1.9770556878917085,0.0360202899931956,45.106441500834315,0.8226631200530031,0.046546722921930475,0.0180101449965978,1.9000000000000008,0.09999999999999999,2.898551790197249,0.05286454838861055,0.008303943842650052,0.049999999999999996
20,34,1.9780977300321143,0.027769057144505137,671.888531926813,0.7852004750972711,0.03425007800461311,0.013884528572252568,1.9599999999999997,0.03880384350669828,292.17534767230217,0.3414498252352843,0.020812368950691666,0.01940192175334914
21,34,1.9775335661922624,0.02747857478002636,696.2405058921028,0.7883380069439269,0.0340272260083651,0.01373928739001318,1.9599999999999997,0.03941691175998822,301.02744935413807,0.34084684451845365,0.021103852844672453,0.01970845587999411
22,34,1.9773262023222369,0.027613621786555426,803.8594771992105,0.8066282246416786,0.03498780227132989,0.013806810893277713,1.9599999999999997,0.03880207605404674,312.43742786283286,0.3135135616323078,0.019108701285212165,0.01940103802702337
23,34,1.9771277765784523,0.027637698306166185,859.6463988723402,0.8110067819255804,0.03520839555415497,0.013818849153083092,1.9599999999999997,0.03757668095234923,339.01172080893457,0.3198301128102984,0.018878072327742936,0.018788340476174614
24,34,1.9767729979395772,0.027436792209320143,855.3546569730397,0.7827421378461332,0.03373431728281803,0.013718396104660071,1.9599999999999997,0.03822837426567686,348.66413936042636,0.31906544450118585,0.019159557646590317,0.01911418713283843
25,34,1.9762408966644431,0.027140536860209535,828.9611169862145,0.7731905926147183,0.03296285897747845,0.013570268430104768,1.9599999999999997,0.0373974290168801,364.0803251236155,0.3395858702819821,0.01994854547444556,0.01869871450844005
26,34,1.9759426698929263,0.027040306477013453,779.7166196596432,0.7728846289950864,0.032828130929199235,0.013520153238506727,1.9599999999999997,0.03793649837749878,365.60998982823287,0.36240646180998237,0.021595986721114888,0.01896824918874939
27,34,1.9764234496643343,0.02825781684734045,631.1898401293286,0.8081372780156644,0.03587101152191261,0.014128908423670225,1.9599999999999997,0.03666905542858673,235.13299745205055,0.3010500620441386,0.017340368444450378,0.018334527714293364
28,34,1.9755496451779089,0.027055026281392558,783.8863355413956,0.7666852393266061,0.032582540159560636,0.013527513140696279,1.9599999999999997,0.03770002941132116,381.67500329373115,0.3732997731656269,0.02210646454671805,0.01885001470566058
29,34,1.9752749040874902,0.026770767312430166,746.9224790307296,0.7259276448832302,0.030526290433229738,0.013385383656215083,1.9599999999999997,0.03744619630067132,383.08145068439256,0.37231362437323484,0.021899616802421064,0.01872309815033566
30,34,1.9749978771152055,0.026308694409395678,809.6970341285007,0.7518533371396954,0.03107079067608906,0.013154347204697839,1.9599999999999957,0.03764344907417666,403.5784191231448,0.3747473047642951,0.02215887990741593,0.01882172453708833
31,34,1.9751253047010209,0.026298543165440433,912.4219480450347,0.7595595655597301,0.03137714360851188,0.013149271582720216,1.9599999999999995,0.03674567450933566,435.9330160706967,0.3628990874334581,0.020946524637417707,0.01837283725466783
32,34,1.972978312091883,0.026820773879059866,800.7282043181652,0.7733987727581958,0.03258326948493358,0.013410386939529933,1.9544506412819413,0.04134008034393454,409.72747496111356,0.39574318050913554,0.025698314108229786,0.02067004017196727
33,34,1.9749263394234773,0.027112002460206452,622.7611255145621,0.7879076573255006,0.03355496525717441,0.013556001230103226,1.9580771943222453,0.041415463379337346,256.57827421457716,0.3246188284311916,0.021118161553695457,0.020707731689668673
34,34,1.9751815621892437,0.0259980065082565,1147.9423220871004,0.7743622550428566,0.0316230752172245,0.01299900325412825,1.9599999999999997,0.035563132751208405,527.9617136551346,0.35614474289872966,0.019895113724239525,0.017781566375604203
35,34,1.975480710543386,0.02626718712732718,964.3315046266025,0.7505358803449936,0.03096741142908164,0.01313359356366359,1.9599999999999997,0.036977444378453704,452.98166072052624,0.35255406245454995,0.020477762081325634,0.018488722189226852
36,34,1.9756579008081696,0.026574407883117934,1049.494053377458,0.7937612657691927,0.03313396245913499,0.013287203941558967,1.9599999999999997,0.036017746614095014,445.13855658375667,0.3366705537582642,0.01904765642542854,0.018008873307047507
37,34,1.9758880179465528,0.026765547388729976,1113.0697148169556,0.8207950410039386,0.0345088693753933,0.013382773694364988,1.9599999999999997,0.036022831261237585,419.93868384592463,0.309669362698579,0.017522495661389775,0.018011415630618793
38,34,1.9762001151397406,0.0269611503422439,1187.2993471181176,0.8231779540936089,0.034861978125812786,0.01348057517112195,1.9599999999999997,0.03510773315092322,420.7940602213197,0.29174478570084533,0.016088878368428348,0.01755386657546161
39,34,1.9764266602836682,0.027029304446093454,1160.497235645545,0.83546481128062,0.03547177407657255,0.013514652223046727,1.9599999999999997,0.035353654619007926,405.95128120520957,0.2922523209222246,0.016229762354163943,0.017676827309503963
40,34,1.9766038902897085,0.026965628031482614,1114.3869599422533,0.8290986037871046,0.035118551954487084,0.013482814015741307,1.959999999999999,0.03570459815476207,382.56206924639247,0.2846243619815201,0.015963058187482733,0.017852299077381034
41,34,1.976549366253323,0.02712074477184634,1108.0196037056019,0.8446758289080908,0.03598417542950105,0.01356037238592317,1.9599999999999997,0.03558366665907817,382.42408789014064,0.2915330941372513,0.01629515276173328,0.017791833329539083
42,34,1.9765728336968487,0.026954623835410522,1043.8082328640382,0.826802381490248,0.0350069981276411,0.013477311917705261,1.9599999999999997,0.03685598508133761,369.4519507984318,0.2926435557307486,0.016942085358188443,0.018427992540668806
43,34,1.9764232979036611,0.02727747518654599,1050.793082802007,0.826305727786784,0.03540501719319927,0.013638737593272995,1.9599999999999993,0.036536583643912594,363.28183742118495,0.2856717159400957,0.016395137250180786,0.018268291821956297
44,34,1.9764607985255507,0.02711982845826028,1055.7904160229991,0.8182524801549658,0.0348573322107498,0.01355991422913014,1.9599999999999997,0.036804923609030274,386.91049731862586,0.29986109858953325,0.017335881331274956,0.018402461804515137
45,34,1.976722588298853,0.026950009024889445,1021.8407818579672,0.8281165924342664,0.03505663915646969,0.013475004512444723,1.9599999999999997,0.03612519166459876,388.43167010016396,0.314791420295466,0.017862939365287083,0.01806259583229938
46,34,1.9764899585712312,0.02707218042377914,1029.1019357694133,0.8226490568162812,0.03498305371314007,0.01353609021188957,1.9599999999999997,0.03666858054974558,375.76771886725413,0.30038322615439766,0.01730173488497178,0.01833429027487279
47,34,1.9764483326746447,0.027039457370555395,965.9734622297095,0.8107623525947434,0.034435898824045276,0.013519728685277697,1.9599999999999997,0.03713753669427063,365.10751391169504,0.3064426079012418,0.0178764846610031,0.018568768347135316
48,34,1.9765375650739772,0.02722336005485848,976.6741507891716,0.8104475248890263,0.0346566439392393,0.01361168002742924,1.9599999999999997,0.036889199303151085,381.80463531387716,0.3168227821236607,0.01835842878406597,0.018444599651575543
49,34,1.9765635736208702,0.027434549996352833,956.5015155816484,0.8210329783973743,0.035381669360862386,0.013717274998176416,1.9599999999999997,0.03687651039425606,375.99353139303633,0.32274187119301007,0.018694980087484242,0.01843825519712803
50,34,1.9765198267656328,0.027152090417761596,960.5924327039888,0.7990294892874199,0.03407893044054421,0.013576045208880798,1.9599999999999997,0.03725639393759029,364.8872309380507,0.30351650487525317,0.017762455649372805,0.018628196968795144
51,34,1.9766875846320655,0.02744771458423046,981.4402799035868,0.8112155333002842,0.03497537052849217,0.01372385729211523,1.9599999999999997,0.03725339769565948,375.596176156969,0.3104513423645652,0.018166836507837358,0.01862669884782974
52,34,1.9766218469000736,0.027104857407615774,960.3003151959962,0.8080989433798854,0.03440579068114435,0.013552428703807887,1.9599999999999937,0.03791460819144044,368.76956797709306,0.31032198315182663,0.0184815755260564,0.01895730409572022
53,34,1.9768121565437522,0.027225128546121538,937.8159499707665,0.8117261100271159,0.03471357417559341,0.013612564273060769,1.9599999999999993,0.03754065409014421,360.35118827600013,0.3119017844727896,0.01839244947961023,0.018770327045072106
54,34,1.975652931187062,0.026805069159082224,758.4739791541626,0.7458549008751951,0.03140444747144349,0.013402534579541112,1.954101436291274,0.04407210186685159,460.8814399717619,0.4532135447925328,0.03137520130618952,0.022036050933425796
55,34,1.9770078536278863,0.027373198944575204,942.6100168869468,0.7885555936921229,0.03390609290175933,0.013686599472287602,1.9599999999999997,0.03742779439844996,365.656230149016,0.3058956095169136,0.01798404397307499,0.01871389719922498
56,34,1.9768509197484867,0.02734527515696189,927.1678278230654,0.8061788107717119,0.03462848997648786,0.013672637578480945,1.9599999999999997,0.03777529427202642,366.6469898992331,0.3188020824493047,0.018916852730272774,0.01888764713601321
57,34,1.9770442099613887,0.0271771948774648,926.7931464007564,0.816505851185114,0.03485650242015342,0.0135885974387324,1.9599999999999997,0.037611330672273034,364.9048396526947,0.3214815925854454,0.018993048925911547,0.018805665336136517
58,34,1.9770451352602345,0.02760766388484523,928.1877117830189,0.8278495564051437,0.035900537954474745,0.013803831942422615,1.9599999999999997,0.037984500066428846,336.89136529760304,0.30047302262017106,0.01792799728043314,0.018992250033214423
59,34,1.9772253647406284,0.027542820579482586,1095.3002416019146,0.8268841715360484,0.03577445025298627,0.013771410289741293,1.9599999999999997,0.0367987517264356,394.4665756751462,0.29779795095156586,0.01721371741401157,0.0183993758632178
60,34,1.9775476032976016,0.027621631597624093,1227.9511932120417,0.8427791195975258,0.036566464583905015,0.013810815798812047,1.9599999999999997,0.036996924758838375,419.89406232687264,0.28818567881872076,0.01674780510850171,0.018498462379419187
61,34,1.9780914458976369,0.029062929476063287,861.2777355402145,0.9058585372848122,0.04135420218961925,0.014531464738031644,1.9599999999999997,0.03213814698349868,167.8756195230307,0.17656506939835298,0.008913443155201747,0.01606907349174934
62,34,1.9779214081720542,0.028094901829876204,694.5370179540017,0.9221695360768819,0.040696603704641406,0.014047450914938102,1.9599999999999997,0.031036667455891752,124.65002714822035,0.16550371648420614,0.008068684062593956,0.015518333727945876
0,35,1.9733042263476295,0.03927869059082706,36.31481789864709,0.7545914653772281,0.04655740518520574,0.01963934529541353,1.9000000000000008,0.09999999999999758,4.2602627972903875,0.08852468862907911,0.013905425572921605,0.04999999999999879
1,35,1.9731906839265028,0.04552646638873036,13.685350087600197,0.5795550516774863,0.04144560807856802,0.02276323319436518,1.9000000000000001,0.09999999999999999,3.6867943320222047,0.15613048010773065,0.024524918465394698,0.049999999999999996
2,35,1.9747260126121091,0.0462333023733833,6.626600889494311,0.40081681981200024,0.02910856060563311,0.02311665118669165,1.9000000000000028,0.09999999999999985,3.496446419928408,0.21148618394998953,0.03322017209165129,0.049999999999999926
3,35,1.9792362314414746,0.062137949845773185,4.743802293298131,0.2828588026134009,0.027608734213298212,0.031068974922886593,1.9000000000000001,0.09999999999999999,3.5138185684737353,0.20951853627698208,0.032911094717932673,0.049999999999999996
4,35,1.9829723373785673,0.08259667477915894,3.957883983243664,0.31972406952224985,0.041481817146814176,0.04129833738957947,1.9000000000000001,0.07546922669162116,2.62187550912076,0.21179921167618576,0.02510811541346134,0.03773461334581058
5,35,1.9924510519751855,0.09999999999987227,2.816774640396943,0.22110777223827466,0.03473152764572408,0.04999999999993614,1.9000000000000008,0.09999999999999999,2.892705191273183,0.22706807687475222,0.0356677701087242,0.049999999999999996
6,35,1.993599537935447,0.09999999999982503,2.6795675191837525,0.20654767478831956,0.03244443288649516,0.04999999999991252,1.900000000000005,0.09999999999999999,2.8755334755476225,0.22165321414675923,0.0348172054604012,0.049999999999999996
7,35,1.9895318989399342,0.0763280665488731,2.482647832584936,0.20304618095387486,0.024344393757524303,0.03816403327443655,1.9000000000000001,0.09935515014588416,2.9643568653432095,0.24244330290923227,0.037837327409464355,0.04967757507294208
8,35,1.9874065169106552,0.09999999999998353,2.434787169716932,0.1887093799221366,0.029642400081338595,0.049999999999991766,1.9000000000000001,0.09999999999999999,2.8761679060724075,0.22291881149101636,0.035016005026357246,0.049999999999999996
9,35,1.9892984625249104,0.09999999999999701,2.6134049310238274,0.16234886406324536,0.02550169993298622,0.049999999999998504,1.900000000000022,0.09999999999999999,2.8184412996420267,0.17508604885296597,0.027502452241127077,0.049999999999999996
10,35,1.98329434909788,0.09999999999962476,2.9947303191431254,0.1821814333068523,0.02861699262475592,0.04999999999981238,1.9000000000000001,0.0511342983783632,3.1731604588978692,0.19303605296922052,0.015504958467752884,0.0255671491891816
11,35,1.9829012332590912,0.06842427823441535,3.235953408806159,0.22493636893314434,0.024176297000140633,0.03421213911720768,1.900000000000011,0.0999999999999953,2.849090072868921,0.19804487110679286,0.031108815607510436,0.04999999999999765
12,35,1.9819111546841675,0.09277545107618053,3.0865818851440414,0.250827026661067,0.03655335814348744,0.046387725538090264,1.9000000000000001,0.050827277493713456,3.0502183184261935,0.24787198912827738,0.01978992629695967,0.025413638746856728
13,35,1.982398530666574,0.07995307194570053,3.9157499571012395,0.31602881715886266,0.03969005653287793,0.039976535972850266,1.9000000000000001,0.06422775514708556,2.4701421554512217,0.19935800604065743,0.020112974422662754,0.03211387757354278
14,35,1.9829649194389634,0.06964057830162183,3.8773054634115844,0.31338849684902287,0.03428193264006972,0.03482028915081092,1.9000000000000001,0.07162779022640235,3.0155410501355737,0.24373521400529224,0.027423299648126644,0.035813895113201176
15,35,1.9777595546468476,0.049919045982848693,4.634750097718428,0.32472236054190057,0.025462342124980095,0.024959522991424347,1.9000000000000046,0.09999999999999924,3.120984318415898,0.21866408624472825,0.0343476743475179,0.04999999999999962
16,35,1.978164895384489,0.05801682983127027,6.1029843283449265,0.3660462383574928,0.033358753910805644,0.029008414915635133,1.9000000000000001,0.06944211286758736,3.0417774850455053,0.18244044985502597,0.019900497691628518,0.03472105643379368
17,35,1.9753694996174749,0.04518225703354858,7.0027599404485255,0.3803276189166781,0.026992658696325982,0.02259112851677429,1.9000000000000032,0.09999999999999995,3.1610170851055295,0.17167832562544225,0.026967168328274272,0.049999999999999975
18,35,1.9758225437317203,0.04455234230092419,9.296690732941242,0.5082351579932223,0.03556764604415133,0.022276171150462095,1.9000000000000012,0.0999999999999998,2.896214249254868,0.15833138358971513,0.024870635575907782,0.0499999999999999
19,35,1.97645147219202,0.03932435250227236,16.85193982231408,0.6594465256000298,0.04073437356909667,0.01966217625113618,1.9000000000000001,0.09999999999999999,3.1249881480325263,0.12228637168717,0.01920869834632821,0.049999999999999996
20,35,1.980546974218902,0.032225632629279556,302.472520138452,0.8725181395627307,0.0441667856519168,0.016112816314639778,1.9599999999999997,0.03923026184698739,74.44645693406638,0.21474970377942443,0.013233467568087756,0.019615130923493696
21,35,1.9774727367974305,0.027552037058335282,686.3165105409862,0.7747101648879878,0.03352840125131781,0.013776018529167641,1.9599999999999997,0.03949119810138985,297.88572269908786,0.33625170574445346,0.02085857728562228,0.019745599050694927
22,35,1.9773208738966686,0.02768392252337751,715.2567230308281,0.7927373118327208,0.03447281921601397,0.013841961261688756,1.959999999999999,0.03918154267656349,301.2206602315479,0.3338505585079871,0.020547241027604263,0.019590771338281746
23,35,1.9769873844368886,0.027902184025198,800.4747065650275,0.791784886763484,0.03470286123329699,0.013951092012599,1.9599999999999997,0.03862087074529388,313.6045088761269,0.3102000706737266,0.018818449182181087,0.01931043537264694
24,35,1.9772358392801486,0.027747687998309557,881.8238032164487,0.8239051423895275,0.03591070184045008,0.013873843999154778,1.9599999999999997,0.03706905150552176,316.9852952052009,0.2961655308337405,0.017245105780813133,0.01853452575276088
25,35,1.9767415068456287,0.02761153500433092,853.5766046925177,0.8081133249015765,0.03504957013038319,0.01380576750216546,1.9599999999999997,0.037599155599470524,342.8491278809201,0.324588264425618,0.01917038268307856,0.018799577799735262
26,35,1.9764534523202282,0.027649049166266263,831.2851149803714,0.7880083358909353,0.034224009633643644,0.013824524583133132,1.9599999999999997,0.037333356158129494,323.3655045718518,0.3065310668388599,0.017975931613413564,0.018666678079064747
27,35,1.9761879464725522,0.027789389036161204,695.6652389765952,0.7981113898395564,0.034838735567321776,0.013894694518080602,1.9599999999999993,0.03774078812929134,270.22326719599306,0.3100173118697911,0.018378784623947438,0.01887039406464567
28,35,1.9755871356737016,0.027164856859821278,836.8840518109822,0.7747928069656513,0.03306076344278,0.013582428429910639,1.9599999999999997,0.037669971262832405,383.60739127725145,0.3551462676547713,0.021014662562087096,0.018834985631416203
29,35,1.9759504153803633,0.02682638214773206,763.6795480787594,0.7582500813403144,0.03195173528766764,0.01341319107386603,1.9599999999999997,0.038044759278243495,386.6232874726537,0.3838745451697833,0.022940560909247242,0.019022379639121748
30,35,1.9754960615457076,0.026496474712470273,886.6176830700051,0.7693825477610716,0.032022136455410695,0.013248237356235136,1.9599999999999997,0.037656068506697914,410.73096092668715,0.35642108114504684,0.02108231197236481,0.018828034253348957
31,35,1.9756528691546076,0.02666473252912066,1005.1229645421037,0.7781614304399845,0.032593185615321214,0.01333236626456033,1.9599999999999997,0.03652453334570188,451.12106803628274,0.349255790573495,0.020037713754224397,0.01826226667285094
32,35,1.9758572295903125,0.02714023460453987,557.0733499589362,0.843805506521212,0.03597293141307793,0.013570117302269934,1.9599999999999997,0.03461674151797541,166.18027612886644,0.25171520426006627,0.013687228295799658,0.017308370758987706
33,35,1.9756635575399424,0.027110281715484744,609.0526568247524,0.8384874072024177,0.035706760629826584,0.013555140857742372,1.9599999999999997,0.03467866398473113,175.40947792059805,0.24148755726172313,0.01315458020354642,0.017339331992365564
34,35,1.9760329980778464,0.026772328142654483,1191.4610071008024,0.8007697349015918,0.03367547010009199,0.013386164071327242,1.9599999999999997,0.036473810165225065,488.65927762002684,0.3284233037127722,0.01881633237514209,0.018236905082612533
35,35,1.9764326577210714,0.027120360220051428,1068.3114762137477,0.808561192971616,0.03444516140583102,0.013560180110025714,1.9599999999999997,0.03689384615875724,436.39286496250105,0.33028788265846815,0.019141080531610132,0.01844692307937862
36,35,1.9764625409578027,0.02715391417052881,1097.3239763271342,0.8118254276263067,0.034627008051030715,0.013576957085264406,1.9599999999999997,0.03611232501833767,427.868361683061,0.3165468204328791,0.01795615241493498,0.018056162509168836
37,35,1.9768071748529616,0.027027303712779536,1137.17580613787,0.8284266090784773,0.03517034584716625,0.013513651856389768,1.9599999999999997,0.03592337998623732,425.79476589727324,0.31018925321110496,0.017503456371310698,0.01796168999311866
38,35,1.9769001830652595,0.027092528679121458,1240.0954802149145,0.8379978725932768,0.0356625451827268,0.013546264339560729,1.9599999999999997,0.03559968451142103,435.62888615398,0.29437739727423895,0.01646154097803485,0.017799842255710515
39,35,1.976857708513625,0.027333581689599196,1239.7082348232468,0.8434383920424056,0.03621344040776022,0.013666790844799598,1.9599999999999997,0.035874390550106446,404.96828900161773,0.27552112094535525,0.01552599012254637,0.017937195275053223
40,35,1.9770513009431856,0.027148123974128035,1208.8740915531864,0.8337356793215702,0.03555396889370704,0.013574061987064017,1.9599999999999997,0.03593823139769704,405.43890208343583,0.27962289936879897,0.01578517177410022,0.01796911569884852
41,35,1.9769977325820287,0.02726021534711123,1214.3067218415997,0.8320438977925348,0.03562832449850143,0.013630107673555615,1.9599999999999997,0.035617185718227286,395.6041131535894,0.2710682419610363,0.015165548315180239,0.017808592859113643
42,35,1.9770567637028749,0.027167738590312376,1206.7024536582896,0.8403706919048932,0.03586280581849346,0.013583869295156188,1.9599999999999997,0.035630117126134175,413.09230372955625,0.2876853892634071,0.01610107722041382,0.017815058563067088
43,35,1.9770513080493748,0.027301692116682152,1163.6624610483977,0.8241038209866585,0.035342020102649314,0.013650846058341076,1.9599999999999997,0.03618566432581183,396.8153845144998,0.2810239958330051,0.015973490648732012,0.018092832162905914
44,35,1.9769640201297451,0.02722951028447814,1184.8581658299252,0.8496960994889271,0.036343214087852134,0.01361475514223907,1.9599999999999997,0.03628702042875645,396.48010258515956,0.2843273620481059,0.016206522704633863,0.018143510214378225
45,35,1.9769903916843097,0.02718066203524196,1170.994972702345,0.8416074619983186,0.03593266967791547,0.01359033101762098,1.9599999999999997,0.03656819590576831,402.3216499738495,0.28915316515840866,0.01660930126464938,0.018284097952884156
46,35,1.9769795049278216,0.027421977841295155,1191.181393488122,0.8236016175225536,0.03547609779973651,0.013710988920647578,1.9599999999999997,0.03611683841525744,405.4452968466146,0.28033127794412066,0.015903809318703478,0.01805841920762872
47,35,1.9768873721723625,0.027350497273848817,1168.8925035514144,0.8322814084038133,0.03575652434885437,0.013675248636924408,1.9599999999999997,0.03612073255957263,402.6690896609125,0.28671070782423286,0.016267482175067065,0.018060366279786313
48,35,1.9770385631446583,0.02748547923298671,1166.1505571513026,0.8339815641022492,0.03600639495625164,0.013742739616493355,1.9599999999999997,0.03587485949952063,390.98888168451873,0.279618713976687,0.015757101040145317,0.017937429749760314
49,35,1.9769367578978365,0.02730551471433714,1150.885484821475,0.8327762436880792,0.03571894082272651,0.01365275735716857,1.9599999999999997,0.03693583028170947,390.2097565470841,0.28235425643423406,0.01638181744840858,0.018467915140854736
50,35,1.97697691251049,0.027353373221051722,1156.8397415172378,0.8479410031659187,0.0364331234054701,0.013676686610525861,1.9599999999999997,0.03638759705609584,393.66134790366226,0.2885461021690749,0.016492574930225375,0.01819379852804792
51,35,1.9769154256814516,0.02760680132758252,1140.0439498979051,0.8226519380811235,0.03567402333718782,0.01380340066379126,1.9599999999999997,0.0369582900505303,382.14218212664167,0.27575253285382934,0.016008522722250253,0.01847914502526515
52,35,1.9771663937423853,0.027251910562420267,1097.142028961995,0.8269458507191888,0.03539923725578504,0.013625955281210134,1.9599999999999997,0.0367405181488588,394.7712507602184,0.29754985150668706,0.017172158632169393,0.0183702590744294
53,35,1.9771096069818537,0.02745885945493338,1113.8547671701115,0.8446566505426071,0.03643196341305673,0.01372942972746669,1.9599999999999997,0.03726413136928223,384.18889998260846,0.29133754148165253,0.017053256731566848,0.018632065684641114
54,35,1.9771824516779521,0.02729251976743197,1106.373749632819,0.8338185099251477,0.03574662483376807,0.013646259883715985,1.9599999999999997,0.03647863219924699,389.57022192757734,0.29359957434516665,0.016823402839911857,0.018239316099623495
55,35,1.9770069901172893,0.02756490679853185,1117.535458218507,0.8324970010727619,0.036046166394244586,0.013782453399265924,1.9599999999999997,0.03673811497826824,378.42945573609506,0.2819072850897389,0.016268332688319856,0.01836905748913412
56,35,1.9771437203589322,0.027348602609355496,1127.7894044252473,0.8291008602858246,0.0356174139340735,0.013674301304677748,1.9599999999999997,0.037125781326198454,401.4363542821413,0.2951182422705491,0.01721042261562406,0.018562890663099227
57,35,1.9774124374371411,0.02731730081802339,1120.2445841765416,0.8286071379397449,0.03555546250610622,0.013658650409011696,1.9599999999999997,0.03713123659013515,385.75584639932885,0.2853305897153072,0.016642080709683857,0.018565618295067574
58,35,1.977357298531842,0.027528310536195547,1118.0768184538917,0.8457730116018715,0.03657238294676514,0.013764155268097773,1.9599999999999997,0.03639434914553131,375.73360516933275,0.2842249634005807,0.016248603959325203,0.018197174572765654
59,35,1.9775165615400794,0.027690939710794563,1098.720041364126,0.8532778701424539,0.03711487937422583,0.013845469855397282,1.9599999999999997,0.03672562094056448,337.2980554910746,0.2619493188048918,0.01511145554321999,0.01836281047028224
60,35,1.9777508835347075,0.02776978977616594,1246.3937909039469,0.8404716386128389,0.036661947570852386,0.01388489488808297,1.9599999999999997,0.036184999588787035,391.7269523532366,0.26415038002905994,0.015014113302171462,0.018092499794393518
61,35,1.9782205266142607,0.028095167560991213,1358.6648933680922,0.8593967941606615,0.03792671541370428,0.014047583780495606,1.9599999999999997,0.035818364829067965,399.93029349006304,0.25296805252770826,0.014232831572036943,0.017909182414533983
62,35,1.9781733199691784,0.027975725022463926,707.6281471867605,0.9075188721181,0.039880160059517236,0.013987862511231963,1.9599999999999997,0.031072098351228428,122.06579041599164,0.1565469221128768,0.007640732461675433,0.015536049175614214
0,36,1.973280750795948,0.03778114456616027,63.96459770908731,0.872729972198852,0.05179345455175016,0.018890572283080134,1.9199849286027655,0.0926991433005312,4.654800682558756,0.06350988227513805,0.009247767558535052,0.0463495716502656
1,36,1.9729599855588076,0.04132649500833867,25.747495254068426,0.7003695910111927,0.04546484677859521,0.020663247504169334,1.9000000000000001,0.09999999999999999,4.277239939378609,0.1163471925109292,0.01827577426290663,0.049999999999999996
2,36,1.9738558395404653,0.046654528721649,10.098558345839844,0.50327005422693,0.03688202631903021,0.0233272643608245,1.9000000000000001,0.09999999999999999,3.5407253627510724,0.17645499330589884,0.027717485532952394,0.049999999999999996
3,36,1.975469207203081,0.06338658355661543,5.9151690528273955,0.38521201177089953,0.03835456332171478,0.031693291778307715,1.9000000000000121,0.09999999999999909,3.356524887235251,0.2185860949744037,0.03433542350742306,0.049999999999999545
4,36,1.9794274368190563,0.0646776719474489,4.91316463494196,0.33033738189248407,0.03356077480685742,0.03233883597372445,1.9000000000000001,0.09999999999999991,3.1794760314618715,0.21377256128430697,0.0335793154034926,0.049999999999999954
5,36,1.980448930082934,0.06199200399767294,4.007172255053828,0.31589355630810745,0.03076070749839082,0.03099600199883647,1.9000000000000006,0.09999999999999742,3.1042454805340176,0.24471399832201332,0.03843958496795011,0.04999999999999871
6,36,1.983844426604998,0.09480789538591537,3.3781385556932193,0.20531441649622448,0.030576222362686936,0.047403947692957686,1.9000000000000001,0.057668657248005656,3.130089076432592,0.19023861861020877,0.01723290128292105,0.028834328624002828
7,36,1.9910455163509755,0.09999999999996077,2.7238605619943415,0.18829121889174316,0.0295767155002768,0.049999999999980387,1.9000000000000001,0.09999999999999999,3.449361913447377,0.2384426604444928,0.03745448551774121,0.049999999999999996
8,36,1.9889526413005474,0.0999998413528781,2.82355491116697,0.21773806999785747,0.03420216179477306,0.04999992067643905,1.9000000000000001,0.09999999999999999,3.3243731520764483,0.25635860355436013,0.0402687152805458,0.049999999999999996
9,36,1.9848982445163454,0.09999999999429283,2.6771614997374837,0.20101910641458748,0.031576007395360546,0.04999999999714642,1.9000000000000001,0.09999999999999999,3.279492119680529,0.24624609888365157,0.03868024676140128,0.049999999999999996
10,36,1.987303835736951,0.06826991435656406,2.7349019175584997,0.19286052600629336,0.020682002295098718,0.03413495717828203,1.9000000000000001,0.08079667314905337,3.0362793465968436,0.2141131380716824,0.027174194055203063,0.04039833657452668
11,36,1.993038452883006,0.09999999999998795,2.6696751133147636,0.18683189768679315,0.029347485861449925,0.04999999999999397,1.9000000000000008,0.09999999999999999,3.464278894707776,0.24244066133235462,0.038082490028658815,0.049999999999999996
12,36,1.9808671334008896,0.07749101117062411,2.8367658822200714,0.1962404214366805,0.023886893479798197,0.038745505585312055,1.9000000000000001,0.09999999999999999,3.2029779396316043,0.22157406244387934,0.03480477233998687,0.049999999999999996
13,36,1.9837538676825681,0.07971162054671797,3.2643766459070203,0.22975774753767433,0.02876813316884712,0.03985581027335899,1.9000000000000001,0.09999999999999999,2.976103112170422,0.2094680919707863,0.03290317094484467,0.049999999999999996
14,36,1.9824995020266145,0.07089692192553072,3.538465086495965,0.2345578628834126,0.026121448333312033,0.03544846096276536,1.9000000000000001,0.09999999999999999,3.3397538186539633,0.22138568534978342,0.034775182135241056,0.049999999999999996
15,36,1.9812164733742115,0.061973677306231906,4.427685298253537,0.2942964471300014,0.028649177795681696,0.030986838653115953,1.9000000000000001,0.09999999999997124,3.1978823950341577,0.21255472415109342,0.0333880179939344,0.04999999999998562
16,36,1.982712639346833,0.06037983032275907,4.70526468697761,0.32324844354513294,0.030658309748635433,0.030189915161379536,1.9000000000000177,0.09999999999805376,3.5484396548900707,0.24377536052999993,0.038292144087617296,0.04999999999902688
17,36,1.9785242762157849,0.060523322145546926,6.409805307715573,0.44450567161059107,0.04225907068258139,0.030261661072773463,1.9000000000000001,0.056977539435635424,3.14716661351258,0.21824897045249145,0.019533306787655948,0.028488769717817712
18,36,1.9771830550058052,0.04772949573337872,8.215706858544303,0.4517229507359486,0.03386716779096796,0.02386474786668936,1.9000000000007122,0.09999999999999538,2.7036281660222654,0.14865317298635858,0.023350385809336762,0.04999999999999769
19,36,1.9767348989322648,0.04507247833135332,10.795294453138599,0.5342437380131293,0.03782428751106158,0.02253623916567666,1.9000000000000044,0.09999999999816318,3.1145178324612157,0.15413304900070302,0.024211162720355492,0.04999999999908159
20,36,1.9767675566357705,0.03545677788923821,31.33953352029503,0.7800872256706463,0.04344725171191471,0.017728388944619106,1.9000000000000001,0.09999999999999999,3.9639597334074397,0.09866880593808065,0.015498859793677556,0.049999999999999996
21,36,1.9781962106441175,0.028366805636772977,668.3205366960867,0.8008887404190198,0.03568638019465819,0.014183402818386488,1.9599999999999997,0.03921764067140186,282.06427304617756,0.33801460220559815,0.02082268849691328,0.01960882033570093
22,36,1.9780628591055407,0.028946665863226143,591.1850319282967,0.8002665989321721,0.036387575199933624,0.014473332931613072,1.9599999999999997,0.03947158688330807,221.5229276976491,0.29986787614676386,0.018592355186866312,0.019735793441654034
23,36,1.9776196940025432,0.02798379258871974,765.7292019069208,0.7958389607114958,0.03498256475407402,0.01399189629435987,1.9599999999999997,0.03861882258211324,288.9019677882661,0.30026207857757514,0.01821458968765515,0.01930941129105662
24,36,1.9772863110153465,0.02788999695957325,872.1819249562108,0.8185462615061866,0.03586010635481188,0.013944998479786625,1.9599999999999997,0.03801875490722948,323.76375948818225,0.3038535967751742,0.018146051889832496,0.01900937745361474
25,36,1.9769952133120405,0.027789430537152607,947.7564207335367,0.8136985854897022,0.03551919261877593,0.013894715268576304,1.9599999999999997,0.037066124743064484,359.6860795404939,0.3088093604429642,0.017979910101497434,0.018533062371532242
26,36,1.976550757478375,0.027683938580889328,908.4632108511032,0.7879034928637585,0.034262636586025096,0.013841969290444664,1.9599999999999997,0.036745609670336896,363.5903813573527,0.3153392762869703,0.018201341621976924,0.018372804835168448
27,36,1.976625553854962,0.027713806637168152,742.9350194910517,0.8082798901992404,0.03518664288792981,0.013856903318584076,1.9599999999999997,0.0372935339111417,269.6741133803028,0.29339330767034066,0.017187140179787265,0.01864676695557085
28,36,1.9761959354900582,0.0272028482734307,869.3113781869447,0.7895194157137884,0.033736270544530024,0.01360142413671535,1.9599999999999997,0.037400967893494515,367.8677076967452,0.33410203170980046,0.019628261489048678,0.018700483946747257
29,36,1.976185812793454,0.026991845812525807,870.3906351386315,0.7883831925299248,0.03342641635966602,0.013495922906262904,1.9599999999999997,0.03719309105068225,372.8552770488994,0.3377251797115459,0.019730840769216423,0.018596545525341124
30,36,1.9762345614332515,0.027236686430127676,935.9699767695695,0.7950479259911378,0.03401476359524816,0.013618343215063838,1.9599999999999997,0.03801177749889033,376.7678037993409,0.3200406726984674,0.019109231866875052,0.019005888749445164
31,36,1.9765823586002915,0.027400590141257092,1112.6703117606994,0.8338740200894355,0.03589056018310456,0.013700295070628546,1.9599999999999997,0.03627964083352825,411.5671143053304,0.3084427799635626,0.017577514492138437,0.018139820416764124
32,36,1.977044033596707,0.028835108467876343,677.9241814436824,0.9014420974065063,0.04082999269651684,0.014417554233938172,1.9599999999999997,0.03140171721122621,142.08452239303975,0.18893111262416828,0.009319159769359023,0.015700858605613106
33,36,1.9767809758279342,0.027911916127954975,639.9913228442043,0.9031499457090669,0.039597647810792794,0.013955958063977487,1.9599999999999997,0.0299231285107701,121.78832965930401,0.17186658536396193,0.008078269233497278,0.01496156425538505
34,36,1.9770953977519037,0.028289799802548768,487.1169321111528,0.8811628651734114,0.03915668681871038,0.014144899901274384,1.9599999999999997,0.03037332581564665,90.76977676468496,0.16419662568179796,0.007833871686258966,0.015186662907823325
35,36,1.976718304428695,0.028935030464512852,358.7876861841672,0.8839642076793627,0.04017709218112844,0.014467515232256426,1.9599999999999997,0.03253032542846297,74.16514320391474,0.18272458775528622,0.009336955214814016,0.016265162714231486
36,36,1.9770643565781925,0.02981436350396287,375.00905748297777,0.8464368504411701,0.039640578313096066,0.014907181751981436,1.9599999999999997,0.03575042445499226,99.55450855854377,0.2247055184136114,0.012618705873350232,0.01787521222749613
37,36,1.9779467880906703,0.029621214162302508,444.65745033584636,0.886239621058896,0.041235749742541586,0.014810607081151254,1.9599999999999997,0.03219249249158885,93.40107980178011,0.1861561917100488,0.009413518184647722,0.016096246245794425
38,36,1.978374683423554,0.02919878164750556,705.5941645847661,0.9074089769638495,0.04161862030269398,0.01459939082375278,1.9599999999999997,0.031398297287275286,132.0923536716063,0.16987355271062443,0.008378219685853767,0.015699148643637643
39,36,1.978411250813314,0.02943367512747971,853.299369637846,0.9001686294367329,0.041618674362333845,0.014716837563739855,1.9599999999999997,0.03289866592508737,170.5841042292671,0.17995379437924952,0.009299490873834304,0.016449332962543684
40,36,1.9783810912745188,0.028728437736064483,1072.2954191038693,0.8675346782807705,0.03914882488832827,0.014364218868032241,1.9599999999999997,0.03512158399744751,264.39340568171787,0.21390602258595312,0.011800950372422061,0.017560791998723756
41,36,1.978159079012958,0.028378759159938934,1108.3647537342256,0.852810972234127,0.03801596846415838,0.014189379579969467,1.9599999999999997,0.035469680473064855,308.8094900147425,0.23760780963786182,0.013238472085805031,0.017734840236532427
42,36,1.9780167031871554,0.02795381323646261,1175.9610726650503,0.86919388254631,0.03816608360845291,0.013976906618231305,1.9599999999999997,0.03577717004544331,367.7009414944287,0.2717806025918589,0.015273702225459089,0.017888585022721656
43,36,1.977686388830485,0.02791094642552678,1196.819189396591,0.8590017546133039,0.03766070893978148,0.01395547321276339,1.9599999999999997,0.036019335955638346,379.50366746256907,0.2723839316086581,0.015411221528735362,0.018009667977819173
44,36,1.9776088475466989,0.027797586218284383,1226.2351033855714,0.8563338840238048,0.03739125928222933,0.013898793109142191,1.9599999999999997,0.03580650627323716,393.93198341194943,0.27510002320516264,0.01547292612359483,0.01790325313661858
45,36,1.9776207439745563,0.02762246353299786,1221.9233491703058,0.8556840116194536,0.03712749969864319,0.01381123176649893,1.9599999999999997,0.03634268717259822,388.7772057868047,0.27225147903077584,0.0155420091617571,0.01817134358629911
46,36,1.9775383347394162,0.027642631046627637,1214.106627655793,0.8511075817289152,0.03695589405780438,0.013821315523313818,1.9599999999999997,0.036314998081548776,391.52582390170784,0.2744656767163919,0.01565647338652204,0.018157499040774388
47,36,1.9775380494795756,0.027685443660058418,1213.7388592853665,0.8449133485836366,0.0367437549462998,0.013842721830029209,1.9599999999999997,0.03613208863297193,373.7353558149884,0.26016633524583893,0.014766040095579093,0.018066044316485966
48,36,1.9775677040060624,0.02754235970829986,1213.1952841526977,0.8439885981264779,0.03651384793289357,0.01377117985414993,1.9599999999999997,0.035707160333151015,397.4896351032322,0.2765232640472065,0.015509823844237648,0.017853580166575508
49,36,1.9775259178388296,0.027390444102307572,1192.366874961259,0.8499940904852588,0.036570833381664884,0.013695222051153786,1.9599999999999997,0.036359114549201835,397.92681873488254,0.2836672600295429,0.016201021157283786,0.018179557274600917
50,36,1.9775864525323983,0.02744713955596075,1195.1459402656699,0.8479478389738442,0.03655830950071761,0.013723569777980374,1.9599999999999997,0.03665229136732059,382.4455744356347,0.27134250926352926,0.015622079523041227,0.018326145683660294
51,36,1.9776693953302253,0.02764436488080255,1201.629422483965,0.845852298672607,0.036730008389167436,0.013822182440401275,1.9599999999999997,0.03628653978550678,387.2237228843204,0.2725749469626005,0.015536434912643426,0.01814326989275339
52,36,1.97759153072734,0.027697796822065936,1202.4430914527732,0.846944606318519,0.036848525043627026,0.013848898411032968,1.9599999999999997,0.03631073981943796,384.30846170462036,0.2706888842531797,0.015439221454868661,0.01815536990971898
53,36,1.9777287579050515,0.027363589673081598,1211.0806297760023,0.8550544221881266,0.036752484563737746,0.013681794836540799,1.9599999999999997,0.036330025809544274,398.75563690664023,0.2815318504206678,0.01606619812318048,0.018165012904772137
54,36,1.9776467530301203,0.027532047451562878,1234.191915826056,0.8571436228190907,0.03706909511857544,0.013766023725781439,1.9599999999999997,0.036155195326793545,390.54093958029875,0.27122983996129796,0.01540380658581482,0.018077597663396772
55,36,1.9776188783314448,0.02757557658845819,1246.0333324033875,0.8586272551875571,0.03719196711140012,0.013787788294229095,1.9599999999999997,0.03619623431661728,401.40121959323335,0.2766009692080199,0.015726676940024567,0.01809811715830864
56,36,1.9776925696282786,0.027601004897625007,1210.9971030143063,0.8500696061255123,0.0368552413550315,0.013800502448812504,1.9599999999999993,0.03683780227736057,390.15659705321843,0.2738737061870424,0.015847615602584395,0.018418901138680284
57,36,1.9777389200026008,0.027743008808222152,1219.9080098503066,0.8530153873902679,0.03717323029083214,0.013871504404111076,1.9599999999999997,0.03652153252425459,391.00993398876005,0.27341200125064613,0.015685069376751102,0.018260766262127293
58,36,1.9778283032119004,0.02767795704086521,1251.804163094462,0.8635180019431327,0.037542682774225546,0.013838978520432605,1.9599999999999993,0.03605734368429086,395.7344823752324,0.2729850719428178,0.015461531336226979,0.01802867184214543
59,36,1.9779164588906606,0.0279305464481608,1251.0237265614298,0.8615360325870977,0.03779834246342594,0.0139652732240804,1.9599999999999995,0.036107000829500135,372.4911226671681,0.25652153287184504,0.01454906618081034,0.018053500414750068
60,36,1.9780702327082755,0.027920547891217198,1269.1064629653563,0.8558848851764878,0.03753696627590946,0.013960273945608599,1.959999999999999,0.03586386937239961,375.8162142363716,0.2534503028355783,0.01427808080714456,0.017931934686199805
61,36,1.9783256890387495,0.028087810023706982,1273.8430739611606,0.8772509144135419,0.03870451107029666,0.014043905011853491,1.9599999999999997,0.03588204050067689,345.3635293756781,0.23783971365309578,0.013405449545230562,0.017941020250338446
62,36,1.9789799433321733,0.02946214801525814,906.1562427971672,0.9017598881471715,0.041732576416860755,0.01473107400762907,1.9599999999999997,0.032469114561192156,159.62523515817537,0.15885078908397732,0.008101766066300205,0.016234557280596078
0,37,1.9767313692734891,0.029767173959006243,103.230948198021,0.696134352883152,0.0325499666842711,0.014883586979503122,1.9592858507046895,0.045169134366195164,40.774363044786526,0.2749605164718357,0.019508863929447156,0.022584567183097582
1,37,1.9722414622263127,0.03911665287874158,46.05968975366643,0.8352606925206439,0.05132200410784967,0.01955832643937079,1.9014812514886004,0.09999999999999999,4.194458415637427,0.07606360919344834,0.01194804379238312,0.049999999999999996
2,37,1.9724820009662385,0.043672684257449655,15.705501315178257,0.6483269326519151,0.04447580589589266,0.021836342128724828,1.9000000000000001,0.09999999999999999,3.2461363816810156,0.13400130317846862,0.02104887548184678,0.049999999999999996
3,37,1.9744713423778983,0.05148917114180582,7.709235643059195,0.5135870518747555,0.04153840763042786,0.02574458557090291,1.9000000000000015,0.09999999999999999,2.8997418124018095,0.19317996200702858,0.030344637473101815,0.049999999999999996
4,37,1.9748077882220998,0.05248471455686506,6.2272364894663355,0.4182506977118407,0.034481757299144586,0.02624235727843253,1.9000000000000092,0.09999999999999495,3.133401954065898,0.21045411647952664,0.033058055312488906,0.04999999999999748
5,37,1.9796786664578545,0.06959957645859442,4.187498885397924,0.2863369026674747,0.03130428556437475,0.03479978822929721,1.9000000000000001,0.09999999999999999,2.9861911079652437,0.20419270214245544,0.03207451464836934,0.049999999999999996
6,37,1.9763032805157537,0.05220783958079017,3.5769427760427672,0.24924382487351868,0.020439958339820263,0.026103919790395086,1.9000000000000001,0.09999999999999999,3.4407996756652133,0.23975728030380614,0.037660985522355306,0.049999999999999996
7,37,1.9840797436862638,0.09569154871862147,3.45860588208286,0.2353967835659535,0.03538294561451686,0.047845774359310735,1.9000000000000001,0.072703406766482,2.8235950127802867,0.19217719704480138,0.021947067204697537,0.036351703383241
8,37,1.9885977932194323,0.08968444613551314,3.2851338282720586,0.21708872820410804,0.030582591361939023,0.04484222306775657,1.9000000000000001,0.08834085942247635,2.9608258358211845,0.19565775664925386,0.0271505459385713,0.04417042971123818
9,37,1.9890873719045092,0.099999999992656,2.665567991432876,0.2117119843692517,0.03325564073612562,0.049999999996328,1.9000000000000001,0.09999999999999999,2.6713704519173103,0.21217284315332022,0.03332803226708651,0.049999999999999996
10,37,1.9906700675294424,0.09999999999989209,2.9940313159201106,0.2240721243866324,0.03519716699232715,0.049999999999946046,1.9000000000000001,0.09999999999999999,3.0644672169728477,0.22934351947794368,0.036025195797016775,0.049999999999999996
11,37,1.9898204576784133,0.08471254831703964,3.5892289617155844,0.24801999062637192,0.03300306768888249,0.04235627415851982,1.9000000000000001,0.05485500717318103,3.538134896187896,0.2444893299222458,0.021066678304341606,0.027427503586590515
12,37,1.9906306057457854,0.0948312574080291,2.8409471905626544,0.22953855267968507,0.034192198418972836,0.04741562870401455,1.9000000000000001,0.05274863835251286,3.5004773278783983,0.2828262708291052,0.023434240223284077,0.02637431917625643
13,37,1.9910744835575294,0.08484483625907396,3.0479071729929323,0.18435503598185715,0.02456972516459163,0.04242241812953698,1.9000000000000004,0.09999999999998752,3.0182287073025305,0.18255991090104057,0.028676443746332228,0.04999999999999376
14,37,1.978504106704435,0.03596376735762228,4.1879635740042325,0.2755504087969768,0.015566325815514096,0.01798188367881114,1.900000000000009,0.09999999999999873,3.6687457391868117,0.24138805659155216,0.03791714726261639,0.049999999999999364
15,37,1.9842612139996771,0.08118929453451577,3.5707422903483796,0.2743764794670472,0.03499173882386314,0.04059464726725789,1.9000000000000001,0.09999999999999999,2.731655990555367,0.2099009373567886,0.03297116213908492,0.049999999999999996
16,37,1.9791830398104733,0.05732878626417543,4.710637737357536,0.31585921477969237,0.028443705646044384,0.028664393132087716,1.9000000000000001,0.09999999999999999,2.6464448088801396,0.17745027868765384,0.027873824595129736,0.049999999999999996
17,37,1.9794667401621224,0.05001245580679368,5.623998916043035,0.3851349553317129,0.03025596402943203,0.02500622790339684,1.9000000000000283,0.09999999999999888,3.042472435543337,0.2083504109893012,0.032727606026819775,0.04999999999999944
18,37,1.9771323350151258,0.05055589407402716,6.908620176442951,0.45634748503079714,0.03623992862861406,0.02527794703701358,1.9000000000000001,0.06173748294345806,3.6044646811676118,0.23809217327389376,0.02308946740972509,0.03086874147172903
19,37,1.9761024550808368,0.04524247281563275,9.111993289970384,0.45877445111352383,0.03260359092495475,0.022621236407816374,1.9000000000000514,0.09999999999999003,2.792070527516799,0.1405763352725131,0.02208167910803294,0.049999999999995014
20,37,1.976419507796586,0.041161305037322356,15.044902380828388,0.6326774467103288,0.04090640992413548,0.020580652518661178,1.9000000000000001,0.09999999999999999,3.071825508702192,0.12917828712946092,0.020291277892461365,0.049999999999999996
21,37,1.9798816111652635,0.03265798791106354,111.99478619273837,0.8093742179314722,0.04152012641145318,0.01632899395553177,1.9599999999999997,0.04123802111150391,19.231881065114514,0.13898672630742,0.009003078136214152,0.020619010555751955
22,37,1.977732864590052,0.02780859785298142,713.3460440410341,0.7949123257669426,0.03472307671723949,0.01390429892649071,1.9599999999999997,0.03911024147379593,287.85955773790465,0.32077434570103064,0.01970652289404931,0.019555120736897965
23,37,1.9773755203093797,0.02785564454398232,761.0486317577341,0.7933215771732652,0.034712217279438115,0.01392782227199116,1.9599999999999995,0.03928828375221481,309.2169652357107,0.3223295861960293,0.019892213207747457,0.019644141876107406
24,37,1.977312233761013,0.02771963592865433,855.005672619211,0.8203337538060042,0.03571889215900632,0.013859817964327165,1.9599999999999997,0.038514705631129256,317.7108563227148,0.30482714646059134,0.018441663806081077,0.019257352815564628
25,37,1.9773451897099747,0.02763921569875935,987.9492317631011,0.837180676908818,0.03634668339291828,0.013819607849379675,1.9599999999999997,0.037437001420687704,350.2337710307566,0.29678543803773605,0.017452736072172837,0.018718500710343852
26,37,1.9772780945807782,0.028328487472661073,929.8620674531778,0.8466556219645917,0.03767472237201184,0.014164243736330536,1.9599999999999997,0.03545288778679867,283.22612340380937,0.257882322615711,0.014361277237576712,0.017726443893399335
27,37,1.976838829374081,0.027658996609399515,827.9854628684212,0.8088752904336294,0.03514292186107741,0.013829498304699758,1.9599999999999997,0.037302488192819006,296.49787111972176,0.28965460430194795,0.016972198989022934,0.018651244096409503
28,37,1.976580256333664,0.027348481356285148,954.8697139749256,0.8187660496406326,0.035173283984693826,0.013674240678142574,1.9599999999999997,0.037325190767529465,356.1093974047177,0.30535085602329964,0.017902803913412455,0.018662595383764732
29,37,1.9767841087451283,0.027241977704711918,939.775335397284,0.8071880052447712,0.03454086504509691,0.013620988852355959,1.9599999999999997,0.03708439397649394,359.40179843542865,0.3086959295838904,0.017982164501512084,0.01854219698824697
30,37,1.9768323981627136,0.02750518348468778,1035.9058035047337,0.8203454231563635,0.03544305779386225,0.01375259174234389,1.9599999999999997,0.03678436480202101,376.41936945069665,0.2980907200940034,0.0172239039187488,0.018392182401010506
31,37,1.9776774069223864,0.02810194636056267,1172.3352435273932,0.8380500502524774,0.036993569131660305,0.014050973180281335,1.9599999999999997,0.03581699070467796,371.87397706495693,0.2658360796431978,0.014956256162353068,0.01790849535233898
32,37,1.9770811515575983,0.027779331001067487,611.471015442147,0.9121630144061978,0.03980284528374729,0.013889665500533744,1.9599999999999997,0.03202462978675603,118.70742621736085,0.1770820218723416,0.008907964280251056,0.016012314893378014
33,37,1.9775664579552878,0.028131890329633827,642.6676023741162,0.9264188187901976,0.04093795659627537,0.014065945164816913,1.9599999999999997,0.029672305096615597,109.62393968004828,0.15802520670771017,0.007365420223988158,0.014836152548307798
34,37,1.977536628484998,0.028487109328511975,427.52789778389734,0.8700697022051758,0.03893339761969176,0.014243554664255987,1.9599999999999997,0.030037267137731152,74.30162066066163,0.15121256249401818,0.0071345759766807135,0.015018633568865576
35,37,1.9772782951482861,0.028575905013446305,265.71320232903514,0.8801840063603952,0.03950875491436447,0.014287952506723153,1.9599999999999997,0.03293183705634743,57.15229010323737,0.1893189018641477,0.009793316982113621,0.016465918528173716
36,37,1.9761223953434446,0.02887328549351905,157.64344772150957,0.8186892274175941,0.0371308728062064,0.014436642746759525,1.9599999999999997,0.03727090580884735,37.748249795045446,0.19603786841598886,0.01147703738689534,0.018635452904423675
37,37,1.9765577890020318,0.027871264748856015,182.42450486935542,0.8604473043085351,0.037670452068484774,0.013935632374428008,1.9599999999999997,0.032577338859250744,46.1140579087016,0.21750760319555842,0.011130378290660185,0.016288669429625372
38,37,1.976824939372494,0.028331429382705713,224.4586122264943,0.8724133753271838,0.03882492974368179,0.014165714691352856,1.9599999999999997,0.03291604356863928,41.75363165137575,0.16228571655066576,0.008390885656415374,0.01645802178431964
39,37,1.9771831943380844,0.027765530332003133,232.6887297414509,0.8901269061370691,0.038821988704131324,0.013882765166001567,1.9599999999999997,0.03227585489619929,43.134949856829195,0.1650083332574798,0.008365723548100905,0.016137927448099644
40,37,1.976996668557868,0.02844526563370438,223.60917545020266,0.8772175068110055,0.03919558594131658,0.01422263281685219,1.9599999999999997,0.033555827603113035,36.58676645463537,0.14352967398137545,0.007565358798295646,0.016777913801556518
41,37,1.9774325438627118,0.028007679171512496,224.71139424464582,0.8576088498838099,0.037729952107624365,0.014003839585756248,1.9599999999999997,0.032821614866073594,41.0944279151636,0.15683648432436498,0.008085873089205718,0.016410807433036797
42,37,1.9772450145426927,0.028943408869175066,225.43864258081078,0.8808722421920872,0.040048152089991365,0.014471704434587533,1.9599999999999997,0.033149580723405396,37.397612746004214,0.14612631896235592,0.007608978571686245,0.016574790361702698
43,37,1.977310893624347,0.02898190498430725,227.92988495451507,0.8096422522350347,0.036858696264318556,0.014490952492153625,1.9599999999999997,0.032996125495545835,37.35760507697119,0.13269999903111332,0.006877866524637646,0.016498062747772917
44,37,1.9775579089783792,0.028778366428206515,236.8082032700236,0.9039676122292105,0.040863812770399376,0.014389183214103258,1.9599999999999997,0.0339038972488414,39.375877529267,0.15030948040669945,0.008004899314206386,0.0169519486244207
45,37,1.9776216113164249,0.02805555516657258,246.66556794958476,0.8809866728938299,0.03882469768487939,0.01402777758328629,1.9599999999999997,0.03344582126196234,45.391949836542665,0.1621211391402335,0.00851728909126495,0.01672291063098117
46,37,1.9779148169356324,0.027873468095077607,263.7665502214135,0.8837069814126485,0.038691821116703246,0.013936734047538804,1.9599999999999997,0.03152740181116058,50.34072136834627,0.16865840981433486,0.008352491841830047,0.01576370090558029
47,37,1.9779128751956698,0.02816146594249139,275.8398726786116,0.8861031568002742,0.03919759478874107,0.014080732971245695,1.9599999999999997,0.03312142938777858,50.708159445993935,0.1628939997843572,0.008474889322845592,0.01656071469388929
48,37,1.9777631071950643,0.02855167773480602,290.96371873827616,0.889473230402707,0.03989186973214436,0.01427583886740301,1.9599999999999997,0.03428651127619942,47.74979587126405,0.14597065699069883,0.007861560061656506,0.01714325563809971
49,37,1.9781251881554345,0.028671680007072813,312.5753172847568,0.8986058030847311,0.04047084171251245,0.014335840003536406,1.9599999999999997,0.032209437642178936,54.083377834852094,0.15548136556332065,0.007866496715940871,0.016104718821089468
50,37,1.9780862672616333,0.02892462163523934,312.8127072554159,0.9061575584712126,0.04117098723342574,0.01446231081761967,1.9599999999999997,0.033039285152960576,53.95268658561349,0.1562904371063897,0.008111159191671083,0.016519642576480288
51,37,1.978296024246505,0.028906685838997786,371.0967544840723,0.9148102939499466,0.04153834819039142,0.014453342919498893,1.9599999999999997,0.032149355286106046,59.357445177254206,0.14632518666517302,0.007389434977662327,0.016074677643053023
52,37,1.978386998201923,0.029134604934605568,403.68132621153427,0.9355072131306759,0.04281304830774061,0.014567302467302784,1.9599999999999997,0.03219791474372773,59.290701378586036,0.13740263720343301,0.006949326097407238,0.016098957371863867
53,37,1.9785444371915926,0.02885320990447145,446.79892605963414,0.9135393158359127,0.04140390038118629,0.014426604952235725,1.9599999999999997,0.02997059200203923,68.31979190131445,0.13968882267019708,0.006576227904332803,0.014985296001019615
54,37,1.9787067745519331,0.028935947638533563,474.81859874815683,0.9074150384064016,0.04124426412346008,0.014467973819266781,1.9599999999999997,0.03073802266772512,76.55111021777617,0.14629508785345507,0.00706359105042043,0.01536901133386256
55,37,1.9787066483569649,0.028659156254852693,511.7918045050025,0.9338154675866689,0.04203822212312973,0.014329578127426346,1.9599999999999997,0.030408221390111727,81.09238984167723,0.14796119686005266,0.007067384687933547,0.015204110695055863
56,37,1.9789177399558266,0.029200122057370888,563.2674383966288,0.9068275616276568,0.041593862826532615,0.014600061028685444,1.9599999999999997,0.032176716886403785,90.84583267205352,0.14625646595254257,0.007392250605505327,0.016088358443201892
57,37,1.9789836693112828,0.029073231890646103,607.4353146077763,0.9173346225262429,0.041892952998991526,0.014536615945323052,1.9599999999999997,0.030855100771432244,94.07552576962802,0.14207066142765018,0.006885749964553574,0.015427550385716122
58,37,1.9788883297336024,0.029132481098251634,648.8530694398605,0.9128378071321879,0.041772548256156145,0.014566240549125817,1.9599999999999997,0.030614934572716714,102.44733461347698,0.14412785371553458,0.006931083518184288,0.015307467286358357
59,37,1.9793253576485346,0.029826357770758326,760.6364970656338,0.9090769965451401,0.04259128747962609,0.014913178885379163,1.9599999999999997,0.03387343960196244,128.46672482981398,0.1535373924533114,0.00816945972408018,0.01693671980098122
60,37,1.9794015811965997,0.03040741749623101,777.2938678227816,0.8932867486763767,0.0426668229449365,0.015203708748115505,1.9599999999999997,0.038206978733765905,131.471644325914,0.15109070399846353,0.009067766294895838,0.019103489366882952
61,37,1.9792879062431328,0.029428740730377826,754.9507080201596,0.9360090432530997,0.04326847617808482,0.014714370365188913,1.9599999999999997,0.031225103941242307,108.88630073885558,0.13500028689982227,0.006621531679525861,0.015612551970621153
62,37,1.9799815406623078,0.029816712073860243,857.7678339526557,0.8956600372714209,0.041949117207068426,0.014908356036930121,1.9599999999999997,0.03246671337293473,148.36043703314218,0.1549143128279659,0.007900412161635895,0.016233356686467366
0,38,1.9766680203650755,0.03015923096379851,208.9502466679527,0.7314664733022916,0.034652499448071424,0.015079615481899254,1.9599999999999997,0.04354603059044449,90.38717642002862,0.316415942177735,0.021643465841680188,0.021773015295222246
1,38,1.9764542003291323,0.030196253957331887,65.83487356432062,0.6763470217609219,0.03208060339757346,0.015098126978665943,1.9599999999999742,0.05014293452932786,33.86102334481872,0.34786733919478324,0.027399540465519727,0.02507146726466393
2,38,1.9723115678734084,0.03913462960521034,29.43830718981859,0.764733041709779,0.04701007671011832,0.01956731480260517,1.9000000000000001,0.09999999999999999,4.144271826147642,0.10765773924589432,0.016910838135849357,0.049999999999999996
3,38,1.9732152980329787,0.045751095222704145,11.894003187805334,0.530015822860572,0.03808993285121024,0.022875547611352073,1.9000000000000565,0.09999999999999831,3.268355626973933,0.14564315896666646,0.0228775739127641,0.049999999999999156
4,38,1.9755857918284458,0.06277799681130787,6.181928013742629,0.3784796281881786,0.03732242371797312,0.031388998405653935,1.9000000000000365,0.09999999999999981,3.350544252738387,0.2051322403278406,0.03222209696141794,0.049999999999999906
5,38,1.9797269150733878,0.06243479193150681,4.669243928220105,0.35336453249373606,0.034655287221399635,0.031217395965753406,1.9000000000000001,0.09999999999999999,3.185126582607852,0.24104775486116756,0.03786369279180787,0.049999999999999996
6,38,1.9835395772673294,0.06987843714819175,4.199012337915785,0.32537790580753934,0.03571503828073724,0.034939218574095876,1.9000000000000123,0.09999999999992235,3.011375034948837,0.23334889817425672,0.036654359211347416,0.04999999999996117
7,38,1.9866162523350923,0.08651840525405961,3.160342446674421,0.2120414076336535,0.028817019565796777,0.04325920262702981,1.9000000000000001,0.09999999999999999,3.1910159509281972,0.2140994292337721,0.03363065970092931,0.049999999999999996
8,38,1.988250912638484,0.09999999999999289,2.7040051349066574,0.2228899260734724,0.03501146771557716,0.04999999999999644,1.9000000000000177,0.09999999999999658,2.993634258655991,0.24676392436876113,0.03876158659839304,0.04999999999999829
9,38,1.9814745843344748,0.07913154548581602,3.0982242191844502,0.211853412017405,0.026333281869387153,0.03956577274290801,1.9000000000000044,0.09999999999999998,3.2804376256406362,0.22431297889898427,0.03523500033069456,0.04999999999999999
10,38,1.9908703550177231,0.09999999999999684,3.0575788579698835,0.2657626559833396,0.041745900381787236,0.04999999999999842,1.9000000000000028,0.09999999999999999,2.52169364465283,0.21918388100845673,0.03442932351807335,0.049999999999999996
11,38,1.9859630305291753,0.0800275983765575,2.572817613932968,0.1639851596334219,0.02061409190301083,0.04001379918827875,1.9000000000000004,0.0999999999999983,2.690586988277367,0.1714914941466843,0.02693782090821756,0.04999999999999915
12,38,1.986400869817514,0.09999999999855615,3.1819252436672825,0.2225965421817262,0.03496538308112523,0.04999999999927807,1.9000000000000001,0.05867712857943611,3.486202239779534,0.24388271392156485,0.022478625365117896,0.029338564289718056
13,38,1.9833210645223256,0.0604373933367006,3.480690355331803,0.2426733509154619,0.023038154638314542,0.0302186966683503,1.9000000000000008,0.09999999999999835,3.282163993669525,0.2288321146917797,0.03594486452105501,0.04999999999999918
14,38,1.9837118374503533,0.07219675381763024,3.270773226544836,0.19972063701800183,0.02264959759176848,0.03609837690881512,1.9000000000000001,0.09999999999999999,3.323400645728499,0.2029341834658789,0.03187682699693242,0.049999999999999996
15,38,1.9816238651007498,0.08049981100738134,4.108719032099559,0.314724445825146,0.0397965308461997,0.04024990550369067,1.9000000000000001,0.051911788173849144,3.373765154674273,0.2584275927250408,0.02107292144246199,0.025955894086924572
16,38,1.9795264419421439,0.06943322558205309,4.575562131630718,0.3118795706758271,0.03401528749984408,0.034716612791026544,1.9000000000000001,0.05406945936513811,3.6142694403527895,0.24635591626470887,0.0209235273266771,0.027034729682569054
17,38,1.9761987108423453,0.05263874787940348,5.326025612674904,0.4138431260591056,0.03421851616897529,0.02631937393970174,1.900000000000006,0.09999999999999899,2.749013835029934,0.21360401954528865,0.03355284092903613,0.049999999999999496
18,38,1.9778725391339673,0.04777696427151618,5.737788520490178,0.39966329981795523,0.029993883358391066,0.02388848213575809,1.9000000000000024,0.09999999999999995,3.4194393600050343,0.23817964242959908,0.03741317074457359,0.049999999999999975
19,38,1.9781347583348237,0.04476326000542364,7.986495940204343,0.43633138022853024,0.030680189132450627,0.02238163000271182,1.9000000000000052,0.09999999999999998,2.6517738161028355,0.1448760680399748,0.02275707955176799,0.04999999999999999
20,38,1.9768921784896711,0.04041591613726409,10.520527190629526,0.4779658109239849,0.030343742009365997,0.020207958068632046,1.9000000000000088,0.09999999999999999,3.553460416510976,0.16143987452232603,0.025358916189789873,0.049999999999999996
21,38,1.9767507633428416,0.035451821593920255,24.061616183986796,0.6896876774894328,0.038407045396891736,0.017725910796960127,1.9000000000000001,0.09999999999999999,3.374677356667883,0.09672971967466605,0.015194268835686546,0.049999999999999996
22,38,1.97885019108357,0.028989028218675602,625.0006173406936,0.7974672119428948,0.03631335455464462,0.014494514109337801,1.9599999999999997,0.03897695128029165,240.0950580849196,0.30634839592146723,0.018756135170322857,0.019488475640145823
23,38,1.977653120619603,0.027752502415790276,739.4197096610599,0.7991597284168772,0.03483819267976775,0.013876251207895138,1.9599999999999997,0.03833650440781388,313.6539911580803,0.33899507291421827,0.020413890160325323,0.01916825220390694
24,38,1.9777354128037308,0.027509201436892346,785.3873279452588,0.7995163293770734,0.034548181994290016,0.013754600718446173,1.9599999999999997,0.03829320185742014,313.7987356179519,0.31944392828543106,0.019214814491966874,0.01914660092871007
25,38,1.9774783674697967,0.027609004679069852,893.523256574331,0.8190554031983358,0.03552089558139498,0.013804502339534926,1.9599999999999997,0.03783413210330234,322.6071501103525,0.29572048345035956,0.01757458426857224,0.01891706605165117
26,38,1.9774308984044737,0.02786858862186575,996.294968995201,0.8405737555438533,0.036796853029664546,0.013934294310932875,1.9599999999999997,0.036606239859894085,339.315463284431,0.2862803508631092,0.01646139131352444,0.018303119929947043
27,38,1.9771473035083125,0.027696834594604727,946.8880885840646,0.8373191715655505,0.03642847992530159,0.013848417297302363,1.9599999999999997,0.036601221403252386,319.86999876776775,0.28285632231091556,0.016262276680017767,0.018300610701626193
28,38,1.9769256892745801,0.027830779640653367,1038.4750975574873,0.8275393402448998,0.03617711233924643,0.013915389820326684,1.9599999999999997,0.036228302318393045,347.29174410665007,0.27674961245241436,0.015749068850213335,0.018114151159196522
29,38,1.977163307656196,0.02772445084663691,1026.5508619440193,0.8086105714651354,0.03521455822724889,0.013862225423318456,1.9599999999999997,0.036938588996565325,367.89183711084036,0.2897871305472418,0.016814318650470624,0.018469294498282662
30,38,1.9775849728522377,0.027601841902314298,1132.1887032551465,0.8387556802806387,0.03636582256261885,0.013800920951157149,1.9599999999999997,0.03644677013939814,395.46991299964697,0.2929746913697941,0.01677293369840637,0.01822338506969907
31,38,1.97819152819875,0.029287355509498347,804.0286649733628,0.8897764737075985,0.0409336954969972,0.014643677754749174,1.9599999999999997,0.032697424941000516,151.2479688769656,0.1673782170530469,0.008596711767994699,0.016348712470500258
32,38,1.9777626258595713,0.028092304858130066,640.40808617136,0.9092140913034633,0.04012115322653976,0.014046152429065033,1.9599999999999997,0.03010426341583637,117.44341952167481,0.16673932491757848,0.007884713571540216,0.015052131707918186
33,38,1.9780592115960618,0.028411459327204742,575.3898210279722,0.8978846960336508,0.04007135126671841,0.014205729663602371,1.9599999999999997,0.030681529634299855,88.10532264888784,0.13748665331654797,0.006626091446020544,0.015340764817149927
34,38,1.9780029284937364,0.02872071542906424,339.634995875657,0.9146453541920161,0.041263671152671655,0.01436035771453212,1.9599999999999997,0.03131634249210869,55.162092384469005,0.14855286451528357,0.007307552459521033,0.015658171246054346
35,38,1.97765735401237,0.029790777122914693,194.0597014106958,0.8692160637773411,0.04067517716477165,0.014895388561457347,1.9599999999999997,0.03326201638841531,35.72189401151126,0.16000253467176487,0.0083597889375125,0.016631008194207656
36,38,1.9754941807162607,0.029848172507467245,91.76568711092764,0.8045332543289134,0.03772086323033325,0.014924086253733622,1.9599999999999997,0.04281558433333813,23.630879731534954,0.20717796783982242,0.013933663607503817,0.021407792166669066
37,38,1.9758658144573022,0.0295055717869763,93.75191191760099,0.7853373075011411,0.03639821964261313,0.01475278589348815,1.9599999999999997,0.046433592031357176,20.284012945108355,0.16991431732752776,0.012393162188053268,0.023216796015678588
38,38,1.976673916157814,0.028531480823381795,132.15179392521696,0.8284726644467134,0.03712977975919543,0.014265740411690897,1.9599999999999997,0.040490852145481974,23.096279700790074,0.14479286140714928,0.009209243252301937,0.020245426072740987
39,38,1.9770455446124866,0.029391785670785053,143.82037914048863,0.8605348473839574,0.03972961082010996,0.014695892835392526,1.9599999999999997,0.038312618811639276,21.836187087134324,0.13065464042560465,0.007862968842424998,0.019156309405819638
40,38,1.977572825223908,0.028364283051185372,152.8198642756484,0.8632925376027961,0.038463577405829154,0.014182141525592686,1.9599999999999997,0.03622814267340811,27.46815311376882,0.15516995592978203,0.008830261870667681,0.018114071336704056
41,38,1.9775747433157818,0.028844346189610924,152.15756075014897,0.8571839133715891,0.03883779709433769,0.014422173094805462,1.9599999999999997,0.032311543034659135,28.8475809837538,0.16251366174016238,0.008248357030301837,0.016155771517329567
42,38,1.977387916670235,0.02889506631245817,154.11080349764273,0.8667176768173716,0.039338810751478555,0.014447533156229085,1.9599999999999997,0.03724284180354291,25.032279344738054,0.14078129830428598,0.008235835343512654,0.018621420901771456
43,38,1.977325309181037,0.02857768073492675,156.12703145602006,0.8367857048751169,0.03756307258340107,0.014288840367463375,1.9599999999999997,0.035000575001835246,27.170946572218316,0.14562666994640514,0.008006375869808305,0.017500287500917623
44,38,1.9777048096032779,0.02840840402693284,156.42260380260902,0.8806511898186541,0.03929801726723975,0.01420420201346642,1.9599999999999997,0.03325958574197041,30.958826495259906,0.1742965960523486,0.009105957484445659,0.016629792870985205
45,38,1.9773212210545612,0.02883007202128638,160.74117101984245,0.878373719592892,0.039778182671408716,0.01441503601064319,1.9599999999999997,0.03282724522004612,27.59546784827634,0.15079605047050693,0.007775785707377539,0.01641362261002306
46,38,1.977445209338621,0.028861950960938753,162.63756220710025,0.8139742619978685,0.03690253783020127,0.014430975480469376,1.9599999999999997,0.03449742030996561,26.678561079910796,0.1335218123752559,0.0072353361959326574,0.017248710154982805
47,38,1.9773271658807838,0.028589339874175144,162.85455178709043,0.8117931332425126,0.036456030430030664,0.014294669937087572,1.9599999999999997,0.03634773609149768,27.526627355629238,0.13721401596339472,0.00783421919451837,0.01817386804574884
48,38,1.9774777675882675,0.028354088558808787,163.9769733642272,0.8317959883919723,0.037046944096656334,0.014177044279404393,1.9599999999999997,0.0373521580011034,29.161484691946274,0.14792568422662775,0.008679189320660967,0.0186760790005517
49,38,1.9774645983224926,0.02899034091290803,166.14109044501703,0.8780868503862387,0.039986249640296324,0.014495170456454015,1.9599999999999997,0.03688307539380688,27.780858213928333,0.14682705057944703,0.008506542541448421,0.01844153769690344
50,38,1.9774619036356655,0.028823626207739504,172.83422510781654,0.884731452356116,0.04005714208671942,0.014411813103869752,1.9599999999999997,0.037927940251748636,27.622760059531718,0.14139979862384766,0.00842418559176954,0.018963970125874318
51,38,1.977639775064767,0.029139386019559246,178.2360225635148,0.8690677257825622,0.03977900316312595,0.014569693009779623,1.9599999999999997,0.03550481730755144,30.408038913368202,0.14826770056839303,0.008269013702973711,0.01775240865377572
52,38,1.9775332161224448,0.029121018498987253,177.86266306761183,0.85077043903789,0.03891695289556409,0.014560509249493626,1.9599999999999997,0.035869971160126156,29.7243996141972,0.1421807144554849,0.008011089740548694,0.017934985580063078
53,38,1.9779723034611574,0.02827183851106582,188.78611529440428,0.8746300017668982,0.03884170621174089,0.01413591925553291,1.9599999999999997,0.033370230446924186,36.24894786611214,0.16793828977700034,0.008802961632622728,0.016685115223462093
54,38,1.9779286019803082,0.028912934236530467,191.47438817729181,0.8855822288551618,0.04021989554095295,0.014456467118265233,1.9599999999999997,0.03534240773903084,34.004643384462234,0.15727381696581602,0.008731169855450485,0.01767120386951542
55,38,1.9779564668734706,0.028295999502838714,201.37937247341836,0.8615457267923898,0.0382933400989537,0.014147999751419357,1.9599999999999997,0.034867568010601424,34.85632390786801,0.14912310305505116,0.008167449651126637,0.017433784005300712
56,38,1.9779760026683124,0.028818114460847005,198.74599918770747,0.9048515540267956,0.04096026668641271,0.014409057230423503,1.9599999999999997,0.03403144101871344,34.00394605178065,0.15481329714183292,0.008275771220553335,0.01701572050935672
57,38,1.9780642429294049,0.028556356836633157,206.25754895425183,0.8618417922160396,0.0386589654036607,0.014278178418316578,1.9599999999999997,0.03508091477344742,36.083407304338074,0.15077357690956406,0.008308373744003403,0.01754045738672371
58,38,1.9779923462420086,0.028431757630286998,211.71809421884691,0.8680381173418071,0.038767016730141476,0.014215878815143499,1.9599999999999997,0.033923906751656525,36.73747314827539,0.15062258681849305,0.008026308342452056,0.016961953375828263
59,38,1.9782623871898875,0.028377530507681475,217.9065750068067,0.8799887714480874,0.0392257816864767,0.014188765253840737,1.9599999999999997,0.03447854978402315,38.99123464903017,0.15746128208830948,0.008527910833412177,0.017239274892011575
60,38,1.9784444211316796,0.02826496368547283,231.29102327494618,0.8911999327712861,0.03956794122588418,0.014132481842736414,1.9599999999999953,0.03423181198720281,36.628820312599025,0.14113648570474277,0.007589078839338481,0.017115905993601407
61,38,1.9784260272795096,0.028828527778264675,238.44090694020608,0.8945268826515441,0.04050752773357899,0.014414263889132337,1.9599999999999997,0.033090794161232055,36.402746432417764,0.13656731851934778,0.007098618708414593,0.016545397080616028
62,38,1.978876278744141,0.028456766285350585,247.23326949474205,0.8935732568418145,0.03994253152744514,0.014228383142675292,1.9599999999999997,0.03251570121548352,37.59683469858602,0.13588594325195918,0.006940448477955338,0.01625785060774176
0,39,1.9763068037095575,0.02871799741273429,251.0901968843292,0.7060644262961454,0.03185065442153549,0.014358998706367145,1.9599999999999997,0.04268771779321068,130.73263153460715,0.36761953126027697,0.024650253552995396,0.02134385889660534
1,39,1.9755999277849092,0.03012859605434308,109.48903461940208,0.7248733422020123,0.034305274617132134,0.01506429802717154,1.9582774913998944,0.047214652842091746,50.513668690316074,0.3344262918904757,0.024802593256182878,0.023607326421045873
2,39,1.9728602576683951,0.03556171508885584,47.99970571460835,0.7677122256649811,0.04288456724772584,0.01778085754442792,1.9419252115714063,0.07820439172643405,7.7002827804389185,0.12315911407392939,0.015129256142796832,0.039102195863217025
3,39,1.972668848926732,0.0422719239194698,16.674746111155876,0.6467376959966832,0.04294375994536289,0.0211359619597349,1.9000000000000017,0.09999999999999999,3.915708631792385,0.1518725599681221,0.023856085933886384,0.049999999999999996
4,39,1.973594497333758,0.04572804488517487,8.473350804485799,0.45452627176798627,0.032648369810444305,0.022864022442587437,1.9000000000000024,0.09999999999999999,3.213513337246572,0.17237882275358257,0.027077202159855606,0.049999999999999996
5,39,1.9772450041231897,0.06539385339503363,5.770535157148674,0.39500211723843204,0.040574785243244656,0.032696926697516816,1.9000000000000077,0.09999999999999945,3.3492160435736524,0.22925905349725131,0.036011927911795506,0.049999999999999725
6,39,1.9819816607622696,0.06861706972146464,4.141145417532382,0.28179165455310257,0.0303724741936428,0.03430853486073232,1.9000000000000001,0.09999999999778025,2.906718905973937,0.1977928923643684,0.031069234878519165,0.04999999999889013
7,39,1.9828176859846551,0.08225717844084263,3.7019654068912047,0.2860776192185736,0.03696388141461369,0.04112858922042131,1.9000000000001112,0.09999999998915998,2.6181147175458666,0.20232064401314956,0.03178045244161831,0.04999999999457999
8,39,1.982270502175017,0.09004848997327518,3.1979197054433497,0.2507596311552525,0.03546940750490553,0.04502424498663759,1.9000000000000001,0.0999999999999958,2.486600366207027,0.19498269127871815,0.03062780952491809,0.0499999999999979
9,39,1.9799805243919182,0.07838217631925912,4.0484516264999595,0.2805275482337245,0.034539234724505666,0.03919108815962956,1.9000000000000001,0.053929904690718865,2.8870213217883287,0.20004907747902284,0.016946736733901867,0.026964952345359432
10,39,1.983135718034114,0.09471345488918763,2.726931887913546,0.188904228907642,0.028104329993524135,0.047356727444593814,1.9000000000000001,0.09999999999999999,2.782275293081813,0.19273806257425175,0.03027522407251996,0.049999999999999996
11,39,1.9802927796116876,0.05166315322162657,3.1133510076114668,0.2118535436898948,0.017192400492826648,0.025831576610813284,1.9000000000000001,0.09999999999999999,3.081266880011573,0.20967032178153347,0.03293493712923368,0.049999999999999996
12,39,1.9795484609238092,0.04626182355323373,3.3751765858877314,0.2903896325186294,0.021102005505271228,0.023130911776616865,1.9000000000000001,0.09999999999999999,3.266436845099951,0.28103400546801416,0.04414471834936135,0.049999999999999996
13,39,1.9825301301338836,0.06849537586543829,2.7967081557815945,0.19139840833961738,0.02059299206261399,0.034247687932719144,1.9000000000000044,0.0999999999999996,3.0635386405749867,0.20965949503197231,0.03293323646738937,0.0499999999999998
14,39,1.9867406546285153,0.07854250372917473,3.1111746675670897,0.26007222577615446,0.0320862226551834,0.03927125186458737,1.9000000000000001,0.09999999999999827,3.2494203095398904,0.2716285849180972,0.04266731834418353,0.049999999999999135
15,39,1.9849585487488572,0.06139107943522797,3.278455704282497,0.22861646960678797,0.022046145053955298,0.030695539717613986,1.9000000000000001,0.09999999999995168,3.0813781561670495,0.21487366587451182,0.0337522765080474,0.04999999999997584
16,39,1.9815241987060053,0.057712281402682794,4.151020978826736,0.2877413226735957,0.026084970819489968,0.028856140701341397,1.9000000000000001,0.09999999999999999,3.177603583590722,0.22026577623637592,0.03459926722307259,0.049999999999999996
17,39,1.980066047107037,0.08313534425201169,3.918138279095402,0.23962207950776077,0.03129193426741115,0.041567672126005845,1.9000000000000001,0.09999999999999999,2.7254644546143383,0.16668157520718044,0.026182280607982635,0.049999999999999996
18,39,1.9794997122857239,0.053664870591631844,5.311061286034028,0.3193531497749821,0.0269203788502645,0.026832435295815922,1.90000000000035,0.09999999999229633,3.05781495933262,0.18386585770715852,0.028881581388714835,0.04999999999614817
19,39,1.9794297904579026,0.052731826782636715,6.566925037270428,0.39586770413730116,0.032790101893591855,0.026365913391318357,1.9000000000000101,0.09999999999999999,3.0582711177205595,0.1843588527553341,0.028959020872019996,0.049999999999999996
20,39,1.9777397730672461,0.03501583435020237,9.201775160343992,0.5577574893349349,0.030678192387119437,0.017507917175101185,1.9000000000000077,0.09999999999999672,3.127412721820303,0.1895653650997726,0.02977685791862465,0.04999999999999836
21,39,1.9768566532555838,0.03836880631230982,12.55756725794992,0.5272958168723633,0.031779897428610177,0.01918440315615491,1.9000000000001764,0.09999999999999999,2.725809217139899,0.11445750345315267,0.01797894259983264,0.049999999999999996
22,39,1.9770620223086064,0.035522017867204075,56.218864373649794,0.8553524062312781,0.047726829696015105,0.017761008933602038,1.900000000000753,0.08901280687718294,3.114716831652396,0.04738944065066638,0.006626038511131697,0.04450640343859147
23,39,1.9777991393968253,0.027982033942880177,697.6217005565169,0.7884334064100066,0.0346548619717186,0.013991016971440088,1.9599999999999997,0.039672468295651526,287.07644465993513,0.3244461274394799,0.020218628549063807,0.019836234147825763
24,39,1.977661630096754,0.027746518030570776,734.7345904505365,0.7933623437986482,0.03457800642150784,0.013873259015285388,1.9599999999999997,0.03920848191813679,303.1254814469194,0.32731321697860327,0.020158742952241786,0.019604240959068396
25,39,1.9776751407278974,0.02753499984506283,896.6047542381609,0.8126427476027562,0.03514832385132621,0.013767499922531415,1.9599999999999997,0.03753569145596466,323.2177008221325,0.2929501759034551,0.01727261372009912,0.01876784572798233
26,39,1.97770735513179,0.027847295020655374,966.4284308263112,0.833577873097414,0.036462720704551255,0.013923647510327687,1.9599999999999997,0.03683576389744934,332.1649192176778,0.2865037058588032,0.01657752919848923,0.01841788194872467
27,39,1.9774434610396199,0.027756351575752746,1046.7420015745092,0.8241995666922224,0.0359347509057313,0.013878175787876373,1.9599999999999997,0.03602788116772192,355.938983734818,0.2802646265477336,0.015860865620346377,0.01801394058386096
28,39,1.9773916959499218,0.02779573849248992,1100.9909628975784,0.844870905584341,0.036888283667658436,0.01389786924624496,1.9599999999999997,0.03662417450778438,362.550201294893,0.27821129074634937,0.016005250393710684,0.01831208725389219
29,39,1.9774851884774591,0.02745801724420413,1130.4820465107189,0.8417851806916168,0.03630699675158711,0.013729008622102065,1.9599999999999997,0.036393480602152806,381.4732863973176,0.28405454143224745,0.016238473720541227,0.018196740301076403
30,39,1.9780412918096522,0.02818692168312784,1175.3719970781658,0.8551658384453027,0.03786324830078679,0.01409346084156392,1.9599999999999997,0.035631938938447516,352.2316136119424,0.25627328533450405,0.014343748735032833,0.017815969469223758
31,39,1.9775549967681194,0.028080119467153605,602.9819978828066,0.9133188781411475,0.040284804718572556,0.014040059733576802,1.9599999999999997,0.03133554446975296,107.0102533166425,0.16208524442176012,0.007978120700807001,0.01566777223487648
32,39,1.9782354412623162,0.028049594115989878,645.7529381041182,0.9316560149749715,0.04104894979711644,0.014024797057994939,1.9599999999999997,0.028978541173050282,108.36672776228495,0.15634541909991218,0.007116747486109532,0.014489270586525141
33,39,1.978364829625711,0.028436033236664646,462.78332511531556,0.9018716032140587,0.040284094207164084,0.014218016618332323,1.9599999999999997,0.028627936723267793,73.85827708215187,0.1439349240729677,0.006472560353105215,0.014313968361633896
34,39,1.9785031405352245,0.028851998154545883,277.9587681746871,0.8930990640412415,0.04047579680366322,0.014425999077272942,1.9599999999999989,0.03359486721527288,44.58793967395083,0.14326386410414105,0.007560133536893279,0.01679743360763644
35,39,1.9779215615780024,0.030275931123961465,124.48023331701042,0.8214626529808455,0.03906656340575391,0.015137965561980733,1.9599999999999989,0.04194784186814111,20.47106925524677,0.1350914792788364,0.00890138235802376,0.020973920934070554
36,39,1.9745776156370334,0.03384715436280885,65.89869231522783,0.8521501725705893,0.045306256078137014,0.016923577181404425,1.9000000000000008,0.09999999999999976,3.638887133642673,0.04705523266023826,0.007391418661918133,0.04999999999999988
37,39,1.974286575551348,0.03260289423751684,67.89084504122901,0.8408438271608573,0.04306171997335583,0.01630144711875842,1.9000000000000445,0.09025127124402788,3.826329559913646,0.04738997709017566,0.006718304806505737,0.04512563562201394
38,39,1.9750451360300927,0.03249120792462083,81.29668088642788,0.8679447433949115,0.04429735667783007,0.016245603962310416,1.9000000000108235,0.08043026024889754,3.0694734727888635,0.032770505962217984,0.004140211217799526,0.04021513012444877
39,39,1.9755743635933487,0.03233196705182438,84.31389612953072,0.8641787252344546,0.04388898881864323,0.01616598352591219,1.9000000000034676,0.08365676655149687,3.421329476153786,0.03506705633395688,0.004608082677777993,0.041828383275748435
40,39,1.975699999126189,0.03232315503449848,85.98096141042893,0.8697144669813112,0.044158093688223425,0.01616157751724924,1.9000000015575904,0.09517541191800397,3.16251406596402,0.03198945662018593,0.004782461750341883,0.04758770595900198
41,39,1.9757825293668525,0.03234773732051275,86.1072206426238,0.9191090572594262,0.04670150008467759,0.016173868660256375,1.9000000004114015,0.07859411776888985,2.9495883764809685,0.03148392633949237,0.0038868591928124703,0.03929705888444492
42,39,1.975896980965772,0.03304131735774089,87.43694195577986,0.8829450448622992,0.045825889648767076,0.016520658678870447,1.9000000000147312,0.0941061049723715,3.3331137342582338,0.033658041896229,0.004975383048615314,0.04705305248618575
43,39,1.9758720708210555,0.03207922198701758,89.5497165476856,0.8857758110913805,0.04463417585830848,0.01603961099350879,1.9000000001105068,0.08709350512403209,3.557859983416998,0.03519236502421074,0.004814532247661912,0.043546752562016046
44,39,1.9770702519758832,0.029229910192574995,85.18920442203613,0.8137652380393552,0.0373634088323535,0.014614955096287498,1.9591168056561503,0.05078107024126173,12.718121943044196,0.12148916756074032,0.009690792242456798,0.025390535120630865
45,39,1.9773435526859764,0.030258810296953757,89.5472999003247,0.82832485523091,0.03937063494818989,0.015129405148476879,1.9599999999999997,0.04476246050316978,13.713305062524189,0.12684996022545025,0.008919164281221626,0.02238123025158489
46,39,1.9774123973339954,0.029211229147093436,93.70193479908896,0.8076161601606137,0.03705737983853539,0.014605614573546718,1.9599999999999995,0.039579258837923834,14.512565385330301,0.12508367469370815,0.007776571435551353,0.019789629418961917
47,39,1.97722927720025,0.030744065512140685,95.51247033612043,0.8420011046351101,0.04066247742498623,0.015372032756070343,1.9599999999999997,0.040480418028121044,14.3220709360305,0.1262578541457701,0.008028294025720674,0.020240209014060522
48,39,1.97738322082017,0.029946470125714802,103.61352231487254,0.8710744781348663,0.04097517383056817,0.014973235062857401,1.9599999999999997,0.0391406465234266,14.518111387482056,0.12205314535996187,0.007504069504219415,0.0195703232617133
49,39,1.977715695999368,0.029928614151941844,105.93270413544724,0.874852405413141,0.04112834884806261,0.014964307075970922,1.9599999999999997,0.036411280893657784,16.83678089695903,0.13904769435777836,0.00795279203793445,0.018205640446828892
50,39,1.9778818215188325,0.02922839713702287,107.4987420299353,0.83829625763388,0.03848773946413921,0.014614198568511434,1.9599999999999997,0.041415278355618,18.410914173892625,0.14357191684433737,0.009340066328830011,0.020707639177809
51,39,1.977339673495423,0.029698380022550683,109.78220129878218,0.8692466570230235,0.040550448908608414,0.014849190011275342,1.9599999999999997,0.04255485842169283,17.445406717153634,0.13813132994137742,0.009233390862798138,0.021277429210846414
52,39,1.9780052057623088,0.029369758770286004,112.79890354607278,0.7994923990891788,0.03688370974184673,0.014684879385143002,1.9599999999999997,0.03606788133682212,21.34700148487908,0.15130258268454982,0.008572092534804463,0.01803394066841106
53,39,1.977857041505686,0.028720383072771534,115.30205596574646,0.8400941904955158,0.037899901975255994,0.014360191536385767,1.9599999999999997,0.040869451997671384,20.74297468909665,0.15113392717890906,0.009702433147947458,0.020434725998835692
54,39,1.9782737955238314,0.02847427811433372,116.97799605192554,0.8428764658023649,0.037699581359256884,0.01423713905716686,1.9599999999999997,0.037332927776071674,24.018170029468358,0.17306118204052903,0.010148727529986579,0.018666463888035837
55,39,1.9780992814474863,0.02913729135004735,122.64433863565893,0.8373860001794603,0.03832611068446642,0.014568645675023676,1.9599999999999997,0.034401923989099074,21.829639756447023,0.1490475216741462,0.008054291955665127,0.017200961994549537
56,39,1.9779325744310503,0.028503279044922294,123.51186119912889,0.8130003891553367,0.03640034124222094,0.014251639522461147,1.9599999999999997,0.04011213504616323,21.28667333759572,0.140116694374693,0.008828471893164016,0.020056067523081617
57,39,1.9777759256786858,0.02960754587715942,125.24531911553724,0.8556886741950002,0.039795876247409365,0.01480377293857971,1.9599999999999997,0.04193921686872685,19.94341546754366,0.13625542943125815,0.008976230793472036,0.020969608434363424
58,39,1.9781480202874249,0.029435372577152688,130.21549778474116,0.8831514999765905,0.04083425393340168,0.014717686288576344,1.9599999999999997,0.03579883644387346,20.921478826776788,0.14189428848277644,0.007979096230114802,0.01789941822193673
59,39,1.9780403536445805,0.02903936639045812,134.03143541820236,0.871556458390698,0.03975598689159781,0.01451968319522906,1.9599999999999997,0.03517875689890881,21.975458484145072,0.14289821420022045,0.00789636413575794,0.017589378449454404
60,39,1.978452200975763,0.029044741008988885,133.42355020506707,0.820251800809992,0.03742265344364311,0.014522370504494442,1.9599999999999997,0.037290580657537604,24.069605114410155,0.14797340431682304,0.008667676387626925,0.018645290328768802
61,39,1.9783312616933795,0.029308705488861882,141.2301141611148,0.8656724808041344,0.03985383566605796,0.014654352744430941,1.9599999999999997,0.0367834105897919,22.018699579966317,0.13496400822650115,0.007798118665049881,0.01839170529489595
62,39,1.9786836370289766,0.029149189220142983,146.81260177764096,0.8738740574722191,0.04001245541133458,0.014574594610071491,1.9599999999999997,0.038499732613762695,22.66264470707572,0.1348950774213423,0.008157811989282412,0.019249866306881348
0,40,1.975691056601179,0.029428737996811345,311.41884613573285,0.6979428905043301,0.0322634944010656,0.014714368998405673,1.9599999999999997,0.04189782869993411,159.2099691108712,0.35681676756940656,0.02348316601805956,0.020948914349967054
1,40,1.9762157650180818,0.029398704821340816,201.48441152154112,0.7223615915420761,0.033358208660471206,0.014699352410670408,1.9591455016383066,0.04469747282235232,96.00465602969845,0.3441957400145976,0.0241661984164527,0.02234873641117616
2,40,1.9744051117245098,0.03315488641268456,80.50353278817701,0.7812509592504452,0.04068721698262539,0.01657744320634228,1.9545851438530155,0.05208605605085174,24.035789197833594,0.2332566375261829,0.01908426163271434,0.02604302802542587
3,40,1.97127668062538,0.04021440920558714,31.561032969617777,0.7136118738079371,0.04507789602662293,0.02010720460279357,1.9000000000000001,0.09999999999999999,3.992752553175271,0.09027827555155386,0.014180878362575831,0.049999999999999996
4,40,1.9721422955490435,0.03976351921296629,12.587515540266725,0.5251024465622958,0.032798103560313985,0.019881759606483144,1.9000000000000001,0.09999999999999999,3.7775339553647096,0.15758410113487126,0.024753252722393124,0.049999999999999996
5,40,1.9741321714746176,0.047466518395460004,7.4859456617598035,0.448522377840323,0.03344193288146967,0.023733259197730002,1.900000000000063,0.09999999999869601,3.6603234054177696,0.21930922713599094,0.03444901284129501,0.049999999999348003
6,40,1.9726991042700366,0.049749827088872725,5.690003038516228,0.37961983213831696,0.029666092427747367,0.024874913544436363,1.9000000000000041,0.09999999999999994,3.209898113992353,0.2141547157297536,0.0336393440834102,0.04999999999999997
7,40,1.979380106080035,0.09999999999999827,3.953657445527718,0.27472277200741635,0.0431533521156154,0.049999999999999135,1.9000000000000001,0.09999999999999999,3.0468477151803675,0.21171243632795025,0.03325571173207427,0.049999999999999996
8,40,1.9833445781859493,0.060567853482501995,3.119065637898216,0.21713532421176926,0.020658203017829672,0.030283926741250997,1.9000000000001154,0.09999999999998854,3.5824473891576614,0.249393878046288,0.03917469875601987,0.04999999999999427
9,40,1.977977318245437,0.05286014728956709,3.272766853194385,0.2278779298788416,0.018921279954343135,0.026430073644783544,1.9000000000027675,0.09999999999920182,3.0011048059362193,0.20896250212833875,0.032823753077844534,0.04999999999960091
10,40,1.9844423467164904,0.08525212904182061,2.8148790054372155,0.20776839696135177,0.02782304125221882,0.042626064520910306,1.9000000000000001,0.09999999999999916,3.1095402223134028,0.22951756932676845,0.03605253548333778,0.04999999999999958
11,40,1.9841868550346466,0.09999999999886389,2.879305486453838,0.227078436594568,0.03566939740930228,0.04999999999943194,1.9000000000000001,0.09999999999999999,2.3171233721950135,0.1827415518187367,0.028704975834967086,0.049999999999999996
12,40,1.9848082053515756,0.09270422271731936,3.08677065224092,0.2181763978069731,0.031770727602035226,0.04635211135865968,1.9000000000000001,0.09999999999999977,2.6854081092003717,0.18980764491901203,0.029814915143637342,0.049999999999999885
13,40,1.9842616908862558,0.08974220111050775,3.252244183486226,0.23809782849174307,0.033563869888954274,0.044871100555253875,1.9000000000000001,0.06213088399820556,3.1241231719420424,0.22871804858845932,0.022321729801600406,0.03106544199910278
14,40,1.9871945849714645,0.09023799779862765,3.1958749295004845,0.22480747134733903,0.031865450909751326,0.045118998899313825,1.9000000000000001,0.09999999999999999,3.0920878950151143,0.21750677864315301,0.03416588489456554,0.049999999999999996
15,40,1.9833345224924068,0.06583223947539409,3.4139177302661574,0.22401995579815145,0.02316568855931768,0.03291611973769704,1.9000000000000001,0.09999999999999967,3.1510745323165814,0.2067722872136135,0.032479714923812235,0.049999999999999836
16,40,1.9866586541636566,0.06319884435467311,3.3840012515275095,0.23664369351660905,0.023492214039239488,0.03159942217733656,1.9000000000000001,0.09999999999999999,3.5507897293496553,0.24830723572423366,0.03900400937922208,0.049999999999999996
17,40,1.9800274997865575,0.05733492250404323,4.137862056258167,0.27641146587073473,0.024894027271551634,0.028667461252021614,1.9000000000000001,0.09999999999999999,3.4238545272314513,0.2287153694185764,0.03592652621642376,0.049999999999999996
18,40,1.9796568214079677,0.048535122792553946,5.067179822002761,0.34436849485227744,0.026254238258078638,0.024267561396276973,1.9000000000000001,0.09999999999999998,3.4507863178531974,0.23451744995824045,0.036837914896371,0.04999999999999999
19,40,1.9802663677532586,0.05371942258914208,5.2034020365363,0.3539999862363952,0.02987132301351654,0.02685971129457104,1.9000000000000001,0.09999999999999923,3.1102244956496548,0.2115960713627622,0.03323743316608551,0.049999999999999614
20,40,1.9796138900509646,0.04182423911516231,7.4832019690628115,0.452342358108773,0.029717699274558546,0.020912119557581155,1.9000000000000334,0.09999999999999867,3.119979398108335,0.188595583017234,0.02962452490532092,0.04999999999999934
21,40,1.977207427216546,0.04183049034633818,9.988741930007722,0.5441064796118041,0.03575170271280855,0.02091524517316909,1.9000000000001431,0.09999999999998475,3.317925576992995,0.18073395207941134,0.02838962280534209,0.04999999999999238
22,40,1.976734550350738,0.03644501108117697,21.814419594375963,0.744560221731736,0.042624352414786106,0.018222505540588484,1.9000000000000001,0.09999999999999995,3.2177501666419697,0.10982684032400045,0.017251559736442944,0.049999999999999975
23,40,1.9799171285099118,0.03118855410331838,330.47575226405877,0.8626898795008726,0.042263924479025994,0.01559427705165919,1.9599999999999997,0.0367626327101599,85.70789267564439,0.22373602631380327,0.012919996701980957,0.01838131635507995
24,40,1.9777839854748445,0.027736499922588705,690.3207731289745,0.7997188908700866,0.03484246628441732,0.013868249961294352,1.9599999999999997,0.03896064065291674,298.42643773953597,0.3457193656705789,0.021157759399386904,0.01948032032645837
25,40,1.977514399318809,0.027681648134927146,810.9633715585705,0.8063452926892952,0.03506169245178877,0.013840824067463573,1.9599999999999997,0.03860368819312963,292.749863058103,0.29108278165346,0.017650832457730966,0.019301844096564814
26,40,1.977765733939834,0.027616829471424752,905.6080683822295,0.8221935608204206,0.035667097296140045,0.013808414735712376,1.9599999999999997,0.03721030398420797,310.2807921398822,0.28170118868242683,0.016465380622098336,0.018605151992103986
27,40,1.9776580028404562,0.028022934089793713,1095.4395479367965,0.8482425053125496,0.03733821167717399,0.014011467044896857,1.9599999999999997,0.036160709608314384,346.95470171722445,0.268660854876829,0.015260234724084455,0.018080354804157192
28,40,1.9776531816521212,0.02801606645171681,1171.0977394578342,0.8476605899991816,0.0373034524667677,0.014008033225858404,1.9599999999999997,0.03641648901393515,362.652335513135,0.262493968119143,0.015015412843187075,0.018208244506967574
29,40,1.9780316646497278,0.027890065341200483,1243.1040552409452,0.8498081389191129,0.03722976500367486,0.013945032670600242,1.9599999999999997,0.035760580731017934,391.8510489060647,0.26787637704216294,0.015047309591914082,0.017880290365508967
30,40,1.9780972074148246,0.028105164550477197,659.767717365473,0.9005653326698341,0.03975769833382859,0.014052582275238598,1.9599999999999997,0.032197231301261134,126.14492149617884,0.1721844525001026,0.008708279076864445,0.016098615650630567
31,40,1.9782793901997584,0.027963897071136643,646.0851189869566,0.9246188014229599,0.040614423420861454,0.013981948535568322,1.9599999999999997,0.029680933864167477,111.56355938173033,0.15965971282507938,0.00744376719483504,0.014840466932083738
32,40,1.9784256546555998,0.028550431798222548,562.2137240435108,0.9170834178083906,0.04112836061632919,0.014275215899111274,1.9599999999999997,0.02960711851766339,82.26669396222483,0.13419348842653864,0.006240903422410795,0.014803559258831695
33,40,1.9783924814142568,0.028867501834877123,354.7324648234103,0.9098745086951736,0.04125822852090131,0.014433750917438561,1.9599999999999997,0.030956919983314148,51.400835481050514,0.13184107621253122,0.006411038148637289,0.015478459991657074
34,40,1.9786765038901586,0.029776708523725843,190.80225602076993,0.8866008160069776,0.041469107968412244,0.014888354261862921,1.9599999999999997,0.03302966728790199,26.872078567504524,0.12486648367071537,0.006478432794689614,0.016514833643950996
35,40,1.9769952568336173,0.034030221456344295,69.90881443950369,0.8700667652044084,0.04650902467511688,0.017015110728172148,1.9183916973582222,0.0848833661399859,3.2830462595993004,0.04085993249932555,0.005448037841954997,0.04244168306999295
36,40,1.975362867048934,0.03475594703177659,33.07355681140225,0.7198714429934436,0.03930103152360524,0.017377973515888295,1.9000000000000001,0.09999999999999999,3.567843801893032,0.07765686892068675,0.01219831244510075,0.049999999999999996
37,40,1.9752914091310017,0.03394266549526688,34.36461315683079,0.7227140866012594,0.03853295727682785,0.01697133274763344,1.9000000000000001,0.09999999999999999,3.431054448402052,0.07215769810762972,0.011334504713743981,0.049999999999999996
38,40,1.9754036740096537,0.03199409318361033,42.38885362938386,0.8206498952489089,0.041242748590839526,0.015997046591805165,1.9000000000000001,0.09999999999979421,3.780322200712558,0.07318718843274788,0.011496216675836973,0.049999999999897106
39,40,1.9761769183500648,0.03227541709129505,47.14554743451166,0.7821821586839552,0.03965515447157317,0.016137708545647524,1.9000000000000001,0.08225173021562537,3.0343364613958235,0.05034205715491663,0.006504229813985359,0.04112586510781269
40,40,1.9759326651117408,0.03263720232239364,51.99012819823867,0.748269023840198,0.03836105723174385,0.01631860116119682,1.9000000000071586,0.08867253870912772,3.293469804162352,0.047401334076556875,0.006602365828406721,0.04433626935456386
41,40,1.9759978326227585,0.032834373867704957,51.91292768197077,0.8866859403047649,0.0457318150187676,0.016417186933852478,1.9000000000000001,0.09999999999999999,3.0742576251774225,0.052509098115578544,0.00824810984432636,0.049999999999999996
42,40,1.9762700397172097,0.03296618771737113,54.660831331709,0.8508894499168246,0.0440617501218489,0.016483093858685564,1.9000000000000212,0.08373894935341468,3.8697094722206473,0.06023865506497785,0.0079236019749186,0.04186947467670734
43,40,1.9762056947894535,0.03317199740372001,54.81306398363915,0.8809623854587137,0.045903823964704084,0.016585998701860005,1.9000000000000001,0.0999999999999958,3.7273759279198933,0.059906849760156144,0.009410145955310305,0.0499999999999979
44,40,1.976054929862211,0.03278286608056918,58.23148808973098,0.856749425184729,0.044118487815704314,0.01639143304028459,1.9000000000000001,0.09999999999998342,3.389990507524184,0.04987632145391135,0.007834554253383245,0.04999999999999171
45,40,1.9762207017188598,0.032817390243610356,60.58562387912027,0.8947878021931325,0.046125806587168756,0.016408695121805178,1.9014156383366752,0.09999999999999999,3.082807822894156,0.04552992376433892,0.007151823700827524,0.049999999999999996
46,40,1.9763367066691442,0.03179316819369499,64.72960098440198,0.8443283270396154,0.04216625633922672,0.015896584096847494,1.9000000000000001,0.09431211561045857,3.5440034747411158,0.046227730116424025,0.006848412846077786,0.04715605780522929
47,40,1.9763636329033898,0.031193194667047577,66.21636980396185,0.8819777776728147,0.0432152843896796,0.015596597333523789,1.932561510843612,0.08328223885032736,3.9096689808735707,0.052075357942393506,0.006812468896851307,0.04164111942516368
48,40,1.9761583156320648,0.03283936279032086,70.12119234595941,0.7991359525750188,0.04122258937670417,0.01641968139516043,1.9000000010286262,0.07593269001656557,3.0781058461001147,0.035079623793529115,0.004184114780955595,0.03796634500828278
49,40,1.976096967624613,0.03204186414265702,71.01552321659871,0.8421932780541286,0.04238863410872524,0.01602093207132851,1.9000000000006572,0.09797678962406556,3.3449766193932535,0.03966902863630197,0.0061051262338830715,0.04898839481203278
50,40,1.9760063316979426,0.03209290749670143,72.19602830095577,0.8964391327176066,0.04519077071033558,0.016046453748350713,1.9000000000051886,0.0869015403395977,3.4996611121919035,0.04345437340598571,0.005931722744690087,0.04345077016979885
51,40,1.975866404891879,0.03282166774120635,73.11051080920349,0.8881854216482045,0.04579142538018527,0.016410833870603176,1.900000000000438,0.08665224941693002,3.318835046501657,0.04031897565112946,0.005487938147701035,0.04332612470846501
52,40,1.9761168277541161,0.0325945289184106,73.40706102052994,0.8749971401006005,0.044799299086281295,0.0162972644592053,1.9000000000000068,0.09521553931858348,3.3122520854108775,0.039481366802251054,0.005904999807232791,0.04760776965929174
53,40,1.9759602716174276,0.032883607609597465,72.63912557127479,0.858176148295094,0.04432775880570285,0.016441803804798732,1.9000000000430852,0.08654602242049454,3.1746025475492186,0.037505520133917135,0.005098731970467456,0.04327301121024727
54,40,1.9761032312793332,0.03292611171932067,74.00383381734437,0.8596873170513062,0.04446321316669773,0.016463055859660337,1.9000000000029909,0.08692635818066223,3.494654106031958,0.04059667800254993,0.005543216730248025,0.043463179090331115
55,40,1.9762857963774807,0.032733372574187444,74.13999743146657,0.8649307496938584,0.044472543438775027,0.016366686287093722,1.9000000000014863,0.09866994119373868,3.4645454501890454,0.04041801992710403,0.006264404315535513,0.04933497059686934
56,40,1.9763896493241933,0.03310370395551109,73.41138126808292,0.8533471190946497,0.04437334752695481,0.016551851977755546,1.900000000157746,0.09563405560563884,4.1425613042639835,0.048153878780150074,0.007233753836707842,0.04781702780281942
57,40,1.976285957768748,0.0325306766780178,78.07245544553099,0.9100341501516341,0.046501896405825555,0.0162653383390089,1.9000000000137536,0.09081599622825823,3.190538502096792,0.03718979988156531,0.005305252636457231,0.045407998114129114
58,40,1.9774488005680635,0.02940701395411243,76.44466028062195,0.853421701180415,0.0394216217665074,0.014703506977056215,1.9555046434147978,0.05784248967317467,9.658185835968462,0.10782316719298962,0.00979668038222415,0.028921244836587336
59,40,1.9764938761123187,0.03199007643635692,81.87882754065174,0.8748996813134869,0.04396361673668306,0.01599503821817846,1.9000000000005826,0.09649646837659162,3.672318560352286,0.03923981857872417,0.005947826437283099,0.04824823418829581
60,40,1.9767597030514674,0.032920894347759876,83.12648209494554,0.8887951724724488,0.04596139366037464,0.016460447173879938,1.9000000000000405,0.08704156259373112,3.7038611002557067,0.03960198702569576,0.005414564520536023,0.04352078129686556
61,40,1.976926749115272,0.032760018837653324,85.05779303773434,0.8951743051403325,0.04606505856756183,0.016380009418826662,1.9000000004428135,0.09932172982842391,3.1442835561563895,0.03309140464410812,0.005162729299911589,0.049660864914211955
62,40,1.9776232498508683,0.03136170033301769,89.25854559261587,0.87117626206524,0.042916620020330115,0.015680850166508845,1.9253627753861935,0.08380508725241886,4.388029896194339,0.0428278038524678,0.005637883073184168,0.04190254362620943
0,41,1.9758435904781566,0.028184712512811072,346.6103998074632,0.6772937719208685,0.02998544983501552,0.014092356256405536,1.9599999999999957,0.04282711970936381,212.4966334126359,0.4152288749687749,0.027933560198636624,0.021413559854681904
1,41,1.9754645826429076,0.02906358724379059,256.2738235513527,0.6887446104667445,0.03144324123101983,0.014531793621895295,1.9595051173599598,0.043686241962252875,138.27591447518557,0.37162121957048344,0.025501461344951414,0.021843120981126438
2,41,1.975380966249932,0.030702849852415715,113.41432123254295,0.6995180791974858,0.033736304599489904,0.015351424926207858,1.9585294916342846,0.047292043798965296,56.230305358314844,0.34681788657259993,0.02576377202526737,0.023646021899482648
3,41,1.9722264017135427,0.035709902936395796,52.65749310007025,0.7752317252819015,0.04348506104370107,0.017854951468197898,1.9348955983021225,0.08235351825184556,7.307220865400459,0.10757803125444934,0.01391635909683231,0.04117675912592278
4,41,1.971976230758609,0.04608774515629822,19.986209103261334,0.6856438420792135,0.049636816249380336,0.02304387257814911,1.9000000000000001,0.09999999999999999,3.458938182318494,0.11866180587755121,0.01863935288033065,0.049999999999999996
5,41,1.9729141041865526,0.04957432306577392,9.562190410976944,0.5150880497227242,0.04011050629060555,0.02478716153288696,1.9000000000000001,0.09999999999999999,3.708940683496556,0.19979010468212638,0.0313829562564652,0.049999999999999996
6,41,1.9765963203203394,0.07200747048707326,6.288111537687749,0.4200493163038656,0.047511387581285494,0.03600373524353663,1.9000000000000041,0.09999999999999494,2.6597102761131404,0.17767011229869312,0.02790835597800098,0.04999999999999747
7,41,1.9788117150915074,0.06792074617146765,4.809459071270008,0.2779491251342335,0.02965429726854824,0.033960373085733825,1.9000000000000001,0.09999999999999999,3.4549198178332223,0.1996673485615276,0.03136367377013238,0.049999999999999996
8,41,1.9778506538066474,0.06668105503077255,4.084268897338819,0.31409932086010434,0.032899502981989785,0.03334052751538628,1.9000000000000001,0.050986196394350765,2.8641838240751,0.22026909015384893,0.01764111574546659,0.025493098197175382
9,41,1.987524713616973,0.09999999999999999,3.440655814572599,0.24024299465090332,0.03773728135358449,0.049999999999999996,1.9000000000000001,0.06422753171145965,3.1698128940177166,0.22133145050908265,0.022329769468905938,0.03211376585572982
10,41,1.9900668362815996,0.09999999999989337,3.113153595064066,0.24426863145180214,0.0383696269035298,0.049999999999946684,1.9000000000000128,0.09999999999999994,2.778906142870335,0.21804243822989844,0.034250026105692735,0.04999999999999997
11,41,1.9864255741433572,0.07686392913955156,3.5137204376357443,0.24811480786534484,0.02995678085729289,0.03843196456977578,1.9000000000000001,0.08066201823910991,3.5644160697694742,0.2516945852693025,0.03189061054791633,0.04033100911955496
12,41,1.9921633973881179,0.09999999999997686,3.0573583138483853,0.22895277588437843,0.035963817936859356,0.04999999999998843,1.9000000000000008,0.09999999999999999,2.969970300570016,0.22240865309429586,0.034935869532792034,0.049999999999999996
13,41,1.9999999999999996,0.09999999999999999,2.708126302066674,0.18541481240939117,0.029124890626603644,0.049999999999999996,1.9000000000000001,0.09999999999999999,3.660050798862102,0.2505893583183223,0.03936248435803108,0.049999999999999996
14,41,1.98906530318545,0.09320561119447789,2.872644352622472,0.21197492380918093,0.031034619389939153,0.04660280559723894,1.9000000000000001,0.09999999999999999,3.3312151993840247,0.2458132652017211,0.03861225740563232,0.049999999999999996
15,41,1.983313650099744,0.09368034773664624,3.3517304802465206,0.24920063863588635,0.0366705583095285,0.04684017386832312,1.9000000000000001,0.09999999999999999,2.849657728540151,0.21187160782500156,0.03328071433236413,0.049999999999999996
16,41,1.9858958507591582,0.09999999999999924,3.5514467627190363,0.28636335427084686,0.04498185050173085,0.04999999999999962,1.9000000000000001,0.061076955494341896,2.586061628530112,0.20852157776118085,0.020005447014573664,0.030538477747170948
17,41,1.9818470233805612,0.06445927357749742,3.9709048207488773,0.32012662793397123,0.03241358623326413,0.03222963678874871,1.9000000000000181,0.09999999999992341,2.6932464034823145,0.21712428986889934,0.034105803698375625,0.04999999999996171
18,41,1.9828038648950543,0.06304370014014357,4.238814299407976,0.29879919114186343,0.029589729106918858,0.031521850070071786,1.9000000000000001,0.09999999999999984,2.9603512326234513,0.20867876989262032,0.03277918452274049,0.04999999999999992
19,41,1.980004992798697,0.06160781865072144,5.59837950475513,0.383461937546872,0.0371088906333896,0.03080390932536072,1.9000000000000001,0.06236471710680291,3.547184998475182,0.2429650278615734,0.023801405308355013,0.031182358553401453
20,41,1.9809663548182008,0.04949949206362341,6.468427952562033,0.3569435409080104,0.027753652552494037,0.024749746031811706,1.9000000000000343,0.09999999999999097,3.6532327261818076,0.20159424122948874,0.03166634936262566,0.049999999999995486
21,41,1.978316112033747,0.047729432805949455,8.077287256849715,0.4937733342411548,0.03701977569811489,0.023864716402974728,1.900000000000004,0.09999999999999998,3.182996965089321,0.19458005817470622,0.030564564064836576,0.04999999999999999
22,41,1.9779190522641241,0.04192182263426193,12.428764637074263,0.5605045510453479,0.03690958621538448,0.020960911317130966,1.9000000000000001,0.09999999999999999,3.8617627596905395,0.17415532959786761,0.027356255202408496,0.049999999999999996
23,41,1.9771684395299662,0.03366950731474962,38.750069083909075,0.7509941712334647,0.03971853347822139,0.01683475365737481,1.9000000000000001,0.09999999999999999,3.8581294169698466,0.07477232357275657,0.011745209121400547,0.049999999999999996
24,41,1.9783919220431414,0.028449738322248713,717.9221817643538,0.8051740763860961,0.03598221854129962,0.014224869161124356,1.9599999999999997,0.0384132131024599,276.89619865694044,0.31054847819370285,0.018738288361881864,0.01920660655122995
25,41,1.9777937350867654,0.027899142402856035,753.5742637482717,0.8184991728039174,0.03586980167730525,0.013949571201428018,1.9599999999999997,0.03825075700747681,292.58153395116585,0.31778917491896597,0.019094092010722652,0.019125378503738404
26,41,1.9778654411482615,0.02805098533663881,867.7074939423809,0.8301010390803527,0.036576231348540135,0.014025492668319406,1.9599999999999997,0.037432586249391914,293.19060019901457,0.28048371550650164,0.016492153288297208,0.018716293124695957
27,41,1.977848069795414,0.028048731928315696,1063.501575121446,0.8576932947716678,0.037788976004147476,0.014024365964157848,1.9599999999999997,0.03664589059494926,334.25907078941793,0.26957342653672456,0.015517517244919073,0.01832294529747463
28,41,1.9779755162722468,0.027795307016024708,1261.6962876489426,0.8531072681328667,0.03724731694582638,0.013897653508012354,1.9599999999999984,0.0364356567280257,377.9642059900942,0.2555638899636161,0.014626687028842001,0.01821782836401285
29,41,1.9786655141820222,0.02898547206143533,917.7078347749118,0.927801527121114,0.04224305686094576,0.014492736030717665,1.9599999999999997,0.03217856269859956,158.629099397659,0.16037383041749148,0.008106250514512948,0.01608928134929978
30,41,1.9782496674592724,0.0278327383507087,666.3916536321458,0.9258084468905213,0.04047594087338788,0.01391636917535435,1.9599999999999997,0.029857704790554957,110.97001271387974,0.15416906043479672,0.007230586441229096,0.014928852395277479
31,41,1.9787124602324604,0.02813287688216794,609.386165646732,0.906781577263891,0.04007160251606751,0.01406643844108397,1.9599999999999997,0.02935338552217556,98.26262049326965,0.1462171920204438,0.006741810093934523,0.01467669276108778
32,41,1.9784101303046524,0.02908593603690679,410.7337509559096,0.9260901387129239,0.04231128172290163,0.014542968018453395,1.9599999999999997,0.03003625252854145,55.597522692502594,0.12535691888617573,0.005914444123942512,0.015018126264270725
33,41,1.9789423117586038,0.028830857901541745,269.37372696041626,0.8947741964004948,0.04052200203341114,0.014415428950770873,1.9599999999999997,0.0334001301504928,38.75083078375581,0.12871798547555383,0.006753163590260597,0.0167000650752464
34,41,1.9788777923412368,0.030378980663093566,119.82610902298259,0.8621171093020064,0.04113953120778292,0.015189490331546783,1.9599999999999997,0.039781307376406526,17.22044031168017,0.1238965058905984,0.007742085932026017,0.019890653688203263
35,41,1.9772038782486456,0.033634184118658546,43.510566782132614,0.7940624148556042,0.041952265107372676,0.016817092059329273,1.9000000000000001,0.09999999999999999,3.5382950095219043,0.06457344244217603,0.010143172619667178,0.049999999999999996
36,41,1.9771480446193752,0.04163016861194074,13.922627112911329,0.5471390908847275,0.035778801721796906,0.02081508430597037,1.9000000000000001,0.09999999999999999,3.544101202436422,0.13927804674925673,0.021877744423690035,0.049999999999999996
37,41,1.976097881931528,0.03656930855524234,13.819596373921273,0.6237525543595699,0.03583017778047455,0.01828465427762117,1.9000000000000001,0.09999999999999722,2.930699319567387,0.13227818940426203,0.02077820940312886,0.04999999999999861
38,41,1.97527737654208,0.03910870962340634,15.815677976331912,0.6586576961318897,0.040462539332458254,0.01955435481170317,1.9000000000000001,0.09999999999999999,3.234833476452629,0.13471745998869633,0.021161369130538264,0.049999999999999996
39,41,1.9759401778269383,0.036474660826413006,18.40292823323075,0.6691447142371039,0.03833815340798593,0.018237330413206503,1.9000000000000004,0.09999999999999999,3.6230833021903486,0.1317381130967857,0.020693374415132165,0.049999999999999996
40,41,1.9769200826172735,0.03382987596442783,19.898402280482408,0.6067835996821493,0.032244386375488994,0.016914937982213916,1.9000000000000001,0.09999999999999999,3.017593959341534,0.09201877111632979,0.014454274766571117,0.049999999999999996
41,41,1.97680110440066,0.03598697748414034,21.37400869585776,0.6855979543130245,0.03875562653870833,0.01799348874207017,1.9000000000000001,0.09999999999999999,3.799464618065608,0.12187256058033341,0.019143697049667622,0.049999999999999996
42,41,1.9767993349697095,0.034645084340262866,22.356165848856378,0.6421610077592057,0.034946640427310105,0.017322542170131433,1.9000000000000001,0.09999999999999999,3.61044130456458,0.10370671975996516,0.0162902134462901,0.049999999999999996
43,41,1.9758828626835634,0.03652181177838087,23.536241377256164,0.7125599837297035,0.040878374716197534,0.018260905889190434,1.9000000000000001,0.09999999999999999,3.1906801556248516,0.096597879131871,0.015173559371652035,0.049999999999999996
44,41,1.9768334498782123,0.03566392896146533,26.703835545461956,0.7299279102284978,0.04089112256216443,0.017831964480732664,1.9000000000000001,0.09999999999999999,3.2038626324847335,0.08757501340986854,0.01375625093832353,0.049999999999999996
45,41,1.9762609857966966,0.032714825243289294,27.04760144828169,0.7784013071699741,0.040000741162198976,0.016357412621644647,1.9000000000000006,0.09999999999999999,2.4739449651664276,0.07119751444261475,0.011183679416338585,0.049999999999999996
46,41,1.976548246463513,0.035036914246773666,30.158882878416524,0.7476820156054499,0.041149319894980135,0.017518457123386833,1.9000000000000001,0.09999999999999999,3.396707142458459,0.08420924783365556,0.013227557717926726,0.049999999999999996
47,41,1.976408009728626,0.034834223474529545,31.255638339203244,0.747502499903942,0.04090144582312597,0.017417111737264773,1.9000000000000008,0.09999999999999849,3.4049379992437308,0.08143169686156206,0.012791261031481526,0.049999999999999246
48,41,1.9761907789973565,0.033177292693623725,33.71409110649244,0.7072329690520376,0.03685728316221999,0.016588646346811863,1.9000000000000001,0.09999999999999999,3.6305157989856407,0.07615867381969818,0.011962976508955257,0.049999999999999996
49,41,1.976220800960624,0.03324019239207991,34.8061043273028,0.7632200861736537,0.03985044700632354,0.016620096196039956,1.9000000000000046,0.09999999999999999,3.7933116227226478,0.08317884691585223,0.013065702720245568,0.049999999999999996
50,41,1.9764604891970015,0.03330923912310742,33.97533204506902,0.7709633706720295,0.040338368966089694,0.01665461956155371,1.9000000000000001,0.09999999999999999,3.1562586290273265,0.07162136894261054,0.01125025832550747,0.049999999999999996
51,41,1.9764522919516163,0.03415420906569798,34.73124017817046,0.727184437950443,0.03901294053547096,0.01707710453284899,1.9000000000000001,0.09999999999999999,3.356663985044975,0.07028006488773775,0.011039566777256545,0.049999999999999996
52,41,1.976592114504669,0.032394263390383315,35.747058506492415,0.7838531085588455,0.03988620077505941,0.016197131695191658,1.9000000000000001,0.09999999999999999,3.3801444304824355,0.07411901370095428,0.01164258744671196,0.049999999999999996
53,41,1.9770443474056214,0.033990020559073554,36.92071200568126,0.778285393735975,0.04155374633673499,0.016995010279536777,1.9000000000000001,0.09999999999999999,3.818029758046646,0.08048373479579035,0.012642355498396209,0.049999999999999996
54,41,1.9765915052068403,0.03274739929376612,39.084203145497554,0.7655298596610549,0.03937846902302386,0.01637369964688306,1.9000000000000024,0.09999999999999992,3.2033425797932367,0.06274285256440988,0.009855624234080873,0.04999999999999996
55,41,1.9764986556556483,0.03383338635192366,39.857184257435414,0.7771998910987503,0.04130456723080574,0.01691669317596183,1.9000000000000001,0.09999999999999999,3.1166666158250056,0.06077381028135289,0.009546327795527904,0.049999999999999996
56,41,1.9771342996892487,0.03263132327393979,41.20768178923272,0.7766483897937082,0.0398087929052105,0.016315661636969896,1.9000000000000001,0.09999999999999999,4.093957603187654,0.077159535366782,0.012120191473134208,0.049999999999999996
57,41,1.976672132931423,0.03357987558356081,44.175780071628424,0.8067160174610104,0.04255196692503149,0.016789937791780406,1.9000000000000001,0.09999999999999999,3.5870557002288024,0.0655050184559814,0.01028950423772875,0.049999999999999996
58,41,1.976762219287672,0.032670267106599066,45.80327324465193,0.8348407792808856,0.0428426392556964,0.016335133553299533,1.9038092908841255,0.09999999999999999,3.148582376406761,0.05738814670972012,0.009014509005319499,0.049999999999999996
59,41,1.9770760598850576,0.03275274187844033,45.965985502098675,0.8394078543219412,0.04318576012978074,0.016376370939220165,1.9000000000000417,0.09999999999999754,3.7029518266342922,0.06762145559373874,0.01062195340591664,0.04999999999999877
60,41,1.977015354426931,0.032060037855043466,49.74464033362853,0.8491110196220005,0.04276105237978334,0.016030018927521733,1.9000000000304624,0.09507384736098158,3.805551864554709,0.06495847597378238,0.009701005996979099,0.04753692368049079
61,41,1.9772047075474437,0.03216522344865287,51.354539070059374,0.8276559553194274,0.04181732942797505,0.016082611724326436,1.9000000000000041,0.09999999999999999,3.8233714718307548,0.061619405516270175,0.009679153584424238,0.049999999999999996
62,41,1.9772401072183672,0.03323136682376911,51.64146710774834,0.8289338306319786,0.04327010469046206,0.016615683411884553,1.9000000000000117,0.09999999999999151,3.0862708880036656,0.04953992387983463,0.007781713046013642,0.049999999999995756
0,42,1.9754762193567588,0.02812701008760587,396.6715174558758,0.6694818621601525,0.029578916502101846,0.014063505043802936,1.959162294093302,0.04292971801145827,248.50994058745565,0.41942234435399145,0.028283260671999988,0.021464859005729135
1,42,1.9759221154149067,0.028563761604793868,287.15578484404995,0.662093981165586,0.0297067346300753,0.014281880802396934,1.9599999999999997,0.04331036676756516,182.6620765734084,0.4211632426354967,0.02865247876251679,0.02165518338378258
2,42,1.9751080117982407,0.030204532030243227,236.49030457805807,0.7721991577614733,0.03663711874293804,0.015102266015121614,1.9569036795440442,0.04557541563589004,93.11070035359884,0.30402939570783966,0.02176537185356651,0.02278770781794502
3,42,1.9765632535230322,0.0281345411298471,71.79626371934081,0.6278645612562361,0.027747616535600584,0.01406727056492355,1.9599999999999997,0.046205696776086706,46.772268671561605,0.40902755139496066,0.029687112831155275,0.023102848388043353
4,42,1.9714401061097224,0.04218024036286486,33.624436740298776,0.7866756627501061,0.05212242846151542,0.02109012018143243,1.9000000000000001,0.09999999999999999,3.7228175187664965,0.08709885496352009,0.01368145614447388,0.049999999999999996
5,42,1.9721705154217235,0.04586371101662184,13.651064129925835,0.5639914360224069,0.04063138055135035,0.02293185550831092,1.9000000000000001,0.09999999999999999,3.506405312422428,0.14486655022698697,0.02275558449719995,0.049999999999999996
6,42,1.9746112284633965,0.04932460338581367,7.923548561389195,0.5210134674493515,0.04036755337496562,0.024662301692906834,1.9000000000000055,0.09999999999999995,3.841465178428442,0.2525958006305245,0.03967765557942437,0.049999999999999975
7,42,1.976075003030981,0.07544138425110283,5.211933965484132,0.35570754547687256,0.042152428787340476,0.03772069212555142,1.9000000000000015,0.0999999999999985,2.9435999099317245,0.20089676994410965,0.03155679082931621,0.04999999999999925
8,42,1.9824134722191065,0.06823865548603371,4.793554108488089,0.3323421041508866,0.03562342756699893,0.034119327743016854,1.9000000000000004,0.09999999999944358,3.4033447152931706,0.23595743747389955,0.03706410760618756,0.04999999999972179
9,42,1.9820216363305303,0.07698865067480072,3.927105834709986,0.31741367971145257,0.038385943961222344,0.03849432533740036,1.9000000000000001,0.06805076276466399,3.655777088893773,0.29548316414963355,0.031585344309552475,0.03402538138233199
10,42,1.9845909933633066,0.07010077783774622,3.302972220032054,0.2664751425191162,0.029342655656991616,0.03505038891887311,1.9000000000001906,0.09999999997868507,3.008381743431842,0.24270835490863665,0.03812453922916564,0.049999999989342535
11,42,1.9821285036229015,0.06642341142060275,3.506414995351242,0.26971623676048956,0.02814155849186284,0.033211705710301374,1.9000000000000001,0.07410805300201892,3.2838845571794675,0.2525990180547951,0.02940471256279811,0.03705402650100946
12,42,1.9883538079012406,0.09999999999963946,2.9551116714888415,0.18325638809793504,0.028785846128489855,0.04999999999981973,1.9000000000000157,0.09999999999999978,2.8018757765728837,0.173753716202255,0.027293169917746447,0.04999999999999989
13,42,1.9970987726641576,0.08710184232826325,2.4085778106449127,0.19511017161484115,0.02669482812548234,0.043550921164131624,1.9000000000000001,0.09999999999999999,3.141567850451706,0.2544870419931246,0.03997473107796987,0.049999999999999996
14,42,1.9822440284536462,0.09999999999999999,3.304137486179107,0.24922683216675431,0.039148459250626585,0.049999999999999996,1.9000000000000001,0.043822904512158325,3.106201669273512,0.23429678859984263,0.016128254634836886,0.021911452256079163
15,42,1.986442213566324,0.09668857723412182,3.0003325303480195,0.2235774102878212,0.03395650377308288,0.04834428861706091,1.9000000000000001,0.09999999999999999,2.8680736550373602,0.21372180377406347,0.033571342432427854,0.049999999999999996
16,42,1.980005656002249,0.09999999999999938,3.625435187732145,0.2539590717085091,0.03989179769959654,0.04999999999999969,1.9000000000000001,0.06058163083353153,3.273361764308178,0.22929658702569278,0.021820184966794533,0.030290815416765766
17,42,1.9870164579864122,0.08512508459379407,3.5382116600610303,0.2716489693431775,0.03632331652087486,0.04256254229689704,1.9000000000000001,0.09999999999999999,3.4216299465362496,0.2626983170459314,0.04126455514709502,0.049999999999999996
18,42,1.9788993545750961,0.0616748945409834,4.648016166691359,0.35514224859416854,0.034405718577722955,0.0308374472704917,1.9000000000000001,0.06825883138106498,3.93644044477204,0.3007726868576105,0.03224906452385418,0.03412941569053249
19,42,1.9821638944013713,0.06794277213235334,4.780991557235133,0.28924436032133694,0.03086938941716357,0.03397138606617667,1.9000000000000001,0.09999999999999999,2.726555882329849,0.16495342077553257,0.025910822744645953,0.049999999999999996
20,42,1.9791906286410936,0.05479646685814004,5.593413314339509,0.43106353229422534,0.03710340078390587,0.02739823342907002,1.9000000000002302,0.0999999999999617,2.972807662027667,0.22910321472932388,0.03598744881535866,0.04999999999998085
21,42,1.980131051047536,0.04980682812814853,6.376707998927069,0.4396651048227482,0.03439780738887738,0.024903414064074265,1.9000000000000001,0.08110538864340554,2.474776119767585,0.17063235485983144,0.021738569954524476,0.04055269432170277
22,42,1.976964962738566,0.04279331707666769,9.462332058406856,0.512610991544533,0.03445749825923453,0.021396658538333845,1.9000000000000024,0.09999999999999995,3.152584791212833,0.17078766690670485,0.026827263983892215,0.049999999999999975
23,42,1.977989854141257,0.035304123219591615,17.110433648816823,0.6719859745563019,0.03726537672454663,0.017652061609795808,1.900000000000002,0.0999999999999998,3.9716239777522966,0.15597942542184515,0.02450119085082124,0.0499999999999999
24,42,1.9794764698237421,0.03294837979260989,103.82283144533612,0.8485772648973496,0.04391828092808349,0.016474189896304944,1.9599999999999997,0.046379520866105146,15.70780762639271,0.12838494430924932,0.009353200233382816,0.023189760433052573
25,42,1.9781997247211285,0.027972039622261927,739.2203995526413,0.8126896467728224,0.03570826415835188,0.013986019811130963,1.9599999999999997,0.03846924286999485,285.4136274317689,0.31378016651332463,0.018960902499928694,0.019234621434997424
26,42,1.9780587101090519,0.028040972490473444,815.3106553338475,0.8103950140441307,0.03569519088406105,0.014020486245236722,1.9599999999999997,0.038194866574842515,275.6102811308574,0.2739485816682856,0.01643591666384182,0.019097433287421257
27,42,1.9781422253050873,0.027970136428871632,1044.0566541496473,0.8520747142406042,0.037436232802302356,0.013985068214435816,1.9599999999999997,0.036765934155931726,331.34586547557706,0.27041773309692513,0.015617109303192222,0.018382967077965863
28,42,1.9785127575844161,0.02823447837260692,1183.3162980519794,0.8588678532184011,0.03809131742238855,0.01411723918630346,1.9599999999999997,0.03634280740318882,340.7156979886685,0.24729631508589472,0.014117441431736842,0.01817140370159441
29,42,1.9784948005306422,0.028152313169837736,654.0910583777917,0.9426862486145972,0.041687047188622775,0.014076156584918868,1.9599999999999997,0.03090659187431744,102.78203502782348,0.14813107408263995,0.007191461605959966,0.01545329593715872
30,42,1.9784637835024723,0.02826173481505085,667.0174806921818,0.9485978422006138,0.04211151118147143,0.014130867407525425,1.9599999999999997,0.02999062215876083,95.12308623795302,0.13527914479114905,0.006372886758297377,0.014995311079380414
31,42,1.9786262544522042,0.02865461949202514,496.00549830754323,0.9103129639141179,0.04097370633432901,0.01432730974601257,1.9599999999999997,0.030790250384729604,70.12330701342869,0.1286964674074524,0.006224431956250436,0.015395125192364802
32,42,1.978688805226515,0.02849724919092123,326.0214988524996,0.9118524284360062,0.04081759160864352,0.014248624595460615,1.9599999999999997,0.03155787813270443,46.885523496197,0.13113453747368686,0.006500470032831026,0.015778939066352214
33,42,1.9789844275686073,0.02918923900664342,171.9615716007526,0.8480030872440555,0.03888123785392925,0.01459461950332171,1.9599999999999997,0.03390401060014553,27.852693339123007,0.13735144264949764,0.00731482899159006,0.016952005300072764
34,42,1.9784433677702187,0.02994355517273522,63.2054220125819,0.8424084375701321,0.03962287164683646,0.01497177758636761,1.9599999999999997,0.04957018431550652,8.45548536816093,0.11269558830683288,0.008775004054835762,0.02478509215775326
35,42,1.97770687340399,0.035038603096203325,24.02676088249722,0.6217840733288361,0.03422206834055144,0.017519301548101662,1.9000000000000001,0.09999999999999995,3.6338470957159834,0.09403965270551307,0.01477171410428876,0.049999999999999975
36,42,1.977941227638087,0.04549125254379998,7.851996839456119,0.43200095273254696,0.03086970479542593,0.02274562627189999,1.9000000000001422,0.09999999999987473,3.4818148957024553,0.19156239908599118,0.03009055128359161,0.049999999999937365
37,42,1.9780330890108322,0.065310217628071,6.368431746841751,0.3861957398527722,0.03961945404714052,0.0326551088140355,1.9000000000000001,0.06600330865380338,2.8682380026840244,0.17393627529567676,0.018033322499139654,0.03300165432690169
38,42,1.9769740507991798,0.04360093973099409,7.300293357195413,0.49321284373894647,0.03377925789901069,0.021800469865497045,1.900000000000087,0.09999999999999787,3.4110217766216206,0.23045097891098212,0.036199155117965114,0.049999999999998934
39,42,1.9768892809161909,0.03558471985082493,7.918489387099293,0.43115337649159186,0.024099898842494433,0.017792359925412466,1.900000000000006,0.0999999999999996,2.978416272834524,0.1621716175716843,0.025473858119198743,0.0499999999999998
40,42,1.978379127464185,0.043710548952922576,8.181215427523556,0.44649647888591903,0.030656613326771956,0.021855274476461288,1.900000000000019,0.09999999999999974,3.651722137578977,0.19929570254481363,0.03130529575034007,0.04999999999999987
41,42,1.9783258007581663,0.04226705775524821,8.367969454731712,0.5090479830441775,0.033797191720111454,0.021133528877624104,1.900000000000004,0.09999999999999994,3.6761338646589947,0.22362994264360112,0.03512770924659218,0.04999999999999997
42,42,1.9777803494669957,0.039080929307063604,9.628593505278968,0.46236469808973624,0.02838372740596165,0.019540464653531802,1.9000000000000001,0.09999999999999999,3.2365011726773716,0.15541666461997908,0.02441279259077775,0.049999999999999996
43,42,1.9779148186278346,0.04414805966379797,9.282753762507621,0.5568802313273333,0.03861831307374688,0.022074029831898986,1.9000000000001374,0.09999999999997818,3.1974089937448373,0.191815263621053,0.030130271151907903,0.04999999999998909
44,42,1.9762559829608342,0.0411869768699182,10.22703448356966,0.5078379918267013,0.032855265467556155,0.0205934884349591,1.9000000000000294,0.09999999999999999,3.3694429328172637,0.16731449721086047,0.02628169976383546,0.049999999999999996
45,42,1.9777754943315464,0.04126276800648567,10.888367134340557,0.5859104973398502,0.03797602583782082,0.020631384003242836,1.9000000000000001,0.09999999999999938,3.207022732837263,0.1725720910393134,0.02710756067118663,0.04999999999999969
46,42,1.976930644680656,0.04113473726715737,11.464208695687795,0.5648382903933757,0.036496627472554166,0.020567368633578685,1.9000000000000001,0.09999999999999999,3.0210908041905156,0.1488482816615144,0.023381033408363897,0.049999999999999996
47,42,1.9780281501556438,0.04449501891570262,10.927771557559202,0.4997423347004454,0.03492829723584947,0.02224750945785131,1.9000000000000017,0.09999999999999998,3.314878669777618,0.1515940552891082,0.023812338521207354,0.04999999999999999
48,42,1.9769726525771574,0.03909800405671818,11.536537357161015,0.5259044498186374,0.032298422394243395,0.01954900202835909,1.9000000000000001,0.09999999999999999,3.459460790377185,0.15770293696515,0.024771919410962472,0.049999999999999996
49,42,1.9764277906485404,0.03442864582340101,12.221457601505655,0.47582103566132433,0.025732587367155755,0.017214322911700504,1.9000000000000001,0.09999999999999999,2.652408671584684,0.10326688372711104,0.01622112416381017,0.049999999999999996
50,42,1.9777036629791178,0.03755689713294808,12.58903141754227,0.5731538994784607,0.03381277644583063,0.01877844856647404,1.9000000000000052,0.09999999999992726,3.4210217733554966,0.15575240894761538,0.024465531186419285,0.04999999999996363
51,42,1.9766539268344463,0.0407344682185032,12.5330413986732,0.56592185698499,0.03621082300315511,0.0203672341092516,1.9000000000000055,0.0999999999999981,2.6499271005087865,0.11965584552792924,0.018795496263480524,0.04999999999999905
52,42,1.9776384026711091,0.04331941806388226,12.656764025738793,0.5763597538326004,0.03921896588071179,0.02165970903194113,1.9000000000000001,0.07338805649364287,3.4672931730316896,0.15789250993461187,0.01820148374580147,0.036694028246821435
53,42,1.9766866458133177,0.040349193113295725,13.676746119467365,0.5710224030926244,0.03619160794946082,0.020174596556647863,1.9000000000000021,0.09999999999999888,3.2690948699730207,0.13648907366443558,0.021439653555973107,0.04999999999999944
54,42,1.9778158066657359,0.035813498104314605,14.428758673733094,0.6527593095669527,0.03672143924906507,0.017906749052157302,1.9000000000000548,0.09999999999999791,3.1840852495253715,0.14404851699863888,0.022627088138170947,0.049999999999998955
55,42,1.9758303155654113,0.03421162878863372,14.858268522700836,0.6214009760551018,0.033393778271493715,0.01710581439431686,1.9000000000000001,0.09999999999999999,3.5509594965482743,0.14850786238759772,0.02332756047386005,0.049999999999999996
56,42,1.9772162775238102,0.03854345704750312,14.792812764041212,0.6669764512971585,0.04038136941091526,0.01927172852375156,1.9000000000000008,0.09999999999999958,3.2784071144580897,0.14781640097709564,0.023218945969486243,0.04999999999999979
57,42,1.9771272556237078,0.037166493811814943,15.378632004108535,0.6003906541862579,0.03505140195457335,0.018583246905907472,1.9000000000000001,0.09999999999999999,3.4889648002290174,0.13621119604674187,0.021396004641856165,0.049999999999999996
58,42,1.9770340840895624,0.03683353114653521,15.709182933615205,0.6546361199683727,0.03787592054332163,0.018416765573267605,1.9000000000000066,0.09999999999999999,3.1123895690479837,0.1297001021581913,0.020373244405500975,0.049999999999999996
59,42,1.977191697660536,0.036632750044684845,16.851753938807423,0.6148238457277686,0.03537855599158602,0.018316375022342422,1.9000000000000001,0.09999999999999999,3.0904363455806947,0.1127522966372757,0.017711089339552125,0.049999999999999996
60,42,1.9774159574404953,0.03622751678767482,16.87946659875942,0.7083235612707625,0.04030789620562669,0.01811375839383741,1.9000000000000001,0.09999999999999999,3.5447441605171215,0.14875030516401289,0.023365643296125137,0.049999999999999996
61,42,1.9776555243810117,0.034561339503321395,18.16343358080171,0.6683441539380708,0.03628361890710579,0.017280669751660697,1.9000000000000035,0.09999999999999998,3.592760268900317,0.13219969184452582,0.020765879035279836,0.04999999999999999
62,42,1.9778051957778784,0.03591171746688844,18.80559516782135,0.6390196056022631,0.03604709204498398,0.01795585873344422,1.9000000000000001,0.09999999999999999,3.1114718842768405,0.10572872161660295,0.01660782875520801,0.049999999999999996
0,43,1.9744126912422177,0.02845197887605412,396.0523968299344,0.6727337284835013,0.030065993333568672,0.01422598943802706,1.9580197575249085,0.04379156870929357,237.56461494966166,0.40352673143765677,0.027757649625097736,0.021895784354646786
1,43,1.9756576517383835,0.027696417144207144,343.6699624506702,0.662302045579837,0.028813735491786556,0.013848208572103572,1.9595565569514592,0.042792864822145456,229.53840653999725,0.4423539232422666,0.029734533017177732,0.021396432411072728
2,43,1.9752504286913588,0.029036396882549536,249.38286913078784,0.695953417859309,0.031742620210453876,0.014518198441274768,1.9589282049563352,0.043872848680565964,138.00385340325164,0.38512771061021833,0.026541195394319074,0.021936424340282982
3,43,1.9746522941366167,0.031139820369167917,136.28673294123956,0.7728228967472704,0.03780210296075231,0.015569910184583959,1.9556863042321602,0.04732738985316132,48.29856441606612,0.27388019108838846,0.020360716300866413,0.02366369492658066
4,43,1.9709623707404422,0.04034708335266566,62.32321492553939,0.8405281606225841,0.05327019553725237,0.02017354167633283,1.9000039769596568,0.09171560444752262,4.516511026945409,0.060912369659453784,0.008775434009646272,0.04585780222376131
5,43,1.971906752137837,0.04177406421717916,23.363096852804645,0.7451390016312431,0.048894938322612214,0.02088703210858958,1.9000000000000044,0.09999999999999999,3.9867425038272177,0.1271525495005615,0.019973075769808828,0.049999999999999996
6,43,1.9727211982013877,0.04940924820036736,10.573820467241733,0.5658962910460097,0.04392026687448743,0.02470462410018368,1.9000000000000001,0.09999999999999999,2.945888120503844,0.15765987009088056,0.024765154482171575,0.049999999999999996
7,43,1.9734188668427295,0.04926012110152951,6.9719771743865255,0.3685023043521722,0.028513830274343937,0.024630060550764755,1.9000000000000001,0.09999999999999999,3.3606476742391536,0.1776262860731275,0.027901471770588816,0.049999999999999996
8,43,1.975702826390651,0.048596543559664265,5.431590154624097,0.3620772349949757,0.027639264261237008,0.024298271779832133,1.9000000000000001,0.09999999999999999,3.4023813318619225,0.22680739709168005,0.03562682262415225,0.049999999999999996
9,43,1.985274231680382,0.07839099970478476,3.6009919643570734,0.21829131977447047,0.026879584214542986,0.03919549985239238,1.900000000000075,0.0999999999998241,3.170872084792985,0.19221754979646813,0.030193462116527615,0.04999999999991205
10,43,1.9833934165463611,0.09999999999999999,3.9427494921912905,0.30423642951555085,0.04778934659602217,0.049999999999999996,1.9000000000000001,0.06066567554645783,2.6181053266829575,0.20202222288359953,0.019251388597390572,0.030332837773228916
11,43,1.9896301289078193,0.09342066951691842,3.202200501041671,0.23989815449604687,0.03520381738309184,0.04671033475845921,1.9000000000000121,0.09999999999975552,2.884107126635301,0.21606766247885908,0.03393982905601216,0.04999999999987776
12,43,1.9856970285126394,0.08234910424885733,2.9108157282301828,0.20166055250136183,0.026085532654848576,0.041174552124428665,1.9000000000000001,0.09999999999999999,2.9493202733695503,0.2043281373200476,0.0320957887563174,0.049999999999999996
13,43,1.9919306355893716,0.09310842489273573,2.8870462063947744,0.17475384173253267,0.025558513344878818,0.046554212446367864,1.9000000000000001,0.09999999999991864,2.879880726992584,0.17432011294405172,0.02738213930987652,0.04999999999995932
14,43,1.9963207337037303,0.07592090667869386,3.0971632170391126,0.21577203568225944,0.025732170592159924,0.03796045333934693,1.9000000000000155,0.0999999999999988,3.243737823865056,0.2259835418502798,0.0354974117454516,0.0499999999999994
15,43,1.9853884453981179,0.09347893848283438,2.909448111682615,0.17759291844203906,0.026077100050302768,0.04673946924141719,1.9000000000000001,0.09999999999999999,2.8416089807829565,0.1734520130955353,0.027245778504564715,0.049999999999999996
16,43,1.9846318477330545,0.08150029083075447,3.572008591981754,0.2478348069901409,0.03172790058430325,0.040750145415377234,1.9000000000000001,0.07356983295685657,3.3072505796282994,0.22946524006412525,0.02651774279353557,0.036784916478428284
17,43,1.9879415890568017,0.09584125124522316,3.185760925641977,0.22517314090898843,0.03389916007678395,0.04792062562261158,1.9000000000000077,0.09999999999999674,3.121996596928517,0.2206662069269698,0.03466216672886355,0.04999999999999837
18,43,1.9813076796184672,0.06433071978207407,4.249344730282897,0.25797629547126094,0.026068622896614792,0.03216535989103703,1.9000000000000001,0.0729297461219643,2.944339799006496,0.1787498831392117,0.02047718930907861,0.03646487306098215
19,43,1.9765850885752125,0.07011231008205919,4.204787574117463,0.3402354444784766,0.03747086411637336,0.035056155041029595,1.9000000000000001,0.052605949072048595,3.402838199452351,0.2753447461664009,0.022752626171532717,0.026302974536024298
20,43,1.980011824569887,0.05975099310623717,4.4940068738097905,0.3109988497167815,0.029189307231798724,0.029875496553118584,1.9000000000000008,0.09999999999998217,3.734296275176627,0.2584245816021748,0.040593238353413184,0.049999999999991086
21,43,1.9834638222769772,0.06371276885462762,5.017220399134057,0.2606938740933281,0.02609018642345174,0.03185638442731381,1.9000000000000261,0.09999999999999956,3.0104434514057834,0.15642210300773632,0.024570726483408405,0.04999999999999978
22,43,1.9799916537331408,0.045758179012481234,7.523366109382103,0.4988126384948712,0.03585304603570731,0.022879089506240617,1.9000000000000992,0.09999999999996487,3.114911686007494,0.20652421990181685,0.03244074860158414,0.049999999999982433
23,43,1.979177524294477,0.040889559420563,10.332914590684988,0.5627352056109418,0.03614401504103061,0.0204447797102815,1.9000000000000026,0.09999999999999994,3.026094884095386,0.1648024970935861,0.02588711570812315,0.04999999999999997
24,43,1.9779575378699141,0.03623272772435476,24.157721017926136,0.662015403867996,0.03767810067926713,0.01811636386217738,1.9000000000000001,0.09999999999999803,3.3019088420988187,0.09048512953748028,0.014213370910703163,0.04999999999999902
25,43,1.9793997976044495,0.029726096963229316,535.8279823902152,0.8196259023540665,0.03827132003195697,0.014863048481614658,1.9599999999999997,0.03961547030376667,187.2272177955978,0.28639093584926684,0.017821487969515545,0.019807735151883336
26,43,1.9783466640375413,0.02800882533522894,738.4985932504992,0.8300604293445227,0.03651947142127405,0.01400441266761447,1.9599999999999997,0.03796149003524003,276.0217050933982,0.31024391533338713,0.018499773038186527,0.018980745017620013
27,43,1.9785024181308155,0.02820752940577662,954.9477479853902,0.8315650014596166,0.03684521789867249,0.01410376470288831,1.9599999999999997,0.03716791503064612,307.8369655537731,0.2680633021545841,0.015650399924373073,0.01858395751532306
28,43,1.9789073978459062,0.028581152136401673,489.5388908966486,0.9114416257676572,0.04091932563237057,0.014290576068200837,1.9599999999999997,0.031102067095766506,74.9860581253503,0.1396118183838154,0.006820737167158262,0.015551033547883253
29,43,1.9790540688931364,0.028347723037160287,610.0733923315067,0.9354578964274863,0.04165453621119943,0.014173861518580144,1.9599999999999977,0.030698397849257885,92.07035952385077,0.14117636652591942,0.006807655769797486,0.015349198924628943
30,43,1.9791073369182612,0.02865580142333076,543.7731722340549,0.9368032440438123,0.04216778821401648,0.01432790071166538,1.9599999999999997,0.030162227232602208,80.76905646108136,0.13914756735834458,0.0065926330404687495,0.015081113616301104
31,43,1.9787972686807938,0.028818314418990677,365.46676153543586,0.9214947440940923,0.041713949869935284,0.014409157209495338,1.9599999999999997,0.03178935276767144,49.43986251586428,0.12465859621733637,0.0062247769589969726,0.01589467638383572
32,43,1.9790637462326648,0.029312783202300095,222.2095050065811,0.8844525196452538,0.04072409637022705,0.014656391601150048,1.9599999999999997,0.032365760012359725,32.02201521493512,0.12745607817329513,0.006479869173607054,0.016182880006179862
33,43,1.9791896590768003,0.029648746496018143,94.26351559837167,0.818320783731762,0.0381109518151708,0.014824373248009072,1.9599999999999997,0.03990132977835933,15.895828580448603,0.13799492645108966,0.00864908899638468,0.019950664889179664
34,43,1.977775035416359,0.033115407069605154,38.82158517401552,0.7574874098544767,0.039402646628682085,0.016557703534802577,1.9000000000000035,0.099999999999998,3.260427731927796,0.0636175196506082,0.00999301661869755,0.049999999999999
35,43,1.977154146402534,0.042369470631239615,10.255307981442996,0.4652271956461851,0.030962641844249406,0.021184735315619808,1.9000000000000001,0.09999999999999999,3.390158080806412,0.15379291773438258,0.024157735026423786,0.049999999999999996
36,43,1.9802099188554736,0.05623569383378976,4.832247985175309,0.37810871168448645,0.0334001654819797,0.02811784691689488,1.9000000000000021,0.09999999999999963,2.658374092038504,0.2080096895274776,0.03267408562475074,0.049999999999999815
37,43,1.9785393622563436,0.05788967462645409,4.854077692566802,0.3757421556135789,0.0341673194519527,0.028944837313227046,1.9000000000000001,0.057205241565497965,3.376598623505581,0.26137415298907885,0.023486502005917082,0.028602620782748982
38,43,1.9809024810912796,0.074108902419384,3.570201356557653,0.21779979935604185,0.025354072835988884,0.037054451209692,1.9000000000000008,0.09999999999999971,2.742963919079378,0.16733425696537557,0.026284803618816452,0.04999999999999986
39,43,1.9829138841519396,0.04192783664851806,4.755334159900494,0.3265491821289863,0.021506559111560082,0.02096391832425903,1.9000000000000001,0.09999999999999927,2.9978039685290976,0.20585944145861884,0.032336325447924516,0.049999999999999635
40,43,1.980118546984139,0.05743924907667801,4.4958302841241045,0.34918770134434085,0.03150558657240288,0.028719624538339004,1.9000000000000001,0.09999999999999999,3.1430150673115493,0.24411557760992494,0.03834558526230846,0.049999999999999996
41,43,1.9808200630233235,0.04083573581406579,4.98061087198096,0.3486900411118763,0.022366591516448816,0.020417867907032896,1.9000000000000015,0.09999999999999977,3.5254051894689913,0.24681182932145834,0.038769111490767484,0.049999999999999885
42,43,1.9805071633715947,0.05156565618020097,4.682060714454835,0.3651935925918493,0.029580368144661546,0.025782828090100483,1.9000000000000055,0.09999999999999996,3.2547461176124273,0.253865231605322,0.03987705733065753,0.04999999999999998
43,43,1.9791538874010508,0.06162394439727207,5.8438908663055456,0.3947342500582786,0.038209748633514104,0.030811972198636035,1.9000000000000001,0.06569718635940841,3.410633271260753,0.230376267687908,0.023774116431838577,0.032848593179704205
44,43,1.9782883825414943,0.047102742792517534,4.440892445236785,0.30593221659938097,0.022635562286785205,0.023551371396258767,1.9000000000000032,0.09999999999999992,2.912004850543197,0.20060744763822544,0.031511344187782384,0.04999999999999996
45,43,1.9831496295821747,0.07948090629043766,5.055268951847661,0.3342015130297672,0.041724495989898754,0.03974045314521883,1.9000000000000001,0.06828514004345702,2.9681156143849026,0.19622076265836697,0.021047040697039537,0.03414257002172851
46,43,1.9799896362754306,0.06800024389574462,4.90276794848193,0.3361727719447581,0.035908137754403456,0.03400012194787231,1.9000000000000032,0.0999999999999993,3.172384959847159,0.21752394909041048,0.034168582022113446,0.04999999999999965
47,43,1.9788000886203565,0.043900134132159166,5.692416371843017,0.3867782387670479,0.0266715193248345,0.021950067066079583,1.9000000000000004,0.0999999999999928,3.617194378007783,0.2457747254266558,0.03860620359191874,0.0499999999999964
48,43,1.9770695362588562,0.051089528023006175,5.067238835409369,0.34686038886010695,0.02783597733830244,0.025544764011503088,1.900000000000008,0.09999999999999999,3.4618402979378886,0.23696835908412772,0.03722290280159619,0.049999999999999996
49,43,1.978552697861602,0.05514291906686562,4.967709034064756,0.3383226671141778,0.02930493249020748,0.02757145953343281,1.9000000000000106,0.09999999999997838,2.8373222518486396,0.19323402903136366,0.030353130301417886,0.04999999999998919
50,43,1.9823363276742385,0.059685668171228674,4.413696827538506,0.3027024963953788,0.028379578421301867,0.029842834085614337,1.9000000000000001,0.09999999999999985,3.0346450077512106,0.2081236331840128,0.03269198385246553,0.049999999999999926
51,43,1.9804594322465745,0.049604018874035774,5.0980814976228865,0.4113755959000554,0.032053485783915925,0.024802009437017887,1.9000000000000001,0.09999999999999999,3.8298001968402433,0.3090351417269253,0.04854312654751945,0.049999999999999996
52,43,1.9767923175492494,0.05136481373555719,5.289503023805856,0.39766310495642615,0.032084915050040796,0.025682406867778593,1.9000000000000001,0.09999999999999999,3.237104134836293,0.24336442866802177,0.03822759506242672,0.049999999999999996
53,43,1.9796539018670385,0.06544054531835353,5.732862018180405,0.38634052601252683,0.03971339848087752,0.03272027265917676,1.9000000000000001,0.05997896306364199,3.2776991634597086,0.220885835888959,0.020810700463786306,0.029989481531820995
54,43,1.9761686046168059,0.0362130062942067,5.453023134733241,0.3720039599419958,0.02116079695851953,0.01810650314710335,1.9000000000000001,0.09999999999999999,3.032782997357788,0.2068957451281827,0.03249910764768425,0.049999999999999996
55,43,1.9794854500833887,0.05297114783047715,5.3733136714952705,0.4028824337032256,0.03352259210333431,0.026485573915238574,1.9000000000001553,0.09999999999990462,3.297766632745942,0.24726124846090622,0.03883970608407413,0.04999999999995231
56,43,1.9794747461064899,0.052851251122084456,6.005328553949345,0.39545193802368134,0.03282984693591471,0.026425625561042228,1.9000000000000001,0.0999999999999999,2.9781718541138855,0.1961131386728871,0.03080537978635889,0.04999999999999995
57,43,1.978677573248528,0.037800006228539046,6.892755221597291,0.41700357573428193,0.024760050573763168,0.018900003114269523,1.9000000000000046,0.09999999999999996,3.4821590079092095,0.21066652026516972,0.03309141962111911,0.04999999999999998
58,43,1.9796497869226557,0.053947071655459415,6.230204134635037,0.37676072151325407,0.03192665154720087,0.026973535827729708,1.9000000000000001,0.07007232266584802,3.731965333843552,0.22568409019293154,0.024840900447899366,0.03503616133292401
59,43,1.9793724408988915,0.052627245497423134,6.088607324698648,0.4150117917345259,0.03430764860901537,0.026313622748711567,1.9000000000000643,0.09999999999999853,3.656372201204473,0.24922572561292336,0.0391482854335567,0.04999999999999927
60,43,1.9788698973304069,0.054222118149981464,6.481496205911183,0.4467947711340059,0.03805436136412352,0.027111059074990732,1.900000000000107,0.09999999999995096,3.278521639772914,0.22600126254248057,0.035500195305256346,0.04999999999997548
61,43,1.9790491088033755,0.04519123716778443,6.976466543428387,0.47322497550650655,0.03359245664378384,0.022595618583892214,1.9000000000000092,0.0999999999999851,3.5357706789459376,0.23983702674198754,0.03767351206356673,0.04999999999999255
62,43,1.9789238279467962,0.04365017442850703,7.00544702955783,0.4743900587509668,0.03252680753948237,0.021825087214253514,1.9000000000000001,0.09999999999999999,3.4816764360311097,0.2357697777275043,0.0370346300823613,0.049999999999999996
0,44,1.974538882979503,0.028377955998633173,385.60956965473963,0.6545711555012941,0.02917815665653697,0.014188977999316586,1.9578695790012552,0.043418499984688316,255.17253077603897,0.4331546503677606,0.029541848991616382,0.021709249992344158
1,44,1.9746709139191037,0.028893894468280376,398.8923390251475,0.6939286644584256,0.03149494010343044,0.014446947234140188,1.9580282683853392,0.04344396329101729,228.64804429940253,0.3977650520926964,0.02714413072232856,0.021721981645508644
2,44,1.9755127949731959,0.028423364578795688,299.25855126229743,0.6827805295958097,0.030484318524746402,0.014211682289397844,1.9591139762177838,0.04386030599844892,178.71516249759588,0.40775186801581964,0.028092312678417403,0.02193015299922446
3,44,1.975686519678908,0.029239198995856107,218.75275686465469,0.7062770306135906,0.03243847511602161,0.014619599497928053,1.959097590661312,0.044222860194351885,115.867839561026,0.37409719923852514,0.02598670173170756,0.022111430097175942
4,44,1.9755783024631142,0.03014280924882128,80.29276460795342,0.6617028625010096,0.031330448769427255,0.01507140462441064,1.959479653216097,0.04845175794825401,45.050911989216054,0.3712702827845144,0.02825658054564557,0.024225878974127004
5,44,1.9717270656895292,0.03769894284611195,39.90934336743016,0.8282375226543587,0.04904604032864315,0.018849471423055975,1.9073770349248584,0.09999999999999999,5.203136388274047,0.10798054862946588,0.01696154491524627,0.049999999999999996
6,44,1.9713259850138676,0.04918661860532883,14.544337801715457,0.5625649608465964,0.043464983921213125,0.024593309302664415,1.9000000000000001,0.09999999999999999,3.444767152711827,0.13324121900980604,0.02092948173982777,0.049999999999999996
7,44,1.9734967502745406,0.05334543664018533,8.347482370056433,0.5006672730787245,0.04195332198764038,0.026672718320092666,1.9000000000000072,0.09999999999999995,3.0469826638130884,0.1827526472989884,0.02870671870892941,0.049999999999999975
8,44,1.9737443607284544,0.05786055325422808,5.613054685135662,0.3773945973477357,0.03430031730947946,0.02893027662711404,1.9000000000000004,0.09999999999999985,3.4286014943492322,0.2305225501993306,0.036210397509650015,0.049999999999999926
9,44,1.982982081915975,0.08091326393599138,3.8866393469805436,0.27809912628226435,0.035345914440516234,0.04045663196799569,1.9000000000000001,0.09999999999999999,3.5893442968093696,0.25682689433080325,0.04034227422369668,0.049999999999999996
10,44,1.9847239959898715,0.09999999992021304,3.7127644642410056,0.25832111730323004,0.040576986186971586,0.04999999996010652,1.9000000000000001,0.06804733441779405,3.4035450641635467,0.23680671699877306,0.025311915468895045,0.034023667208897025
11,44,1.9869216351609373,0.09999999999993708,2.095482922238446,0.17180570061851755,0.026987176345382124,0.04999999999996854,1.9000000000000001,0.09999999999999999,2.8905056430594516,0.23698849648324583,0.03722606597685278,0.049999999999999996
12,44,1.9956448434913914,0.09999999999999998,2.48811289174276,0.18900369655095484,0.029688631229289705,0.04999999999999999,1.9000000000000001,0.09999999999999999,3.652066482378697,0.27742071813145847,0.043577144501769735,0.049999999999999996
13,44,1.9875221067523885,0.09999999999960452,2.4542771747328738,0.17512884546689841,0.027509174717414715,0.04999999999980226,1.9000000000000001,0.09999999999999999,3.049063768407688,0.21757078744551653,0.03417593937372906,0.049999999999999996
14,44,1.9922478306699005,0.09999999999999999,2.6180068498153397,0.1809739116960302,0.028427315573782818,0.049999999999999996,1.9000000000000001,0.09999999999999999,3.048766260555025,0.21075084507836128,0.03310466533180102,0.049999999999999996
15,44,1.9777367758059112,0.05387526228400594,3.144864461391174,0.2504246912677251,0.02119270640034387,0.02693763114200297,1.9000000000000001,0.09999999999999999,3.3857137362300356,0.2696034527164447,0.04234921132182129,0.049999999999999996
16,44,1.9858881759818992,0.07383735214642642,2.7728873325513055,0.21582369720383748,0.025031975165832845,0.03691867607321321,1.9000000000000001,0.09783157236595194,3.289055967475483,0.25599894048265276,0.039340246656641584,0.04891578618297597
17,44,1.9894796690116603,0.09999999999988998,3.210864026177314,0.24390580189668357,0.03831263377028528,0.04999999999994499,1.9000000000000004,0.05582497359579293,3.176941651720516,0.2413289677870264,0.02116205597025022,0.027912486797896464
18,44,1.9901364953914515,0.09999999999999491,2.7530359001296607,0.22293061874173278,0.035017859704960956,0.049999999999997456,1.900000000000003,0.09999999999999999,3.1021162333009795,0.2511978471715499,0.03945806556358564,0.049999999999999996
19,44,1.9812115309562996,0.06133369191401454,3.4353532436239607,0.23769300691088663,0.022899995081476103,0.03066684595700727,1.9000000000000001,0.09999999999999999,3.3925054863027078,0.2347283591571282,0.03687104443586102,0.049999999999999996
20,44,1.9842439305787396,0.06471094685467409,3.8321398209259425,0.26480541993919016,0.026916866550950366,0.03235547342733704,1.9000000000008386,0.09999999999999952,3.578669479107509,0.24729031781769648,0.03884427228799783,0.04999999999999976
21,44,1.9865155583511742,0.07277047122441602,4.540204682885675,0.31111419409877483,0.035562713399514216,0.03638523561220801,1.9000000000000001,0.09999999999999866,3.5841693026978705,0.24560257125096976,0.03857916167724,0.04999999999999933
22,44,1.9818796544164476,0.05551225008856008,5.09691820466803,0.34859599387236084,0.03039702634391203,0.02775612504428004,1.9000000000000101,0.09999999999999702,3.591736203502429,0.24565135270182709,0.03858682424962161,0.04999999999999851
23,44,1.9793271456828978,0.04453947864891527,8.249318414968071,0.5416518661481667,0.03789529130980522,0.022269739324457635,1.9000000000000086,0.0999999999999908,3.3900495525965506,0.22259131895877807,0.034964562619684766,0.0499999999999954
24,44,1.9795734838973784,0.04295725476186233,11.470788208234449,0.4846353510275156,0.03270178707027811,0.021478627380931165,1.900000000000017,0.09999999999999949,3.330129844690986,0.14069640350350682,0.022100539381655997,0.049999999999999746
25,44,1.977866297400889,0.0340095587402286,47.67177373770505,0.8419392855990668,0.04497815624355826,0.0170047793701143,1.9000000000000001,0.09999999999999999,3.157466488302641,0.05576455145326204,0.008759475258814903,0.049999999999999996
26,44,1.9788678864061804,0.028648446052636063,709.4242170587485,0.8173419953514743,0.03678110400702506,0.014324223026318032,1.9599999999999949,0.038923952697752666,264.4732367530938,0.3047049675595379,0.0186301498301715,0.019461976348876333
27,44,1.9802764316513721,0.030530479128675965,444.7870584934489,0.8977671186704677,0.04305436536638747,0.015265239564337982,1.9599999999999997,0.034893291085005385,78.38062592598921,0.15820502722248045,0.008671257641677234,0.017446645542502692
28,44,1.9792767878291337,0.028755604769484574,350.9448980569319,0.9239509520972589,0.04173412381787769,0.014377802384742287,1.9599999999999997,0.032825817445059975,53.147242750772854,0.1399235202244046,0.007214830783647771,0.016412908722529988
29,44,1.9793051185820327,0.02905603382354305,427.5182234518105,0.9151802208889881,0.04176984223077857,0.014528016911771526,1.9599999999999997,0.030794314865103666,54.947998602237426,0.11762614723690673,0.005689764552727241,0.015397157432551833
30,44,1.9791268163908597,0.029380219879517975,372.7176112800645,0.9357568161023365,0.04318549659335766,0.014690109939758987,1.9599999999999997,0.030753597557451284,45.966618465710226,0.11540526994347727,0.0055749560128356785,0.015376798778725642
31,44,1.9793746399848333,0.028968842263618795,285.8198208523704,0.9113449877321664,0.04146997995234924,0.014484421131809398,1.9599999999999997,0.030866452333232805,39.61129930605093,0.12630180430619625,0.006123731607832524,0.015433226166616403
32,44,1.9791973848639008,0.029514269282649587,145.62962557986108,0.8405291416831129,0.03896769234057959,0.014757134641324793,1.9599999999999997,0.036866415146668635,20.359865767018494,0.11751084595456097,0.0068050095508118726,0.018433207573334318
33,44,1.9772211821158547,0.033590529201073735,55.844864410038966,0.8480414032689669,0.04474595473886413,0.016795264600536867,1.9000000000000001,0.09999999999999706,3.391405075675054,0.051500741380830634,0.008089717538822032,0.04999999999999853
34,44,1.9773761367536862,0.03560036884660659,18.097473068071665,0.6620983148415814,0.037025152601555075,0.017800184423303295,1.9000000000000001,0.09999999999754709,2.8124326221472153,0.10289319910713779,0.016162425920570347,0.049999999998773546
35,44,1.9792032486051485,0.05199277405564678,6.482854816461303,0.4367912161221813,0.035672764175818134,0.02599638702782339,1.9000000000000001,0.09999999999999994,2.7697099510486214,0.18661299875979662,0.02931310129840689,0.04999999999999997
36,44,1.9855212719186137,0.07129950902105389,4.040901898297975,0.3127303162056163,0.03502485937333547,0.035649754510526946,1.90000000000029,0.09999999999984183,2.3486449285831617,0.18176448962542172,0.02855149926449099,0.04999999999992091
37,44,1.9818276119482525,0.07299865288031104,3.72023843353041,0.2977132457576366,0.03413759174351265,0.03649932644015552,1.9000000000000057,0.0999999999999979,2.9882161811689163,0.2391329357556931,0.037562913710071484,0.04999999999999895
38,44,1.9890078329834693,0.08431814229081112,3.928627598804557,0.26620434659916825,0.03525786811726755,0.04215907114540556,1.9000000000000001,0.0680662970218132,3.4235496754827004,0.23198019702579745,0.024802925826845956,0.0340331485109066
39,44,1.9837783992759892,0.0900487242564819,3.9091915453632735,0.2714814231367638,0.03840056007353224,0.04502436212824095,1.9000000000000001,0.04611664873659139,3.1826718571429806,0.2210268479116467,0.01601115445816222,0.023058324368295694
40,44,1.97820144061538,0.07366686446936224,3.149413712174314,0.21457959008022134,0.02483021462174104,0.03683343223468112,1.9000000000000001,0.09999999999999999,3.0353407366198684,0.20680743482507544,0.032485235897710345,0.049999999999999996
41,44,1.9852456889030332,0.08737860934710558,3.9080010691331015,0.31680868961567443,0.04348325944188991,0.04368930467355279,1.9000000000000001,0.04876742414719607,3.273004810441689,0.26533164826688393,0.020325383521444473,0.024383712073598036
42,44,1.9832385470367138,0.09363874280738023,3.407771078588287,0.23218230056726052,0.03415108934865167,0.046819371403690115,1.9000000000000001,0.057305080493671064,2.9528533647160717,0.2011873073767538,0.01810979699963355,0.028652540246835532
43,44,1.9880626036474802,0.07578618590272437,3.1509387310532584,0.2199721859479997,0.02618651462188341,0.03789309295136219,1.9000000000000001,0.09999999999999999,2.648838311344867,0.18491973449911236,0.02904712397030932,0.049999999999999996
44,44,1.9888648451128053,0.09999999999999792,3.420413601710083,0.23946142151144328,0.037614512131925175,0.04999999999999896,1.9000000000000004,0.07391182302532671,2.64424029649106,0.1851219220678504,0.021492732924554774,0.03695591151266336
45,44,1.985523460181414,0.08033318322233537,3.9144246877782494,0.27828701465540884,0.035116222755019334,0.04016659161116769,1.9000000000000001,0.05195353599655053,3.5149472132847768,0.24988708294999945,0.020392890894409352,0.025976767998275266
46,44,1.9892116888804963,0.0922292510837313,2.965848365820647,0.23410358086658645,0.03391537441422466,0.04611462554186565,1.9000000000000001,0.09999999999999999,2.5602065075981852,0.20208501489617867,0.03174343990992094,0.049999999999999996
47,44,1.9808782163749266,0.05931905839159293,3.262156462495785,0.25336919869661284,0.023608475489569708,0.029659529195796466,1.9000000000000001,0.09999999999999999,2.753722988830722,0.2138795594674464,0.03359612263879755,0.049999999999999996
48,44,1.983827079633222,0.06674305622026805,3.5943458331801224,0.27817079881009055,0.029163356322993435,0.033371528110134024,1.9000000000000001,0.06119698674664024,3.0838185516503946,0.23866047111526753,0.022941954242908603,0.03059849337332012
49,44,1.9859052518010265,0.09051758847085006,2.8651645319585315,0.1691391397059921,0.024048997072903734,0.04525879423542503,1.9000000000000001,0.09999999999999999,2.531728422263263,0.1494554195874063,0.023476402410748786,0.049999999999999996
50,44,1.9848145733782467,0.06794084063331135,3.31575229785605,0.25983355744383246,0.027729755002464534,0.033970420316655675,1.9000000000000001,0.07689318869091218,3.330298023909501,0.2609734097025538,0.03152129183946011,0.03844659434545609
51,44,1.9854411989799223,0.07788379516053431,3.523030140463825,0.2438043269553251,0.02982691880464664,0.03894189758026716,1.9000000000000001,0.07991265536729067,3.305004388378918,0.22871628636904986,0.028709956182358717,0.039956327683645335
52,44,1.981769091660518,0.06564179550639797,3.6713442724505825,0.2557738717155448,0.02637281610118968,0.032820897753198984,1.9000000000000001,0.09999999999999999,3.338645669355068,0.23259554696222692,0.03653602307971159,0.049999999999999996
53,44,1.983083772778904,0.08410332948364091,3.4957707563079,0.265492858872495,0.035074049463255846,0.042051664741820455,1.9000000000000001,0.07643235761309115,3.1264265848135007,0.23744232385929337,0.028507246236169657,0.03821617880654558
54,44,1.9840628215979799,0.06406706231033993,3.161898125172417,0.21849092151311691,0.02198811926743304,0.032033531155169964,1.9000000000000001,0.09999999999999999,2.9823842612300395,0.20608629998375894,0.03237196030172397,0.049999999999999996
55,44,1.9909859532468877,0.09999999999999887,3.033481680014122,0.24600593585468675,0.03864252204102785,0.049999999999999434,1.9000000000000103,0.09999999999999779,3.211133556354568,0.2604129508643403,0.04090557066675166,0.04999999999999889
56,44,1.9797113922307716,0.06094395693430648,3.8058426069510327,0.31144250213064084,0.02981456005799825,0.03047197846715324,1.9000000000000001,0.09999999999999999,3.219133049507494,0.26343045553143485,0.04137955919146842,0.049999999999999996
57,44,1.9832220144068904,0.06279719488442047,3.3755365716929786,0.2731862601345419,0.026947530632946477,0.031398597442210234,1.9000000000000001,0.09999999999999994,3.346385017936473,0.2708269896071138,0.04254140404717737,0.04999999999999997
58,44,1.9886542999338848,0.0809322977391165,3.4267391326738825,0.24161580243582545,0.030716171425981223,0.04046614886955825,1.9000000000000001,0.09999999999998645,3.0505818669537947,0.21509334593120466,0.03378678377067145,0.049999999999993223
59,44,1.9899462831911179,0.09999999999992215,3.3396966330999507,0.24983878113397634,0.03924458396958586,0.049999999999961076,1.90000000000001,0.0999999999999999,2.6551742823067594,0.1986304683530661,0.031200801007854585,0.04999999999999995
60,44,1.9793789132925959,0.0589222941861589,3.9830670193887405,0.24240446669794033,0.022435726816489834,0.02946114709307945,1.9000000000000004,0.09999999999999046,3.1832512662352626,0.19372868239503552,0.03043083027009079,0.04999999999999523
61,44,1.978518111420939,0.07856823766151377,3.3676253912562792,0.2708395056475169,0.03342557609969172,0.03928411883075689,1.9000000000000001,0.09999999999999999,3.047509611072625,0.24509436193883175,0.03849933234516558,0.049999999999999996
62,44,1.9825175997877473,0.08573847136563054,4.1311049152297015,0.32496967075939676,0.04376615999136027,0.04286923568281527,1.9000000000000001,0.06582515504632838,3.198237258353332,0.2515864714609235,0.02601351577549162,0.03291257752316419
0,45,1.976711783284081,0.027898031548580095,798.6611736857494,0.6859712962947772,0.030060720222811924,0.013949015774290047,1.9599999999975801,0.041444855506115055,549.5390168005658,0.4719998970020893,0.03072786674124502,0.020722427753057528
1,45,1.9745184481449103,0.02807057733747637,365.47148784754165,0.6739905291584876,0.02971837208748526,0.014035288668738185,1.9580686955251878,0.04362889342749091,238.20926659433383,0.43929771536472056,0.030105997391989932,0.021814446713745456
2,45,1.9757912581898776,0.028494098515337594,324.57104365489886,0.666734953623306,0.029842006605462698,0.014247049257668797,1.9599999999999997,0.042379423822308956,211.97537880869334,0.43544055183668173,0.02898703511371892,0.021189711911154478
3,45,1.9753888298677877,0.029559829419155362,250.96811200258253,0.7190557855424896,0.03338753724918886,0.014779914709577681,1.9590556062869349,0.043959634216971105,127.52778800545816,0.36538344672974704,0.02523032328612884,0.021979817108485553
4,45,1.9767357035685789,0.02903358911183571,141.20502341523033,0.7040237263848654,0.032107604073973804,0.014516794555917855,1.9599999999999878,0.044539907110872246,77.70778443863905,0.3874375191931148,0.0271063386108032,0.022269953555436123
5,45,1.9752678774994699,0.02951776452143017,55.86440589777636,0.6477301859556108,0.030032914358526012,0.014758882260715084,1.9587875330565647,0.054010589965914145,27.982189042039572,0.32444466597946575,0.027525767469765205,0.027005294982957073
6,45,1.9711681606891667,0.04056081934238167,26.235842838330548,0.7421022107585157,0.04728139937001272,0.020280409671190835,1.9000000000000001,0.09999999999999744,4.378058265433804,0.12383694846888167,0.019452262377640323,0.04999999999999872
7,45,1.9721322098658065,0.046379519607784095,11.767216200234117,0.530558740117149,0.0386526786606567,0.023189759803892047,1.9000000000000001,0.09999999999999998,3.2065228449352636,0.14457529222008025,0.02270983379646008,0.04999999999999999
8,45,1.9727211370694318,0.04912005114290385,7.171024536778509,0.42974406261106346,0.03315801872648474,0.024560025571451927,1.9000000000000041,0.09999999999999945,3.4716687472836765,0.20804963416953787,0.03268036011445303,0.049999999999999725
9,45,1.9784687573343327,0.06334869164994104,4.805108519031953,0.291338456446023,0.028990475703466738,0.03167434582497052,1.9000000000000021,0.09999999999999992,3.3017638020850972,0.20018918736982386,0.03144564401845744,0.04999999999999996
10,45,1.9865924392655279,0.08050980472326613,3.458363194761468,0.2657412495608813,0.03360683572471582,0.040254902361633066,1.9000000000001815,0.09999999999968932,2.8795577333781126,0.22126573386210746,0.03475634019950958,0.04999999999984466
11,45,1.984095557866381,0.07131655800007651,3.164988610157134,0.1919318862970307,0.02150093681548888,0.035658279000038255,1.9000000000000001,0.09999999999989305,2.823609716855296,0.17122991766335477,0.026896732570270258,0.049999999999946525
12,45,1.989759180846421,0.09999999999786126,2.46215854343269,0.17902753347047176,0.028121579196455294,0.04999999999893063,1.9000000000000001,0.09999999999999999,2.9836187645383094,0.21694375029432877,0.03407744460834409,0.049999999999999996
13,45,1.9857454914871655,0.06215891600753594,2.692422165934337,0.1864613633579766,0.018205900486746047,0.03107945800376797,1.9000000000000001,0.09999999999996496,3.5992230135680847,0.24926107006195158,0.03915383732661417,0.04999999999998248
14,45,1.9892871333716275,0.08542719285015486,2.257522544649345,0.15789868720000957,0.021188222841487712,0.04271359642507743,1.9000000000000001,0.09999999999999999,3.126101651940454,0.21865001882931345,0.03434546464307205,0.049999999999999996
15,45,1.9918186666232698,0.09999999999998277,2.7862626313681242,0.19121085198082022,0.030035330393474332,0.049999999999991385,1.9000000000000015,0.09999999999999996,2.8580008564805306,0.19613397982559186,0.03080865350697039,0.04999999999999998
16,45,1.9872733977134496,0.07956294287649121,3.0313506939485055,0.21091073935356136,0.026359029102754353,0.039781471438245605,1.9000000000000001,0.09999999999999952,2.928198730889925,0.2037337878916643,0.03200242856642353,0.04999999999999976
17,45,1.9827030338017761,0.08142000745410408,2.9283605853248535,0.20100523473069482,0.025707413467889503,0.04071000372705204,1.9000000000000001,0.09999999999999999,2.9081867834648762,0.19962048730628384,0.031356312821371794,0.049999999999999996
18,45,1.9881580182953922,0.09065769769996228,2.7489158134132663,0.2137770267298219,0.030442870148994865,0.04532884884998114,1.9000000000000001,0.09999999999999999,3.121344294044415,0.24273995563086156,0.03812950306713135,0.049999999999999996
19,45,1.9893110942251853,0.09999999999033037,2.409775257137001,0.19434283348696596,0.030527300895071958,0.04999999999516518,1.9000000000000001,0.09999999999999781,3.150261750652649,0.25406136652545064,0.0399078661318661,0.049999999999998906
20,45,1.9840798835910483,0.06544228227357621,3.120789008957967,0.25214878851479383,0.025920012084383853,0.032721141136788104,1.9000000000000001,0.09999999999999999,3.0816118557026617,0.24898341216207395,0.039110222925704555,0.049999999999999996
21,45,1.9917266699871365,0.09999999999999971,3.6866079691059412,0.2978649727587424,0.04678852050902932,0.04999999999999986,1.9000000000000001,0.0742386079676956,3.0295663218028768,0.24477831586021975,0.02854451309697492,0.0371193039838478
22,45,1.9806376159544292,0.06186692627691232,4.73787607628022,0.32260181728663706,0.031350554464630156,0.03093346313845616,1.9000000000000001,0.0750282599995523,3.1975372937522444,0.2177202031455708,0.025659221905739646,0.03751412999977615
23,45,1.9803455301031176,0.057111834251471504,5.289843522400334,0.3658034836349359,0.03281661807058445,0.028555917125735752,1.9000000000000001,0.09999999999999994,2.828597244509981,0.19560327663008423,0.03072529084395821,0.04999999999999997
24,45,1.9774900583838746,0.04995766038505507,6.527448890016239,0.3945692813786535,0.03096315730845464,0.024978830192527536,1.9000000000000024,0.09999999999998271,1.9048118883261995,0.11514150024030517,0.01808638456390938,0.04999999999999136
25,45,1.9776811376167913,0.041017570838406694,14.11749636341849,0.5950647648026427,0.03834017132857615,0.020508785419203347,1.900000000000031,0.09999999999999999,2.9648233210229766,0.12496988465869309,0.0196302235781857,0.049999999999999996
26,45,1.9806425837434034,0.03370687923910598,89.8261043878329,0.8296737636867946,0.0439284398227865,0.01685343961955299,1.9599999999999997,0.05045508966409475,15.0871150965276,0.13935129048084838,0.011044240473195454,0.025227544832047376
27,45,1.9786041813351571,0.029927024625163497,92.74490718870699,0.856995649905335,0.04028673162788023,0.014963512312581749,1.9599999999999964,0.049770109275355454,15.537769292245168,0.14357446782057046,0.011224465941429937,0.024885054637677727
28,45,1.9794845145323525,0.029284962336791943,226.04757313369572,0.8897946169422836,0.04093118526263656,0.014642481168395971,1.9599999999999997,0.03575933086264483,35.37595660782522,0.13925093431642124,0.007821812091438118,0.017879665431322415
29,45,1.9793652072481709,0.028816506981948743,251.6502418120168,0.8744212816142317,0.039580559794884916,0.014408253490974372,1.9599999999999997,0.03387708632020343,38.47596737493767,0.13369430707113186,0.0071144092247159944,0.016938543160101713
30,45,1.979551083715562,0.02922769823655219,240.4352758425376,0.8966341061070822,0.04116515417740901,0.014613849118276095,1.9599999999999997,0.03441347063921216,36.20602541367346,0.1350199429710138,0.007298712740040711,0.01720673531960608
31,45,1.9793824186499367,0.029417627778370595,174.3548078513903,0.8833135490158266,0.04081712558172868,0.014708813889185298,1.9599999999999997,0.03469378653712897,25.048161742671372,0.12689859785283275,0.006915576701920461,0.017346893268564485
32,45,1.9775905820336173,0.0332459524003148,76.30774154471693,0.8716737973903613,0.04552108940768006,0.0166229762001574,1.9000000000007506,0.0864017033762346,3.799833400965121,0.043406018092266754,0.005891042130224738,0.0432008516881173
33,45,1.9778467390511665,0.03428050424834211,31.349875105058274,0.811297583411394,0.04368650089420351,0.017140252124171054,1.9000000000000001,0.09999999999999999,3.600348482725115,0.09317274833425003,0.014635541084082526,0.049999999999999996
34,45,1.9799748793768508,0.04623898843785373,8.387475431669264,0.4597964911132083,0.03339595400450997,0.023119494218926864,1.900000000000004,0.09999999999999755,3.0613590765518635,0.16782191171867067,0.026361404248337883,0.049999999999998775
35,45,1.9815393387049245,0.07065866254058376,5.051615722540541,0.35200004677462415,0.0390686145779289,0.03532933127029188,1.9000000000000001,0.05088397731399845,3.3714761841810845,0.2349267718911984,0.01877731269153927,0.025441988656999225
36,45,1.9887406877277183,0.09097529673171798,3.2647680424548136,0.19787291855637434,0.02827676465952303,0.04548764836585899,1.9000000000000106,0.07401021133341558,3.2897606764102507,0.19938768633125584,0.023179809115536795,0.03700510566670779
37,45,1.9917622893826372,0.09999999999984156,2.6125064039343533,0.18089345002004906,0.028414676683229907,0.04999999999992078,1.9000000000000001,0.09999999999999999,3.1996106108789464,0.22154533334387685,0.03480025958351127,0.049999999999999996
38,45,1.9817271131570735,0.06203842399399557,3.2068091775994376,0.23154983474536847,0.022564468537082286,0.031019211996997784,1.9000000000000006,0.09999999999999967,3.1123998821250085,0.2247329474424903,0.03530096883524531,0.049999999999999836
39,45,1.9868665813468274,0.09999999999996881,3.449378006448825,0.28318776285006814,0.04448302976780125,0.049999999999984404,1.9000000000000001,0.06597475851155295,2.850368612288778,0.23401016331147867,0.024251153803010694,0.032987379255776474
40,45,1.98910332908248,0.0799491757051463,2.4962017828190293,0.1801325880497125,0.022621747795627475,0.03997458785257315,1.9000000000000001,0.09999999999999996,3.8568010561587136,0.2783170657999249,0.043717942464285536,0.04999999999999998
41,45,1.9882432845865314,0.08197201166120743,3.1954135645226422,0.2181751321700935,0.028092521242186756,0.04098600583060372,1.9000000000000001,0.09999999999999988,2.856736697676417,0.19505109245031882,0.03063855395582922,0.04999999999999994
42,45,1.9999999999999976,0.09999999999999999,2.593311156784024,0.18197005145393647,0.02858378884105217,0.049999999999999996,1.9000000000000001,0.09999999999999999,3.093355535781389,0.2170576656560992,0.03409533839152754,0.049999999999999996
43,45,1.9916143031352804,0.0999999999997005,3.094324840040125,0.2358868197030715,0.0370530149927805,0.04999999999985025,1.9000000000000001,0.07351855205331041,3.1793322145765472,0.24236710870545192,0.02798920120106449,0.036759276026655206
44,45,1.9914968405203337,0.09113761678882508,2.713716334368956,0.1876590270592254,0.026865009912403984,0.04556880839441254,1.9000000000000001,0.08665283352513695,3.1750715006578214,0.2195626790872655,0.029885544095693772,0.04332641676256847
45,45,1.9809080846678149,0.05976421916812261,2.525377714211689,0.19651756888186053,0.018448561554039823,0.029882109584061307,1.9000000000000008,0.09999999999998584,2.7477634211157134,0.21382297956514715,0.03358723508852258,0.04999999999999292
46,45,1.9902579094324946,0.09999999999757461,2.663930450824679,0.2097344459072082,0.03294500972254151,0.049999999998787306,1.900000000000003,0.09999999999999963,3.159301940002379,0.24873563858802689,0.03907130274370541,0.049999999999999815
47,45,1.9986514602311778,0.09999999999999999,2.579710835491264,0.20881784923108884,0.032801031054140485,0.049999999999999996,1.9000000000000001,0.08909078221634223,3.4781068385412723,0.281539612668185,0.03939963131244382,0.044545391108171115
48,45,1.994526510968243,0.09999999999999999,3.0996871679268194,0.25086143402921407,0.03940522191075897,0.049999999999999996,1.9000000000000001,0.07955372523793472,3.1759088210287807,0.2570301446652697,0.032119180701099974,0.03977686261896736
49,45,1.997537214810735,0.09999999999999999,2.7434633241821174,0.24625262367717418,0.03868127167357112,0.049999999999999996,1.9000000000000001,0.09999999999999999,2.949265773147869,0.2647254031637061,0.04158296908988476,0.049999999999999996
50,45,1.9940531723593684,0.09303965440505549,3.27945820150268,0.26482200692796565,0.038702769019880075,0.046519827202527744,1.9000000000000001,0.06822035626772983,3.679110577769338,0.29709463790950136,0.03183674608164036,0.03411017813386492
51,45,1.9998793032355908,0.09999999999999999,2.904604069217628,0.22713177637069965,0.03567777600214949,0.049999999999999996,1.9000000000000001,0.08754973508425247,2.9446497466272894,0.23026323443839916,0.03166644526253415,0.043774867542126235
52,45,1.9947717678355938,0.09460388295357396,3.2732316310560323,0.25574030961158717,0.03800388766913107,0.04730194147678698,1.9000000000000001,0.06067965020702936,3.410993298334528,0.26650374324950676,0.02540190333564878,0.03033982510351468
53,45,1.9848568824468378,0.0753325881358402,3.1884802824581415,0.2207339003210578,0.02611991760586201,0.0376662940679201,1.9000000000000001,0.07140637930164616,3.3160970674089874,0.22956862664620128,0.02574953707311433,0.03570318965082308
54,45,1.9889362446987269,0.09999999999967596,2.9005354657868443,0.22523480794204725,0.035379800898057534,0.04999999999983798,1.9000000000000086,0.05223292505914788,3.448953018940665,0.2678209868437211,0.021973985324159683,0.02611646252957394
55,45,1.9945200177679006,0.09948596358966441,2.465376111959315,0.19923054161797402,0.031134192291329795,0.049742981794832206,1.9000000000000001,0.09999999999999999,3.2314540731381705,0.26113838861417116,0.04101952216202783,0.049999999999999996
56,45,1.9899508388888245,0.09999999999999999,3.2479578019293145,0.25226639958453734,0.03962591338411649,0.049999999999999996,1.9000000000000001,0.07523190584071152,3.0746219678639695,0.2388035378587251,0.028220369605867525,0.03761595292035576
57,45,1.9928281666035725,0.07479520721678065,3.136784692560368,0.19273851442833936,0.022644469667835614,0.037397603608390326,1.9000000000000001,0.07898317820198379,3.579903762931048,0.21996579322138898,0.027290383048791403,0.039491589100991896
58,45,1.987263823601742,0.0812601772550934,2.9125906032096065,0.2145736145893603,0.027388860215497482,0.0406300886275467,1.9000000000000017,0.09999999999993152,2.5883179939496235,0.19068411024070178,0.029952589994404234,0.04999999999996576
59,45,1.9999999999999998,0.09999999999999999,2.155515288445183,0.14977755238149773,0.023527002911718685,0.049999999999999996,1.9000000000000001,0.09999999999999999,2.770255136618606,0.19249319921748181,0.03023676102638187,0.049999999999999996
60,45,1.9965140960280239,0.09408991068122141,2.3604773146042834,0.1685932685048925,0.024917425225557295,0.047044955340610706,1.9000000000000001,0.09999999998802715,3.0457544313661726,0.21753807650270376,0.03417080114675621,0.049999999994013576
61,45,1.9999999999928417,0.09999999999999999,2.2150276533684226,0.17933140327202166,0.02816931095386659,0.049999999999999996,1.9000000000000001,0.0845245179173442,3.128572205393707,0.25329311034916374,0.033629929470186164,0.0422622589586721
62,45,1.9944442852282454,0.09787193611932743,2.4438481718068283,0.21206980458016234,0.032602949621746376,0.048935968059663715,1.9000000000000001,0.09999999999999999,2.611674828097946,0.22663329776831964,0.035599475166389054,0.049999999999999996
