# RamanPL_2D export
# schema_version: "0.3.8"
# export_kind: "mapping_fit"
# map_kind: "fit_params"
# spectrum_type: "Raman"
# x_quantity: "Raman shift"
# x_unit: "cm^-1"
# coord_mode: "real"
# step_size: 0.5
# step_unit: "um"
# scaled: true
# peak_labels: ["WS2_E12g", "WS2_A1g", "WS2_2LA(M)", "MoS2_E12g", "MoS2_A1g"]
# peak_profile: "pvoigt"
# params_per_peak: 4
# baseline_spec: {"method": "arpls", "lam": 10000.0, "niter": 250, "tol": 1e-06}
# preprocessing_recipe: {"name": "legacy_mapping", "backend": "native", "steps": [{"name": "crop", "data_range": [300, 450]}, {"name": "baseline", "baseline_spec": {"method": "arpls", "lam": 10000.0, "niter": 250, "tol": 1e-06}, "clip_nonnegative": true}]}
# background_remove: true
# smoothing: false
# smooth_window: 11
# smooth_poly: 3
# preprocessing_backend_requested: "native"
# preprocessing_backend_resolved: "native"
# export_format: "wide"
# 
x	y	WS2_E12g_centre	WS2_E12g_fwhm	WS2_E12g_peak_height	WS2_E12g_peak_height_norm	WS2_E12g_amp	WS2_E12g_scale	WS2_E12g_eta	WS2_A1g_centre	WS2_A1g_fwhm	WS2_A1g_peak_height	WS2_A1g_peak_height_norm	WS2_A1g_amp	WS2_A1g_scale	WS2_A1g_eta	WS2_2LA(M)_centre	WS2_2LA(M)_fwhm	WS2_2LA(M)_peak_height	WS2_2LA(M)_peak_height_norm	WS2_2LA(M)_amp	WS2_2LA(M)_scale	WS2_2LA(M)_eta	MoS2_E12g_centre	MoS2_E12g_fwhm	MoS2_E12g_peak_height	MoS2_E12g_peak_height_norm	MoS2_E12g_amp	MoS2_E12g_scale	MoS2_E12g_eta	MoS2_A1g_centre	MoS2_A1g_fwhm	MoS2_A1g_peak_height	MoS2_A1g_peak_height_norm	MoS2_A1g_amp	MoS2_A1g_scale	MoS2_A1g_eta	rmse	ok	n_starts	n_params_at_bounds
0.0	0.0	355.99999999999994	5.491881029316361	4.080163881858264	0.7003244270384236	6.555227491732329	5.491881029316361	0.9999999999999926	421.99999999999994	9.999999999999998	2.622330117090214	0.4501000180219235	7.070241934409043	9.999999999999998	0.9999999999999999	346.4183366950257	0.765878373789475	2.229711080175352	0.3827103959299426	0.3135996155532575	0.765878373789475	2.262366053459496e-08	389.61909204160025	8.060114432069092	2.2836085545263805	0.39196142577497695	5.034826053574852	8.060114432069092	0.9999999999999883	404.3942093903551	0.3935000472866097	1.1826081537531574	0.20298434123458525	0.1947865361377473	0.3935000472866097	6.380604799707313e-11	0.26958887840226015	True	5	6
0.5	0.0	355.99999999999994	9.999999999999998	7.416084300235693	0.6356494331088833	7.8708465901351605	9.999999999999998	0.38149848667778774	421.99999999999994	4.818078611323398	6.3213460880797445	0.5418169339371243	4.100808181024931	4.818078611323398	0.9999999999996646	340.0000002116681	9.999999999994579	1.2321682381921988	0.10561193891454965	1.6840658044451562	9.999999999994579	0.9999999999999999	384.2036003652543	2.1188873589016106	6.011582270667359	0.5152663734304741	1.649605558313099	2.1188873589016106	0.900466448559285	409.91157947865946	0.9966440933165827	3.5350360813522297	0.3029959733682611	0.633004240913772	0.9966440933165827	5.494830817612104e-06	0.1405417606976857	True	5	7
1.0	0.0	353.5108817870945	9.999999999999998	19.688992171530824	1.0585727812686867	11.747451723250052	9.999999999999998	1.404574739722108e-29	418.32628561103274	4.506898509253397	8.526512740501335	0.4584254098737662	3.617996260742368	4.506898509253397	0.9999999999999999	340.00000000000006	9.999999999999998	3.432767756153507	0.18456173273994225	2.942982671285892	9.999999999999998	0.9999999999999999	389.99933349349936	0.9104094856078918	6.00447076632007	0.32282857668766934	0.3248672549176013	0.9104094856078918	9.965943957488297e-13	395.00000000000057	19.999999999999996	1.0888732188097383	0.058542943267105435	1.8544162917392049	19.999999999999996	0.9999999999999999	0.0949185647201379	True	5	10
1.5	0.0	353.3016823342753	9.999999999999998	44.3578035882466	1.0323657647814415	11.308585356808821	9.999999999999998	5.0269466887350935e-36	420.7839725090178	4.50156907044799	11.389672683884019	0.2650786828864492	2.405794636590615	4.50156907044799	0.9999999999999999	343.02972514775246	9.999999999999998	9.062904600226052	0.21092641388656844	3.3468191410575874	9.999999999999998	0.9999999999999999	381.40484786724284	0.8998018159043817	6.351866768269079	0.14783080458364817	0.1416667443531347	0.8998018159043817	8.154925693249088e-09	409.99999999999994	3.3507874515762373	4.05423682558195	0.09435668501305157	0.5255579541519271	3.3507874515762373	0.9999999999999999	0.040997657246001344	True	5	7
2.0	0.0	352.4560039816602	9.054640145185985	65.70287060866374	0.9140396229440668	8.818548749899055	9.054640145185985	3.440820539880556e-37	420.18763742197166	9.959999779797485	12.09563667215972	0.16827105240104137	2.6788023590959655	9.959999779797485	0.9384880692388018	344.9532005608433	9.999999999999998	24.461684708970576	0.3403039906907173	5.776626272064355	9.999999999999998	0.9999999999999999	384.26371502032094	0.5672305472795002	2.145612791561633	0.02984915406001083	0.018194450655490083	0.5672305472795002	8.126215934715648e-08	409.9999813631153	19.999999999260748	6.197005662324762e-32	8.621097779290427e-34	2.712825190425114e-32	19.999999999260748	0.9999999998605593	0.030546646861505784	True	5	7
2.5	0.0	351.92669108526684	9.999999999999998	94.86516941388956	0.9632074632477299	11.836363808724858	9.999999999999998	0.40407550266137776	419.10642532230804	9.810570240602821	21.87307196980927	0.22208684489410002	2.3192776120591807	9.810570240602821	8.619420951594305e-35	343.3021835857895	9.999999999999998	20.633132482007902	0.2094971981775573	3.297799442292969	9.999999999999998	0.9999999999999999	375.5781571874901	0.016002341901355018	0.8102893764094908	0.008227221640672031	0.0001669154138230288	0.016002341901355018	0.4975774901907711	404.55453768523785	1.1620852263605042	2.5194940513842106	0.025581522585108197	0.03184056820477596	1.1620852263605042	2.0774965421071748e-05	0.031669864899756345	True	5	4
3.0	0.0	351.8707748291709	9.999999999999998	135.3345039151322	1.0073327527533666	11.44699542096088	9.999999999999998	0.18162587264810345	418.71286026727216	7.1133691538844515	20.20142575247234	0.15036489013579163	1.3426988377247013	7.1133691538844515	0.44792965833572906	342.4104287023572	9.999999999999998	37.99921265817301	0.282838820715092	4.666850634820002	9.999999999999998	0.9999999999999999	389.99999999999557	19.999999995891454	5.8307073817094635e-12	4.339959394981783e-14	1.3635901191502966e-12	19.999999995891454	0.999999999991998	409.99999999994805	19.999999999935657	1.064109011899886e-15	7.920462477617455e-18	2.4696999791504773e-16	19.999999999935657	0.980745812150033	0.04356960585362195	True	5	9
3.5	0.0	352.2209526982552	8.784900582524285	130.573846960969	0.8177228884518221	7.647852977867771	8.784900582524285	1.4033115419473835e-43	418.54426799690197	4.269182432015882	39.49818034071884	0.24735861635797737	1.7671516885881637	4.269182432015882	0.9999999999999999	345.62402854368804	9.999999999999998	79.32657135914418	0.49678518763538443	8.017038630824647	9.999999999999998	0.9999999999999999	389.5132644621487	0.7476866924986815	0.36600837432409555	0.0022921391382404437	0.010386922299010254	0.7476866924986815	3.128687966810884e-39	407.2303920321474	4.245936247656418	5.348203000487811	0.033493292166637864	0.15888704088989433	4.245936247656418	0.11024086764976643	0.040937283556951226	True	5	5
4.0	0.0	352.2338353418044	7.611820999935157	94.77731094864895	0.7002789097737124	5.674747745398451	7.611820999935157	6.0534273726143375e-19	418.42251178413346	9.0620740157411	24.1730554475652	0.17860689172635538	1.7489919301850048	9.0620740157411	1.5888418086737734e-15	346.4673139060945	9.81806899234291	93.6173953500431	0.6917086684080197	10.667775576256176	9.81806899234291	0.9999999999999022	381.40209579535474	0.003433548010788837	0.6002743840653455	0.004435233359449508	0.007941330231823253	0.003433548010788837	0.09559306799983135	409.96493487942973	19.89999999999999	2.085046131195808e-23	1.5405731782924268e-25	3.542324136767688e-24	19.89999999999999	0.2401295425618412	0.028887243146990964	True	5	4
4.5	0.0	352.89314421485426	7.384005317089393	87.42163432920218	0.7582841682986375	6.073229418306121	7.384005317089393	9.311884170716205e-38	417.91399692043353	9.999999999999998	16.80862686900056	0.14579589758761421	1.6125970717386775	9.999999999999998	1.0482043252231861e-32	346.4734060851501	8.653289993963575	78.66946063897727	0.6823689237665352	9.275382843457141	8.653289993963575	0.9999999999999999	387.2021983039997	1.119890826455189	3.8095512660236586	0.033043564507954155	0.03939089084767885	1.119890826455189	2.9177381272240283e-08	409.96803919585403	19.99661433446543	1.5034722427868381e-19	1.3040927545332807e-21	4.103365722820274e-20	19.99661433446543	0.9996585895036108	0.024855032089789213	True	5	5
5.0	0.0	351.22854176342196	9.999999999999998	100.60870291205399	0.9335896454059531	11.103094606094418	9.999999999999998	0.23213808649992315	417.5523116372894	5.009979412087894	19.45554191612049	0.1805359969159826	1.8376900022407756	5.009979412087894	0.9999999999999999	340.872478112643	9.999999999999998	27.827191913314802	0.2582199897130608	4.066846529942246	9.999999999999998	0.9999999999999999	388.54826988216604	18.393250427926464	3.2907550131515376e-35	3.0536272876229703e-37	8.524098470765982e-36	18.393250427926464	0.8820385085097449	407.49831117720277	0.0013711058422394803	0.6047139501476633	0.005611390127789338	0.7992228755623442	0.0013711058422394803	0.002919676357913062	0.02447800999655947	True	5	5
5.5	0.0	351.2885778017692	9.999999999999998	83.6259760481174	0.9283201977405221	10.157549593328996	9.999999999999998	2.0130681708072393e-31	419.1487081100616	4.8072791639462125	18.597874203416637	0.20645238565747964	1.3386277859281221	4.8072791639462125	0.6526734755712776	341.90260083225064	9.999999999999998	25.364050424137307	0.28156275619058424	4.70089544957663	9.999999999999998	0.9936206780444913	388.86523917904304	0.3342098840656259	1.0266514739245489e-25	1.1396713608889365e-27	3.602395678776349e-26	0.3342098840656259	0.9314648561920494	395.9164381108943	0.7592427326352527	3.206214811615995	0.03559173965521633	0.028770307428580562	0.7592427326352527	2.0697674604514e-08	0.019578907741163176	True	5	4
6.0	0.0	353.76167344471713	6.3286794267586375	39.386629450657935	0.5175364665615896	4.022667720575036	6.3286794267586375	3.704203456901084e-21	417.6164315984383	7.084190479647754	13.03731866525293	0.1713090947247772	1.6985451409681522	7.084190479647754	0.43086184953031903	347.79695972575934	9.664200823027176	64.81247618523061	0.851629610907239	13.533477642835443	9.664200823027176	0.9420574448314315	370.0006651189239	2.2156286968088787e-08	6.441745018447937e-25	8.464390078147641e-27	2.245857590793278e-14	2.2156286968088787e-08	6.202519199749457e-06	409.9999999999898	5.53139208354598	5.8662462192352685	0.07708190273266934	0.46062966562141816	5.53139208354598	1.1913558131824447e-10	0.037786905258253206	True	5	3
6.5	0.0	350.3354795191149	9.999999999999982	50.31459633410657	0.9973820068732006	11.495893166078023	9.999999999999982	0.15851319532366698	417.00000000000006	8.403861304732526	6.901030984432756	0.13679855616931486	1.8297205427858347	8.403861304732526	0.9528962288349107	340.00003742319325	9.999999999940936	16.224888821533145	0.32162460504817314	5.1285491735912245	9.999999999940936	0.9999999999995869	389.9999999999967	10.99770717223862	1.1981938774459233	0.023751696350192274	0.2781248400812214	10.99770717223862	2.9962437596524547e-07	409.9240268718629	19.974925573163283	3.3424797656359507e-13	6.625769497276532e-15	1.4574978428851594e-13	19.974925573163283	0.09866768249830382	0.06688287198216837	True	5	7
7.0	0.0	349.62798851464566	9.999999999999998	38.38228976975098	1.0528286363446187	12.128936195062835	9.999999999999998	0.23008205030474266	417.00000000000006	7.166681439121884	4.42864324004621	0.1214779642185197	1.3072922869467953	7.166681439121884	0.801086228963091	341.3729397355648	2.7119091981829495	8.182566188783245	0.22444830816543906	1.2546709322800704	2.7119091981829495	0.9999999999958832	385.7748158730183	1.903746136851829	2.53268173720065	0.06947162026204409	0.6675560882399403	1.903746136851829	2.906098867637126e-10	409.99999877320295	12.892171655340038	1.8509950345366066	0.05077291088630326	0.6986764251329808	12.892171655340038	1.1030749055036784e-05	0.03687397119418726	True	5	4
7.5	0.0	350.44634119946824	3.537580381442763	19.218274041362452	0.8837362472321308	5.763872158339337	3.537580381442763	0.7023593768490217	417.00000000000006	5.783856153370159	7.130138079513135	0.3278734320821007	2.129918950367406	5.783856153370159	3.0574130688218265e-37	344.5587017546276	3.809182543616422	14.167996717975328	0.6515034712999138	5.028385539160096	3.809182543616422	0.9999999999999999	381.3964199188545	0.8028197857416669	3.4225219133006566	0.15738180573449817	0.13451785736934002	0.8028197857416669	0.00033974008813989474	409.99999999999994	19.999999999999996	2.075988611819994	0.09546259883472756	3.003948111428641	19.999999999999996	0.9999999999999999	0.07811920074426475	True	5	6
8.0	0.0	351.7336805843841	3.128619638278943	12.8600615042075	0.9711947674948959	5.366042614888864	3.128619638278943	0.9999999999999978	417.00000000000006	1.729506407544553	3.3337652486866083	0.25176670924329914	1.2282915000180463	1.729506407544553	0.9235925807214946	345.3332131404167	3.263182885760405	8.234204600194184	0.6218490027885607	3.9206985272409622	3.263182885760405	0.6561193143660314	384.2358851090114	1.050151163796082	4.655787198867217	0.3516061073759388	0.39675033612200067	1.050151163796082	0.00010913721969218294	395.00000000000006	5.998368709857881	2.931059527127087	0.22135428162847764	1.913099410523803	5.998368709857881	0.6276809443476962	0.12025789573196152	True	5	3
8.5	0.0	348.9805891116896	6.620848624496347	8.080367913116847	1.0948828196736446	8.848284470697942	6.620848624496347	0.3677141164652101	417.00000000000006	9.994373817552004	2.2284700288610666	0.3019557494154327	4.863361130299437	9.994373817552004	0.9999999999999999	340.00000000000006	2.4223647027597566	3.0774202657783287	0.41698776765432044	1.493197131318312	2.4223647027597566	0.3903612827114781	374.49948456161786	2.180272051743769	2.8324926288268686	0.3838002860142701	1.9436005762636115	2.180272051743769	0.2973471921917027	409.99999999999994	5.966031019514982	3.790658693524432	0.5136309538640222	4.3251672839435535	5.966031019514982	0.7243736883042594	0.19076821176491576	True	5	4
9.0	0.0	349.28380830171176	0.16833491273764065	0.8547586599031229	0.09470374271948147	0.034621794798664764	0.16833491273764065	0.0018490731709107319	421.99999999999994	9.999999999999998	1.8932180177894986	0.20976076696192159	3.2949551463820295	9.999999999999998	0.9999999999999999	341.3503357050525	8.951505439655502	5.604107208147982	0.6209120212633941	8.966148294178813	8.951505439655502	0.9999999999999999	389.9999999453343	10.114591668095313	3.587676086320381	0.3974997493189834	4.664850362657374	10.114591668095313	0.2551846250818998	403.2022938271619	1.8804200054976703	5.495209428645966	0.6088465953408879	5.75585504970982	1.8804200054976703	6.95542232166833e-10	0.21516563663498278	True	5	5
0.0	0.5	353.6518521921784	8.252134204529911	10.041952272219618	1.019599949408469	11.46956134396087	8.252134204529911	0.4615348370355915	421.99999999999994	4.580491443701691	3.585678884574295	0.36406845105417673	2.6196337823311193	4.580491443701691	0.9999999999999999	342.54364110139477	1.350181610181583	3.034909584956688	0.30814662083602484	2.014742642662345	1.350181610181583	0.5541458471023256	385.0895373127608	2.4449835013375982	3.3406630007873823	0.3391909993454575	1.6132715796143056	2.4449835013375982	0.7404350944811121	407.19952416885616	1.1196642929133207	3.7973708221218696	0.3855623879862211	0.5670990263317596	1.1196642929133207	0.00036837024320075134	0.14880114743009815	True	5	2
0.5	0.5	355.99999999999994	6.356713068070326	21.28127508557411	0.91948758684783	6.501587951033941	6.356713068070326	2.3631353771973528e-33	421.99999999999994	4.655567409565442	3.669563925119917	0.15854869901942906	1.1595245381888837	4.655567409565442	0.9999999999999999	349.53435252994404	6.508786909231957	14.335838864017573	0.6194001923996676	4.75617528843826	6.508786909231957	0.2976330178662887	381.59741508803097	0.7714972162088494	4.030852992484849	0.17415870412344997	0.17389787621658107	0.7714972162088494	7.193333626440057e-07	395.00000000000006	19.999999999999996	1.2222833059361742	0.05281047883176319	1.6728337670579352	19.999999999999996	0.9999999999999999	0.05250799134153344	True	5	7
1.0	0.5	354.52913178059424	8.455014661404592	54.0841233210693	0.9609531807167813	8.800593581364867	8.455014661404592	7.998990422109336e-37	421.9534717695702	4.812275054771832	19.73567235602484	0.3506584919851736	2.640981337130979	4.812275054771832	0.9919878788626536	345.96530131273636	9.74560246824959	20.54215607986311	0.3649878931482094	5.642915671080304	9.74560246824959	0.9999999999999999	370.0034742888393	1.0593437211974428	4.439694150090464	0.0788833756186097	0.10301102575922708	1.0593437211974428	8.309665113063019e-11	404.63068316871994	0.7835131610025717	5.033594814583657	0.08943565413455294	0.07474459045666641	0.7835131610025717	2.788859493426799e-22	0.038556451083182876	True	5	3
1.5	0.5	352.64417773584205	9.999999999999998	211.44560688977077	1.0036244084633137	11.493043370191796	9.999999999999998	0.2075792718930763	419.82241169870497	6.516613922966529	47.55415539796979	0.22571531176876306	1.7390743324422455	6.516613922966529	0.2035740167942488	340.87213671339424	9.999999999999998	52.408199206633675	0.24875498101412577	3.917749544761355	9.999999999999998	0.9999999999999999	381.9606506919025	4.835361014775557	5.163730736913865	0.02450959507993317	0.13107407868529716	4.835361014775557	2.5942124723672428e-12	409.99999999999994	8.369534681110629	1.5553739785242258	0.007382566666184659	0.06619888354464647	8.369534681110629	9.015007258672053e-08	0.034828852928218614	True	5	4
2.0	0.5	352.90067691076905	7.9506470859970815	272.25283534676765	0.8375046060737308	8.101944095082185	7.9506470859970815	0.3377783583709034	419.1139190131965	6.213812664234294	65.69624419248528	0.2020948911069045	1.636592050300616	6.213812664234294	0.5682788954819947	345.92480744325275	9.999999999999998	134.48419449157132	0.4137004934672158	6.570409810470884	9.999999999999998	0.9999999999999999	381.8856609521624	0.7206943131736927	0.9076753341312639	0.0027921923097190306	0.00784288412432922	0.7206943131736927	4.1168331513636634e-18	409.9999994008922	19.99999590317976	4.93248902606565e-35	1.5173330604533435e-37	4.774633059743106e-36	19.99999590317976	0.9999999681627166	0.033126451341552864	True	5	7
2.5	0.5	353.6288847533231	7.265234850951708	261.86014649813814	0.6636471134734276	5.642989474685823	7.265234850951708	1.1017285790876943e-34	419.1608046317989	7.840718163592265	79.35514464920038	0.2011142718354914	1.6789183329914923	7.840718163592265	3.8392952842818493e-25	347.85622476154003	9.999999999999998	216.43522718363045	0.5485241480814766	9.29659193385157	9.999999999999998	0.9999999999999999	389.99999661321215	19.99989718783853	2.6699882464613083e-38	6.766703587651986e-41	2.1260476400660266e-39	19.99989718783853	0.9999994606082244	409.9994107732745	0.7786945457173858	5.863675260521652	0.014860646849208159	0.026066031295925017	0.7786945457173858	1.4531610179439135e-06	0.027571240254230807	True	5	7
3.0	0.5	354.01417385134494	6.189580009359115	287.83830319849125	0.529950909865957	3.8651600024706134	6.189580009359115	2.0002739306796956e-24	418.93129723531	8.381393450897596	90.33267760655637	0.1663151990414931	1.485289985484364	8.381393450897596	1.2478763975266991e-20	348.8445706219043	9.999999999999998	412.5154783080217	0.7594991723960124	12.061500023426705	9.999999999999998	0.9999999999999999	389.99999999999835	19.988565660944417	1.626952843840406e-17	2.995449633774623e-20	9.399166162845974e-19	19.988565660944417	0.9984381235053517	409.9999999999902	7.047838055624923	9.231838833269068	0.016997117253199755	0.1286843708859454	7.047838055624923	2.3446563396078444e-08	0.03689310952097842	True	5	7
3.5	0.5	351.7895379158247	9.999999999899591	544.8502866623595	0.9755266287607343	11.42548304852909	9.999999999899591	0.2618478281033922	419.26320002775907	6.618706724630165	119.2565102469238	0.21352269466831617	1.610116620924759	6.618706724630165	0.19791742640531756	340.68090745584857	9.999999999999998	149.62744489283946	0.26790030299983714	4.208894104338639	9.999999999999998	0.9999999999999999	387.1715493321969	0.06010918563215459	4.290510337275317	0.007681939768490945	0.001159548217286299	0.06010918563215459	0.5178750558283942	409.99999998101106	6.185965224515401	10.816815126501941	0.019366955386817337	0.12904598628233435	6.185965224515401	1.1800916819254171e-08	0.0398017741306248	True	5	4
4.0	0.5	353.4871038848323	6.479925790726201	206.52920999492207	0.48480074597360734	3.678698311639511	6.479925790726201	1.1284532514823374e-19	418.5788095294374	6.974417084961721	101.71838007476441	0.2387708089363493	1.7995577723701957	6.974417084961721	0.0005614654799147164	348.1568566323786	9.999999999999993	346.59837639029723	0.8135950911320903	13.531193333002586	9.999999999999993	0.9999999999999999	370.891159038895	0.07007897684339781	5.819532772375981e-13	1.3660604373275326e-15	1.465560084950665e-11	0.07007897684339781	0.010707844346946667	409.99740569243494	16.540337699079934	0.000502354810485564	1.1792132787067723e-06	2.0990959734976503e-05	16.540337699079934	0.0286431071333587	0.036469695820692	True	5	3
4.5	0.5	351.2782907237745	9.999999999999998	353.1203377297333	0.9800626207277388	13.284048296650905	9.999999999999998	0.5823328480263256	418.68956185846366	7.758187061231745	69.20559471500711	0.19207564469799318	1.723626174689267	7.758187061231745	0.224641942816722	340.0000000159228	9.999999999999998	85.0256480613122	0.2359831778701526	3.7629382447837147	9.999999999999998	0.9999999999999999	381.3950953736247	0.7222136211530453	2.72610764863965	0.00756613516992211	0.005816833183606839	0.7222136211530453	3.647101970193682e-24	395.0022549845212	0.1174019607487079	4.43425510067023e-19	1.230698776195773e-21	0.0002463381621358887	0.1174019607487079	2.2131637848805428e-16	0.04356477653272518	True	5	6
5.0	0.5	351.95936975660254	9.999999999999998	314.7668583462838	0.9824986965144835	10.80965169062517	9.999999999999998	0.09171999017006308	418.4681108816656	8.384612227071772	55.889750980683125	0.1744516807631331	1.580924628908692	8.384612227071772	1.6649945478167237e-36	342.62441963847454	9.999999999999998	99.94641677277026	0.3119681173438869	5.0622703400292135	9.999999999999998	0.9999999999999999	377.86428922171325	0.5348629650951945	5.373577646888814	0.016772836446076744	0.3966341654472005	0.5348629650951945	1.6054694918206847e-26	409.99999999999994	10.054487441203245	1.8294199071124557	0.005710266587654099	0.061389693013632264	10.054487441203245	1.2172951958670265e-14	0.03454320948272524	True	5	7
5.5	0.5	351.6899860329004	9.999999999999998	271.3676548861702	0.9966738617246145	10.853190025180185	9.999999999999998	0.039442450220331805	419.1868555460543	7.703209476771977	48.183884192548746	0.176968835697178	1.5232703446212128	7.703209476771977	0.14560119341304714	341.24487598553026	9.999999999999998	78.37106832772608	0.2878397403347245	4.593075789078657	9.999999999999998	0.9999999999999999	370.0416189649036	0.38203595971520854	0.6257524452876184	0.002298251449274751	0.004227034800786049	0.38203595971520854	1.6971821779708208e-09	400.42015556998814	19.99999999732385	7.396101458524675e-18	2.7164258044927805e-20	8.676088249352668e-19	19.99999999732385	0.9999999999999989	0.02904052645994313	True	5	6
6.0	0.5	351.3379067064123	9.999999999999998	219.1320199398246	0.9895841435305025	11.483650265424961	9.999999999999998	0.1809897285041883	418.11441205681655	7.2627017459597285	39.25733432017375	0.17728324491869252	1.5447921018730766	7.2627017459597285	0.2005371844013609	341.06363736872237	9.999999999999998	62.41964495014745	0.2818825423342153	4.463411693488603	9.999999999999998	0.9999999999999999	387.7314166969786	0.8834996874656813	2.9184601227707048	0.01317955204270493	0.03364803380608285	0.8834996874656813	4.296859648353082e-07	409.9999999964643	6.69805944234248	4.60335760262387	0.02078842558841068	0.14972358785074294	6.69805944234248	2.613333942722357e-06	0.03224101365258287	True	5	4
6.5	0.5	351.17179471470064	9.590843247055176	141.43018981541724	0.9385518990398325	10.678257989684731	9.590843247055176	0.20606262835246655	417.77345943170496	9.829144846580174	22.915465239923495	0.15207045572364042	1.7665178558548336	9.829144846580174	0.15914479713217666	342.80984703174806	9.999999999999998	47.35054556083333	0.31422530447489894	5.03914548496638	9.999999999999998	0.9999999999999999	384.45555138753684	0.10848684068904822	1.0801169004256161	0.007167817347926458	0.31176957503227076	0.10848684068904822	2.6151619347646414e-06	395.9103393189904	0.052482970355047245	3.147350784101342	0.02088629067964958	0.0014665216034492926	0.052482970355047245	0.6338482687690524	0.03455717669847364	True	5	2
7.0	0.5	351.7556017542277	8.22879364695344	77.26079673706614	0.779976728984552	6.910934716125472	8.22879364695344	1.967119451693427e-35	417.00000000000006	7.00656172867878	20.512543750993455	0.2070818248548641	1.922157745329966	7.00656172867878	0.5012074348168791	345.59847246635775	9.999656437220791	53.68637557938903	0.541984102985036	8.760786787487845	9.999656437220791	0.9999999999999999	388.9575651333892	19.999923128076265	3.551175590595593e-21	3.585044988118401e-23	1.1411113862976117e-21	19.999923128076265	0.9999996836287468	395.8894315136625	2.1817734914836877e-05	0.2919869360010102	0.0029477176636340478	0.43702863333788544	2.1817734914836877e-05	0.8343040424973002	0.0290946212376391	True	5	5
7.5	0.5	352.39162166171076	6.077900026314798	29.126096983848782	0.4597338364269085	2.9768825605754152	6.077900026314798	1.0272432359575556e-41	417.00000000000006	5.8070700312394	13.817719298064027	0.2181024497409222	2.1422755133583333	5.8070700312394	0.9999999999999997	346.7846408564593	8.075008303484744	60.49916144584133	0.9549343877942487	12.195199313413008	8.075008303484744	0.9999999999999999	389.99999998933055	6.41780778232532	0.7073366502113068	0.011164784352236662	0.07632985924698213	6.41780778232532	8.288359298005814e-08	409.87900191082565	0.4363208712415878	2.715607467194726	0.04286384955098154	1.1074036683022055	0.4363208712415878	1.0398387998571375e-12	0.02566428584289687	True	5	5
8.0	0.5	349.57683610170363	8.73515385406489	30.21286401120907	0.8363243941106051	7.788579831818571	8.73515385406489	4.376390929339665e-39	417.00000000000006	7.319293032712808	8.002743421157767	0.2215244983209575	2.377958135993194	7.319293032712808	0.7523822600616279	343.96120859830165	9.999999999999998	12.287851206865286	0.3401408655495293	5.382070723199004	9.999999999999998	0.9999999999999999	389.999999999923	19.999999996184112	0.5118875372589612	0.014169594590305722	0.4452004596726567	19.999999996184112	0.9999999999999999	398.8609722317377	1.1881589639109995	2.26124227269817	0.06259360492768803	0.07956196863596735	1.1881589639109995	1.0672633223543269e-08	0.05520746938194039	True	5	7
8.5	0.5	354.18402408973714	1.6636503211966338	2.749110953763039	0.17919777434345446	0.8910557802662462	1.6636503211966338	2.5546077567663202e-25	419.0729092926792	0.784293797103593	1.9685589453105228	0.12831835003991993	0.10726578965051974	0.784293797103593	7.13139058075775e-07	348.2106908758848	8.314420231783885	15.31497283646267	0.9982896625790856	14.050339005850056	8.314420231783885	0.9999999999999999	389.99999999999994	19.999999999999996	0.023148339124759127	0.0015088990297849921	0.047408734068335914	19.999999999999996	0.9999999999999999	409.99999999999994	5.052443248953699	4.359924683008702	0.2841968958840336	2.3132581654160735	5.052443248953699	0.9999999999999999	0.13388987881696862	True	5	7
9.0	0.5	355.99999999999994	9.999999999999998	1.238987991654426	0.2298160798228348	3.70253765453165	9.999999999999998	0.9999999999999999	421.99999999999994	9.999999999999998	1.3296801534081333	0.24663829055069209	3.8742330918936516	9.999999999999998	0.9999999999999999	342.1525183861811	1.2934319500347764	4.1949498997407835	0.7781083816028742	22.43195922939129	1.2934319500347764	0.0667123623125704	381.443626467222	1.5949922349315682	2.5545153103179614	0.473829204495171	0.870900449652694	1.5949922349315682	0.2278720239253624	401.27495255556045	1.3457281589225527	5.298912413189281	0.9828789998986329	2.021989863163577	1.3457281589225527	0.18940533463018286	0.23370665868736448	True	5	6
0.0	1.0	355.99999999999994	8.112030296379984	22.30217774804507	1.0113805646744507	10.531607483589257	8.112030296379984	0.4487636468247237	421.99999999999994	4.799932226744778	7.967531631941343	0.3613192725845231	2.5320422570878964	4.799932226744778	0.8403036658016229	344.6978397942561	9.999999999999833	5.646919541108983	0.25608192790314455	4.240768213655732	9.999999999999833	0.9999999999999999	384.31427340570656	0.7543683261722504	7.396656879927379	0.33543069633995076	0.26974926991397546	0.7543683261722504	9.379203271724974e-06	401.6110668380139	1.7243148504291377	5.471967879357747	0.24814805200762988	0.5516770271678542	1.7243148504291377	0.5127476718817112	0.06588737357633405	True	5	4
0.5	1.0	355.51204839841154	7.052244586223795	46.14150152115595	0.7694693842240581	5.80791537595218	7.052244586223795	1.0518804304343816e-36	421.99999999999994	8.09151071631997	17.615120548249735	0.29375498227077873	2.6030455595126187	8.09151071631997	0.08683121884668227	349.31851126502517	9.999999999999998	31.94482512762807	0.5327213920169235	8.368826053094995	9.999999999999998	0.9999999999999999	387.20925978147545	0.6340952126624837	2.527540839651422	0.042150021767194	0.028462981276715614	0.6340952126624837	1.634549958684403e-11	398.72983037373217	0.7673514963817111	1.9314321918530255	0.032209136901499735	0.027128685788651834	0.7673514963817111	1.1538947095674384e-11	0.037619061187069064	True	5	4
1.0	1.0	353.4710874270019	9.999999999999998	228.1460009252228	0.9875404551130558	11.280678075814201	9.999999999999998	0.0933615980669146	420.85456102400747	4.724488719997315	61.37390482568844	0.2656597689980594	2.420946630986072	4.724488719997315	0.9999999999996492	341.9636822716601	9.999999999999998	53.831527221118264	0.23301224073963928	3.9263592997265286	9.999999999999998	0.9999999999999999	381.6339136303432	3.1405730823372293e-05	1.1435006455670682e-09	4.949695122271724e-12	0.09999338913794487	3.1405730823372293e-05	5.76793778432209e-07	407.02479067047193	0.4248405731590584	7.344288204793308	0.03179008918337431	0.51779489012014	0.4248405731590584	6.42937889263816e-09	0.03490070546177704	True	5	4
1.5	1.0	352.6583499490858	9.999999999999998	942.3511911609476	0.9962062862079794	11.510444331264935	9.999999999999998	0.23234495597627564	419.65931267437384	7.002000335398725	235.4415739659803	0.2488969910789354	1.8894639628473522	7.002000335398725	3.6651136289071364e-32	342.03165335047055	9.999999999999998	247.15534486408424	0.2612802005589542	4.433539025302269	9.999999999999998	0.9999999999999999	389.99298185761853	19.81198247137302	2.6204324177637696e-22	2.7701893642681098e-25	8.40485313238439e-24	19.81198247137302	0.9456652570234284	409.99999999999994	6.276494575750223	3.8821620712260843	0.004104026498517028	0.027736757072541005	6.276494575750223	8.033537771106429e-11	0.04055028138430625	True	5	6
2.0	1.0	352.06843814297565	9.999999999999998	1733.3771666943696	1.027047090235129	12.06269868425415	9.999999999999998	0.28663803685368366	418.97878458160824	6.992501077058204	367.30882729884036	0.21763495535964178	1.6619790961412029	6.992501077058204	0.07634524464160819	341.2229100165004	9.999999999999998	477.6027644316255	0.282985456900416	4.510783161143561	9.999999999999998	0.9999999999999999	385.0867663708751	0.5759572600606099	1.6017947682578347e-32	9.490829159993951e-36	2.0909581991294133e-34	0.5759572600606099	0.3023141325195614	409.99999999999994	5.957318786825332	11.411523452595862	0.006761466680381756	0.04342799931867296	5.957318786825332	2.193278653651732e-32	0.04154268513693564	True	5	6
2.5	1.0	352.12223360205815	9.999999999999998	2088.801960113751	1.0155944651324909	12.262862789488924	9.999999999999998	0.36512047829235283	418.8385958671441	7.000560538710544	436.9488947853436	0.21244851717086083	1.6299424372540932	7.000560538710544	0.078047276189804	340.9678450028076	9.999999999999998	575.3854627767771	0.27975763259144437	4.416277707135129	9.999999999999998	0.9999999999999999	388.81849674160713	0.0006833407597177654	5.2557852951653335e-14	2.5554104973187435e-17	5.132864156592564e-13	0.0006833407597177654	0.7581963316880433	409.99999999999994	4.454807485734693	28.978234458566504	0.014089480519172371	0.06835556388828594	4.454807485734693	1.4870855740437695e-15	0.04148946751842568	True	5	6
3.0	1.0	351.9344206835282	9.999999999999998	2474.0938501612327	1.0003959785216763	12.250093459714662	9.999999999999998	0.3950472480021985	418.74497864896404	6.858123277354716	673.1497837838646	0.272187062182879	2.284445051867643	6.858123277354716	0.3824563089802563	340.99490337497906	9.999999999999998	662.6192703019174	0.2679290655274887	4.2328865780022635	9.999999999999998	0.9999999999999999	384.2729614689933	9.511263780420849e-05	11.945529162581714	0.004830156032594065	0.219175950182804	9.511263780420849e-05	0.8325283609209727	400.1869965025152	19.92130404001022	6.028748011964681e-30	2.437714828924933e-33	7.761214266006197e-32	19.92130404001022	0.9966389551206132	0.04194888698832045	True	5	4
3.5	1.0	351.59523261253236	9.999999999999998	2381.8509304359436	0.9946478163518753	12.06738424731978	9.999999999999998	0.3402030684404587	418.6619955843005	6.877427140033585	674.0550347193575	0.2814816661351205	2.120330370603364	6.877427140033585	0.054238481031763534	340.96769930929463	9.999999999999998	610.2819097772921	0.2548503607687721	4.023072953340835	9.999999999999998	0.9999999999999999	389.9921355835574	19.999400150968274	5.156021378168561e-19	2.1531261000957366e-22	6.761869744588608e-21	19.999400150968274	0.9990545281559409	409.99999999999994	6.210713798348681	40.28193080863707	0.016821512213577094	0.11252300316895276	6.210713798348681	4.6962848472081546e-12	0.03635926699906662	True	5	5
4.0	1.0	351.41653974673335	9.999999999999998	1724.457082226846	0.9989776290834573	12.09623560366537	9.999999999999998	0.3116717475790963	418.2417263286216	7.117940469789972	517.2823731578974	0.29966157118659076	2.47676131885486	7.117940469789972	0.1395832219066064	341.6826178945486	9.999999999999998	543.9219394232707	0.3150938663836559	5.175042213125758	9.999999999999998	0.9999999999999999	381.39018485302114	0.13884250224840042	5.659693095467797	0.003278659033108185	0.0005986336103508755	0.13884250224840042	0.5886287700605105	408.9883220247593	5.767211925732897	14.259822861542455	0.008260712417950367	0.0599378253282766	5.767211925732897	1.0393181376730218e-20	0.04193109127554989	True	5	4
4.5	1.0	351.7626450886079	9.999999999999998	1892.59919817629	1.0057072113385488	12.433242825538123	9.999999999999998	0.4080072303968791	418.39588944291427	7.152418997662645	380.32606450572297	0.2021012510741787	1.5973681470162073	7.152418997662645	0.03414153527157249	341.97108657542356	9.999999999999998	552.6399930123688	0.29366705152479616	4.952114342029941	9.999999999999998	0.9999999999999999	389.9399372291552	19.987404002755564	3.4493646060109047e-33	1.8329558958621026e-36	5.354709852221613e-35	19.987404002755564	0.8423513817879142	407.7281074790776	5.996679143058681	8.171992552674467	0.00434251047403439	0.027823317513434247	5.996679143058681	4.390847317637989e-17	0.04227544044176061	True	5	5
5.0	1.0	351.75293170654083	9.999999999999998	1865.659944126757	1.0106144697463957	12.973690578437969	9.999999999999998	0.5059996428473407	418.3294247848133	7.993954013530292	338.9756546520717	0.18362065528693453	1.6021789399749413	7.993954013530292	6.331531981327866e-17	341.50203891345194	9.999999999999998	506.0880955703735	0.27414425332973036	4.441709033502121	9.999999999999998	0.9999999999999999	382.76405167839994	1.740658865110207	14.187448997918192	0.007685238293946546	0.0796184519252645	1.740658865110207	1.0458648599314248e-15	407.539923510264	0.005011592641516607	9.2949903093193	0.005035028882043889	0.02646379648434656	0.005011592641516607	0.2474562861639295	0.042375121726694095	True	5	5
5.5	1.0	351.7714780536456	9.999999999999998	1388.9247187325616	0.9918466105711091	12.230498170053117	9.999999999999998	0.4019174151418187	418.202725247077	7.623194373088943	214.93157024898008	0.15348502808036274	1.2931284229317563	7.623194373088943	1.8012052718790605e-33	341.24767568411346	9.999999999999998	393.6706422866564	0.2811245900999442	4.486545872996335	9.999999999999998	0.9999999999999999	389.9738216326351	19.939996614079792	5.42381872593352e-31	3.873209359092066e-34	9.968548455455204e-33	19.939996614079792	0.5434646140054669	409.99999999999994	5.612048579541116	6.381285281071156	0.004556946889744595	0.027617021999507177	5.612048579541116	1.9531433481388604e-20	0.03858643888454512	True	5	7
6.0	1.0	351.6428780498401	9.999999999999998	896.4658520073245	1.0152168357706812	12.302843843703618	9.999999999999998	0.3423994051340379	418.48322538595744	7.623734401019372	158.14383780072504	0.17909247323719826	1.5151008482269588	7.623734401019372	0.07255817285268744	340.277006951814	9.999999999999998	235.5268237012206	0.26672605115037734	4.208894816181751	9.999999999999998	0.9999999999999999	370.1240156974122	0.39496462701902135	0.6301247413540719	0.0007135946613313645	0.0031715112949919503	0.39496462701902135	4.391795114798241e-25	409.99999999999994	5.062553973116557	4.777284967017867	0.0054101114023817785	0.029674783683039944	5.062553973116557	5.73678644941861e-08	0.03937681007942689	True	5	5
6.5	1.0	353.70148086928697	6.14490488965999	212.40981577871636	0.5144637285840361	3.8991547394882766	6.14490488965999	2.648667789850312e-19	418.6127622198965	7.21853558108696	88.29029656811593	0.2138420722399336	1.7876198142882178	7.21853558108696	0.21365864037560037	348.3065745406024	9.999999999999998	316.56289737229014	0.7667260004743748	12.587620007782798	9.999999999999998	0.9999999999999999	378.34484334862884	0.08630524207816118	4.145060368870233	0.010039475834753663	1.2947928184143012	0.08630524207816118	1.2347300922102515e-13	409.908231822182	0.9138148423663232	6.326777069200638	0.015323667171444738	0.03374361674576012	0.9138148423663232	7.811560239769005e-07	0.039412941513339676	True	5	4
7.0	1.0	353.47637025098203	6.249250732256197	167.3716997207027	0.6060495476369965	4.458818981145569	6.249250732256197	2.642362945523279e-13	418.4173526444175	7.612676164710511	63.44930702942968	0.22974866053959506	1.9043993682004272	7.612676164710511	0.003075284209316012	347.8864350095051	9.999999981160789	187.24828886679245	0.6780222758858935	11.527929336752951	9.999999981160789	0.9999999999999999	371.2133185398605	0.0005058162599509749	1.7808791774570117e-14	6.448527568848405e-17	3.917228384208568e-06	0.0005058162599509749	4.3204646523780195e-07	407.3562353005274	0.7809673683764554	2.1394283195287196	0.007746826777859267	0.00848245227971543	0.7809673683764554	0.45400127898826065	0.031048456220643846	True	5	3
7.5	1.0	350.23718972643434	9.999999999999998	144.01100921347833	0.953711305941687	11.864333846041841	9.999999999999998	0.3846322552954878	418.1657812773483	6.2744955692230215	36.17816916793672	0.2395895227189543	1.9621304465622784	6.2744955692230215	0.3964046112586356	340.1564036743611	9.999999999999998	37.65513265767228	0.2493706969938726	3.9500917918576075	9.999999999999998	0.9999999999999999	380.56140377934963	0.670546961819979	1.7616750965012644	0.011666673722413723	0.589671668558763	0.670546961819979	2.469865495104135e-31	405.1053970368723	0.6869570321522097	0.8272733498962492	0.0054786085536748215	0.017002759168360474	0.6869570321522097	1.4876259558865535e-26	0.04002162531910662	True	5	5
8.0	1.0	351.680978626251	5.779979607234069	35.708444485591485	0.5624946590711599	3.5672504621021317	5.779979607234069	2.00527039494965e-24	417.00000000000006	3.7873012488185482	23.04182588053922	0.3629646762765239	2.549219547355206	3.7873012488185482	0.9999999999999999	346.18221861833695	6.53767846135791	59.29185121433285	0.9339905480330153	9.65641744775341	6.53767846135791	0.9999999999999999	378.51326688634805	0.7701293655947513	5.5200295039863825	0.08695386087625408	0.07156150568588719	0.7701293655947513	3.74028443534336e-09	409.99999999999994	19.999999999999993	7.0968494913651154	0.11179260235588029	3.5178088677434434	19.999999999999993	0.9999999999999999	0.059307944675189204	True	5	7
8.5	1.0	351.715040117582	8.507873330322477	14.486661733458352	0.4803100309740349	4.712104616636926	8.507873330322477	0.20036852996425317	417.00000000000006	7.48087832500048	8.56566861829896	0.28399755824120626	3.3076604305449893	7.48087832500048	0.8876502899747025	346.06173985722836	7.57328904171191	24.711938360788796	0.8193324382031643	9.84994673603703	7.57328904171191	0.9999999999999999	372.420610292019	0.2008265353061473	0.27091874727303705	0.008982400106273129	0.1375491389846889	0.2008265353061473	0.00024216681376299157	409.6054038467272	19.849266249019095	2.715842439777064e-18	9.004464868239277e-20	2.825701501342433e-18	19.849266249019095	0.999995489320549	0.04402998843638968	True	5	3
9.0	1.0	350.8262365976602	2.0402727162625514	6.745129211073278	0.5397507961714724	4.821219523477285	2.0402727162625514	1.0939503888149218e-10	421.99999999999994	9.999999999999998	1.348182038673413	0.10788263737979087	1.6946374500258066	9.999999999999998	0.9999999999999999	345.2323879188849	3.671764120115283	12.535791525316649	1.0031243649597374	7.709430414098993	3.671764120115283	0.8566289765746111	378.8528684774704	1.8033069347480075	2.593195144320523	0.2075096117472719	0.6154496471619818	1.8033069347480075	0.7853589850077117	397.5111094617024	2.454959560563752	3.106335497998471	0.24857152557846932	1.611441818620711	2.454959560563752	0.4045963162649845	0.1591763976268357	True	5	3
0.0	1.5	354.83284550076735	9.999999999999998	39.71086268467137	1.0198495009496038	11.12245738793611	9.999999999999998	0.06282652183639956	421.99999999999994	2.789069472420094	12.038231495087798	0.30916438356097864	1.3546829460891465	2.789069472420094	0.9999999999999999	344.42819042086796	9.999999999999998	2.905073018969881	0.07460772867475947	1.2094843796475403	9.999999999999998	0.9999999999999999	386.53301697878345	0.34535124758161184	3.7750498075592707	0.09695036576944817	13.948060211375111	0.34535124758161184	0.059536956213961996	402.06113816488613	1.4130417489768399	1.4054097030687083	0.036093559479825094	0.0719196822530566	1.4130417489768399	0.2957457253909436	0.0458728904901203	True	5	5
0.5	1.5	354.049843089458	9.879117321501962	154.4587291301245	0.9746735313393758	10.641635873966763	9.879117321501962	2.821515584989488e-43	421.9706932010999	6.227477555167456	38.77637605665955	0.24468871132461528	1.9991613366149001	6.227477555167456	0.5852099250837887	344.51716222877116	9.999999999999998	38.346333798982	0.2419750362330469	3.948133868654273	9.999999999999998	0.9999999999999999	381.39961408404713	6.128781445235522e-05	0.6000972371414756	0.0037867648954882562	46.117350643113745	6.128781445235522e-05	0.000416739407846473	409.99999999388126	19.999983354897946	5.862376476007897e-25	3.699307390453664e-27	1.1599987715166601e-25	19.999983354897946	0.9926322912151607	0.02863265467141455	True	5	6
1.0	1.5	352.67343545816465	9.999999999999998	943.441382815119	0.9930314337743416	11.348145362964965	9.999999999999998	0.1997195619094986	420.3569867698236	6.785614170866409	257.8364109959077	0.27138905029425797	2.395978869005012	6.785614170866409	0.2864459273886228	341.7943204752271	9.999999999999998	230.2833670638519	0.24238773742089784	4.019147264026553	9.999999999999998	0.9999999999999999	381.39545357761364	0.5119005508622784	6.965213051080062	0.007331325113192764	0.003995266691305873	0.5119005508622784	5.353324024468876e-05	409.9999518078274	1.0582430356271377	11.696848892880125	0.012311669636623055	0.020788744081670966	1.0582430356271377	2.4769464388238654e-08	0.0365551760209575	True	5	4
1.5	1.5	354.1711698898641	6.009505262712902	1185.288990754724	0.5872278430647174	4.0739553582097	6.009505262712902	2.6000746051243053e-33	418.97587989993383	6.488524251582821	931.2730888381649	0.4613807194095656	3.516289740905156	6.488524251582821	0.28817619389015037	348.5477392148152	9.999999999999998	1608.6887659833196	0.7969928359912608	12.857000724696803	9.999999999999998	0.9999999999999999	389.99894908709433	19.994352324385684	3.050211879163005e-18	1.5111667759191419e-21	4.7407596912130386e-20	19.994352324385684	0.9973799141335856	409.99999999494554	6.5683212672609175	25.95781242936973	0.01286028160429579	0.09086553307010156	6.5683212672609175	2.492119916640717e-07	0.03317201806601418	True	5	5
2.0	1.5	353.8390024689605	6.329630004648754	1297.3188099603155	0.5233117053102514	4.007540598135618	6.329630004648754	7.200388442700726e-29	418.9324895704105	6.613091180911488	1083.4357270423552	0.4370356720025746	3.278693585619383	6.613091180911488	0.1864946149164168	348.5264651139293	9.999999999999998	1927.274813068404	0.7774229906210749	12.558594795045636	9.999999999999998	0.9999999999999999	389.9973277784032	19.75766118968007	2.0792691437892706e-24	8.3873437514456e-28	2.576329947621672e-26	19.75766118968007	0.9779570337659829	409.9999999999967	6.364534477976815	29.65840956109894	0.011963591959853968	0.08196328155796326	6.364534477976815	2.9115568839599695e-10	0.035557525798554375	True	5	5
2.5	1.5	353.98724075761953	5.967204784400502	1396.273909062447	0.5526504221698443	3.9357391832498294	5.967204784400502	1.174716863192395e-19	418.88930293740253	6.276396053186525	1106.7882819666747	0.4380709310053885	3.4309236766845155	6.276396053186525	0.4472063156271349	348.39906862054113	9.999999999999998	1981.4075398658294	0.7842484961511869	12.782651278849421	9.999999999999998	0.9999999999999999	389.79136348976857	19.91831393447788	1.6558878607287468e-18	6.5540659275954e-22	2.0257784368302306e-20	19.91831393447788	0.9721387485855492	409.999999999987	6.205705953815476	27.624943332185172	0.010934055628957082	0.07308288348387611	6.205705953815476	1.4141142480733443e-06	0.03880466889023766	True	5	5
3.0	1.5	353.9494993463309	5.652791896184727	1315.862523226704	0.504106491457946	3.4735257536142274	5.652791896184727	9.692656656799564e-31	418.92405452465914	6.279942447178584	1149.5619180426443	0.44039678537018756	3.365875377134198	6.279942447178584	0.38294431472446344	348.6827717735805	9.999999999999998	2164.220522329956	0.8291121564718916	13.269082356260341	9.999999999999998	0.9999999999999999	380.53536390484476	1.964553658657476e-14	3.8633891133408545e-16	1.4800630739808269e-19	0.010866027326870937	1.964553658657476e-14	0.0032011360874103596	409.9999999994327	7.08641193458143	26.42050949632866	0.01012168832961812	0.07704260322444996	7.08641193458143	5.644368053379483e-09	0.0377888593104352	True	5	5
3.5	1.5	353.26093622664933	6.516355262369314	1228.226025035007	0.6038358978344996	4.4571362489273945	6.516355262369314	3.377580705909126e-20	418.7227570428561	6.189347295770477	940.8475580681442	0.4625512880947803	3.40853743637022	6.189347295770477	0.29881692538405735	347.7699729452276	9.999999999999998	1447.5951602569749	0.7116849060983974	11.95684562424789	9.999999999999998	0.9999999999999999	382.4346336302242	1.4227733632074997	52.07367793917256	0.025601115292316512	0.17157291580736445	1.4227733632074997	1.6345133735114986e-12	409.99999788675694	7.775126302411625	57.74441984380555	0.02838903661915388	0.23672609612575732	7.775126302411625	1.5067127928696217e-10	0.03272301954376558	True	5	4
4.0	1.5	353.4164656967792	6.486021279488103	1057.580824534244	0.5921996557167275	4.62770613158297	6.486021279488103	0.11301274628655787	418.46636591178265	6.607163603390013	799.844834705987	0.4478786157533543	3.7103945246727315	6.607163603390013	0.3942388221835617	347.52289170264186	9.999999999999998	1330.4490969406788	0.7449941213749658	12.239984840314271	9.999999999999998	0.9999999999999999	381.1231397059367	3.8872821821474512	75.83501155202215	0.04246433623847103	0.1780686756445187	3.8872821821474512	3.951885610259794e-28	409.4664132618987	8.69658928541106	50.16962234006644	0.028092825047494586	0.268584628389683	8.69658928541106	7.601819942434489e-26	0.03610511065952835	True	5	4
4.5	1.5	353.7215596011807	6.170363903319659	1048.9397378240208	0.5090958991143665	3.8859362215736937	6.170363903319659	4.914648475981046e-36	418.65079285852755	6.741333381364223	908.4147071209098	0.44089301359657473	3.479470360487	6.741333381364223	0.24546241530163723	348.2671156169857	9.999999999999998	1608.7566001569794	0.7807992759546815	12.860568639257002	9.999999999999998	0.9999999999999999	382.7796471567141	1.8457129528145262	11.879097860125324	0.005765440842496375	0.054221783833879884	1.8457129528145262	1.293761615501054e-13	409.99996239540314	6.448697190647036	10.17946177869942	0.004940533817012032	0.03428560702245343	6.448697190647036	1.2528659846072454e-16	0.035421127023175486	True	5	6
5.0	1.5	353.9578033141466	6.166063245699799	1192.052035479395	0.5132620191497766	3.7695281038398782	6.166063245699799	2.95754589361983e-17	418.80820420314575	6.501695653893302	969.7599549321203	0.41754968553775024	3.2316445982783546	6.501695653893302	0.31220774742016105	348.6261584232041	9.999999999999998	1879.958051602572	0.8094538130580583	12.995626578980737	9.999999999999998	0.9999999999999999	381.38388277308627	5.484576912314616e-05	12.87023632511463	0.005541539535651689	0.47707447214565274	5.484576912314616e-05	0.1006142839503306	409.99999999999966	5.239174678431145	35.07626152015986	0.01510279104957248	0.08562936539728093	5.239174678431145	3.941691594509095e-11	0.035335620462579945	True	5	4
5.5	1.5	353.8616139327668	6.3125745701719405	1229.3181210434502	0.5015392837903562	3.8168965826835195	6.3125745701719405	1.4393455002421668e-05	418.79265174893527	6.845984268148438	869.1959316432885	0.35461602458104347	2.820243102982322	6.845984268148438	0.24358909558665898	348.5604422962048	9.999999666048003	1959.6025571602797	0.7994819617542915	12.88675274020332	9.999999666048003	0.9999999999999999	389.96704938667165	4.403209476352659	3.556163204341614e-14	1.4508494717650643e-17	6.819180777152872e-17	4.403209476352659	0.00013075832432929424	409.99898402709886	6.301587276343522	8.877613353643326	0.003621903693548989	0.024579228045176874	6.301587276343522	0.00047920398651436145	0.0358958076313109	True	5	3
6.0	1.5	351.59981962875116	9.999999999999998	2471.9887148277435	1.017091281763588	12.81217672819393	9.999999999999998	0.4412504489335464	418.6955805910573	7.114613048285508	656.0998994874487	0.26995005427488417	2.188055436290453	7.114613048285508	0.17751219990663591	340.85271595721576	9.999999999999998	591.5577647935362	0.24339441423096753	3.831855344379666	9.999999999999998	0.9999999999999999	389.9999299715811	0.18928390884307947	3.1333574574373748e-12	1.289209183477422e-15	8.551115765213941e-16	0.18928390884307947	0.9856992029358626	409.99999999999994	5.1112428683788105	32.145131257702374	0.013226004049793388	0.07321856926872945	5.1112428683788105	1.4982326318622124e-16	0.03923473007354669	True	5	7
6.5	1.5	351.76954197859374	9.999999999999998	2089.9806881129994	1.0043643505699265	12.218550970257361	9.999999999999998	0.3652750493290706	418.511148977199	7.415450456841686	438.0215194603473	0.21049629856898378	1.6898471204837704	7.415450456841686	2.111478501185928e-18	340.5720464122937	9.999999999999998	578.4183685709141	0.2779656254297564	4.366599592982714	9.999999999999998	0.9999999999999999	387.6153378782446	19.980481077453373	7.085733547893311e-26	3.4051310682525447e-29	1.0684876506343701e-27	19.980481077453373	0.9959562034874276	409.9999999999538	9.13187119406468	6.925406468346048	0.0033280840390411655	0.03252718590457703	9.13187119406468	6.001545246087282e-08	0.03889496969559917	True	5	6
7.0	1.5	351.70882500605063	9.999999999999998	1268.489505139144	0.9867724302074384	11.417836625889867	9.999999999999998	0.22008612349948314	418.4749060086012	7.031960427991004	254.01365665907116	0.19760011594250804	1.6575470258458236	7.031960427991004	0.2696369774695618	340.6183226990022	9.999999999999998	355.6193527130386	0.27664034387651354	4.345458017879257	9.999999999999998	0.9999999999999999	381.42082640923576	0.009275562162182205	2.2523307163784376	0.001752113711329299	0.13724936794094808	0.009275562162182205	0.007086422208414027	409.9999999999984	5.431809083558209	8.228949966934687	0.0064013938814865045	0.03758572205890308	5.431809083558209	5.529523100632576e-06	0.03816687416470402	True	5	4
7.5	1.5	352.31629897281147	6.9317112275707835	314.03396722319854	0.7803355989646311	5.758089318638516	6.9317112275707835	1.624466649528496e-22	417.82304392136837	6.740847079846758	78.20742359007527	0.19433578243230784	1.537891443983981	6.740847079846758	8.723322856770011e-17	346.1048665033597	9.999999999999998	231.81171324391494	0.5760234591840827	9.091560211895183	9.999999999999998	0.9999999999999999	389.00895715935144	19.999893372302598	1.56259117293493e-20	3.882845953419996e-23	1.2344920733445518e-21	19.999893372302598	0.9999999432506956	409.9999999999999	12.363185867518244	3.0215586329285364	0.007508199786417443	0.09910284341393781	12.363185867518244	7.470836108514094e-09	0.029594796236336277	True	5	7
8.0	1.5	349.33627896313794	9.999999999999998	92.08360137422639	1.0051386211387656	10.699689474864096	9.999999999999998	2.3647011368411257e-38	418.52107609715796	4.183193207895892	17.70002709605194	0.19320465928718572	1.3634141232404717	4.183193207895892	0.9999999999999999	340.00000000000006	9.999999999999998	14.978895185204594	0.1635021418357849	2.607170852794593	9.999999999999998	0.9999999999999999	389.86459704177054	0.6213808488422728	2.5116347151731855	0.02741575065199432	0.02750604846386053	0.6213808488422728	1.1084037347125476e-05	409.99999999999994	15.466630316553083	4.293233420013622	0.04686279267556082	0.7729988580777931	15.466630316553083	2.6524208260306206e-33	0.024428296919633857	True	5	8
8.5	1.5	348.4691912433996	8.78368217996886	36.173878193142635	0.9272792205897461	9.357054902610674	8.78368217996886	0.13939442243394984	417.00000000000006	8.618949989819473	7.405074780879074	0.18982128304186102	2.31593274423453	8.618949989819473	0.6976298132900721	340.00000000000006	8.943625383264285	11.937300192808644	0.3060001020524191	4.167212179446954	8.943625383264285	0.8943757131075123	389.99999999999994	2.1423163668783327	1.383063327478063	0.03545336990085945	0.1204620068660886	2.1423163668783327	0.9999949881387222	398.6675519068645	0.807733796444626	1.8463664894232492	0.04732965788445578	0.04438881127910548	0.807733796444626	1.3704612969738652e-05	0.042489801110248235	True	5	3
9.0	1.5	354.8981456642248	1.2180779016343797	3.9831878573419406	0.24653709705413646	0.3786633250284626	1.2180779016343797	1.4473024630254572e-08	417.00000904717535	1.0567513829814166	3.718665825611269	0.2301646596634328	1.2899671528736776	1.0567513829814166	0.09457600925940174	347.82160872429563	8.008579248453941	16.15256182925415	0.9997534251445459	14.04978691614406	8.008579248453941	0.9999906026091309	382.12832487940557	3.604004005471446	1.1694683017082106	0.07238356073729675	0.31170253951876287	3.604004005471446	1.793537473417525e-09	409.99999999999994	19.999999999433246	0.9438379190387729	0.058418299358021106	1.838264851015196	19.999999999433246	0.9999999999999999	0.1006590766044521	True	5	4
0.0	2.0	355.2106281475758	9.151113600621247	79.90226902379891	0.9613115604534034	9.364232619859816	9.151113600621247	2.4801555084331663e-36	421.99999999999994	6.857443682672725	19.429532604125725	0.23375849690813139	2.273349204537583	6.857443682672725	0.7737323344285111	345.2423689509928	9.999999999999998	21.388962882500792	0.25733258312016805	4.278428289131478	9.999999999999998	0.9999999999999999	382.87562018490195	1.80541408467675	1.5317591595238982	0.018428735577485648	0.1974298254818603	1.80541408467675	3.6224512922592056e-14	409.4835798860945	19.96690982903614	1.8565680310188748e-30	2.233654103683929e-32	7.06508321276014e-31	19.96690982903614	0.99996366553064	0.03590326026931123	True	5	6
0.5	2.0	353.3238734785387	9.640891092690552	372.73329616581134	0.95715895007255	10.919873468811433	9.640891092690552	0.21449881886261912	421.300790455413	6.722074118508749	99.3157801442603	0.25503755319521626	2.1292380068785244	6.722074118508749	0.3577076345992553	342.11306723032925	9.999999999999998	85.22741260757445	0.21885938714897263	3.715170325800289	9.999999999999998	0.9999999999999999	387.21250011983176	0.9921628619558709	0.7844642544254637	0.002014461787715638	0.002128291865286281	0.9921628619558709	1.4548222157675678e-16	409.79589229844106	19.41842897377298	4.444481673129165e-33	1.1413188614028638e-35	3.493740925533449e-34	19.41842897377298	0.9992657033927604	0.03360148994071956	True	5	4
1.0	2.0	354.06349739489207	6.237241935011845	887.4292611093733	0.590833176952459	4.300442388780404	6.237241935011845	1.7517950089560377e-37	418.88485871189596	6.557261341081728	730.3051321005631	0.4862229816540623	3.772865606265994	6.557261341081728	0.30333864214322304	348.22094016210286	9.999999999999998	1173.006685438226	0.7809650829831314	12.914285389177552	9.999999999999998	0.9999999999999999	381.6159496289411	0.1711025774796005	25.69103483743267	0.017104592329107184	0.35129026359720306	0.1711025774796005	1.484990399166321e-11	409.99999999172235	8.947580364418538	41.37566080513454	0.027547111858183426	0.2638592531864618	8.947580364418538	9.4516909701367e-11	0.036778693784969736	True	5	4
1.5	2.0	353.90011682822967	6.134521078697399	908.4506498848838	0.5583821758839534	4.128996932492148	6.134521078697399	1.858379735660378e-40	418.14869332470386	7.2312876841359826	759.5658432539152	0.46686964045542306	3.986965327239878	7.2312876841359826	0.16513793110088684	348.14313439225674	9.999999999999998	1261.0346859671054	0.7750991117730796	12.907247562282802	9.999999999999998	0.9999999999999999	381.5069141256427	4.328641152550244	179.65382086373606	0.11042481109179747	0.5097891197210411	4.328641152550244	3.2249457668929674e-31	404.3048241043207	6.296774516155972	79.20244091795671	0.04868204046162885	0.3284247718776617	6.296774516155972	6.698571819228487e-23	0.034082191662283254	True	5	5
2.0	2.0	354.0482992272412	6.037965119085159	964.5341136344178	0.5674601562307702	4.033743008096651	6.037965119085159	7.888232374028057e-34	418.2623381614691	7.923930783468675	754.0920217869333	0.4436516764380421	3.9904067885433654	7.923930783468675	0.10110249204165615	348.3499206661211	9.999999999999998	1364.1626288882615	0.802571860933181	13.130610491968023	9.999999999999998	0.9999999999999999	381.3208876625538	3.3228592934068333	193.8406751348244	0.11404144056803878	0.40389394945347595	3.3228592934068333	2.194322433258611e-30	404.28630675586976	6.40085343837127	84.70309832429315	0.04983300510462996	0.34194373918460774	6.40085343837127	2.8595396952616108e-24	0.03552319908708326	True	5	5
2.5	2.0	353.8434257775985	6.038982594522772	999.8881564290364	0.5309593196196906	3.9250833994960725	6.038982594522772	2.7675796821166465e-39	418.25201303732797	7.43535268799152	859.9257872362297	0.4566366827916117	4.114218970739729	7.43535268799152	0.2713183338550942	348.38655706269446	9.999999999999998	1482.4416701329549	0.7872042642856669	12.842911863606654	9.999999999999998	0.9999999999999999	381.81649439274463	2.8176879262955987	130.87691561165653	0.06949809098175937	0.22194882413833816	2.8176879262955987	1.012892267159843e-44	404.01609080726195	4.604298074664852	53.24753913821791	0.028275439578384038	0.1451100758252178	4.604298074664852	7.605592282556685e-38	0.0334736796715836	True	5	5
3.0	2.0	353.68526854858277	5.743116201415401	966.4119924317632	0.509160086605321	3.6702792047271138	5.743116201415401	7.572994020826397e-18	418.5266030473992	6.510342165953142	924.6929241979916	0.48718013958339873	3.719218025068372	6.510342165953142	0.22300320958078745	348.2061533036364	9.999999999999998	1518.7556147454204	0.8001657123379463	13.248974954224142	9.999999999999998	0.9999999999999999	382.74693668415847	1.7904881010669877	58.153948426451684	0.03063876447015862	0.2853219606623662	1.7904881010669877	2.369820744476504e-15	409.99999999999994	12.20143005771023	50.09258021907368	0.0263915831781531	0.34381945056854857	12.20143005771023	4.123135204677915e-14	0.03361356427721737	True	5	6
3.5	2.0	352.4453798713029	7.4436817141280045	736.5147650913061	0.7838455801517649	6.21882602098769	7.4436817141280045	1.3184223255880358e-25	417.9488792836564	7.384740701197559	350.66025378082253	0.37319481304209695	3.134345120509096	7.384740701197559	2.0769826916306866e-36	346.2563255471289	9.999999999999998	553.4865287568563	0.5890553588369951	9.266911366363852	9.999999999999998	0.9999999999999999	381.39941515225365	4.822821120178317	471.2233303585647	0.5015056618996163	2.5746110251569676	4.822821120178317	5.648739808149014e-46	405.5209835831915	6.497393949440694	227.68444919803952	0.24231618649362363	1.8271464421935224	6.497393949440694	0.09303529189187239	0.028746535670442778	True	5	5
4.0	2.0	352.73637246521366	8.690087871920209	491.1370627010853	0.8609866782761695	8.024151618041193	8.690087871920209	8.269612745368344e-27	417.3157414985033	8.888695370014288	196.088275000649	0.3437520915510002	3.3989726596784067	8.888695370014288	4.866730069696862e-21	345.49956990672047	9.999999999999998	237.18506820210638	0.4157967286869695	6.691322200561747	9.999999999999998	0.9767025027705389	381.4172978164868	4.736630147193934	462.7705168378502	0.8112587714416983	4.320927167285262	4.736630147193934	0.16531126491960577	404.58956510736795	6.736148843082161	204.0892773054201	0.35777822991526675	2.565477498882255	6.736148843082161	1.2238510963540594e-14	0.020781126962778677	True	5	4
4.5	2.0	354.3099077532098	6.30140034269273	457.74278655615456	0.6724939109125966	4.766950120724243	6.30140034269273	4.65420451716222e-22	418.417964525542	8.752003922467697	230.3307449899879	0.33839096551820097	3.2044600275049357	8.752003922467697	1.5619388285377253e-22	348.4736577680751	9.999999999999998	491.00057854801753	0.7213546756516643	11.694461575512012	9.999999999999998	0.9999999999999999	381.65664386248983	4.911398727866549	478.45241329810744	0.7029195086287661	3.704450839088523	4.911398727866549	1.2980515258580805e-13	405.49160245906256	7.614041979080635	193.6113456018869	0.2844445719842937	2.3928255959834854	7.614041979080635	8.858243243917755e-18	0.026686371174190197	True	5	6
5.0	2.0	353.8517093535126	6.898366198812722	796.1863267098995	0.6392851379187215	5.2181714072019005	6.898366198812722	2.170036886711585e-44	418.7823669175385	7.82132875855073	504.30190093623713	0.4049211842470684	3.4743735640300324	7.82132875855073	0.07889658558017347	348.16004217048874	9.853395208177412	807.8898294777504	0.6486822791783501	10.644807830189949	9.853395208177412	0.9999999999999999	380.86671486369175	4.458602690127473	378.1745547064629	0.30364923919493664	1.4977981831578036	4.458602690127473	4.2202634689350206e-44	404.8669647729932	5.31895520174512	179.29436870398987	0.14396155947393405	0.931630526021812	5.31895520174512	0.36818343000974496	0.023700537979409967	True	5	3
5.5	2.0	353.9450064135382	6.139867688249172	1188.6649671379016	0.5366358092375195	3.937458509340372	6.139867688249172	2.1001470786437043e-42	418.88295398389846	6.43472742847642	1063.4386237166625	0.48010100590978255	3.5526855548037384	6.43472742847642	0.22188455903746587	348.3910519143172	9.999999999999998	1792.3013565568626	0.8091540639826162	13.19653321255167	9.999999999999998	0.9999999999999999	381.39323524732856	3.0592299461728827e-07	10.527006566702854	0.004752532331606847	0.46193176509321093	3.0592299461728827e-07	0.09124466293115494	409.99999997232777	7.703277030195357	31.946992703378278	0.014422819512685784	0.11917212896348972	7.703277030195357	2.5471176502872826e-09	0.035376732288023564	True	5	4
6.0	2.0	353.7072230506003	6.409094287139466	1350.4797179464567	0.5402249394391243	4.2245905715867025	6.409094287139466	7.81814418848651e-33	418.9509656865587	6.756890020295898	1084.7601766064613	0.43393061956109535	3.362716069669897	6.756890020295898	0.21934866075066808	348.30697683551307	9.999999999999998	1881.149490905606	0.7525058364784062	12.353758250434954	9.999999999999998	0.9999999999999999	389.99999999999994	19.999997566061115	7.127347274850999e-16	2.8511133479093436e-19	8.958026520618351e-18	19.999997566061115	0.9999987122116334	409.99999999999994	7.2832782233547535	19.88846099138738	0.00795587115587886	0.06220959135696619	7.2832782233547535	9.281302003290146e-07	0.032257533875727495	True	5	7
6.5	2.0	353.68387656676185	6.3000434251638975	1335.2841761272887	0.5386582555540508	4.141353617534564	6.3000434251638975	3.1560487785151243e-18	418.9196097808084	6.425708140157378	1077.8940627103284	0.434826193459111	3.3564138049402703	6.425708140157378	0.3473062909046906	348.28105305843894	9.999999999999998	1863.6994461995191	0.7518228033514754	12.368876954496644	9.999999999999998	0.9999999999999999	373.7540449896544	0.25494453128146016	5.934829265055607e-38	2.394130654792719e-41	1.0180430196528932e-36	0.25494453128146016	0.000690615327757417	409.92414397124634	19.226194186122786	1.2764498434431167e-29	5.1492428223441056e-33	1.5567911018781493e-31	19.226194186122786	0.997059990939034	0.03400349290508077	True	5	5
7.0	2.0	353.60867639515453	6.084546408528357	1165.2465310956866	0.5523807960115001	4.079178353060909	6.084546408528357	1.457771353488394e-35	418.6108772634743	6.462805673868208	880.1926209518983	0.41725204721071407	3.20861168491495	6.462805673868208	0.2805369294963857	348.16526583405437	9.999999999999998	1550.2121780324512	0.7348723330530725	12.21254526293086	9.999999999999998	0.9999999999999999	389.9999999999998	19.999990525854688	7.838367881555966e-32	3.715749220702304e-35	1.1674663151300127e-33	19.999990525854688	0.9999999496542078	409.9994366542895	0.6770961430067768	22.61885536243015	0.010722384488216226	0.020830248433181455	0.6770961430067768	0.0010599263473452464	0.035561177725804964	True	5	7
7.5	2.0	352.8050616484509	6.596834172857352	549.9396608272268	0.6391244671295212	4.56596343243266	6.596834172857352	1.009230998849552e-06	418.34890509083954	6.646399914781543	262.8328102560287	0.3054569287589783	2.2441061236532995	6.646399914781543	0.00977091085121478	347.5308603765508	9.99999999999985	592.7986668681117	0.6889340032454974	11.326358377015948	9.99999999999985	0.9999999999999999	389.99995749126924	0.07659012308124899	3.6808947568881725e-18	4.277832765356955e-21	5.2941864228968636e-21	0.07659012308124899	0.8235659245400019	409.98264190799046	10.614789815246423	8.379302218354773	0.009738190290126587	0.11106347854243181	10.614789815246423	0.015254385269350542	0.032780108876951104	True	5	4
8.0	2.0	350.1739845184057	9.418885662998848	144.4076415460518	0.9729849994083699	9.95474198850925	9.418885662998848	1.6604708775297426e-42	417.17383278592666	7.921622134214599	36.49350372217944	0.24588471439172888	2.5323902834602983	7.921622134214599	0.4371234333643452	341.2732003188096	9.999999999999998	40.592652734398904	0.2735038241322426	3.999295016995096	9.999999999999998	0.807909539088955	389.98504814838975	19.99992709690762	3.696139749702273e-28	2.490372734901606e-30	7.821383489520194e-29	19.99992709690762	0.9990703208930167	399.110260156992	11.639950833762429	2.453556582449641	0.016531491854341107	0.20520773554872518	11.639950833762429	1.4081627895271838e-19	0.02405284969473651	True	5	4
8.5	2.0	350.88775822984707	1.7231957245111222	22.047434288831695	0.39678706064913777	4.506822373718548	1.7231957245111222	1.313955202966501e-37	417.00000000000006	9.999999999999998	5.4948127833001665	0.09888999257421142	1.5935937697885207	9.999999999999998	0.9999999999999999	346.72369105192	6.065379621524673	54.90963611497671	0.988207191365208	9.491146658747082	6.065379621524673	0.9999999999999999	389.7014813491272	18.953747425594855	7.83242991785544e-33	1.409600230182118e-34	4.203726813823215e-33	18.953747425594855	0.9996861978737166	401.69329945033076	1.2614156318808585	2.9222072190929684	0.052590881908601075	0.07065392588991676	1.2614156318808585	1.5559700776203716e-12	0.04768516580422228	True	5	6
9.0	2.0	350.8447045422356	3.0362285024033797	18.777491861296365	0.8586196590088134	6.815969594572958	3.0362285024033797	0.7179760256915343	417.00000000000006	7.0056533059262485	7.832571456771201	0.35815219002900195	3.972752616852206	7.0056533059262485	0.9107350498155947	345.2186096047842	5.025700152715126	15.746303655845484	0.7200155364465102	5.315765141328898	5.025700152715126	0.4057395905151617	389.99999999999994	3.9582356233665	3.6672133314403306	0.16768700971421896	1.0455686397544273	3.9582356233665	0.9999999999999999	398.83202622989785	0.6724730611835094	4.18005539277213	0.19113722761758523	0.13721701217379512	0.6724730611835094	0.00019314895867827243	0.0513384887382546	True	5	3
0.0	2.5	354.6566306624488	9.199330526215816	185.0582861208927	0.9929437018983029	11.42986252921214	9.199330526215816	0.4338262092269576	421.99999999999994	7.560303360585153	44.57585388595797	0.23917498805693277	2.2237437031081266	7.560303360585153	0.41699737674109866	344.05793750011253	9.999999999999998	42.24482754032002	0.22666769655771193	3.599702518495448	9.999999999999998	0.9999999999999999	385.9460168700596	2.115098078692306	3.004127596816217	0.016118865247724674	0.09634605045475034	2.115098078692306	9.640648228379002e-08	408.88611968855264	5.223581891366269	5.478372428117755	0.02939460595457609	0.19824543132438033	5.223581891366269	1.2180141042262887e-14	0.0417209076546839	True	5	4
0.5	2.5	352.20866126608195	9.999999999999998	1305.755946231731	1.031128128640485	12.046476169617808	9.999999999999998	0.2751740523938367	419.5653006348064	7.224810485336815	407.23693328622363	0.3215864788091053	2.5030600445470315	7.224810485336815	1.5554112385075399e-28	340.80532357171614	9.999999999999998	317.4078855784802	0.2506503608249225	3.9428973266331684	9.999999999999998	0.9999999999999999	383.82093464312334	9.194097785375552	1.6715928805916705e-23	1.3200218951998223e-26	1.926816582674096e-25	9.194097785375552	0.999999492433018	409.99999999999994	5.138285889594875	23.53248581632536	0.01858311128666309	0.1034007450421272	5.138285889594875	7.21638224172235e-23	0.039791644641891645	True	5	8
1.0	2.5	353.37595317474427	6.546097848492089	799.6525706853306	0.577903473118121	4.349149479511973	6.546097848492089	5.1051084162233395e-39	417.86663362901237	6.78135830283306	652.2423226982727	0.4713710896707516	4.074339376258277	6.78135830283306	0.2502518634521685	347.47433717769917	9.999999999999998	1129.4889272132048	0.8162739642361857	13.358918775721365	9.999999999999998	0.9999999999999999	381.7477602924029	4.778767940393386	182.12937957829462	0.13162366366800934	0.6798826240950795	4.778767940393386	1.0333930030362523e-51	404.6188972177614	7.062535283771437	82.33004793458545	0.05949936558398303	0.44730872009309286	7.062535283771437	8.770887243297281e-38	0.039131244373989314	True	5	5
1.5	2.5	353.64579965902084	6.079823414933813	470.61795211648314	0.4746346855859754	3.529318590494645	6.079823414933813	1.5092261059965665e-32	417.0284360553171	5.993425019253783	564.2269074748782	0.5690425952178768	4.698914942575874	5.993425019253783	0.5496842742250186	347.7632577870303	9.999999999999998	845.4240495401726	0.8526397604165422	14.315529334572933	9.999999999999998	0.9999999999999999	381.8494812275184	4.193744484673383	309.4265459478949	0.3120675075981438	1.4397113260845	4.193744484673383	1.3523730027106738e-31	403.756869442419	6.278637115138526	157.56119922211937	0.15890598715373694	1.1177298644886755	6.278637115138526	7.118440276947394e-29	0.0396907094899572	True	5	5
2.0	2.5	354.1141753729313	6.2390186856089365	528.0032190293223	0.515635730936652	3.724009529584603	6.2390186856089365	2.953108884750248e-22	417.017158773698	6.333104940547223	643.9291122585514	0.6288462768867862	5.886270414666915	6.333104940547223	0.7329908371495174	347.72508504741523	9.999999999999998	912.7857668018069	0.8914054670323592	14.911103500595845	9.999999999999998	0.9999999999999999	381.7840424943261	4.5199394560274	363.81156653113305	0.3552899608763016	1.7453393065361233	4.5199394560274	8.069492266438556e-23	403.65305380022215	6.449899651800182	168.90608939872203	0.16494978009201272	1.2036714898285161	6.449899651800182	1.0360794771552478e-20	0.04377109429814905	True	5	5
2.5	2.5	354.18197328819747	5.849519544916058	565.23975088366	0.6033153131928912	4.085185706447766	5.849519544916058	3.051051768842377e-31	417.0318136979634	7.177739679189025	620.9666959985791	0.6627961251717545	5.809794509050212	7.177739679189025	0.28535496044149283	347.4976085816885	9.999999999999998	885.1897441823577	0.9448177112660897	15.491222474295645	9.999999999999998	0.9999999999999999	381.47849434476774	4.618305173914364	368.76936350085276	0.39361032851748734	1.9368592122895556	4.618305173914364	1.2915114019331742e-25	403.6916090965623	6.488060221491317	167.48643171630457	0.1787686178272342	1.30506482580264	6.488060221491317	4.1161142761586183e-25	0.0458612046682537	True	5	5
3.0	2.5	353.8311931011577	6.056827162680503	542.760308758446	0.5746548602148058	4.267884799044632	6.056827162680503	1.6820413517704514e-35	417.00000000000006	6.151066526356105	627.0162144083997	0.6638619464778038	5.526615434014026	6.151066526356105	0.5233111115662399	347.4359503573868	9.999999999999998	829.6656712087291	0.8784198155610918	14.333439176409584	9.999999999999998	0.9999999999999999	381.48730561776614	4.601461890845845	349.5696207950539	0.37011159130784255	1.8149766071486246	4.601461890845845	8.346290375204135e-39	403.81379080508634	5.781743121764734	177.00042858679114	0.18740161155146445	1.2155246744255097	5.781743121764734	2.7904004967269567e-37	0.04551133455672993	True	5	6
3.5	2.5	353.3225824512446	6.635512102983074	365.00681468792783	0.6153441785334299	4.651122779332014	6.635512102983074	5.281455574039803e-24	417.00000000000006	4.962647188834704	423.4507775855292	0.7138715234823466	6.1500978594911135	4.962647188834704	0.9999999999999999	346.91543094157254	9.999999999999998	519.6175367003453	0.8759935798618216	13.878706900910714	9.999999999999998	0.9999999999999999	381.80749852250324	4.862460668305624	450.23723376590704	0.7590292827648104	4.066003116636071	4.862460668305624	0.04287925852920514	404.3761356085326	6.742715669835693	203.23388562467488	0.34262042068117254	2.4672951283652353	6.742715669835693	6.070548546923592e-14	0.03905114017057625	True	5	6
4.0	2.5	351.98989101393187	9.999999999999998	302.00912206766145	0.887385280087124	11.586945303015732	9.999999999999998	0.5658574691828581	417.90857490253444	8.885889622951034	114.3421437032811	0.33596844532784065	3.3374234337055064	8.885889622951034	4.85928093944175e-25	343.99833163532287	9.999999999999998	112.7308717746545	0.33123408835911144	5.248038628426699	9.999999999999998	0.9999999999999999	382.12980324468253	5.326018646429705	334.00583303012706	0.9814003552772471	6.503295109648842	5.326018646429705	0.29076875583310013	404.22250160768226	7.8869043440309055	183.9934433309982	0.5406229855795311	5.155483795980085	7.8869043440309055	0.35071739961318843	0.03780034424322545	True	5	4
4.5	2.5	354.3840063210607	7.239846287260629	265.540736811267	0.585970877969999	4.677400433219378	7.239846287260629	4.3024850764770794e-41	418.2014404922816	7.923294471092938	187.9269785968768	0.4146999739664377	3.6474037159904653	7.923294471092938	0.021247281447998183	348.50845152490507	8.78003686440033	304.0438697279389	0.6709360508120611	9.60899316697421	8.78003686440033	0.9999999999999999	381.9648873237652	5.016185364036618	446.95383625773025	0.9862966224656825	5.459935158075082	5.016185364036618	3.9838644604084656e-26	404.4953023115981	6.579552692459597	224.3159043466059	0.49499970886213873	3.515508538431905	6.579552692459597	0.04036833752507883	0.021581165799153815	True	5	3
5.0	2.5	354.15332739804546	6.008630089141735	575.7717887210024	0.5963427885668685	4.148458693734539	6.008630089141735	1.4026311059452992e-27	417.53348294407334	7.800090553736162	496.19143831787756	0.5139192155398754	4.644684219036979	7.800090553736162	0.009335670220299038	348.1536479192826	9.999999999999998	786.8994120435684	0.8150135155841712	13.558772847701833	9.999999999999998	0.9999999999999999	381.36940449198	4.469524837377133	434.3180024120601	0.4498351842811506	2.1403231840580967	4.469524837377133	1.6465548505420574e-12	403.93584493824164	7.057282612233178	175.3429576333577	0.18160755764521644	1.3991721895116385	7.057282612233178	3.297831620695212e-14	0.03968243156710763	True	5	4
5.5	2.5	353.9685663256425	6.00912183471886	687.4387721322719	0.5778084942623251	4.151741482547121	6.00912183471886	2.628911689342641e-40	417.7317514150019	7.481200312450177	588.415772413416	0.4945773285434942	4.351053270917572	7.481200312450177	0.023835357684458623	347.9265583075374	9.999999999999998	953.7630861358875	0.8016603587455615	13.64066916187865	9.999999999999998	0.9999999999999999	381.15272785808384	4.48849954906642	346.50217922409655	0.2912432503844375	1.402579856262045	4.48849954906642	1.0910300327711248e-37	403.68726880480307	6.960298540465633	160.40698537523687	0.134825852782989	1.0487379209538108	6.960298540465633	3.4983039423155925e-29	0.0407857354745723	True	5	5
6.0	2.5	354.10168672233834	5.914034586107751	827.3305938653973	0.6190774121965008	4.287767806177367	5.914034586107751	3.7644144585022838e-25	417.62669597690683	8.032862075310208	610.8125547989479	0.4570606460899082	4.267854382233838	8.032862075310208	6.137248105640762e-32	347.9170848903866	9.999999999999998	1065.4980069713947	0.797294036685531	13.580111149008053	9.999999999999998	0.9999999999999999	381.1741168529442	4.047141633139823	297.8648574286138	0.2228872067448132	0.9679975499799359	4.047141633139823	1.3335192312504177e-30	403.596632291538	6.0433807450645505	129.25896477825484	0.09672228491424521	0.672594967760511	6.0433807450645505	2.0609877029144464e-34	0.03712604452675385	True	5	6
6.5	2.5	353.86745019773525	6.3784431744429755	933.7788559783586	0.575284733011606	4.4078045271094854	6.3784431744429755	5.123152486403362e-35	418.16897371581575	7.73102131902336	740.6545552622482	0.4563042473599844	3.9057794482446795	7.73102131902336	3.068730184059737e-23	348.0634543200535	9.999999999999998	1212.1712605095922	0.7467973980155794	12.530611527808693	9.999999999999998	0.9999999999999999	381.3589913773572	3.9686856262647545	210.35501175854037	0.12959602372916632	0.5475916609417648	3.9686856262647545	2.5199980170922337e-21	404.129277179033	6.400573112100142	113.28105531847925	0.06979046617615281	0.4829719345362777	6.400573112100142	2.0008264559601385e-20	0.036676919010591676	True	5	6
7.0	2.5	353.56778648338957	6.134976950474412	953.3671309559725	0.5547078367949978	4.089225678047317	6.134976950474412	6.326987006870673e-29	418.53490900690406	6.750354860405164	836.918239209784	0.486953127470237	3.720893517165392	6.750354860405164	0.1276902859590404	347.71915018841094	9.999999999999998	1372.274278983579	0.7984450817190487	13.348528096874219	9.999999999999998	0.9999999999999999	380.9259379027445	3.6462604122961166	94.37670305012753	0.05491221072440955	0.22303358551415836	3.6462604122961166	4.63642919495548e-21	409.61521745358993	13.32434487188704	57.815907390134875	0.033639650329210596	0.4817841766359149	13.32434487188704	9.953709882217828e-33	0.03807421370473335	True	5	5
7.5	2.5	352.4042309401989	7.335192158372137	851.2101973147128	0.6832102884378701	5.338452892372377	7.335192158372137	2.8728943691714213e-37	418.2317767369608	6.439593939521582	537.781731067352	0.43164192905374626	3.3617219839424415	6.439593939521582	0.2249800916525267	346.56575609118136	9.999999999999998	872.9723215742334	0.7006773103782461	11.011993716042253	9.999999999999998	0.9999999999999999	381.396420798849	1.183167247914035	21.329561427368162	0.01711983228234006	0.021562075299200373	1.183167247914035	1.528631133404617e-08	409.9999999999999	8.551425653790522	18.23803451611908	0.014638467515551432	0.1340780985165386	8.551425653790522	8.345330671878316e-17	0.03537296031674513	True	5	5
8.0	2.5	350.63988271524676	8.478627018302848	325.06029315965225	0.8700141345027717	8.965488585118505	8.478627018302848	0.20076696295942395	418.12611140647175	4.819526434586389	119.66961479598513	0.3202921382091836	2.812593816605498	4.819526434586389	0.9999999999999999	342.728857896155	9.999999999999998	137.86585319363434	0.36899382504658995	5.946138924436282	9.999999999999998	0.9999999999999999	380.08867451891655	1.784011386693636	5.177184463054236	0.01385657908569317	0.1157216649783598	1.784011386693636	2.637843476591189e-28	409.9752947328893	0.2517907878742837	1.9358425316225623	0.005181224530109138	0.08582077845599653	0.2517907878742837	0.2969649128569324	0.036336825349058945	True	5	4
8.5	2.5	349.05550340762073	8.535616697116312	81.89537046216165	0.9198851197801009	8.389314262431107	8.535616697116312	2.3150087091684332e-38	417.00000000000006	4.604710654703066	23.163763756732727	0.26018566712223423	1.7824370358084067	4.604710654703066	0.6456335667397813	341.8090802673171	9.999999999999998	26.103328480008756	0.29320416172470376	4.868211069070256	9.999999999999998	0.9999999999999999	375.5939908231948	0.8046510795523756	6.804632009324057	0.07643264442949987	0.06553704241279366	0.8046510795523756	4.156762534794645e-12	409.99999999999994	2.904867636365869	6.89813958070336	0.07748296293973042	0.3809456241824099	2.904867636365869	0.9999999999999999	0.024095360311280206	True	5	6
9.0	2.5	349.5646994641331	6.454587635158054	32.798739149416875	0.8760163653152051	6.034179852180992	6.454587635158054	1.6846370244068323e-38	417.00000000000006	9.99999999999999	9.841116086600422	0.2628448217340077	4.235695235007239	9.99999999999999	0.9999999999999999	341.9476258664065	9.999999999999998	21.75835093712926	0.5811403729992328	7.261504680718439	9.999999999999998	0.3134773985710936	385.91697910183296	1.8181924321091336	6.519916858930974	0.1741394339245381	1.3438764420989522	1.8181924321091336	2.7541876375938712e-15	409.99999999999994	4.13418009816476	3.8678439310429362	0.10330563521491185	0.46683333919244563	4.13418009816476	3.5749653726586137e-06	0.04554847431846821	True	5	7
0.0	3.0	354.6710782927734	8.651344279677254	286.2320511081218	0.9725466763124551	9.049273787749712	8.651344279677254	5.4271282562402956e-40	421.99999999999994	6.568250910884122	63.42936656664349	0.21551751243850512	1.5939779146215867	6.568250910884122	0.16955085192895233	344.5603536771492	9.999999999999998	80.31838411027853	0.27290227356031416	4.467645829806723	9.999999999999998	0.9999999999999999	370.00638875913836	0.45344726232622007	0.9979372556679142	0.00339074732340715	0.0037166027383852846	0.45344726232622007	1.9558401073130447e-31	409.94978396400586	0.7718600508468982	4.2889354458747855	0.014572756253731233	0.03131410292317479	0.7718600508468982	7.087246790838059e-25	0.028766225989231484	True	5	6
0.5	3.0	354.27935853925015	6.464399916237504	817.7642858012764	0.6160765856563282	4.484111855936846	6.464399916237504	3.591461537280615e-25	419.849757798597	6.67834226346812	445.6206970279725	0.33571590529144363	2.6054597513965843	6.67834226346812	0.15214120919380186	348.6524231839107	9.999999999999998	979.9079719447924	0.7382302799169546	11.834363189850233	9.999999999999998	0.9999999999999999	389.9999590247343	19.999604346593618	2.144916440580114e-22	1.6159091564336677e-25	5.076989678544568e-24	19.999604346593618	0.9999986027902821	409.6769446372195	0.9817840849487058	7.867826847826782	0.005927360713967669	0.028372449763250686	0.9817840849487058	5.7006057130949464e-06	0.039861176900709415	True	5	5
1.0	3.0	352.7906923659281	7.17804996994153	1181.7230216700407	0.6966540295222812	5.396701659730772	7.17804996994153	2.6908105989202795e-43	418.22464224378376	6.6235631030742885	849.505180109819	0.5008036536236673	3.8918972555284816	6.6235631030742885	0.14568826500358253	346.81445875733607	9.999999999999998	1237.9757544349554	0.7298163630248776	11.524447783622458	9.999999999999998	0.9999999999999999	381.90272403362496	3.6959738472424473	85.20966445540391	0.050233138399222554	0.2083491831566351	3.6959738472424473	1.72489885601147e-27	406.88022755423157	7.90658386421291	42.16703768487566	0.024858478829219925	0.21290313862121688	7.90658386421291	2.7766156878944235e-20	0.034718107338074664	True	5	5
1.5	3.0	352.7611804794904	7.339087577152117	698.3361548976399	0.637681628334119	5.04015549622891	7.339087577152117	2.081154703459897e-27	417.0833990274765	6.588581550903678	685.9027815753693	0.6263281652630374	5.094465288359721	6.588581550903678	0.27774235360639854	346.4281874230972	9.999999999999998	876.4405282085952	0.8003166086223802	12.571609541080852	9.999999999999998	0.9999999999999999	381.5338587898246	4.471241860985393	364.44914466323183	0.3327946324759477	1.588323245263742	4.471241860985393	2.542539624762116e-29	404.0770781489515	6.615146243560013	175.3364440643139	0.1601074616760097	1.1478356624038843	6.615146243560013	1.3297326325899911e-28	0.04008062471816117	True	5	5
2.0	3.0	354.25738001669873	4.561098439096737	375.0262998905663	0.4067784263770032	2.2228128037140755	4.561098439096737	5.807585666733052e-37	417.00000000000006	6.466244262116648	649.407246458501	0.7043902197507101	5.718138392369292	6.466244262116648	0.34415519910155357	348.04079589083096	9.999999999999998	873.532925963678	0.947491813549321	15.933620343744913	9.999999999999998	0.9999999999999999	381.50498819125573	4.263220977815049	393.3941500981484	0.4267014163261054	1.9401320548082233	4.263220977815049	8.258729332469267e-11	403.8383973309423	5.728873276081343	204.54118141065115	0.22185894676665785	1.422611539547146	5.728873276081343	7.409337921629867e-38	0.04315496535233003	True	5	5
2.5	3.0	354.25716741507114	4.566298610688323	375.7604841781714	0.47733998896270136	2.610801866091347	4.566298610688323	2.6404934605916165e-29	417.00000000000006	5.265410978828087	641.302487464361	0.8146660843209921	6.458094465736453	5.265410978828087	0.725159005876135	347.6122850246992	9.999999999999998	785.9296219860353	0.9983903387413923	16.5284040726302	9.999999999999998	0.9999999999999999	381.6049450321824	4.734516000369707	365.2165048323727	0.4639456508231965	2.3512432702184025	4.734516000369707	2.705179077978745e-32	403.64115516442985	6.29542763938119	180.99533014616452	0.2299238811213177	1.6452174828325945	6.29542763938119	1.5113510267780623e-29	0.04743733002868857	True	5	6
3.0	3.0	354.15778317147596	4.838844409136724	323.71174551548205	0.4648184604267853	2.7222859212753248	4.838844409136724	2.1888684916114383e-32	417.00000000000006	4.798404166376205	572.1411058480145	0.8215387660514574	6.8887683496604994	4.798404166376205	0.9999999999999999	347.4317167115246	9.999999999999998	708.874046066266	1.017873918057351	16.60363216994849	9.999999999999998	0.9999999999999999	381.4593622784066	4.996587441368356	386.58290635472446	0.5550953088618192	2.953849566400103	4.996587441368356	6.352703407792064e-30	403.78115182486135	6.6381830094831855	202.15320837094936	0.29027226965672703	2.1415644275394516	6.6381830094831855	7.096249729159736e-35	0.04705874838349478	True	5	7
3.5	3.0	354.0108746028054	4.575155238006105	185.90906995441648	0.34856780611683774	2.0467283274120738	4.575155238006105	9.509872225696943e-34	417.00000000000006	4.167561212155985	403.092659460033	0.7557733681537759	5.685396146951275	4.167561212155985	0.9999999999999999	347.69159994513353	9.999999999999998	400.6721977462003	0.7512351547702798	11.374508666290385	9.999999999999998	0.7978480871914261	381.61479084431824	4.811749876919401	523.579912558661	0.9816793849389199	5.0579317331312765	4.811749876919401	1.2677727464722342e-43	404.7266057393627	7.794496338406836	212.77929059178888	0.3989477787547557	3.517013319334931	7.794496338406836	0.1806113142876982	0.03157326667267857	True	5	5
4.0	3.0	352.77866528270454	8.466604067052712	103.37861578235399	0.25243559328795034	2.2965883857933553	8.466604067052712	6.355742639058273e-42	417.00000000000006	8.959623244406615	67.71917553662725	0.16536040963780543	1.6127472308176027	8.959623244406615	1.9244195349783015e-33	346.42226861572146	9.999999999999998	91.81104501266292	0.22418926238045378	3.1074772710805894	9.999999999999998	0.7197894859743289	381.95212397908415	5.387130994339537	407.5327828718937	0.9951359771071351	6.083285317642849	5.387130994339537	0.10116387423817053	404.41703222669094	6.831200891221049	209.2847017455282	0.5110429023585554	4.132672761410987	6.831200891221049	0.30595754564646116	0.012701319834266719	True	5	4
4.5	3.0	354.5701495522048	6.956972280326239	189.68777402632188	0.3655573772128372	2.769193287223239	6.956972280326239	1.9414540715873803e-31	417.3308739203542	7.7283886483620705	190.4691666449465	0.36706324040145927	3.205962606391746	7.7283886483620705	3.1129767030040435e-23	347.95995034568233	9.839680713606606	222.73634828960616	0.42924703876494885	7.178808803130088	9.839680713606606	0.9999999999999482	381.711100095506	4.8991756781626625	513.2209068001142	0.9890552492571817	5.750016637173591	4.8991756781626625	0.28363958574307313	404.7017931750106	7.304736602944545	242.86267411886428	0.4680335494973361	3.6408811092458775	7.304736602944545	5.1953102922137285e-25	0.017562066641161306	True	5	4
5.0	3.0	353.2750207200583	7.085276968494587	399.06103242387775	0.6561379586034277	5.223797748690967	7.085276968494587	4.460428384627093e-41	417.08379758707525	5.237315736215344	502.13890856021317	0.8256190698371421	7.003867780972298	5.237315736215344	0.8432389942685459	346.72784424997695	9.999999999999998	510.5947829629021	0.839522256863667	13.183254196855662	9.999999999999998	0.9929546114468535	381.53222693004017	4.491458692869491	410.870408158236	0.6755549877221522	3.2385034857770254	4.491458692869491	2.009826580300647e-40	403.62821231797545	5.697916271752566	174.07233241487566	0.2862105180911664	1.8846820484403415	5.697916271752566	2.6691988628908956e-35	0.03572853797740081	True	5	4
5.5	3.0	353.932677183166	6.2501533685761315	415.0043173223691	0.5358945995253397	3.9952855646758914	6.2501533685761315	1.0019105838275081e-37	417.0003067511196	5.300395413004072	583.5783859161933	0.7535741011804307	5.902460447737773	5.300395413004072	0.685439446847274	347.2510745167422	9.999999999999998	724.2466560985124	0.9352188773159028	15.066366067782258	9.999999999999998	0.9999999999999999	381.52589540018573	4.631912511596527	354.32668567438634	0.4575416432911923	2.2611048747267963	4.631912511596527	1.8574465128900293e-46	403.8163693737778	6.657098798117599	178.4294078959274	0.23040569000552308	1.698231454233715	6.657098798117599	3.2172166602748825e-37	0.042411778980424246	True	5	6
6.0	3.0	354.22738264182067	5.883815735818186	507.4149680760976	0.5658947283234216	3.8227605686756374	5.883815735818186	6.082387827098219e-35	417.00000000000006	6.49626235594747	626.2675544796978	0.6984451186842249	6.14373816836187	6.49626235594747	0.5383927937910619	347.5433709122217	9.999999999999998	842.67573759471	0.939794423879473	15.466651364998876	9.999999999999998	0.9999999999999999	381.61394752446694	4.635853617808697	365.26778353878126	0.40736502889283605	2.0229787451801657	4.635853617808697	8.762218919719104e-32	403.7046373200906	6.56090001600503	184.2643391974259	0.20550087153555158	1.5128881071443445	6.56090001600503	1.018258223811113e-30	0.04765721279351736	True	5	6
6.5	3.0	354.18637825347776	5.9454903980845595	470.1198658760263	0.5217801858487806	3.57891833787961	5.9454903980845595	1.188264821765508e-31	417.025906974317	6.206245600758771	547.3338263740228	0.6074789992432977	4.995332799790053	6.206245600758771	0.46416526486903475	347.63511240334486	9.999999999999998	831.5020808472945	0.9228738068102852	15.309264617366328	9.999999999999998	0.9999999999999999	381.8136180916798	4.383634208901934	348.11658090443404	0.38637025887618504	1.8496029586197091	4.383634208901934	4.604499230250644e-32	403.6836657495401	5.8219569277625975	193.32020377407613	0.2145636872111289	1.4262641618780652	5.8219569277625975	2.5786662669559287e-24	0.047991890635910146	True	5	5
7.0	3.0	354.1019963655152	5.176449970397516	448.9409845778372	0.48452301436076967	3.023976169490578	5.176449970397516	2.468228337457316e-35	417.0295121676941	5.437230555991047	570.0236303897045	0.6152023921652072	4.91089497252737	5.437230555991047	0.6670508664141398	347.86850320423	9.999999999999998	845.2813942208784	0.9122764532093305	15.481465685472253	9.999999999999998	0.9999999999999999	381.5540034671614	4.556550073190364	323.3833915418575	0.34901401530851667	1.6987227010128456	4.556550073190364	1.1761775609145191e-37	403.1289382029522	6.04331191020935	147.81443832364792	0.15952987070219382	1.195481860657045	6.04331191020935	3.237424461033571e-34	0.04197526109555622	True	5	5
7.5	3.0	352.1314661074506	7.833898971533015	849.674851987953	0.7910512971020808	6.603562259123181	7.833898971533015	4.39867379634642e-39	417.4444283904356	6.883190765696222	466.1654374113934	0.4340022222214363	3.483924670761289	6.883190765696222	4.868450705918746e-35	345.8503341226323	9.78060322731124	685.2512487466721	0.6379721465141835	9.949335449858799	9.78060322731124	0.9999999995334047	380.5148069403863	2.6825588216765586	157.17646195740124	0.14633202785090899	0.5622699734967058	2.6825588216765586	8.772567464298215e-32	403.17555289866493	2.0394926942895224	42.73497201421732	0.03978646062593723	0.3400363627629503	2.0394926942895224	1.1758383569112693e-14	0.023460372379855893	True	5	5
8.0	3.0	351.59578628309936	7.733284607523102	460.16231272144864	0.7394249559921435	6.222413472398698	7.733284607523102	2.7221325391466986e-11	417.9968918130757	6.834555561355037	174.5518849254982	0.28048368208613234	2.365136401568657	6.834555561355037	0.21713701833842675	345.28474152399014	9.999999999999998	365.1603860400513	0.5867683965270407	9.718544132935934	9.999999999999998	0.9999999999999999	381.3837520450872	7.246531326129713e-05	3.8841544887471127	0.006241364584863475	0.27300602555164394	7.246531326129713e-05	0.15441875395632554	409.95478325358914	0.5430040014551405	3.5975609847542542	0.005780843626890473	0.018567051985787654	0.5430040014551405	0.9628867326439717	0.03402263342910229	True	5	2
8.5	3.0	349.4471891258645	9.538184113750207	144.60375522576754	0.9621119208729175	9.770215247394612	9.538184113750207	4.698955775120776e-26	417.00000000000006	7.356564361160247	39.18051585302517	0.26068507909280514	2.689009450228962	7.356564361160247	0.64932965004694	340.00000000000006	9.999999999999995	32.331128961829116	0.215113117504382	3.4301486434011683	9.999999999999995	0.9999999999999999	381.40783703484897	0.0019826665860387784	2.242240130616255	0.014918602603074937	0.011097716767884324	0.0019826665860387784	0.9960953355826052	409.9649058813653	3.9851192758211673	4.0565846618580285e-24	2.699022895436101e-26	1.3678089903817065e-25	3.9851192758211673	0.40483967029678913	0.025615173408721832	True	5	6
9.0	3.0	351.21987154031945	4.847091293144075	20.428967825495775	0.569670801422383	3.3604643476505416	4.847091293144075	2.381068096175509e-25	417.00000000000006	4.594033906340647	10.50596039044698	0.29296335118157146	2.3735588476891167	4.594033906340647	0.9999999999999066	345.5146809170722	6.897047988872585	34.23026139671455	0.9545259755330203	11.103824436176213	6.897047988872585	0.9999999999999999	389.999999999999	9.828767939178999	1.0615547833833106	0.029601924549952578	0.30980604577414705	9.828767939178999	1.797545512892658e-11	399.6734711431695	3.6194468688990105	6.141642807973382	0.17126242551039425	0.7724667082476925	3.6194468688990105	5.196426785487007e-13	0.03976059827420279	True	5	6
0.0	3.5	355.6807060556668	6.823085061070291	383.98711941988597	0.7196775703585525	5.299649985314199	6.823085061070291	1.3451932516659984e-21	421.43609034884867	7.57851398774301	116.92829069438443	0.2191497159598607	1.9073477448304703	7.57851398774301	0.18272277916195245	349.9646677869942	9.999999999999998	345.941021253012	0.6483706902430816	10.32906254006819	9.999999999999998	0.9999999999999999	384.66004345028944	0.3951847490281147	1.9808316205457324e-14	3.712520592142341e-17	1.6237379787544387e-16	0.3951847490281147	9.872576592351301e-06	409.99998867785933	9.181994148529055	0.5209212871407067	0.0009763227653152851	0.009593948688739981	9.181994148529055	7.72156375677012e-07	0.03287942637947308	True	5	5
0.5	3.5	354.18394722352025	5.924090643997677	1121.3719323030932	0.5922484785414313	4.051578457934151	5.924090643997677	1.1287860606604196e-21	419.16838010718186	7.104745967178317	714.5265840331208	0.37737459809778995	3.0262433512381217	7.104745967178317	0.17553042805158534	348.57637454807406	9.999999999999998	1493.1783094213615	0.7886166547165223	12.698973864572764	9.999999999999998	0.9999999999999999	389.99988373329995	1.3955733838644417	1.690508573351675e-22	8.928359108048038e-26	2.0020533266342461e-25	1.3955733838644417	0.9999998334012828	409.9999950768207	5.659599806060707	10.484983721404824	0.005537605746721392	0.03383661617664481	5.659599806060707	1.5039591089104132e-05	0.03801025792169486	True	5	7
1.0	3.5	353.3592316330537	6.191774777869928	1236.36511501546	0.5331852607443545	3.8199606387546217	6.191774777869928	1.3166808056457383e-27	418.6995723903007	6.164333329600367	1153.8475212767464	0.4975993612400461	3.7010810430706345	6.164333329600367	0.33151977292031404	348.092558476348	9.999999999999998	1817.0282789571345	0.7835975675223664	13.11108404668957	9.999999999999998	0.9999999999999999	382.874154479803	1.20917129765714	12.922324946490507	0.005572781949555137	0.33318331459292855	1.20917129765714	1.334488962312571e-14	409.99999999999994	7.57227285160245	43.250893363791036	0.01865204588477153	0.15153658607588383	7.57227285160245	3.805296658541988e-17	0.03664114214710178	True	5	6
1.5	3.5	352.53350017726626	7.122734531532924	759.5430208983606	0.6059310305101885	4.609628941070641	7.122734531532924	7.059084804750771e-14	417.51946965730787	6.430107310160926	660.0508861785358	0.5265604483841906	4.372255472684172	6.430107310160926	0.20909864417979535	346.6314770894978	9.999999999999998	986.9452331069112	0.7873428175882272	12.383634807999988	9.999999999999998	0.9999999999999999	381.8624262062425	4.639489364063565	302.8760700081608	0.24162161216339997	1.2276866332709886	4.639489364063565	7.260235539890093e-19	404.1139636007182	7.337832652532114	129.04837245633644	0.10294928813333705	0.8143517214777768	7.337832652532114	7.864671164946122e-16	0.03943260887808319	True	5	5
2.0	3.5	353.1259471083998	6.8071361083542765	337.4856002726844	0.42298016308440606	3.197326377841889	6.8071361083542765	7.457289928644497e-33	417.00000000000006	5.509744776400211	562.8936788339939	0.7054904264952573	5.305982061855043	5.509744776400211	0.5115378319915533	346.93710965689166	9.999999999999998	738.2760268742411	0.9253020395426009	14.671895965322683	9.999999999999998	0.9999999999999999	381.82571476455547	5.132700020869451	327.9443166275428	0.4110218048344667	2.290434257999206	5.132700020869451	1.3142024984711848e-38	403.6551142209537	6.685196451816965	181.16622304039865	0.22706070571632622	1.8756571077615898	6.685196451816965	0.26253968559924085	0.04869069200507683	True	5	5
2.5	3.5	352.9169494609082	7.080908804223588	369.9140937359096	0.5696061050866341	4.389165333996157	7.080908804223588	1.9133903155768587e-33	417.00000000000006	5.6555070432585435	566.1514881526207	0.8717790144158293	6.950584353561594	5.6555070432585435	0.5975852665262986	346.41137655669064	9.999999999999998	583.114150516957	0.8978986897806376	14.105053089303707	9.999999999999998	0.9999999999999999	381.5957057293992	5.015997582928265	409.48738851663006	0.6305423891785403	3.382037975902389	5.015997582928265	1.0969096404937972e-30	403.8493354313397	6.612031350246294	199.29496872155073	0.30688106460168946	2.35966971101245	6.612031350246294	0.15194535604173925	0.048334418640918364	True	5	5
3.0	3.5	354.0722647612675	4.016740652075678	225.59132355553055	0.4266148160225902	2.2689547286736382	4.016740652075678	5.574745914467505e-39	417.00000000000006	5.147985782972208	466.59825353660625	0.8823820213988949	6.974572034680833	5.147985782972208	0.7605334544124269	347.5805849495306	9.999999999999998	533.9967688041102	1.0098390739923389	16.671867485336968	9.999999999999998	0.9999999999999999	381.58131520085266	4.897457695578204	488.8269622012875	0.9244186401302372	4.839047749411724	4.897457695578204	1.247352096600611e-44	404.13272598391035	6.91000361388021	247.80969393925236	0.4686318840737026	4.301302800796829	6.91000361388021	0.57630559470215	0.05333647411026802	True	5	5
3.5	3.5	353.84246934638304	3.9095992634398717	72.27684281174606	0.10818413864224194	0.6286953528499817	3.9095992634398717	3.7179954516830736e-29	417.00000000000006	3.696290078457407	187.81440445961078	0.28112101719759364	1.9416514964628127	3.696290078457407	0.9999999999999999	347.57287097369306	9.999999999999998	187.74264997668033	0.2810136149283804	3.7283553802783866	9.999999999999998	0.5098052535887668	381.60692269402097	4.89806815429136	663.7551758829866	0.9935102195770078	5.964133009515513	4.89806815429136	0.3916259910863546	405.3558028392171	7.313963327983343	309.51108492543926	0.46327687846158605	4.00311159494071	7.313963327983343	0.2197324072854136	0.014484927223179086	True	5	4
4.0	3.5	354.03920583410377	8.058276061790453	38.774549528646844	0.054427531134668146	0.49447611444358325	8.058276061790453	3.5047641093871685e-18	417.00000000000006	7.663476458846234	43.06278505839268	0.0604468937228936	0.5084031001326582	7.663476458846234	1.1093658330221906e-23	346.5898520085962	9.999999999999998	40.038865604809644	0.05620224169703258	0.5985734188122065	9.999999999999998	3.8239288502209323e-14	381.61712169237575	4.844470077782563	712.0718855374945	0.9995297222365012	6.418022729625496	4.844470077782563	0.5927072529879519	405.09003693689846	7.107430830325898	338.3737795544672	0.47497262110678123	3.6684855458861163	7.107430830325898	0.024383738684021744	0.005904964321656343	True	5	5
4.5	3.5	353.28895735538754	7.936417552376004	115.8946493197151	0.17287885075415949	1.5267264800327618	7.936417552376004	4.609598193246538e-36	417.5451922678842	7.337454815985413	109.29933418423333	0.16304068732145266	1.3987095390150457	7.337454815985413	2.421371562381906e-35	347.1266264387455	9.999999999999998	106.84420905232338	0.15937840253303798	2.1244164884882992	9.999999999999998	0.586625824074354	381.5113210518853	4.863940736653244	666.4792591952717	0.9941802236556039	5.965304777037921	4.863940736653244	0.4203037436400478	404.90458269377365	6.329023017549238	330.6670078456037	0.4932525585453415	3.944006361972242	6.329023017549238	0.4700178721607674	0.011018182113038587	True	5	3
5.0	3.5	354.3487585112581	4.59657380200059	216.2623546954436	0.43477786277738684	2.339128051615884	4.59657380200059	3.967751548156945e-35	417.00000000000006	4.927536577468832	460.9887234593919	0.9267803091869923	6.848185652696204	4.927536577468832	0.6918196690718409	347.89047764973947	9.999999999999998	465.41497305083186	0.9356789237433523	14.26004822608401	9.999999999999998	0.7718106296375931	381.3763195216379	4.538718618253482	431.0241517377656	0.866538976521789	4.186672816310799	4.538718618253482	4.094771879558893e-26	404.2466473983495	6.473348109302018	192.33583523921837	0.386675542761825	2.6877482227895757	6.473348109302018	1.338145004760108e-26	0.03210289331287282	True	5	5
5.5	3.5	354.034370553575	5.419847263722713	279.78505109611314	0.4098381780364873	2.6875224379267735	5.419847263722713	6.02553339400052e-20	417.00000000000006	4.982415206180844	579.1151894981695	0.8483066311346685	6.589172671180659	4.982415206180844	0.7815371186898663	347.6623266526259	9.999999999999998	658.2873294453267	0.964280538461283	16.03563931448002	9.999999999999998	0.9999999999999999	381.4994590429434	4.890811241616823	372.93014158769824	0.5462801145536785	2.8477611261500457	4.890811241616823	6.490132704307655e-26	403.512594863982	6.660383392492139	179.43843359598668	0.2628472121958986	2.0090320493297527	6.660383392492139	1.617516446940324e-26	0.04492946196616159	True	5	6
6.0	3.5	353.9235767004103	6.625936168800961	355.42390924714033	0.4816800249603377	3.7650323732113424	6.625936168800961	5.024938267788343e-41	417.00000000000006	6.1639710410128306	543.4254592853297	0.7364647734225173	6.046808140973587	6.1639710410128306	0.48434063386262394	347.1878846005203	9.999999999999998	693.2745908089954	0.9395443399195902	15.078728706627798	9.999999999999998	0.9999999999999999	381.74891765220843	4.726326318676022	351.5099512757544	0.47637572402756057	2.434726435579806	4.726326318676022	3.830503949738562e-45	403.5943809202106	6.81261088433071	191.65121708843878	0.25973087524240895	2.003076644407295	6.81261088433071	7.559534230480011e-31	0.04856685764125921	True	5	6
6.5	3.5	354.2980943842746	6.331712646220044	476.20375972002284	0.5847700023008697	4.1689592745965	6.331712646220044	2.1332302348751022e-38	417.067691757194	5.76838664593303	593.2368701738816	0.7284846430874476	6.5061819792206785	5.76838664593303	0.7901981100933637	347.45327994806325	9.999999999999998	764.574891346809	0.9388847774635946	15.340376106164548	9.999999999999998	0.9999999999999999	381.53779781334913	4.689392169725858	404.7968061353929	0.49708349508695704	2.5229658193117084	4.689392169725858	0.04301281532164012	403.40847997982144	5.895353537801446	201.92109518131588	0.24795562169268495	1.7457432128737447	5.895353537801446	2.1010704329101193e-31	0.0544069709387258	True	5	4
7.0	3.5	353.9936462712603	6.181815500616852	551.7732836414576	0.5754003046020987	4.207401894874814	6.181815500616852	2.3259529624925802e-24	417.11320889261884	5.676881659440066	545.2353085628644	0.5685823723766088	4.98561337253439	5.676881659440066	0.7610323478659767	347.5262487313922	9.999999999999998	862.1833347224557	0.899102164113695	14.77599574255011	9.999999999999998	0.9999999999999999	381.8110326634962	4.389610339796234	337.605867266191	0.35206220493026125	1.6870192194108196	4.389610339796234	3.0989787317425414e-30	403.2706872177955	5.408319665966459	157.4807098433618	0.16422405922738803	1.120483334158381	5.408319665966459	1.1131338565174744e-34	0.04531343213609668	True	5	5
7.5	3.5	353.74380706828305	6.03150851263157	859.4399107003773	0.5298145017368715	3.9975467326888956	6.03150851263157	2.5833613008006902e-40	418.152017880059	6.924336458318935	770.5157302765965	0.474995869559095	3.949002107804979	6.924336458318935	0.20008557402387572	347.8790763902355	9.999999999999998	1320.8440003042276	0.8142539079003622	13.833399558601212	9.999999999999998	0.9999999999999999	380.15289371867186	1.735350920318863	94.55959323175378	0.05829266612914918	0.44322792848839715	1.735350920318863	1.2560013906841502e-25	403.12931836206945	1.9526627354659307	33.9165213238287	0.02090834347125973	0.1876771882281289	1.9526627354659307	2.5312961207356167e-08	0.038327001790406504	True	5	4
8.0	3.5	353.03872344228205	6.2700529834915	653.04247222683	0.48901084745450796	3.397150490305896	6.2700529834915	9.86028592478598e-22	418.25994439929934	6.918140660062458	450.18285919377263	0.3371056414342596	2.6255286585067212	6.918140660062458	0.048004045298948375	347.8363239382731	9.999999999999998	1049.8405152190119	0.7861409048767135	13.296381815602844	9.999999999999998	0.9999999999999999	378.4841897213684	3.101778339502004e-08	2.5960606841260248	0.0019439805053703212	4.581188915687887	3.101778339502004e-08	0.0029507572692525894	409.99998990220615	6.0643389008031665	24.22527749979291	0.018140356843252266	0.11855332840942834	6.0643389008031665	9.784650912902156e-07	0.03848829623703047	True	5	4
8.5	3.5	351.5578505417223	6.5439526988165015	180.62493187199294	0.6697049890527565	4.827582983954995	6.5439526988165015	8.608323996753763e-36	417.0048999059084	5.718018798051232	62.33220383895981	0.23110977790811543	2.1109476231873328	5.718018798051232	0.8775219199990586	346.29879476616344	9.999999999999998	178.11161289478127	0.660386329437635	10.38295844413402	9.999999999999998	0.9999999999999999	375.57241158514273	0.0033271247424107673	2.443169833696254	0.009058566886486829	0.004213769455581284	0.0033271247424107673	0.13918530241831129	404.58200318256144	1.1629980701524418	2.9520112975860386	0.01094520381679388	0.01357069366094231	1.1629980701524418	1.355829770052116e-20	0.03299480360666356	True	5	4
9.0	3.5	349.7196027783986	5.7186634473375255	40.76838246384622	0.7875028632618309	4.843967572997591	5.7186634473375255	2.549097951039917e-25	417.2731546761784	6.8313926118551604	9.537310176121531	0.18422754638775343	1.6268355031609611	6.8313926118551604	0.34644767079057337	344.8571417428859	8.808242067518146	20.9202418432821	0.40410605856939696	6.096460830694624	8.808242067518146	0.9999999999999999	379.97143607026095	1.8564103119902318	2.292595821129269	0.04428494986384304	0.4443492533582616	1.8564103119902318	8.399962140922262e-15	409.99999999999994	9.568625043343582	2.357530578274264	0.045539262742757075	0.46614118254921544	9.568625043343582	4.4894995731215097e-07	0.026223144246129235	True	5	4
0.0	4.0	353.34319816564147	9.999999999999998	800.5633914034504	0.9809757649548148	11.966504004915297	9.999999999999998	0.3017961919704204	420.80256970074316	7.528000337997174	150.30881842828984	0.18418192702848402	1.692732723028741	7.528000337997174	0.19630687943673655	342.50825863021265	9.999999999999998	207.83625988221246	0.25467356640662686	4.168501756567584	9.999999999999998	0.9999999999999999	389.54588677166316	19.741192002694078	9.621187864474735e-26	1.1789387606871785e-28	3.605432121247671e-27	19.741192002694078	0.963879208531518	409.99999999999994	5.942851051097247	4.117816484556741	0.005045794273455439	0.03233177068939297	5.942851051097247	3.043282822291675e-10	0.040263769224756836	True	5	5
0.5	4.0	351.8315102436811	9.999999999999998	2219.417674776596	1.0312439940813887	12.060696024957982	9.999999999999998	0.26116572427319595	419.20140370913344	8.001722713298658	618.5099521953001	0.2873883004221699	2.5305078064173108	8.001722713298658	0.09966820221552443	340.8233239459166	9.999999999999998	629.0627853864828	0.29229163428880917	4.599258630521926	9.999999999999998	0.9999999999999999	370.030141367841	19.974202213752594	8.2201353115923e-35	3.8194546555862613e-38	1.1355963347554074e-36	19.974202213752594	0.8822448951892606	409.99999999999994	5.392313796050417	30.870520690556827	0.014343870204379827	0.08362625476302048	5.392313796050417	5.018436354108386e-23	0.04264765265334949	True	5	6
1.0	4.0	353.3042474631095	6.413683353756961	1444.7531434470352	0.5809260357474828	4.253643360993456	6.413683353756961	4.802962087156028e-21	418.83123550892185	6.486161897260334	1199.1050304864602	0.4821524943308773	3.5449786600045896	6.486161897260334	0.1754923005958796	347.79393041349283	9.999999999999998	1851.112170074131	0.7443204118036293	12.534967483087765	9.999999999999998	0.9999999999999999	384.17404580919805	16.40681812346376	6.013802787392332e-31	2.418111792241319e-34	4.223974292467655e-33	16.40681812346376	0.00014876999329658817	409.9999999999993	5.866410128642347	37.78061700731594	0.015191345432056908	0.09612136838169737	5.866410128642347	1.5993768774424893e-12	0.03786194898640912	True	5	5
1.5	4.0	352.5368597546642	7.138642105656306	1002.7154609320196	0.6026034534700186	4.594903757915898	7.138642105656306	1.3125797723553484e-31	417.94894773323796	6.8209010416958264	812.5462379241042	0.48831716289885013	3.845524516152243	6.8209010416958264	0.010713996784655578	347.04288829860855	9.999999999999998	1221.9889892401834	0.7343806031813002	11.69718148182092	9.999999999999998	0.9999999999999999	382.02519030988526	4.330560483566554	220.44443268558626	0.13248082991669302	0.647925144026792	4.330560483566554	3.940696180192173e-15	406.89338029410254	10.069155665927484	70.71764019068473	0.04249928904112702	0.4602465894370716	10.069155665927484	8.642423014101192e-15	0.03401657276664008	True	5	5
2.0	4.0	354.15214509031335	4.401357071916638	326.6891324981419	0.38538753540430193	2.1123415896112228	4.401357071916638	5.296285472113645e-38	417.00000000000006	5.646885978128132	629.5780794522349	0.7426985480946495	5.816458664222938	5.646885978128132	0.5580006083576946	347.8318337955614	9.999999999999998	806.6844199438094	0.9516267592799765	16.08789864112016	9.999999999999998	0.9999999999999999	381.5578726746738	4.770907029031476	421.9334331990082	0.4977450112337799	2.536211510085505	4.770907029031476	1.5074679386581916e-45	403.6760141303751	7.291948644131353	178.9649383175993	0.21112075560822272	1.7148837424432124	7.291948644131353	2.62719412301388e-35	0.05002773308668932	True	5	6
2.5	4.0	354.0300577751522	4.507854011658969	275.1169191180895	0.44151020570962873	2.5529459566171866	4.507854011658969	1.7440652545008204e-38	417.00000000000006	4.582769338540314	557.0197999219382	0.8939105862199254	7.228500091076406	4.582769338540314	0.9999999999999999	347.570670410992	9.999999999999998	613.5908782514506	0.9846963819846624	16.242980800621464	9.999999999999998	0.9999999999999999	381.5912547243298	5.011870694892555	411.8832244959561	0.6609940521233385	3.5417818169484416	5.011870694892555	7.926618859370781e-49	403.7184902865072	6.120263938051563	214.3686219289103	0.34402077003812903	2.3768439447306737	6.120263938051563	8.913377024007659e-37	0.04942631704963876	True	5	7
3.0	4.0	353.97384162303194	4.925250973347766	83.03005704437656	0.12211887819266844	0.760111079682134	4.925250973347766	4.840257744181673e-44	417.00000000000006	3.743786716797173	246.9133822503719	0.3631550588367942	2.5302685222612054	3.743786716797173	0.9999999999999999	347.06445076745564	9.999999999999998	256.1774178144648	0.37678040935316637	5.518644561290675	9.999999999999998	0.816346041597885	381.47066994326786	5.11952636436276	674.1107432975807	0.9914680379555623	6.550481049470566	5.11952636436276	0.5414397200599962	405.6809171733714	8.713131057397112	302.64930474291594	0.44513029253060243	4.305314275531481	8.713131057397112	2.02881329433569e-33	0.01958394199636187	True	5	5
3.5	4.0	353.7316082226158	1.882134689342846	22.41606119106934	0.023887838508804552	0.24611304449158558	1.882134689342846	3.0493272475249443e-26	417.00000000000006	7.4744925995572125	49.56631231072349	0.05282070091900255	0.4339843638364695	7.4744925995572125	8.701598507904855e-36	346.67392562629215	9.999999999986473	62.55205607054601	0.06665905312580962	0.710540480920519	9.999999999986473	2.6534405747617265e-19	380.9546817192154	5.250028354380043	934.4808753945733	0.9958363358628479	7.016940319224376	5.250028354380043	0.5839399865391532	405.6657513549064	7.121001288681764	466.3894349377562	0.49701129065637845	4.302570108899688	7.121001288681764	0.20503831812365478	0.008227078465929155	True	5	5
4.0	4.0	351.09492045504214	9.350473180783315	33.259454997845765	0.03478447463640106	0.36212770851039006	9.350473180783315	3.6198541026334314e-34	417.00000000000006	5.851517526889239	13.709350664898702	0.014337954741458757	0.09411507563030999	5.851517526889239	5.371333669704955e-39	343.4496230213726	6.0178139391262215	13.340840906166196	0.013952547994513344	0.08942455009483034	6.0178139391262215	6.655155783160292e-16	380.9872742838172	5.139892125607494	950.3649624854237	0.9939412998511143	6.7793762420692145	5.139892125607494	0.5618860630903104	405.688758963066	6.673866945019661	478.8319057286812	0.5007874086029884	4.710992183787144	6.673866945019661	0.5523664195838286	0.006532711842898921	True	5	4
4.5	4.0	352.15206946537177	9.999999999999998	68.51838396059384	0.07268633821765913	0.7741021534052761	9.999999999999998	3.6848977069060537e-38	418.8380304292847	6.984582827605624	48.66987248395966	0.0516304473032229	0.38525091998556793	6.984582827605624	2.4141702122510876e-36	343.7820274094459	9.999999999999998	23.33364435905484	0.024753023461677903	0.29403491051193403	9.999999999999998	0.3170180807607486	380.5368706766858	5.120830782182679	933.8918685321379	0.9907002513936745	7.162910902207361	5.120830782182679	0.5431039440985104	405.5841302107887	6.6714273584000345	489.7265416424585	0.5195164710898672	4.710033554871445	6.6714273584000345	0.5004438316720569	0.00914003079036117	True	5	4
5.0	4.0	354.1394055971517	5.238388974879593	198.5837052725269	0.2994015026527683	1.8701265095015993	5.238388974879593	5.344976266980695e-39	417.00000000000006	6.223139913978307	301.5896412310727	0.454701918494138	3.5739544746837035	6.223139913978307	0.3502441126129157	347.25178578188877	9.909111249477876	308.8023523442133	0.465576408636776	6.815430857900699	9.909111249477876	0.8130417431749792	380.73290343871156	5.110553458004056	651.5754753503003	0.9823700093814316	6.335680470992186	5.110553458004056	0.34850649733026084	404.74511934753326	6.9829192575032835	358.9194095007504	0.5411371007923059	4.46236181490753	6.9829192575032835	0.30270039324118597	0.021742838296150837	True	5	2
5.5	4.0	353.9823210103815	5.090497078669011	245.55785257793158	0.4188495175418615	2.6592634912976387	5.090497078669011	2.7587932919025716e-34	417.00000000000006	5.739992639809011	501.36924476218485	0.8551885597400001	6.373784464767466	5.739992639809011	0.39902353155723036	347.5198931091347	9.999999999999998	579.263087628261	0.9880525596545754	16.229362793731894	9.999999999999998	0.9999999999999999	381.39717440418	5.012016690891975	416.27731726368216	0.7100467432381484	3.7881980065177645	5.012016690891975	3.000143973061226e-42	403.80308023433963	6.656576927776479	220.1212834551401	0.3754622074104529	2.9908282507847956	6.656576927776479	0.220635655210075	0.04246086609769206	True	5	5
6.0	4.0	354.39782635798383	5.558973858998838	331.05699661796905	0.4971887630504416	3.1165418613432427	5.558973858998838	1.2079717295809944e-30	417.00000000000006	5.374523053159528	544.0477596343084	0.8170630296785092	6.741156677887683	5.374523053159528	0.7749885305787508	347.476477357156	9.999999999999998	661.6169831774589	0.9936311053373188	16.264234809992793	9.999999999999998	0.9999999999999999	381.7067794712398	4.87067239609881	364.991258032593	0.5481519918301576	2.874967484412264	4.87067239609881	4.469752278009147e-27	403.5236377612911	6.243766474596389	181.25684232424138	0.2722155584997748	1.9674433914461398	6.243766474596389	1.3380409114911161e-37	0.051460709363027296	True	5	6
6.5	4.0	354.32615560575766	6.346213362635538	573.729270931059	0.6357521741628821	4.526099246669935	6.346213362635538	1.825894013144695e-24	417.0956856882236	6.910903893634922	554.7129052588418	0.6146800475810031	5.950612785483965	6.910903893634922	0.6077036992104518	347.65423244838894	9.999999999999998	793.4058215858394	0.8791768201892848	14.609600427023349	9.999999999999998	0.9999999999999999	381.5718854979696	4.88356283279643	411.000738516179	0.4554319020017526	2.5651605560691095	4.88356283279643	0.227529632650715	403.4173989113372	6.609805438961955	190.7960267360746	0.211421998083264	1.6279073724233644	6.609805438961955	2.5062743819736868e-33	0.0545332815367565	True	5	4
7.0	4.0	354.2110749025809	6.043662317336435	1051.6762607738165	0.6582679524139241	4.560624110366136	6.043662317336435	8.415143034623696e-29	418.0145264739572	8.10220673737941	649.1188499505291	0.40629816623969034	3.9129135438309675	8.10220673737941	0.17791976760487482	348.0807748540931	9.999999999999998	1187.9536274487493	0.7435670377574154	12.45541755868952	9.999999999999998	0.9999999999999999	381.29232915201794	4.416489808548151	312.96879477268936	0.19589424558550525	0.922256078529673	4.416489808548151	1.0062301412354725e-23	403.00246328743157	6.285114823106012	130.84854286017415	0.08190106175976249	0.6159991373133491	6.285114823106012	5.348164868226493e-25	0.043291773824009526	True	5	5
7.5	4.0	353.8050566134135	5.941312843787048	1249.2964050242153	0.5376701538752393	3.9612595806710584	5.941312843787048	1.4419538293209333e-36	418.722356751209	6.404704219410431	1038.8590183009928	0.4471024538117902	3.3957821699943236	6.404704219410431	0.2896385209893508	348.26838674865303	9.999999999999998	1798.0383657625441	0.7738368259967835	12.744528498542062	9.999999999999998	0.9999999999999999	381.3355926949725	0.1147160059406352	4.790764489883442	0.0020618414253787388	0.0005034981714752868	0.1147160059406352	0.027269789859001706	409.99999998533434	6.560914823065738	18.663350240213287	0.008032302306423796	0.0566903358262075	6.560914823065738	2.91233374136415e-09	0.03721176591224899	True	5	4
8.0	4.0	353.53932451651684	6.032915491225696	806.8829740552014	0.47285299681277987	3.4231401382080846	6.032915491225696	2.1550237903027946e-06	418.3188132933538	7.264187449530961	563.9322651747615	0.33047798771505915	2.76515827148198	7.264187449530961	0.1405775228363908	348.18267261318726	9.999999999999998	1425.579640498184	0.835424252189928	13.861736176682214	9.999999999999998	0.9999999999863244	389.2088764679948	19.999999839219683	1.1735910740565473e-05	6.8775283931372496e-09	2.1780081374517069e-07	19.999999839219683	0.9999999899638536	399.0885346754722	19.93255998674737	1.8894214238919028e-17	1.1072467895058527e-20	2.5392482224457567e-19	19.93255998674737	0.2303969142852755	0.03958435350315255	True	5	5
8.5	4.0	351.9328431472303	7.9372547297549545	261.4873670465375	0.6786698056467049	5.765453178634832	7.9372547297549545	3.2670346643225424e-34	417.81084903867344	6.77100028535212	94.62937393347339	0.2456030650401172	1.9702208193499307	6.77100028535212	0.023458978817715085	346.22665636526165	9.999999999999998	235.8083758065914	0.6120220123293474	9.633003119481373	9.999999999999998	0.9999999999999999	389.95947961492664	19.83405278720054	5.0326062524249016e-33	1.3061731990370839e-35	4.070296713974517e-34	19.83405278720054	0.9999992913856319	409.99646644271417	0.7070940909981337	7.078601166580096	0.01837195017195025	0.03478014967697604	0.7070940909981337	2.458445967844669e-06	0.029988613695166384	True	5	5
9.0	4.0	350.59662986367033	5.188765245304122	28.00551002497212	0.6087980384412286	3.9269613744596983	5.188765245304122	4.1160511671026325e-29	417.00000000000006	8.715785680793102	7.118165145204807	0.15473829877896406	1.969724962070613	8.715785680793102	0.7711959684377926	346.3341757547801	6.275590815639157	34.777092912972044	0.7560021556196176	7.381436249826484	6.275590815639157	0.9768616594051892	381.68625008166873	0.9419451195745104	0.8695582184654286	0.01890289936659453	0.024815824944043722	0.9419451195745104	2.4097508008307458e-08	409.9763089926045	19.999970180546228	2.6855023613463298e-17	5.837881789544593e-19	1.8373813741649754e-17	19.999970180546228	0.9999999998776324	0.039944070028596276	True	5	4
0.0	4.5	354.09022533605594	9.999999999999998	583.1637665064525	0.9729913099288219	11.893720430193548	9.999999999999998	0.2984056826565302	421.16107587538886	7.354834151129075	97.3277619503101	0.16238846106606483	1.3160640577050828	7.354834151129075	4.588098823281541e-08	341.9740953066974	9.999999999999998	159.61127349762282	0.2663066380310532	4.492101738324736	9.999999999999998	0.9999999999999999	370.00000191172154	0.02349801882760813	5.132652796464529	0.008563677743148325	0.28343291406433474	0.02349801882760813	0.4673834977123238	409.5803436155949	1.0728900526590706	2.810556863441716	0.004689330101168654	0.027476571391929872	1.0728900526590706	0.000605945339620561	0.040092820950951374	True	5	4
0.5	4.5	352.05799254338416	9.999999999999998	2169.9808327487026	1.0122105152717593	11.987520013663396	9.999999999999998	0.309483597011357	419.25220751561284	7.843597150044005	560.112875183435	0.2612705759624689	2.2921109306469107	7.843597150044005	0.1461556597401749	341.6049877671938	9.999999999999998	579.6045357404273	0.2703626672280419	4.413257293315912	9.999999999999998	0.9999999999999999	384.31559209888894	5.583882329879265e-06	5.836072032952502	0.0027222975385248773	1.6141663640877986	5.583882329879265e-06	0.6648259874021266	409.99999999998886	5.507026953865986	30.657132568744817	0.014300343802971032	0.08509141879572484	5.507026953865986	1.4747801465773123e-08	0.041998897320203316	True	5	4
1.0	4.5	353.67643461877105	5.5751082789147395	1192.9198088901999	0.470792579325833	3.3204965233941053	5.5751082789147395	5.9312747697968925e-15	418.75232986043335	6.688838641557463	990.45083214981	0.3908870474680383	3.145493636813793	6.688838641557463	0.3357731443821057	348.4864754245609	9.999999999999998	2067.636703843196	0.8160045710169769	13.217221707715305	9.999999999999998	0.9999999999999999	382.79323069706214	2.074141632906946	41.63393072196452	0.01643106727375239	0.1284515538085219	2.074141632906946	5.846117268415891e-19	409.99999999999994	6.81423737560469	48.251636110531884	0.01904278229925823	0.13948214050387506	6.81423737560469	2.6314202380924046e-15	0.03804168254983313	True	5	6
1.5	4.5	353.503453712647	5.982508908093259	613.9666709550513	0.4973906820991727	3.553438042070319	5.982508908093259	1.5990337313861812e-40	418.18131763676627	6.804076777870907	579.4402657707977	0.4694199256437534	3.5721662056582635	6.804076777870907	4.352586973909237e-33	348.15898729915597	8.95264970114296	1021.279675281846	0.8273657485548561	12.485437585862885	8.95264970114296	0.9999999999999999	381.03881921832254	5.1763718751843495	340.3027883272818	0.27568831341131367	1.5388627379926516	5.1763718751843495	2.5521707223358515e-48	406.3441982084962	9.459666533814895	134.9237049745472	0.10930527148036462	1.147806378973623	9.459666533814895	5.824200874681365e-49	0.02955913325241076	True	5	5
2.0	4.5	353.90572083489417	4.823518213199922	246.61226093996612	0.4387363752289099	2.7497353771427893	4.823518213199922	5.786612291038533e-40	417.00000000000006	7.244190398048031	402.1233708262886	0.7153989401772072	5.708576411042546	7.244190398048031	6.252612668394938e-38	348.09432591770906	9.999999999999998	512.2569486463651	0.9113324535378188	14.760432969346352	9.999999999999998	0.9345482985250286	381.3947512039515	4.8873436540811666	530.8177405081616	0.9443530929487893	4.912920458397341	4.8873436540811666	1.42190965090721e-39	404.4455071136437	7.571572719417949	212.6241062378129	0.3782696338839928	3.3162745808821876	7.571572719417949	0.24627529313689836	0.034057378990494096	True	5	5
2.5	4.5	353.9025849782454	1.8593088476810968	73.29256208391297	0.12950720470904753	0.9871384205233552	1.8593088476810968	1.6662115817472385e-35	417.00000000000006	7.105671579227694	151.41556256224627	0.2675497444670242	2.096931547293814	7.105671579227694	1.977411009597654e-40	348.0612782539643	9.999999999999998	233.36199023236537	0.41234824081783805	5.678665998822356	9.999999999999998	0.565824411127379	381.58167390215186	4.963104937082239	559.8101458495196	0.9891787801568535	6.051898972517517	4.963104937082239	0.4110993896091082	404.93951091860265	7.176963593166684	274.1690296567218	0.4844538605156419	4.364960189619722	7.176963593166684	0.45394163735424853	0.01635336076640461	True	5	4
3.0	4.5	353.9078976465451	1.4005076453745382	27.317240957255777	0.042877336583238924	0.6750450256127198	1.4005076453745382	2.5074589007512986e-19	417.00000000000006	7.644917088435468	54.54912389237759	0.0856206946050688	0.718496140482449	7.644917088435468	8.314702957662261e-21	347.6300303808866	9.84135125891449	105.04294522596412	0.16487615733945815	2.2456036835186564	9.84135125891449	0.599295685908077	381.86127907793843	4.950601597220094	632.5735284407806	0.9928919298637371	6.514806117734399	4.950601597220094	0.5363914022783945	404.9946721843136	6.9781153299170455	302.14747472737815	0.47425283512097866	4.1969622160430875	6.9781153299170455	0.4726330196433695	0.015583497520979622	True	5	3
3.5	4.5	351.16744971495615	6.543683287561291	53.83266978999243	0.06100974120178961	0.4607696644304465	6.543683287561291	1.4332565879567155e-21	417.00000000000006	7.296711772225136	39.851021207128596	0.04516403328979844	0.362824381377528	7.296711772225136	3.209963603328238e-14	344.7106637295397	6.774773716571888	30.639866526572977	0.034724830377836934	0.27229497063628705	6.774773716571888	2.192969509500094e-22	381.5625790508625	4.849714207072766	881.3636011593386	0.9988686316539481	6.400768612883122	4.849714207072766	0.5926697175968638	405.95559185700506	7.790766096095559	369.50483025255323	0.41876789976168566	3.772585745690561	7.790766096095559	2.826971920738729e-17	0.00857063118298835	True	5	5
4.0	4.5	353.4618501590104	4.077706955821991	23.151077490109888	0.02463876105262584	0.1347211066420296	4.077706955821991	1.76588675504051e-17	417.00000000000006	6.754630549140775	28.734325723484364	0.03058078768954485	0.22870288955211177	6.754630549140775	4.563984573268175e-24	347.7406684025624	9.335970572181111	40.17414719080548	0.04275572977327447	0.44797894619530576	9.335970572181111	3.207586629845583e-18	381.1962766396917	5.496475934169096	935.3576000041795	0.9954634904187852	7.088359099798219	5.496475934169096	0.5424446725958701	406.1000989764562	6.912949146323856	461.593691928354	0.4912556093201568	4.392693370540118	6.912949146323856	0.22068783533323114	0.010627534287366212	True	5	4
4.5	4.5	352.9433637177804	9.99999999980091	47.36469312889776	0.05029487173279789	0.5418419295880565	9.99999999980091	1.3898272150029358e-18	417.5109931650875	8.05771505324056	45.70279963887793	0.04853016654012087	0.4481867309465336	8.05771505324056	4.70138331972899e-28	346.05071763401986	9.999999999999998	36.08538735473374	0.03831778078864745	0.409697702828868	9.999999999999998	1.62442184160567e-10	381.13244686976776	4.846862730791272	939.9316159040458	0.9980797285194098	6.452986422052091	4.846862730791272	0.6024628602733706	405.5777067327741	6.798586981961389	455.29280769934013	0.48345913066061524	3.8191050433383493	6.798586981961389	0.09165552175594403	0.007889036281190429	True	5	4
5.0	4.5	353.72284185371313	7.870601445774059	82.68665469420002	0.12654315449794223	1.1629369836167538	7.870601445774059	2.358867248041494e-25	417.1480947045155	6.876283403636679	167.69946240168753	0.25664623944941317	1.9812480066756415	6.876283403636679	1.3011699145189063e-30	347.5393093358237	9.999999999999998	165.8687960430624	0.25384459876494686	3.785094317199449	9.999999999999998	0.7915099143084025	381.25106871978727	4.917324099114253	648.8430783260263	0.9929855090786505	6.381138488861353	4.917324099114253	0.5683788348484097	405.09619481592364	6.2542773206199955	329.1782412220552	0.5037723825008644	3.586124772344544	6.2542773206199955	0.14954879180069422	0.015550625642732702	True	5	3
5.5	4.5	354.459268011027	5.077052108804717	214.09593320549644	0.39628711650302567	2.2715951550491322	5.077052108804717	8.265186835114417e-21	417.00000000000006	5.503750103775956	441.09843954952873	0.8164640312681066	6.241888820785978	5.503750103775956	0.5535691252986426	347.78090742910314	9.999999999999998	523.0702471133787	0.9681921410348598	16.283979068927295	9.999999999999998	0.9999999999999999	381.6022224141351	4.931460528546791	418.21963751655915	0.7741158448689438	4.084038784525567	4.931460528546791	2.2768665585308232e-29	404.1182626258699	6.468835166316973	220.22161189695345	0.40762562027054705	3.287234273839331	6.468835166316973	0.4049064578416679	0.044219183386530615	True	5	5
6.0	4.5	354.08118708683196	6.410189598471293	427.72549638642784	0.6170808792195834	4.581156370386723	6.410189598471293	2.858830954121126e-43	417.00000000000006	4.707549217827727	567.3274928302013	0.8184851056080537	6.759746745971484	4.707549217827727	0.9999999999995856	347.15996310109773	9.999999999999998	653.163486669419	0.9423209559243919	15.09939392818158	9.999999999999998	0.9999999999999999	381.2962669318986	4.662399091835458	431.39221350369866	0.6223708631969024	3.0924644829568932	4.662399091835458	1.1960721395743368e-37	403.3854758161806	6.652432487166803	180.8803616132786	0.2609566498159774	2.0297280635151274	6.652432487166803	8.97216822668132e-39	0.04606592664867918	True	5	7
6.5	4.5	354.6677639227184	5.663942847898685	816.9271304366047	0.7173034608000997	4.43154778018689	5.663942847898685	9.181635298178096e-38	417.42689925933007	7.3597799842833584	521.2676571780636	0.45769944535585594	3.875217418796603	7.3597799842833584	1.7090249532560078e-20	348.6102169530761	9.999999999999998	895.7760825219955	0.7865368405032372	11.480677674172034	9.999999999999998	0.7921967168845685	380.9533418897186	3.7065064685997884	370.2724809401351	0.32511802108402227	1.3336680310888518	3.7065064685997884	1.1653945686358234e-15	402.9889836285236	5.521312404113945	123.13055942361642	0.10811487721996565	0.7371868624753524	5.521312404113945	6.0676280476479e-22	0.021591729202408146	True	5	5
7.0	4.5	354.06471341736716	6.199847977384809	1461.5125073264578	0.5961122007011318	4.316793597824445	6.199847977384809	8.847968551385567e-43	418.844684820513	6.63715541192975	973.595042084148	0.39710360343762346	2.923220504074235	6.63715541192975	0.1132007377800636	348.64396797467185	9.999999999999998	1807.7103595004112	0.7373171253958494	11.82537261328214	9.999999999999998	0.9999999999999999	380.7794390921724	0.6028693736599485	54.01735990455361	0.02203224887050243	0.24883252117662386	0.6028693736599485	8.713434211206578e-12	409.99999999999994	7.564048583821605	31.972618412101458	0.013040783317469112	0.1058352222501536	7.564048583821605	1.7108688519708045e-43	0.032225248881385865	True	5	5
7.5	4.5	354.13290649421907	5.817062704336221	1363.6359118388318	0.5354273400437729	3.639125079973149	5.817062704336221	1.592640629848635e-17	418.7642657387956	6.324167576318169	931.1922610640635	0.36562970444108245	2.640009043854812	6.324167576318169	0.18733115326424377	348.8556325076803	9.999999999999998	2095.458492182805	0.822775168137534	13.060440892573489	9.999999999999998	0.9999999999999999	370.33654113530906	0.00010638272523041003	3.7681578864947012e-06	1.4795553098261907e-09	1.4510445301802122	0.00010638272523041003	2.0034238944129807e-05	409.9999999999999	6.426720113939263	33.12962213946591	0.013008241646312724	0.08997161451463975	6.426720113939263	3.1781523545806435e-08	0.03724688887036305	True	5	4
8.0	4.5	353.58181682056147	6.318422008489136	901.2097216326064	0.5805080044647899	4.387937116879785	6.318422008489136	5.394812292504282e-27	418.2691125467073	6.5130965431486585	361.0187761338512	0.2325477458544541	1.6848150945205551	6.5130965431486585	1.304069319396766e-09	348.09687081539056	9.999999999999998	1070.1902527932036	0.6893556440128112	11.529475847284061	9.999999999999998	0.9999999999999999	389.99999999880515	15.459055695089525	3.401742207526289e-19	2.1912086978127066e-22	3.606341024435843e-21	15.459055695089525	8.449646971310958e-05	409.9999999997299	6.5052905603935045	8.85692419563183	0.005705126417398075	0.03993145022673071	6.5052905603935045	1.132587445671026e-09	0.03385282426539222	True	5	6
8.5	4.5	351.98700172526264	7.163319307097492	158.3840834341806	0.6924935689453627	5.305768676106713	7.163319307097492	4.626848110723231e-38	417.0157784447961	7.28169355070929	42.19159092647409	0.18447185314740705	1.4810913754227446	7.28169355070929	4.8908469175240584e-26	346.739851079889	9.999999999999998	141.38647528752574	0.6181759097854804	9.74265301175558	9.999999999999998	0.9999999999999999	387.24325338670434	0.028282094660485684	1.2864885604602898	0.00562483953768468	0.07835697353390227	0.028282094660485684	3.635454703603999e-05	409.9739554327623	0.0013268056793904748	7.575726409128318e-17	3.3122910488610025e-19	7.313611252830565e-14	0.0013268056793904748	0.003971883845509394	0.025787329719157013	True	5	5
9.0	4.5	348.779143558938	8.559386847993217	33.78925244540531	1.0147967241787654	9.760056203273619	8.559386847993217	0.12296782280103197	417.00000000000006	9.999999999999998	8.515249635268965	0.2557395269219819	3.401002758717338	9.999999999999998	0.5651317997077409	340.7079481451101	4.052922492802343	10.192602421096304	0.3061156669416517	1.9529082958749604	4.052922492802343	0.9999999999999999	382.62350704041637	1.924484772206724	2.331174501270586	0.0700124470406904	0.4458986453827238	1.924484772206724	2.3323791371348277e-06	403.3341817385014	1.7247373510187265	5.700693762360602	0.17120962841474513	1.4309043165061102	1.7247373510187265	1.949075557602124e-10	0.058065996367372266	True	5	3
0.0	5.0	354.56889324037604	9.999999999999998	324.51660295714487	0.9826229392712778	11.0712124710323	9.999999999999998	0.13752001253758822	421.40719006490343	5.557785263421002	62.430120634148096	0.18903584000812496	1.6142766481060231	5.557785263421002	0.8661002045704975	342.2073602352738	9.999999999999998	81.80650345215832	0.24770673099977336	4.164559230077274	9.999999999999998	0.9999999999999999	382.87514783253465	1.2911162325813401	3.168625769681181	0.009594468630826908	0.38034832937014623	1.2911162325813401	1.823609159047945e-16	395.00000000001666	19.999999861203502	5.232121941699165e-14	1.5842650250030865e-16	5.018344975042437e-15	19.999999861203502	0.9999999992492175	0.03472147456535345	True	5	8
0.5	5.0	352.29929925483026	9.999999999999998	1752.9745388404335	1.0205335391818717	12.988874433976724	9.999999999999998	0.5076784356524068	418.95638699373177	8.306125081961625	420.7711766703706	0.24496140052164303	2.3081990659474023	8.306125081961625	0.18911363892388183	341.9597612529432	9.999999999999998	482.46647125659297	0.28087870333460585	4.731066860005169	9.999999999999998	0.9999999999999999	379.79815870636884	14.806215225407994	1.6684083759740133e-31	9.713014462033928e-35	2.330145150265544e-33	14.806215225407994	0.9999931715716259	409.9928709156551	0.7797808973949718	7.019716168992844	0.004086685589131979	0.007339712992012111	0.7797808973949718	3.553171813199937e-11	0.044779865319975125	True	5	4
1.0	5.0	353.6772319948725	5.892141024185712	1142.1948073527662	0.4592212233884395	3.3623248282258498	5.892141024185712	2.2849576425362607e-21	418.80629825248917	7.246039567438623	883.6296900859205	0.35526471026783324	2.867859161568072	7.246039567438623	0.12497747951120759	348.4432870380008	9.999999999999998	2076.3913487618725	0.8348164159680898	13.562895799925222	9.999999999999998	0.9999999999999999	384.29675859595403	6.434911732128566e-09	24.5042204580675	0.009851960475126155	0.9432134396464511	6.434911732128566e-09	0.1381930196595095	409.99999995076763	6.223390185813053	50.208726327471936	0.02018649759257389	0.1354199041580278	6.223390185813053	0.002688438133171353	0.041057191863869504	True	5	4
1.5	5.0	351.94428731414797	7.906935835620136	1119.2046401779655	0.8263994509893582	6.9914664882444875	7.906935835620136	8.404555293441778e-21	418.34990924697973	6.832996960389404	515.3347349070617	0.38051338130194307	2.8591263277111194	6.832996960389404	2.2313973387435844e-32	345.7411429787739	9.999999999999998	710.6779355399226	0.5247510907987791	8.408991619867562	9.999999999999998	0.9999999999999999	381.52872011881595	5.010354085185145	324.35407531794147	0.23949688926082863	1.2799397811971562	5.010354085185145	1.2655099708655314e-19	405.93137240873784	7.43742144462623	154.8205033252818	0.11431651938966637	0.9878877408609211	7.43742144462623	6.175253155952333e-14	0.026774492157824584	True	5	6
2.0	5.0	350.56643719116016	9.999999999999998	464.8013469858529	0.9447222541538739	10.463997941626987	9.999999999999998	1.8364294487801873e-32	417.32500433005816	7.339330387793403	192.4928845781059	0.3912473855906117	3.3129469218248766	7.339330387793403	0.043463124766975655	340.18589346351166	9.999999999999998	126.79912114302505	0.25772290103671924	4.078151388003989	9.999999999999998	0.9999999999999999	382.3075142701027	5.286973745239853	298.31612506076965	0.6063361992073513	4.401787602458495	5.286973745239853	0.4604183488760442	404.198712258933	7.067031075790568	167.0847008484383	0.3396045132910657	2.578746520948688	7.067031075790568	2.7815799979673858e-33	0.031888149473344674	True	5	5
2.5	5.0	351.99412403254524	8.049716470382682	154.46685312780517	0.5711545465898363	4.911796683141331	8.049716470382682	5.821036348350358e-32	417.03296426875823	7.250115618186942	105.32818724371414	0.38946008033540974	3.118986254094047	7.250115618186942	3.6810876522667395e-27	346.099351049369	9.999999999999998	165.52487367085632	0.6120425337635104	9.040894601360721	9.999999999999998	0.8563502175818796	382.68056169645945	5.133004510636938	265.62274321583334	0.9821630621286906	6.3900028639304125	5.133004510636938	8.485910913168137e-21	404.4571124047816	5.5676386868507155	196.9172276575873	0.72811847720779	5.9008973920595045	5.5676386868507155	0.8273398568362976	0.027416111811623282	True	5	4
3.0	5.0	352.3511955498194	8.001549463929445	75.73126322568794	0.1339485383888015	1.1411068299617657	8.001549463929445	3.3528126724037346e-14	417.00000000000006	8.037628103372818	97.91838337456032	0.17319167508574898	1.523547686280465	8.037628103372818	3.751578140001798e-15	347.0603855949905	9.117941367825885	157.05743006863702	0.2777929788137933	4.049716826308987	9.117941367825885	0.9999999999999999	381.95773101149615	5.056136162403275	560.6397299971669	0.9916231315462868	6.32461727541296	5.056136162403275	0.380932591457776	405.1092200650642	7.140991116499295	287.58402598465386	0.5086599417972612	4.389714724038725	7.140991116499295	0.32838513274598813	0.013322233594209035	True	5	4
3.5	5.0	353.38525121679425	7.529716720880411	50.94529411438442	0.06320754886989803	0.5375045533048814	7.529716720880411	1.7479348442340113e-30	417.00000000000006	5.266868675146803	98.3685039204129	0.12204526692589462	0.7546527290498966	5.266868675146803	0.09649520236621006	346.769284021298	9.999999999999998	124.03303529584106	0.15388711118913895	1.642680003534269	9.999999999999998	4.983984319365098e-19	381.4272673344235	4.937496646012146	804.4735557494176	0.9981059580381297	6.304581218800301	4.937496646012146	0.5205558774786256	405.65020427270105	7.74245813590752	377.6531153571094	0.46855216285941276	4.168042310133416	7.74245813590752	0.07722685537369292	0.00964989275724953	True	5	4
4.0	5.0	355.11852274807546	5.672310896552885	42.745845229111076	0.04520676384892463	0.2731111018542872	5.672310896552885	1.8387765280491324e-34	417.00000000000006	8.447610680213762	60.360654376566764	0.06383567417002875	0.5886476732983771	8.447610680213762	8.896906626189447e-38	347.23244148293276	9.999999999999998	111.9708354113166	0.11841710199612447	1.4593254483432276	9.999999999999998	0.37131742496145537	380.946492400121	5.291621107223143	940.1352741613687	0.9942597484565128	7.057925373021757	5.291621107223143	0.5815258217280069	405.55358849262876	7.289310502074227	449.8365829855225	0.47573409927064847	4.129149560845009	7.289310502074227	0.1895914664829868	0.010698952391194526	True	5	4
4.5	5.0	352.63234699336215	9.080391305385762	73.41323319588001	0.09272686309190645	0.9858786452311731	9.080391305385762	0.26949292517348766	417.00000000000006	8.591333103537423	61.54829888259192	0.0777404894945579	0.7284561682287162	8.591333103537423	1.18469154306896e-27	345.96399630441226	9.999999999999998	82.28218202801025	0.10392906422547835	1.648012359897142	9.999999999999998	0.9999999999999999	381.5614701345893	5.089409528886208	786.2990321180906	0.9931594009212572	6.648888911918069	5.089409528886208	0.5825249144619388	405.17893600197544	6.106428174767715	425.49724249038553	0.5374375004723799	4.420630366457102	6.106428174767715	0.5786570121246676	0.009435751331533767	True	5	4
5.0	5.0	352.0859840211525	9.359680281606135	95.29952635984344	0.2058419907745984	2.053394807981431	9.359680281606135	4.703924809929823e-18	417.0000000000001	8.123433132516553	56.622981667976646	0.12230267783409632	1.0867335986028959	8.123433132516553	3.782785059980169e-16	344.01221612787236	9.999999999999817	51.766198834013124	0.11181228102427329	1.322159490776151	9.999999999999817	0.29010596225786794	382.0073147367833	4.69922097250799	461.6021404945697	0.9970364720013514	6.487814321503984	4.69922097250799	0.5789835194677792	404.83450742990993	6.601899696176403	250.27340627007646	0.5405774629986002	4.337103463746417	6.601899696176403	0.3750766556025261	0.01067236697657136	True	5	4
5.5	5.0	354.6304200960663	6.0289306479743905	170.44776898144218	0.31105961726243275	2.046133415091664	6.0289306479743905	1.423522698984162e-37	417.09741599000904	7.06659987484053	178.1470224143901	0.32511041323571416	2.6138633566005054	7.06659987484053	0.06326420645924821	348.3661726506208	9.832657433912086	245.0620602751062	0.4472273889546617	7.194955267016693	9.832657433912086	0.9999999999999999	381.5180230238203	4.827371505502228	540.6091718218701	0.9865877569437742	5.536486723817286	4.827371505502228	0.2558161673273801	404.7317214372616	6.8696169192452325	287.9121596104519	0.5254269193947525	4.0803337223146166	6.8696169192452325	0.17835943327197304	0.019492715639693032	True	5	2
6.0	5.0	354.68374142136344	6.013975246014007	466.49854086576363	0.7060346393142487	4.612817110229536	6.013975246014007	2.0088265639120328e-19	417.07565090297925	8.146918181420258	355.6823625732472	0.5383169432937286	5.136877132168633	8.146918181420258	0.18505877846276425	348.4311219546001	9.999999999999998	533.7331955352846	0.8077927178516753	12.505744108301904	9.999999999999998	0.897416872467169	381.1483724850271	4.629394605010438	502.86167653377976	0.7610693953245371	3.779473876246173	4.629394605010438	5.563789729458864e-20	404.1883740499035	6.720586831801162	213.15184483468823	0.32260033570036506	2.333078955050178	6.720586831801162	3.4917921553577858e-15	0.024807943807549786	True	5	4
6.5	5.0	354.4952667624961	5.8844471506114004	1180.2125429161829	0.6574532679541598	4.2848449903861745	5.8844471506114004	4.757263313435305e-19	418.625991669593	7.011771347029377	792.7462282753671	0.4416099469254573	3.684329698144884	7.011771347029377	0.28985824196730137	348.7122973484519	9.999999999999998	1435.6368669625322	0.7997408224859208	12.779096155382533	9.999999999999998	0.9999999999999999	381.27634665429554	4.040270306312497	198.75569644722606	0.11071953347560208	0.4772692156498177	4.040270306312497	7.410482695171946e-21	406.52834108629946	10.493431966609762	82.42788237901686	0.04591756032919438	0.5254357255579225	10.493431966609762	5.335625569545197e-11	0.032071812737659626	True	5	4
7.0	5.0	354.3514349388909	5.634700207468577	1499.8311089029678	0.5824294976898116	3.719672141171889	5.634700207468577	1.4747860639218748e-26	418.82290556256	6.1074297434333715	1034.3937381054177	0.40168617767829046	2.901350155855798	6.1074297434333715	0.29375045244635684	349.00595877750015	9.625021923529298	2187.156295450349	0.849338525495719	12.914237884209824	9.625021923529298	0.9999999999999999	389.99992015116015	19.99736832986284	7.133962393005837e-22	2.7703320116726604e-25	8.703053483359967e-24	19.99736832986284	0.9999937872139119	409.9999999999712	7.366769108158469	19.595613034257994	0.0076095654962209346	0.06017225099316278	7.366769108158469	2.7692396263340106e-06	0.03149946804893067	True	5	5
7.5	5.0	354.0926874237309	5.791219767934132	1318.4412367396105	0.5602717590711657	3.821738162371062	5.791219767934132	3.3631773893319453e-16	418.6128217971423	6.136509206173166	837.8106669156051	0.35602774173097135	2.570071081606125	6.136509206173166	0.2440112496697409	348.7122637847431	9.999999999999998	1875.9578834237045	0.7971885238422645	12.738334941337822	9.999999999999998	0.9999999999999999	389.5880207477751	19.999286440776846	7.540086639323346e-15	3.204160706782425e-18	1.0092748006909485e-16	19.999286440776846	0.9999970992923742	409.9999999950654	6.447767300477167	36.93970875272106	0.015697533591746294	0.10891994785455118	6.447767300477167	1.2806650268191336e-06	0.03344651460575423	True	5	5
8.0	5.0	353.7707352690785	6.28803463744434	479.1154584657128	0.5021151147769558	3.8778692736286806	6.28803463744434	5.173100825870094e-36	418.2117820151157	6.586973298481238	197.14114768908118	0.20660479274902732	1.5217918968371704	6.586973298481238	9.247232324458145e-12	348.5268861326869	9.999999999999998	751.26368292689	0.7873276549844179	12.718245137145143	9.999999999999998	0.9999999999999999	389.87738280229604	4.760478368812388	8.328540185799403e-38	8.728346868015796e-41	4.8400061363511e-40	4.760478368812388	0.24775882248007017	409.9999999878878	6.603644310920259	5.421731738216073	0.005681998787394682	0.0403580736229008	6.603644310920259	1.0428480487517236e-07	0.03708923019692295	True	5	5
8.5	5.0	350.59005396698575	9.480072275472356	114.52090701854635	0.9276731503268971	10.241507842961546	9.480072275472356	0.12828490011044796	417.08143926291467	6.883505258251454	17.2703150362333	0.13989766562192818	1.2122770272233876	6.883505258251454	0.34272401282267767	341.2011941994246	9.999999999999998	36.110318219594184	0.29251054269638893	4.657848886814572	9.999999999999998	0.9999999999999999	378.4766959986729	0.003832016542267032	1.1966196999910845	0.009693181758106253	0.014039105656720235	0.003832016542267032	0.07056984001582733	409.9999999995556	6.568040402951636	1.0825978985799058e-39	8.769551597685624e-42	6.230038247289568e-41	6.568040402951636	0.01681485897015156	0.0245651624354937	True	5	4
9.0	5.0	351.5029288318368	4.09991170284729	14.720219805420559	0.7811029554379276	3.7709132759723927	4.09991170284729	1.26261953754604e-23	417.2060393614633	9.999999999999998	3.0698426982462146	0.16289588307959055	2.6633206261579034	9.999999999999998	0.9999999999999999	345.50872295674026	6.6401193189988215	18.576736417088807	0.985742326513098	8.71370037822188	6.6401193189988215	0.45859280154344845	376.8175298769399	3.7885262797301316	3.300152722754717	0.17511688542796092	1.0702119303727298	3.7885262797301316	0.31023318116970433	407.47725371193286	0.5973471793747835	1.2728456844913065	0.06754135054467458	0.043259356948918894	0.5973471793747835	9.415433810486696e-09	0.05701372061918448	True	5	3
0.0	5.5	355.99999999999994	7.134932938860446	165.26076629827398	0.7686668493966413	6.5450177857767375	7.134932938860446	0.22996648269000694	421.9999999999983	9.849792472070318	35.736515507568434	0.166218972590494	2.0098644442697484	9.849792472070318	0.41224704760936765	349.34604301990714	9.999999999999998	116.27019825257223	0.5408001485859079	8.495050149573332	9.999999999999998	0.9999999999999999	389.98768063213953	0.8527429194768964	6.070596148242514	0.028235776220515412	0.02702240859421431	0.8527429194768964	1.9105861339034716e-11	409.99996988983474	19.999948109401785	3.162423181169398e-13	1.4709177002973712e-15	4.628566736302079e-14	19.999948109401785	0.9999999999999999	0.038479698706999015	True	5	7
0.5	5.5	352.7677507878309	9.999999953975417	959.077111752254	1.0065294946889234	12.411185888483395	9.999999953975417	0.40444789927648167	419.9809011164909	8.496820314409499	167.722854134928	0.17602129959266682	1.6414028501219333	8.496820314409499	0.0001313413018540482	342.02978374397037	9.999995430450184	261.5259542971865	0.27446550793590757	4.656359648854109	9.999995430450184	0.9999999999999999	370.0046699660059	12.727493622765673	2.5372785069995943e-13	2.662815765532594e-16	4.511444379804931e-15	12.727493622765673	0.6184089980780088	409.9804906953173	8.022138374393753	0.39455224376847203	0.0004140735564245705	0.0035756495769772973	8.022138374393753	0.010582257957507073	0.0463116989661469	True	5	4
1.0	5.5	351.52440565156445	9.999999999999998	2194.678404124605	0.9680115841937473	11.618154818643468	9.999999999999998	0.3020321015380944	418.7759200745184	7.5118064959110455	704.6757478683132	0.31081286704919464	2.5309042010699936	7.5118064959110455	0.040953787517095705	341.87023338993015	9.999999999999998	645.2123355840203	0.2845852102687271	4.751884061502918	9.999999999999998	0.9999999999999999	370.00000102544107	18.390513174516315	1.9030482858499815e-09	8.393816526925849e-13	2.103747268528029e-11	18.390513174516315	0.6777352846456487	409.9999999999981	4.074413784815662	27.193087611557992	0.011994114385284254	0.05345922284991326	4.074413784815662	7.36438633208357e-06	0.03778667100276434	True	5	5
1.5	5.5	352.86859968627687	6.5560323352071785	1126.4426378175635	0.6214932881811032	4.433494296706872	6.5560323352071785	4.142694354396981e-34	418.4184265214931	6.764968241271941	754.4166806833468	0.4162350463268801	3.2393058770089924	6.764968241271941	0.14872638985882383	347.5247182200089	9.999999999999998	1332.7095495451904	0.7352971312786387	12.082477077083936	9.999999999999998	0.9999999999999999	382.0491587952624	4.338516553136672	171.07519029078915	0.09438748052543995	0.4644788089449871	4.338516553136672	4.939306688636845e-32	408.65444485532004	8.318529747510226	80.51842054456202	0.044424506196198685	0.414648175797958	8.318529747510226	1.380655757667802e-21	0.03572681950985927	True	5	5
2.0	5.5	351.07813416627425	9.75908853115303	764.6363554158817	0.9373589534811086	10.159376680032487	9.75908853115303	9.213481869690197e-22	418.15294882575574	7.686644537677411	317.6376925638731	0.38938841055482737	3.320019961281311	7.686644537677411	2.396615954600669e-27	342.3828359437782	9.999999999999998	205.3220234519423	0.25170191773690653	4.16301008397819	9.999999999999998	0.9999999999999999	381.5293966608366	4.710889624197305	485.9281887424517	0.595693802995879	3.0618690110396845	4.710889624197305	0.06846319765327305	405.167067951374	7.626025073741413	203.8463004759544	0.24989284583677737	2.0588463273483746	7.626025073741413	4.6198108906242406e-14	0.0219483281251324	True	5	5
2.5	5.5	353.21135423340604	6.556185037902509	400.9675825627488	0.6338293375383971	4.675057163317133	6.556185037902509	2.532690326895049e-40	417.1771243410739	7.020034285470445	406.2947842094691	0.6422503093014842	5.066742718431268	7.020034285470445	4.9777193090636875e-29	347.4135336454929	8.519749548509589	527.2855178717917	0.8335063606643733	11.723938391092481	8.519749548509589	0.9999999999999999	381.4220910805014	4.65790274215556	525.9095430144777	0.83133128898724	4.122352199106315	4.65790274215556	3.4199307973717797e-22	404.6565510577355	7.251416127241345	217.99398623401137	0.3445939020779442	2.660195721622594	7.251416127241345	4.9781570852092725e-23	0.022750907461560957	True	5	5
3.0	5.5	354.2127425067012	4.204995673204339	284.2660995771479	0.4394419652342232	2.291229122893749	4.204995673204339	2.351970205576505e-20	417.00000000000006	5.5863577925200785	527.9386119562458	0.8161310177547845	6.633155542854798	5.5863577925200785	0.6673100607633106	347.55827041912016	9.999999999999998	662.4458953057162	1.0240634621135472	16.874592151139336	9.999999999999998	0.9999999999999999	381.640218485864	4.723554545160067	438.31144725372064	0.6775779597086913	3.432970013300913	4.723554545160067	2.743567603936147e-29	403.70244233497675	6.609396773011839	200.49854639901534	0.30994717761720514	2.8725090710364998	6.609396773011839	0.5957189416533776	0.048461552720762725	True	5	5
3.5	5.5	353.9060075760349	4.197584691903314	206.73447321601765	0.35932754122913585	2.0888755960598395	4.197584691903314	1.2781192429106931e-33	417.00000000000006	4.116947908452704	528.1416056018973	0.9179689367212611	6.84356753833299	4.116947908452704	0.9999999999999999	347.31835366388725	9.999999999999998	600.2210401928927	1.0432510224898284	16.880282979747413	9.999999999999998	0.9999999999999999	381.8002511378356	4.670332588667482	439.16192303675393	0.763312337567266	3.8757622846434763	4.670332588667482	1.9243368282388203e-43	404.16769963219355	7.113594442496014	198.7422932457619	0.34543624224499414	2.6585605153925393	7.113594442496014	0.017041361522196135	0.04748214265193216	True	5	6
4.0	5.5	353.96695749085416	4.658152271363882	239.10913959951452	0.46620478936413456	2.806646852247485	4.658152271363882	3.1884918149854017e-38	417.00000000000006	5.250425720441706	489.1715711315431	0.9537658395838535	7.016625856952104	5.250425720441706	0.5582937253199388	347.2823757623011	9.999999999999998	517.9674720319142	1.0099108574459614	16.302050218995372	9.999999999999998	0.9999999999999999	381.66627531997193	5.050747064931101	467.37633681842254	0.9112704224738714	4.967421156181782	5.050747064931101	0.01739380797128581	404.9904938441107	8.784633283023826	213.35895282619032	0.4159981748413616	3.910332677018455	8.784633283023826	5.242748335212105e-32	0.05039685566377297	True	5	5
4.5	5.5	354.1102050975777	4.4415059404189465	234.7853337283209	0.5045912207489235	2.818329096530324	4.4415059404189465	1.0185857391339386e-38	417.00000000000006	4.502512648662297	459.09146806269683	0.9866609665373169	7.601041639657877	4.502512648662297	0.9324284554611785	347.3937887718973	9.999999999999998	449.19647678799345	0.9653950482309374	14.870952975547235	9.999999999999998	0.8859815898600235	381.80087785875014	4.944138489418968	440.00381796347466	0.9456385546521701	5.071774847589297	4.944138489418968	5.981511452379832e-52	404.62177112217375	6.553497291187805	216.42219086623328	0.46512589075395205	3.244741902928722	6.553497291187805	9.814121495024421e-34	0.037681116793513464	True	5	5
5.0	5.5	354.3426717089987	5.778731413180496	205.12419294859288	0.34706670785924887	2.2689903063347865	5.778731413180496	3.2307502716719614e-30	417.00000000000006	4.673634950591263	294.63317947159396	0.49851441780412775	4.093725767543124	4.673634950591263	0.9999999999999999	347.4677216024211	9.999999999999998	310.64890965418044	0.5256127657295007	7.096293753091559	9.999999999999998	0.5710989156464469	381.34715454254246	4.876603878502866	584.9123837056862	0.9896619822397739	5.477699662484906	4.876603878502866	0.19203298265168928	404.41841374828084	7.003505119049181	260.6956252920435	0.44109264306084633	3.3447916853139597	7.003505119049181	0.04597289645481088	0.021381767500004437	True	5	4
5.5	5.5	352.968118700374	9.611712514471975	261.28541154450267	0.7675607630125889	7.963888387030153	9.611712514471975	1.0258391994744793e-13	417.16252624303326	7.261413269070606	123.94376981164677	0.36410136319869046	2.956236453260156	7.261413269070606	5.427789697005623e-23	345.05731623083403	9.999999999999998	128.12767161080998	0.37639213304440183	6.371822574708716	9.999999999999998	0.9999999999999999	382.001425580971	5.425070628119444	336.8066449153376	0.9894144637879831	5.91673383634031	5.425070628119444	1.1867614679700748e-20	404.3567424715766	7.081754988591322	210.11769753129965	0.6172487751468034	5.000802805886921	7.081754988591322	0.2048928573376965	0.02247027117625083	True	5	5
6.0	5.5	354.0874136306452	7.713056500405003	486.2667139268776	0.7865548500568417	6.840801271425362	7.713056500405003	2.670860970856172e-35	417.16560909370673	8.781435955697596	188.42358591126475	0.30478229563928916	3.090866354809885	8.781435955697596	0.14029147085068244	347.2167997251198	9.999999999999998	359.0272824570957	0.5807402444614405	9.336139755791239	9.999999999999998	0.9999999999999999	382.0713041490818	4.734311457231801	383.52274823103727	0.6203625892715613	3.3096564937176423	4.734311457231801	1.0750079029054668e-37	404.5348887684035	7.73504320626147	169.31402806596915	0.27387186114897105	2.2555581440372787	7.73504320626147	8.653190129774519e-24	0.026612321999112506	True	5	5
6.5	5.5	354.3920996965488	6.267766855286968	992.3608731008931	0.6168804171721788	4.30936544868341	6.267766855286968	2.662086521643101e-34	418.8592973463987	6.66634344089097	582.1197905435856	0.36186261366050354	3.018965606155305	6.66634344089097	0.4534556223815787	348.97850757244424	9.999999999999998	1215.7410141504472	0.7557400178817879	11.943595095072073	9.999999999999998	0.9999999999999999	381.31891060167624	4.116063435694495	354.672548170363	0.22047478433040638	0.966849558423815	4.116063435694495	1.662946613611513e-46	405.62732482668764	6.826468330133813	139.2604076014701	0.08656832475500914	0.6690558260357091	6.826468330133813	2.950159175893947e-30	0.030443005626025713	True	5	5
7.0	5.5	354.07831359800326	5.974957767974078	1285.5952594030816	0.547841798930718	3.841492211764534	5.974957767974078	8.927069434958148e-23	418.6632679037255	6.1201738517132025	952.906033575831	0.4060700689644026	3.045679764063123	6.1201738517132025	0.36670792715191275	348.6248658739125	9.999999999999998	1900.4784325084574	0.8098672701841552	13.00324275243241	9.999999999999998	0.9999999999999999	381.5820746659642	0.2645956090050746	9.392376831052724	0.004002454568592809	0.004674714941730579	0.2645956090050746	0.0033118461252855816	409.99999999999994	5.526953856418408	36.065678877288775	0.015368978884509506	0.0917711601353511	5.526953856418408	4.826096540796703e-20	0.03522317192454016	True	5	5
7.5	5.5	351.6721830731941	9.999999999999998	1670.9314643251005	0.9981385492566148	12.027764327409713	9.999999999999998	0.3300385814543912	418.3522620034282	6.400346027190121	442.6117769899405	0.2643961684850266	1.927847422212441	6.400346027190121	0.0920182949866504	341.5794009600304	9.999999999999998	461.69766774373255	0.27579721258228096	4.493304454875709	9.999999999999998	0.9999999999999999	378.5085642584989	0.01683501863379834	6.265236268777655	0.003742567528102364	0.006619573099227817	0.01683501863379834	0.09817355097331515	409.99999999999994	5.365936503230283	29.948651376843344	0.017889963817006978	0.10380609313719201	5.365936503230283	1.2324828724949044e-33	0.04077900277260754	True	5	5
8.0	5.5	353.18733564878073	6.286195229466942	161.93803730746387	0.5599345805508327	3.96697051777176	6.286195229466942	8.287215578006998e-11	417.88824754811185	6.015302037544933	56.15547442456716	0.1941692794377456	1.3887299409161615	6.015302037544933	1.298873301448616e-25	347.64962430493455	9.999999999999998	226.3835313788442	0.78276833407309	13.002102788873161	9.999999999999998	0.9999999999999999	378.52286352689896	12.187725641799128	2.449349191464265e-32	8.469136312558307e-35	1.0987684380034727e-33	12.187725641799128	1.1788027716175264e-06	409.99999999999994	6.500343024707488	6.304946480313747	0.021800669080279198	0.152474174864056	6.500343024707488	7.450110738918338e-19	0.03323748145725147	True	5	6
8.5	5.5	352.86412970182306	3.3626654349078473	26.674246679784428	0.47354294121179225	1.8402263834195118	3.3626654349078473	1.3054311013423793e-16	417.2691351154652	4.918236892025249	10.839431969062487	0.1924304201469753	1.689741220911846	4.918236892025249	0.9118495524029686	348.3851976528371	7.98687106472925	54.569717057919135	0.9687660396530148	12.891733938797403	7.98687106472925	0.9999999999999999	385.5992727593774	1.6665347732833666	2.3611286419520954	0.04191667772708908	0.40433499698197306	1.6665347732833666	2.45156147082284e-30	409.98302650878816	0.7067464626827967	2.093271745537063	0.037161464053206174	0.07487085590268815	0.7067464626827967	8.851536724226287e-06	0.03841309177716758	True	5	3
9.0	5.5	348.1755521431114	4.1794168155637905	11.459387870503654	0.783793318995864	6.824320298259633	4.1794168155637905	0.9999999999999999	417.43268370200536	2.83671851560702	5.541554167250363	0.3790283723901584	2.5598682984309655	2.83671851560702	0.696486066934444	344.54368730510663	4.162290638204604	8.351557690641618	0.5712255484415963	4.615205069382435	4.162290638204604	0.9999999999999994	371.09234770643354	1.9858772628447376	1.581377757208906	0.10816226267193517	0.7968055668117245	1.9858772628447376	3.586269208266692e-06	400.46646119384934	2.814313099210478	3.3152766230677035	0.22675658570490714	1.624210101806519	2.814313099210478	0.8112444792786416	0.08449745962566647	True	5	2
0.0	6.0	355.99999999999994	8.568514467126837	100.07642649467374	0.9066801539279679	8.472444326445403	8.568514467126837	4.170723810542742e-28	421.99999999999994	7.61140410465805	23.762797798776784	0.21528803456127393	2.241616735439235	7.61140410465805	0.6882482185150154	348.0926280789597	9.999999999999998	48.34129948291855	0.437966246312595	7.32796295538533	9.999999999999998	0.9999999999999999	387.204631622558	1.2095044289062846	1.5533645039656836	0.01407329195189444	0.018119458846759185	1.2095044289062846	9.602547466192013e-10	398.64072536733886	11.315348038442483	9.823033065316992e-20	8.899547519490158e-22	1.4484305891291047e-20	11.315348038442483	0.8044982163926845	0.04158370389939265	True	5	6
0.5	6.0	354.0146544951273	9.999999999999998	312.0361179800258	0.9657610280679345	10.688038442799515	9.999999999999998	2.7761782509622494e-21	420.71332011196716	8.431300459714372	61.75039750039538	0.19111930939162278	1.8336176825118609	8.431300459714372	0.011516151290132292	342.9452874895658	9.999999999999998	114.86841857360466	0.35552115803877393	5.661723609386967	9.999999999999998	0.9999999999999999	383.0443420506762	1.7257938367026129	4.0559872566617425	0.012553400703039223	0.09934517912064816	1.7257938367026129	4.709920322007924e-15	401.71991731901085	0.8143440448530491	3.09669061316781	0.009584349175798638	0.008310925056599331	0.8143440448530491	1.3386020798928792e-06	0.04281400966421623	True	5	5
1.0	6.0	351.77974254192	9.999999999999998	1860.4611714797436	0.9961946250799595	12.404786518650534	9.999999999999998	0.4286952113077284	418.78797573381695	7.8055521441991065	463.11148459087997	0.24797570561243945	2.0689305080883935	7.8055521441991065	3.458387195595333e-12	341.2662467943728	9.999999999999998	534.3382738723848	0.2861144992253705	4.570466098462747	9.999999999999998	0.9999999999999999	375.32093750942374	19.91124726876165	2.8372449083761416e-09	1.519219089916152e-12	4.7517029037418166e-11	19.91124726876165	0.998648837371626	409.99998787971344	1.4702181128592413	5.901010481616133	0.003159729971494597	0.006098894701856141	1.4702181128592413	0.000167422744321468	0.041025155866799994	True	5	4
1.5	6.0	353.182595632748	6.5901124842213585	1443.9630930064327	0.6238675759448169	4.607313263263052	6.5901124842213585	5.526861201506376e-23	418.77769467513696	6.959304309910814	907.0072618011649	0.39187457388962355	3.038027610438681	6.959304309910814	0.12069886117427607	347.53384271210354	9.999999999999998	1638.9966953070182	0.708132292463101	11.64485546586991	9.999999999999998	0.9999999999999999	385.6228261342801	13.837598179859718	2.9895121538459503e-33	1.2916256029745582e-36	2.529926258408566e-35	13.837598179859718	0.6938043239423566	409.99999999999994	5.197826289086706	56.954655091662	0.024607389747633948	0.13845367147071844	5.197826289086706	2.0142602913107885e-30	0.03495631961751792	True	5	6
2.0	6.0	352.68147212102724	7.112543071593334	1167.9885769300595	0.7037938484010765	5.374537943612654	7.112543071593334	3.194763064728306e-16	418.67013878429975	6.558578217095416	729.7457762801627	0.43972226988089896	3.2187504667534848	6.558578217095416	0.10859161823889335	347.0938956098725	9.999999999999998	1088.9895130004109	0.6561914520066986	10.477748661919634	9.999999999999998	0.9999999999999999	380.50574527873044	4.863932791575838	233.79425267183578	0.14087719697948553	0.7998154585941846	4.863932791575838	1.0900805367172305e-42	407.9846688273	10.940111869472931	96.58627174878484	0.05819990472463327	0.681340113832292	10.940111869472931	1.6230453726085248e-34	0.028902876995997643	True	5	5
2.5	6.0	352.4403918498481	7.256448381944655	960.5906204108932	0.6797521075499159	5.257241771873207	7.256448381944655	4.245544947554412e-31	417.72612351468484	6.776535666827341	721.4985659564657	0.5105610656424726	4.302781843055265	6.776535666827341	0.12189151206530896	346.5152775658195	9.999999999999998	1029.1722273139028	0.7282831787897533	11.441725921003504	9.999999999999998	0.9999999999999999	381.44315389940175	4.395955618248863	295.82457258779766	0.20933722691940643	0.9799216690888953	4.395955618248863	4.304624388515994e-21	404.9891663030582	8.394584544735652	88.42275812655699	0.0625714585534818	0.5623055640538447	8.394584544735652	1.8132779859731508e-24	0.03643577345358965	True	5	5
3.0	6.0	352.474419840469	7.25222117825041	476.4502546652857	0.5527656085298105	4.2752779623461175	7.25222117825041	3.7322966654557436e-19	417.00000000000006	5.749747228277042	609.2194472044112	0.7068010881822648	5.402681410077092	5.749747228277042	0.45948233306092506	346.2944633059745	9.999999999999998	733.5940007949059	0.851097318749654	13.382137834824938	9.999999999999998	0.9999999999999999	381.49363136198895	4.789879713524751	378.45892836501775	0.4390785350470531	2.2414805254059558	4.789879713524751	1.1754153711909545e-15	403.67574088906974	7.0280680107754305	173.96033413505103	0.20182440667549684	1.5855921070611385	7.0280680107754305	5.297338229713173e-17	0.046384098618433435	True	5	6
3.5	6.0	354.1538667474115	3.927569761399469	225.16989351064245	0.316208323588902	1.608899913449556	3.927569761399469	3.6829557999582745e-30	417.00000000000006	4.647283586807511	595.8126246265917	0.8367056015744562	6.221346899469501	4.647283586807511	0.8089441575918682	347.71419943039143	9.999999999999998	712.0411116423245	0.9999264232371987	16.70905175641367	9.999999999999998	0.9999999999999999	381.7293889638512	4.860794878744066	384.3619016272496	0.5397632457433775	2.8302456869719097	4.860794878744066	1.4522569659111173e-32	403.90874788263056	6.842448778462416	187.7375794805898	0.26364175226378456	2.104601956518569	6.842448778462416	0.18364456018995876	0.05103777446377868	True	5	5
4.0	6.0	354.0656113547826	4.831982347964244	276.10902431371755	0.41381101182133834	2.479326842253078	4.831982347964244	1.016940609665045e-40	417.00000000000006	5.251273015187148	585.1961897233608	0.8770471301520039	6.818650253944606	5.251273015187148	0.6865715315581015	347.51545046878744	9.999999999999998	669.8110587770481	1.0038614009469073	16.483055571706608	9.999999999999998	0.9999999999999999	381.712689070673	4.915147592790178	384.60348742437463	0.5764141852178819	3.051481967558383	4.915147592790178	8.367629510952492e-39	403.5958416152364	6.635393595793377	208.90928980835815	0.313097207921208	2.3592394660089253	6.635393595793377	7.874964304109277e-31	0.04817653350819257	True	5	6
4.5	6.0	354.2186301587145	5.429899749541567	345.08537600906556	0.507613403097274	3.2116410771112713	5.429899749541567	2.3861863114854684e-35	417.00000000000006	5.7311398002818725	553.246341125879	0.8138138486710172	6.5038419587205105	5.7311398002818725	0.5756583519001467	347.3508615811149	9.999999999999998	676.8819062263304	0.995679190721461	16.146481782757682	9.999999999999998	0.9999999999999999	381.6223568160582	4.647233069793097	415.8445444497221	0.6116986665989974	3.046547431790418	4.647233069793097	3.4285578935722383e-45	403.5554742852621	6.6824923421226	189.5245670776101	0.27878669208594886	2.12467447848417	6.6824923421226	1.780269347982562e-34	0.054287958051561426	True	5	6
5.0	6.0	353.8734690927048	5.984435845379988	392.7407617276916	0.5626167728455175	4.106411884248022	5.984435845379988	2.6818714778054784e-38	417.00000000000006	4.642117793618977	526.7837877769292	0.7546387427742687	6.164080605257102	4.642117793618977	0.9999999999999999	347.37017985364776	9.999999999999998	642.0438275513361	0.9197533372733365	14.935530280328628	9.999999999999998	0.9999999999999999	381.74690765866774	4.720904180478418	386.2988879207577	0.5533885322208578	2.8246896768204075	4.720904180478418	3.7718551278448724e-45	403.714254454081	5.814255268788762	181.328532708808	0.2597603402525795	1.782335549861904	5.814255268788762	0.10834774349413095	0.04462665259710141	True	5	6
5.5	6.0	354.26213841372896	6.734626958475488	405.27543362061556	0.6588066874953781	4.983295662057529	6.734626958475488	1.2447131612547575e-43	417.156629253795	6.918866719871645	254.91159254776397	0.41437858789085324	3.515559915780369	6.918866719871645	0.2502599419471359	347.90951461646694	9.999999999999998	479.75828349808444	0.7798843436577938	12.476816251208557	9.999999999999998	0.8716826719310276	381.4208803647309	5.112313000313483	446.75484984601417	0.7262346994983905	3.9524241627001593	5.112313000313483	5.95678579053256e-43	404.4510270645331	6.934959914753908	228.2373315209117	0.371017505301924	2.7428265521455377	6.934959914753908	1.2319828745670098e-35	0.02543198708884195	True	5	4
6.0	6.0	354.3532842213264	6.162005858641618	753.5340318745037	0.5821178322783945	4.023079304530387	6.162005858641618	2.148554411941661e-10	418.9677438942455	7.477488753858828	387.0737335967619	0.2990210305070572	2.6198971497870898	7.477488753858828	0.2817109777586698	349.0193830071553	9.999999999999998	992.0548817309199	0.7663792381318484	12.0971627090581	9.999999999999998	0.9999999999999999	381.31280081266823	5.0154070618555355	379.7973718616568	0.29339991753678296	1.5674837428722923	5.0154070618555355	2.7668896584164014e-29	405.03280059539304	7.988109214827669	165.6355742881341	0.12795629311252346	1.0965315174254693	7.988109214827669	2.2182609333862894e-33	0.033283820143441056	True	5	4
6.5	6.0	354.09193389860525	5.944779868763653	1223.5045253940013	0.5481892179572255	3.8192098527709053	5.944779868763653	6.994721367842874e-19	418.7741155125036	6.542894802063823	933.7660862303277	0.4183723802743952	3.1021551808138192	6.542894802063823	0.16845942563270142	348.5090311445649	9.999999999999998	1832.8467628483975	0.821204019035189	13.28115684344556	9.999999999999998	0.9999999999999999	381.38153479153334	0.0002985323450604685	29.871606752103613	0.013383924950574394	0.04793974925209035	0.0002985323450604685	0.7167305539027188	409.99999999338223	8.090570736064565	55.27657387040373	0.024766579258555143	0.2147752577872397	8.090570736064565	9.164159049141928e-11	0.03747774152689257	True	5	4
7.0	6.0	353.7045766570785	6.329514632993069	988.0236747314174	0.519405843730714	4.0231348823083435	6.329514632993069	2.459271872708578e-22	418.39157739721657	6.3329433179222425	603.5988343835345	0.31731300561505266	2.3436270935226515	6.3329433179222425	0.16884752818583307	348.39313597480157	9.999999999999998	1445.1531135874113	0.7597196215839516	12.388360506401725	9.999999999999998	0.9999999999999999	389.8861029383373	19.990074223759297	2.2434798814671542e-17	1.1794014561878753e-20	3.579244745091599e-19	19.990074223759297	0.9260851197799457	409.99999999999994	6.766676841190523	21.19199077231026	0.011140668112449334	0.08104335473438225	6.766676841190523	1.0706018006574168e-09	0.03567330405326329	True	5	5
7.5	6.0	353.30881231981414	6.851111613932247	267.4258935230223	0.603690928355467	4.683705132518701	6.851111613932247	4.7360955647034996e-33	417.9885555363981	6.191897082303099	84.49153751523477	0.19073237093386303	1.372370944024509	6.191897082303099	2.2465002372951053e-19	347.96032805410977	9.999999999999998	299.3613256481907	0.6757824166294557	11.457904571196034	9.999999999999998	0.9999999999999999	384.8164596652396	1.435575960035848	6.906280754240815e-16	1.5590334148597345e-18	3.430136814495368e-18	1.435575960035848	0.003585626477577644	409.89950166777805	3.512656044052576	9.397739100210946e-28	2.1214586841645565e-30	9.689073400130723e-30	3.512656044052576	0.39465850942058167	0.03297937895794881	True	5	6
8.0	6.0	351.36548942703627	7.962187421341417	75.55097677476645	0.8403549582016571	7.390806442070823	7.962187421341417	4.870332697802685e-38	417.8014703406269	3.8128998733192736	20.51049248923764	0.22813859984726823	1.7396550869804057	3.8128998733192736	0.7454634862189089	344.7798297098348	9.999999999999998	41.98202731334759	0.46696689194774604	7.791071365760545	9.999999999999998	0.9999999999999999	375.59709794654884	1.3790720735456528	2.511232844037412	0.027932490905802868	0.04102577119871395	1.3790720735456528	1.677040348475003e-08	409.99936919277246	19.971244366306294	0.1665004917779855	0.0018519881513348823	0.0581938069814444	19.971244366306294	0.9999999998528138	0.027736794888868432	True	5	4
8.5	6.0	351.6121395513513	4.518135385581439	24.020922866473274	0.7923491988902418	4.077091527467415	4.518135385581439	0.017820175689739474	417.002114576701	0.8752593867947399	7.716661717583025	0.2545402091344212	2.50123203603105	0.8752593867947399	8.894829238565609e-31	345.05828777524056	9.999999999999998	17.995041537570213	0.5935807223373255	10.047529287345105	9.999999999999998	0.9999999999999999	381.3935264430921	0.5665310209131434	3.0628331367611947	0.10102998106015418	0.06093023530884511	0.5665310209131434	0.00016646812678183337	409.99999999999994	19.999999999999467	0.624902663399724	0.020612910148437018	0.6486321686951456	19.999999999999467	0.9999999999999999	0.06012546314281759	True	5	6
9.0	6.0	351.13123442143245	1.8331282129859683	7.156586411380433	0.902618195483533	5.283957104359802	1.8331282129859683	2.5303300964037443e-14	421.99999999999994	9.999999999999998	2.34543459395535	0.29581588471482967	4.646722482186676	9.999999999999998	0.9999999999999999	346.39618780410956	5.439229046687379	5.701283935277543	0.7190694448146604	5.518669565884306	5.439229046687379	0.7610431646289091	375.18364147127136	1.5963310452507147	2.8453494955326666	0.35886721399655175	0.915881272861813	1.5963310452507147	0.5955363184506609	409.99999999999994	2.157723741539532	7.002293476737314	0.8831581341864365	3.4136890155181154	2.157723741539532	0.9999999999999971	0.17555575032791518	True	5	6
0.0	6.5	355.2911181258337	9.394313788982549	61.44712292774287	1.0146065069776138	10.1486937101172	9.394313788982549	1.348391022130798e-41	421.99999999999994	7.688830633555212	15.224196312013458	0.2513798515812926	3.0361254804322515	7.688830633555212	0.9999999999999999	344.0949392082025	5.305969235049575	14.886719026892443	0.245807472711031	2.140555312525038	5.305969235049575	0.9999999999999999	370.0000000001185	4.637337180891182	2.043222200130273	0.03373740609289485	0.1677814962764321	4.637337180891182	2.7000139312551337e-09	396.1873237937605	6.95160521852007	2.145227002162671	0.03542169546160519	0.2632696780705218	6.95160521852007	2.030446823325554e-28	0.04142243110822909	True	5	6
0.5	6.5	355.6603650107131	7.607386878100402	151.50370857770858	0.8686251372750234	7.10599222957936	7.607386878100402	5.17470578980744e-41	421.8994290717231	7.640344798003664	35.92218428388463	0.20595477528395634	1.9384027059725706	7.640344798003664	0.42054473181543556	348.30829589095595	9.999999999999998	76.3495831993871	0.4377395630117023	7.185524532463678	9.999999999999998	0.9999999999999999	370.00003369300254	0.39564851140277735	3.072142401807929	0.017613695008199072	0.020623392208351722	0.39564851140277735	6.466474719850124e-05	408.9718480702406	7.116855480315918e-07	2.7599923878190887e-16	1.582402694464547e-18	1.9171090710972218e-07	7.116855480315918e-07	0.00014952717623667976	0.02695746098543388	True	5	4
1.0	6.5	352.9556592945479	9.999999999999998	1043.5512776797407	0.976419248562086	11.508946721049451	9.999999999999998	0.26254273683551765	419.9397583091325	8.172230150422045	194.30302899350178	0.18180344523654204	1.6876882290252662	8.172230150422045	0.10396961855724993	342.50458218587704	9.999999999999998	322.95883752328774	0.3021827793188236	4.947566914772466	9.999999999999998	0.9999999999999999	370.00056561004874	19.999446111647885	1.352055784929292e-13	1.2650775498737243e-16	3.976552850276984e-15	19.999446111647885	0.9999999999999988	409.9999997013637	1.12689595784017	7.740134540647119	0.007242208901082379	0.012413068145421969	1.12689595784017	1.3482300797741388e-05	0.040124260104755984	True	5	6
1.5	6.5	351.6105198104301	9.999999999999998	2218.6239882858895	0.9781778215299721	11.795912542912555	9.999999999999998	0.3253935869855261	419.09829113764033	7.979656302927809	642.9854490646909	0.28348837349744	2.4079806778911883	7.979656302927809	6.733151509440796e-19	341.426473817327	9.999999999999998	625.3506959563277	0.275713318116341	4.444902778936147	9.999999999999998	0.9999999999999999	389.9999999987918	19.999999997219124	3.507245858697449e-15	1.5463233660793761e-18	4.85845850441164e-17	19.999999997219124	0.9999999999847053	409.9994786383813	0.699792493520576	13.801065151453944	0.006084805679520513	0.01148046368432448	0.699792493520576	0.0056932488014326595	0.039789193761532976	True	5	8
2.0	6.5	352.9021909951987	6.694401229633129	1545.672808178549	0.6456735875033713	4.7107139310845225	6.694401229633129	2.849192551117481e-17	418.79924730423517	7.024826984470503	1098.5361747312813	0.45889129263833317	3.622968262857338	7.024826984470503	0.1493700879220302	347.0848662904188	9.999999999999998	1817.1170719750785	0.7590639445604069	12.114870260494815	9.999999999999998	0.9999999999999999	389.9999999998555	19.999999830724484	8.570717378370264e-15	3.580244025701052e-18	1.1248919381590452e-16	19.999999830724484	0.9999999991594694	409.9999999999895	5.664247850324957	43.859749058611314	0.018321524045598586	0.11203937501901048	5.664247850324957	1.765435887510143e-07	0.03663235205080894	True	5	8
2.5	6.5	352.3070407729019	7.372523356119055	1413.2069211344458	0.7060898249277374	5.5413927261280715	7.372523356119055	1.4381208262619174e-37	418.3845544622849	6.292753997173577	1028.340352919003	0.5137964220949558	3.734709109819732	6.292753997173577	0.13803774117969977	346.35655963677686	9.999999999999998	1390.7598829396572	0.6948744642950699	10.918970797639584	9.999999999999998	0.9999999999999999	382.6673774641604	1.7658092242379382	111.98561845307569	0.055952107611022726	0.44613651251506925	1.7658092242379382	4.661524881963329e-25	409.9997626160119	11.356141329167194	66.15702070105219	0.03305446531994631	0.4009785300425034	11.356141329167194	1.3175387399464217e-23	0.03448741620948795	True	5	6
3.0	6.5	352.7093876864745	7.300504523487407	691.6957381965967	0.6230237620364566	4.887150544731846	7.300504523487407	1.4210795981958024e-21	417.19998736327364	6.437622713646164	676.0474808769168	0.6089290732791717	5.08632003880418	6.437622713646164	0.3603746132227956	346.4135110335858	9.999999999999998	897.6037116366582	0.8084890658713461	12.700437049364126	9.999999999999998	0.9999999999999999	381.3801293813436	4.447887943484627	351.65510969823345	0.31674257521775523	1.4996914764810698	4.447887943484627	4.260675506165312e-28	404.0576829564213	7.438718157513641	143.80167308970172	0.12952495498825595	1.041374529115154	7.438718157513641	1.3834679643232266e-26	0.04286254208709159	True	5	5
3.5	6.5	353.36338556732375	6.893102754146594	430.4736240602094	0.5013402357433913	3.936783613427065	6.893102754146594	7.007663269502608e-35	417.00000000000006	6.205773872637709	642.6096644460716	0.7483991182217344	6.049505994945654	6.205773872637709	0.4295137529853952	346.8676993158053	9.999999999999998	788.9576503937274	0.9188396044088885	14.53326163682872	9.999999999999998	0.9999999999999999	381.63381071304366	4.691816663310584	393.01356417581246	0.4577133229577235	2.3027668352757806	4.691816663310584	3.3373696363306156e-36	404.09412726584804	6.941869624781031	206.48238639048975	0.2404744971213087	1.8043105338821255	6.941869624781031	3.681368672200927e-26	0.04702353244339645	True	5	6
4.0	6.5	353.6479337317429	6.52342962170898	337.7255992914684	0.42425810347151416	3.324969991743876	6.52342962170898	6.809443649182823e-40	417.00000000000006	5.387811465670809	608.4194288911697	0.7643094676806461	6.254914931896074	5.387811465670809	0.7525836689369485	347.26773487477226	9.999999999999998	727.7014558564687	0.9141540949304175	14.742481216919643	9.999999999999998	0.9999999999999999	381.7156030434217	4.789920625768947	370.6495756870557	0.46561790507861023	2.4041771964359184	4.789920625768947	4.1852089660082076e-46	403.8617259545421	6.114925395793485	201.9078893981503	0.25364099852575034	1.8154651781729434	6.114925395793485	0.15626191398470252	0.04595582254277971	True	5	5
4.5	6.5	354.181373114396	5.957257091658004	465.38699719941224	0.5519293986843471	3.795013648048084	5.957257091658004	5.0167031923835185e-34	417.0292112215581	5.8276328410985965	571.1306601020881	0.6773369339867277	5.641076478810529	5.8276328410985965	0.6279251731278223	347.5144362986166	9.999999999999998	795.1078270973732	0.942964430763914	15.481870077323928	9.999999999999998	0.9999999999999999	381.80209787382046	4.806039195324875	360.1643908947341	0.42713981458503836	2.229627224557012	4.806039195324875	8.720570120645545e-25	403.72065497455264	5.882917048707955	186.0194600012168	0.22061125325782568	1.4717445614549474	5.882917048707955	4.3729628129155043e-29	0.05016337064045044	True	5	5
5.0	6.5	353.8058308565206	6.808739933452801	895.0478031785317	0.6496094557840586	5.287864184333629	6.808739933452801	2.2597749320649155e-45	417.7008073060685	7.592775323333572	605.4752881471126	0.4394429783830075	4.026622804810655	7.592775323333572	0.09348960788583323	347.2323356843545	9.999999999999998	1041.7657918123848	0.7560947098807698	12.166602644301443	9.999999999999998	0.9999999999999999	381.5792206636822	4.429128729727181	282.9396138194664	0.20535243804889083	0.9729457078666167	4.429128729727181	7.576557490339169e-47	403.21739883967496	6.270617667603355	120.3580400855985	0.08735368171575318	0.6684347007318863	6.270617667603355	2.0140963225508636e-34	0.03876570120924489	True	5	5
5.5	6.5	353.9093918507041	5.844562590762144	1122.1762669416366	0.500267731751967	3.562307388435517	5.844562590762144	1.1948915159028312e-11	418.32100324391985	6.862487278702022	721.9910940038019	0.3218646282074581	2.4900251888313982	6.862487278702022	0.06724857040177179	348.52488179189567	9.999999999999998	1824.1827434544682	0.8132231898435877	13.138280755898268	9.999999999999998	0.9999999999999999	381.929399786104	4.8554818685019345	115.3551937302064	0.051425504899062745	0.27495502773435965	4.8554818685019345	2.6341749344244097e-41	408.55905625811505	9.46882781486812	69.96878982734756	0.03119218327059643	0.32532386376319006	9.46882781486812	4.334888821615174e-26	0.037070597719211104	True	5	4
6.0	6.5	353.8111313324014	6.3176161911872155	1204.5798886262476	0.5081152558876059	3.906404644663439	6.3176161911872155	4.974062976709603e-16	418.3559641125387	7.199464883593235	665.5893941734321	0.2807585686344164	2.384280219319226	7.199464883593235	0.21553427358436278	348.22556829784503	9.999999999999998	1875.7630191872897	0.7912333714668078	13.078811999522536	9.999999999999998	0.9999999999999999	380.17364751066896	1.783212714470095	25.728472933219873	0.010852770938230902	0.07524958555787509	1.783212714470095	1.6817213663798504e-22	408.67778797260246	4.088065119077432	28.192000679140904	0.011891934917991875	0.0649423032085942	4.088065119077432	1.4743705699446743e-20	0.03615116758129818	True	5	5
6.5	6.5	353.90800564626835	5.899055546600213	937.4562996565255	0.48791763961749146	3.499058704756757	5.899055546600213	3.246794885548714e-11	418.20178838566414	6.654906160714221	671.9174553848193	0.3497127055088003	2.8494696080516353	6.654906160714221	0.25819699095018916	348.25122136338683	9.999999999999998	1662.6587649874555	0.8653635805735618	14.272614825395623	9.999999999999998	0.9999999999999999	385.04283240517	8.648825820770105	3.333485087735707e-32	1.7349781278381012e-35	2.427198694679792e-34	8.648825820770105	0.9999999519436112	409.99999999999994	6.201594735924804	28.069888168788193	0.014609527489078782	0.09758640790746854	6.201594735924804	5.551416709615735e-23	0.039137526574626776	True	5	6
7.0	6.5	351.60449786196284	9.999999999999998	551.4209032430717	0.9762166056434632	11.12672104088372	9.999999999999998	0.16561852060684482	418.30149949393416	6.6171177342579846	112.70596069556905	0.19953075724717984	1.5491223510945793	6.6171177342579846	0.1691819280152084	341.332870663773	9.999999999999998	168.4273951896326	0.29817806880802017	4.780256162559285	9.999999999999998	0.9999999999999999	385.23187918757037	15.3222708796417	3.820543461346121e-39	6.763758768688824e-42	1.155600694765153e-40	15.3222708796417	0.10899353894667738	409.99999999999994	6.724796499376468	5.7507601036288545	0.01018094793871046	0.07361254069415442	6.724796499376468	5.22815721539804e-22	0.0367097627266309	True	5	6
7.5	6.5	350.60665763218196	9.999999999999998	132.9927836330375	0.9688843058878129	10.760801169655501	9.999999999999998	4.9724937959953074e-27	417.83694537360327	7.063183519351048	21.231785867620395	0.1546786491052727	1.3620210520748384	7.063183519351048	0.19904979722548116	340.11961241190676	9.999999999999998	29.499635480364137	0.2149119152600093	3.4089981635989863	9.999999999999998	0.9999999999999999	372.902204066171	0.16040356593356603	3.451304103271675	0.02514357763751218	1.4382820632333462	0.16040356593356603	5.842994520094186e-10	409.99999999999994	19.999999999999996	0.2033690495457148	0.0014815922715916145	0.046621675509381205	19.999999999999996	0.9999999999999999	0.02418965936564345	True	5	7
8.0	6.5	351.1338684615673	6.93680152231964	28.406945657499186	0.8188207055076796	6.526018112699814	6.93680152231964	1.6135651546652444e-37	417.00000000000006	9.999999999999998	3.901026918297091	0.11244579589644202	1.8120430097616536	9.999999999999998	0.9999999999999999	344.86153442944027	8.463717839980001	17.717181304270905	0.510691824108193	7.458478863500126	8.463717839980001	0.9999999999999999	382.50052851598855	0.07345983974472457	1.065562453353102	0.030714481251762005	6.748720908255167	0.07345983974472457	0.4783758728916789	395.00000000000006	5.86676134923192	0.5967236962497771	0.017200360920442852	0.11482821733785335	5.86676134923192	1.810511589217508e-17	0.03229073267960889	True	5	7
8.5	6.5	349.8795763084398	9.999999999999998	7.846984283830943	0.631719175591232	10.026437188461257	9.999999999999998	0.9999999999999999	421.99999999999994	6.064088787379937	5.297358534469249	0.4264623000585823	4.062381164349283	6.064088787379937	0.9999999999999999	348.10959006713233	1.7926432459568602	4.564714831873061	0.3674810329799871	2.756183558378373	1.7926432459568602	1.4506677196161017e-13	388.66704189155587	1.8650009333928461	2.8788049108185443	0.23175734768547696	2.3940434652881453	1.8650009333928461	8.580249846631434e-12	409.99999999999966	2.592477301051199	3.755967655702452	0.3023730780112269	0.8926372003490879	2.592477301051199	7.630728989938606e-15	0.13454651489239491	True	5	7
9.0	6.5	350.14811692451474	1.801299916982089	1.279274212714227	0.1725889798657618	0.5558161735574607	1.801299916982089	7.514188947892741e-05	420.11958290057845	2.208542908882686	5.785347208942323	0.7805106700635392	4.936921696963784	2.208542908882686	0.9502102813837447	349.5196321934467	9.999999999999481	1.2422960557208405	0.1676001961246561	2.6350426714027755	9.999999999999481	0.9999999999999999	370.0000000994311	2.0728351877135176	5.295640833227614	0.7144435806323843	2.3036099286183593	2.0728351877135176	0.871362893228373	395.00000000000006	19.99999999999984	1.3639039344556583	0.18400651427434428	5.8286218425956235	19.99999999999984	0.9999999999999999	0.2418263614823423	True	5	6
0.0	7.0	354.9258201054359	9.999999999999998	29.479129611542653	0.9638910798217194	10.652059360381788	9.999999999999998	0.10768991420989465	421.99999999999994	3.9133443878591434	8.677054515155273	0.2837171774233827	1.7441692503934123	3.9133443878591434	0.9999999999999999	340.00000000000006	9.999999999999998	4.290714517205678	0.14029523611093078	2.2371184026550726	9.999999999999998	0.9999999999999999	384.33170507945516	0.9840345747840096	5.047697766404371	0.16504662501189027	0.17348333412742833	0.9840345747840096	2.37455645104528e-10	401.70840693349095	0.7653479042608994	1.3187735777347838	0.04312047555791498	0.035130847961223954	0.7653479042608994	5.852085899641496e-06	0.05728710138311008	True	5	6
0.5	7.0	354.821730901141	9.999999999999998	81.15048650559706	0.9950336375978824	10.6843548558789	9.999999999999998	0.014644910329662733	421.99999999999994	7.682823260925215	15.805411062427442	0.19379940084638042	1.7882668869517038	7.682823260925215	0.3527374145275615	343.27932048800903	9.999999999999998	23.717550489002203	0.29081477578517767	4.579885565982858	9.999999999999998	0.9999999999999999	372.67021207030183	0.08629342100324809	2.383551073848201	0.02922611554827751	0.0030023991761750457	0.08629342100324809	0.32827025171318125	398.81143922648124	1.3779306140820295	5.705572973236271	0.06995937146658862	0.10261384621272415	1.3779306140820295	2.1395885319246276e-08	0.032951046454568866	True	5	4
1.0	7.0	354.9437937313777	7.454532664185893	233.97333170028568	0.8283811261519259	6.594722458395697	7.454532664185893	2.1569135090581298e-35	421.1363461447052	7.311930186002717	60.996296349192555	0.2159570079788672	1.9049939327463328	7.311930186002717	0.25351954383075176	348.2083478261494	9.999999999999998	163.18347659635353	0.5777500842935115	9.564412728912577	9.999999999999998	0.9999999999999999	389.7235470699714	19.62872406952529	8.499655356339383e-34	3.0092976942376334e-36	7.830954481874232e-35	19.62872406952529	0.608182893838455	398.8114909052791	0.22026980161404022	6.039376488145297	0.021382374906358425	0.005015661639970618	0.22026980161404022	0.0011641151072966515	0.041405169129769395	True	5	4
1.5	7.0	354.18052394665807	6.652976950120289	777.5269005888148	0.5472193127329267	4.136089798537678	6.652976950120289	0.0003352591057079365	419.2400050403479	8.181198009474567	344.8116719113337	0.2426766276288574	2.115352342298596	8.181198009474567	1.6829279462020134e-25	348.390658137406	9.999999999999998	1143.2363223256543	0.8046036659575387	13.122710048844288	9.999999999999998	0.9999999999999999	370.2576588280946	4.830096922275359	1.0296895613070594e-36	7.2469005720575014e-40	4.172315430005645e-39	4.830096922275359	0.24286625207428747	409.65492650022117	5.189008878427928	8.844504798797617	0.006224715612792174	0.03642913604992713	5.189008878427928	1.5195436537620216e-09	0.04330048631390604	True	5	4
2.0	7.0	351.25735210100214	9.999999999999998	2188.4323692671614	0.9883766652180368	12.062988734947409	9.999999999999998	0.3083620793226098	418.85245133039047	7.416407552583951	835.6983566304641	0.3774321594097096	3.1182173481309907	7.416407552583951	0.12909270234370343	341.3190727760139	9.999999999999998	672.4336598016587	0.3036958087389665	4.864971503620893	9.999999999999998	0.9999999999999999	388.90071582126615	0.004233137676233297	5.430871333315032e-07	2.452781531214345e-10	0.41167597238494785	0.004233137676233297	1.2835658213963363e-06	409.99999999999994	5.647021246412318	41.702339934587286	0.018834312750610087	0.11483479294713678	5.647021246412318	7.314719080660193e-14	0.04125001984057918	True	5	5
2.5	7.0	353.2991270311184	6.046993913966085	1313.102789920628	0.5287229859739561	3.67922540983489	6.046993913966085	5.733710079133064e-11	418.7150527431032	6.437966195801667	1174.2983598339804	0.4728331551814545	3.5800354791186813	6.437966195801667	0.26560196524047663	347.9538440457516	9.999999999999998	1954.8280470652073	0.7871147103209097	13.354602003409436	9.999999999999998	0.9999999999999999	379.5644706251659	6.3755628718119794	2.3837173712085592e-33	9.59807698146434e-37	8.836441511579645e-36	6.3755628718119794	0.5904203175468137	409.99999999999994	6.749285475236747	53.613890236439325	0.02158772059055909	0.15664534899938104	6.749285475236747	2.0463620236246397e-23	0.03882953333556824	True	5	5
3.0	7.0	352.74715658087047	6.968851314226707	974.9528726948818	0.642574818114338	4.825132661086551	6.968851314226707	9.938039199459625e-40	417.5578326067388	7.001604687144417	713.9522205451756	0.4705537376294479	3.991725301003592	7.001604687144417	0.06976385908018766	346.9384556095941	9.999999999999998	1163.777805375172	0.7670261122954691	12.162851673039798	9.999999999999998	0.9999999999999999	381.4876819509526	4.541224348978022	240.4802363378946	0.15849642424026766	0.7671013395664183	4.541224348978022	1.35820805782222e-35	404.46354381429495	7.83514963642704	107.06629019693158	0.07056556668149958	0.589100610948038	7.83514963642704	1.705697581825886e-23	0.0384399998431616	True	5	5
3.5	7.0	353.82369089144333	5.702135598774166	382.65401817364574	0.39439046758640944	2.812978271779218	5.702135598774166	1.0125977975849356e-39	417.15996742793106	6.226227060257532	604.1386679404799	0.6226683124178058	5.067129799482176	6.226227060257532	0.3819039046245185	347.5431278033475	9.999999999999998	913.1766676750925	0.9411848715775049	15.4892206284451	9.999999999999998	0.9999999999999999	381.7812788197877	4.500875880738696	358.29382231807267	0.36928311583343193	1.8062144752912621	4.500875880738696	2.5213448554195847e-48	403.8871042406064	6.886029170370306	177.42430811342544	0.1828661206068797	1.3819163800825336	6.886029170370306	9.967734670180863e-43	0.04411079418747448	True	5	5
4.0	7.0	354.17002235472955	6.256845067067033	495.0961361286807	0.5793688321576972	4.1593270353829075	6.256845067067033	1.0348991410959215e-37	417.00000000000006	7.003753214511518	598.3789694275396	0.7002319335710866	6.325910262117567	7.003753214511518	0.4332824560798102	347.58974753380016	9.999999999999998	764.4088642132353	0.8945225757833547	14.77973748828684	9.999999999999998	0.9999999999999999	381.6058980292649	4.37978603026337	358.10797642047777	0.419063258516651	1.966623120111272	4.37978603026337	7.076831354682647e-34	403.4740975484798	6.381483109611348	183.47800340300986	0.21470867736806362	1.5922552627236342	6.381483109611348	1.4826456638008027e-30	0.040103136421734804	True	5	6
4.5	7.0	354.0863262140868	6.564501950143427	782.7041658116665	0.6492541720313183	4.913109400208383	6.564501950143427	3.426060401392699e-35	417.3077032304877	7.862102898737473	612.5898796809696	0.5081441398929942	4.797340836547095	7.862102898737473	0.1869253107333793	347.55464119849	9.999999999999998	959.8197894668873	0.7961718231860593	13.115363842189954	9.999999999999998	0.9999999999999999	381.293220084279	4.260513563691331	342.5454550648645	0.284141921719046	1.2905782477960501	4.260513563691331	4.46253697422798e-30	403.16469811111864	5.386061970363149	127.08752728452077	0.1054192770483773	0.7378254495883763	5.386061970363149	5.448919668159003e-26	0.04153950967740563	True	5	5
5.0	7.0	353.5883477436188	6.646203714388792	1457.747621186488	0.6163102812788354	4.850659489372856	6.646203714388792	3.40935076564587e-44	418.69122240704627	6.662348087587538	994.4677616593207	0.42044363304269255	3.1806347006481395	6.662348087587538	0.16353137314561228	347.81384289800155	9.999999999999998	1559.91458250494	0.6595046914445192	11.128924396846129	9.999999999999998	0.9999999999999999	380.6617475052652	0.8123066855495417	42.241728476674105	0.01785906639859487	0.14567784581944704	0.8123066855495417	2.0341785041761186e-26	409.99999999999994	6.6813769895764805	43.12460134601274	0.018232329656601542	0.1309933764209526	6.6813769895764805	3.4495922846699e-26	0.03403590839789132	True	5	6
5.5	7.0	353.946459630533	5.925848791678105	1240.5641001939098	0.4819003435879394	3.4407654242067482	5.925848791678105	2.117984153186369e-10	418.6347522684244	6.241874305199456	944.099151060797	0.3667377648653269	2.8023508329064573	6.241874305199456	0.359979917981018	348.6058020570392	9.999999999999998	2166.3197433586042	0.8415125252154809	13.526535893464628	9.999999999999998	0.9999999999999999	382.4987932580483	0.5271982730959727	3.2570396691353345e-15	1.2652055104532931e-18	4.711537481896831e-15	0.5271982730959727	0.004002132282160525	409.99999999999994	6.034719160324451	29.122441887962346	0.011312688114814229	0.07357996876968553	6.034719160324451	3.3096477828752384e-13	0.042119151186330625	True	5	5
6.0	7.0	351.2148697004413	9.999999999999998	2062.888630315705	1.0061360813917064	12.672149586146375	9.999999999999998	0.38526020999639216	418.13573468647525	7.213361663144242	506.73240190762175	0.24714943195528466	1.9920302876827498	7.213361663144242	3.0103099367827107e-33	340.4761003386095	9.999999999999998	558.6954336418349	0.27249344731218395	4.2836314441969945	9.999999999999998	0.9999999999999999	381.4126763339156	3.9482369008602115e-07	1.8241840009659747	0.0008897122779664861	8.683290057520946	3.9482369008602115e-07	0.6586529679886761	409.99999999999994	4.154453795978124	32.978157786328595	0.016084491406390698	0.07302256678900743	4.154453795978124	4.789377162030054e-33	0.040168904864271	True	5	6
6.5	7.0	351.28240902622775	9.999999999999998	685.3725330224813	0.9830940945032762	12.389743895652392	9.999999999999998	0.39831969267456396	417.8837586494346	8.080075508088267	127.77832139300371	0.1832844287077421	1.7255393275749935	8.080075508088267	0.0833976962383822	341.6707738919903	9.999999999999998	201.41661920497566	0.2889107446456884	4.740451239330889	9.999999999999998	0.9999999999999999	381.37158249239985	1.7636771463737814e-05	1.9227895483378317	0.0027580373575921222	3.259717311374119	1.7636771463737814e-05	0.13287368885036718	409.86323501607296	16.87134974515596	2.192020620986892e-17	3.144220732071461e-20	8.267521851395753e-19	16.87134974515596	0.9748218957409297	0.044339981295237633	True	5	4
7.0	7.0	353.0006084078463	6.744891913001135	85.89358486516336	0.511808756957978	3.7910812943427565	6.744891913001135	7.006530574791861e-22	417.80893764125784	6.4220297962084105	28.17485476565586	0.16788375310820672	1.4139640163679987	6.4220297962084105	0.2698435462876471	347.6147812873881	9.999999999999998	129.51208367669224	0.7717155904211126	12.77860563929873	9.999999999999998	0.9999999999999999	370.37650196700037	16.204563686971394	8.658135617065068e-31	5.159069370198e-33	8.945911893502326e-32	16.204563686971394	0.0038372924886450705	401.77417839577964	0.6589686208672333	1.8350416086520738	0.010934348195674182	0.007868282897518893	0.6589686208672333	1.5645826466779697e-18	0.034585993768254226	True	5	5
7.5	7.0	350.63336547052165	7.6439909903333	43.45357481029443	0.9045276665575234	9.214444162637518	7.6439909903333	0.4056023177118665	417.00000000000006	2.8347041546575253	7.5948916487400355	0.15809492431367347	0.9308613084658999	2.8347041546575253	0.999999999999999	342.16298978013987	9.999999999999998	14.732548533214935	0.30667207025824156	5.178961890021994	9.999999999999998	0.9999999999999999	370.0000000001139	6.319614746742148	1.374254603795235	0.028606422266836167	0.19320858204424063	6.319614746742148	1.1138889349932841e-07	409.9999999999999	1.6662054682172243	1.7555408319985686	0.036543259311727014	0.1103205470874697	1.6662054682172243	0.8703314626031468	0.0357404886996136	True	5	6
8.0	7.0	348.4080401312927	7.646559505520584	16.397432738693603	1.0042602038133621	12.824608071094236	7.646559505520584	0.9999999999999999	421.99999999999994	2.5996079944429575	3.017501712272996	0.18480678852998783	0.7547881649156456	2.5996079944429575	0.9999999999999999	340.00000000000006	4.013022540146326	6.297804708264047	0.38570883263777866	2.6599557267481186	4.013022540146326	0.9999999999999999	378.5182374634372	1.0310949567107281	1.699140104289815	0.10406377721647515	0.11455899034989854	1.0310949567107281	1.211863457043207e-07	409.99999999999994	11.31491789755161	3.2931200043495603	0.20168702134364924	2.4378046516645817	11.31491789755161	3.4381308628844094e-19	0.09838495023224166	True	5	7
8.5	7.0	348.26638674858754	7.810443702842031	6.890568088727234	0.7859120508069589	10.41089218762569	7.810443702842031	0.9999999999999999	417.00034100111054	9.999899082366573	5.569350181410192e-34	6.352189494934195e-35	1.0076089074687525e-33	9.999899082366573	0.9672959965628285	344.9151707920973	1.7978540177269355	3.840261470360422	0.4380056519205495	4.3135664303021874	1.7978540177269355	3.795649233645318e-24	382.8892819954911	2.9028441274617878	1.9030835458409627	0.21705848822765425	1.5119105327753617	2.9028441274617878	0.4506249275928438	409.99997124728105	19.9999999999998	1.4678575491836412	0.16741826245918084	5.268198186613241	19.9999999999998	0.9999999999999999	0.17114101501229978	True	5	7
9.0	7.0	345.4841345509381	9.999999999999998	1.3627424581697378	0.2053227206768125	3.345845094395185	9.999999999999998	0.9999999999999999	420.17932677963233	1.6568819839632543	3.605519362774371	0.5432391429353652	3.1771877396338923	1.6568819839632543	1.2912365086027849e-21	347.7291968394381	1.8627931436803615	4.9382513678271	0.7440402257591942	5.44100766942575	1.8627931436803615	6.726206724312825e-22	389.99999999999994	19.999999999999996	1.1848143564969507	0.17851451366652885	5.608822683755536	19.999999999999996	0.9999999999999999	407.53142314793433	19.999999999999996	1.4911360129168816	0.22466761876816357	7.058180752721111	19.999999999999996	0.9999999999999999	0.31246370818685054	True	5	9
0.0	7.5	355.99999999999994	6.548585748658316	8.34888698089531	0.9169443592081852	6.662360081687955	6.548585748658316	1.5746939224251158e-36	421.99999999999994	9.999999999999998	3.3730113465109	0.3704522213327058	5.570044575425494	9.999999999999998	0.9059910086883792	349.2130601663888	6.31726212547645	8.956440680453452	0.983670970671569	6.784628598240628	6.31726212547645	0.07245835503264854	371.123882577182	2.522067808433723	3.5936379548704838	0.3946832744646359	2.9188224722909366	2.522067808433723	0.6157795660856296	409.17427401093437	1.067845861602452	4.420498763497539	0.4854960206493485	10.417541389489967	1.067845861602452	0.3372608985300245	0.1387582828922064	True	5	4
0.5	7.5	355.014503294733	8.803751244325268	35.870847856863335	0.9008168600087468	8.452137587520586	8.803751244325268	1.4478079767796224e-34	421.99999999999994	9.999999999999998	6.412271422914205	0.16102998824456807	1.9967464486810633	9.999999999999998	0.4391008874199971	349.429416697455	9.999999999999998	8.615635844855184	0.2163626034073874	3.399109741589509	9.999999999999998	0.9999999999999999	381.4167810591451	0.8377502742568624	1.6236961469522968	0.04077553088631588	0.03644613190641446	0.8377502742568624	3.6820201946943365e-08	395.00000000000006	7.570417386684556	1.352456835920105	0.03396395661157499	0.2848884426229763	7.570417386684556	1.2148324209989293e-21	0.047371378580316904	True	5	7
1.0	7.5	355.6212056224852	7.127347300387507	107.7526854206831	0.8222713226658229	6.299357287277341	7.127347300387507	3.9060607971997204e-29	421.99999999999994	9.112459085320529	29.905843674891447	0.22821442953355986	2.4072840516887615	9.112459085320529	0.24949598110614843	349.1373648987598	9.999999999999998	70.59471144572092	0.5387151747267985	8.480301571725413	9.999999999999998	0.9999999999999999	373.5480909998532	0.001266712516521551	2.2628115492458833e-33	1.726773711743394e-35	6.606901599425867e-32	0.001266712516521551	0.9997604443938646	409.99999999999994	19.999999999998835	2.997934963340299e-30	2.2877536072050087e-32	7.1989378161335415e-31	19.999999999998835	0.9999999999999726	0.04174384635730814	True	5	9
1.5	7.5	353.7765914986595	9.322900779400385	327.32237345508867	0.9081628222367701	11.2526265294331	9.322900779400385	0.43000638548611375	421.32129704483356	7.182350675821631	79.47927071042085	0.22051691131220447	1.726009347821566	7.182350675821631	7.9310124849268e-36	345.14048269427553	9.999999999999998	118.4938161908496	0.32876358983218806	5.51907126536613	9.999999999999998	0.9999999999999999	381.41865045213524	0.014829442915972105	1.1158912662326947	0.003096063831366222	0.25763560665060475	0.014829442915972105	7.735953410229102e-07	409.99999999999994	8.682057718366316	1.8682681081142158	0.005183549232673389	0.048194027018256314	8.682057718366316	3.719712874762881e-28	0.041663885159269484	True	5	5
2.0	7.5	354.4108237979566	6.382274974713256	935.4601871192726	0.5308402062492941	3.762232623636624	6.382274974713256	1.1725845675015746e-40	419.359619476306	7.731312710130937	463.5384002545994	0.2630414670595123	2.1720798471926988	7.731312710130937	2.6124497379590146e-31	348.9625972201998	9.999999999999998	1467.8303744567258	0.8329412512092722	13.1703089793963	9.999999999999998	0.9999999999999999	384.6258838628392	18.318662574173374	1.5351132362375883e-33	8.711218693869241e-37	2.3060441839794964e-35	18.318662574173374	0.8144012535987422	409.9999984840656	0.025463147978527768	18.92266564606326	0.010737936122408072	3.213883378518162	0.025463147978527768	0.13489410133573568	0.04164012925151977	True	5	6
2.5	7.5	353.90823830745586	5.526711603540552	1249.2245020740688	0.5197086454203876	3.5568085101971323	5.526711603540552	1.5965226043350303e-13	418.86205606170114	6.659867949121247	1031.1202602025382	0.428971824364365	3.4809595177647434	6.659867949121247	0.38209092965278546	348.39236596915015	9.999999999999998	1970.5426325981464	0.8197950333430027	13.368754134219616	9.999999999999998	0.9999999999999999	389.4999162768135	19.997016734038763	2.5634123776234764e-15	1.0664436794320592e-18	3.2093782388427166e-17	19.997016734038763	0.9002924550004177	409.9999999999998	6.704768442653052	40.296064594466564	0.016764170980790576	0.12085826357885116	6.704768442653052	4.4560127168559625e-09	0.04198866880760949	True	5	5
3.0	7.5	353.49585359394126	5.737913813841666	1065.985765264406	0.507416761245576	3.50638376421335	5.737913813841666	3.5095425920212584e-11	418.50964950647443	5.962531677830386	1051.6696855763105	0.5006022060931766	3.9596352885451918	5.962531677830386	0.5345393218783432	348.0838421086169	9.999999999999998	1699.8966791306786	0.8091628382698447	13.550192847807033	9.999999999999998	0.9999999999999999	382.7761465226103	1.7615363376050617	66.58299529394137	0.03169397653044746	0.3287212527031324	1.7615363376050617	5.259941135484339e-34	409.9999999641131	11.095204246579254	45.75663966829865	0.02178048400131315	0.25818669572711345	11.095204246579254	1.1161902259204578e-28	0.039039704312478545	True	5	5
3.5	7.5	353.9200057099059	5.279918923544305	521.0791776144225	0.4157616302354299	2.7496954705791796	5.279918923544305	2.5179559511314304e-20	417.4802061400574	6.78044796343543	651.3012045736946	0.5196639248329918	4.660400434628182	6.78044796343543	0.3211802094530277	348.1783667294667	9.999999999999998	1144.3885036134243	0.9130912351233287	15.156294395255033	9.999999999999998	0.9999999999999999	381.6801618220964	4.503796850614188	303.5779717451476	0.24222052589812482	1.1744417584981375	4.503796850614188	2.1983191281898027e-27	403.6849147708047	6.294120986013273	163.3017989026735	0.13029617196178417	0.9267768552255368	6.294120986013273	3.6221098935143165e-26	0.04481098542374059	True	5	5
4.0	7.5	354.1495465530375	6.270058110027074	703.01277081024	0.6431399170827594	4.639339469299143	6.270058110027074	4.6738106448060574e-33	417.20776500208785	7.208036826334591	619.3380002314008	0.5665914001191616	5.24524341924721	7.208036826334591	0.3701591292885005	347.69955765180487	9.999999999999998	892.9546397830412	0.8169051784462482	13.63184129968026	9.999999999999998	0.9999999999999999	381.3683013919764	4.038976172369461	336.50793304744076	0.30784886582983456	1.3236847364954387	4.038976172369461	3.7357679451411467e-28	403.5606772393797	6.133632932968957	141.41097500621302	0.12936755421280505	0.9159562471183075	6.133632932968957	7.493712493858562e-25	0.036764388893398316	True	5	5
4.5	7.5	353.90042693176855	6.333798696899078	1197.7263554047881	0.5893337398346842	4.464668508241952	6.333798696899078	3.2735554069967896e-44	418.6503966405227	6.981321812804127	949.0230312845664	0.466960829318281	3.596174562025366	6.981321812804127	0.07489133981381721	348.216006797882	9.999999999999998	1483.2277441954634	0.7298129072377765	12.073622968954318	9.999999999999998	0.9999999999999999	381.04609324780057	0.6643514999318542	32.42368611994223	0.015953871361404217	0.02398389616434226	0.6643514999318542	8.838476933096964e-18	409.99999999999994	8.018698175507478	41.208358629221124	0.02027631436330893	0.1742954657542059	8.018698175507478	4.942487577216395e-19	0.03150536027622994	True	5	6
5.0	7.5	351.6392863475808	9.999999999999998	2673.5462905492027	1.009895447802786	12.59857031509253	9.999999999999998	0.4200158367202925	418.71882037205984	6.43306347147767	1032.1092382171587	0.3898651109933072	3.1843545095515244	6.43306347147767	0.4733189310058098	340.88681466615634	9.999999999999998	673.223016607046	0.2543007623361002	4.006331882986697	9.999999999999998	0.9999999999999999	374.4398226252539	19.96579132730499	9.92382048796892e-27	3.74858709985272e-30	1.1848948831204716e-28	19.96579132730499	0.9894302534458153	409.99999999999994	6.177051506515098	27.976664116577993	0.010567801214407176	0.07031636080557896	6.177051506515098	9.688766555504172e-17	0.04249077386231883	True	5	6
5.5	7.5	351.6278145903753	9.999999999999998	2231.0171218137402	0.9867961411594546	11.750578583880085	9.999999999999998	0.29249671348556133	418.10860855264207	6.652633999449107	577.5678928454821	0.2554627494091915	2.0497864023677086	6.652633999449107	0.1852021100627265	341.4004651116421	9.999999999999998	646.9069391617687	0.28613194628248234	4.605401404232083	9.999999999999998	0.9999999999999999	371.26137758528154	0.14285638627748676	1.9851159220507803e-33	8.78032137217029e-37	0.00045099571306644887	0.14285638627748676	1.7032351313167192e-31	409.9990698644755	0.6619411565816202	23.279232633472958	0.010296584776180038	0.020507171239676797	0.6619411565816202	4.082309275917838e-09	0.03886345972462567	True	5	4
6.0	7.5	351.25624199627714	9.999999999999998	631.4208052897338	1.0129561859785507	12.743685726007316	9.999999999999998	0.38935817802036476	417.70555118089027	8.062938704610099	111.11782924047625	0.17826066477172947	1.6602510842777327	8.062938704610099	6.419878911647249e-22	340.0000000000008	9.999999999999998	171.2471650304098	0.27472309067998923	4.380676770154249	9.999999999999998	0.9999999999999999	375.6465280076408	0.0002884806481706367	1.0123297130255783e-15	1.6240289145819554e-18	9.530887555696284e-14	0.0002884806481706367	0.0017365045330943116	409.99999979483454	19.99998290230715	7.585026741592082e-21	1.2168271451212113e-23	3.8289967081293076e-22	19.99998290230715	0.9999869476540799	0.038731110585813355	True	5	9
6.5	7.5	353.2732327703179	5.934583862507328	87.14593684604645	0.5079632470885268	3.4652418123922972	5.934583862507328	8.383909136293188e-22	418.21235532859885	4.7949560292444025	41.28073539467065	0.24062047127135205	2.055107874647309	4.7949560292444025	0.9999999999999999	347.9339841718511	9.999999999999998	138.5814116760038	0.8077744804719297	13.733858162879029	9.999999999999998	0.9999999999999999	389.7186612234845	19.943226079678524	2.1592566347226875e-18	1.258604877251877e-20	3.943864335344748e-19	19.943226079678524	0.9974087165064526	409.9999999999806	9.242818815613038	1.4355907574506683	0.008367886892227517	0.08276683366588765	9.242818815613038	2.790823719312508e-09	0.04062435234910955	True	5	6
7.0	7.5	350.61418240512154	8.746916485459575	49.907642886760264	0.8875516482362146	8.83326304204614	8.746916485459575	0.030891619619323154	417.06004475142925	4.702598626183548	15.94608672244533	0.2835833298225859	2.3781060285068447	4.702598626183548	0.9999999999999999	343.19297423552035	7.380064020500981	21.76581921145958	0.38708076757252063	4.525411070883643	7.380064020500981	0.9999999999999999	375.04928947680486	0.9088413196546345	2.4726352057852865	0.04397305353332594	0.10876806960000614	0.9088413196546345	1.3371545141350234e-11	409.99167868632367	0.6937581338945512	2.4431523292889246	0.043448733527100346	0.08555773546879308	0.6937581338945512	5.658060383318615e-10	0.023825581681134758	True	5	2
7.5	7.5	348.0984310167771	9.999999999999998	10.337826884893907	0.5266103414144989	7.0995098715721285	9.999999999999998	0.5212972517049588	419.00760507762897	0.7568236014567731	2.857022326685853	0.1455371152600147	0.12116568500566023	0.7568236014567731	0.00042520194685156064	347.9336889060567	1.9737278602838382	9.248182414972032	0.4711037003462036	4.289806326851277	1.9737278602838382	5.426092565558234e-14	381.34479380642557	1.567110899166921	3.8938196799132028	0.19835171684311198	0.3614935311330041	1.567110899166921	0.25480433383260903	409.99999999999994	19.999999999999996	1.6694175837896328	0.08504036424206851	2.675988760817549	19.999999999999996	0.9999999999999999	0.0910549798474822	True	5	5
8.0	7.5	349.28825296692213	0.8819643330917678	2.690729433023861	0.387469682105309	0.3723486208615541	0.8819643330917678	4.138231527365278e-06	417.00000000000006	9.999999999999998	4.951980959719519	0.7130938044921776	11.491373540762849	9.999999999999998	0.9999999999999999	340.1127635962442	9.999999999999998	5.559084649432375	0.8005177835704615	12.70149480231628	9.999999999999998	0.9999999999999999	380.8252520064721	1.307693198964548	1.6090493351008301	0.23170588120509433	0.5961467726944987	1.307693198964548	0.2533348973520339	404.66734249332103	0.8638656174422813	1.3695200040168378	0.1972132441413555	0.18362690449304486	0.8638656174422813	3.452157146600419e-11	0.20847960497023202	True	5	5
8.5	7.5	355.99999999999994	9.999999999999998	0.5840065515138416	0.08060308316263078	1.2985860289282227	9.999999999999998	0.9999999999999999	421.99999999999994	9.999999999999998	2.8218218111425224	0.3894605934198246	6.1177083073623715	9.999999999999998	0.9999999999999999	345.27739694334844	1.0642113083122986	5.5014597896406086	0.7592973397144522	17.64416407655027	1.0642113083122986	0.1779895575160165	382.90288372989323	19.999999999999996	2.1022491362053195	0.2901470223491319	9.292365897522513	19.999999999999996	0.9999999999999999	400.709329967601	1.6600607198323885	4.892124690753882	0.6751984755456097	3.2736599762492866	1.6600607198323885	2.5477526033399258e-39	0.261073403813299	True	5	9
9.0	7.5	355.9999999999683	9.999999999999998	2.4620680496407097	0.4009591496590127	6.459801901951343	9.999999999999998	0.9999999999999999	417.00000000000006	1.4669778064255043	4.8709043490473585	0.7932492630126217	3.7603140801274333	1.4669778064255043	0.8272450567093199	343.12609671813385	9.999999999999998	1.1727812069407786	0.1909928344749314	3.0199974223728328	9.999999999999998	0.9999999999999999	387.177688753393	0.6615128850621593	2.764726871931441	0.45024853629485284	0.3182676540098138	0.6615128850621593	0.0010839548535114473	409.99999999999994	19.999636409542283	1.7133830024088164	0.27903233291472135	8.780228816318639	19.999636409542283	0.9999999999999999	0.26556909719484306	True	5	8
0.0	8.0	354.3087872266267	4.641928325780561	1.075700874657015	0.10680899456106308	0.5844476702843509	4.641928325780561	1.9505064087202772e-18	421.93784285386454	0.3702169825609146	1.7974896788223942	0.17847718622532785	0.0732202165065299	0.3702169825609146	5.53018729484956e-06	340.00000000000006	9.999999999999998	1.1794840604947838	0.11711388320885792	1.8674734124669257	9.999999999999998	0.9999999999999999	370.0000000019932	19.999999999999936	0.6138034836505754	0.0609460626939617	1.9157820372957506	19.999999999999936	0.9999999999999999	409.99999999999994	19.999999999999996	1.8960024844140382	0.18825876581174206	5.923990871012655	19.999999999999996	0.9999999999999999	0.22852928991935192	True	5	10
0.5	8.0	354.2288869972575	9.999999999999998	13.268007899822054	0.9989317429337962	10.914537566538668	9.999999999999998	2.2561801178156452e-18	421.99999999999994	9.999999999999998	4.119540729078772	0.31015507615431925	4.871964758484609	9.999999999999998	0.9999999999999999	343.31120214669306	9.999999999999998	4.356199469504287	0.32797281713237125	5.161941076719528	9.999999999999998	0.9999999999999999	370.0000000003044	19.999999999997904	0.34827758525517855	0.026221384392482557	0.8242445039310109	19.999999999997904	0.9999999999999999	404.3203072877431	0.5524447679876718	2.681298737656164	0.20187163299540858	0.2536152266992952	0.5524447679876718	1.0129070789988235e-07	0.15739481716540954	True	5	10
1.0	8.0	354.7200121595809	9.999999999999998	62.707366885082536	1.0308350391411494	11.042985730125457	9.999999999999998	2.9024273148644016e-27	421.99999999999994	5.971635004915157	15.818206311672364	0.26003262666598403	2.439248390834066	5.971635004915157	0.9999999999999999	343.17424596830347	9.999999999999998	14.151438852232644	0.23263293848517683	3.6730233812403488	9.999999999999998	0.9999999999999999	381.42446065905676	1.0839577562497738	2.551808261180386	0.04194871351583349	0.04851826406672272	1.0839577562497738	2.285615798261189e-06	409.9900347713832	19.89999999999999	8.192708276085113e-32	1.3467844650417424e-33	3.1734507037191474e-32	19.89999999999999	0.3096880575327346	0.057155867646579234	True	5	7
1.5	8.0	354.8793704230151	8.685438914167932	158.26903172635227	0.9451308432868646	8.770995175179264	8.685438914167932	6.163360360505628e-34	421.7540306761188	6.24705910993452	47.28159667541083	0.28235021627632717	2.3697018419079336	6.24705910993452	0.6329923079950972	347.1972134281983	9.999999999999998	68.67055694358443	0.4100780846709516	6.584899188813071	9.999999999999998	0.9999999999999999	383.9786467656649	0.6505228171464569	2.227184098101624	0.01330001429738574	0.017881303293073924	0.6505228171464569	1.339422331602644e-08	408.58624964593065	1.8270711981040229	1.2539818940112226	0.0074883693419092985	0.038264048534612835	1.8270711981040229	9.945371566601352e-08	0.03289951288227664	True	5	3
2.0	8.0	353.4883834657613	9.618224616537775	587.9962603197073	0.9468912115088128	11.137249043639272	9.618224616537775	0.272286424749577	420.64572347817597	7.221935427096359	136.15496534069828	0.2192597959964835	1.8535117168937325	7.221935427096359	1.0587622571749827e-28	342.87553414843546	9.999999999999998	169.128005370396	0.27235857217555814	4.35221615477727	9.999999999999998	0.9999999999999999	385.6523764010095	1.8760300162021992	5.11832390987445	0.008242392435081795	0.06999195061714775	1.8760300162021992	4.900006433018069e-16	409.99999999999994	9.17502496501913	4.433308861734084	0.007139265132056568	0.070102101532413	9.17502496501913	1.1267812995894091e-14	0.03961202494318826	True	5	6
2.5	8.0	352.12375508632186	9.619844831591166	1468.6912263682357	0.973082108187024	10.601146658581557	9.619844831591166	0.18393689236637895	419.1995356409167	7.289329019647914	463.85863267762966	0.30732976958189334	2.498882950202502	7.289329019647914	0.13987906706640976	342.03867912180186	9.999999999999998	380.39586842407004	0.2520314732913921	4.2797613430515575	9.999999999999998	0.9999999999999999	389.9999999940673	19.99894598484962	2.587316791459737e-19	1.714228037030629e-22	5.385710500266372e-21	19.99894598484962	0.99999571508371	409.99999999999545	5.681996327720836	3.9162526779400193	0.0025947151747248783	0.015915471151676866	5.681996327720836	2.2347695869395876e-06	0.03368514566855179	True	5	5
3.0	8.0	353.8010804161722	5.81554980680468	719.8664388219652	0.46516142818881945	3.380051830544171	5.81554980680468	1.5780316578408526e-27	418.9999868734402	6.712649675340602	669.3381417355881	0.43251118424202395	3.524889029343474	6.712649675340602	0.38081911928767803	348.48716283753333	9.999999999999998	1318.791336334626	0.8521731649225738	13.802412456223148	9.999999999999998	0.9999999999999999	371.35742481673185	0.24744025648641113	3.5890376390331244e-16	2.3191550320475035e-19	0.13158384974990425	0.24744025648641113	7.778131498264744e-17	409.99999999999994	6.1217243531618495	17.45654712755838	0.011280026342648719	0.07439916791613364	6.1217243531618495	3.3887813896585674e-08	0.04020342153286117	True	5	5
3.5	8.0	353.6558658155032	6.293205249388308	740.1330300841663	0.5371858729269263	4.104426272481887	6.293205249388308	2.3358550774242037e-24	418.4376464140671	7.0825000047290665	719.9342168043815	0.5225256473961791	4.333348647280125	7.0825000047290665	0.21062771010846154	347.96875542060604	9.999999999999998	1071.3171380699475	0.7775580991571704	13.171947232062186	9.999999999999998	0.9999999999999999	389.9705029517758	19.999999991257912	5.9783994891159736e-18	4.339100699101955e-21	1.3491379531329955e-19	19.999999991257912	0.9777532440822496	409.99999999997965	7.199385502188352	28.70950119069295	0.020837251995989462	0.16108882919724343	7.199385502188352	1.1057383192173533e-09	0.03709225266397806	True	5	6
4.0	8.0	353.9838859429665	6.197233597331747	973.1740556397765	0.5955785045374421	4.370971679795785	6.197233597331747	4.708362113911677e-21	418.6265013381999	6.968772120211216	819.2739227086236	0.5013922585231138	4.253496101139991	6.968772120211216	0.35224226689591887	348.0445796647379	9.999999999999998	1237.1039165269895	0.7571024898297156	12.727138222645044	9.999999999999998	0.9999999999999999	388.3459381042314	2.1976637310320135	2.0547495520351217e-28	1.2574982433081192e-31	8.82411581580852e-31	2.1976637310320135	0.9425190351793933	409.9752957289951	0.9088201153942357	27.897161610381303	0.01707294773885784	0.030635496490037745	0.9088201153942357	7.186471062693376e-08	0.031896008395697874	True	5	4
4.5	8.0	354.15295588133733	5.9516584244534005	1109.5512854416806	0.5280351822460512	3.6445542196371097	5.9516584244534005	5.0507394025460776e-15	418.739760174025	6.785734167924215	857.0580089074303	0.40787369440856697	3.157801790058915	6.785734167924215	0.18524700114828718	348.69156504066837	9.999999999999998	1752.4892647036881	0.8340092075182396	13.341169702657512	9.999999999999998	0.9999999999999999	371.3674881389095	19.96091054099699	1.1590637349546989e-18	5.515981447202442e-22	1.754377865044164e-20	19.96091054099699	0.9945909363906879	409.99999999999994	5.613075321362417	28.334098781446514	0.01348419060042188	0.08173441065265481	5.613075321362417	8.212203991555583e-08	0.03842807937092607	True	5	5
5.0	8.0	351.6745577363013	9.999999999999998	2310.8161175547802	1.011483865041645	12.801076788645668	9.999999999999998	0.4615401005466679	418.3499314684768	6.750663545564608	621.6375144416559	0.27210140650554016	2.202292027523832	6.750663545564608	0.2476233919597118	340.7050057511937	9.999999999999998	600.2051875984946	0.2627201092973937	4.128128124632498	9.999999999999998	0.9999999999999999	377.43041211536075	0.7242887806105208	4.0138178526255075	0.0017569169456212947	0.4803314084499119	0.7242887806105208	3.2084607958026722e-18	409.99999999999994	5.394193202850451	42.39710788325613	0.018557941595855644	0.1082312635514867	5.394193202850451	2.533953085255775e-09	0.04245181170607489	True	5	5
5.5	8.0	351.4004153532217	9.999999999999998	790.3982017606587	1.0082348859820296	12.465164527940818	9.999999999999998	0.3656788351086683	417.91360892220285	6.221791054733859	148.90703654570163	0.18994636966423592	1.4338164373580011	6.221791054733859	0.09043348424715492	340.00019219009755	9.999999999999998	211.6759373748279	0.27001461302523877	4.305556258802895	9.999999999999998	0.9999999999999999	370.84670045892386	7.264467314449519e-05	1.5186499418603771e-15	1.9371955143211017e-18	1.981945379196746e-13	7.264467314449519e-05	0.9987686049457927	409.99999999999994	5.246488534867996	12.030255817690655	0.015345839066517613	0.08712484588229377	5.246488534867996	5.661754307006992e-10	0.04046995903901757	True	5	6
6.0	8.0	350.93725069529387	9.999999999994857	178.79324536933052	0.944099121861598	11.322745829087768	9.999999999994857	0.19839659111461394	417.1068753814243	7.838815646260589	28.081848110066304	0.14828327594926102	1.2845710255013523	7.838815646260589	1.4328509779856604e-12	340.00000000000006	9.999999999999998	56.775474004708755	0.2997969808109772	4.780499761961712	9.999999999999998	0.9999999999999999	381.8584794581982	0.9246903876511732	0.5597056692359101	0.002955467527506626	0.005880807120407183	0.9246903876511732	2.6072252241312253e-05	395.0000001253943	8.440436908213995	0.9670029541346137	0.005106158445472589	0.04737975743136369	8.440436908213995	2.1562697896851864e-09	0.03549331493931172	True	5	5
6.5	8.0	352.12125328588706	5.867900901743171	45.91430730364345	0.730341099956123	4.5900606100709	5.867900901743171	0.012367290233765234	417.9179213419197	6.522802917470151	10.831430580303465	0.17229137035221012	1.603132109215784	6.522802917470151	0.5352283077675414	346.30784620837113	9.331903531585418	43.237426535876125	0.6877609945555686	10.091070658732388	9.331903531585418	0.9999999999999999	389.99999743124897	7.222394779843887	0.21795430691920997	0.0034669147288413672	0.02666941061702411	7.222394779843887	2.541277956573603e-07	409.99999999999994	9.407327668883466	1.4364537710935752	0.022849113682116968	0.2299809461382041	9.407327668883466	8.719203291732885e-14	0.02234986763615037	True	5	4
7.0	8.0	355.99999999999994	4.924807151334643	5.565037095027865	0.33085551966491455	1.866361931197421	4.924807151334643	4.463740412378461e-16	417.00000000000006	5.624893514198365	6.168194738579595	0.36671476591782276	3.505376848920773	5.624893514198365	0.9999999999999999	348.2687963520177	6.0450649065376645	16.626095393701714	0.9884633898301228	10.629951177367227	6.0450649065376645	0.9999999999999999	372.7844117669109	1.1678598404602017e-13	1.558363884590807e-25	9.264867134919696e-27	4.186289110572209	1.1678598404602017e-13	1.5607502465267566e-15	395.00000000000006	4.792802604785657	3.174710030301633	0.18874453465895613	1.064190589480663	4.792802604785657	7.76667988621982e-12	0.08791850275906724	True	5	8
7.5	8.0	355.8076049292548	9.999999999992289	1.08245196516446	0.17390480579153947	2.7721339317433955	9.999999999992289	0.9999999999999999	419.3557345690846	2.2291591180564296	2.802845126805284	0.450300108575053	1.6366894284678417	2.2291591180564296	0.9635436889948539	347.8297988587537	2.0032821474670106	5.9606911662230315	0.9576340318139371	7.591751810835118	2.0032821474670106	1.5296216887879604e-07	373.28791923723213	3.178958227610892	4.569554201506653	0.7341364435013906	4.220079956941961	3.178958227610892	0.9999999999999999	408.29292802667254	2.1094010033732276	3.996054854643221	0.6419990593517789	2.5261702555212353	2.1094010033732276	0.45067250228635264	0.1949637543419263	True	5	3
8.0	8.0	355.99999999999994	9.999999999999998	2.615626014796021	0.3613993265656178	5.8224586197933474	9.999999999999998	0.9999999999999999	417.00000000000006	9.999999999999998	3.4757299362144103	0.4802393198286814	7.738966989123229	9.999999999999998	0.9999999999999999	340.00000000000006	2.5614176934182247	4.133086417974312	0.5710658326702348	1.9277623488843123	2.5614176934182247	0.14751772749228273	387.14560270844794	0.8642104298438622	3.265078234526992	0.4511337127200629	0.4197932937572014	0.8642104298438622	7.21804385335036e-10	409.99999999999994	19.999999999999996	0.7167137617259962	0.09902786918422865	3.116137463738839	19.999999999999996	0.9999999999999999	0.22801918913040664	True	5	10
8.5	8.0	355.99999999999994	5.681923880793761	1.8481947863599764	0.28398600136296276	1.814933938666788	5.681923880793761	0.0001317617847045213	418.165955853032	2.517540542434881	5.4561079650482505	0.8383630856628081	3.7850968315639846	2.517540542434881	0.38242121489973674	343.2103740738579	1.814017035759731	2.3805066752038715	0.36577885453320225	1.0163048156527152	1.814017035759731	0.7026460941129401	374.33473063349334	19.99999993702005	1.305696128356953	0.20062789118536747	6.400355939002108	19.99999993702005	0.9999999999999999	409.999999999995	19.999999999999826	0.77431890529886	0.11897865491150691	3.743934379374289	19.999999999999826	0.9999999999999999	0.2615795590327106	True	5	6
9.0	8.0	355.9999999999997	9.999999999910987	0.46613396570609156	0.06351783701091611	0.7724355115435507	9.999999999910987	0.33283206361902	417.0000000004719	0.9027936727048275	2.2117901070327783	0.3013900162972586	2.6211191908702665	0.9027936727048275	2.2666595597273394e-19	340.00000000000006	9.999999999999998	1.5113308748630205	0.2059418005158685	3.2839047467419578	9.999999999999998	0.9999999999999999	377.57619254044954	2.739081341775862	7.146897612120215	0.9738734163529867	4.89707378625359	2.739081341775862	0.5905597349778856	409.99999998011066	19.999998482655464	1.7712728134038846	0.24136284017241802	7.59503095499524	19.999998482655464	0.9999999999999999	0.21546166301840114	True	5	10
0.0	8.5	352.4166665195166	9.999999999997076	2.434371008651341	0.3112884769755613	4.893090652448512	9.999999999997076	0.9999999999999999	421.99999999999716	9.999999999999984	3.2856719117937163	0.4201462314613583	6.599723140017144	9.999999999999984	0.9999999999995853	340.00000000000006	9.999999999999998	0.783166343049131	0.10014523557826369	1.5968949171817666	9.999999999999998	0.9999999999999999	380.66924608922767	6.81035672051336	6.793221506483411	0.868664459523933	6.497367451602979	6.81035672051336	3.3631875484780023e-13	397.39881961486026	3.414411701985496	4.129835841974295	0.5280913652185983	4.574390729767734	3.414411701985496	0.922159383770142	0.24772888839591614	True	5	9
0.5	8.5	355.99999999999994	5.943727139860396	6.436557465370309	0.8901730349448562	8.914422860699414	5.943727139860396	0.9999999999999999	420.73175942299645	7.243346214030757	5.557092159224518	0.768543374227539	9.787121109625486	7.243346214030757	0.9999999999999999	347.58237929094895	2.1164183941260606	3.4149972207642127	0.47229259688758707	2.7637311092243246	2.1164183941260606	0.4970196258845924	372.534575712669	0.8040744748857113	5.751079847844758	0.7953717852920058	0.736549994669818	0.8040744748857113	0.0005843858712126693	409.99999999999994	10.60073418289454	2.3173752625225643	0.3204919682057345	3.631087868943205	10.60073418289454	1.11657366226177e-31	0.1835991996575542	True	5	5
1.0	8.5	355.4266737621644	8.177772655659945	24.875009717326417	1.0345799884967781	9.980218443084082	8.177772655659945	0.296237818152102	421.4698693187224	2.1528528657855657	4.341169517371565	0.18055418511923155	0.7282314041933253	2.1528528657855657	0.9478223049632941	343.69437236734103	2.864527970197349	10.192392838955424	0.42391322801117337	1.9315885614958626	2.864527970197349	0.9999999999999999	387.1859700434706	0.8440846248013102	2.304406467674059	0.09584288986860236	0.08619557272562973	0.8440846248013102	0.00011632406851120808	409.99999999999994	19.99999995907974	0.9644540839233953	0.040112743930151185	1.2622388516373695	19.99999995907974	0.9999999999999999	0.06299163870385288	True	5	4
1.5	8.5	354.967577457847	9.052729033639318	65.37064019862935	0.9643514952165018	9.309695630309887	9.052729033639318	2.8630257953899657e-27	421.99999999999994	4.85703629289597	18.90217750227413	0.2788460244810021	1.960734424741645	4.85703629289597	0.8211544152968723	345.4872400293374	9.999999999999998	18.999875543214497	0.28028727167659767	4.566377055128678	9.999999999999998	0.9999999999999999	370.0000000002505	1.463024390071843	2.312015177589276	0.03410698268667427	0.07114013102606602	1.463024390071843	0.5733114432568391	409.9983266995295	0.6741519423231954	2.6725920393869345	0.039426233572981736	0.07732756188874473	0.6741519423231954	2.233912611481391e-19	0.02789487056181822	True	5	6
2.0	8.5	355.9806362837861	6.089241160249913	109.27677473678267	0.7382751760590325	5.008908023274848	6.089241160249913	1.4842346568465822e-41	421.4098607144643	8.22199314027594	32.48825826102966	0.21949105512389833	2.0785364655041447	8.22199314027594	0.193983488972888	349.43531193150716	9.999999999999998	94.49368750242239	0.6384004647406198	10.029727406117571	9.999999999999998	0.9999999999999999	382.682389720916	1.7372977429653584	4.793051761449671	0.03238191410359422	0.27606542761758995	1.7372977429653584	1.603482990950108e-15	409.9998385286399	0.016964715980852915	0.7721611610202245	0.0052167298904207855	0.9182635124942907	0.016964715980852915	0.3443522109875131	0.04021974977640031	True	5	5
2.5	8.5	354.3314604101812	7.070799543947208	168.21618496635836	0.7287317507572663	5.718787506601607	7.070799543947208	1.3369480194300494e-38	420.90767371106097	6.602677551230644	50.93598021740909	0.220660491425325	1.8492030805012092	6.602677551230644	0.2859854542420022	348.4665583341066	9.999999999999998	141.36998861959896	0.61243095800739	9.93352355739573	9.999999999999998	0.9999999999999999	378.4775676512172	5.334567525280143e-05	1.5286653144529025	0.006622352962920646	0.09836458889764185	5.334567525280143e-05	0.3674657510887181	407.13624498029225	0.8533349190219108	3.4413314474577104	0.014908241386781138	0.0229076460480761	0.8533349190219108	1.4292407279662447e-05	0.02939717810860621	True	5	3
3.0	8.5	353.0544826429652	8.237418946783196	227.08701870043808	0.8831020416299423	7.961631696439059	8.237418946783196	0.010927709469693748	420.0230769902768	7.061303492582827	57.93694547541471	0.22530673540011856	1.7775558490166619	7.061303492582827	1.2921174382181905e-30	345.43863165188463	9.999999999999998	101.84340848268262	0.39605135719471096	6.476286889691906	9.999999999999998	0.9999999999999999	378.5344680140246	1.196584004455306	2.4434468778494915	0.009502141244320415	0.012162060327953044	1.196584004455306	2.5081700089227357e-12	409.99999999999994	6.244498521797285	7.419076207377926	0.028851500993926856	0.19401963295940972	6.244498521797285	9.976954695728425e-25	0.028655964866630843	True	5	5
3.5	8.5	352.2423190625654	9.999999999999998	264.08865819231437	0.9567454340368077	10.192545752676132	9.999999999999998	0.002370328918415896	419.7715904837338	6.71840979648663	78.40260423753571	0.2840384518377631	2.424659634855054	6.71840979648663	0.41770501920860154	341.8847356618628	9.999999999999998	80.46027933981064	0.29149303649243286	4.873933356575776	9.999999999999998	0.9999999999999999	381.50539102915195	7.461151471920619	4.391793585867987	0.015910673670247073	0.12644507432204055	7.461151471920619	2.8352967843663567e-14	409.7720528059529	6.34405613333348	8.975069365993482	0.03251505269046723	0.2257059331046125	6.34405613333348	1.5691033722670974e-12	0.033634265041903505	True	5	4
4.0	8.5	354.9399192910219	6.752893450988163	197.01804211736868	0.645395467947242	4.65825658488982	6.752893450988163	4.43631839660477e-39	419.5870053879362	7.498821468426057	81.77413140744898	0.26787726260242395	2.447691767280545	7.498821468426057	0.35505194022506653	348.8311645672713	9.999999999999998	251.4461707293904	0.8236921719319561	13.088312201458981	9.999999999999998	0.9999999999999999	381.61348481494645	1.024730181156822	2.301710974350629	0.007539988802068026	0.009355591386288255	1.024730181156822	1.0882899018339973e-19	404.2630629630925	3.4103129547771203	8.390856536967139	0.027486928217101945	0.10267616687088287	3.4103129547771203	1.7898519816558948e-26	0.04251770569024138	True	5	5
4.5	8.5	352.79677466700304	9.945403897946049	432.7394984408774	0.9618597565889295	10.807551224739798	9.945403897946049	0.15676521474532998	419.4992903629524	8.169080913193078	105.90304366334307	0.2353930624938481	2.061218421390262	8.169080913193078	1.6077935446973307e-37	342.93790798309817	9.999999999999998	119.09455276488585	0.2647141246551847	4.217061311214335	9.999999999999998	0.9999999999999999	381.45110574238373	0.03751717855737109	3.626921477066875	0.00806163944282366	0.2724377766420415	0.03751717855737109	0.0001289854918333629	409.99999999999994	7.693500442769944	4.399712566825348	0.009779339472904765	0.08070323654918868	7.693500442769944	1.8722268525956783e-18	0.03159561796012879	True	5	5
5.0	8.5	353.7928793865789	6.377929350378131	218.45762582251103	0.6027699580809026	5.034304650099767	6.377929350378131	0.19901699629432282	418.6980765803423	6.487155669505699	76.39802004197563	0.21079800334175527	1.475211460449859	6.487155669505699	0.009962398624089569	348.1467678904198	9.999999999999998	233.28159152154296	0.6436723580285151	10.715080979723593	9.999999999999998	0.9999999999999999	389.99999998313615	19.99999941558177	1.8900945639398517e-15	5.215163429454279e-18	1.6385741085372284e-16	19.99999941558177	0.9999999942581584	409.9869709326266	0.4521244222023464	2.4917705340321814	0.0068753123846823205	0.03317993515759659	0.4521244222023464	0.09264762964012958	0.037460454197980254	True	5	6
5.5	8.5	351.32327932102504	9.682132655062093	183.67705403251188	0.9522851055403995	11.652119400187482	9.682132655062093	0.40709036777716434	417.8490741795922	7.053848069542189	33.85553356078307	0.17552611849028327	1.711400917344471	7.053848069542189	0.4692067828828534	340.00000000000006	9.999999999999998	55.56671067024862	0.288089065963483	4.593807807993025	9.999999999999998	0.9999999999999999	375.3565002319819	0.39808004271979697	4.302652891531916	0.022307371405199696	0.022335056595894732	0.39808004271979697	0.0017377894211822705	409.9996766330714	19.99997067507361	4.3042342333168445e-10	2.2315569969993152e-12	7.022110182861094e-11	19.99997067507361	0.9999999178385912	0.04595699594859424	True	5	5
6.0	8.5	350.72181480141984	6.894948183672491	57.19964302796954	0.8639155499637167	9.663973957176285	6.894948183672491	0.778961151462818	417.13950445073164	4.098862312124514	14.238254439529406	0.21504766050086346	1.6784608313830314	4.098862312124514	0.9999999999999999	343.1749571286121	9.999999999999998	21.704363230077618	0.32781213140361765	5.175695204672653	9.999999999999998	0.9999999999999999	387.2000302421184	0.1478497641017394	1.510176773273927	0.02280897447187597	0.0036657285594704414	0.1478497641017394	0.06382807803018216	407.42509155904463	0.7700135755078328	4.083111983234985	0.06166933476901299	0.05219108287306419	0.7700135755078328	1.1512664226246794e-18	0.04182233063895605	True	5	4
6.5	8.5	349.45165178073	0.15286290464892013	9.843879115557108	0.4284723525160427	0.15638043204731325	0.15286290464892013	3.289350572661512e-27	421.22832622791987	9.999947508155197	3.9574194930369035	0.1722537243874315	2.7672875115394593	9.999947508155197	0.9999999999999999	347.9806835518545	9.999999999999998	13.110954361925993	0.5706776153220744	9.655433777446225	9.999999999999998	0.9999999999999999	370.0000001306934	0.010493205065881507	0.2071205564737136	0.009015290724819252	0.8217713002789464	0.010493205065881507	0.37929606889451156	409.99706928519385	0.6933323184555796	3.4809597699108528	0.15151496723179697	0.29102090621560156	0.6933323184555796	1.102283104000258e-36	0.0658450778784751	True	5	6
7.0	8.5	350.12884687096914	9.999999999999998	4.528348716116977	0.7968498085555807	12.805854180716715	9.999999999999998	0.9999999999999999	421.99999999999994	9.999999999999998	2.069300700780023	0.36413314667922214	5.719860787107002	9.999999999999998	0.9999999999999999	344.20804267403355	0.90796042565391	1.9085962829723753	0.3358541221181746	1.5015037968889648	0.90796042565391	3.0939819080450444e-35	383.29758819725384	3.887409940152982	2.976004603715367	0.5236850886264339	3.6791851001988713	3.887409940152982	0.821299163657896	409.22160521859496	0.9646338110908943	2.125364215133843	0.3739985973060242	16.432664228921148	0.9646338110908943	0.09714845989119639	0.2496875526515194	True	5	6
7.5	8.5	353.43003054385406	8.328411001432318	3.240630945665714	0.4466925260600527	5.034230951361026	8.328411001432318	0.5089917323659621	417.5136814395045	1.21457573596007	4.841057194994815	0.6672972342394261	20.546152410550476	1.21457573596007	0.04793468286338265	343.1199930036738	0.6989424541249497	2.571790973339938	0.3544988076831636	0.6950881040092728	0.6989424541249497	3.6190216443363442e-12	382.6212748254788	1.653769180625438	5.786383650114942	0.7976021869690122	6.487366943277465	1.653769180625438	4.909203195355753e-40	395.00000000000006	19.999999999999996	0.7201667984363305	0.09926867075325689	3.144451406623619	19.999999999999996	0.9999999999999999	0.20062647447011725	True	5	4
8.0	8.5	353.3790717401585	9.999999999999957	1.2478089750958767	0.15756129226236468	2.5934338701735373	9.999999999999957	0.9999999999999999	421.9999999999997	9.999999999991434	1.092531563938658	0.13795435718706112	2.1670087584179103	9.999999999991434	0.9999999999999999	340.00000000000006	9.999999999999998	3.548734120249204	0.44809994561791644	7.145307726471507	9.999999999999998	0.9999999999999999	383.79726235369475	3.471567935049687	2.6051059606255844	0.3289476753483181	1.942403116767738	3.471567935049687	0.9999999999999999	406.8253188334855	0.9869458932896688	1.4637170401626924	0.18482408201684639	0.7311324674607882	0.9869458932896688	8.702550873145633e-06	0.22788659566876573	True	5	9
8.5	8.5	346.5078326989666	0.6641946390437738	3.5769717470063354	0.4410038295877983	0.3181506210264949	0.6641946390437738	5.775153110483592e-14	421.86260122491643	9.999999999999998	2.1820930067818045	0.2690296263348778	4.2283343406138485	9.999999999999998	0.9999999999999999	340.00000000000006	9.999999999999998	2.5076458224912686	0.30916694041378323	4.929911172075435	9.999999999999998	0.9999999999999999	372.99396515343625	19.99999963333545	1.3895375168492494	0.1713156853417421	5.387692247384511	19.99999963333545	0.9999999999999999	409.3627224807367	1.0521656395918906	5.775252599620296	0.7120292508323598	10.181336233918454	1.0521656395918906	0.17102422213259563	0.2614084266051655	True	5	8
9.0	8.5	355.99999999999994	2.308294086957645	8.835181843064646	0.9526781990381292	3.2680238863482205	2.308294086957645	3.3727132772370974e-12	418.6667160878607	4.154509999499877	5.984560851138493	0.6453020158461267	4.3858987300862	4.154509999499877	0.9999999999999999	340.00000000053757	9.999999999969344	0.3075979946501319	0.033167614292065405	0.5288838192917756	9.999999999969344	0.9999999999999999	378.95427427786194	19.999999999999645	2.6694061421522175	0.28783618505861774	9.062607076368703	19.999999999999645	0.9999999999999999	401.64389430062465	1.0370956150188442	7.712711709407417	0.8316447167169851	0.9287971047832384	1.0370956150188442	2.5614978663842307e-09	0.2012188801477733	True	5	7
0.0	9.0	354.42152958276523	9.938657635579133	2.7581194268185484e-32	5.257178061175612e-33	8.016525911444847e-32	9.938657635579133	0.8995143476233654	417.0005401322755	0.8652426548950547	2.390316931354118	0.4556119509758341	4.631672543502095	0.8652426548950547	2.1895120864054775e-31	344.94213714480367	1.9021075779006187	3.8509514142732537	0.7340196038256046	6.803609396026818	1.9021075779006187	1.075701921224997e-15	371.2778547643082	19.999999999999996	2.031064827067887	0.3871358631487279	12.397917747971793	19.999999999999996	0.9999999999999999	409.999999724406	19.999999999999996	0.871175769205601	0.1660524956520231	5.225220011925837	19.999999999999996	0.9999999999999999	0.2935818785020348	True	5	8
0.5	9.0	348.5206921465028	1.6972099711624582	7.470919618534673	0.9669382579624444	3.492894734167894	1.6972099711624582	1.7421438756867197e-21	421.99999999999994	2.2751268438489363	6.4205579940437145	0.8309931680305178	2.9216992331098104	2.2751268438489363	0.96490755924489	340.00000000000006	9.999999999999998	1.028453791369439	0.133109626150239	2.122538173682403	9.999999999999998	0.9999999999999999	373.75717291256797	3.207304176268232	4.086346580069887	0.5288833296721449	3.6655933773173808	3.207304176268232	0.8922233136071925	402.8660294232895	2.318341157223788	3.0426827248632717	0.3938051115170168	2.2116666231252267	2.318341157223788	0.3880731144954464	0.16558163849042679	True	5	5
1.0	9.0	351.8791423131989	5.667339707652439	12.085895046723818	0.9882784655549113	6.377243079314399	5.667339707652439	0.15842063165811365	421.99999999999994	9.999999999999998	2.6489589787022214	0.21660862556467306	2.30578939035622	9.999999999999998	5.6853698659073946e-05	340.00000000000006	9.999999999999998	0.8976431466571727	0.0734013813759461	1.1704430286328051	9.999999999999998	0.9999999999999999	386.46363767797794	19.999999999999996	0.3245517851955008	0.02653899765190029	0.8382824242584623	19.999999999999996	0.9999999999999999	409.99999999999994	19.999999999999996	2.255332890479176	0.1844213374103791	5.803237445695017	19.999999999999996	0.9999999999999999	0.10053383548828733	True	5	10
1.5	9.0	355.27841590317036	9.999999999999998	19.246830905162525	0.9851410087923378	11.415393402975555	9.999999999999998	0.2519054097816779	421.01988372693415	4.803325137715787	8.638807835063101	0.4421737743388436	3.872100272365944	4.803325137715787	0.9999999999999999	347.89495309496164	2.7077308187224887	6.65828920229766	0.34080175452797523	2.6413679678532613	2.7077308187224887	0.6015165882020882	375.390233903797	3.7036400136336307	3.7287231015423803	0.19085313607527307	0.7578084311351099	3.7036400136336307	9.418925717835893e-07	407.343049322551	1.2095574079455362	4.233373316236095	0.21668344673993875	0.29371990626604055	1.2095574079455362	4.233483264817097e-05	0.07163452040997188	True	5	2
2.0	9.0	354.31510871119707	9.087204923568592	50.985092811737864	0.9707794709725929	9.640086591820012	9.087204923568592	1.747279736384563e-21	421.9062981615722	8.528468056231203	15.03947886715616	0.2863585517490734	3.8374208815288346	8.528468056231203	0.9999999665804576	343.3229077965672	9.999999999999998	15.204294470759885	0.28949671617421724	4.5554479820201825	9.999999999999998	0.9999999999999999	375.5682563146935	0.00023582251869352496	0.9644178202248351	0.01836295610506106	0.08643568942939586	0.00023582251869352496	0.5513465795869189	409.9999999999018	19.999999998230358	9.384731353937511e-18	1.7868957447299044e-19	5.622874468906053e-18	19.999999998230358	0.9999999999999908	0.03561711588329321	True	5	8
2.5	9.0	353.56859897266156	9.686485493390267	82.7516351533582	1.0247371543253607	11.093030571934785	9.686485493390267	4.661157220360294e-39	420.7105378067057	8.460658602713163	21.290344786300697	0.2636444257625547	2.6004028032388415	8.460658602713163	0.08236307264293082	342.34160855659263	7.105361223827899	22.852164762476132	0.28298488900522656	3.5137310180081522	7.105361223827899	0.9999999999999999	389.9999999965255	8.983911307455225	0.988949859993814	0.012246448827535934	0.11715849699335477	8.983911307455225	2.095198896638022e-12	409.99999999999994	10.456177344691245	1.512533765385991	0.01873013800501033	0.20933718893969916	10.456177344691245	3.116677638436045e-07	0.03763965270666409	True	5	4
3.0	9.0	352.94715364614	9.511203557071685	107.93283935530839	0.9558972057715502	9.909607517036996	9.511203557071685	0.03120857054756326	421.02417814195934	6.879644039461423	32.743688466815996	0.28999144745045713	2.8357563122260454	6.879644039461423	0.6234774483121308	343.14948817741316	9.999999999999998	31.566961309989434	0.27956987225717295	4.417336806600291	9.999999999999998	0.9999999999999999	384.24893130815553	0.029522426092783046	2.9498736973775297	0.026125283477622968	1.2301668136605424	0.029522426092783046	5.14995939134485e-08	409.99999999999994	13.08495248124083	3.1210514262174014	0.02764130319567837	0.3860223234327476	13.08495248124083	1.1420837441665154e-45	0.04213796733120759	True	5	4
3.5	9.0	354.2412774938791	7.662048289215561	85.8885361363007	0.689569494592527	6.229886734780342	7.662048289215561	0.1714230387903709	420.5257889836642	7.567770390077109	34.04186227013789	0.2733103952703886	2.4328109152629844	7.567770390077109	1.831307428283369e-38	348.1964938076014	9.999999999999998	74.42932918755295	0.5975674661548876	9.902866793861554	9.999999999999998	0.9999999999999999	389.999989170954	0.6268314862388762	0.9090730812791021	0.007298634874979039	0.005267696793982	0.6268314862388762	1.529148658379558e-18	409.99999999999994	11.635024006188257	0.47048297329062194	0.003777345856629209	0.046939682706059874	11.635024006188257	2.9003338597253465e-32	0.03935300729469738	True	5	7
4.0	9.0	353.61496184539124	9.395349264168889	129.85197761443916	0.908697361084574	9.606977857685784	9.395349264168889	6.104635077468859e-33	420.3020772495596	6.293082737296722	37.86460124516766	0.26497450298498587	2.082527355793423	6.293082737296722	0.15986447307566232	344.63325996817485	9.999999999999998	63.107586477592314	0.44162359595998946	7.272793074411105	9.999999999999998	0.9999999999999999	389.99906883198855	19.999947277345402	1.6340106212963513e-21	1.1434721032627937e-23	3.59272038367517e-22	19.999947277345402	0.9999997708538605	402.59076212475475	1.748443334888517	6.019546682288774	0.042124473462874464	0.15820469330071477	1.748443334888517	6.726917723714667e-07	0.03959617686855932	True	5	5
4.5	9.0	352.8975029868883	8.893848814587802	140.89824389355888	0.8969806024747233	9.944249191436294	8.893848814587802	0.41315565331288345	419.1994794618701	7.0814266196022935	30.73898176473312	0.1956892408369492	1.8080985774552716	7.0814266196022935	0.5693312653316543	344.28771029325713	9.999999999999998	52.86804396553815	0.33656636603429263	5.40715848570556	9.999999999999998	0.9999999999999999	370.13817037034505	0.00017382568921511208	3.3338035767939315e-09	2.122352314840818e-11	0.00194481846783215	0.00017382568921511208	5.648296529849559e-05	409.98378604802105	0.9373902596852743	0.9594010132409102	0.0061076992522476154	0.010647484789857236	0.9373902596852743	5.923191257674619e-07	0.03397511888175103	True	5	2
5.0	9.0	351.9194972505938	9.999999999999998	111.77792171387414	1.0013914612672845	11.595808615442047	9.999999999999998	0.23909438702971164	418.6001973458599	6.385353935605323	29.836051327157833	0.26729399311456165	2.1180333451663595	6.385353935605323	0.3917850939330632	340.0000000233675	9.999999999999998	31.27319077979831	0.28016897910874017	4.467515759491324	9.999999999999998	0.9999999999999999	389.9943189811317	19.999999999998565	3.706384593667023e-12	3.320460630652507e-14	7.069975063062451e-13	19.999999999998565	0.00014392912768135258	409.9999999998922	19.999999999758394	2.2968954394980206e-10	2.057733267241085e-12	6.475126423684455e-11	19.999999999758394	0.999999999999878	0.046604637465696486	True	5	9
5.5	9.0	351.61888948880534	7.264375815921348	48.079627112536066	0.8882814733045982	7.030888091781791	7.264375815921348	1.3035731445833227e-34	417.4247982132259	4.465263496531012	9.492758291483362	0.17538075536955852	1.603169435071853	4.465263496531012	0.9999999999999999	345.3342182909054	9.999999999999998	20.668593982197333	0.38185672843651935	5.4502523059313335	9.999999999999998	0.6869804083155031	389.9892044318555	19.9981863260111	1.321150006152404e-13	2.4408531105588575e-15	7.661827393267563e-14	19.9981863260111	0.9981673005624218	406.5732605568382	5.0152633471578785	1.0589143604061748	0.019563671031877488	0.11499717476735752	5.0152633471578785	1.8472012132167261e-09	0.03124135988900427	True	5	4
6.0	9.0	351.01603136236406	9.999999999999998	13.723141322979567	0.8802547291010605	12.068834202863757	9.999999999999998	0.5628834741318847	417.00000000000006	9.999999999999998	2.321958520330507	0.14893929313945556	2.400128905314919	9.999999999999998	0.9999999999999999	342.01220541458247	1.8152492313255666	3.8359936220232624	0.24605529063037768	2.4560469421979607	1.8152492313255666	7.34077361898074e-31	389.99999999999994	19.999785592424924	0.7394456969907829	0.047430872886197385	1.490234597557161	19.999785592424924	0.9999999999999999	409.9824655468434	0.7722503561535706	1.486862475249791	0.09537304138739035	0.17930952566034733	0.7722503561535706	7.01072763258287e-05	0.08740870302997661	True	5	7
6.5	9.0	351.38671268236044	5.236673177119172	4.1172887689739985	0.47344202490069454	2.863507323797276	5.236673177119172	7.856940482645205e-37	417.00000000000006	2.7547915275702564	4.4711585619132554	0.514133081739562	2.984078728088759	2.7547915275702564	0.9999999999999999	340.00000000000006	9.999999999999998	2.001457981564612	0.23014521757280978	3.6698473575260193	9.999999999999998	0.9999999999999999	374.07947963679874	0.9940346634984636	5.341597551471633	0.6142238018450954	81.69574218594325	0.9940346634984636	0.0585287872690359	404.5561965806943	0.799169240899654	1.5555392634031482	0.17886956684401853	0.15404198041355655	0.799169240899654	3.972849180339999e-43	0.23908745416818922	True	5	7
7.0	9.0	355.99999999999994	9.999999999999998	2.5697356341735187	0.42852908037471465	6.903977551842089	9.999999999999998	0.9999999999999999	421.99999999999994	3.051185998264971	4.0889165483076795	0.6818676695273339	3.2684836136219797	3.051185998264971	0.99999999999997	340.00000000000006	9.999999999999998	1.4104592671774143	0.23520816874375738	3.750580114747478	9.999999999999998	0.9999999999999999	389.99999999999994	1.811161284185246	2.143480787554861	0.3574468277890293	0.9536341586148036	1.811161284185246	0.8321903684334776	395.00000000000006	3.801085433168023	5.0833510732671305	0.8476995577599912	4.026803896082958	3.801085433168023	0.00416863854498908	0.2403284255979947	True	5	10
7.5	9.0	355.99895240624346	2.283068298354009	5.803028252892666	0.7968947481297619	2.7234701581480376	2.283068298354009	0.002052799363798658	421.99999999999994	9.999999999999998	2.009141656434829	0.2759032636905652	4.3339318966442155	9.999999999999998	0.9999999999999999	346.32187021031064	1.9442756892736246	2.893443206192613	0.3973390434343076	1.085970002893944	1.9442756892736246	0.7162155953986125	371.293294904662	3.736614500653421	3.1930416433112265	0.43848108353530096	3.7284539156300642	3.736614500653421	0.8844390629608343	409.2355365682019	1.7736580551392103	6.825236729441711	0.9372684514715652	5.89821556399334	1.7736580551392103	3.669340793555213e-09	0.25293370818387545	True	5	3
8.0	9.0	352.7646107665317	1.4293158699032835	4.016022818622091	0.6316757524598294	1.53176356132987	1.4293158699032835	0.39509390428186103	421.99999999999994	9.999999999999998	2.056476522719865	0.3234608998936774	5.080974732283994	9.999999999999998	0.9999999999999999	340.00000000000006	9.999999999999998	0.29344137520934943	0.04615506680607218	0.7359790124733503	9.999999999999998	0.9999999999999999	371.1138789788891	1.889031736523384	4.272992414391193	0.6720942137330247	5.617357045077552	1.889031736523384	6.856932668128716e-06	398.28154723152556	19.999999999999996	1.6986979911504732	0.2671863134806924	8.417395153402767	19.999999999999996	0.9999999999999999	0.2638261054017841	True	5	8
8.5	9.0	355.9999891350129	9.999993973435103	0.29626901425402097	0.03092032497742993	0.49815280276467044	9.999993973435103	0.9999999999998981	417.67485709451967	9.999999999999988	1.3691140612030255	0.14288855623379415	2.4242436170912676	9.999999999999988	0.9999999999999999	340.0000027825393	9.999999958720087	1.0887760290196637	0.11363087945491004	1.8119339135967631	9.999999958720087	0.9999999999999999	382.7449751903029	2.788115084827242	4.616386378081702	0.48179242568134906	3.454603769624847	2.788115084827242	0.6226319214416463	403.65289691336443	1.5474618555228328	4.616204746950166	0.4817734696199896	2.8161133405052774	1.5474618555228328	0.825125733686003	0.18305139537596019	True	5	8
9.0	9.0	354.6619563067223	4.486665907692984	3.200204562822267	0.6057029389307083	4.513618862441964	4.486665907692984	0.9999999999999999	417.00000000000006	2.80091586986662	4.887107218687717	0.924983121272123	5.413213173009733	2.80091586986662	0.9999999984599224	340.46998928089243	9.999999999999998	1.321713265527353	0.2501607611757171	3.932831952042647	9.999999999999998	0.9999999999999999	389.99999999999886	19.99999999992567	0.4762798172231725	0.09014551394522151	2.832319866144771	19.99999999992567	0.9999999999999999	409.2426575677739	3.859901009948762	3.8729528207874293	0.7330340482428739	5.465413193028767	3.859901009948762	0.8087996192553115	0.22402387100524707	True	5	8
