x,y,E2g_centre,E2g_fwhm,E2g_height_scaled,E2g_height_norm,E2g_amp,E2g_scale,A1g_centre,A1g_fwhm,A1g_height_scaled,A1g_height_norm,A1g_amp,A1g_scale,Si_centre,Si_fwhm,Si_height_scaled,Si_height_norm,Si_amp,Si_scale,2LA(M)_centre,2LA(M)_fwhm,2LA(M)_height_scaled,2LA(M)_height_norm,2LA(M)_amp,2LA(M)_scale
0,0,348.0000000000006,0.007775912548954267,8.351305397238702e-05,3.565584059116531e-07,4.355138032631957e-09,0.0038879562744771334,418.00000000000006,19.957207647080864,2.3311068927283086e-10,9.952644744086294e-13,3.120025585392466e-11,9.978603823540432,520.9262685102046,6.080660206058287,245.21841098653445,1.0469583084634524,9.999999999999998,3.0403301030291434,340.0000000071396,0.0046175406564898935,4.841061957723952e-05,2.0668880521796367e-07,1.499158528780669e-09,0.0023087703282449468
1,0,348.0000000000582,0.00043974674833435756,0.0004801344511091022,2.057071223751221e-06,1.4209272488861226e-09,0.00021987337416717878,418.00000000000006,0.0006809962006748549,1.7644646719075292e-07,7.559610633067961e-10,8.086563350922826e-13,0.00034049810033742745,520.9033155801778,6.089093126064394,244.0287790029791,1.0455083527012046,9.999999999999998,3.044546563032197,349.996398101118,4.246982343583607e-08,1.770219655185008,0.00758426708183127,5.059573984918853e-10,2.1234911717918034e-08
2,0,348.0000000000006,0.0058915327222131,7.351723059017938e-05,2.983803986090689e-07,2.7613309519662607e-09,0.00294576636110655,418.00000000000006,0.007114305459754888,1.204161432514391e-07,4.887264731532303e-10,5.461579371545504e-12,0.003557152729877444,520.8457492595004,6.074355167413093,258.22529984101897,1.0480450267097252,9.999999999999998,3.0371775837065464,340.0000000090637,0.0014627233020974018,0.00010875849604065148,4.414122123510373e-07,1.0142065277599097e-09,0.0007313616510487009
3,0,348.00000000001984,0.13555741930322895,3.107719124626866e-05,1.2926638623160113e-07,2.7525091869268213e-08,0.06777870965161448,418.00000000000006,19.99999999995577,7.993093738167576e-10,3.3247481542187957e-12,1.0445004376306894e-10,9.999999999977884,520.7753868066641,6.095011715866546,251.10868327574173,1.0444931068964667,9.999999999999998,3.047505857933273,340.00000001005975,0.06639603275837835,2.553891354045063e-05,1.0622977589880291e-07,1.1079196698935707e-08,0.03319801637918918
4,0,348.0000000000011,0.011937374300874382,5.952458613529576e-05,2.487348466210178e-07,4.66407280242506e-09,0.005968687150437191,418.00000000000006,19.960881061249804,1.9037418071276473e-10,7.955148572148267e-13,2.4942953606778195e-11,9.980440530624902,520.7863498919514,6.113414089678948,249.2046040906414,1.0413490122358355,9.999999999999998,3.056707044839474,349.11007328852793,6.906994571842517e-05,0.0034107584087387194,1.4252505136796224e-05,1.546322936984891e-09,3.453497285921259e-05
5,0,348.0000000000007,0.006502989371675483,9.449097080613947e-05,3.738409495045116e-07,3.818737379588036e-09,0.0032514946858377414,418.00000000000006,19.963476244457425,2.059160754544689e-10,8.146795456687127e-13,2.55471734663812e-11,9.981738122228712,520.8304248799992,6.090953820191547,264.17897819706553,1.0451889657366684,9.999999999999998,3.0454769100957737,340.00000000875957,0.003013018784310262,6.579037729862598e-05,2.6029087126259424e-07,1.2319147449379748e-09,0.001506509392155131
6,0,359.9351735011774,19.999999998768118,6.955951205206043e-08,2.799429948280291e-10,8.794668559214917e-09,9.999999999384059,418.0083016149294,0.028307894422013646,1.2292100264340824e-07,4.946968802987815e-10,2.199716010440166e-11,0.014153947211006823,520.842663323327,6.079465568193365,260.1966149770479,1.0471640397114141,9.999999999999998,3.0397327840966826,349.71778329739465,7.016566506123922e-05,0.007954251413356383,3.201196927033519e-05,3.5282302109776603e-09,3.508283253061961e-05
7,0,348.00000000000165,0.009199982998964629,0.00023737632017078824,9.637004908588233e-07,1.3926724422998031e-08,0.004599991499482314,418.00000000000006,19.962892107735108,1.2811920425907317e-10,5.201384027862474e-13,1.631031153383052e-11,9.981446053867554,520.9387432915368,6.0931412102254,257.3559377069839,1.0448137510734485,9.999999999999998,3.0465706051127,340.0000001854564,5.847016733540045e-05,0.007911511953779662,3.211915977047472e-05,2.9499753667213514e-09,2.9235083667700223e-05
8,0,348.0000000000005,19.999999999400494,6.5755238672973e-08,2.576090599676075e-10,8.09302730268149e-09,9.999999999700247,418.00000000000006,0.011800952474953164,1.257355305578476e-07,4.925936318568765e-10,9.131155347859872e-12,0.005900476237476582,520.9280307927194,6.077125390880311,267.39368799654824,1.047567281272376,9.999999999999998,3.0385626954401554,340.0000152625597,5.620720723165107e-05,0.006817187515897137,2.6707670796045626e-05,2.3580222485475784e-09,2.8103603615825534e-05
9,0,348.0000000000018,19.999999998950408,1.0111543940812201e-07,3.9656272890221354e-10,1.2458385557413336e-08,9.999999999475204,418.00000000000006,19.9449071560801,3.200977441329841e-10,1.2553852870724155e-12,3.933045136604892e-11,9.97245357804005,520.8526411511482,6.106528195968429,265.8222534115336,1.0425232668013913,9.999999999999998,3.0532640979842145,340.0000037658237,6.329529091431141e-05,0.008644705983792427,3.390350885637999e-05,3.3708228195612075e-09,3.1647645457155704e-05
10,0,348.00000000002797,19.999999999599837,2.3048931926895534e-07,9.28793580909771e-10,2.917891090429112e-08,9.999999999799918,418.00000000000006,19.956197855112396,2.149913122142893e-10,8.663418824322747e-13,2.7157324931476474e-11,9.978098927556198,520.8646286816979,6.13263732603837,257.6110222545313,1.038084821459403,9.999999999999998,3.066318663019185,349.8542679328818,9.99999999860438,7.436433822747798e-08,2.996629961568357e-10,4.7070953357381756e-09,4.99999999930219
11,0,348.0000000000021,19.99999999839476,1.1601008962096733e-06,4.678620644278068e-09,1.4698320243817806e-07,9.99999999919738,418.00000000000006,19.922966614793587,6.045079476397184e-10,2.437946020641794e-12,7.629533245139391e-11,9.961483307396794,520.9456719355367,6.1002165190746425,258.7693306656618,1.043601928516714,9.999999999999998,3.0501082595373212,340.0000013123475,5.074457713760694e-05,0.06912675320157563,0.0002787842468336075,2.222172375448835e-08,2.537228856880347e-05
12,0,348.00000000000114,0.008195183999571753,8.886459010381303e-05,3.6500802341986114e-07,4.698735482438944e-09,0.004097591999785877,418.00000000000006,19.999999999999755,1.750715774730655e-11,7.191000417127764e-14,2.2591194082409446e-12,9.999999999999877,520.7690978848713,6.120054492340174,253.25099765822105,1.0402191241342231,9.999999999999998,3.060027246170087,340.0000000105753,0.0017964404222556851,9.579287596579509e-05,3.9346570184065353e-07,1.1102980495391028e-09,0.0008982202111278426
13,0,348.00000000000006,0.0038606556545062176,0.00015500812937694277,6.127434698183896e-07,3.715862504110607e-09,0.0019303278272531088,418.00000000000006,19.99998567143212,1.3034276987050784e-13,5.15241886972122e-16,1.6186789672649573e-14,9.99999283571606,520.8292952758576,6.080388609633544,264.8649979953568,1.0470050735884615,9.999999999999998,3.040194304816772,340.00000000002075,9.999999999998408,1.8164650724038396e-09,7.1804434757226485e-12,1.1279014236421721e-10,4.999999999999204
14,0,352.3467883929059,0.3799073661624133,0.3891817292258711,0.0016163570831395952,0.0009645725578861939,0.18995368308120664,418.00000426357946,19.99985579497449,1.563878598205278e-31,6.495130833627752e-34,2.0404908185453414e-32,9.999927897487245,520.8983467275103,6.06092375103332,252.9044291262333,1.0503675652726114,9.999999999999998,3.03046187551666,349.537421587688,0.066391820890468,976.5489054745641,4.0558217970195045,0.4229736586879016,0.033195910445234
15,0,354.44302189907944,7.16742466805501,90.80195609133139,0.39125740919154445,4.404996715338546,3.583712334027505,420.2225463892987,5.004726882424963,20.4357962260558,0.08805599604187664,0.6922439887635632,2.5023634412124816,520.8221468669367,6.077688924818919,243.09402516698455,1.0474701490033054,9.999999999999998,3.0388444624094597,348.87002175386544,8.746773284129437,84.45685148418042,0.36391692781307966,4.999999999999999,4.373386642064719
16,0,352.45661947626706,7.466056303990789,197.6245323697804,0.8526854693384679,9.999999999999998,3.7330281519953945,418.8867562650884,7.309545261838401,162.90844128248568,0.7028968471092296,8.07052583246165,3.6547726309192003,520.7578410197657,6.039553508883629,244.30214643389468,1.0540841660416982,9.999999999999998,3.0197767544418146,346.7555351490961,6.469427113066922,114.03450876990875,0.49202175188104313,4.999999999999999,3.234713556533461
17,0,353.57477570044165,4.8818883091703515,14.746267756163705,0.058488266779600874,0.44851447945619977,2.4409441545851758,418.9038236613225,3.8315139040472053,4.475335691645642,0.017750567953157548,0.10683228964806378,1.9157569520236026,520.8481745549541,6.0629931124096785,264.7319822988408,1.0500090641115092,9.999999999999998,3.0314965562048393,348.76101777367666,8.513664699132633,22.1238375861854,0.08774999452919248,1.1735011433809355,4.2568323495663165
18,0,348.00000000000006,19.999999999262084,1.8803473333329964e-07,7.291364777822443e-10,2.2906498019805205e-08,9.999999999631042,418.00000000000006,19.95416213285501,2.6835704103955535e-10,1.04059980952995e-12,3.2616481950531457e-11,9.977081066427505,520.892680265127,6.087358444331948,269.69972291869755,1.0458062855824592,9.999999999999998,3.043679222165974,340.0000046360112,9.99999999792025,7.951138622510445e-08,3.0831884656646786e-10,4.843061115675235e-09,4.999999998960125
19,0,348.00000000002007,0.00014342301944836322,0.0008363560305563533,3.255444030751663e-06,7.33413621130769e-10,7.171150972418161e-05,418.00000000000006,19.96827745945674,2.1642000164584485e-10,8.423962723441603e-13,2.6422683094529763e-11,9.98413872972837,520.7406958676878,6.111253353004967,267.62753500583227,1.041717198738862,9.999999999999998,3.0556266765024835,349.9973853412494,3.938749675919855e-08,1.2419966677706187,0.00483436537860282,2.991009059840452e-10,1.9693748379599274e-08
20,0,348.0000000000002,19.999999999741053,3.105943636508087e-08,1.2191548774618473e-10,3.8300880065727144e-09,9.999999999870527,418.00000000000006,19.964708628377455,2.079714760909167e-10,8.163362543637095e-13,2.5600705740792074e-11,9.982354314188727,520.8758474173125,6.07750741184726,266.86358481290034,1.047501433114798,9.999999999999998,3.03875370592363,340.0000016342417,6.021325159366597e-05,0.00307637190597346,1.2075472877127911e-05,1.1421314857358313e-09,3.0106625796832986e-05
0,1,348.00000000000136,0.013171165728746104,6.146431252680262e-05,2.518459487433e-07,5.210495923924931e-09,0.006585582864373052,418.00000000000006,19.95927416484657,1.9624888290934522e-10,8.04116796792682e-13,2.5210633260816154e-11,9.979637082423285,520.7814064890094,6.110255668491883,254.2780075291641,1.0418872906585104,9.999999999999998,3.0551278342459414,340.0000000113383,9.999999998167455,2.7125634294807786e-08,1.1114548952712473e-10,1.7458692665703435e-09,4.999999999083728
1,1,348.00000000000136,19.999999990671512,4.530842680626803e-08,1.9311602526698392e-10,6.066918859862417e-09,9.999999995335756,418.00000000000006,0.009652680351084797,1.0827501583798847e-07,4.614956238440703e-10,6.997378865290995e-12,0.0048263401755423985,520.7898692335773,6.084819531308914,245.46698574817557,1.0462426520489378,9.999999999999998,3.042409765654457,340.00000191678276,8.324879183518874e-05,0.00310597466761243,1.3238453079687925e-05,1.7311514226964887e-09,4.162439591759437e-05
2,1,348.0000000000006,0.006647451388921866,6.874868589139639e-05,2.860075759934841e-07,2.986431683089958e-09,0.003323725694460933,418.00000000000006,0.007577274799597689,8.217263968891922e-08,3.4185377052210576e-10,4.0688650792155485e-12,0.0037886373997988443,520.8968499313172,6.097516613037129,250.9654833439346,1.044064022730863,9.999999999999998,3.0487583065185646,340.0000000071635,0.002935743952701131,4.727137163572391e-05,1.966578741123618e-07,9.06879097595911e-10,0.0014678719763505654
3,1,348.00000000000006,19.999999999811827,2.49690539776071e-08,1.0373162831378546e-10,3.2588252145242925e-09,9.999999999905913,418.00000000000006,19.96574273821559,1.9003270819009066e-10,7.894733325145252e-13,2.4759553723954386e-11,9.982871369107794,520.8462779432516,6.095753691202553,251.38745752098902,1.0443659711617888,9.999999999999998,3.0478768456012766,340.00000122590507,7.195395143888561e-05,0.0020005093799874978,8.310931428527904e-06,9.39343046472204e-10,3.5976975719442805e-05
4,1,348.0000000000603,19.999999998555825,5.1578905106161387e-08,2.0906243970754247e-10,6.567890246793486e-09,9.999999999277913,423.9999444505886,0.0006226400976174773,4.112245203738429e-07,1.6667977212771392e-09,1.6301961405078022e-12,0.00031132004880873865,520.8200001971635,6.070223444164938,258.74475200366123,1.0487583829875955,9.999999999999998,3.035111722082469,349.995806749053,1.0506058955263493e-07,2.883176782457036,0.011686249853655906,1.928567651485976e-09,5.2530294776317464e-08
5,1,348.00000000000006,0.021552671922194122,5.2154824755678163e-05,2.1396353540525987e-07,7.243705084358708e-09,0.010776335961097061,418.00000000000006,19.943402841075553,3.323666762112961e-10,1.363523881562307e-12,4.271514526212797e-11,9.971701420537777,520.7815760608604,6.086091702248966,254.97426957569044,1.04602395677399,9.999999999999998,3.043045851124483,340.0000008276922,9.999999995413782,4.443299806738096e-08,1.8228498321465198e-10,2.8633258193212634e-09,4.999999997706891
6,1,348.00000000000125,0.012876022564825007,6.323446312944334e-05,2.5848600006397246e-07,5.228036755970153e-09,0.0064380112824125035,418.00000000000006,0.01428685307049804,9.342847445260907e-08,3.819112467816496e-10,8.570751499671764e-12,0.00714342653524902,520.877864861816,6.097688211507399,255.40636632002287,1.0440346411385366,9.999999999999998,3.0488441057536995,340.0000000085336,0.004810706369406503,5.162254817555996e-05,2.1101951895590764e-07,1.5945985154292955e-09,0.0024053531847032517
7,1,348.00000000000006,0.008277367455406193,6.304601925842891e-05,2.6063553499337624e-07,3.388798445661369e-09,0.004138683727703096,418.00000000000006,19.96482273604819,1.4266078194277733e-10,5.897671202969419e-13,1.8495492165580203e-11,9.982411368024096,520.7154221850653,6.133396728172879,251.07479054766569,1.0379562917287897,9.999999999999998,3.0666983640864394,340.0000001853634,0.00321558329920002,4.8758045231400314e-05,2.0156830444799667e-07,1.0181268342020624e-09,0.00160779164960001
8,1,348.0000000009826,19.999999999712067,1.109380077953001e-07,4.5259780735189525e-10,1.4218779465870922e-08,9.999999999856033,418.00000000000006,19.969359829859634,8.886873421028437e-11,3.6256099280175707e-13,1.1372739647409236e-11,9.984679914929817,520.7904259204417,6.121123058795016,254.92764224764582,1.0400375327414249,9.999999999999998,3.060561529397508,340.000003646084,9.187328753945678e-05,0.004180963977468566,1.7057230127217944e-05,2.4616009054769673e-09,4.593664376972839e-05
9,1,348.00000000000006,19.999999999808892,2.7881460361711604e-08,1.135301287766133e-10,3.566654185223034e-09,9.999999999904446,418.00000000000006,19.965311255557797,1.868153538352181e-10,7.606908283572736e-13,2.3856357933903293e-11,9.982655627778898,520.7302780454196,6.117560185934926,255.5678733256819,1.0406432515878694,9.999999999999998,3.058780092967463,340.00000146358536,0.0009470092137675579,0.0001707003870539477,6.950725203427876e-07,1.0339611013859514e-09,0.00047350460688377893
10,1,348.00000000000006,19.99999999917846,2.9300165035396686e-07,1.144488054395154e-09,3.595515263661398e-08,9.99999999958923,423.9999309809455,0.0002104495531484729,8.370018268998086e-06,3.269396575877622e-08,1.0807754931955208e-11,0.00010522477657423646,520.8964831012074,6.053625973708731,269.2299317442144,1.051633806139428,9.999999999999998,3.0268129868543654,340.00000150165977,9.999999995617788,1.6247395484519668e-07,6.34636358689533e-10,9.96884460643151e-09,4.999999997808894
11,1,348.00000000000034,19.999999998912678,2.9865080922772875e-08,1.1786393754818258e-10,3.7028048030440585e-09,9.999999999456339,418.00000000000006,0.006189752258055847,1.2713122896441835e-07,5.017293363387502e-10,4.878234116081605e-12,0.0030948761290279236,520.9113594569396,6.0673408138948846,265.8670289248478,1.0492566544303088,9.999999999999998,3.0336704069474423,340.0000016345884,5.144564798165163e-05,0.003859791773072391,1.5232848612290126e-05,1.230976167377322e-09,2.5722823990825816e-05
12,1,359.97638836315394,19.99999999894477,3.3228474633966816e-08,1.322741618065796e-10,4.155515349693729e-09,9.999999999472385,418.00000000000006,19.959753484153744,2.3515182177932893e-10,9.360799875945936e-13,2.934864200706881e-11,9.979876742076872,520.9377631170586,6.074354779755562,263.27847655300553,1.0480450935946146,9.999999999999998,3.037177389877781,340.00000142716425,5.0027821796305716e-05,0.0055027576115285,2.1905087690834362e-05,1.7213788685104874e-09,2.5013910898152858e-05
13,1,353.5860799973067,5.416030037173569,21.198478091930838,0.08927584312334622,0.7595124577294088,2.7080150185867846,419.1137544486954,1.3605781835799595,8.85905333142582,0.03730925644793262,0.07973701504724427,0.6802890917899798,520.792494540195,6.101234568703477,247.7611014051926,1.0434277935045269,9.999999999999998,3.0506172843517385,348.4298641756472,9.932941449761032,32.33975003822285,0.136196496679618,2.125023264907486,4.966470724880516
14,1,352.48033971407807,8.203788803496957,186.3933315275252,0.7760070226286359,9.999999999999998,4.101894401748479,419.6969673301643,6.5320374209363425,72.61649633882993,0.30232257053304057,3.1019808520418644,3.2660187104681713,520.8820690460265,6.027355688853412,253.69857117606,1.0562173616946204,9.999999999999998,3.013677844426706,346.59401518668705,7.457654680020056,102.52093934630233,0.42682304268737553,4.999999999999999,3.728827340010028
15,1,352.6224008988841,7.251487045756667,232.35716908629448,0.8779161685741551,9.999999999999998,3.6257435228783335,419.20675069479654,6.191185307884188,66.42274407020494,0.2509653616869428,2.4406610154214623,3.095592653942094,520.9550334829598,6.800717669116036,247.7584107438716,0.9361067512898675,9.999999999999998,3.400358834558018,346.97625360280017,6.099467428849674,138.1214852995555,0.5218650478863563,4.999999999999999,3.049733714424837
16,1,354.31381501134837,6.7132597786456625,68.88640484024808,0.2896998398100852,3.0549322639545666,3.3566298893228312,419.33191458817663,4.656717398177533,18.384484184140252,0.07731543162236096,0.5655434078719919,2.3283586990887666,520.8156127953073,6.062117400705661,249.71293822828497,1.0501607446491807,9.999999999999998,3.0310587003528306,348.9134768711917,9.316975407891626,81.23822816645092,0.34164508571545343,4.999999999999999,4.658487703945813
17,1,354.3386314725003,4.638116770528129,8.11823609977027,0.03319193772855325,0.24182108333298713,2.3190583852640647,422.7502692814205,19.999600832893968,1.7063860203202082e-13,6.976670526858034e-16,2.1917419429318694e-14,9.999800416446984,520.8436234766875,6.099180610041147,255.29229032657398,1.0437791780087757,9.999999999999998,3.0495903050205735,349.9917203938791,6.8617924284514435,10.021354451271609,0.04097296122143823,0.44162617512634517,3.4308962142257218
18,1,348.00000000000006,0.003870341067841565,6.458957460435937e-05,2.524347624066421e-07,1.5346815639416466e-09,0.0019351705339207825,418.00000000000006,19.964766121343633,2.1007020376376582e-10,8.210151917031205e-13,2.5747513658684485e-11,9.982383060671816,520.7685047721045,6.117215484537556,266.28064931365543,1.0407018912064825,9.999999999999998,3.058607742268778,349.8591050543514,0.0010290620577109166,0.00010673489211121767,4.171508683194717e-07,6.743022280509224e-10,0.0005145310288554583
19,1,348.00000000000085,0.008230951444524237,8.647270165662853e-05,3.438696472144294e-07,4.445941663014202e-09,0.0041154757222621186,418.00000000000006,19.964422097350436,1.639673884899092e-10,6.520370816976125e-13,2.0447909548463468e-11,9.982211048675218,520.850811933968,6.099992076225829,262.44363043944674,1.043640326761652,9.999999999999998,3.0499960381129143,340.00000000844625,0.003828487846572415,5.4332753839498814e-05,2.1606107519533856e-07,1.2993426161214298e-09,0.0019142439232862074
20,1,348.00000000000045,19.999999999697923,4.597976903383321e-08,1.7785381830436905e-10,5.587442489894605e-09,9.999999999848962,423.99787375703835,19.999999999998654,4.149863413610836e-11,1.6052039169861821e-13,5.042896833117011e-12,9.999999999999327,520.818808838739,6.111328021597374,269.30729648348284,1.0417044709722225,9.999999999999998,3.055664010798687,340.000002021709,6.437195272646079e-05,0.0038255153087981995,1.4797431978201816e-05,1.4962456918850368e-09,3.2185976363230395e-05
0,2,348.00000000000006,19.999999999781295,2.595179830680229e-08,1.0952084227592562e-10,3.4406987350525187e-09,9.999999999890647,418.00000000000006,19.965377049882296,1.868878274320416e-10,7.88697262112664e-13,2.473476146951519e-11,9.982688524941148,520.8123780625207,6.09547696232165,247.48171158388902,1.0444133843877332,9.999999999999998,3.047738481160825,340.00000140125223,0.0003337907678222507,0.0004528091388341314,1.9109287799278218e-06,1.001933041340495e-09,0.00016689538391112535
1,2,348.0000000000027,19.99999999964534,4.753865892100716e-08,2.0764789569078384e-10,6.523451036239782e-09,9.99999999982267,418.00000000000006,19.965439627369257,1.0002376580461355e-10,4.369017755193284e-13,1.3701955862572556e-11,9.982719813684628,520.8321692790813,6.1028628709562,238.817365432999,1.0431493969777423,9.999999999999998,3.0514314354781,340.00000235088334,7.784952549094726e-05,0.003082338199589605,1.3463590590883686e-05,1.6464052553797987e-09,3.892476274547363e-05
2,2,348.0000000000023,0.05386872139300536,4.546552932385055e-05,1.8796703291969243e-07,1.5905166893833664e-08,0.02693436069650268,423.99971674489933,0.0008469318093779488,2.813231872308663e-06,1.1630676158774476e-08,1.5472955806581934e-11,0.0004234659046889744,520.8843571126749,6.092412797772239,252.7501178650838,1.044938669619315,9.999999999999998,3.0462063988861194,340.00000330437064,9.999999996466753,6.638663644233531e-08,2.744606576270092e-10,4.311217926978919e-09,4.999999998233377
3,2,348.00000000000045,19.99999999960511,6.253584730135454e-08,2.51970536914288e-10,7.915887876753735e-09,9.999999999802554,423.99995351202,0.0001250096390915112,6.688396897414781e-06,2.6949006530866293e-08,5.291833094924979e-12,6.25048195457556e-05,520.8854924284049,6.072740372144377,260.180465242752,1.048323711133366,9.999999999999998,3.0363701860721886,340.00000252803227,5.71130753552751e-05,0.00555464080145737,2.2380856508822084e-05,2.007853980956635e-09,2.855653767763755e-05
4,2,348.0000000000158,0.013061145869098567,0.00016259371912354792,6.664729382826514e-07,1.3673625360932501e-08,0.0065305729345492836,418.00000000000006,0.020834370294256388,4.49625376780181e-08,1.8430179689870457e-10,6.031562400589962e-12,0.010417185147128194,520.9469398122582,6.102716497432659,254.49436637939468,1.0431744168935255,9.999999999999998,3.0513582487163293,349.82928044840725,9.999999999179634,4.357539627273942e-08,1.7861589332768698e-10,2.8056918912330285e-09,4.999999999589817
5,2,359.8450090044465,19.999999999686015,4.45482916930096e-08,1.8048143802888003e-10,5.669991598119495e-09,9.999999999843007,418.0028718190509,0.00984387830185085,1.0117833587706595e-07,4.099104783254197e-10,6.338334180671738e-12,0.004921939150925425,520.8927936263689,6.099647773423505,257.61661992778477,1.0436992364401236,9.999999999999998,3.0498238867117524,340.00000170446657,4.985859767359102e-05,0.006077448387003602,2.4621968267412257e-05,1.928335975509118e-09,2.492929883679551e-05
6,2,348.0000000000013,19.99999999833458,4.853143534083944e-07,1.9762724925122104e-09,6.20864314345095e-08,9.99999999916729,418.00000000000006,0.023402909142706818,1.3488393290497699e-07,5.492675096251498e-10,2.0191734816832108e-11,0.011701454571353409,520.8733148612766,6.07059083438403,257.52860260616586,1.0486949124651024,9.999999999999998,3.035295417192015,340.0000098774884,6.126224653968393e-05,0.03096444656223261,0.00012609184862766542,1.2133883131754751e-08,3.0631123269841964e-05
7,2,348.00000000000006,19.999999999819657,2.308305947529221e-08,9.041181651005178e-11,2.8403709854312584e-09,9.999999999909829,423.99998628565635,4.101408594786582e-05,6.933939741308097e-06,2.715888196077039e-08,1.7497048746136345e-12,2.050704297393291e-05,520.8383649375095,6.093793178227503,266.7230743038024,1.0447019676384133,9.999999999999998,3.0468965891137514,340.0000013954654,8.613899061415964e-05,0.001516670542554675,5.9405010391465056e-06,8.037902457088437e-10,4.306949530707982e-05
8,2,348.00000000000017,0.005011703855608118,8.95067780390787e-05,3.6585520621792654e-07,2.8801460890504632e-09,0.002505851927804059,418.00000000000006,0.0076283547418611874,1.1085288767210196e-07,4.531065352550473e-10,5.4293905668788915e-12,0.0038141773709305937,520.8266525943121,6.0873949274516965,255.85583716838707,1.045800017831409,9.999999999999998,3.0436974637258483,340.00000000794023,0.0027007020924951775,6.43302101427089e-05,2.629470394692085e-07,1.1154878477444948e-09,0.0013503510462475887
9,2,348.0000000000037,19.999999999861146,5.8813600906216646e-08,2.2388467625484586e-10,7.0335445416866974e-09,9.999999999930573,418.00000000000006,19.999999999999915,1.3568345124836617e-11,5.165037523262702e-14,1.6226443938597654e-12,9.999999999999957,520.8458879729706,6.126039382022759,272.9944006627879,1.0392028726354279,9.999999999999998,3.0630196910113794,340.0000028644639,0.0014664676367370788,0.00014602058024215133,5.558539152565856e-07,1.2804217098785277e-09,0.0007332338183685394
10,2,348.0000000000003,0.014702013059828545,5.620311083292138e-05,2.2711751993391133e-07,5.245022051021472e-09,0.007351006529914272,418.00000000000006,19.958360698458495,1.9150765543464272e-10,7.738849879675473e-13,2.4261696540679187e-11,9.979180349229248,520.9018147513946,6.083406720386558,258.96614207221154,1.046485631536286,9.999999999999998,3.041703360193279,340.0000000089703,9.999999996202627,2.7526938730567977e-08,1.1123672628094567e-10,1.747302409804472e-09,4.9999999981013135
11,2,352.2593066926936,6.019689578246125,10.569983398025895,0.044117322980049806,0.41716044786900475,3.0098447891230626,418.83865244287216,2.2271771261179856,4.124371858418973,0.017214430573436964,0.06022368087896557,1.1135885630589928,520.8267248289472,6.076182610377613,251.0235452679402,1.0477298218132678,9.999999999999998,3.0380913051888063,347.5130202302689,6.421530058975268,9.048001818583906,0.03776482928337389,0.38093065427950895,3.210765029487634
12,2,351.5780244193321,8.60048766294571,111.12267158651304,0.48378642743737926,6.535768100952626,4.300243831472855,419.8693925887522,6.764488955283564,72.61584600360364,0.31614215363852083,3.359210944130951,3.382244477641782,520.8813138247496,6.046494791437778,241.83849629135878,1.052874093713064,9.999999999999998,3.023247395718889,345.4913910302714,9.999999999999998,73.11376040974228,0.3183098861837907,4.999999999999999,4.999999999999999
13,2,351.92475968277216,9.129168017062653,138.59946590462658,0.5655038467307589,8.109361121318575,4.564584008531327,419.8233658036537,6.485461681071108,66.13022092733107,0.2698199020860174,2.7487469157003126,3.242730840535554,520.9007205779125,6.006482326262565,259.76815672520564,1.0598878641231388,9.999999999999998,3.0032411631312823,345.781038374386,9.95451669894374,78.3710997471787,0.3197642796837802,4.999999999999999,4.97725834947187
14,2,353.276233025355,6.312397528703399,44.807241731189656,0.18659299582792876,1.850161143059026,3.1561987643516995,419.5886777929851,5.218785102921812,17.58961237565927,0.07324928609344981,0.6004718980726717,2.609392551460906,520.9499416763134,6.035089807481928,253.3082056150571,1.0548637927116506,9.999999999999998,3.017544903740964,347.88192046211975,8.78455859319327,55.542948488972925,0.23130022637522926,3.191654547039227,4.392279296596635
15,2,353.38146954667155,5.603071214435318,20.348414895102245,0.08338611304284753,0.7339048360632109,2.801535607217659,422.6604623308917,19.93975952697968,1.1535004818182438e-27,4.726949104769168e-30,1.4805419582687284e-28,9.96987976348984,520.9290258404106,6.0519686841716815,256.69671140037093,1.0519217887438785,9.999999999999998,3.0259843420858408,348.31512895394036,5.440055453971562,14.367908091940063,0.05887849321531822,0.5031296262546466,2.720027726985781
16,2,351.72046773809365,0.5972930991763493,5.2602683986338485,0.02141178171959976,0.020089086166181574,0.29864654958817466,418.0000000002049,14.208872253417029,2.2325647297993718e-14,9.087594975525659e-17,2.0282825275411437e-15,7.1044361267085145,520.7997464748863,6.090643911212925,256.7863950497369,1.0452421478713592,9.999999999999998,3.0453219556064623,348.16107235110246,9.99990469422498,6.661714469336993e-35,2.7116330439106126e-37,4.2593826302272954e-36,4.99995234711249
17,2,359.94616304185195,0.007297885866787368,7.61415577192087e-05,3.0201906825620355e-07,3.462193267309642e-09,0.003648942933393684,418.00000000000006,0.010730429564127064,1.1991233384875127e-07,4.756379095234914e-10,8.017028857255716e-12,0.005365214782063532,520.8107857527566,6.077692394760285,264.0759198908251,1.0474695509704068,9.999999999999998,3.0388461973801424,340.0000000104743,0.0023105514234398328,0.00011217180685763334,4.449347453159686e-07,1.614848695799009e-09,0.0011552757117199164
18,2,348.0000000000913,19.999999999757307,8.203920049808216e-08,3.444057617715084e-10,1.0819826110222377e-08,9.999999999878654,418.00000000000006,19.97713479491916,4.6288192441010865e-11,1.9432076473057778e-13,6.0977875318536165e-12,9.98856739745958,520.859092349789,6.1019541686738235,248.52048503337318,1.04330474266073,9.999999999999998,3.0509770843369117,340.0000022666451,6.214283796346365e-05,0.004713686846402897,1.9788356044811527e-05,1.9316154738373776e-09,3.1071418981731824e-05
19,2,348.0000000000024,0.016781360814590585,0.00027046488465563883,1.0346641171680935e-06,2.7273849518582414e-08,0.008390680407295292,423.99985636448736,0.00034584380698837736,7.121068065373024e-06,2.7241664338548255e-08,1.4799039100694464e-11,0.00017292190349418868,520.899156266733,6.08888151005152,273.309104830495,1.0455446888178885,9.999999999999998,3.04444075502576,340.0000001447424,6.78945435570455e-05,0.013263078779444373,5.073794224243515e-05,5.411125414409597e-09,3.394727177852275e-05
20,2,348.0000000000005,0.007451939232836935,7.377592508352021e-05,2.8881153651714714e-07,3.380677310514591e-09,0.0037259696164184675,418.00000000000006,19.959085601813975,2.531624011910682e-10,9.910580178234225e-13,3.1071312379346797e-11,9.979542800906987,520.9790039961513,6.071562753975084,267.84266756452035,1.048527040177231,9.999999999999998,3.035781376987542,340.00000006128585,4.6627316097058724e-05,0.004253156307980154,1.664988418599622e-05,1.2194710981606304e-09,2.3313658048529362e-05
0,3,348.00000000000006,19.99999999785475,2.7525096346511445e-08,1.1606663676129254e-10,3.646340933370401e-09,9.999999998927375,418.00000000000006,19.999999999999197,2.842884006640929e-11,1.1987750422355945e-13,3.766062865993987e-12,9.999999999999599,520.9119266417706,6.061368421859965,249.0754298786993,1.0502905087762855,9.999999999999998,3.0306842109299823,340.0000020840256,6.052221036512151e-05,0.0028328481706287848,1.1945431742764292e-05,1.1356290901067779e-09,3.0261105182560755e-05
1,3,348.00000000015257,0.00015370394579505842,0.002005444210788807,8.45267772744422e-06,2.0407941688811167e-09,7.685197289752921e-05,418.00000000000006,0.0008453886372592478,2.1002872024016436e-07,8.852428185969654e-10,1.1755434759338833e-12,0.0004226943186296239,520.7957618776472,6.084628492035436,248.23460848188284,1.046275500962621,9.999999999999998,3.042314246017718,349.99553079078447,6.252863479471187e-08,1.959530435820794,0.008259157338810542,8.112123678313311e-10,3.1264317397355934e-08
2,3,348.00000000000006,19.99999999967925,3.2619577876273515e-08,1.3956380958209377e-10,4.384526388830789e-09,9.999999999839625,423.99994546308915,0.0001507221993738428,6.047411671642729e-06,2.5874026151012117e-08,6.125776008548395e-12,7.53610996869214e-05,520.84949642138,6.087987192215808,244.406028453917,1.0456982780475834,9.999999999999998,3.043993596107904,349.9606822096233,9.999999998281412,2.2565212314863146e-08,9.654591505249896e-11,1.5165396870545441e-09,4.999999999140706
3,3,348.00000000000006,19.999999999421366,4.1957630817263834e-08,1.685144676540549e-10,5.294038135902572e-09,9.999999999710683,418.00000000000006,19.97318820208634,1.369537023420961e-10,5.500472689686353e-13,1.7257078871893376e-11,9.98659410104317,520.7304250524442,6.094948238827225,260.06617235228117,1.044503984975725,9.999999999999998,3.0474741194136126,340.0000021690814,9.999999997029372,3.185479027799856e-08,1.2793842076802352e-10,2.0096520133865197e-09,4.999999998514686
4,3,348.00000000000057,19.999999999396945,4.8569935332665685e-08,1.978896864977985e-10,6.216887853039254e-09,9.999999999698472,418.00000000000006,19.955867190254242,2.5831630998914935e-10,1.052464518449573e-12,3.299118730561139e-11,9.977933595127121,520.8787259688803,6.077314876010708,257.106318211525,1.0475346190807764,9.999999999999998,3.038657438005354,340.0000014036199,5.843519596382407e-05,0.005529796546489365,2.2530186575015372e-05,2.0680411208660484e-09,2.9217597981912036e-05
5,3,348.00000000000017,19.99999999989636,2.7950873700724085e-08,1.1442308375198084e-10,3.5947071931444985e-09,9.99999999994818,423.9999845465892,4.756328674693222e-05,4.4030894587872145e-06,1.802502058807635e-08,1.3466895941067541e-12,2.378164337346611e-05,520.8265229250864,6.110262821944306,254.5083126861157,1.0418860708924575,9.999999999999998,3.055131410972153,340.00000157229385,6.321473721193627e-05,0.0020381464048494806,8.343603111585357e-06,8.284987381683479e-10,3.1607368605968134e-05
6,3,348.00000000000006,0.00463072330040859,6.29358580033607e-05,2.554552671035128e-07,1.8581619813487526e-09,0.002315361650204295,418.00000000000006,19.965497944199065,1.812425951721926e-10,7.356597181494526e-13,2.3071562065562556e-11,9.982748972099532,520.8746887997992,6.092014889535151,257.4556710123454,1.0450069212095412,9.999999999999998,3.0460074447675756,349.96259510095206,0.0007579764540039946,0.00015172342057560699,6.158420359809925e-07,7.332379277562692e-10,0.0003789882270019973
7,3,348.0000000000003,0.004920813704192284,5.447890662236837e-05,2.2036022607635655e-07,1.7032955421770117e-09,0.002460406852096142,423.999972166863,8.49350080639466e-05,5.641102213073512e-06,2.281753867803072e-08,3.0442155832052225e-12,4.24675040319733e-05,520.8114865531893,6.072006932285558,259.2047989225424,1.0484503385241557,9.999999999999998,3.036003466142779,340.0000000050927,0.0013244460930472712,8.809928760150461e-05,3.563503773598594e-07,7.413638179897357e-10,0.0006622230465236356
8,3,348.00000000000006,19.99999999666976,6.46685080319332e-07,2.605290593221382e-09,8.184761786768027e-08,9.99999999833488,418.00000000000006,19.932452771005465,5.543019137037e-10,2.2331078998509705e-12,6.991821441674928e-11,9.966226385502733,520.8742701509179,6.096390013160631,259.2054030730826,1.0442569635362455,9.999999999999998,3.0481950065803156,340.00000030300475,9.999999995100449,3.982389578265281e-07,1.6043793838067372e-09,2.5201532416343202e-08,4.9999999975502245
9,3,353.0558786791288,0.2895588758975089,49.256103569836014,0.202544424867504,0.09212490489547426,0.14477943794875445,418.00000011492784,19.999976147111123,1.6337347697678337e-18,6.718027723396952e-21,2.1105281371309845e-19,9.999988073555562,520.8546726056713,6.073913683117491,254.88910208680522,1.0481212041868044,9.999999999999998,3.0369568415587453,349.7059296954266,3.5765910984205256,4.378151768074052,0.018003255791232634,0.10114402222545447,1.7882955492102628
10,3,353.9373619495474,6.954826727228224,34.592763822961324,0.14543548242392748,1.588826838487257,3.477413363614112,420.29502670653557,3.9901475680623846,7.8704052614969395,0.03308889084247902,0.20739154367446525,1.9950737840311923,520.9273053220476,6.078387611349083,249.11886573848486,1.0473497464671968,9.999999999999998,3.0391938056745413,348.45143911855445,9.999999999999998,43.5956102341004,0.18328540149062694,2.879040354166046,4.999999999999999
11,3,351.8685159284167,8.031572823487306,94.43438580914687,0.4103626915212616,5.177121390273527,4.015786411743653,419.31285860280485,6.109426111512331,50.03327928145296,0.21741859149766726,2.0864931905651294,3.0547130557561655,520.867571167629,6.048773369064682,242.20053626779927,1.0524774752240742,9.999999999999998,3.024386684532341,346.2615057417942,9.922154646765248,73.82550493845926,0.32080722133026196,4.999999999999999,4.961077323382624
12,3,351.92261963694034,7.259805193553586,55.47959237135446,0.24113528992063019,2.7498285571690584,3.629902596776793,419.83896766027425,5.86353525141823,25.278110695774348,0.10986822885199433,1.0119324922767035,2.931767625709115,520.9177859899978,6.077450836262742,241.00783230246776,1.0475111844081377,9.999999999999998,3.038725418131371,345.67252736738004,9.999999999999998,44.7050214071749,0.19430492974373526,3.0521346991959972,4.999999999999999
13,3,352.1196455901769,5.8076064207553735,11.951531035660203,0.049552235222946585,0.4520435775554303,2.9038032103776867,420.271986637648,3.801061330254259,5.512523621362169,0.02285547067925915,0.13646300280716187,1.9005306651271294,520.9253224881077,6.075472483648271,252.73207247070007,1.0478522848733178,9.999999999999998,3.0377362418241356,346.73026051844454,7.576796930932757,16.319498482227303,0.06766226227409669,0.8052895046469492,3.7883984654663787
14,3,348.7664010931423,0.028601526473399468,90.95532183616659,0.37367704424286774,0.016788253110120176,0.014300763236699734,419.5147388793495,14.295517842903124,2.451373942628079e-28,1.0071122290845522e-30,2.2615054488711796e-29,7.147758921451562,520.8204288383644,6.098836991156619,254.07667249649091,1.0438379863090077,9.999999999999998,3.0494184955783097,349.9999999993239,2.6866879558457364,2.469727680199425,0.010146526019489607,0.042820770628685396,1.3433439779228682
15,3,348.00000000385467,19.99999999976551,7.498479448485131e-08,2.9854178170260726e-10,9.378966681755223e-09,9.999999999882755,418.00000000000006,19.993065330616492,3.3016821185947856e-11,1.3145199224358198e-13,4.128254230922877e-12,9.996532665308246,520.9384275537948,6.069176083236015,263.4622948628573,1.048939367776825,9.999999999999998,3.0345880416180075,349.995779891806,9.993665972277892e-08,2.1964050976123675,0.008744688782395153,1.3727424518684785e-09,4.996832986138946e-08
16,3,348.00000000000097,0.00717827752673017,8.85453893290892e-05,3.4784424478149437e-07,3.922156730745895e-09,0.003589138763365085,418.00000000000006,19.961996395102226,2.1701078291482687e-10,8.525113782254261e-13,2.6731543375774336e-11,9.980998197551113,520.8103333590606,6.107067582177164,265.35576454823905,1.0424311894394116,9.999999999999998,3.053533791088582,340.0000000095939,0.002807543396151857,7.362976211155198e-05,2.892492674005314e-07,1.2756120776959364e-09,0.0014037716980759285
17,3,348.00000000000006,19.999999999727105,3.772553192672935e-08,1.5018149660171644e-10,4.7180908642263514e-09,9.999999999863553,423.99754703708504,19.99999999999893,4.0684956731294004e-11,1.6196266504469496e-13,5.088207186602108e-12,9.999999999999465,520.8154536634772,6.0996592711185,262.17633688589945,1.0436972690949076,9.999999999999998,3.04982963555925,349.9885149149,9.99999999916412,2.455362231842359e-08,9.774546728555173e-11,1.5353822096016144e-09,4.99999999958206
18,3,348.0000000000002,0.005669877110094035,7.52222082036064e-05,2.8179567538881616e-07,2.5097348825163504e-09,0.0028349385550470174,418.00000000000006,19.960819901803895,2.532843077509909e-10,9.488477442045806e-13,2.975053518344822e-11,9.980409950901947,520.8960020229769,6.073994017605793,279.7805487008443,1.048107341762776,9.999999999999998,3.0369970088028966,340.00000000550915,0.0024682095081942634,6.879670734428278e-05,2.577246144932958e-07,9.992123581432873e-10,0.0012341047540971317
19,3,348.0000000000012,19.9999999988501,4.2023576437462114e-08,1.614726067001999e-10,5.072811549361758e-09,9.99999999942505,418.00000000000006,19.999999999999194,3.764427961665791e-11,1.4464546981380266e-13,4.544171453420683e-12,9.999999999999597,520.7961094299591,6.104238333854283,271.4205931920521,1.0429143450000462,9.999999999999998,3.0521191669271417,340.0000017547393,7.322629701889127e-05,0.0029312383167141433,1.1263074968493168e-05,1.2955194117230645e-09,3.6613148509445637e-05
20,3,348.00000000000097,0.01095031232326349,6.766222219607685e-05,2.717158602840602e-07,4.6737058169420435e-09,0.005475156161631745,418.00000000000006,0.01194862502035221,8.330035358643782e-08,3.34514984907157e-10,6.278463679316186e-12,0.005974312510176105,520.8257362282026,6.117550616501087,259.1396210186254,1.0406448794234804,9.999999999999998,3.0587753082505436,340.0000000084837,9.999999998967905,2.321977179514814e-08,9.324524179290181e-11,1.4646928328427512e-09,4.999999999483952
0,4,348.00000000000114,0.007969265424911498,0.00010281184940574548,4.352322334486406e-07,5.4482775125409954e-09,0.003984632712455749,418.00000000000006,0.009291354350970948,9.831806064820542e-08,4.162087285812994e-10,6.0744936759254035e-12,0.004645677175485474,520.8007836539197,6.097173349326299,246.6457860019526,1.044122802311212,9.999999999999998,3.0485866746631496,340.00000001029673,0.002785980274275346,8.200193572255425e-05,3.4713786239550594e-07,1.5191473451904957e-09,0.001392990137137673
1,4,348.00000000000006,19.99999999834351,2.1121401185179355e-08,8.844757299661399e-11,2.778662455309954e-09,9.999999999171756,418.00000000000006,19.999999999999027,2.3847233229986418e-11,9.986221479266844e-14,3.1372640036383788e-12,9.999999999999513,520.69880272745,6.113048742792325,248.69042794669264,1.0414112485495828,9.999999999999998,3.0565243713961623,340.0000013329251,0.001430091020473867,9.638847148917676e-05,4.03634507641147e-07,9.0671718031042e-10,0.0007150455102369335
2,4,348.0000000000008,0.0058316702265699405,9.147195638082549e-05,3.8825605219048785e-07,3.556567606162136e-09,0.0029158351132849702,418.00000000000006,0.0076750965055865095,6.374916112836243e-08,2.705856374942654e-10,3.2621840711460283e-12,0.0038375482527932547,520.8458842346231,6.107410364682807,245.57986408451342,1.0423726822892874,9.999999999999998,3.0537051823414036,340.00000000847615,0.002859703705642147,5.051501945442111e-05,2.1441284089350136e-07,9.631450706598094e-10,0.0014298518528210735
3,4,348.00000000000006,0.02456529689712994,4.6539698289649536e-05,1.9113267067717618e-07,7.375251297119923e-09,0.01228264844856497,418.0058968976619,0.02333536224383792,1.1258501825837255e-07,4.623724692849407e-10,1.6948309698606143e-11,0.01166768112191896,520.7779192022653,6.1007525359325685,254.0886987695576,1.043510236840424,9.999999999999998,3.0503762679662842,349.9451888562434,9.9999999965931,5.1196483536905534e-08,2.1025750031269755e-10,3.302717090597419e-09,4.99999999829655
4,4,348.00000000000006,19.999999999713065,3.213446539817211e-08,1.2817046207255664e-10,4.026593820485763e-09,9.999999999856533,418.00000000000006,19.96457670759964,1.7827025164976502e-10,7.110428085429124e-13,2.2298504240213178e-11,9.98228835379982,520.9455215575562,6.0745190497225545,262.75522070503365,1.0480167518721635,9.999999999999998,3.0372595248612773,349.98356301057765,9.999999998742112,2.2164558889279726e-08,8.840482389462653e-11,1.3886597262716127e-09,4.999999999371056
5,4,348.00000000000057,0.004817571441851243,8.019186183853894e-05,3.248061206849485e-07,2.4579454787131575e-09,0.0024087857209256214,418.00000000000006,0.006293292840584996,1.287165098359554e-07,5.213485417273411e-10,5.153781248263948e-12,0.003146646420292498,520.7942244555469,6.079545982413863,258.5324534287909,1.0471501888613295,9.999999999999998,3.0397729912069313,340.0000000114558,0.002200214656015831,7.134196813905847e-05,2.889608419359648e-07,9.986744160925771e-10,0.0011001073280079154
6,4,348.00000000000205,0.0077720386843935785,7.432591405101967e-05,3.0707300226604484e-07,3.748836206687239e-09,0.0038860193421967892,418.00224294472855,19.99999999999957,2.3739915026079744e-11,9.808001790055469e-14,3.0812746370033137e-12,9.999999999999785,520.8034463399061,6.098105339593924,252.68753829235763,1.0439632261419318,9.999999999999998,3.049052669796962,340.00000001359035,0.002694260818181249,5.7161824843682754e-05,2.3616060957833118e-07,9.994635806211072e-10,0.0013471304090906244
7,4,348.0000002357415,0.18031577500525486,2.3347930514440137e-05,9.79556654717816e-08,2.7744899706792765e-08,0.09015788750262743,418.00000000000006,19.813383312396436,1.8312169351209899e-10,7.682825396110881e-13,2.391109593238743e-11,9.906691656198218,521.0196992341232,6.0784834718393785,249.63398844650095,1.0473332292782183,9.999999999999998,3.0392417359196893,349.9999457113472,9.868835584783994,4.865475663616441e-08,2.0412982905338887e-10,3.1644064609962834e-09,4.934417792391997
8,4,353.2179460981469,5.717006391051797,32.570004014874534,0.1424298192187738,1.2790557599582766,2.8585031955258984,419.0355268879254,5.455570746164779,16.078951541945866,0.07031384338487917,0.6025608434911577,2.7277853730823893,520.8335852831802,6.076546597284026,239.57427327224522,1.0476670624925757,9.999999999999998,3.038273298642013,347.88114304152833,8.370258521353303,45.475316174082096,0.19886522146675406,2.614674232301105,4.185129260676652
9,4,352.85752499236884,6.396408829748167,60.085652795085906,0.25882612259880194,2.60054394761171,3.1982044148740836,419.4741064328325,5.626528201190622,22.83273684371989,0.09835473978676905,0.869271959733436,2.813264100595311,520.8555267943403,6.079998910876435,243.07444288352187,1.047072181589934,9.999999999999998,3.0399994554382177,347.30774573146766,9.988977182319944,73.9761599720735,0.31866114054911976,4.9999999999988995,4.994488591159972
10,4,353.09976425311373,6.110077343679971,29.196857850774744,0.12464610490763454,1.1963143066413462,3.0550386718399856,419.09779838843383,4.267033291990104,12.934394539193324,0.05521902072096589,0.3701132292689868,2.133516645995052,520.8639128814593,6.073680411201803,245.51927360391977,1.0481614593903417,9.999999999999998,3.0368402056009014,347.8590450311447,9.61522259588993,37.191849626357474,0.15877801693352114,2.3981127235053656,4.807611297944965
11,4,351.3691822296723,4.817908758063238,12.074674714410556,0.05029855897301278,0.38065714938887585,2.408954379031619,418.0000007513863,19.999998593512135,1.2166873285108207e-09,5.068262358387379e-12,1.5922414671841238e-10,9.999999296756068,520.7702959714571,6.092114253670334,250.8603248363353,1.0449898768461787,9.999999999999998,3.046057126835167,347.41632769785616,5.013510967439599,12.950173550877924,0.05394555824201195,0.42483230906440983,2.5067554837197994
12,4,353.060307409855,0.3411070855162773,29.055999918907357,0.11921236406569659,0.06387514781817966,0.17055354275813864,418.14755651265875,19.989344510509145,5.373499505811659e-25,2.204665408801905e-27,6.922470570313681e-26,9.994672255254573,520.9910170861602,6.082394211006993,255.10565393607334,1.0466598353910102,9.999999999999998,3.0411971055034965,349.46482386231315,0.12839484156571282,524.6695962795388,2.1526398368819413,0.4341490208144425,0.06419742078285641
13,4,348.0000000000192,0.005684203686108447,7.322853846662201e-05,2.933173130698115e-07,2.6189499989142187e-09,0.0028421018430542233,418.00000000000006,19.983086894753896,3.412772661773795e-11,1.3669879642973772e-13,4.290887663298136e-12,9.991543447376948,520.9286048124632,6.101640590825138,260.4810709684531,1.0433583605773964,9.999999999999998,3.050820295412569,349.9771036707483,5.121263513352403e-05,0.0023071098352058905,9.241141117789454e-06,7.434000777617974e-10,2.5606317566762016e-05
14,4,348.00000000000006,19.99999999982288,2.302246621603475e-08,9.096721128957406e-11,2.8578192270234547e-09,9.99999999991144,423.9999874596488,0.004114729075908485,7.675628096734938e-08,3.0328222715321994e-10,1.9602347467666935e-12,0.0020573645379542427,520.8272530391051,6.092620145560565,264.4496423854517,1.0449031076251476,9.999999999999998,3.0463100727802823,340.0000013206122,6.979833788633982e-05,0.002015508198535246,7.963749775179505e-06,8.731373447340761e-10,3.489916894316991e-05
15,4,348.00000000000006,19.99999999958793,5.6647345049688506e-08,2.3101437592167745e-10,7.257530662542197e-09,9.999999999793966,418.00000000000006,19.963461832519876,1.5055372509956823e-10,6.139753737099774e-13,1.9253366720895816e-11,9.981730916259938,520.9051801132953,6.084758122649556,256.55315351508494,1.0462532109499376,9.999999999999998,3.042379061324778,340.0000426084501,0.005769620284173271,5.079049842081742e-05,2.071294830348029e-07,1.877193449904193e-09,0.0028848101420866357
16,4,348.0000000000002,0.01082796066965841,6.703229328143908e-05,2.7476050727608684e-07,4.673269815821955e-09,0.005413980334829205,418.00000000000006,19.96590876750398,1.2845567454219382e-10,5.265304910801549e-13,1.6513247317341376e-11,9.98295438375199,520.9826883781403,6.0745051993014,255.68131006295414,1.0480191414451268,9.999999999999998,3.0372525996507,340.0000000065959,0.004059357357920845,5.169383492575119e-05,2.1188927921071965e-07,1.3510958062608547e-09,0.0020296786789604226
17,4,348.0000000005374,0.009718757876324702,0.00014680039098308433,5.998871499221754e-07,9.157990713247612e-09,0.004859378938162351,418.00000000000006,19.972424941308574,7.286837936255232e-11,2.9777035416946785e-13,9.341833707550452e-12,9.986212470654287,520.8378642559082,6.116688369394724,254.69558767435646,1.0407915753121455,9.999999999999998,3.058344184697362,340.00000043027006,6.905614430685603e-05,0.004087838341307482,1.6704599187287638e-05,1.8120002898676348e-09,3.452807215342801e-05
18,4,348.00000000000006,19.99999999964405,4.732080456276605e-08,1.8591899657110398e-10,5.8408175378017095e-09,9.999999999822025,418.00000000000006,0.012023829253511309,8.839193296942224e-08,3.4728360251900715e-10,6.559140825462477e-12,0.0060119146267556545,520.836498163115,6.096979637832409,265.762519048864,1.044155975882366,9.999999999999998,3.0484898189162046,340.00000202633794,0.004642632571416172,5.514877155193403e-05,2.166743436381101e-07,1.580125859778803e-09,0.002321316285708086
19,4,348.0000000000004,0.00010712901179488199,0.006293672339863278,2.4365802121359206e-05,4.100224994808495e-09,5.3564505897440995e-05,418.00000000000006,0.01358259471769685,1.0495670376258434e-07,4.063373714248369e-10,8.669406880330289e-12,0.006791297358848425,520.8959292932523,6.059347454588374,271.37990279320644,1.0506408109762844,9.999999999999998,3.029673727294187,340.0000000767166,9.999999996127274,2.7291531980548663e-08,1.0565851412614864e-10,1.6596800581968613e-09,4.999999998063637
20,4,348.00000000000006,19.99999999979507,4.166608774777529e-08,1.685711001281069e-10,5.295817297645837e-09,9.999999999897534,418.00000000000006,19.967782554189554,1.5469262815286466e-10,6.258496518149556e-13,1.9629974282106754e-11,9.983891277094777,520.9170926687718,6.07411529411521,259.05781303399914,1.0480864151267562,9.999999999999998,3.037057647057605,340.00000179015785,0.002016930476298029,0.00010373870687463551,4.1970218201391443e-07,1.3296949900322533e-09,0.0010084652381490145
0,5,348.00000000000006,0.019403055201738795,5.349452949757533e-05,2.266479966097422e-07,6.907833812995591e-09,0.009701527600869397,418.00000000000006,0.022806345043363763,1.0088535244800525e-07,4.2743553844406707e-10,1.5312503313080857e-11,0.011403172521681881,520.8539883752804,6.09843382060339,246.3878541630465,1.0439069949677555,9.999999999999998,3.049216910301695,340.000000982928,0.008086138889726868,4.244937671144145e-05,1.7985140311247212e-07,2.2844144781604372e-09,0.004043069444863434
1,5,348.00000000000006,19.99999999984661,3.324890150796777e-08,1.398819451071676e-10,4.394520911151581e-09,9.999999999923306,418.00000000000006,19.999999999999353,2.094275449740848e-11,8.810857207710612e-14,2.7680124275571443e-12,9.999999999999677,520.8440530872048,6.091700728521297,248.4032092711287,1.0450608142762698,9.999999999999998,3.0458503642606485,349.99011397296937,0.0004070725196179126,0.0004740029002426516,1.9941846095724887e-06,1.2751375135317341e-09,0.0002035362598089563
2,5,348.00000000000074,0.00913331107103943,8.023761845474252e-05,3.2423399289249285e-07,4.6516461558822995e-09,0.004566655535519715,418.00000000000006,19.967096830863884,1.2539657377974822e-10,5.067178288021923e-13,1.5892820790015577e-11,9.983548415431942,520.9145983816412,6.08970767736841,258.70401114323226,1.0454028437744132,9.999999999999998,3.044853838684205,340.0000000071919,0.0028050958851650876,7.250543095224863e-05,2.92988822908527e-07,1.2909774047444011e-09,0.0014025479425825438
3,5,348.0000000000001,0.005441013240393033,7.656937171605165e-05,3.1178576073519854e-07,2.6647467231770463e-09,0.0027205066201965167,418.00000000000006,0.0073525876748590235,1.0388378109299371e-07,4.230083516453603e-10,4.8855001488616805e-12,0.0036762938374295118,520.7675964532666,6.115863121504298,255.63550501490306,1.0409320151870796,9.999999999999998,3.057931560752149,340.00000000924575,0.0017578889280596144,8.425442647036262e-05,3.4307882987190396e-07,9.473385883705227e-10,0.0008789444640298072
4,5,348.0000001499529,0.2588959148890808,8.935635688978021e-05,3.5388393165497136e-07,1.4391495242070225e-07,0.1294479574445404,418.06867596676955,0.24928917352989544,5.968766961100946e-07,2.3638505338038003e-09,9.256425444164536e-10,0.12464458676494772,520.8222342001526,6.099391529407699,263.54708746825304,1.0437430837128148,9.999999999999998,3.0496957647038494,349.99993353340193,2.620597481047291,1.612947531201173e-06,6.387863536096483e-09,2.6295160500140222e-08,1.3102987405236455
5,5,348.0000000000016,0.009031997734165742,9.020677863334364e-05,3.711541191146773e-07,5.2657226626861124e-09,0.004515998867082871,418.00000000000006,0.011726255306353295,1.0282059043669601e-07,4.230534140399597e-10,7.792457219491752e-12,0.005863127653176647,520.7431909404546,6.116392645413247,252.97036933443715,1.040841896971722,9.999999999999998,3.0581963227066233,340.0000000132472,0.003799281300901569,6.484611419251529e-05,2.668081352174173e-07,1.5922834995999106e-09,0.0018996406504507846
6,5,354.07574621861744,6.05884410421296,51.41004155225241,0.21297395707686675,2.0269178875597675,3.02942205210648,419.35632840547356,4.132923796792198,10.293331233891685,0.04264169835686066,0.2768291176682885,2.066461898396099,520.7759409916896,6.059382326185137,253.6139988373809,1.0506347645641698,9.999999999999998,3.0296911630925685,348.6597338729382,9.308833504070332,69.15042570643583,0.28646621071646045,4.188789566155255,4.654416752035166
7,5,352.3179806931401,8.36203753013617,182.66461193575046,0.7613213526885645,9.999999999999998,4.181018765068085,419.7882665809959,6.551746495332338,74.38035792871666,0.31000725379510286,3.1904270441146876,3.275873247666169,520.8807293711243,6.012798874393456,254.03283434930907,1.058774433781141,9.999999999999998,3.006399437196728,346.5077917681857,7.64882841635767,99.84851648442829,0.41615508788647665,4.999999999999999,3.824414208178835
8,5,353.2159255436801,6.199985543048413,64.68188265024578,0.26585018411420563,2.589092217470638,3.0999927715242066,419.6099604318734,5.749894613028141,28.775163242647917,0.11826932260675628,1.0681982722811594,2.8749473065140707,521.0195310992636,6.039920392166578,256.44521213065855,1.0540201377376426,9.999999999999998,3.019960196083289,347.67085043106687,9.410964523538647,82.29276937275118,0.3382330104290901,4.999999999999901,4.7054822617693235
9,5,351.462026194208,6.253821359526366,20.007644522561986,0.0845405015786542,0.8304818943204147,3.126910679763183,418.87110136190853,0.16989403292489003,184.72046095118202,0.780519686015166,0.2082964478800692,0.08494701646244501,520.9903873272079,6.04139476610046,249.38713755419022,1.0537629090881282,9.999999999999998,3.02069738305023,346.1099350306654,7.189729418236026,15.246061051444165,0.06442085908385724,0.7275434502775928,3.594864709118013
10,5,351.3755769755803,0.3152431471261438,97.4762794393591,0.4065158855228765,0.20129966531263938,0.1576215735630719,419.0941527659226,19.933435249887626,7.570278336967709e-35,3.157115166384228e-37,9.885359122842554e-36,9.966717624943813,520.8654773914317,6.084261490333838,250.89596391464693,1.0463386121372151,9.999999999999998,3.042130745166919,347.82985215762307,0.3523707968649401,34.754837881440295,0.1449418646140174,0.08022572114464911,0.17618539843247005
11,5,353.7436722088507,14.571357000535727,6.063705575992991e-25,2.436588803540842e-27,5.577018946153896e-26,7.2856785002678635,418.0000000000663,19.999986265188884,1.139248694228921e-16,4.577861800871056e-19,1.438176712621632e-17,9.999993132594442,520.8647634138322,6.086173008727961,260.31050276237886,1.0460099827175926,9.999999999999998,3.0430865043639805,349.74865261856377,0.2685207903456145,26.80414047720825,0.10770751936550985,0.04543011304633658,0.13426039517280725
12,5,348.00000000000006,19.999999998965418,1.0801647328044854e-06,4.273386823296763e-09,1.3425240649322058e-07,9.999999999482709,418.00000000000006,19.935024946060008,6.009717207500161e-10,2.3775860798187656e-12,7.445140705624386e-11,9.967512473030004,520.9698111043183,6.0821468211638665,264.5702515688164,1.046702408025328,9.999999999999998,3.0410734105819333,340.00000075693043,9.999999998487398,4.099928671466179e-07,1.6220286248015724e-09,2.5478766054090952e-08,4.999999999243699
13,5,348.00000000000006,0.009539616100909143,4.9986275252319905e-05,1.958921768310386e-07,2.9354039023791377e-09,0.0047698080504545715,418.00000000000006,0.008714403236457002,1.179058524791143e-07,4.6206351616849203e-10,6.324980742857707e-12,0.004357201618228501,520.8243978792563,6.090469852862473,266.7245610961023,1.04527201964291,9.999999999999998,3.0452349264312364,349.97959714208497,9.999999998449447,2.2544679117712352e-08,8.835077720900931e-11,1.3878107628786734e-09,4.999999999224723
14,5,348.00000000000057,0.006854629610618446,9.465144808644898e-05,3.688783880471746e-07,3.971797344625051e-09,0.003427314805309223,418.00000000000006,19.96565069979678,1.6693541610434735e-10,6.505855794653404e-13,2.0403645933934118e-11,9.98282534989839,521.011731182345,6.052582768168481,269.88791435797106,1.0518150626798008,9.999999999999998,3.0262913840842405,340.0000000068783,0.00033696792245763163,0.0005785290849602395,2.254660447493914e-06,1.1934097554242206e-09,0.00016848396122881582
15,5,348.00000000000085,0.007082073575478631,8.541170841503568e-05,3.302687884953316e-07,3.674073538604465e-09,0.0035410367877393156,423.9999382581396,0.0001592424475005405,7.38619239220902e-06,2.8560824484560673e-08,7.1441318522679415e-12,7.962122375027025e-05,520.8987530742963,6.070812443464591,271.195939502448,1.0486566308812937,9.999999999999998,3.0354062217322957,340.0000001455853,6.209011427138478e-05,0.003373943863359823,1.3046318506924364e-05,1.2724194913130943e-09,3.104505713569239e-05
16,5,348.00000000000114,0.000112309671035149,0.006845535318650009,2.6728165879102066e-05,4.715265920961064e-09,5.61548355175745e-05,418.00000000000006,19.957073071494293,2.430567614547052e-10,9.490070733401536e-13,2.974994546207538e-11,9.978536535747146,520.9002006639664,6.080366712239076,268.1566724147702,1.0470088441970764,9.999999999999998,3.040183356119538,340.00000038054844,0.004832924125540927,5.3011098049106165e-05,2.0698007623007556e-07,1.5712974169785175e-09,0.0024164620627704636
17,5,348.0000000000142,0.00013733451594077906,0.0013508532530399216,5.224069338844678e-06,1.1269600239136935e-09,6.866725797038953e-05,418.00000000000006,19.973220904577374,1.6149283158365346e-10,6.245310125439948e-13,1.959394982174418e-11,9.986610452288687,520.8858936461781,6.086642854115668,270.4590659589485,1.0459292382123448,9.999999999999998,3.043321427057834,349.9969490473336,3.8097209151320786e-08,1.5700014227047019,0.006071567193429092,3.633405295976397e-10,1.9048604575660393e-08
18,5,348.0000000000004,0.0046370843284826435,0.00011983349231772508,4.770027574444362e-07,3.4744475544053007e-09,0.0023185421642413218,418.00000000000006,0.008031090445783207,1.105546153864797e-07,4.4006775875094534e-10,5.551546034547764e-12,0.004015545222891603,520.9542904838532,6.075037081096123,263.26220616081144,1.0479273852476891,9.999999999999998,3.0375185405480614,340.000000006362,0.003199818749965999,5.71058005966937e-05,2.2731227992982303e-07,1.1425314245455046e-09,0.0015999093749829996
19,5,348.0000000000005,19.999999999810125,2.4836699616183692e-08,9.87778855529382e-11,3.1031987958729794e-09,9.999999999905063,418.00000000000006,0.004295608459681688,1.0253137489030359e-07,4.077769015614488e-10,2.7514852413329563e-12,0.002147804229840844,520.8209721123238,6.104539637829035,262.21731398302524,1.0428628694988427,9.999999999999998,3.0522698189145174,340.00000136940815,8.192207858570555e-05,0.0016856446108232722,6.703966832305421e-06,8.626858943284295e-10,4.0961039292852774e-05
20,5,348.00000000000006,19.999999999092612,4.917701511187545e-08,2.0051341704002018e-10,6.299314778905343e-09,9.999999999546306,418.00000000000006,19.975815662988623,6.94749008682835e-11,2.8327562663013613e-13,8.888605011962942e-12,9.987907831494311,520.9219199581254,6.089420859513028,256.4028565179984,1.045452083301222,9.999999999999998,3.044710429756514,340.00000222505736,9.999999999142334,2.372990138725361e-08,9.675584421617157e-11,1.519837246776664e-09,4.999999999571167
0,6,348.0000000000091,19.99999999966359,1.2624681596295071e-08,5.218136699288446e-11,1.6393259919636131e-09,9.999999999831795,418.00000000000006,19.97910624870288,3.493007378047974e-11,1.4437583911523333e-13,4.530962365025921e-12,9.98955312435144,520.9554087713124,6.061950412652721,254.08131303767541,1.050189673341447,9.999999999999998,3.0309752063263606,349.9982321688007,4.0592626850539893e-08,0.9731926684090352,0.004022479568905672,2.5648435572030845e-10,2.0296313425269947e-08
1,6,348.0000000000007,0.010490701420447834,7.076057681552006e-05,2.7530177839645793e-07,4.536630627940905e-09,0.005245350710223917,418.00000000000006,19.956241703773074,2.641816995598081e-10,1.0278278524810154e-12,3.22195161763494e-11,9.978120851886537,520.9504231036893,6.046065639452473,270.63852183347655,1.0529488271073966,9.999999999999998,3.0230328197262364,340.00000000726095,0.003664480458656527,7.192544761162368e-05,2.798338358810301e-07,1.610766218339893e-09,0.0018322402293282636
2,6,348.0000000000004,0.0062674415474575085,6.547948763537055e-05,2.656881721975842e-07,2.6156666213906306e-09,0.0031337207737287542,418.00000000000006,19.959560659658134,2.2942925618219101e-10,9.309272556184482e-13,2.918680794211488e-11,9.979780329829067,520.890547226946,6.081083342926571,258.0074335599186,1.0468854585064817,9.999999999999998,3.0405416714632856,340.000000007829,0.0008440833316640806,0.00017975485794717496,7.293694770119598e-07,9.670585880183287e-10,0.0004220416658320403
3,6,359.92966393593866,19.999999999974666,9.80928028284201e-09,3.9825081047759325e-11,1.2511418204810032e-09,9.999999999987333,418.00000000000006,19.96454073858032,1.1482714784918581e-10,4.661912329669866e-13,1.4619863011675992e-11,9.98227036929016,520.912925401595,6.0694706988138165,258.3507813940789,1.0488884516602062,9.999999999999998,3.0347353494069083,349.9962721115845,7.372852009037496e-08,1.1555937929749756,0.004691640480904102,5.433505594190514e-10,3.686426004518748e-08
4,6,354.88869616329606,6.389284675553065,41.15191565952258,0.17274173133496953,1.733681774825172,3.1946423377765325,418.03444695720935,19.999999996841183,2.3350166110213216e-10,9.801604752035393e-13,3.079264947752178e-11,9.999999998420591,520.9677363160366,6.070564837932541,249.82955228174842,1.0486994033728096,9.999999999999998,3.0352824189662706,349.99999999999994,7.831848072730039,36.30597298719027,0.1524001138488104,1.8748624999373715,3.9159240363650194
5,6,353.0619390729285,7.250322366247114,233.40208716389017,0.8780571955410944,9.999999999999998,3.625161183123557,419.3072186896964,6.140068485686425,64.23320381388181,0.24164491194902368,2.330616127530485,3.0700342428432124,520.8779992278417,6.420618328250547,263.56345859203304,0.9915240866545072,9.999999999999998,3.2103091641252735,347.50909908380555,6.018649308387596,140.58306824213895,0.5288726255244572,4.999999999999999,3.009324654193798
6,6,352.516024604697,8.12794306947953,191.04900772549502,0.7832483162414018,9.999999999999998,4.063971534739765,419.6176500303543,6.042317732824505,51.66664285810712,0.21181900657973382,2.010427252119654,3.0211588664122524,520.8955591875441,6.010227054513127,258.36552333032773,1.0592274910638166,9.999999999999998,3.0051135272565634,346.66305138303784,7.337170615926733,105.81977301322746,0.433831926291639,4.999999999999999,3.6685853079633666
7,6,354.2334628102717,5.929414301483112,33.050736729493856,0.1410031228279826,1.313289296593319,2.964707150741556,419.3788154168245,3.5023348839843758,5.932825886041474,0.025310993336497157,0.13924728504901882,1.7511674419921879,520.7551526381137,6.086547334742266,245.1667289469481,1.0459456525273845,9.999999999999998,3.043273667371133,348.8720881324213,9.539822238466563,44.659346167801274,0.1905284993994236,2.855091994508153,4.7699111192332815
8,6,353.5429760079111,4.11722265021149,6.124537824296789,0.02486665414467787,0.16082056530963118,2.058611325105745,418.00024688218093,0.019785843776386935,2.1112045333260032e-16,8.571845658398162e-19,2.6640894052288355e-20,0.009892921888193467,520.9548065566145,6.058733036595157,258.79404173056065,1.050747356786237,9.999999999999998,3.0293665182975786,349.27842990662276,5.8159569088430825,7.337467082910247,0.02979135103466148,0.2721643615143112,2.9079784544215412
9,6,353.1614207837574,0.3445880421933318,26.540417918172697,0.10787038772602417,0.05838782791635318,0.1722940210966659,418.0126916218074,19.996714472306778,1.5004570331555565e-29,6.098430040994376e-32,1.9155635679610985e-30,9.998357236153389,520.9438684699873,6.07984874048155,257.62788355172046,1.0470980439509392,9.999999999999998,3.039924370240775,349.49263768264086,0.12573487889512366,340.8246411800812,1.3852414194843876,0.27359056328337206,0.06286743944756183
10,6,353.26659281216206,0.34112132168344844,33.83070142971581,0.13564118632668093,0.07268090430554856,0.17056066084172422,418.00000000000244,15.727551410061249,4.893584185991981e-17,1.9620390246901644e-19,4.84717424257814e-18,7.8637757050306245,521.0065587295607,6.065231650105062,261.7894575629787,1.0496215298826284,9.999999999999998,3.032615825052531,349.2163144204556,0.010134509521941852,4621.12380464613,18.52798459786271,0.294951624941069,0.005067254760970926
11,6,348.00000000000006,0.007231190267429355,4.050898497595849e-05,1.619556041252593e-07,1.8396095112641434e-09,0.0036155951337146774,418.00000000000006,19.959954739526818,2.297970936420657e-10,9.18732650277889e-13,2.8805046455082434e-11,9.979977369763409,520.8491948310148,6.095433960082451,261.23470565853523,1.0444207525446965,9.999999999999998,3.0477169800412254,349.96851707629384,0.0024620452892829547,5.695375989594307e-05,2.277020911935149e-07,8.806086227858719e-10,0.0012310226446414774
12,6,348.00000000000017,19.99999999967728,6.356201312567783e-08,2.6062375417001845e-10,8.187736714383103e-09,9.99999999983864,418.00000000000006,19.96524712943176,1.91874509851607e-10,7.867443560697437e-13,2.4673354769051414e-11,9.98262356471588,520.7734588349182,6.091560717161921,254.8796681127748,1.045084834456324,9.999999999999998,3.0457803585809606,340.00000179778533,8.324538639037371e-05,0.003480497422633119,1.4271107223620419e-05,1.8661120603128033e-09,4.1622693195186855e-05
13,6,348.0000000000025,9.010468760095591e-05,0.015806766591953417,6.548848219075155e-05,9.268985170399842e-09,4.5052343800477956e-05,418.00000000000006,19.930675816884204,3.8482584607761063e-10,1.5943589994062191e-12,4.991464879376937e-11,9.965337908442102,520.9692977308684,6.073548902514734,252.99719473964416,1.0481841549081639,9.999999999999998,3.036774451257367,340.00000199429996,0.015122103391801645,3.435354512606069e-05,1.4232901555732894e-07,3.3808470649707323e-09,0.007561051695900822
14,6,348.00000000057514,19.999999998514884,8.574096463603924e-07,3.456182598856726e-09,1.0857917861226905e-07,9.999999999257442,418.00000000000006,0.055958922817783474,6.157957512908676e-08,2.482247043867311e-10,2.1818968993982107e-11,0.027979461408891737,520.9243588251625,6.11358626547049,258.3305474336307,1.0413196849175206,9.999999999999998,3.056793132735245,340.00001007525606,4.976277317503275e-05,0.04396910970560116,0.00017723765121700766,1.3854167618430464e-08,2.4881386587516374e-05
15,6,348.0000000002531,19.999999999614822,8.389486827297955e-08,3.3679073472569724e-10,1.0580592979909821e-08,9.999999999807411,418.00000000000006,19.9721009082106,6.759816016689802e-11,2.713686128528966e-13,8.513404004187633e-12,9.9860504541053,520.8944177843205,6.090205691990632,260.3894733771412,1.0453173580078163,9.999999999999998,3.045102845995316,340.0002093639609,6.6826833220901e-05,0.005079325050758027,2.0390634742869003e-05,2.140432337127024e-09,3.34134166104505e-05
16,6,359.97304309446116,19.999999999791445,3.798779653384238e-08,1.469367985513639e-10,4.616155668661546e-09,9.999999999895723,418.00000000000006,0.008347065380011287,6.977956715781841e-08,2.6990736862917077e-10,3.5389011624880253e-12,0.0041735326900056435,520.8972855520442,6.0913969721522925,270.1946527065226,1.045112927753652,9.999999999999998,3.0456984860761462,340.00000153939686,5.580989413189741e-05,0.004497779682278827,1.739741199557736e-05,1.5251611146654016e-09,2.7904947065948704e-05
17,6,348.00000000000057,0.006617907545422241,8.276303298673339e-05,3.334390756024098e-07,3.4662275193892103e-09,0.0033089537727111207,418.00000000000006,19.9685257337846,1.2789351671091585e-10,5.152626051592977e-13,1.6161977741463372e-11,9.9842628668923,520.8006966240955,6.120505229457936,258.17414894007663,1.0401425184697761,9.999999999999998,3.060252614728968,340.0000000092742,0.003184535888614448,4.9087386000278784e-05,1.977652584855766e-07,9.892727032750619e-10,0.001592267944307224
18,6,348.00000000000097,0.010570631356010551,7.546593649753075e-05,3.0022934759278356e-07,4.985100830054708e-09,0.005285315678005276,418.00000000000006,19.999999999998536,5.165622174331785e-11,2.055061458571037e-13,6.456165980921822e-12,9.999999999999268,520.9725427015744,6.068451028864078,263.6939068054984,1.0490646943339457,9.999999999999998,3.034225514432039,340.0000000076115,0.0024058834095033177,9.564110720669745e-05,3.804930880392345e-07,1.4379415275460828e-09,0.0012029417047516588
19,6,348.00000000000006,19.999999999908496,5.24387593198914e-08,2.0482215037184168e-10,6.434677628976978e-09,9.999999999954248,423.99998226672994,5.849168417398909e-05,2.858302149740003e-06,1.116432959732766e-08,1.025762109763938e-12,2.9245842086994545e-05,520.8272998103886,6.1007048859484465,267.1625576411778,1.0435183872504417,9.999999999999998,3.0503524429742233,340.00000193314514,0.0003239958261538334,0.0005960035772064792,2.32794856125505e-06,1.1847662452305356e-09,0.0001619979130769167
20,6,348.0000000000003,0.0051543831607077095,7.881656302827381e-05,3.1604160617321286e-07,2.558826482696251e-09,0.0025771915803538548,418.00186260348516,0.006548525875373912,1.2761842804058184e-07,5.117291521678956e-10,5.2638509509247925e-12,0.003274262937686956,520.8816616552988,6.0682490874076045,261.631454734855,1.0490996055001252,9.999999999999998,3.0341245437038022,340.00000000784087,0.00244372387942704,6.385712360453153e-05,2.560566857290875e-07,9.828972717514363e-10,0.00122186193971352
0,7,348.00000000000375,0.030665422813218157,5.966355551541085e-05,2.54082594619441e-07,1.2238938423963781e-08,0.015332711406609079,423.99983140140097,0.0004924292398776897,3.342479765190382e-06,1.423424943193656e-08,1.101027792763996e-11,0.00024621461993884486,520.9280617619362,6.080242257601284,245.86315736642436,1.0470302751040945,9.999999999999998,3.040121128800642,340.00000000808717,0.013619927564391787,3.3930095436982646e-05,1.444943501915005e-07,3.091331228612519e-09,0.006809963782195894
1,7,348.00000000000034,0.006979423183075539,7.517776548800748e-05,3.027236592005872e-07,3.3188358527295236e-09,0.0034897115915377697,418.00000000000006,19.999999999999147,3.369733168337065e-11,1.3569144395643319e-13,4.262872434885034e-12,9.999999999999574,520.9490754376973,6.09619026131125,259.337105218392,1.0442911803586794,9.999999999999998,3.048095130655625,340.0000000055251,0.0022344252696626654,6.999324077368886e-05,2.8184676451575144e-07,9.892333856747287e-10,0.0011172126348313327
2,7,353.230365221335,0.5474832114300273,40.97688380630243,0.17435828482316612,0.14994544288093714,0.27374160571501366,419.08689186195465,18.393403331018487,6.827546427878834e-23,2.9051484010904534e-25,8.393639122924809e-24,9.196701665509243,520.8887804862262,6.0718737757524925,246.40738985258608,1.048473331098989,9.999999999999998,3.0359368878762463,349.564439223446,5.225065239297741,6.274992561003523,0.026700345135723173,0.21914343741960723,2.6125326196488703
3,7,352.2209071283142,8.742617644711862,182.2130640894011,0.7281798178062296,9.999999999999998,4.371308822355931,419.13644075888965,6.6296084725376385,94.25996535339391,0.3766920047169572,3.922781877668081,3.3148042362688193,520.9298994789945,5.9992257311133645,265.53745776613266,1.0611698924178243,9.999999999999998,2.9996128655566823,346.41088864601016,8.546407400244089,93.19817524492869,0.3724487627101639,4.9999999999999885,4.273203700122044
4,7,353.13814518634405,8.26192081564865,194.04192935363386,0.7705469303963544,9.999999999999998,4.130960407824325,419.1963449993013,4.223102834684322,18.573375701667857,0.07375549027826847,0.4892669590033438,2.111551417342161,521.0174515306043,6.029506662859304,265.8856096984832,1.0558405653468246,9.999999999999998,3.014753331429652,347.4334370731061,7.625902531129892,105.112742307623,0.4174061822642103,4.999999999999999,3.812951265564946
5,7,355.1427766970964,6.160249017455581,53.911896420062355,0.23189133312674287,2.2438956800507106,3.0801245087277906,419.9553036343078,0.0017052272452018561,2241.315358242753,9.64057361905271,0.025822900117357526,0.0008526136226009281,520.8965360869684,6.089836961866564,243.03820492505633,1.0453806503424918,9.999999999999998,3.044918480933282,349.77048767405324,9.120214316709019,77.33423081574036,0.3326378604912101,4.765369706079016,4.560107158354509
6,7,354.803093291819,4.705982829904616,15.131638192572087,0.06355860475043265,0.4698341390432463,2.352991414952308,423.5901548348399,0.0002550489760677621,2.650803576947916e-12,1.1134377829690037e-14,4.4607657315650274e-18,0.00012752448803388106,520.9041458896997,6.08615602455242,249.02826039086224,1.046012901738579,9.999999999999998,3.04307801227621,349.7646231230451,7.44930430885779,20.33255463052974,0.08540442131128906,0.9993461580743217,3.724652154428895
7,7,353.682086769467,5.4232554344410175,3.527879708166942,0.014245605999310003,0.12135589170493966,2.7116277172205088,418.00000000151374,0.15356692977033504,3.568087440233701e-05,1.4407965137526337e-07,3.475523485831045e-08,0.07678346488516752,520.8281261353184,6.095159079682003,258.65919274323846,1.0444678539888002,9.999999999999998,3.0475795398410015,340.00000000011187,9.999999968794699,1.4945341045746536e-07,6.034940464952668e-10,9.479662285191964e-09,4.999999984397349
8,7,348.00000000000006,19.999999999534733,5.303169613820158e-08,2.2377908543733616e-10,7.030227308206233e-09,9.999999999767367,418.00000000000006,19.969587363077807,6.026983025035295e-11,2.5432200881789216e-13,7.977612059635999e-12,9.984793681538903,520.9260114060311,6.075034983595839,248.34039225925076,1.047927747060912,9.999999999999998,3.0375174917979195,349.98749767301723,9.999999979006581,2.8918158299579508e-08,1.2202662724472817e-10,1.9167897744478936e-09,4.999999989503291
9,7,348.00000000001404,0.1189575247350092,3.716602135237964e-05,1.575856949222376e-07,2.944615454194821e-08,0.0594787623675046,418.00000000000006,19.853520867247372,7.680407678263665e-10,3.2565293168992265e-12,1.0155759458650766e-10,9.926760433623686,520.8984650491252,6.081210145326203,246.89903497433448,1.0468636293663753,9.999999999999998,3.0406050726631015,340.00000000875445,0.05825631670739995,2.592005500764567e-05,1.099022637391059e-07,1.0057025183862457e-08,0.029128158353699973
10,7,348.00000000000017,0.010761921658676954,3.662399350688726e-05,1.5274447401553263e-07,2.582112800294621e-09,0.005380960829338477,423.9999680705325,9.852913012259323e-05,6.034995102513466e-06,2.5169624182201352e-08,3.895482490218635e-12,4.926456506129662e-05,520.9482093735405,6.0725489166838935,251.3675962273127,1.0483567627071952,9.999999999999998,3.0362744583419468,349.96735661196345,4.91086269622798e-05,0.0029156312877560886,1.2159967410101932e-05,9.380156403175274e-10,2.45543134811399e-05
11,7,359.9892262487972,19.99999999999509,9.496019907743498e-09,3.80909594533648e-11,1.1966627838684816e-09,9.999999999997545,418.00000000000006,19.9653555972688,9.941264704830694e-11,3.9876949971228e-13,1.250601255046108e-11,9.9826777986344,520.7921484716366,6.095187805484391,260.3830655161179,1.0444629315519316,9.999999999999998,3.0475939027421957,349.99630884863853,8.720885355246837e-08,0.8962130798703752,0.003594939397618601,4.924612100736009e-10,4.360442677623418e-08
12,7,348.0000000004818,0.00013524307181711492,0.0038113064233655,1.5330239370576367e-05,3.2567456339877915e-09,6.762153590855746e-05,418.00000000000006,0.0029788960651870866,2.7231490505050295e-07,1.0953337818777739e-09,5.125328547003117e-12,0.0014894480325935433,520.8487907542908,6.0908821967821725,259.85127598569886,1.0452012562382327,9.999999999999998,3.0454410983910862,349.9940914666163,7.820713013144149e-08,2.648137335814853,0.010651617774766597,1.3085243242186912e-09,3.9103565065720745e-08
13,7,359.8999646347045,19.999999994711214,2.1322570152032626e-07,8.752198067906474e-10,2.7495841145626777e-08,9.999999997355607,418.00000000000006,19.850319302759036,8.366642141970595e-10,3.4342252677658294e-12,1.0708192092311193e-10,9.925159651379518,520.8325400360236,6.093836267395168,254.5140467535749,1.0446945806105596,9.999999999999998,3.046918133697584,340.00000911412644,6.858707807388953e-05,0.023179505343885323,9.514407524012375e-05,1.0250473516544353e-08,3.4293539036944765e-05
14,7,348.0000000000008,0.009645163010794988,5.966343498191212e-05,2.510358558645148e-07,3.8033404811838666e-09,0.004822581505397494,418.00000000000006,19.960113037551473,2.078399901673834e-10,8.744935626042847e-13,2.7418234742030895e-11,9.980056518775736,520.8593313061659,6.109290438729004,247.66340931428576,1.0420519023482957,9.999999999999998,3.054645219364502,340.00000024259253,5.68082125838032e-05,0.0034232075824745614,1.44032579674456e-05,1.2852622177772517e-09,2.84041062919016e-05
15,7,348.00000000000006,19.999999997139717,1.9593659384626003e-07,7.697945263006283e-10,2.418380828253826e-08,9.999999998569859,418.00000000000006,19.885890305581082,5.911922079422481e-10,2.32267243566872e-12,7.25525836241794e-11,9.942945152790541,520.9163617908403,6.07026149657948,266.93987832006025,1.0487518086762966,9.999999999999998,3.03513074828974,340.00000789529895,0.04053235359547713,3.035460724964971e-05,1.1925700069646145e-07,7.592863324034558e-09,0.020266176797738567
16,7,348.0000000000003,0.005920600870563675,0.00011187128405247658,4.566810030261122e-07,4.2471598612634905e-09,0.0029603004352818374,418.00000000000006,0.011456953410331039,5.090756915339882e-08,2.0781490030712372e-10,3.7399492352188055e-12,0.005728476705165519,520.9487992267508,6.089684595031912,256.0890446493728,1.045406806268667,9.999999999999998,3.044842297515956,340.00000000682314,0.002268523296395486,7.779043889220457e-05,3.1755616251324346e-07,1.131575838268651e-09,0.001134261648197743
17,7,348.0000000000002,19.9999999996801,3.9663499243629155e-08,1.5776143307674985e-10,4.956221591657876e-09,9.99999999984005,418.00000000000006,19.965469565975532,1.8475364286068505e-10,7.34856984877182e-13,2.304635420346088e-11,9.982734782987766,520.8932597787505,6.075078847011582,263.46224478031843,1.0479201807903178,9.999999999999998,3.037539423505791,340.0000024349849,5.2394257448185044e-05,0.004204105807361317,1.6721816522079552e-05,1.3762173245119986e-09,2.6197128724092522e-05
18,7,348.00000000000006,0.026983474428451615,4.3844956313801025e-05,1.7252702524533262e-07,7.312651563759889e-09,0.013491737214225807,423.9997715592266,0.00045493733353457744,7.396115162211692e-06,2.9103227704816518e-08,2.079757083264776e-11,0.00022746866676728872,520.9317955165538,6.07292522218282,266.40642641909636,1.0482918018522185,9.999999999999998,3.03646261109141,349.9469726081885,9.999999996772358,4.709647131128752e-08,1.853215233408947e-10,2.911023680459547e-09,4.999999998386179
19,7,353.12945768587525,5.035238710336489,6.709829585959138,0.027180979790445106,0.21498346040483812,2.5176193551682444,418.0000003314871,19.88820582136357,1.646516088123912e-12,6.669904196909857e-15,2.0836994582117222e-13,9.944102910681785,520.95345196818,6.080850049998667,258.44147525339383,1.0469256224591836,9.999999999999998,3.0404250249993336,348.8339982684669,4.478511899352764,5.854217247294177,0.023714963047728774,0.16683073446961766,2.239255949676382
20,7,348.0000000000006,0.005043921760421455,0.00011304181043505446,4.449002875728325e-07,3.5249333104449556e-09,0.0025219608802107274,418.00000000000006,0.007612010190268137,1.236660062037759e-07,4.867140884536124e-10,5.819600272981765e-12,0.0038060050951340685,520.8620311998201,6.066614090393762,266.6307114023545,1.0493823455420428,9.999999999999998,3.033307045196881,340.0000000106637,0.0021996960297965273,8.945973118225743e-05,3.520879573318685e-07,1.216560520892674e-09,0.0010998480148982637
0,8,348.00000000000006,19.999999999832735,2.904171294463201e-08,1.171411698263952e-10,3.6800983855643968e-09,9.999999999916367,423.9999806864587,6.250213561626028e-05,6.5892143002476124e-06,2.6577918211621443e-08,2.6093701775594264e-12,3.125106780813014e-05,520.7143168149736,6.12708540502804,257.59584917501167,1.0390254587363106,9.999999999999998,3.06354270251402,340.00000204116196,0.0005685878349552809,0.0002821137732460332,1.1379197048460278e-06,1.0163166923407714e-09,0.00028429391747764043
1,8,348.00000000017263,0.008426900515139835,9.233239812445288e-05,3.797853631756617e-07,5.027197726965427e-09,0.004213450257569917,423.9999504782725,0.00015791703616413466,3.1315375837252966e-06,1.2880767343769165e-08,3.1951451882856764e-12,7.895851808206733e-05,520.9899403714736,6.090044811550901,254.14146383929864,1.045344972109423,9.999999999999998,3.0450224057754505,340.00000000695746,0.002404500622439798,7.91583624461848e-05,3.2559738554059246e-07,1.2297750559734157e-09,0.001202250311219899
2,8,353.302499113557,0.11111299053288766,639.7388107792189,2.5795247871218154,0.4502196219650605,0.05555649526644383,418.04567982098166,19.99416347354958,3.2677722500725457e-18,1.3176157793934447e-20,4.138204063399669e-19,9.99708173677479,520.8416151488021,6.099067770001523,258.8687681889365,1.0437984891704561,9.999999999999998,3.0495338850007614,349.59891867956424,3.885543268175993,4.557466120800744,0.018376400848268356,0.112158471521782,1.9427716340879966
3,8,354.27455014628794,5.847598724204611,57.57358245810797,0.2344552690346467,2.153562285681632,2.9237993621023053,419.54724350985845,5.51007081570071,23.819786117867825,0.09700064029671937,0.8395598446707199,2.755035407850355,520.959208671121,6.058238476583435,258.04593058556947,1.0508331338032855,9.999999999999998,3.0291192382917176,348.97961315675036,8.145525044001035,74.05983139436043,0.3015917535939272,3.858854670547493,4.0727625220005175
4,8,354.63493051715704,5.058963858219374,16.09879396985021,0.06671265966505989,0.5301389444378711,2.529481929109687,423.1425483387739,18.399636416455362,8.585649108677373e-35,3.5578533899092302e-37,1.0282936791913663e-35,9.199818208227681,520.9750504139308,6.066052344427035,253.25559958914363,1.049479523453919,9.999999999999998,3.0330261722135177,349.40099388407594,7.802124410565842,21.825898840704504,0.09044551809103578,1.1084594213905372,3.901062205282921
5,8,353.6929645698533,4.410169224568579,3.7659433432211773,0.015668660484633144,0.10854429481911225,2.2050846122842893,419.7279714432044,10.644736726289988,5.881319017840441e-19,2.4469935549677156e-21,4.091547780033444e-20,5.322368363144994,520.9448793434109,6.089872951627957,251.2544731757909,1.0453744723810678,9.999999999999998,3.0449364758139783,349.99920049581925,3.3871287163676196,3.018954331818774,0.012560722807746907,0.06682919187732689,1.6935643581838098
6,8,348.0000000000015,0.007419713618936896,8.172198827777381e-05,3.1518278446954814e-07,3.673410880227706e-09,0.003709856809468448,418.00000000000006,0.009174552326179253,1.1612962296517226e-07,4.478850637009838e-10,6.4546297985011405e-12,0.004587276163089626,520.6969824929109,6.110909551819677,270.1162449225298,1.041775805989489,9.999999999999998,3.0554547759098387,340.00000001376384,0.0023593692140728706,8.639827061418484e-05,3.3321812255684537e-07,1.2349358503396315e-09,0.0011796846070364353
7,8,348.00000000000006,19.99999999946756,4.857934040058458e-08,1.9339679884587257e-10,6.075739624658013e-09,9.99999999973378,418.00000000000006,19.956353561621295,2.306492341873653e-10,9.182262085129437e-13,2.87839738286527e-11,9.978176780810648,520.9296908314419,6.061427869753577,263.819877287218,1.050280207975918,9.999999999999998,3.0307139348767884,340.0000022338855,0.0029589617876126795,9.917562120069274e-05,3.9482313892294064e-07,1.835108854055073e-09,0.0014794808938063397
8,8,348.0000000000032,0.02096794189283102,0.00028819404754476557,1.2433916268887495e-06,4.095280183597949e-08,0.01048397094641551,418.00000000000006,19.95345601254719,1.4932913902399575e-10,6.442693827120118e-13,2.01932163375416e-11,9.976728006273595,520.8238404110757,6.13045525431515,240.69355649377692,1.0384543169440354,9.999999999999998,3.065227627157575,340.00000022272724,7.094470027979582e-05,0.013422804213472526,5.791168315440767e-05,6.453659126558998e-09,3.547235013989791e-05
9,8,348.00000000000006,19.999999999489443,9.955752474586428e-08,4.1937462634901773e-10,1.3175042452064055e-08,9.999999999744722,418.00000000000006,19.95293738640177,2.3096927197102583e-10,9.729315024475574e-13,3.04936198845942e-11,9.976468693200886,520.8492445342778,6.082047774564683,248.48617765963604,1.0467194536516884,9.999999999999998,3.0410238872823414,349.9038004071181,0.006608937482885935,7.637727722014674e-05,3.2173049879974015e-07,3.3399791291393896e-09,0.0033044687414429674
10,8,357.79743600301316,19.999930485926626,1.4971926121829465e-09,6.166781764610082e-12,1.9373448951388897e-10,9.999965242963313,418.00000000000006,0.0957405456940902,1.2043906909642906e-12,4.960760886787739e-15,7.460433605331461e-16,0.0478702728470451,520.8136974630587,6.105741957780304,253.13999827324145,1.0426575128291526,9.999999999999998,3.052870978890152,349.9950783665914,0.06093195921444686,62.21544957981525,0.2562590122498821,0.02452698511809431,0.03046597960722343
11,8,348.00000000000085,0.00604698299743589,7.305480793622088e-05,2.9925650162682885e-07,2.84251142637261e-09,0.003023491498717945,423.9999610092715,0.0001249707567374525,7.332884529328655e-06,3.003790486994614e-08,5.8965490318408105e-12,6.248537836872625e-05,520.7821686938258,6.085740869173147,255.3711754426611,1.0460842583560037,9.999999999999998,3.0428704345865736,340.00000001146356,0.0025775969225207973,6.557110053552813e-05,2.6860077671019755e-07,1.0875322531376617e-09,0.0012887984612603987
12,8,348.00000000000006,19.999999999798952,2.761443241935715e-08,1.1364040417481213e-10,3.5701185890297583e-09,9.999999999899476,418.00000000000006,19.966199401980486,1.842489030024114e-10,7.58231039768994e-13,2.378027323357708e-11,9.983099700990243,520.8430687645063,6.095512143139498,253.78928007710917,1.0444073564583038,9.999999999999998,3.047756071569749,340.00000144857614,9.105458198810368e-05,0.0017307844325583008,7.122617603305314e-06,1.018735195921006e-09,4.552729099405184e-05
13,8,348.00000000000006,0.0318136661237709,3.741758529029148e-05,1.5152617513144975e-07,7.57218571254269e-09,0.01590683306188545,418.00000000000006,0.2699775273449525,1.4660296281849866e-08,5.936830516048567e-11,2.5176893532979915e-11,0.13498876367247625,520.8561973606583,6.075588452708891,258.74970983752416,1.0478322837744796,9.999999999999998,3.0377942263544453,340.0000016588226,0.015877097809703145,3.0015283492401825e-05,1.2154982925287434e-07,3.031414686702993e-09,0.007938548904851572
14,8,348.00000005846965,0.00014992391713164466,0.004118901368948502,1.6110401331680064e-05,3.7939985200675426e-09,7.496195856582233e-05,418.00000000000006,19.987142338204244,4.107773166706916e-11,1.606687520950496e-13,5.044312722934424e-12,9.993571169102122,520.8791050920298,6.0906858011853515,267.2323063129754,1.0452349589986798,9.999999999999998,3.0453429005926758,349.99440003527826,6.93932726728388e-08,1.6588760102100304,0.006488419092881155,7.072551857028742e-10,3.46966363364194e-08
15,8,348.00000000000006,0.03967720532918406,3.532344481669971e-05,1.3737281591744286e-07,8.561734429852818e-09,0.01983860266459203,418.00000000000006,19.929637227553588,4.570608777595276e-10,1.7775089646364433e-12,5.564563083264464e-11,9.964818613776794,520.9061061640424,6.066095457088795,269.8566547866559,1.049472064643546,9.999999999999998,3.0330477285443975,349.5349505706234,9.999999994159685,6.181189183996876e-08,2.4038634066704994e-10,3.775979807109396e-09,4.9999999970798426
16,8,348.00000000000006,19.99999999953291,6.608774929109605e-08,2.640109753946848e-10,8.294149407476468e-09,9.999999999766455,418.00000000000006,19.961111545518612,1.3364760007959864e-10,5.33902782810118e-13,1.6740436701331498e-11,9.980555772759306,520.9488462767688,6.079343512038512,262.13343538491256,1.0471850638262608,9.999999999999998,3.039671756019256,349.98074633402274,0.0069735195330515864,5.016780370682288e-05,2.0041310124979333e-07,2.195320875830291e-09,0.0034867597665257932
17,8,348.0000000000977,0.004620415795788091,0.00013327679015891802,5.189191635219397e-07,3.766176301683475e-09,0.0023102078978940455,418.00000000000006,19.999999999997158,6.626021268926839e-11,2.579871116531405e-13,8.104904146902408e-12,9.999999999998579,521.0034545546425,6.050216957362059,270.24893413386616,1.0522263529623115,9.999999999999998,3.0251084786810294,340.00000000645787,0.0015786443490508617,0.00014586539390790747,5.679334571551034e-07,1.4083209188437697e-09,0.0007893221745254309
18,8,354.9582839489163,5.432279158458806,13.676863166045543,0.05569182656291297,0.4752185870839293,2.716139579229403,418.0000000054256,4.091770471513357e-06,7.755660933851973e-06,3.158084703816839e-08,2.0298077908511067e-13,2.0458852357566783e-06,521.0816545286401,6.057780170965335,258.0843401956367,1.050912635322871,9.999999999999998,3.0288900854826677,349.9999999999998,6.741645046979625,15.082376168683238,0.06141503848837451,0.6503699822193854,3.3708225234898124
19,8,355.01817856702405,5.397920170477908,27.555679906498387,0.11902641736363312,1.0092289416608056,2.698960085238954,418.02005140797513,0.025968040347391166,4.063581425723733e-26,1.7552589535460415e-28,7.159789454274937e-30,0.012984020173695583,520.9142733641385,6.064481959352391,243.02680870581804,1.0497512840083774,9.999999999999998,3.0322409796761955,349.8180995165964,7.421236327193275,31.43659729917594,0.13578999187538687,1.5829379864014688,3.7106181635966373
20,8,353.48035355339164,3.045679110077528,3.9078884817642936,0.015144670636108148,0.07245424818311533,1.522839555038764,418.00000000000006,0.00348398702395869,9.221280038347447e-08,3.573624213581488e-10,1.9557137445353554e-12,0.001741993511979345,520.8672246396122,6.079250326731991,270.2168489337897,1.047201115519465,9.999999999999998,3.0396251633659954,340.0000000000015,9.999999993816552,4.8715997584938226e-09,1.8879447086991604e-11,2.9655766117827533e-10,4.999999996908276
0,9,348.0000000000459,19.999999999888676,2.5335081369326142e-08,1.0286764360501844e-10,3.2316823343982016e-09,9.999999999944338,418.00000000000006,19.977840498512183,1.5459875823720315e-10,6.277149748323864e-13,1.9698397992087875e-11,9.988920249256092,521.0047029939057,6.0574896448094835,258.83973975809397,1.0509630386460262,9.999999999999998,3.0287448224047417,349.99744527522756,3.548213090023519e-08,2.7677738411553765,0.011237949818309069,6.263493906583886e-10,1.7741065450117594e-08
1,9,348.0000000000186,9.56986888560607e-05,0.0015482915186757651,6.435496460431599e-06,9.67404092886898e-10,4.784934442803035e-05,418.00000000000006,19.97951406095197,3.515568402799539e-11,1.461251175229068e-13,4.58595376224266e-12,9.989757030475985,520.7650251246099,6.122702069654082,250.15412848791837,1.0397693128379653,9.999999999999998,3.061351034827041,349.9973133021873,3.918799028852847e-08,0.8115916480416837,0.003373392617144391,2.0765374067539702e-10,1.9593995144264235e-08
2,9,348.00000000000017,19.99999999940702,1.6460331336242322e-06,6.852197463939638e-09,2.152681321302113e-07,9.99999999970351,418.00000000000006,19.999999999999723,9.363206830836844e-11,3.8977673529170324e-13,1.2245197281326113e-11,9.999999999999861,521.0654671590762,6.0602716082775485,252.34618155120287,1.0504805947938716,9.999999999999998,3.0301358041387743,340.00000589245553,9.999999975617948,3.2401891907749966e-07,1.3488438174283787e-09,2.1187589086705345e-08,4.999999987808974
3,9,348.00000000000006,19.999999999806004,2.798744131463791e-08,1.1606413365617375e-10,3.6462622963596254e-09,9.999999999903002,418.00000000000006,0.0032450818252911517,1.0241677089118896e-07,4.2472313391262467e-10,2.164967822967265e-12,0.0016225409126455759,520.7052845693285,6.116741551986227,250.97193208228066,1.0407825260507506,9.999999999999998,3.0583707759931134,340.000073207143,0.00012080006434800339,0.001233235819990212,5.114238398279848e-06,9.704384852918458e-10,6.0400032174001694e-05
4,9,348.00000000000006,19.999999999487137,6.35946791727356e-08,2.5804303194067917e-10,8.10666093434086e-09,9.999999999743569,418.00000000000006,0.011629938736913203,9.325204305648903e-08,3.783813400426042e-10,6.912370609415742e-12,0.005814969368456602,520.9203900066511,6.067000591317634,258.60369761416973,1.049315494181153,9.999999999999998,3.033500295658817,340.0000202161445,9.999999998337923,4.2560562387041686e-08,1.72694582350548e-10,2.712680155685327e-09,4.999999999168962
5,9,348.0000000000019,19.99999999868964,8.021847012139813e-08,3.207399521098241e-10,1.0076342771949472e-08,9.99999999934482,418.00000000000006,0.02819283734620015,1.1753544186114203e-07,4.699455366912283e-10,2.0811634593495734e-11,0.014096418673100075,520.8549652005795,6.0740146477052255,262.13535719741276,1.0481037819164585,9.999999999999998,3.0370073238526127,340.0000038121019,5.150289769773053e-05,0.010389669435356862,4.1541331716875465e-05,3.360717103845133e-09,2.5751448848865266e-05
6,9,348.00000000158707,0.001757128123642815,0.0002308969684015012,1.0090138589963764e-06,2.7849694680299623e-09,0.0008785640618214074,423.9999903196502,3.161697601417046e-05,2.7306773359840427e-06,1.1932990266308277e-08,5.926379974408896e-13,1.580848800708523e-05,521.0243132427644,6.051061264660224,240.7518718031766,1.0520795353463148,9.999999999999998,3.025530632330112,349.9950898175898,4.3364079675708793e-08,1.7956737025076275,0.007847048251040408,5.34510614258414e-10,2.1682039837854397e-08
7,9,348.00000000000006,19.999999996987377,7.342212889501118e-08,3.1695037013974505e-10,9.95728954233601e-09,9.999999998493688,418.00000000000006,0.04564234684012902,1.1741818572799455e-07,5.06873581408151e-10,3.6340215637178184e-11,0.02282117342006451,520.9369396690178,6.081454782730462,242.49810576636497,1.0468215174030295,9.999999999999998,3.040727391365231,340.00000452724254,0.020814819027648923,2.9472139551654343e-05,1.272260240923329e-07,4.159761889330952e-09,0.010407409513824462
8,9,348.00000000000017,19.999999999463856,4.794035933248265e-08,2.047026286881412e-10,6.430922744399442e-09,9.999999999731928,418.00000000000006,0.00928827741432059,1.3414675357848795e-07,5.727990667957044e-10,8.357133827741884e-12,0.004644138707160295,520.7480154175609,6.091888479683129,244.74061319324733,1.045028605646266,9.999999999999998,3.0459442398415644,340.00000147412715,7.824405000889101e-05,0.0039581559069689545,1.6901102332060455e-05,2.077237863909085e-09,3.9122025004445504e-05
9,9,348.0000000000202,19.999999999910237,3.1870636272267615e-08,1.385078378090263e-10,4.351352057234906e-09,9.999999999955119,423.99991829232295,19.990075647210492,6.8571382355486e-11,2.980070377163706e-13,9.357521531567682e-12,9.995037823605246,520.9194424077704,6.076880442442873,241.05481738278758,1.047609506879921,9.999999999999998,3.0384402212214363,349.9968772870004,6.237830332209973e-08,2.1577876155343567,0.009377613127191374,9.188523848541335e-10,3.1189151661049864e-08
10,9,348.0000000000002,19.999999999794646,2.3932332573170267e-08,1.0261851377611613e-10,3.2238556899803926e-09,9.999999999897323,418.00000000000006,0.004622947730045013,8.783865275245128e-08,3.76639927177765e-10,2.7350496669547585e-12,0.0023114738650225064,520.870864247555,6.065196623081776,244.79049319904243,1.0496275915357045,9.999999999999998,3.032598311540888,340.00000144118906,7.101225638983522e-05,0.001958281307275349,8.396837905112142e-06,9.366319301773459e-10,3.550612819491761e-05
11,9,348.00000000000006,19.99999999680076,1.6900397913216745e-07,7.125178940562676e-10,2.2384409811603755e-08,9.99999999840038,418.00000000000006,19.88432457033289,6.112864069417571e-10,2.5771730676160295e-12,8.049600087005902e-11,9.942162285166445,520.8244862786245,6.091108375146154,247.90480851209213,1.0451624452541541,9.999999999999998,3.045554187573077,340.0000067290226,0.03983437490944297,2.867166503514189e-05,1.2087925086041743e-07,7.563618986634662e-09,0.019917187454721486
12,9,348.00000000000006,19.999999999797883,4.233271339483411e-08,1.7720393615091467e-10,5.5670258399328235e-09,9.999999999898941,418.00000000000006,19.977187650847284,5.960962216989473e-11,2.495247489206112e-13,7.830109822349973e-12,9.988593825423642,520.8425566956728,6.106053849861305,249.07046682934478,1.0426042547627412,9.999999999999998,3.0530269249306525,340.00000203282264,6.147822645097278e-05,0.003052736574829693,1.277869745901278e-05,1.2340359037420058e-09,3.073911322548639e-05
13,9,348.00000000000006,19.999999999737987,3.258915599919553e-08,1.2877914448365146e-10,4.045716142401178e-09,9.999999999868994,418.00000000000006,0.004573270835482646,9.962894999211293e-08,3.9369325631217675e-10,2.8281652021626044e-12,0.002286635417741323,520.8578957743982,6.075926055073772,265.1521913601272,1.047774062088798,9.999999999999998,3.037963027536886,340.0000016947771,0.0001656118640163129,0.0011670832221290352,4.611840174403737e-06,1.199735667944853e-09,8.280593200815645e-05
14,9,348.00000000000006,19.9999999995241,3.46039419006921e-08,1.4229158919902218e-10,4.47022211284628e-09,9.99999999976205,423.9999550861287,0.00012140574222413436,7.157388891912689e-06,2.943122037565655e-08,5.6126424427256824e-12,6.070287111206718e-05,520.9063240828137,6.067979138387064,255.14225421774063,1.0491462772840083,9.999999999999998,3.033989569193532,340.000001717397,0.002614434157454326,8.399767841197844e-05,3.4539889081335434e-07,1.4184646743391906e-09,0.001307217078727163
15,9,348.00000000000045,0.006365083195746024,8.814427723790448e-05,3.601311596755678e-07,3.6006811164387485e-09,0.003182541597873012,418.00000000000006,19.960125155747395,2.261888822884296e-10,9.241401374747853e-13,2.8974834911027093e-11,9.980062577873698,520.8845528641357,6.07813627385523,256.3557786697698,1.0473930555094106,9.999999999999998,3.039068136927615,340.0000000071856,0.0018433803873314503,0.00010488943415045099,4.285468636422396e-07,1.2408896452471192e-09,0.0009216901936657251
16,9,348.00000000000085,0.00010916589106813035,0.005224090041512958,2.0586709167434245e-05,3.5301549652871727e-09,5.4582945534065175e-05,418.00000000000006,19.953488356058422,3.143392486855447e-10,1.2387249532791277e-12,3.8825190489595214e-11,9.976744178029211,520.9522431955005,6.052079487404798,266.9311295048055,1.0519025298535383,9.999999999999998,3.026039743702399,340.00000034495696,0.00458305113178703,5.2909370259213444e-05,2.0850134838852593e-07,1.5010095227758849e-09,0.002291525565893515
17,9,348.00000000924217,19.999999999982002,3.36727016927158e-08,1.365209850864177e-10,4.288933238079456e-09,9.999999999991001,423.999999575683,1.2531538610693893e-06,4.670292682839749e-06,1.8935010428376097e-08,3.727261146706568e-14,6.265769305346947e-07,521.0511624572086,6.074152413433322,258.50740464991355,1.0480800102408718,9.999999999999998,3.037076206716661,349.9972700081924,5.205742260411218e-08,1.4259457735950873,0.005781286083531792,4.727450605664111e-10,2.602871130205609e-08
18,9,353.54767773422947,4.331383276101254,8.618825614626054,0.03463834247012443,0.23566961599228647,2.165691638050627,418.35143669927066,19.800807120563817,6.38610412758746e-17,2.566522072866502e-19,7.982662609818606e-18,9.900403560281909,520.8417132846774,6.078841713231314,260.58552023387165,1.0472715073036092,9.999999999999998,3.039420856615657,349.8244164071499,6.47189657855194,6.786469839369042,0.027274257186538316,0.27727095423323317,3.23594828927597
19,9,354.2581654266212,5.3653382886511505,10.927128898956918,0.04551360984352505,0.3835820440198286,2.6826691443255752,423.97794287542405,0.37019181845310395,3.174030765476979e-38,1.3220453353035346e-40,7.687640063916766e-41,0.18509590922655197,520.8892569313882,6.087461930406946,251.0779930755876,1.0457885070092312,9.999999999999998,3.043730965203473,349.64598442414075,5.633194138449582,12.594609143831502,0.052458988267152146,0.46418863824557716,2.816597069224791
20,9,353.1383347129704,0.9042707528832757,8.88766046632769,0.03601838493168636,0.05116142079390157,0.45213537644163787,418.0000000018567,19.999999463644105,1.5920521388793134e-23,6.451995661481815e-26,2.0269541627520068e-24,9.999999731822053,520.9130341137233,6.068836193585255,258.8438956463835,1.0489981144003966,9.999999999999998,3.0344180967926273,349.83929368180475,0.15188820966166686,199.96931408077202,0.8104013149888681,0.1933499557881276,0.07594410483083343
0,10,359.9312204466669,19.9999999960045,6.883823065489747e-08,2.7618391325768594e-10,8.676573527566906e-09,9.99999999800225,423.99988812998896,0.00035537365412341426,5.524265210287203e-06,2.2163747806058213e-08,1.2372239111607278e-11,0.00017768682706170713,520.8096232682514,6.105113548763835,259.90683309173346,1.0427648352199514,9.999999999999998,3.0525567743819173,340.0000024985699,7.401151225039371e-05,0.005960801406912351,2.391516230227003e-05,2.7803053007951874e-09,3.7005756125196854e-05
1,10,348.0000000000518,0.004111579662936293,0.00014248867769829534,5.996626818450102e-07,3.872893985253378e-09,0.0020557898314681466,418.00000000000006,19.97983103917488,3.8204706079243616e-11,1.6078425932963568e-13,5.046092620117599e-12,9.98991551958744,520.8908200561488,6.100519926595412,247.9628426401064,1.0435500252891838,9.999999999999998,3.050259963297706,340.00000000810405,0.0015200758491396016,9.487014287519307e-05,3.992603849129423e-07,9.533258233046524e-10,0.0007600379245698008
2,10,348.0000000000003,0.010504495787891699,6.742635892021641e-05,2.7559822488083154e-07,4.547487398395714e-09,0.0052522478939458495,418.00000000000006,19.958200918047307,2.3084075322480628e-10,9.435375547149077e-13,2.95801558608363e-11,9.979100459023654,520.8856709020577,6.085926316588458,255.92147201858072,1.0460523825803505,9.999999999999998,3.042963158294229,340.00000000716557,9.999999996077374,2.6413504337874764e-08,1.0796245007110735e-10,1.6958701993695022e-09,4.999999998038687
3,10,348.00000000000006,0.030079984166018647,3.944270525245871e-05,1.584929162256066e-07,7.488715584126805e-09,0.015039992083009324,423.99979253311204,0.000471609730620437,6.737033779095912e-06,2.7071473001785777e-08,2.005462388073444e-11,0.0002358048653102185,520.846422311137,6.096893709194148,259.85336014073243,1.0441706920485676,9.999999999999998,3.048446854597074,349.9316456083358,9.99999999609807,4.4624731468998544e-08,1.793158907594273e-10,2.816687424309582e-09,4.999999998049035
4,10,359.9727498593843,19.999999999981735,2.8182810046293286e-08,1.1272792127468254e-10,3.541452093306678e-09,9.999999999990868,418.0000374481282,0.0002417077421732472,1.1279329352105245e-07,4.511598911346203e-10,1.712935151852506e-13,0.0001208538710866236,520.871682519819,6.097177728048482,261.0381983197026,1.0441220524685992,9.999999999999998,3.048588864024241,340.0000014633301,9.999999999511282,1.984989889854939e-08,7.939725799771292e-11,1.2471692121429904e-09,4.999999999755641
5,10,348.00000000000006,19.99999999948889,3.049151290111459e-08,1.2600792942388612e-10,3.9586558536202515e-09,9.999999999744444,418.00000000000006,19.999999999998142,4.2849223718340404e-11,1.7707687957889347e-13,5.563034240056045e-12,9.999999999999071,520.8064953809786,6.090872386412025,252.91915410528603,1.045202939709918,9.999999999999998,3.0454361932060126,340.0000016111249,0.002396291188391686,8.28597714957198e-05,3.424227676918691e-07,1.2889085393517129e-09,0.001198145594195843
6,10,348.0000000000803,19.99999999948397,1.5254545423574563e-07,6.355640037598141e-10,1.99668320504643e-08,9.999999999741984,423.99989373734843,19.99999999999993,1.8504456942272534e-11,7.709680239606869e-14,2.4220674802275247e-12,9.999999999999964,520.9455474212181,6.0990309440815755,250.52972655672107,1.043804791620789,9.999999999999998,3.0495154720407878,349.99373843409404,8.48765149785263e-08,7.798289694613924,0.03249072380176061,4.3317840964433825e-09,4.243825748926315e-08
7,10,348.00000000000006,19.99999999911734,7.800952442803733e-08,3.4205329081851724e-10,1.0745921055242417e-08,9.99999999955867,418.00000000000006,19.95161119957225,1.387255934119986e-10,6.082788748584041e-13,1.90634098073234e-11,9.975805599786124,520.9637298198978,6.056998169332138,239.70469355026256,1.051048315634173,9.999999999999998,3.028499084666069,349.8875763748172,0.01467023356295627,2.9354333676620792e-05,1.287118016356504e-07,2.966028191806823e-09,0.007335116781478135
8,10,348.62758856286075,19.999999980801075,4.690096666160264e-10,2.0949000097994713e-12,6.581322474473489e-11,9.999999990400537,418.6858526258129,0.6279923428059727,4.920386304321064,0.021977622319623122,0.0216797830178543,0.31399617140298636,520.9338018634306,6.08266034625031,234.31767628300483,1.046614040779096,9.999999999999998,3.041330173125155,349.218735997195,0.18226529725396645,67.10830656409954,0.2997490288272752,0.08581864436539326,0.09113264862698323
9,10,348.00000000000006,19.999999999505174,5.272885725758757e-08,2.4527064513182814e-10,7.705404568683162e-09,9.999999999752587,418.00000000000006,19.95990353172465,2.0598914630038383e-10,9.58167755398862e-13,3.0041379163963155e-11,9.979951765862324,520.8446728824556,6.082538542796444,225.0080414266571,1.0466349993318673,9.999999999999998,3.041269271398222,340.00000099628096,7.749126494793757e-05,0.003734922535360528,1.737315973471926e-05,2.11471302403822e-09,3.874563247396878e-05
10,10,348.00000000000006,19.999999999793374,2.396525177358324e-08,1.0059950658346577e-10,3.1604267083410893e-09,9.999999999896687,418.00000000000006,19.96460219911061,1.9128423197297353e-10,8.029583638628785e-13,2.518103428888634e-11,9.982301099555306,520.8848938565123,6.070737407169128,249.8186290165867,1.0486695926194676,9.999999999999998,3.035368703584564,340.0000013138939,5.355746258928207e-05,0.002750591713934568,1.1546224168585652e-05,9.713591939765216e-10,2.6778731294641034e-05
11,10,348.00000000000034,19.999999999567812,2.8654133330852253e-08,1.2466667364519654e-10,3.916519060627624e-09,9.999999999783906,418.00000000000006,19.959182192676046,2.152272796325262e-10,9.363978564517118e-13,2.935776774925498e-11,9.979591096338023,520.8749486316947,6.069217051332705,241.092865767834,1.0489322872837272,9.999999999999998,3.0346085256663526,340.00000099850473,6.0952098154487544e-05,0.0031827001634382296,1.3847099753620999e-05,1.3257674674457959e-09,3.0476049077243772e-05
12,10,359.5069586106759,19.99999999994588,1.7795939053833324e-08,7.663529199500586e-11,2.407568703365676e-09,9.99999999997294,418.00000000000006,19.971861522532624,1.3054211148930864e-10,5.621581868405445e-13,1.7635873010326102e-11,9.985930761266312,520.964973529999,6.0657008947058335,243.7200312749352,1.0495403308185296,9.999999999999998,3.0328504473529168,349.9857650845356,9.999999999107757,1.747464496463854e-08,7.525169171028765e-11,1.1820508091307504e-09,4.999999999553879
13,10,348.0000000000005,0.007159219112402582,8.241693681365615e-05,3.303662405925731e-07,3.715191400585818e-09,0.003579609556201291,418.00000000000006,19.96681394937346,1.4760911329486313e-10,5.916874579637004e-13,1.8557565916312007e-11,9.98340697468673,520.8841476747588,6.094250536733162,260.60372943419645,1.0446235653266118,9.999999999999998,3.047125268366581,340.00000000738663,0.0018380294542055253,9.432527685910806e-05,3.781005253720345e-07,1.0916404617780489e-09,0.0009190147271027627
14,10,348.00000000000006,0.004401728950639949,6.332641078467617e-05,2.522586589697813e-07,1.7441717810733837e-09,0.0022008644753199746,418.00000000000006,19.96876469709771,1.6573620844936853e-10,6.602046945046617e-13,2.0708549700637936e-11,9.984382348548856,520.8966777907854,6.089277481006305,262.45397170453293,1.0454766995810714,9.999999999999998,3.0446387405031525,349.92827850296464,0.0003375044115436765,0.00031582134801853704,1.258063874740602e-06,6.669634311695884e-10,0.00016875220577183825
15,10,348.0000000000282,19.999999999949846,1.8743952749656035e-08,7.483308722660805e-11,2.350950770759665e-09,9.999999999974923,418.00000000000006,19.975213278182533,1.280791354281447e-10,5.113412971860367e-13,1.6044351609198838e-11,9.987606639091267,520.9637336064637,6.0752801170531265,262.47100513963113,1.0478854638827417,9.999999999999998,3.0376400585265633,349.9978058980046,4.718101389268527e-08,1.402776710394457,0.0056004255521999785,4.150574129996223e-10,2.3590506946342634e-08
16,10,348.0000000000013,0.012061142215422649,0.0001872235234823324,7.504530542632449e-07,1.4217781800595876e-08,0.006030571107711324,418.00000000000006,19.95100410185549,2.926289027786715e-10,1.1729522539227258e-12,3.6759108411387795e-11,9.975502050927744,520.8586166464968,6.092098152961894,260.70545346780534,1.0449926386331538,9.999999999999998,3.046049076480947,340.0000000060559,0.00474451022633815,0.00011831690248962516,4.7425280324181394e-07,3.5344445342660907e-09,0.002372255113169075
17,10,348.00000000000006,0.006060984509534961,7.011833585641686e-05,2.699661401236041e-07,2.5702321297732796e-09,0.0030304922547674806,418.00000000000006,19.981569706906104,4.633777877061002e-11,1.7840741831379695e-13,5.599669410217369e-12,9.990784853453052,520.893495086289,6.104820392981875,270.85043333426233,1.0428149091813443,9.999999999999998,3.0524101964909374,349.97519747261356,0.00013130498654767564,0.0009145706146228531,3.5212344343966427e-06,7.262665410472066e-10,6.565249327383782e-05
18,10,348.0000000000006,0.005475465433889326,0.00010990473778466044,4.3090754485518646e-07,3.7061672751413852e-09,0.002737732716944663,423.99995541471145,0.0001389013947916684,7.24704251874657e-06,2.8413745960004332e-08,6.1994759138927955e-12,6.94506973958342e-05,520.9310330151194,6.057846339953689,268.0366528870226,1.0509011563546,9.999999999999998,3.0289231699768444,340.00000000800276,0.0022570114041275957,8.911006801427853e-05,3.49377118802159e-07,1.2386485241341367e-09,0.0011285057020637979
19,10,348.00000000000057,19.999999999470937,2.491522994470222e-07,9.691389550128379e-10,3.04463982129548e-08,9.999999999735468,423.9999412989761,0.00017215002476267394,5.8743776928021055e-06,2.2849832296103255e-08,6.178883167527319e-12,8.607501238133697e-05,520.8287531733133,6.093881917067619,268.57459995555223,1.0446867547343668,9.999999999999998,3.0469409585338094,340.0000046061989,7.058731640263716e-05,0.011473954373025999,4.463075867900563e-05,4.94858253058736e-09,3.529365820131858e-05
20,10,348.0000000000003,0.005864926466681908,8.378659213889315e-05,3.280892187419526e-07,3.0225563608816602e-09,0.002932463233340954,418.00000000000006,0.0073295391806702526,1.3316486758757385e-07,5.214433032227611e-10,6.003487933237764e-12,0.0036647695903351263,520.9334155155447,6.0730521826698745,267.7045036356561,1.0482698867370943,9.999999999999998,3.0365260913349372,340.0000000062412,0.0030067106791644704,6.201628330485886e-05,2.428416458929575e-07,1.1469241166305531e-09,0.0015033553395822352
0,11,348.0000000000071,0.0024707586821577365,3.868312114497031e-05,1.576223989034073e-07,6.117417766412992e-10,0.0012353793410788683,418.00000000000006,19.963752330800986,1.1106353314911772e-10,4.52551397288898e-13,1.4191554212703482e-11,9.981876165400493,520.9211215654426,6.068672393837004,257.44828576897265,1.0490264279450903,9.999999999999998,3.034336196918502,349.9977695649966,2.552736934720778e-08,1.0190741676662587,0.0041524290236578856,1.665053364283131e-10,1.276368467360389e-08
1,11,348.00000000003956,19.999999999864198,4.300793371921854e-08,1.8173941356548846e-10,5.709512065211789e-09,9.999999999932099,418.00000000000006,0.004999914473799549,4.785172282587884e-08,2.0220790194780685e-10,1.5881099826753731e-12,0.0024999572368997747,521.0086788322242,6.068216531476568,248.26672145203244,1.0491052339107512,9.999999999999998,3.034108265738284,349.88599824384556,6.470161926053208e-05,0.0029230538862045985,1.2352002366990218e-05,1.2553718702169697e-09,3.235080963026604e-05
2,11,348.00000000000824,6.888987680753189e-06,0.04506151008425903,0.0001821162759497033,1.970716015960867e-09,3.4444938403765946e-06,423.9999740797573,19.995570293907566,1.5910423581266293e-11,6.430204149804415e-14,2.019660787528153e-12,9.997785146953783,520.9711167255996,6.079228212778421,259.1126742246985,1.0472049248446023,9.999999999999998,3.0396141063892106,349.99605699262696,3.595116716039728e-08,2.1481490895790154,0.008681753266753817,4.902756346659234e-10,1.797558358019864e-08
3,11,348.0000000000008,19.99999999929995,1.072162824315374e-07,4.2689110546048154e-10,1.3411179607505319e-08,9.999999999649974,418.00000000000006,0.016021455564231957,1.24828190878453e-07,4.970144756768796e-10,1.250808674575604e-11,0.008010727782115978,520.9097383071544,6.07126186039108,263.3569577042109,1.0485790054961877,9.999999999999998,3.03563093019554,340.0000017816382,5.2367213191573114e-05,0.011092150368348553,4.4164377138349385e-05,3.6328833213518223e-09,2.6183606595786557e-05
4,11,348.00000000000006,19.999999998900204,5.991260322622931e-08,2.352377227917653e-10,7.390211017291635e-09,9.999999999450102,418.00000000000006,19.946278038804657,3.2704630831937e-10,1.2840975800367352e-12,4.02327550479851e-11,9.973139019402328,520.9134012954642,6.071850943998814,267.03626502352176,1.0484772736339847,9.999999999999998,3.035925471999407,349.9357512791446,9.999999987886868,4.530703318307793e-08,1.7789117378515502e-10,2.794308020124759e-09,4.999999993943434
5,11,348.0000000000001,0.0052558191539411325,0.00013128070425950247,5.550625081170227e-07,4.582496944678012e-09,0.0026279095769705663,418.00000000000006,19.9656290183749,1.48669977245474e-10,6.285853729764737e-13,1.9713654693053927e-11,9.98281450918745,520.8586550461187,6.074953073561785,247.854152569589,1.0479418765194295,9.999999999999998,3.0374765367808925,340.0000000080196,0.00158300901961006,0.0001268755904302474,5.364374287925391e-07,1.3338971315278327e-09,0.00079150450980503
6,11,348.0000000000008,0.008417219349592386,0.00010448801318993568,4.4862022965042086e-07,5.931538795266603e-09,0.004208609674796193,418.00000000000006,19.977903910915135,5.903061627767056e-11,2.5344848487793074e-13,7.953522176082777e-12,9.988951955457567,520.828939498403,6.126980344795256,242.0032808458897,1.0390432750586132,9.999999999999998,3.063490172397628,340.0000000373528,8.122657885145657e-05,0.0024759905280191596,1.0630687725615717e-05,1.3563738235440144e-09,4.061328942572828e-05
7,11,348.0000000000002,19.99999999975266,2.5756630826378143e-08,1.0993195127723608e-10,3.4536141052308488e-09,9.99999999987633,418.00000000000006,19.965393111653576,1.6377752529797027e-10,6.990193341950584e-13,2.1922341098435825e-11,9.982696555826788,520.8066818156364,6.110914620802213,244.0838379505991,1.0417749418400624,9.999999999999998,3.0554573104011067,349.9796028064888,7.039523625707034e-05,0.00232366322333895,9.917633792040612e-06,1.096658011901478e-09,3.519761812853517e-05
8,11,355.57468634646096,19.976491771464378,2.3740748349733248e-11,1.1254054021347052e-13,3.5314095997515913e-12,9.988245885732189,418.4877891444218,19.97945265206455,2.1659756914693188e-16,1.0267581746636111e-18,3.222342004792008e-17,9.989726326032274,520.9535735855383,6.072434654512803,221.1580143245909,1.0483764891475111,9.999999999999998,3.0362173272564017,347.8095975072657,0.19300555744648915,92.3365553474028,0.4377118053384569,0.13270214758815121,0.09650277872324457
9,11,353.87794880600006,19.989482566474198,4.2140314159078615e-15,1.9654372232632527e-17,6.171356092791208e-16,9.994741283237099,418.00017121863414,19.996505396065615,4.38339499145545e-19,2.0444289162035568e-21,6.421640613312942e-20,9.998252698032807,520.846280994439,6.100768215694011,223.73513470551637,1.0435075548844808,9.999999999999998,3.0503841078470053,347.58401885752494,0.20994038177266797,77.7368163081798,0.3625669040181049,0.11956498612133168,0.10497019088633398
10,11,348.00000000000006,19.999999997583163,1.8126621068527256e-06,8.289807306119068e-09,2.604319772943155e-07,9.999999998791582,418.00000000000006,0.042216055365287275,6.553696910578881e-08,2.997187635026833e-10,1.9875197823323288e-11,0.021108027682643637,520.9438266775524,6.087463937380337,228.6736595262856,1.045788162223664,9.999999999999998,3.0437319686901687,340.0000036961311,9.999999997127606,4.4392731190545156e-07,2.030202904174577e-09,3.18903526360974e-08,4.999999998563803
11,11,348.00000000000006,0.005070839047114362,6.548926687154058e-05,2.877333249854122e-07,2.2918694059185233e-09,0.002535419523557181,418.00000000000006,19.96245200084964,2.034094960575033e-10,8.936989743531038e-13,2.802367072638047e-11,9.98122600042482,520.9442776100389,6.072327108407435,238.61894921107282,1.0483950567915716,9.999999999999998,3.0361635542037173,349.9592398890108,4.8131677747420554e-05,0.0027973066275896142,1.229023281843857e-05,9.292038217064667e-10,2.4065838873710277e-05
12,11,359.9646832106809,19.99999999943813,4.747830773677374e-08,2.060882539271538e-10,6.4744534451050516e-09,9.999999999719066,418.00000000000006,0.01519396894038394,1.000893975442649e-07,4.344562845600692e-10,1.0369007655874132e-11,0.00759698447019197,520.752439705564,6.099662039309699,240.44532715170953,1.0436967954369285,9.999999999999998,3.0498310196548495,340.0000021282949,0.00010424147369292314,0.003285383827864856,1.4260807700202711e-05,2.3350949424520534e-09,5.212073684646157e-05
13,11,348.0000000000009,0.0003571806899991259,0.0014260488496975717,6.013502045023436e-06,3.3739241270571688e-09,0.00017859034499956294,418.00000000000006,19.96295496902552,1.8542187107940569e-10,7.819050526667079e-13,2.451877248233876e-11,9.98147748451276,520.8716839649105,6.09190446716189,247.81864524370388,1.0450258630929763,9.999999999999998,3.045952233580945,340.00000001057487,0.0030324040305664823,5.428318573428656e-05,2.2890663843159869e-07,1.0903484986366595e-09,0.0015162020152832412
14,11,348.00000000000153,0.011642761117006017,8.912546411785199e-05,3.6884090673256874e-07,6.745512397921047e-09,0.005821380558503009,418.00000000000006,19.965866644521103,1.1160403043665245e-10,4.618672361339079e-13,1.4485223432235224e-11,9.982933322260552,520.8952719542826,6.089867991388317,252.60094315585582,1.045375323845813,9.999999999999998,3.0449339956941586,340.0000000085521,0.004543309069266144,5.870324933742681e-05,2.42940218354808e-07,1.733770368513774e-09,0.002271654534633072
15,11,348.00000000000006,19.99999999988618,4.1214738623241705e-08,1.6954877936316036e-10,5.3265319966939e-09,9.99999999994309,418.00000000000006,19.97999628284815,5.358258065952762e-11,2.204274841822697e-13,6.918007428861928e-12,9.989998141424074,520.9174012317026,6.096282234814898,253.84752911341587,1.0442754253271724,9.999999999999998,3.048141117407449,340.00000162341865,0.0005348013523605033,0.0003166678483867377,1.3027050261881951e-06,1.0943555949280302e-09,0.00026740067618025165
16,11,348.0000000000135,19.999999999791214,1.4937462681204966e-07,5.98746916621185e-10,1.8810189145970185e-08,9.999999999895607,418.00000000000006,19.971753494657055,1.205867305448655e-10,4.833547346030499e-13,1.516359062186595e-11,9.985876747328527,520.9632547590935,6.086779214679007,260.9312635997306,1.0459058065262092,9.999999999999998,3.0433896073395035,340.00000433406564,0.0011896429619611126,0.00035322373545066034,1.4158470350162545e-06,2.645774657856619e-09,0.0005948214809805563
17,11,348.0000000000004,0.00805698128840504,0.00012896213918062166,4.843518559454156e-07,6.129897326065505e-09,0.00402849064420252,418.00000000000006,0.009724972322359804,5.802432028872605e-08,2.1792587654314237e-10,3.3290249685873275e-12,0.004862486161179902,520.9903732789847,6.081525318525,278.7204689798665,1.046809375977383,9.999999999999998,3.0407626592625,340.0000000056194,0.0038728413425968,6.36078538288199e-05,2.38896332291323e-07,1.4533126874959328e-09,0.0019364206712984
18,11,348.00000000000006,0.028170294775872406,4.896400884170727e-05,1.958144224675362e-07,8.664748161627483e-09,0.014085147387936203,418.00000000000006,19.9398896686051,3.454096912925698e-10,1.3813452128440183e-12,4.3265811609856576e-11,9.96994483430255,520.8292497819921,6.087911582497343,261.48337284074296,1.0457112652520346,9.999999999999998,3.0439557912486714,340.00000159718223,0.012181589084340416,3.945305506088639e-05,1.5777869039078467e-07,3.0190629572468845e-09,0.006090794542170208
19,11,359.76521116462123,0.13345233756199448,3.614542138883014e-05,1.4153413700714369e-07,2.966929751204308e-08,0.06672616878099724,418.00000000000006,19.835379261870425,1.06355572720962e-09,4.164550757074204e-12,1.2975632757158607e-10,9.917689630935213,520.8669212564922,6.08837890138004,267.0364474536902,1.045631000763241,9.999999999999998,3.04418945069002,340.000000009714,0.06569412065763913,2.8223201330552192e-05,1.1051320721724913e-07,1.1404088098289083e-08,0.032847060328819566
20,11,348.00000000000006,0.011759353423631325,4.647654818800234e-05,1.8036038075775574e-07,3.331535640282555e-09,0.005879676711815662,418.00000000000006,19.999999999999986,4.2067062307607926e-11,1.632485989378833e-13,5.128605991320803e-12,9.999999999999993,520.9340859946034,6.080088196418202,269.81305910257237,1.04705680543025,9.999999999999998,3.040044098209101,349.97581560623087,9.999999999133982,2.0233844791040705e-08,7.852097655667773e-11,1.2334046154089605e-09,4.999999999566991
0,12,348.00000000000034,19.99999999836589,2.985598022683843e-08,1.228672418571287e-10,3.859988243536576e-09,9.999999999182945,418.0019536762394,0.00674126366581973,1.1149881881497922e-07,4.5885454887223196e-10,4.858880657609307e-12,0.003370631832909865,520.9350301040051,6.082403940250072,254.33146290434715,1.0466581611832366,9.999999999999998,3.041201970125036,349.9589488093995,4.823967276834651e-05,0.004043084950631107,1.663863295406241e-05,1.2607874336538124e-09,2.4119836384173254e-05
1,12,348.00000000114863,0.023753790759872828,0.00010298980414067854,4.2247150167110933e-07,1.5763411832754793e-08,0.011876895379936414,418.00000000000006,19.95890652296737,1.2566153756795266e-10,5.154725647027889e-13,1.6160774736535854e-11,9.979453261483686,520.971670806201,6.079092479926678,255.2925765762838,1.0472283066423425,9.999999999999998,3.039546239963339,340.00000000864355,0.007583778219682813,6.721189071152905e-05,2.757079561027999e-07,3.284390594262596e-09,0.0037918891098414065
2,12,348.0000000003629,0.01113319331862428,7.073648028507268e-05,2.8160819530258707e-07,4.9247582536634664e-09,0.00556659665931214,418.00000000000006,0.012198303421744328,1.8301670317371924e-07,7.286057107064806e-10,1.3960850604686485e-11,0.006099151710872164,520.8199312606286,6.0880514637095855,262.6636439314802,1.0456872386221168,9.999999999999998,3.0440257318547927,340.0000000107585,0.004041922182054236,7.434783315278469e-05,2.959853110366281e-07,1.879221548196594e-09,0.002020961091027118
3,12,348.00000000000074,0.00964804701554911,8.014778495389956e-05,3.311794578997482e-07,5.0190633704602e-09,0.004824023507774555,418.00000000000006,19.958965872343004,2.2780569628334825e-10,9.413181792234077e-13,2.951170891891196e-11,9.979482936171502,520.9379248388188,6.077865530976688,253.4878622989731,1.0474397123841586,9.999999999999998,3.038932765488344,340.0000000067325,0.003988663481120369,6.194699723478068e-05,2.559718022716695e-07,1.6037600844858143e-09,0.0019943317405601846
4,12,348.0000000000127,0.00013561161107844555,0.03007432906632879,0.00011908326970895433,2.536690621100588e-08,6.780580553922277e-05,418.00000000000006,19.88679417039182,5.040864092843541e-10,1.995996575718615e-12,6.235114708816155e-11,9.94339708519591,520.9399370783653,6.063274984717208,265.16613262771074,1.0499602508087027,9.999999999999998,3.031637492358604,340.00000533478783,0.04189098606110164,2.9281160015503933e-05,1.1594261231321141e-07,7.629279779101912e-09,0.02094549303055082
5,12,348.00000000000006,0.00843808575713112,8.997587636602432e-05,3.769727727696658e-07,4.9965909366969665e-09,0.00421904287856556,418.00000000000006,19.99999999999848,5.081670736637312e-11,2.1290723527934478e-13,6.688678062496524e-12,9.99999999999924,520.9224495901775,6.087194300492259,249.61981667429603,1.0458344862034372,9.999999999999998,3.0435971502461294,340.00000021719154,0.0031403171219928083,6.99300868637534e-05,2.9298674055490644e-07,1.4452445836856484e-09,0.0015701585609964042
6,12,348.00000000000006,0.0024273195686390636,7.593221719641509e-05,3.2878668107824197e-07,1.2536059662757465e-09,0.0012136597843195318,418.00000000000006,4.1571026575398795e-06,1.6555357051121806e-07,7.168473541110548e-10,4.680985684347947e-15,2.0785513287699398e-06,520.9723863186805,6.075367783934078,242.0022557432729,1.0478703430121246,9.999999999999998,3.037683891967039,340.00000000001114,9.999999999977673,5.885364916726115e-10,2.5483644088771056e-12,4.002961452790068e-11,4.9999999999888365
7,12,348.0220256929489,1.2740520258347487e-05,3.040937512631318e-06,1.4268908285661354e-08,2.855602715603438e-13,6.370260129173744e-06,418.007551867852,0.011851723475717236,1.6493466289692635,0.0077391842753331995,0.00014407763619680338,0.005925861737858618,520.863581457513,6.08962356480056,222.79550541758672,1.0454172833397972,9.999999999999998,3.04481178240028,349.999999993251,3.3508126747130347,0.7515870414375362,0.0035266514087900556,0.0185623330483759,1.6754063373565173
8,12,351.2468889356515,0.16889067015099135,113.68579838092273,0.5291436722396476,0.14037802985344644,0.08444533507549568,418.00402709355217,19.998744808510597,3.6159207315231905e-28,1.683008433467382e-30,5.28699510012255e-29,9.999372404255299,520.9854873707594,6.063793906605325,225.5632273124552,1.0498703982569524,9.999999999999998,3.0318969533026623,347.9053813618264,0.27441432666691223,56.642042644376254,0.2636369614749475,0.11364045291682566,0.13720716333345612
9,12,348.00000000000006,19.999999999890612,2.190925440116983e-08,9.873673148047407e-11,3.1019059025682883e-09,9.999999999945306,418.00000000000006,0.0024299828716181082,6.808021812903073e-08,3.068118199485279e-10,1.1711032230623621e-12,0.0012149914358090541,520.9596489038067,6.071644743255023,232.66048119842196,1.0485128812498472,9.999999999999998,3.0358223716275115,340.0000013257451,0.00011902899727367355,0.0009156910298984515,4.126673490693259e-06,7.715654288372555e-10,5.951449863683678e-05
10,12,359.9553811787409,19.999999997651752,9.155752644758079e-08,4.039448810657677e-10,1.2690302706624187e-08,9.999999998825876,418.00000000000006,0.04580072572749572,1.0963687070188687e-07,4.837095803527668e-10,3.4799814242507314e-11,0.02290036286374786,520.8298442165938,6.089841034646766,236.94421446350452,1.0453799512100197,9.999999999999998,3.044920517323383,340.000003836203,6.13310114410126e-05,0.011876923561111894,5.240008835393046e-05,5.0481473523718574e-09,3.06655057205063e-05
11,12,348.00000000000006,19.99999999980887,2.272158865337019e-08,1.0083702676366772e-10,3.167888624875485e-09,9.999999999904436,418.00000000000006,19.96682287439333,1.461744335360187e-10,6.487132344264669e-13,2.034611994518638e-11,9.983411437196665,520.9345271478807,6.0895126750954365,235.56797335548598,1.0454363203334722,9.999999999999998,3.0447563375477182,340.00000129923126,0.0015678977719097986,8.279194177468753e-05,3.674255958027782e-07,9.049134161500358e-10,0.0007839488859548993
12,12,348.0000000000003,19.999999999709875,1.0612089221131143e-07,4.554774278392753e-10,1.430924541155085e-08,9.999999999854937,418.00000000000006,0.007147703183708387,1.0342586867994928e-07,4.4391022028520693e-10,4.9840401327988045e-12,0.0035738515918541935,520.8393618179856,6.106238992774446,242.90718326844933,1.0425726427034672,9.999999999999998,3.053119496387223,340.0000028845791,6.741305269386544e-05,0.0063829668464123815,2.7396088184013524e-05,2.9010313793526396e-09,3.370652634693272e-05
13,12,348.00000000001177,19.999999999361876,1.605400908608799e-07,6.683763182896257e-10,2.099766131305086e-08,9.999999999680938,418.00000000000006,0.026113584356007635,7.346214200959373e-08,3.058448250947551e-10,1.2545486311645378e-11,0.013056792178003818,521.0081123020212,6.072446072510174,251.81344065099896,1.048374517889166,9.999999999999998,3.036223036255087,340.0000051605287,0.011252704115388923,5.333738216032066e-05,2.22059442749505e-07,3.925057489175105e-09,0.0056263520576944615
14,12,348.0000000222905,19.99999999973837,1.6521551779488384e-07,6.978172023864079e-10,2.1922573965370428e-08,9.999999999869186,418.00000000000006,19.992755062937018,4.189737308427918e-11,1.7696102680444856e-13,5.557380744599906e-12,9.996377531468509,521.0062628610885,6.069188916612856,248.34683602344737,1.0489371497812452,9.999999999999998,3.034594458306428,349.9937257326036,1.314038155037162e-07,3.5093998599418326,0.014822576141789607,3.0595076451707955e-09,6.57019077518581e-08
15,12,348.0000000000003,0.0032968414847260874,0.00015906744153896266,6.407466988259066e-07,3.318213460499979e-09,0.0016484207423630437,418.00000000000006,19.960572445451433,2.0858359457846313e-10,8.402049367384519e-13,2.634378044279518e-11,9.980286222725717,520.9388527740198,6.074887891238294,260.15775355830607,1.0479531207246917,9.999999999999998,3.037443945619147,340.0000000072853,0.0023574412249374177,7.443542680566143e-05,2.998366827302149e-07,1.1103132313781786e-09,0.0011787206124687089
16,12,348.00000000000006,19.999999738251205,8.167140945400924e-06,3.1941785436642695e-08,1.0034807715699871e-06,9.999999869125602,418.00000000000006,15.386946269515672,4.002815453249245e-08,1.565505887616203e-10,3.783789951697015e-09,7.693473134757836,520.8873786564934,6.082386792174487,267.6190046091933,1.0466611120270208,9.999999999999998,3.0411933960872437,340.0003162653438,2.3318539479064206,2.7614800281987357e-05,1.0800181255347245e-07,3.955963416707235e-07,1.1659269739532103
17,12,348.0000000000971,0.006603841824048828,0.00013214960589774663,5.311396488981259e-07,5.509665863439132e-09,0.003301920912024414,423.9999554829581,0.00014321583746917943,2.892599577152546e-06,1.1626022744256012e-08,2.6154239249624994e-12,7.160791873458972e-05,520.9474916594235,6.087973338927855,260.1743817641721,1.0457006575519852,9.999999999999998,3.0439866694639277,340.0000000088147,0.003406732683497893,5.926158514545902e-05,2.3818593565584153e-07,1.2746003925240358e-09,0.0017033663417489464
18,12,348.00000000000006,0.009695722473605173,6.86104311593543e-05,2.7307395331222734e-07,4.158917741808421e-09,0.004847861236802586,418.00000000000006,19.97732578837549,4.5893582082916316e-11,1.8265942480282042e-13,5.731909368809668e-12,9.988662894187746,520.9282160709395,6.0940676468443185,262.4718443747666,1.0446549156657967,9.999999999999998,3.0470338234221592,340.0000001219197,9.99999999545677,1.883457608113328e-08,7.496283090670767e-11,1.177513393809062e-09,4.999999997728385
19,12,348.00000000000017,0.004236040290191312,0.00016625864379509104,6.504821568272372e-07,4.328279993760114e-09,0.002118020145095656,418.00000000000006,0.010410225360139691,9.006790639372628e-08,3.5238809047493643e-10,5.762371191253612e-12,0.0052051126800698455,520.7885317182873,6.118375629286348,265.94561386938,1.0405045569943816,9.999999999999998,3.059187814643174,340.0000000069181,9.99999999868903,2.2665153932869394e-08,8.867676217330922e-11,1.3929313227563781e-09,4.999999999344515
20,12,348.00000000000045,19.99999999976691,4.182656375971006e-08,1.6587190397803363e-10,5.2110195496826885e-09,9.999999999883455,418.00000000000006,19.967394131582772,1.3466267911266224e-10,5.340327526670123e-13,1.6749782074816532e-11,9.983697065791386,520.7957220690138,6.120916202978455,262.2666361899509,1.040072680716982,9.999999999999998,3.0604581014892274,340.00000182611655,7.292549097925871e-05,0.0028891092590354645,1.1457361315882105e-05,1.3124532657541066e-09,3.6462745489629356e-05
0,13,359.8022730927279,19.999999999970903,2.309473973164134e-08,9.125415784469436e-11,2.866833918939981e-09,9.999999999985452,423.9999989302113,3.0626604350936226e-06,4.679613112954908e-06,1.8490537612624544e-08,8.895456978847593e-14,1.5313302175468113e-06,520.9452069203389,6.074088557517475,265.2524563355787,1.0480910285374117,9.999999999999998,3.0370442787587373,349.98575609355214,9.999999999933362,1.9023653809982744e-08,7.51680914238911e-11,1.1807376190004427e-09,4.999999999966681
1,13,348.00000000000006,0.05800778679942198,4.9461203960167006e-05,2.037063653685703e-07,1.856140183651468e-08,0.02900389339971099,423.99970561026646,0.0009293201062864354,5.238586658301313e-06,2.15751611847186e-08,3.1494829340224687e-11,0.0004646600531432177,520.8702532817774,6.091385850458132,253.76054384998554,1.0451148359280198,9.999999999999998,3.045692925229066,340.00000336888525,0.027399938507054244,3.0037200828431444e-05,1.2370845261941575e-07,5.324377503967444e-09,0.013699969253527122
2,13,348.00000000000006,19.999999987911234,2.660381747586812e-07,1.0877482780563062e-09,3.417261997231115e-08,9.999999993955617,418.00000000000006,19.82603262392506,1.0748732297063653e-09,4.394826065103152e-12,1.3686657047921797e-10,9.91301631196253,520.8937929317266,6.06616122265791,256.67391184209396,1.0494606869163363,9.999999999999998,3.033080611328955,349.90844006478335,9.999999966045085,2.0342003805185555e-07,8.317219749149322e-10,1.306465818674879e-08,4.999999983022542
3,13,348.00000000000006,19.99999999971208,3.993922175480927e-08,1.5974370051005146e-10,5.018496359724012e-09,9.99999999985604,418.00000000000006,19.999999999999037,3.3080543617908e-11,1.32311252453798e-13,4.156680586960963e-12,9.999999999999519,520.9742263527644,6.065602354723692,262.41100502809843,1.0495573813403754,9.999999999999998,3.032801177361846,340.00000243533543,9.999999998926041,2.33578891202375e-08,9.342384453750423e-11,1.4674983181880879e-09,4.999999999463021
4,13,348.00000000000097,0.006674114826633826,9.35426853193086e-05,3.8087191877122293e-07,3.992937433699065e-09,0.003337057413316913,418.00000000000006,19.999999999999506,2.575555118238719e-11,1.048672717098213e-13,3.294502504055712e-12,9.999999999999753,520.8636278963969,6.093481831202179,256.59340009922033,1.0447553467833726,9.999999999999998,3.0467409156010894,340.0000000082358,0.0019231864081472594,8.56481468008743e-05,3.4872821856563613e-07,1.0534849830199692e-09,0.0009615932040736297
5,13,348.00000000000085,0.006314657208204011,8.517205970268144e-05,3.553090741078128e-07,3.5243250419493994e-09,0.0031573286041020054,418.00000000000006,0.014338374648303898,5.651444125567186e-08,2.3575916640232397e-10,5.309925015487129e-12,0.007169187324151949,520.8589336199939,6.097940665941198,250.25789059755533,1.04399141815743,9.999999999999998,3.048970332970599,340.0000000085993,0.00014803868545243404,0.0011322890475978862,4.723527580861782e-06,1.0984026009254102e-09,7.401934272621702e-05
6,13,348.0000000000012,19.999999999191836,6.858413396650413e-08,3.0681040146114183e-10,9.6387330323631e-09,9.999999999595918,418.00000000000006,0.024927415646551765,8.197691382266866e-08,3.667228611906378e-10,1.4359361089264914e-11,0.012463707823275882,520.9385022894155,6.076192492694903,234.20824472862478,1.0477281177858613,9.999999999999998,3.0380962463474517,340.00000323025034,4.315604645910298e-05,0.009057195259053588,4.051726766571614e-05,2.7466396139011894e-09,2.157802322955149e-05
7,13,351.4470641692423,1.4076140621209392,6.539714334296677,0.03129825003948126,0.06920277815360314,0.7038070310604696,418.00000000000006,0.00014613491886450447,7.965924002606945e-07,3.812391007992109e-09,8.751274698251325e-13,7.306745943225224e-05,521.0219266778424,6.0524202044919395,219.78081161819443,1.0518433136798724,9.999999999999998,3.0262101022459698,347.6998070533857,4.092182337045777,4.9541221497165395,0.023709805328161377,0.15240627261365383,2.0460911685228886
8,13,348.00000000000006,19.999999998478103,6.771577633159043e-06,3.246992217848437e-08,1.0200726897079655e-06,9.999999999239051,418.00000000000006,19.93674194722636,3.718701870045948e-10,1.7831289378431952e-12,5.5841466186641354e-11,9.96837097361318,521.0003867500022,6.064731970508239,218.9158088529879,1.0497080092959672,9.999999999999998,3.0323659852541196,340.001803212879,9.999999944668698,8.596040511596889e-07,4.121827756768102e-09,6.474551864188044e-08,4.999999972334349
9,13,359.9224703924747,0.07106770818623787,3.1340422293301103e-07,1.5012718015508663e-09,1.67591317347965e-10,0.03553385409311893,418.00000000000006,0.0324755023036829,2.109292814424577e-07,1.0103953909345808e-09,5.154269356714298e-11,0.01623775115184145,520.9138465199105,6.071024519443585,218.90901801028505,1.0486199986982232,9.999999999999998,3.0355122597217923,349.48772346744164,2.601888085176246,3.0712429609477536,0.014711896380438964,0.0601280537678772,1.300944042588123
10,13,348.00000000000034,0.007002213858967821,6.485215389124165e-05,2.8823609436332585e-07,3.170323735154561e-09,0.0035011069294839103,418.00000000000006,0.008280046617318959,1.1592332330080858e-07,5.152224552152414e-10,6.701120720153381e-12,0.0041400233086594795,520.7971703405813,6.09633086011763,234.9565919711716,1.0442670960206015,9.999999999999998,3.048165430058815,340.0000000103906,9.999999998589274,1.9122260889596764e-08,8.498909386197446e-11,1.335005564371829e-09,4.999999999294637
11,13,348.00000000000284,0.014858142191659596,0.0007176729017503437,3.1719943451756022e-06,7.403154136492425e-08,0.007429071095829798,418.00000000000006,19.935844365435564,3.466666763820338e-10,1.5322088021753916e-12,4.798135015806893e-11,9.967922182717782,520.8666434378135,6.093058409460738,236.39534775124912,1.0448279494237196,9.999999999999998,3.046529204730369,340.0000000055713,0.0019163905692600736,0.000862085382696595,3.810273388200747e-06,1.1469910776246537e-08,0.0009581952846300368
12,13,348.00000000000006,19.99999999978441,6.161248663258984e-08,2.567540218196232e-10,8.066165487194667e-09,9.999999999892205,418.00000000000006,19.969886389659486,1.221582113763463e-10,5.090625907732523e-13,1.5968593097824505e-11,9.984943194829743,520.9825643563336,6.069779474290525,251.68578755889317,1.0488350937032906,9.999999999999998,3.0348897371452623,340.0000020623501,5.443235591151563e-05,0.004919039243417796,2.0498817338237773e-05,1.752692846737171e-09,2.7216177955757814e-05
13,13,348.000000000004,0.027327316611284402,4.2910525285887406e-05,1.7693342766016337e-07,7.59498213322425e-09,0.013663658305642201,423.9998542704407,0.0004723736816613089,6.7775548365629705e-06,2.7945964315244463e-08,2.0735985001021025e-11,0.00023618684083065444,520.8384431873577,6.087020311141867,253.64675582505174,1.0458643799862029,9.999999999999998,3.0435101555709334,340.00000000995476,9.999999995598937,4.310413417092116e-08,1.777317372456615e-10,2.791803598974918e-09,4.999999997799469
14,13,348.00000000000045,19.99999999970919,8.551757129387908e-08,3.3575675300060846e-10,1.0548109486045367e-08,9.999999999854595,418.00000000000006,19.961687207908263,2.0270496090426803e-10,7.958546817992209e-13,2.4954616414038358e-11,9.980843603954131,520.8842683985886,6.11399413076678,265.20744255199406,1.0412502183539718,9.999999999999998,3.05699706538339,340.00000176936095,5.416581712225366e-05,0.007133300065557008,2.800656791292522e-05,2.382895884857275e-09,2.708290856112683e-05
15,13,348.00000000011596,19.99999999906785,8.849267640481365e-08,3.386343841123012e-10,1.0638512933305261e-08,9.999999999533925,418.00000000000006,0.00022348920777659487,1.0920001640011003e-06,4.178750355514498e-09,1.4669754961849765e-12,0.00011174460388829743,520.9147126364888,6.088715419112609,273.2314733648615,1.0455732096941466,9.999999999999998,3.0443577095563046,349.99528410513125,8.694028530285185e-08,3.7717060067088406,0.014433164330930314,1.971072026379817e-09,4.3470142651425925e-08
16,13,348.0000000000003,0.0064136852700116265,8.346241359299708e-05,3.359707004714705e-07,3.3847681556537976e-09,0.0032068426350058132,418.00000000000006,19.95997204699142,2.464605833857619e-10,9.921056829546244e-13,3.110553985119051e-11,9.97998602349571,520.9869992703876,6.05014323896201,261.399047615282,1.052239173889051,9.999999999999998,3.025071619481005,340.00000000641285,0.002849971491807324,6.802453006560313e-05,2.738268405084906e-07,1.2258473943380296e-09,0.001424985745903662
17,13,348.00000000000244,19.999999999821956,6.079474554489878e-08,2.428174072627402e-10,7.628333828135547e-09,9.999999999910978,423.99995858715494,0.0001293813508192465,3.0716162282227027e-06,1.2268196567947915e-08,2.4932870654866484e-12,6.469067540962326e-05,520.9967493831182,6.062259357436272,262.9249729853537,1.050136153588796,9.999999999999998,3.031129678718136,340.0000024630868,0.0002898432528990469,0.0008492888782012658,3.3921043927984073e-06,1.544373288510043e-09,0.00014492162644952344
18,13,348.0000000000025,19.999999999859913,5.0752258770073466e-08,2.0039746397548287e-10,6.295672006189925e-09,9.999999999929956,418.00000000000006,19.980286610362267,4.6863562901197614e-11,1.8504278205235692e-13,5.807560463972111e-12,9.990143305181133,520.9124412714009,6.11959275579796,263.4636811266829,1.040297610922591,9.999999999999998,3.05979637789898,340.0000019954949,0.0018141116247285538,0.00010978260460411424,4.3348130870305727e-07,1.235248283753758e-09,0.0009070558123642769
19,13,359.60405794012456,0.00564761761445709,9.373411902504861e-05,3.7507658824586053e-07,3.327400810486767e-09,0.002823808807228545,418.00000000000006,19.958404497379718,2.483836374193279e-10,9.939058292577797e-13,3.1159532634146217e-11,9.979202248689859,520.8789926382813,6.072816847571812,261.97972668392373,1.0483105095160752,9.999999999999998,3.036408423785906,340.00000000630905,0.0014556884260024106,0.00017765220071134266,7.108743542932625e-07,1.6254782129027932e-09,0.0007278442130012053
20,13,348.0000000000008,0.007128929210743706,9.338141401532921e-05,3.6959305283754064e-07,4.138738419422139e-09,0.003564464605371853,418.00000000000006,19.96777144151011,1.3629178716828928e-10,5.394274463218492e-13,1.691930477964e-11,9.983885720755055,520.8912023135744,6.094195703063416,263.93705889564615,1.044632964523221,9.999999999999998,3.047097851531708,340.000000007783,0.0015401576856053367,0.00012317330208803912,4.875059692213047e-07,1.1794105333585864e-09,0.0007700788428026684
0,14,348.000000000001,0.0063823843936567926,8.491262509605648e-05,3.3768079814077786e-07,3.3853938404647326e-09,0.0031911921968283963,418.00000000000006,19.961497486334725,2.1952314574775872e-10,8.730003457391658e-13,2.7373316009700974e-11,9.980748743167362,520.7455296780108,6.105277484593279,262.20478768050043,1.0427368354249202,9.999999999999998,3.0526387422966397,340.0000000104846,0.001275109108755501,0.00014815028701117093,5.891645336146945e-07,1.180059269246221e-09,0.0006375545543777505
1,14,348.0000000001032,19.999999999110404,9.917234668140965e-08,4.0101978850165964e-10,1.259840821444909e-08,9.999999999555202,418.00000000000006,19.985827867776184,1.7440314446173803e-10,7.052279637059452e-13,2.2139690443091033e-11,9.992913933888092,520.833511119185,6.091870769231466,258.43672417610867,1.045031643781727,9.999999999999998,3.045935384615733,349.99464224790626,1.3505819368200811e-07,3.4176352951152227,0.01381977364744388,2.931849978483379e-09,6.752909684100406e-08
2,14,348.0000000000001,19.99999999981731,3.351849858019064e-08,1.338585197098952e-10,4.2052894213717e-09,9.999999999908654,418.00000000000006,19.969682605083374,1.171129583531026e-10,4.676989694657069e-13,1.4670923493657986e-11,9.984841302541687,520.8725803017994,6.103204844399491,261.19250771007165,1.0430909474581462,9.999999999999998,3.0516024221997453,340.0000015904406,5.589606384504009e-05,0.0030425998895155146,1.2150840119095844e-05,1.0668599445819568e-09,2.7948031922520045e-05
3,14,348.00000000043156,19.999999999666677,8.534987857015919e-08,3.547206265441919e-10,1.1143877144094294e-08,9.999999999833339,418.00000000000006,19.999999999999996,2.3314888373960218e-11,9.689846020133171e-14,3.044154907126666e-12,9.999999999999998,520.9242759991523,6.104563678433372,250.92385976449057,1.0428587625626313,9.999999999999998,3.052281839216686,340.0000031364533,0.0019985010756489174,0.00014468593042872886,6.013257986257067e-07,1.887704886858327e-09,0.0009992505378244587
4,14,348.00000000000006,0.02673607123468713,5.001979259420199e-05,2.0506571552440195e-07,8.612128959901106e-09,0.013368035617343565,418.00000000000006,19.963582214232726,1.9007589892614404e-10,7.792525357602492e-13,2.4436363334182954e-11,9.981791107116363,520.9292482150081,6.064206379759036,256.06780508055164,1.0497989885246577,9.999999999999998,3.032103189879518,340.0000013468017,0.012694034230348095,3.5028034270778094e-05,1.4360413225669796e-07,2.863429396335833e-09,0.006347017115174047
5,14,348.0000000000013,0.010288122866882077,6.906480852293963e-05,2.901286769191192e-07,4.688637715804995e-09,0.005144061433441038,418.00328589068033,0.011769883267170655,7.551808685684378e-08,3.1723772340528385e-10,5.865119392281857e-12,0.005884941633585328,520.8310298614964,6.105066275158261,248.23093017315335,1.0427729097028977,9.999999999999998,3.0525331375791307,340.00000025705515,6.726933060186013e-05,0.002996007551284231,1.2585681847001333e-05,1.3298839115020791e-09,3.363466530093007e-05
6,14,348.00000000000006,19.99999999971622,3.2198699523459244e-08,1.4352753327471163e-10,4.509050441173008e-09,9.99999999985811,418.00000000000006,19.974552736933436,1.3414454298065238e-10,5.979569250071404e-13,1.8761469013993036e-11,9.987276368466718,520.8788247814276,6.068998451590389,235.32399175061585,1.0489700688599686,9.999999999999998,3.0344992257951944,340.0000042662274,0.0006737702363661668,0.0002827429197781228,1.2603426357973545e-06,1.3338909541961695e-09,0.0003368851181830834
7,14,348.00000000002217,3.648872370519559,2.547297826287515,0.012865798818052965,0.07374206688125051,1.8244361852597795,418.00000000000006,9.847039404299803,0.747444549045729,0.003775165627055049,0.05839310417444123,4.9235197021499015,520.959256848132,6.073698565842387,207.5247300332549,1.0481583263743774,9.999999999999998,3.0368492829211937,349.9999983346993,3.036657847170379,2.03944263579594,0.010300742371908502,0.04913424231077062,1.5183289235851896
8,14,348.0000000000019,0.012210903671999063,5.458108947429288e-05,2.692013516130224e-07,5.163508762370887e-09,0.006105451835999531,418.00000000000006,3.9066456841561967,2.0874982504812025,0.01029582509128982,0.06318079080096553,1.9533228420780984,520.8206369251365,6.097548966985092,211.68485644031472,1.0440584828666908,9.999999999999998,3.048774483492546,340.00000000656013,0.0035133080430256314,4.269333130299114e-05,2.1056931260122433e-07,1.1620670480041354e-09,0.0017566540215128157
9,14,359.8971782025114,0.016096796094284826,3.793074047434714e-05,1.8553726550763133e-07,4.691270457498614e-09,0.008048398047142413,418.00000000000006,0.01733048053893782,1.0296306609610525e-07,5.036412548991157e-10,1.3710452212589527e-11,0.00866524026946891,520.8324549092442,6.057019458323326,214.87274081582146,1.0510446214478681,9.999999999999998,3.028509729161663,340.000000533832,7.689329741467077e-05,0.0036873703035822758,1.8036679339370986e-05,2.178537031071839e-09,3.8446648707335385e-05
10,14,348.30039255511326,17.705648364925267,9.091096993363377e-13,3.923500058461426e-15,1.0912025577925526e-13,8.852824182462633,418.0000004375233,19.999980711769872,3.653674493605466e-15,1.57683853771717e-17,4.95377958850289e-16,9.999990355884936,520.9528660155681,6.048431789154358,243.8821211250951,1.052536912971599,9.999999999999998,3.024215894577179,349.54366088488484,0.5850156734307511,6.450957487883657,0.02784078984012665,0.025584028527096223,0.29250783671537556
11,14,348.00000000000034,0.006425486911368239,7.879652723619896e-05,3.3297617099004285e-07,3.3607721930111142e-09,0.0032127434556841195,418.00000000000006,0.00948902210534186,9.427229036970507e-08,3.983732199728872e-10,5.937880748567589e-12,0.00474451105267093,520.9251012293753,6.066652161448205,248.3275767821022,1.0493757601813947,9.999999999999998,3.0333260807241027,340.00000004194163,4.836182216116924e-05,0.0037552185871691382,1.5868698155161688e-05,1.2054906105965053e-09,2.418091108058462e-05
12,14,348.0000000025114,19.999999999970992,2.554392597366848e-08,1.0622905333860832e-10,3.337284135658861e-09,9.999999999985496,418.00000000000006,19.999999999999996,1.3650728654132463e-12,5.676903322557078e-15,1.7834517773284802e-13,9.999999999999998,520.9178209895126,6.097474580376562,251.0582285651013,1.044071219938182,9.999999999999998,3.048737290188281,349.9972853487759,5.247492076342021e-08,1.2382995751300636,0.0051496935808249215,4.2447591849794443e-10,2.6237460381710103e-08
13,14,348.00000000000006,19.999999999772207,4.2777300808709275e-08,1.714860492156206e-10,5.387393124027954e-09,9.999999999886104,418.00000000000006,19.97639486332779,4.72086804146367e-11,1.8925060581056247e-13,5.938465931926668e-12,9.988197431663895,521.0504845049247,6.0575272867963665,262.1617494821324,1.0509565078728176,9.999999999999998,3.0287636433981833,349.99093410620594,0.003518884679909462,6.13381474023103e-05,2.4589294708575974e-07,1.3591612481339418e-09,0.001759442339954731
14,14,348.00000000000574,0.00011661869246282208,0.001567654101002488,6.224548280013389e-06,1.140238982661913e-09,5.830934623141104e-05,418.00000000000006,0.00018474472605589654,2.850586491552403e-07,1.1318576739393706e-09,3.284609510768653e-13,9.237236302794827e-05,520.8716293561881,6.092377887318207,263.16958334388084,1.0449446573114882,9.999999999999998,3.0461889436591036,349.9968331720586,3.0009401497875206e-08,2.0270650186252084,0.00804869139632916,3.794045081990849e-10,1.5004700748937603e-08
15,14,348.00000000000006,19.999999999805123,5.254535198029124e-08,2.0429899108034307e-10,6.418242095075586e-09,9.999999999902561,418.00000000000006,19.9737451518108,1.1412973947317462e-10,4.4374221026014985e-13,1.3922272297442731e-11,9.9868725759054,520.8723707808246,6.098114214006181,268.5051700573959,1.0439617068919267,9.999999999999998,3.0490571070030903,340.00000208357363,5.245716439183923e-05,0.004243560622507635,1.6499178730247364e-05,1.3595244265884776e-09,2.6228582195919614e-05
16,14,348.000000000165,19.999999999814992,6.231317935257524e-08,2.5140150407172087e-10,7.898011182858369e-09,9.999999999907496,423.9999610662903,0.0001278451331085395,3.195005862080731e-06,1.2890198952942137e-08,2.58859255157241e-12,6.392256655426976e-05,520.9541266632443,6.092669441593542,258.990924395267,1.044894653272167,9.999999999999998,3.046334720796771,340.0000022840034,5.6309832411116645e-05,0.004324460962037156,1.744696710152139e-05,1.5432065358499124e-09,2.8154916205558322e-05
17,14,348.00000000000006,19.99999999976955,2.7463181012826296e-08,1.0668581252034716e-10,3.351633648523187e-09,9.999999999884775,418.0009548342641,0.0034293111639627227,1.3058601932478165e-07,5.072855751471577e-10,2.7326202573000485e-12,0.0017146555819813614,520.8478496207167,6.0776713808656275,269.6417139930802,1.0474731726559872,9.999999999999998,3.0388356904328138,340.00000131562757,0.0005208466763129138,0.00032566973335885,1.2651243896490672e-06,1.0350539868099695e-09,0.0002604233381564569
18,14,348.0000000000007,0.009409223517117482,5.066649930767626e-05,1.9569576364260448e-07,2.8923782474086807e-09,0.004704611758558741,418.00000000000006,19.963051050505566,2.058475390187694e-10,7.950715343012799e-13,2.4931763537648633e-11,9.981525525252783,520.8818376058255,6.077154621715055,271.2185008379287,1.0475622425218443,9.999999999999998,3.0385773108575274,349.88493624428946,6.788367577748033e-05,0.0026208292737038043,1.012276737297012e-05,1.0794051459664541e-09,3.394183788874017e-05
19,14,348.0000000000001,19.99999999984964,2.7936986951588305e-08,1.0699026213175346e-10,3.3611982151623594e-09,9.99999999992482,418.00000000000006,19.967223617782533,1.7433019053254097e-10,6.676322258687486e-13,2.093991190185981e-11,9.983611808891267,520.8053491168473,6.101923473581084,272.4260789851785,1.0433099908969576,9.999999999999998,3.050961736790542,349.43664681399395,6.268196756309408e-05,0.0027083268398076566,1.0372077670065656e-05,1.02124103632389e-09,3.134098378154704e-05
20,14,348.0000000000003,0.0070677310518263425,0.00010477683889676185,4.0909282989919187e-07,4.541734678150357e-09,0.0035338655259131713,418.00000000000006,19.964639395801132,1.7708123030907042e-10,6.913995725767885e-13,2.1682554868774185e-11,9.982319697900566,520.8670325446515,6.085490000501455,267.9341024336185,1.0461273822077148,9.999999999999998,3.0427450002507275,340.00000000963576,9.999999995279495,2.42077813573377e-08,9.451735598562939e-11,1.484675155305081e-09,4.999999997639748
0,15,348.00000000004036,0.19063993621027464,3.47517302690787e-05,1.4233231282976396e-07,4.2622337879351755e-08,0.09531996810513732,418.00000000000006,0.19219021216849796,1.1307300519951632e-07,4.631119723836918e-10,1.398096510562067e-10,0.09609510608424898,520.7415989339678,6.103251891566242,254.6781900957427,1.0430829067489287,9.999999999999998,3.051625945783121,340.0000000137289,0.09379363647359718,2.5476115242176087e-05,1.0434226947148364e-07,1.5372819564246412e-08,0.04689681823679859
1,15,348.00000000000813,0.07623467995058775,6.07643739372551e-05,2.498958769146405e-07,2.992482015867908e-08,0.038117339975293874,423.99958516562987,0.0011870521824269842,3.1837234039954856e-06,1.309318767468331e-08,2.4413783044088147e-11,0.0005935260912134921,520.898475464254,6.096871355241259,253.90019155363055,1.0441745204617157,9.999999999999998,3.0484356776206294,340.00000000692614,0.03664715673084018,3.035469598259266e-05,1.2483488069637748e-07,7.186147268631152e-09,0.01832357836542009
2,15,348.00000000000006,19.999999999842597,4.817368108086522e-08,1.974425467991787e-10,6.20284054525477e-09,9.999999999921299,418.00000000000006,19.964704784650532,1.8793231150122284e-10,7.702511698529221e-13,2.41554502131709e-11,9.982352392325266,520.8289447794054,6.106846248772815,254.35028340765433,1.042468970780968,9.999999999999998,3.0534231243864074,340.0000019251812,6.402176509112678e-05,0.0036542383732786773,1.4977101912147906e-05,1.5061745518826852e-09,3.201088254556339e-05
3,15,348.00000000000006,0.006563864990269508,4.9978434091026743e-05,1.9988868730245146e-07,2.060951314245268e-09,0.003281932495134754,418.00000000000006,19.96118236094039,2.389268388901567e-10,9.555876060481146e-13,2.99624034535441e-11,9.980591180470196,520.8942786974366,6.074847856835265,262.02283802563613,1.0479600269351153,9.999999999999998,3.0374239284176325,349.28423894844394,9.99999999852284,1.6677870550073798e-08,6.670312329479346e-11,1.0477702104173142e-09,4.99999999926142
4,15,348.0000000000107,0.07793894829759296,3.695305387877662e-05,1.5867470498982322e-07,1.9425943341887018e-08,0.03896947414879648,423.9995618690692,0.0013043810730646865,5.858241468749377e-06,2.5155018036190795e-08,5.1540544047165956e-11,0.0006521905365323433,520.8847279268862,6.079910145727662,243.85159338825565,1.0470874685786802,9.999999999999998,3.039955072863831,340.0000000088508,0.04002978052945316,2.3808189070837243e-05,1.0223126320086703e-07,6.428161999996124e-09,0.02001489026472658
5,15,348.00000000012443,19.999999999703004,6.751464243795423e-08,2.9709400741367085e-10,9.333483511024797e-09,9.999999999851502,418.00000000000006,19.9725219261387,5.27178296428241e-11,2.3198154807871927e-13,7.277902378417802e-12,9.98626096306935,520.9524125605082,6.097998350625568,237.2449083068483,1.04398154240608,9.999999999999998,3.048999175312784,340.0000027403674,5.187083462310227e-05,0.005412655258129449,2.3818054622212723e-05,1.940659756385107e-09,2.5935417311551134e-05
6,15,351.6318945606421,1.6453812562117611,2.6801584017950475,0.013121225011792425,0.03391257800971122,0.8226906281058806,423.9999996170291,1.719038722810401e-07,2.007764687117727e-06,9.829393745070621e-09,2.6541915917387547e-15,8.595193614052005e-08,520.7940880980963,6.088225878870302,213.58730962849864,1.045657281831516,9.999999999999998,3.044112939435151,340.0000000000007,9.999999999988276,6.179351779879693e-09,3.025219146618996e-11,4.75200312325314e-10,4.999999999994138
7,15,348.00000000000756,2.8205796403779626e-06,3.310370153162141e-05,1.6416216385391405e-07,7.273296827786685e-13,1.4102898201889813e-06,418.0000000066555,19.99999998407393,3.906672509741805e-08,1.937329612687587e-10,6.08630047395474e-09,9.999999992036965,520.8134584175558,6.091433581011105,210.74830941620147,1.0451066467376797,9.999999999999998,3.0457167905055527,348.10050432416665,5.3620206687324945,9.682115178126313,0.04801387472653998,0.4044036956505159,2.6810103343662472
8,15,351.3905361762218,3.421558525847737,3.3155159857619263,0.016500736413399667,0.08868438871772132,1.7107792629238685,418.00097387184843,19.999909354127595,1.1898027997085057e-27,5.9214380103202285e-30,1.8602661838801688e-28,9.999954677063798,520.7198000674211,6.085261520202827,210.20772650406295,1.0461666606341058,9.999999999999998,3.0426307601014133,347.8866126886259,1.0606365999886171,8.040015085688298,0.04001373248037953,0.06666464193062976,0.5303182999943086
9,15,348.00000000000006,19.999999999989615,1.1024240054197151e-07,5.151507608382412e-10,1.6183938457397707e-08,9.999999999994808,418.00000000000006,19.99991452904225,2.2518189425360607e-12,1.0522505277592987e-14,3.3057284004955997e-13,9.999957264521125,520.8854212925523,6.097007674948796,223.44863045368373,1.0441511743265564,9.999999999999998,3.048503837474398,340.0000000000489,2.8897710288688927e-05,0.10622433320386417,0.0004963747686959326,2.253165057542043e-08,1.4448855144344463e-05
10,15,348.00000000000006,19.99999999925148,3.329975865722931e-07,1.4427768408072621e-09,4.532617123679947e-08,9.99999999962574,423.99447264994194,19.999999999996813,1.096692267769515e-10,4.751632652108554e-13,1.4927694232419238e-11,9.999999999998407,520.9074861519022,6.090466898894552,241.25229822689943,1.0452725266155387,9.999999999999998,3.045233449447276,340.00000245285275,9.999999997050724,1.2503495708821214e-07,5.41738281754899e-10,8.509605028138022e-09,4.999999998525362
11,15,348.00000000000114,19.999999999992095,1.1993869333237198e-08,5.0157333377261525e-11,1.5757391006159666e-09,9.999999999996048,418.00000000000006,0.0005661620226575792,1.180016664506005e-08,4.934728534046583e-11,4.388578566624733e-14,0.0002830810113287896,520.7797935695494,6.105780921256313,249.32382412462897,1.0426508592067067,9.999999999999998,3.0528904606281566,349.99821712779124,6.008992117632244e-08,0.5648037564240539,0.0023619608915686555,2.2294319145646488e-10,3.004496058816122e-08
12,15,348.00000000000006,19.99999999917989,2.8915425733645885e-08,1.1380940655031788e-10,3.5754279551323154e-09,9.999999999589946,418.00000000000006,19.96370752196121,2.2061690153361804e-10,8.683350841794829e-13,2.7230049087459863e-11,9.981853760980606,520.7639837163549,6.092192646903999,265.4959662298432,1.0449764301053515,9.999999999999998,3.0460963234519993,340.00000142679374,8.045910331766493e-05,0.0023890608764175567,9.403202396611626e-06,1.1884224555769016e-09,4.022955165883246e-05
13,15,348.00000000000074,19.999999999680266,3.996463200559907e-08,1.584493104660475e-10,4.977831897185453e-09,9.999999999840133,418.00000000000006,19.96412996872006,1.7046300091469053e-10,6.758412025693584e-13,2.119409762617328e-11,9.98206498436003,520.8522578105287,6.088951022308329,263.70787976485354,1.045532752743736,9.999999999999998,3.0444755111541646,340.0000020411884,5.861653950312018e-05,0.0037629364137640262,1.491905843158918e-05,1.3736670079415486e-09,2.930826975156009e-05
14,15,348.00000000000006,0.0092319663196605,5.819847431446941e-05,2.3041781327820684e-07,3.3414128557822837e-09,0.00461598315983025,418.00000000000006,19.974963801586327,7.170415693274419e-11,2.838891437965511e-13,8.907476043212214e-12,9.987481900793163,520.7489814486923,6.118923250104334,262.78505709485825,1.0404114357157956,9.999999999999998,3.059461625052167,349.9031238851296,0.0032690852385890423,4.8027750328621534e-05,1.901501600814524e-07,9.764338281951767e-10,0.0016345426192945212
15,15,348.00000000000125,0.005957168825826642,8.402911464337065e-05,3.201819143372928e-07,2.9961019143186554e-09,0.002978584412913321,423.99938138499033,0.00011434100622548238,6.603621529091239e-06,2.516223325352153e-08,4.519298950436517e-12,5.717050311274119e-05,520.7615471901804,6.115793799650204,273.1871575823447,1.0409438140376692,9.999999999999998,3.057896899825102,340.00000001158827,0.0001773552456754146,0.0008941266548855898,3.4069522835779873e-06,9.49139322222469e-10,8.86776228377073e-05
16,15,348.0000000000003,19.999999999587985,3.1228029376289165e-08,1.2226914579855373e-10,3.841198501935225e-09,9.999999999793992,418.00000000000006,0.006126774608450347,1.0036307354087287e-07,3.9295810579957123e-10,3.781795428445224e-12,0.0030633873042251736,520.8233654108578,6.109436577450308,266.1378617978203,1.042026976296505,9.999999999999998,3.054718288725154,349.98123233835554,6.663686548868952e-05,0.0028260372253447845,1.1064968377421258e-05,1.1582028102279705e-09,3.331843274434476e-05
17,15,348.00000000000193,0.00015212776670381345,0.004450302082847632,1.7256152965564093e-05,4.123560289036874e-09,7.606388335190672e-05,418.00000000000006,19.952132198111073,2.9346464512697197e-10,1.137916193557729e-12,3.5663130976595016e-11,9.976066099055537,520.8099798323741,6.091409203705303,269.5304630833433,1.0451108291663218,9.999999999999998,3.0457046018526515,340.00000031747857,0.005586075372496779,4.631521875566411e-05,1.7958837054268038e-07,1.575813723385351e-09,0.0027930376862483897
18,15,348.00000000000153,0.006964302023149571,7.385882367079244e-05,2.9375816096663077e-07,3.2135674126617555e-09,0.0034821510115747856,418.00000000000006,19.96530140574506,1.6677543268902885e-10,6.633147126673917e-13,2.0802492696728633e-11,9.98265070287253,520.7172187478462,6.132096928508,261.02587348711404,1.0381763037827212,9.999999999999998,3.066048464254,340.0000000117574,0.000631288139416597,0.0002525942753415204,1.0046413699432763e-06,9.962275894350284e-10,0.0003156440697082985
19,15,348.00000000000006,19.999999999793925,2.255111278251359e-08,8.826999482141942e-11,2.7730836726052303e-09,9.999999999896962,418.00000000000006,19.96391931564029,2.2715015492297478e-10,8.891154592727256e-13,2.788199497039852e-11,9.981959657820145,520.8126200510634,6.080176213362208,267.4969489225774,1.047041648182009,9.999999999999998,3.040088106681104,340.0000013691849,8.49504004563073e-05,0.0017793320816821487,6.964695496421632e-06,9.293674138911907e-10,4.247520022815365e-05
20,15,348.00000000000006,0.0026065841297651104,0.00010985270358368959,4.321848701617547e-07,1.7695432542075893e-09,0.0013032920648825552,423.9999987003564,4.531204324934035e-06,1.765291108903913e-07,6.94504626477499e-10,4.943205511004e-15,2.2656021624670175e-06,520.8550425835368,6.097790976553487,265.3681399568956,1.044017046198266,9.999999999999998,3.0488954882767434,340.00000000001927,9.99999999997267,8.502303120110107e-10,3.3449943880910096e-12,5.2543048979485406e-11,4.999999999986335
0,16,348.00000000000074,0.009548228213372312,7.000515531142097e-05,2.772933990788348e-07,4.158935633776845e-09,0.004774114106686156,418.00000000000006,19.959259857634315,2.2688259667207504e-10,8.986916198265771e-13,2.8175718616606352e-11,9.979629928817157,520.8998745525271,6.096893592173485,263.61007191052937,1.044170712089847,9.999999999999998,3.0484467960867425,340.0000000068406,0.004099946164679125,5.414850922890675e-05,2.1448454920698657e-07,1.3813191846582614e-09,0.0020499730823395623
1,16,348.0000000000003,0.004461827451464728,7.771224577368762e-05,3.0870060603258253e-07,2.1635659118119383e-09,0.002230913725732364,418.00000000000006,0.0031861719691441692,7.650301442845119e-08,3.0389711019493587e-10,1.5209525309056024e-12,0.0015930859845720846,520.8218471736536,6.106239195293748,262.4570771040699,1.042572608125542,9.999999999999998,3.053119597646874,349.9650308482189,8.494907898182191e-05,0.0012817906874060996,5.091727282743886e-06,6.794283838956272e-10,4.2474539490910956e-05
2,16,359.7733107644502,19.999999999842718,6.050254293909426e-08,2.4362232198688615e-10,7.653620969984698e-09,9.999999999921359,423.9999622617293,0.00012489262500503528,3.1243909819224306e-06,1.25808164224944e-08,2.468115594129787e-12,6.244631250251764e-05,520.8124442853853,6.124828294466798,258.13254027304794,1.0394083585048528,9.999999999999998,3.062414147233399,349.9891293086158,5.320369712791262e-05,0.006055424923999555,2.4383052495613332e-05,2.0377446575466536e-09,2.660184856395631e-05
3,16,348.0000000000023,0.012006373483988142,7.276318784503114e-05,2.965105177590146e-07,5.592060084633832e-09,0.006003186741994071,418.00000000000006,19.963234055574265,1.5251122555442476e-10,6.214843493321798e-13,1.9488614815486647e-11,9.981617027787133,520.8090917267428,6.096404938104502,256.25829448224647,1.0442544070334008,9.999999999999998,3.048202469052251,340.00000001130473,0.005370809868624704,4.58866408593323e-05,1.8698839402693507e-07,1.577517940140699e-09,0.002685404934312352
4,16,348.00000000000006,19.99999999989648,3.4095034291501346e-08,1.395232856045721e-10,4.383253290577655e-09,9.99999999994824,423.99998534736346,4.699054953083426e-05,3.640978599558921e-06,1.4899568443989529e-08,1.0997756264332426e-12,2.349527476541713e-05,520.8992265052666,6.104692536576567,254.83599094229945,1.0428367498497957,9.999999999999998,3.0523462682882836,340.00000147398555,0.0008931661868558649,0.00016027828736514272,6.558888626732563e-07,9.202003769007253e-10,0.00044658309342793245
5,16,348.0000000000009,19.999999999642252,1.1857275640354717e-07,5.270103061827801e-10,1.6556517062403143e-08,9.999999999821126,418.00000000000006,19.95525095309858,2.321799799818363e-10,1.0319507284059292e-12,3.234715076471578e-11,9.97762547654929,520.8731426164665,6.103182467730624,234.68729327716505,1.0430947718400736,9.999999999999998,3.051591233865312,340.0000016184183,7.178863756607257e-05,0.006685355910756787,2.9713836232986426e-05,3.3506904947272765e-09,3.589431878303628e-05
6,16,351.33781964733777,2.9087954069397712,9.273097296644625,0.04973390724236754,0.22724044592230788,1.4543977034698856,418.00000000000006,10.076078569487862,5.3534322847394264,0.028711777323189,0.45443471399290836,5.038039284743931,520.8533361492944,6.081912449247032,195.16961052318015,1.0467427436355117,9.999999999999998,3.040956224623516,347.1014241971452,5.296299024400653,13.407621129403857,0.07190837799489692,0.5982350670703107,2.6481495122003267
7,16,349.9881500460676,4.823762996165065,9.074472861066443,0.05290590436273284,0.40087593069013894,2.4118814980825327,418.00000000000006,10.386714837986931,3.4663586362797005,0.020209530768974557,0.3297268514394492,5.1933574189934655,520.749238648455,6.11385010551953,178.60047095186977,1.041274747303416,9.999999999999998,3.056925052759765,345.34300466702734,4.225677831823673,5.637078124932288,0.03286523864570488,0.21814891150217425,2.1128389159118366
8,16,348.000362085818,1.9588872141322773e-07,2.341536776109359,0.011369749701210602,3.4984865824629063e-09,9.794436070661387e-08,418.00000000000006,4.79696115114226,5.712409269385319,0.02773762267859979,0.20900434480608562,2.39848057557113,520.8340648371104,6.08956231023601,215.30004641855143,1.0454277991334129,9.999999999999998,3.044781155118005,349.99999830890687,2.7219314083150143,1.8379918315065493,0.008924697357016067,0.038158434752073166,1.3609657041575072
9,16,348.0000000000004,0.002402204400329566,0.0001587296242896318,6.980545108558065e-07,2.6340206359150032e-09,0.001201102200164783,418.00000000000006,19.9601536638585,2.223726206100711e-10,9.779410214217115e-13,3.066171348900144e-11,9.98007683192925,520.9386950336032,6.048027759758771,239.35086290209594,1.0526072261165897,9.999999999999998,3.0240138798793854,340.00000000909506,8.630548427746021e-05,0.001661315671827718,7.3060646609905326e-06,9.904710411117223e-10,4.3152742138730105e-05
10,16,348.00000000000006,19.999999997515722,1.5905378845540016e-07,6.600277294956652e-10,2.0735382658915707e-08,9.999999998757861,418.00000000000006,19.895336087501565,4.839492223343061e-10,2.0082508534405173e-12,6.276089341149337e-11,9.947668043750783,520.8462514836635,6.105407879550933,251.27383970698244,1.042714565393469,9.999999999999998,3.0527039397754665,340.0000068232899,0.03686489008130245,2.727441593739426e-05,1.1318102510665173e-07,6.554000096994663e-09,0.018432445040651224
11,16,348.00000000000006,19.999999999907374,3.539600179064581e-08,1.4803868337821775e-10,4.650772401459603e-09,9.999999999953687,418.00000000000006,19.98144117799863,4.59702578372544e-11,1.922639874705513e-13,6.034546401226287e-12,9.990720588999315,520.8011352793785,6.12291306436416,248.59994272989897,1.0397334825358846,9.999999999999998,3.06145653218208,340.000001852216,0.0005581295630801009,0.00024977785778193166,1.0446599427181866e-06,9.158615907077593e-10,0.00027906478154005043
12,16,348.00000000000006,19.99999999956751,6.224888018244237e-08,2.5083798564431145e-10,7.8803077292439e-09,9.999999999783755,418.00000000000006,19.960588339334873,1.7060218156648833e-10,6.874582714619365e-13,2.155457959794465e-11,9.980294169667436,520.8741167987866,6.084390644770114,259.65773936329725,1.0463164013224444,9.999999999999998,3.042195322385057,340.0000024519731,0.004788488989856177,6.710601051448104e-05,2.7041027007625067e-07,2.0339559925834617e-09,0.0023942444949280883
13,16,348.0000000000009,0.008325088867607633,8.053959942251553e-05,3.247537959139951e-07,4.246811563866843e-09,0.0041625444338038164,418.00000000000006,0.010623966459125,1.166894729040407e-07,4.705182238365656e-10,7.852049285017298e-12,0.0053119832295625,520.8927787121469,6.068684856178284,260.1601454786923,1.0490242737179938,9.999999999999998,3.034342428089142,340.0000000085029,0.00457217630531126,4.948412513094665e-05,1.995311323744366e-07,1.4330241616931283e-09,0.00228608815265563
14,16,350.8389324826627,6.0261860777224765,10.50230055027814,0.042003182910304505,0.3975983892752202,3.0130930388612382,418.01776406430076,0.1308573865412881,0.5552470340205221,0.002220669901676962,0.0004564593691830238,0.06542869327064404,520.8351227943899,6.069016937515551,262.2792991408203,1.0489668737490652,9.999999999999998,3.0345084687577755,345.43382582944133,5.211046912504026,7.448694197681296,0.02979050764452227,0.24385000218510436,2.605523456252013
15,16,353.3934974868916,1.4082285798578749,6.985726481348043,0.027621072601216816,0.06109892518528939,0.7041142899289374,418.000000000358,19.99999999998518,1.2616678976126821e-13,4.988546386926347e-16,1.5671980681248105e-14,9.99999999999259,520.802354666576,6.1071403260885955,263.64118912121586,1.0424187727405856,9.999999999999998,3.0535701630442977,349.31159252912386,4.737895857036598,8.373462165368528,0.03310808217451926,0.24639926715708457,2.368947928518299
16,16,348.0000000000825,0.0078101143365962855,7.739285170448436e-05,2.921119331523383e-07,3.583658089222286e-09,0.0039050571682981428,418.00000000000006,19.979975441045635,4.338078559072787e-11,1.637366353802462e-13,5.138787853745517e-12,9.989987720522818,520.8528384395397,6.104277010545695,276.3105326355953,1.0429077370960764,9.999999999999998,3.0521385052728474,349.81233676623754,6.864382685023429e-05,0.0023361114669947463,8.817429796861198e-06,9.507435215040116e-10,3.4321913425117145e-05
17,16,348.00000000000693,19.999999997482867,3.4336714486112233e-07,1.34845586344595e-09,4.236299033758711e-08,9.999999998741433,418.00000000000006,0.05580282162058836,9.054149834249776e-08,3.5557046197446655e-10,3.11674816340055e-11,0.02790141081029418,520.8601207306257,6.096460710731914,265.9036782075866,1.0442448538164228,9.999999999999998,3.048230355365957,340.0000038059434,6.585358830513144e-05,0.02186132409164877,8.585279953327808e-05,8.880834621710502e-09,3.292679415256572e-05
18,16,348.000000000015,19.99999999979477,9.517692941797203e-08,3.7519446532337764e-10,1.1787081759153783e-08,9.999999999897385,418.00000000000006,19.97236165384583,9.570140926740857e-11,3.7726200351656783e-13,1.1835656854428932e-11,9.986180826922915,520.8710572625765,6.1192378076282194,263.9113437941269,1.040357953688241,9.999999999999998,3.0596189038141097,349.97818057233826,0.001451031249864343,0.00024179339379750144,9.531673658663766e-07,2.1725301259169977e-09,0.0007255156249321715
19,16,348.00000000000034,0.006144924346674685,8.758047272674067e-05,3.39155680149459e-07,3.2736746276552673e-09,0.0030724621733373425,418.00000000000006,19.962587768691662,2.1381945577828069e-10,8.280165737393677e-13,2.5964247804825497e-11,9.981293884345831,520.925807324285,6.082256742069549,270.28600833204894,1.0466834916129584,9.999999999999998,3.0411283710347745,340.00000000694183,0.0030608582509259463,5.815805758271964e-05,2.252172768829577e-07,1.0828412658855375e-09,0.0015304291254629732
20,16,348.00000000000017,19.999999999709647,3.0661565277281196e-08,1.19620558172654e-10,3.757990667680646e-09,9.999999999854824,423.9985192479763,0.006425612701427497,9.696868407071562e-08,3.783058043159134e-10,3.818364880807564e-12,0.0032128063507137483,520.8989103349057,6.0751554527301375,268.6032263996983,1.0479069668603924,9.999999999999998,3.0375777263650687,340.0000150322228,6.081615569186738e-05,0.0029989345207652855,1.1699801300196163e-05,1.1176796077043678e-09,3.040807784593369e-05
0,17,348.0000000000138,0.0002063213619898363,0.0007496095991647423,2.925567093183687e-06,9.481436384130789e-10,0.00010316068099491815,418.00000000000006,19.966268951580094,1.4302332218822402e-10,5.581896568799395e-13,1.7506469794061047e-11,9.983134475790047,520.8429811971876,6.088436701079502,267.9164652033068,1.045621074215498,9.999999999999998,3.044218350539751,349.9972448892302,3.7208787468555804e-08,1.1915440769844596,0.004650343519597268,2.718006118989369e-10,1.8604393734277902e-08
1,17,359.8546889064913,0.012700281266631919,5.3912056073706e-05,2.1919053153290926e-07,4.372753599998395e-09,0.006350140633315959,418.00000000000006,19.95577502533283,2.303909450166129e-10,9.367016837480677e-13,2.9362280089431266e-11,9.977887512666415,520.8404408717897,6.091377880478199,257.0565569827901,1.045116203359894,9.999999999999998,3.0456889402390996,340.00000001105667,9.999999996109775,2.966752861997513e-08,1.2061942802904365e-10,1.8946855441441564e-09,4.9999999980548875
2,17,348.0000000000023,0.01418728232642863,0.00010857316148137511,4.2907283554202213e-07,9.562030148383648e-09,0.007093641163214315,418.0044544613454,0.015362376215730222,8.820772339747814e-08,3.4859018083722993e-10,8.411886868067468e-12,0.007681188107865111,520.7986974636494,6.110129411835366,263.6459947105056,1.0419088196961,9.999999999999998,3.055064705917683,340.0000000097765,0.005963594658101812,6.251903488843433e-05,2.4707044732719505e-07,2.314455289969434e-09,0.002981797329050906
3,17,348.00000000000387,19.99999999913186,2.1894075571746392e-07,8.767455252274358e-10,2.7543773010026774e-08,9.99999999956593,418.00000000000006,19.95173098577639,2.131276469916173e-10,8.534670038468683e-13,2.6747746150990307e-11,9.975865492888195,520.755774504627,6.1278652098309045,259.43225699066124,1.0388932369893764,9.999999999999998,3.0639326049154523,340.0000028914999,8.688436142456624e-05,0.00914651006996302,3.6627085482596174e-05,4.998778032236346e-09,4.344218071228312e-05
4,17,348.00000000000006,0.006796256829858294,9.363301990089779e-05,3.9124723297620185e-07,4.176773632695729e-09,0.003398128414929147,418.00000000000006,0.007538684164483556,8.079845417673877e-08,3.376177726496716e-10,3.997981003412356e-12,0.003769342082241778,520.8777908401506,6.097596376951994,249.86141849653575,1.0440503651142097,9.999999999999998,3.048798188475997,340.00000004604277,0.0025157821044370365,6.843708702875739e-05,2.85965580959502e-07,1.1300734320382712e-09,0.0012578910522185183
5,17,348.00000000000006,19.99999999686689,5.054900326622219e-06,2.377446651690365e-08,7.468968934082047e-07,9.999999998433445,418.00000000000006,19.908665640870385,1.0561486558122236e-09,4.9673325351716815e-12,1.5534070235042856e-10,9.954332820435193,520.9084430428455,6.088205296567786,222.32722660546327,1.0456608168690935,9.999999999999998,3.044102648283893,340.00000021128614,9.999999989555418,2.7860445979848316e-06,1.3103467868703024e-08,2.0582879174935707e-07,4.999999994777709
6,17,349.62107129675684,4.456260553046055,15.0399290732126,0.08295100903171843,0.5806469189743904,2.2281302765230273,418.00000000000006,18.26592989964182,6.495799236440495,0.035826837913079855,1.0279456250823023,9.13296494982091,520.794433778736,6.0843674405119845,189.70937982425465,1.04632039171193,9.999999999999998,3.0421837202559923,344.552899155155,7.3996272584178095,25.219606270903938,0.13909585459948423,1.6167538645547679,3.6998136292089048
7,17,351.5592910219955,3.817387128625549,6.098246671627081,0.03105991636357594,0.18624574681610798,1.9086935643127745,418.00000000000006,6.484769130907323,11.28642777366166,0.05748463805580033,0.5855529824015518,3.2423845654536616,520.8680845829504,6.084981345930916,205.41188937727816,1.0462148298832419,9.999999999999998,3.042490672965458,347.00988612250944,6.772056046703337,6.121144992480805,0.031176543317007005,0.3316411268535667,3.3860280233516686
8,17,353.22741013373934,0.4160535206087693,35.994379986703095,0.1578028794306639,0.10312975876504867,0.20802676030438466,418.00002272330846,19.999569770682324,8.406196425083673e-15,3.68535866273567e-17,1.1577646643185512e-15,9.999784885341162,520.7460678405455,6.080415124940767,238.81778495640728,1.047000507837502,9.999999999999998,3.0402075624703837,349.748289092958,3.0941037648342515,5.099619240686453,0.022357229114034472,0.10866075760690375,1.5470518824171258
9,17,348.00000000000006,19.99999999968099,5.069329844413995e-08,2.1979880569692953e-10,6.905183132342701e-09,9.999999999840496,418.00000000000006,0.008518790919040953,8.378035532570995e-08,3.6325949596172223e-10,4.860879020369704e-12,0.004259395459520476,520.9305801981045,6.074838492781837,241.69663762861572,1.0479616423120006,9.999999999999998,3.0374192463909186,340.0000018110958,0.001221025212304383,0.00020396844671896605,8.843776665684503e-07,1.6962203735254044e-09,0.0006105126061521915
10,17,348.00000000239237,0.1284745267930525,4.9350472595045204e-05,2.0246837514674186e-07,4.085959911486485e-08,0.06423726339652625,418.00000000000006,19.858977581695378,3.156010526432263e-10,1.2948048714267198e-12,4.0390672785271794e-11,9.929488790847689,520.9172038561843,6.104239863514747,254.20415838851432,1.042914083656312,9.999999999999998,3.0521199317573733,340.00000000672264,0.06431372543373115,2.4442972099345675e-05,1.0028128576034221e-07,1.0130792913557657e-08,0.032156862716865575
11,17,348.00000000000006,19.99999999923896,2.123147910003921e-08,8.441882067881002e-11,2.652095468591719e-09,9.99999999961948,418.00000000000006,0.003309634082121704,5.368627808221796e-08,2.1346286148886899e-10,1.10974241190056e-12,0.001654817041060852,520.7443868319987,6.116892180652081,261.7521557851762,1.0407568967477132,9.999999999999998,3.0584460903260404,349.99387339853564,0.00019673987474533305,0.0005851806678757259,2.3267461316915955e-06,7.190536052796079e-10,9.836993737266653e-05
12,17,348.00000000000006,19.999999998931134,4.905502251367347e-08,1.8910832083554263e-10,5.941013114378916e-09,9.999999999465567,418.00000000000006,19.95257647511994,2.8764344615198326e-10,1.108872574382944e-12,3.475365642392272e-11,9.97628823755997,520.7236299399246,6.104383990476443,270.52731321004245,1.0428894600352516,9.999999999999998,3.0521919952382217,349.97446215070175,0.004668356984383948,7.608264718924247e-05,2.933004801021185e-07,2.15078356695667e-09,0.002334178492191974
13,17,348.00000000000114,0.00013388687244031416,0.0044756046336456405,1.7291075576005954e-05,3.6364689418786117e-09,6.694343622015708e-05,418.003291186967,0.011818987784081969,1.2338222896678847e-07,4.766755825040387e-10,8.849588296061352e-12,0.0059094938920409845,520.8179137695126,6.084906122863889,270.8045433799104,1.0462277634415718,9.999999999999998,3.0424530614319445,340.0000001347602,0.0042848551233163334,5.430600452290635e-05,2.0980611678195026e-07,1.41212832748332e-09,0.0021424275616581667
14,17,351.32685944622426,6.109083638876519,15.486464261724086,0.06626756250823027,0.6359118888213028,3.0545418194382594,421.4268081642826,4.513904169369344,6.477596088548318,0.027718044380335222,0.1965326895673575,2.256952084684672,520.8689101912762,6.05483871292199,245.7133891180488,1.0514231717005662,9.999999999999998,3.027419356460995,345.08360897795376,9.221018458961021,16.47704757190771,0.07050633130127529,1.021237810419895,4.610509229480511
15,17,351.472516082707,8.438716494085428,147.3292186006725,0.7544035551067259,9.999999999999998,4.219358247042714,420.3862481711248,6.979503775659013,89.66753883448158,0.45914524435069887,5.0337832810371115,3.4897518878295064,520.8871432372524,6.048871778560111,205.53742128786928,1.0524603523983507,9.999999999999998,3.0244358892800554,345.4346682766967,7.55363263385691,82.2961326907551,0.421399744484609,4.999999999999999,3.776816316928455
16,17,352.85388700124895,6.603741620916818,25.239195161464707,0.10674993212294859,1.107331252324545,3.301870810458409,420.59757459802273,4.9674686860937225,13.921262656187777,0.05888039749709442,0.459436768204377,2.4837343430468612,520.8123431316201,6.0967639241282034,246.88155174086307,1.0441929198670976,9.999999999999998,3.0483819620641017,347.1658748752756,8.940888828044857,29.397651144716765,0.12433824629495505,1.7462455384677653,4.470444414022428
17,17,348.00000000000006,19.999999995681378,3.751705499497267e-08,1.4392175704900485e-10,4.521435345392568e-09,9.999999997840689,418.00000000000006,19.96702605601075,1.9445041632075088e-10,7.459446265050139e-13,2.3395905123045597e-11,9.983513028005374,520.8765621389168,6.067589119844934,273.5056149086872,1.049213715354297,9.999999999999998,3.033794559922467,340.00000161632437,0.002890991201876858,8.006327032651274e-05,3.07136222233468e-07,1.3947542234707185e-09,0.001445495600938429
18,17,348.0000000000012,0.009111464012626413,6.018549991917468e-05,2.2445904078735932e-07,3.2125148498557914e-09,0.004555732006313207,418.00000000000006,19.956678645968783,2.759341970753319e-10,1.029083837122483e-12,3.2259594075811787e-11,9.978339322984391,520.7258979418534,6.101734810003535,279.757387646626,1.0433422496891707,9.999999999999998,3.0508674050017675,340.00000001319347,9.999999995317722,2.3813385062270745e-08,8.881091917746787e-11,1.395038655579254e-09,4.999999997658861
19,17,348.0000000000007,0.005501807234860934,0.00010550165114337143,4.031521619591564e-07,3.484129110799928e-09,0.002750903617430467,418.00000000000006,19.9638473822798,1.847869364700579e-10,7.061240476556628e-13,2.2143441552135462e-11,9.9819236911399,520.8704915620268,6.084396668935464,273.812245297471,1.0463153653638517,9.999999999999998,3.042198334467732,340.00000000816067,0.0022493474029108285,8.038814581663161e-05,3.0718623292275513e-07,1.0853708684935377e-09,0.0011246737014554142
20,17,348.00000000000006,0.008333113806006764,7.37609963070892e-05,2.7676497858599465e-07,3.6227496602830354e-09,0.004166556903003382,423.9999414904814,0.00018863188974505007,7.955313576156832e-06,2.984981632275359e-08,8.844568619921145e-12,9.431594487252504e-05,520.7938977909284,6.095180134148781,278.36153184299644,1.0444642461030202,9.999999999999998,3.0475900670743905,340.00000028095405,0.0037586631377610757,6.346490710419517e-05,2.3813213669900703e-07,1.4059545791330471e-09,0.0018793315688805379
0,18,348.00000000000034,0.005548722965105668,8.942801381677171e-05,3.5082471012353107e-07,3.057757880421284e-09,0.002774361482552834,418.00000000000006,19.9615713624344,2.1206364434490087e-10,8.319223851652476e-13,2.6085394736835507e-11,9.9807856812172,520.8183560558318,6.098949195924276,266.07772429365593,1.0438187824109322,9.999999999999998,3.049474597962138,340.00000000978724,0.0022071416019198153,7.557918565965889e-05,2.9649597222128645e-07,1.027942617392365e-09,0.0011035708009599077
1,18,359.9638491738101,0.010872603391376856,8.62420875383136e-05,3.386819564425278e-07,5.784229061124734e-09,0.005436301695688428,418.00000000000006,19.954123007106936,2.2974723945249274e-10,9.022421275513769e-13,2.8279753750656258e-11,9.977061503553468,520.7579038936315,6.126566053188394,264.6002213890058,1.0391135374052989,9.999999999999998,3.063283026594197,340.0000002570124,8.539629386383751e-05,0.004151134933036634,1.630195349750993e-05,2.186747053505219e-09,4.269814693191876e-05
2,18,348.0000000000006,19.999999998702354,4.774466716554368e-08,1.9613114023738213e-10,6.16164149269971e-09,9.999999999351177,423.9999536394295,0.00014084122208662953,6.163769311823436e-06,2.5320254073538864e-08,5.601672587074632e-12,7.042061104331476e-05,520.8719395525349,6.079618416459781,254.90720910763696,1.047137712860425,9.999999999999998,3.0398092082298906,340.0000016043407,6.98076575975648e-05,0.0035806040564712077,1.4708825048446579e-05,1.6128757968446826e-09,3.49038287987824e-05
3,18,348.00000000000733,0.13117770784880278,3.925886687785936e-05,1.6299471983883062e-07,3.3585626252855574e-08,0.06558885392440139,418.00000000000006,19.827635059109884,1.084253483161392e-09,4.5015968818457055e-12,1.4020302860610435e-10,9.913817529554942,520.9912197117665,6.043078753987374,253.73833957886112,1.053469263407371,9.999999999999998,3.021539376993687,340.0000000054955,0.06935523726788162,2.816185782274359e-05,1.1692222651866209e-07,1.2737852504852161e-08,0.03467761863394081
4,18,348.00000000000114,0.013289056953212253,0.00012264342507432738,4.95955560173194e-07,1.0352775662139463e-08,0.006644528476606126,418.00000000000006,0.015596229343596946,1.106414683616184e-07,4.474210613933486e-10,1.0961144767299374e-11,0.007798114671798473,520.7763527691155,6.095552282802234,258.266792782845,1.0444004789585954,9.999999999999998,3.047776141401117,340.00000000537847,0.0018675513972858937,0.00029308215724178227,1.1851897106063715e-06,3.4768048310220946e-09,0.0009337756986429468
5,18,351.32367977059346,4.72813682674541,7.952858104329196,0.03985376589498557,0.2959915264833631,2.364068413372705,418.00000000000006,6.0722072417059385,4.911083874082739,0.024610672596030333,0.23474153780222626,3.0361036208529693,520.81279367009,6.080578990386906,208.9243486109205,1.0469722922340876,9.999999999999998,3.040289495193453,346.2782836421735,6.034186326114177,7.62969956330051,0.03823433742384115,0.36240331526769654,3.0170931630570883
6,18,350.6073143351963,5.662982098468228,24.79518143665086,0.15507002059089017,1.3794085398093254,2.831491049234114,418.00000000000006,13.022805889022496,16.03108214721419,0.10025900576747453,2.0509158329790758,6.511402944511248,520.764752685262,6.056983625027059,168.0595395823922,1.0510508394592815,9.999999999999998,3.0284918125135296,345.55788125870345,6.531264920155739,32.285880843247,0.20191714345582087,2.07152591401073,3.2656324600778697
7,18,353.3404722882122,2.921427414498614,7.496127173093972,0.03604012134261213,0.1653869437962893,1.460713707249307,418.00000000000006,6.383569385970667,10.064281932077296,0.048387378399907185,0.48519414700597374,3.1917846929853333,520.8912110776015,6.060472961143712,218.4863484051929,1.050445693676423,9.999999999999998,3.030236480571856,348.7302669527667,6.532940801012367,11.35691632907816,0.054602147632579784,0.5603228388040342,3.2664704005061833
8,18,348.0085422656827,0.0002567258611492207,1.9054724154158405e-05,8.219106704351968e-08,3.31447017221098e-11,0.00012836293057461035,418.00000000000017,0.21737661125513696,1.6393643169803704e-07,7.071270168782909e-10,2.4145161889066147e-10,0.10868830562756848,520.7925853122429,6.085420070474703,242.53119567586987,1.0461394036811673,9.999999999999998,3.0427100352373513,349.6985918837363,4.1556038062433736,1.9178163521568852,0.008272351313093404,0.053998659946465535,2.0778019031216868
9,18,348.00000000000057,19.999999999759087,3.927853151140964e-08,1.626451422008908e-10,5.109647838742309e-09,9.999999999879543,423.9999454037753,0.00013461913609880138,4.133202186154797e-06,1.7114826635433293e-08,3.6190883100823267e-12,6.730956804940069e-05,520.9705436359991,6.068583138729168,253.34186480730887,1.0490418567469717,9.999999999999998,3.034291569364584,349.79465290414964,6.128102899438659e-05,0.003377352842219731,1.3984994146887777e-05,1.3461957498029454e-09,3.0640514497193294e-05
10,18,348.0000000007967,19.999999993986357,9.784245139140375e-08,4.0103332810436715e-10,1.2598833570385206e-08,9.999999996993179,418.00000000000006,19.972088246338934,1.0123741285044813e-10,4.1494848122394896e-13,1.3017798133834779e-11,9.986044123169467,520.9365389744133,6.08684805154006,255.17288354053318,1.0458939782577736,9.999999999999998,3.04342402577003,340.0000033993009,7.343657085279176e-05,0.004604504550030857,1.8872787401694348e-05,2.177049550408811e-09,3.671828542639588e-05
11,18,348.00000000000006,0.040498700368157614,5.0228018620298595e-05,1.887395896338725e-07,1.2006708588023225e-08,0.020249350184078807,418.00000000000006,19.932380589024365,4.24868443362266e-10,1.5965092363044037e-12,4.99862415418948e-11,9.966190294512183,520.9245083607522,6.0768342109804285,278.7955099351279,1.0476174769047548,9.999999999999998,3.0384171054902143,340.0000012554756,9.999999974304908,7.156893457524367e-08,2.6893139951186583e-10,4.224364534275953e-09,4.999999987152454
12,18,348.0000000000014,0.011509511605520828,7.50788806734585e-05,3.0073447425780374e-07,5.437008198438194e-09,0.005754755802760414,418.00000000000006,19.961902358062176,1.6693516205519986e-10,6.686721717943693e-13,2.0966940051628682e-11,9.980951179031088,520.8072043079549,6.116150152573054,259.8582788840825,1.040883164223423,9.999999999999998,3.058075076286527,340.0000000088706,0.00436576870788663,5.629456869603152e-05,2.2549240703259127e-07,1.5463668224249033e-09,0.002182884353943315
13,18,348.00000000000045,0.005936661992031134,7.21041796940612e-05,2.7655106198967495e-07,2.5789179818656134e-09,0.002968330996015567,418.00000000000006,19.960342373415006,2.459329332924726e-10,9.432603514643552e-13,2.957463839439975e-11,9.980171186707503,520.7547935703541,6.096461151816636,272.2622455138749,1.0442447782643214,9.999999999999998,3.048230575908318,340.00000001002525,0.0018586972484069264,8.94922859932676e-05,3.4324205387722224e-07,1.0021414489004694e-09,0.0009293486242034632
14,18,348.00000000000006,19.9999999998034,2.323660350302298e-08,9.128771057204997e-11,2.8678880089336436e-09,9.9999999999017,418.00000000000006,19.96467107973964,2.0028070865464974e-10,7.868261539364894e-13,2.4675208094555467e-11,9.98233553986982,520.8010863142435,6.097366153652911,265.7652408102853,1.0440897861877372,9.999999999999998,3.0486830768264555,340.00000095295417,0.0014721108551203343,9.839443570754411e-05,3.8655403177155044e-07,8.938622565006713e-10,0.0007360554275601672
15,18,352.97357270580443,5.875857769600682,31.346852365020535,0.14956961195497046,1.3804939850255362,2.937928884800341,421.7791148791206,5.669674225047862,15.298076051619837,0.072993845508128,0.6500761403081322,2.834837112523931,520.8182722982345,6.091724024391931,219.02337882388304,1.0450568177719244,9.999999999999998,3.0458620121959656,347.66945329407645,8.106541332451588,36.53235735437143,0.17431193568228828,2.2196403138610252,4.053270666225794
16,18,351.89031727063343,7.273359732228352,179.04697307698447,0.8752760702137565,9.999999999999998,3.636679866114176,419.69469288697957,6.563298595516868,198.41746115970471,0.9699692358998129,9.999999999999998,3.281649297758434,520.5260000451158,7.609813533834645,171.13074300246714,0.8365773609786538,9.99999999999877,3.8049067669173224,346.12431499371587,6.213276920514406,104.79760203957687,0.5123059703533016,4.999999999999999,3.106638460257203
17,18,352.23770964466513,6.351042558449174,40.27322285849883,0.1643261996539544,1.6393500999649846,3.175521279224587,420.6114901314704,5.837476774544302,26.88718062021313,0.10970734143261375,1.005960049321422,2.918738387272151,520.7568997495358,6.090169946606549,256.18888585947695,1.0453234933489937,9.999999999999998,3.0450849733032745,346.8663515288927,8.679166335186546,43.190524091809515,0.17622961812632465,2.402574087852295,4.339583167593273
18,18,352.3590673260396,0.570820125263733,2.067587940635771,0.007744226937953975,0.006943800338392965,0.2854100626318665,418.0000000509269,19.999908026941924,1.4512662088525639e-30,5.435771145619305e-33,1.7076900166575304e-31,9.999954013470962,520.8115064112468,6.097080972689119,278.7687447735049,1.0441386217752655,9.999999999999998,3.0485404863445593,349.61331799904895,0.13917066640161632,376.93623854769663,1.4118285926713803,0.3086381143271851,0.06958533320080816
19,18,348.000000000001,19.999999998989903,5.332312532959919e-07,1.998529729987373e-09,6.278566317392025e-08,9.999999999494952,418.00000000000006,19.947425060605173,3.4145568576575034e-10,1.279762458141738e-12,4.009923479790768e-11,9.973712530302587,520.8788844697312,6.082154492759115,279.2721691820375,1.046701087789673,9.999999999999998,3.0410772463795577,340.00000330640444,6.3709436426862e-05,0.025016712492769072,9.376165285569416e-05,9.383155096914392e-09,3.1854718213431e-05
20,18,348.0000000000101,0.0001273529055652034,0.027031516722915223,0.00010623413303189966,2.125165773833531e-08,6.36764527826017e-05,418.00000000000006,19.999999999997293,1.8792787831672657e-10,7.385584549378079e-13,2.3202498162789315e-11,9.999999999998646,520.9672343174661,6.066478603434316,267.0236875801288,1.0494057821405356,9.999999999999998,3.033239301717158,340.0000044772686,0.03570294019284148,2.639907190503251e-05,1.0374861852648045e-07,5.8184349326211455e-09,0.01785147009642074
0,19,348.0000000000005,0.00525210653624697,8.521818819459489e-05,3.3659946138196155e-07,2.77694207430406e-09,0.002626053268123485,423.9999542680329,0.00013292836179218392,7.67023605370871e-06,3.0296317946297394e-08,6.325973662362382e-12,6.646418089609196e-05,520.8683570026786,6.067456588637908,265.6392987350253,1.0492366332867276,9.999999999999998,3.033728294318954,340.00000000815214,0.0014196849939196454,0.0001263110636760848,4.989103488432234e-07,1.1125880255490605e-09,0.0007098424969598227
1,19,348.000000000007,19.999999998478444,1.0440167413163593e-07,4.0751057088265473e-10,1.2802322156477334e-08,9.999999999239222,418.00000000000006,19.99999999999358,2.1240943120365407e-10,8.290967485973657e-13,2.604684254507832e-11,9.99999999999679,520.8328145959758,6.108173790538876,267.01602216300734,1.0422424020640337,9.999999999999998,3.054086895269438,349.9379723948504,7.663115136047338e-05,0.00844528599848243,3.296444570581848e-05,3.967993986429504e-09,3.831557568023669e-05
2,19,348.00000000000006,14.46051776710394,7.654247597576328e-14,3.134525441813145e-16,7.119926651697961e-15,7.23025888355197,418.00000000000006,17.46623969753537,2.038489987793517e-16,8.347912251549592e-19,2.2903252881591193e-17,8.733119848767686,520.7816943751179,6.108160823616551,254.50737234926544,1.042244614624682,9.999999999999998,3.0540804118082754,340.004669881472,4.412618521970781e-06,5.7834751576476395e-08,2.3684169858159644e-10,1.6416267783350306e-15,2.2063092609853904e-06
3,19,348.00000000000017,0.0067253634535369144,6.925376439594224e-05,2.770144076060922e-07,2.9264290144313804e-09,0.0033626817267684572,418.00000000000006,19.999999999998295,4.815111314684785e-11,1.9260400066757261e-13,6.050833135491981e-12,9.999999999999147,520.8517108000816,6.080226969378487,261.7588411246303,1.0470329077742564,9.999999999999998,3.0401134846892437,340.000000008155,0.001911465964141712,8.900981796548965e-05,3.5603843646484786e-07,1.0690138490323838e-09,0.000955732982070856
4,19,351.4758481788997,1.3823585292272003,2.695588112247474,0.011458164382383926,0.024880300535388023,0.6911792646136001,418.00000000000006,19.99998649743135,1.608228589473278e-11,6.836113966710689e-14,2.147627091766997e-12,9.999993248715676,520.8326845685289,6.081714265409579,246.25927406587087,1.046776853671713,9.999999999999998,3.0408571327047893,349.5735666870965,4.3311472526799495,1.3138903014618637e-14,5.58496714916061e-17,3.7996487345083503e-16,2.1655736263399747
5,19,349.2846519156277,5.108137253856605,22.350782381221737,0.12394540062240729,0.9945184643086045,2.5540686269283026,418.00000000000006,16.08388794946967,8.286497357925715,0.04595245111632107,1.1609662577863524,8.041943974734835,520.7924333596579,6.0621348048168135,189.37247178434072,1.0501577296858193,9.999999999999998,3.0310674024084068,344.2932440332001,7.889306763668426,28.06160906887875,0.1556145694959531,1.9284526320695388,3.944653381834213
6,19,351.3744651298907,4.984439186264699,11.030352001250295,0.05791654802814515,0.4534598579165473,2.4922195931323494,418.00000000000006,9.549940954609234,16.796132345084718,0.08819065842512705,1.3229491405456744,4.774970477304617,520.8181265291885,6.097480725204902,198.84578512511925,1.0440701677596331,9.999999999999998,3.048740362602451,346.79131965832016,6.220051001941626,10.522475411170602,0.055249864415656,0.5398151132467719,3.110025500970813
7,19,353.3243127529704,3.0946489996581734,7.973429234223637,0.03682577206363202,0.17901240838708526,1.5473244998290867,418.00000000010454,19.953143792785,8.161340794158203e-15,3.76936531309863e-17,1.181406726028715e-15,9.9765718963925,520.9142465147562,6.078230603264985,226.775552409045,1.04737680078412,9.999999999999998,3.0391153016324925,349.28351701691486,5.048943786468515,11.660287999235958,0.053853755447291846,0.4271067216973,2.5244718932342574
8,19,352.3247657317837,0.49441324324749336,0.3166866148166204,0.0014039633867252892,0.0010903495643091537,0.24720662162374668,418.0000006392329,19.999992636795213,2.4276611148212014e-33,1.0762524088867136e-35,3.3811454163630534e-34,9.999996318397606,520.7546063324223,6.0927390476657415,235.69017064268516,1.0448827159460963,9.999999999999998,3.0463695238328707,349.60112235024343,0.636791026733009,19.545959880058085,0.08665289515281013,0.086676205277968,0.3183955133665045
9,19,348.0000000000304,0.24450024943966753,3.863582123146413e-05,1.5740033915570213e-07,6.045118900774057e-08,0.12225012471983376,418.00000000000006,19.999999999964874,1.0802720562479227e-09,4.40097253311075e-12,1.3826062978646913e-10,9.999999999982437,520.9040094181707,6.075344041592718,257.2134830173895,1.047874438071633,9.999999999999998,3.037672020796359,340.0000000089542,0.11978921145347243,2.4665319843688103e-05,1.0048523844029739e-07,1.8907749959935652e-08,0.059894605726736216
10,19,348.00000000000006,19.999999999594177,5.0395453097815707e-08,2.00083544187525e-10,6.285809925109827e-09,9.999999999797089,423.9999405484449,0.00018737312681049723,6.601711534439355e-06,2.621057576266819e-08,7.714428218102675e-12,9.368656340524861e-05,520.7227000760563,6.114154056058797,262.25497058337373,1.0412229828208621,9.999999999999998,3.0570770280293984,340.0000030871445,9.999999998119831,3.1158205003394845e-08,1.237064795409276e-10,1.9431768362708207e-09,4.9999999990599155
11,19,359.89618180688257,3.73747002377911e-05,0.004341093349187868,1.7235861234960636e-05,1.0118836626784317e-09,1.868735011889555e-05,418.00000000000006,19.986451654739817,1.6337562941528674e-11,6.486660044532417e-14,2.0364638832788713e-12,9.993225827369908,520.8364175498964,6.108151990213742,262.50430113398613,1.0422461218835912,9.999999999999998,3.054075995106871,349.9947408484738,9.171742864212511e-08,0.8377919305656247,0.0033263660321196124,4.792275584748321e-10,4.5858714321062553e-08
12,19,348.00000000000006,19.999999999177806,5.2890390341894325e-08,2.1383284623397515e-10,6.717756987972357e-09,9.999999999588903,423.99989887960004,0.00032387357871022093,7.099840916078659e-06,2.8704253855562637e-08,1.4602985681443684e-11,0.00016193678935511047,520.9055812774639,6.069675687705516,259.42808617170977,1.0488530279419903,9.999999999999998,3.034837843852758,349.9165690635865,9.999999995506997,3.9724222307708604e-08,1.6060277614854648e-10,2.522742507338529e-09,4.999999997753498
13,19,348.00000000000284,0.0001675294365561797,0.0055600143841254,2.1470602386592596e-05,5.650088288917859e-09,8.376471827808984e-05,418.00000000000006,19.95996695662527,1.673990814051712e-10,6.46429823453891e-13,2.0267541907992766e-11,9.979983478312635,520.834844289077,6.090251912984674,270.69270497218736,1.0453094247387058,9.999999999999998,3.045125956492337,340.00000046308287,0.006569330398237483,4.0575537364167415e-05,1.5668686610878404e-07,1.6168643155787378e-09,0.0032846651991187414
14,19,348.00000000000006,19.999999999197694,1.1006691787661052e-07,4.4278959369476574e-10,1.3910645345816825e-08,9.999999999598847,418.00000000000006,19.94704157771571,1.5301217691503488e-10,6.15554618532272e-13,1.928701259710265e-11,9.973520788857854,520.9481762506142,6.074158601980722,260.5273938832459,1.048078942423377,9.999999999999998,3.037079300990361,340.0000079508048,9.999999997464005,5.780051059254805e-08,2.325264038856404e-10,3.6525162101376288e-09,4.999999998732003
15,19,348.00000000000006,19.99999999997822,0.0010870481501900388,4.30445279750994e-06,0.00013522837286366533,9.99999999998911,418.00000000000006,0.03265172027881391,2.8551680775689553e-10,1.1305788264028809e-12,5.798648611803063e-14,0.016325860139406956,520.8742981391599,6.112559996595495,263.01942240313144,1.0414945173906818,9.999999999999998,3.0562799982977475,340.000000121762,9.999999999461698,7.889819391780139e-07,3.1241813112748538e-09,4.9074525277276346e-08,4.999999999730849
16,19,353.47314463048843,7.216299446153722,44.14126133744821,0.21264051368803133,2.4103518108620463,3.608149723076861,420.70334528666064,6.323093806387303,37.00195672683709,0.17824853317414963,1.7704165736472208,3.1615469031936514,520.8689334364194,6.060355096074502,218.06239493636772,1.0504661233133707,9.999999999999998,3.030177548037251,347.70886263037545,9.999999999999998,58.42349764240887,0.2814419473689532,4.420879771331542,4.999999999999999
17,19,351.543678865553,7.231816683989978,246.54011391933466,0.8803040787482211,9.999999999999998,3.615908341994989,419.6874829825779,7.328651269962888,243.28254182623468,0.8686724868146238,9.999999999999998,3.664325634981444,520.5411727754008,7.52093830922971,175.99620909442683,0.6284177379780892,7.424040604616896,3.760469154614855,345.5634337562644,6.211769705921708,143.51247659865402,0.5124302755144712,4.999999999999999,3.105884852960854
18,19,351.85294663622466,5.876412486776419,31.242699162680214,0.127772750117759,1.1794251715892785,2.9382062433882097,419.6291761365591,5.444213347957514,15.398788839584528,0.06297617207371849,0.5385565002669193,2.722106673978757,520.7710803408253,6.086430812650536,255.75712303041527,1.0459656767055967,9.999999999999998,3.043215406325268,346.46904782353437,7.373907668232575,32.328434832454114,0.13221306533206253,1.531411650421866,3.6869538341162875
19,19,348.0000000000007,0.007258857860392709,8.34798602483075e-05,3.243382035680252e-07,3.6981649338972054e-09,0.0036294289301963545,418.0023168725046,0.008216505075345992,1.0192155095631554e-07,3.959883574758204e-10,5.11080630888631e-12,0.004108252537672996,520.9025644764732,6.0790671238706855,269.5422135530585,1.0472326746776082,9.999999999999998,3.0395335619353427,340.0000000081298,0.002792590211681656,6.591758691398855e-05,2.5610478574867603e-07,1.1234268065328474e-09,0.001396295105840828
20,19,348.00000000000006,19.999999999747114,3.083880706347219e-08,1.182301049628972e-10,3.7143082917989146e-09,9.999999999873557,418.00000000000006,19.96636744562294,1.8758652754943998e-10,7.191709716964192e-13,2.255542868817063e-11,9.98318372281147,520.8257659569754,6.087406148808213,272.7830237144883,1.0457980900325141,9.999999999999998,3.0437030744041067,340.00000151088926,0.0007442516306603864,0.0002321764991238742,8.901204188876618e-07,1.0406110554460431e-09,0.0003721258153301932
0,20,348.0000000000759,19.999999999513538,8.518159268685153e-08,3.376435003319304e-10,1.0607383401493349e-08,9.999999999756769,418.00000000000006,19.985476797652385,1.8835454805670167e-10,7.466013125993148e-13,2.3438139777780886e-11,9.992738398826193,520.9231073257307,6.056268261433527,265.1931983757102,1.051174989096161,9.999999999999998,3.0281341307167633,349.9951033390681,1.0646494314595664e-07,3.716230007986446,0.014730423186003467,2.4634385155543467e-09,5.323247157297832e-08
1,20,348.00000000000006,0.009221182428959196,5.802733077108055e-05,2.2547782893581848e-07,3.2659560455849807e-09,0.004610591214479598,423.9999523675096,0.00012935480373965635,6.876152636671663e-06,2.6718788325185608e-08,5.4289919508975126e-12,6.467740186982818e-05,520.7538483668494,6.110048773050838,268.1415992131145,1.0419225705291835,9.999999999999998,3.055024386525419,349.45795461605576,9.999999999015703,2.1486330517080174e-08,8.348981578872036e-11,1.3114549595279589e-09,4.9999999995078515
2,20,348.00000000000784,19.99999999992889,3.8197139161002265e-08,1.5295309219604917e-10,4.805163107852419e-09,9.999999999964444,418.00000000000006,9.858707360166363e-05,3.212730985180985e-07,1.2864762895101518e-09,1.992239923197067e-13,4.9293536800831816e-05,520.8503226989754,6.106899895109913,260.3346031225779,1.0424598131653562,9.999999999999998,3.0534499475549564,349.99702641294505,6.812171848128204e-08,1.8299648446181445,0.007327742017919844,7.841075639101795e-10,3.406085924064102e-08
3,20,359.9734744420011,19.999999997675204,5.398105321563056e-08,2.1297683201691246e-10,6.690864507713851e-09,9.999999998837602,418.00000000000006,19.938132076995,3.5420474104964406e-10,1.3974792846813265e-12,4.376729684222365e-11,9.9690660384975,520.7221688752705,6.085405444616653,265.1548622082179,1.0461419180060645,9.999999999999998,3.0427027223083263,340.00000272918965,8.838341244832293e-05,0.005908988781597946,2.331332265973287e-05,3.2366431292465007e-09,4.4191706224161464e-05
4,20,353.8109984076517,5.612935424908084,15.329061903304893,0.06640531645436916,0.5854809563058126,2.806467712454042,418.0000000014328,0.0019418852287280686,1.981970401671664e-06,8.585872544348237e-09,2.6189540120008922e-11,0.0009709426143640343,520.8438576731857,6.107590550243119,240.61513184855332,1.042341930308737,9.999999999999998,3.0537952751215593,349.44838458552766,3.2796407160736956,11.601353028839272,0.050256925312098334,0.25890596816566264,1.6398203580368478
5,20,348.3352107494565,7.806945105758942,58.03007063917173,0.42255669927423095,5.181863803940814,3.903472552879471,418.00000000000006,14.875157692731548,38.97152318222647,0.2837783587058862,6.630720594548651,7.437578846365774,520.6632689332797,6.042341945745467,144.69147092755622,1.0535977243324302,9.999999999999998,3.0211709728727336,342.60527229780115,9.479326752706784,46.114843742860636,0.33579376941816935,4.999999999999999,4.739663376353392
6,20,353.1622844976644,6.029898344022387,20.75291803305827,0.1008839109856142,0.9555463939304353,3.0149491720111934,418.00000000000006,6.579593150675382,17.37460847448592,0.08446130090996319,0.8729245007543616,3.289796575337691,520.8159420438112,6.089903266074047,215.04383142508928,1.0453692686944571,9.999999999999998,3.0449516330370234,347.792591741464,7.098697942428857,20.832005121183734,0.10126836847471773,1.129203945788746,3.5493489712144286
7,20,352.9925156705468,0.38107242288281257,23.345052719188043,0.10248125207920505,0.061343961851279175,0.19053621144140628,418.00002257968384,19.999878535550224,3.1741898199124734e-34,1.3934213428197845e-36,4.3775356680483323e-35,9.999939267775112,520.8203392138569,6.10221689026818,237.65279126706088,1.0432598247742766,9.999999999999998,3.05110844513409,349.5508400143432,0.2221138997432477,157.69488258249316,0.692256693867051,0.24152538229585185,0.11105694987162384
8,20,359.8460418160844,19.999999999826112,3.440203715109611e-08,1.383122722720256e-10,4.34520818467329e-09,9.999999999913056,418.00000000000006,0.006358319153594749,8.010726085359108e-08,3.2206863871127023e-10,3.2167005851455986e-12,0.0031791595767973746,520.9457103950945,6.058464266171964,261.36114048658,1.0507939708784135,9.999999999999998,3.029232133085982,349.98477384287173,6.077652959213253e-05,0.004068209505321763,1.6356104096055784e-05,1.5614771764141258e-09,3.0388264796066267e-05
9,20,348.00000000000335,19.999999998202053,3.404718381041436e-07,1.3793150414795994e-09,4.3332460009086634e-08,9.999999999101027,418.00000000000006,0.03623150696621025,1.2952081595779328e-07,5.247130295124431e-10,2.9862634824141806e-11,0.018115753483105124,520.7841252695983,6.107384793809862,257.30164492707775,1.0423770465761828,9.999999999999998,3.053692396904931,340.0000026033914,7.388357342463792e-05,0.02162328927902646,8.759998569897222e-05,1.0166507947620306e-08,3.694178671231896e-05
10,20,348.00000000000006,19.999999998848182,9.518678684604186e-08,3.616433864509034e-10,1.1361362060280616e-08,9.999999999424091,418.00837589560655,0.029204220016101345,1.1073897093027112e-07,4.207308365612376e-10,1.9300556551671526e-11,0.014602110008050673,520.8876384083425,6.0865703904143205,275.2983532392668,1.0459416905293455,9.999999999999998,3.0432851952071602,340.000003192767,0.010889734347218294,5.1229807303168814e-05,1.946375291594959e-07,3.3293829041207434e-09,0.005444867173609147
11,20,348.00000000048834,0.007929799927605785,0.00013833141006555356,5.458870983242948e-07,6.799624612151552e-09,0.0039648999638028926,418.00000000000006,19.972986035601796,7.827398216120601e-11,3.0888687519356397e-13,9.690860247519219e-12,9.986493017800898,520.9579268508177,6.101696802076075,264.3914905614344,1.043348748746372,9.999999999999998,3.0508484010380377,340.0000000095369,0.0034568534270871254,7.112991995932209e-05,2.8069478647136706e-07,1.5241762456896727e-09,0.0017284267135435627
12,20,348.0000000000005,0.007441613543264225,7.88988716844787e-05,3.009257708155181e-07,3.5175993407961294e-09,0.0037208067716321125,418.00000000000006,19.962990410003787,1.9568214924369804e-10,7.463452941568662e-13,2.3403740500227813e-11,9.981495205001893,520.9208116584884,6.079307747615253,274.5600877533374,1.0471912243911485,9.999999999999998,3.0396538738076266,340.0000000070466,0.0006376672124090987,0.0002923764881369117,1.1151442116027477e-06,1.1169789750675315e-09,0.00031883360620454937
13,20,348.00000000000006,19.99999999885549,5.91001302281249e-08,2.2197864159353321e-10,6.973664696441784e-09,9.999999999427745,418.00000000000006,19.944851353000818,3.5610870466202304e-10,1.3375355725170726e-12,4.190405220056645e-11,9.972425676500409,520.8098892650715,6.094975917334871,278.09000344784727,1.0444992416737124,9.999999999999998,3.0474879586674355,340.0000026264843,0.010357961130148752,4.104189114336219e-05,1.5415233789277984e-07,2.5080966588217127e-09,0.005178980565074376
14,20,348.00000000000006,0.023301345784773275,3.664614406392969e-05,1.4205723191901455e-07,5.199531691989985e-09,0.011650672892386638,418.00000000000006,0.02281519473470439,1.2128864001874438e-07,4.701702977051774e-10,1.6849974452920104e-11,0.011407597367352196,520.7502070621865,6.109159846124149,268.8212344345398,1.0420741777962703,9.999999999999998,3.0545799230620747,349.4035085861608,0.010700195692329828,3.250548869028828e-05,1.2600615599452023e-07,2.117889808174398e-09,0.005350097846164914
15,20,359.96755841592784,19.999999999795783,4.5831306230718626e-08,1.7405548014196936e-10,5.468114177254717e-09,9.999999999897891,418.00000000000006,19.97361022294311,8.455431166715974e-11,3.21115467257553e-13,1.0074828740721697e-11,9.986805111471554,520.9721121571251,6.086985594184715,275.3926737744869,1.0458703450453122,9.999999999999998,3.0434927970923575,340.0000018088249,5.623637984442098e-05,0.004944441976556874,1.877771534442737e-05,1.658746364085446e-09,2.811818992221049e-05
16,20,348.0000000941132,3.0788323917340974,3.189442233522187,0.012219388745440596,0.05909563527494577,1.5394161958670487,418.0000053161552,8.527278753331746,2.94135604142719e-26,1.1268921108270978e-28,1.5094289513214638e-27,4.263639376665873,520.951737565189,6.058859161604259,274.2549814553595,1.0507254837708055,9.999999999999998,3.0294295808021294,349.99955151830176,1.677160501711217,3.8374913081470985,0.01470219388476426,0.038732599806512814,0.8385802508556085
17,20,352.134835427712,8.847539847425205,108.41016314586253,0.5870325135671889,8.158391839141634,4.4237699237126025,420.15717765940303,7.0908851353041955,100.8328852945997,0.5460021494947817,6.081555574841964,3.5454425676520978,520.6289914489632,6.068808006775869,193.7245080638052,1.0490029865119979,9.999999999999998,3.0344040033879347,346.1314426606071,9.999999999999998,58.78384228231689,0.3183098861837907,4.999999999999999,4.999999999999999
18,20,351.0619124837661,7.817233855440958,158.6862494305021,0.8143798486014086,9.999999999999998,3.908616927720479,419.7629009571613,7.118605882691307,118.99675917848126,0.6106928802691989,6.828694487188997,3.5593029413456536,520.7271445315814,6.076515298557737,204.1445566236786,1.047672458783545,9.999999999999998,3.0382576492788687,345.13163475909056,6.529938234860469,94.98462901369051,0.4874623231265406,4.999999999999999,3.2649691174302347
19,20,350.1049234145458,5.751445952756923,8.343735108637814,0.03428528062569654,0.309745231066969,2.8757229763784613,418.0000000000016,19.807179122948604,1.7624710313232023e-13,7.242177887577016e-16,2.2532620079646188e-14,9.903589561474302,520.9105159791538,6.098126941137269,254.06009831392217,1.0439595280856107,9.999999999999998,3.0490634705686346,345.4302992731271,4.715333566523552,4.425508179146136,0.018184876180484564,0.13469226181590083,2.357666783261776
20,20,348.0000000000002,19.999999999819572,3.016967122317211e-08,1.1810250774351165e-10,3.710299706942007e-09,9.999999999909786,418.00000000000006,19.971952706281535,1.1772302228165857e-10,4.608397634751335e-13,1.4457405127506882e-11,9.985976353140767,520.8137074112965,6.113410044088986,266.01618135386354,1.0413497013555055,9.999999999999998,3.056705022044493,340.00000155515295,7.39690341813315e-05,0.0020273311659531087,7.936211599871222e-06,9.221107049785491e-10,3.698451709066575e-05
0,21,348.00000000000006,19.999999999163038,5.0832719833865286e-08,2.0412066301600707e-10,6.4126397535012994e-09,9.999999999581519,418.00000000000006,19.952313422731372,2.724299109762059e-10,1.093952364453415e-12,3.428558362857422e-11,9.976156711365686,520.7597690286871,6.092337770463148,260.2271028799108,1.0449515380680947,9.999999999999998,3.046168885231574,340.00000237253244,9.999999969224396,3.5635662157169525e-08,1.4309631690590514e-10,2.247751682819151e-09,4.999999984612198
1,21,359.4044802179229,0.008808282177700022,6.411143972312187e-05,2.467643599273929e-07,3.4142359505368914e-09,0.004404141088850011,418.00000000000006,0.009942516597156725,1.2937266628535988e-07,4.979542391479535e-10,7.776884260035892e-12,0.004971258298578363,520.8572554595169,6.094384501221224,271.3959528065899,1.044600602800844,9.999999999999998,3.047192250610612,340.0000000088836,6.394599351722263e-05,0.004055670314472817,1.56102388832562e-05,1.5679881112059372e-09,3.1972996758611316e-05
2,21,348.0000000000014,0.007369917653658575,9.288367221233602e-05,3.6858440491935497e-07,4.266968810246026e-09,0.0036849588268292877,418.00000000000006,19.974985684923144,6.475776174844324e-11,2.5697413236843667e-13,8.062983335194411e-12,9.987492842461572,520.8373233626951,6.104662589320565,262.7972880118862,1.0428418656278848,9.999999999999998,3.0523312946602825,340.0000000100895,0.0018135873057403273,9.538764428956758e-05,3.7852075902808606e-07,1.07832095911743e-09,0.0009067936528701637
3,21,348.0000000061019,0.23178356703144587,4.250853044045052e-05,1.7643868968013653e-07,6.423864075777319e-08,0.11589178351572293,418.00000000000006,19.755995487233978,5.246970347407163e-10,2.1778418667847013e-12,6.758419383063882e-11,9.877997743616989,520.7387527046028,6.118769341072287,250.66766091821802,1.0404376058013267,9.999999999999998,3.0593846705361436,340.000015649871,9.907994788171948e-05,0.025501962414432717,0.00010585011493111763,1.6473921052822163e-08,4.953997394085974e-05
4,21,354.95276728453894,5.480864336776959,36.21110628775817,0.16229256854522026,1.397228910681449,2.7404321683884794,419.08633824163275,4.958059713489161,11.383874879473995,0.051020763616156956,0.39735491044513316,2.4790298567445803,520.7956371587427,6.08059203000577,233.602462474055,1.0469700470382934,9.999999999999998,3.040296015002885,349.7202181315397,8.058842391900487,41.3329193587966,0.18524774125664673,2.3450141120984442,4.029421195950244
5,21,352.1926809485965,7.366523779432891,180.12917175573608,0.864206498789842,9.999999999999998,3.6832618897164453,418.14693109285054,6.914223633193942,191.9124832378648,0.9207393427532259,9.999999999999998,3.457111816596971,520.6383845088959,6.598331808182093,201.1001970926592,0.9648192768635205,9.999999999999998,3.2991659040910464,346.85128447929105,6.261935231609258,105.95173680574572,0.5083251014431013,4.999999999999999,3.130967615804629
6,21,354.75640711349706,5.527067566026725,47.272853655794044,0.21486969864090952,1.8654766845576283,2.7635337830133624,418.9264565893064,4.311498841239249,9.747503071804019,0.04430540755567782,0.3000577764440561,2.1557494206196246,520.8349017306696,6.066758758850641,230.86603380377957,1.0493573218793852,9.999999999999998,3.0333793794253205,349.66203901219075,8.627957355822875,74.92475693140427,0.34055612677448416,4.615476720345869,4.313978677911438
7,21,351.26947501402356,2.2036784871902784,4.418881596863875,0.017569948435763653,0.060818904893483176,1.1018392435951392,418.0000011642898,19.99999495464613,5.474539390717032e-05,2.1767357349588271e-07,6.838415268641348e-06,9.999997477323065,520.8578967608363,6.100082634877684,262.4739957144761,1.04362483342055,9.999999999999998,3.050041317438842,349.9198066851409,8.125313612422016,8.319826001012671e-12,3.308052289431403e-14,4.2221375245632486e-13,4.062656806211008
8,21,348.00000000000006,19.999999999431576,6.802947630927844e-08,2.6500398452836905e-10,8.325345709426857e-09,9.999999999715788,418.00000000000006,19.956179144148393,1.5005113460669426e-10,5.845135184195627e-13,1.8322799561151794e-11,9.978089572074197,520.8184199789463,6.110298675946992,267.462196839783,1.0418799573147153,9.999999999999998,3.055149337973496,340.0000029605971,0.010098537098157223,3.620793627041816e-05,1.4104543947373275e-07,2.237367836933856e-09,0.0050492685490786116
9,21,348.00000000004036,0.007321005051359464,9.592256829372446e-05,3.814291756966414e-07,4.386362226271921e-09,0.003660502525679732,423.9999609723048,0.00814121136787449,4.16907373759849e-08,1.6578021079266118e-10,2.1200279904196247e-12,0.004070605683937245,520.8196217000853,6.1162018394317625,261.76115778092327,1.0408743679177332,9.999999999999998,3.0581009197158813,340.0000000093922,0.002858252643884285,5.837388476810307e-05,2.321195433501019e-07,1.042154716637618e-09,0.0014291263219421424
10,21,359.17249607659403,0.0013142464166584489,0.00019716273089891132,7.681237486260908e-07,1.5857249931584157e-09,0.0006571232083292244,418.00000000000006,19.97125272489331,1.4647666224987696e-10,5.706565453858529e-13,1.7901935474971395e-11,9.985626362446656,520.8639132396906,6.081623241087803,268.69169515133206,1.0467925208956397,9.999999999999998,3.0408116205439013,349.7189878042715,9.999999999847361,1.7487464652957567e-08,6.812918872625637e-11,1.070170793970863e-09,4.999999999923681
11,21,348.00000000000006,19.999999998483286,2.629719823206567e-08,1.022521615116478e-10,3.2123463939430863e-09,9.999999999241643,423.9999831094615,3.089130449196453e-05,7.632927718923813e-06,2.9679335077241932e-08,1.4401585008590478e-12,1.5445652245982266e-05,520.8164229772256,6.090717417506018,268.81200190273154,1.0452295332858499,9.999999999999998,3.045358708753009,340.0000014586563,7.360158750735479e-05,0.0020208812513659523,7.85785140633594e-06,9.084705863789741e-10,3.6800793753677397e-05
12,21,348.0000000000001,19.99999999972353,3.209737170396848e-08,1.2716979841417534e-10,3.995157044509455e-09,9.999999999861766,423.99996213441887,0.00010151908512978647,7.253929960015411e-06,2.8740073150963087e-08,4.583058930133676e-12,5.0759542564893234e-05,520.8334875628312,6.093735791097758,263.68291512007016,1.04471180601169,9.999999999999998,3.046867895548879,340.0000015171139,6.391773679581547e-05,0.0030385793319425924,1.2038852422949107e-05,1.2087218052181747e-09,3.1958868397907736e-05
13,21,348.0000000000004,0.00360751248318536,0.00016291258127073326,6.445684633958675e-07,3.652555071169839e-09,0.00180375624159268,418.00000000000006,19.970069412291625,1.0945235007221944e-10,4.330514718435135e-13,1.358435337257584e-11,9.985034706145813,520.9462237455707,6.083074957963755,264.5102626476567,1.0465427054028658,9.999999999999998,3.0415374789818777,340.0000000081599,0.0020407677816223213,8.193674460729681e-05,3.2418516209878984e-07,1.0392178546870876e-09,0.0010203838908111607
14,21,348.0000000000019,0.00918110612647638,7.394727317711616e-05,2.844965620747437e-07,4.102909212687387e-09,0.00459055306323819,418.00000000000006,19.972246366105217,9.331556209315475e-11,3.5901197519464955e-13,1.1263042601242852e-11,9.986123183052609,520.8294974491596,6.098849033141331,271.31723405070903,1.0438359252838858,9.999999999999998,3.0494245165706655,340.0000000129751,0.0020450272394558766,8.808007763568386e-05,3.38869551208593e-07,1.0885578691131623e-09,0.0010225136197279383
15,21,359.90305715712213,19.999999999319023,4.971053490128602e-08,1.8789309677477798e-10,5.902835724677801e-09,9.999999999659511,418.00000000000006,19.954371401100758,2.779227147281806e-10,1.050476717621884e-12,3.292640832326079e-11,9.977185700550379,520.7576805114787,6.105130822384116,275.8816154553947,1.0427618848615838,9.999999999999998,3.052565411192058,340.00000258815834,8.175010261446403e-05,0.004672570572759278,1.76611206569762e-05,2.2679132641839973e-09,4.087505130723201e-05
16,21,348.000000000006,19.999999997815546,5.444602861029519e-06,2.1495112500508447e-08,6.752888751230778e-07,9.999999998907773,418.00000000000006,0.08017778445830004,1.3436050623415093e-07,5.304508466173476e-10,6.680655470005041e-11,0.04008889222915002,520.8376930692559,6.1067442222879995,264.0565090240523,1.042486387499394,9.999999999999998,3.0533721111439998,340.0000054642901,7.572359714025367e-05,0.13156256081129936,0.0005194046503805287,6.178128642143369e-08,3.786179857012684e-05
17,21,351.86050241747256,5.455692245465239,13.10756506144511,0.05768593109023773,0.4943558157972765,2.7278461227326196,421.161323341024,0.17951569806286644,59.222922954652255,0.2606379931367571,0.07349537873390777,0.08975784903143322,520.7214571700149,6.110529967789881,236.73003367086395,1.0418405207459287,9.999999999999998,3.0552649838949404,347.5948930053952,4.970488510166235,9.816921870048791,0.043203926576691566,0.3373200613057907,2.4852442550831175
18,21,351.6486531745988,7.346662326167105,160.70202658164524,0.8665428518472797,9.999999999999998,3.6733311630835526,420.3197460825996,7.444203989408059,135.84344350433278,0.7324995673230932,8.565357907479163,3.7221019947040297,520.6331848303862,6.594640302763376,179.0277361953095,0.9653593572052992,9.999999999999998,3.297320151381688,345.8745247265718,6.0805068856543665,97.08265664590414,0.5234923537949995,4.999999999999999,3.0402534428271832
19,21,351.44985594615247,5.607503732877786,21.990184277428718,0.08871994499244865,0.7814671242077208,2.803751866438893,420.28293939639383,5.56275541401724,14.877622175065087,0.06002413642094989,0.5244882492505374,2.78137770700862,520.6809193745961,6.105251580501754,258.45453867052476,1.042741259673465,9.999999999999998,3.052625790250877,345.9981150620803,7.355144865761601,21.35582089246158,0.08616059014987573,0.9954507380677754,3.6775724328808006
20,21,359.90946671384637,19.99999999858095,1.8914159681416156e-07,7.331915593169555e-10,2.3033892162607613e-08,9.999999999290475,418.00000000000006,19.913759242921177,1.7770803632197109e-10,6.888703196371907e-13,2.1548180390049937e-11,9.956879621460589,520.9084654281468,6.102964586391312,269.0970071753976,1.0431320112640783,9.999999999999998,3.051482293195656,340.00000631599704,5.513988206651277e-05,0.018395146707049007,7.130724560423928e-05,6.176171843489914e-09,2.7569941033256384e-05
0,22,348.00000000000006,19.999999999447258,2.7373271765401424e-08,1.0726208079712211e-10,3.3697376503168065e-09,9.999999999723629,418.00000000000006,19.965661376908827,1.8977732813634208e-10,7.43641873667116e-13,2.33220871857478e-11,9.982830688454413,520.8924668524846,6.075272447580729,267.4205980313564,1.0478867867417097,9.999999999999998,3.0376362237903645,340.0000015819586,0.00021583541890457525,0.0007336886308318955,2.8749566319540246e-06,9.747065610020038e-10,0.00010791770945228762
1,22,348.00000000000006,19.999999999229573,5.633140539664361e-07,2.2440929668821834e-09,7.050025978458014e-08,9.999999999614786,418.00000000000006,19.946947182727232,3.6368186537669807e-10,1.4488115652855146e-12,4.5395020740556204e-11,9.973473591363616,520.8149501483547,6.092759675218268,262.2864268905729,1.0448791784074019,9.999999999999998,3.046379837609134,340.00000216853283,9.9999999984942,2.0307154632857435e-07,8.089828856231515e-10,1.2707473449854332e-08,4.9999999992471
2,22,348.000000000175,19.999999999770765,7.624869204292102e-08,3.0780687914905025e-10,9.670038302479739e-09,9.999999999885382,423.9999480350881,0.00017019675421375835,3.0833306307419777e-06,1.2447038151147842e-08,3.3276463987628106e-12,8.509837710687918e-05,520.7870295632391,6.111436302006553,258.04230346223596,1.0416860143965854,9.999999999999998,3.0557181510032767,340.0000026759564,9.320391109568504e-05,0.0031588749013495418,1.2752001364945875e-05,1.86694861375467e-09,4.660195554784252e-05
3,22,348.00000000000006,19.99999999962866,6.732111456749613e-08,2.667444344224464e-10,8.380023555519627e-09,9.99999999981433,423.9999651231669,0.00011360861289672064,7.12567963654739e-06,2.823386684456479e-08,5.038502710955162e-12,5.680430644836032e-05,520.8097921399014,6.093195093522713,263.688366646889,1.0448045115842937,9.999999999999998,3.0465975467613564,349.7971262696544,0.0008313844533223147,0.0004361170036379531,1.7280133316982383e-06,2.2566742056482973e-09,0.00041569222666115735
4,22,353.7157783051631,5.556996174141906,12.877212810764615,0.05279606539246527,0.460852059785342,2.778498087070953,418.5917161338128,19.988740756754826,5.011357083274836e-17,2.0546366683666093e-19,6.451197637259245e-18,9.994370378377413,520.8865295237277,6.096194104223856,254.7074519447706,1.0442905220594731,9.999999999999998,3.048097052111928,349.5808620680209,0.6235486072250732,40.183102005199835,0.16474913572641836,0.16136648370454226,0.3117743036125366
5,22,355.10874216357877,5.366908199219291,39.618634636828716,0.16563606897875682,1.3963650129535472,2.6834540996096456,423.9999999999949,4.6914810579491175e-06,9.182977277532973e-05,3.839183938857615e-07,2.8292333208798376e-12,2.3457405289745587e-06,520.8078129334465,6.092412776083784,249.93978529053348,1.044938673339205,9.999999999999998,3.046206388041892,349.99999999999994,8.174826489554219,55.715836696381565,0.23293463429131714,2.991110709077706,4.087413244777109
6,22,353.5077335429289,5.709414216365706,17.400312028577826,0.07008480831196975,0.6285434702090663,2.854707108182853,418.1353399614002,17.126405948312684,7.537111443181184e-29,3.03579044935369e-31,8.166912475288596e-30,8.563202974156342,520.9041343060425,6.067441824975832,260.49995248425347,1.0492391863520125,9.999999999999998,3.033720912487916,348.51425484698757,6.2547021657294914,20.780240361036313,0.08369845092363673,0.8223258292989407,3.1273510828647457
7,22,348.00000000000057,0.004810176555096746,7.108856995607792e-05,2.6508526273087997e-07,2.0029332597503725e-09,0.002405088277548373,423.99996911599277,9.730734270557706e-05,7.754796927414773e-06,2.8917199800171383e-08,4.419994466361333e-12,4.865367135278853e-05,520.7078763129889,6.111336114745876,279.3560921786364,1.041703091459,9.999999999999998,3.055668057372938,340.00000000971795,0.0021157569465248827,7.100933097461422e-05,2.6478978504392114e-07,8.800085253274726e-10,0.0010578784732624413
8,22,348.00000000000006,19.99999999915752,7.311672137654748e-08,2.823640044236235e-10,8.870726818980843e-09,9.99999999957876,418.00000000000006,19.949955699929987,2.7971716774477416e-10,1.0802188350828146e-12,3.3851160208214636e-11,9.974977849964993,520.8683658152922,6.098779562509242,270.29907740130574,1.0438478155220525,9.999999999999998,3.049389781254621,340.00000295559494,0.006348045497952981,6.895054104440324e-05,2.662749438149442e-07,2.6551570209889008e-09,0.0031740227489764905
9,22,348.00000000000006,19.99999999958208,5.510847157773851e-08,2.168792481321025e-10,6.813462526336537e-09,9.99999999979104,418.00000000000006,0.016117919758123378,7.596921580567252e-08,2.98976653378559e-10,7.569481687297453e-12,0.008058959879061689,520.9063192100612,6.100421514330563,265.1677149043391,1.0435668598835197,9.999999999999998,3.0502107571652814,349.986880091746,0.006381505515834718,4.7651484900833186e-05,1.8753229624763691e-07,1.879832255996055e-09,0.003190752757917359
10,22,348.00000000000006,19.99999999941195,4.3985529295513026e-08,1.6915489320035881e-10,5.3141576978138835e-09,9.999999999705976,418.0037526120082,0.013456016417013217,1.226705109856799e-07,4.717532678805998e-10,9.97128897485095e-12,0.006728008208506608,520.774049488265,6.10375014358246,271.2118321447129,1.042997759397031,9.999999999999998,3.05187507179123,349.28140171981426,9.999999998239332,3.319044554828138e-08,1.2764030266118862e-10,2.004969185358831e-09,4.999999999119666
11,22,348.00000000000006,19.999999999234117,2.0457214042235635e-08,7.752302284550806e-11,2.4354575904619543e-09,9.999999999617058,418.00000000000006,19.965158424331793,2.194818164987476e-10,8.317307449331733e-13,2.608407217265989e-11,9.982579212165897,520.8505014112275,6.092626010761924,275.7346806611251,1.04490210172603,9.999999999999998,3.046313005380962,340.00000120090255,0.0003402919831803075,0.00038323806260867084,1.452288323402293e-06,7.762908020940638e-10,0.00017014599159015376
12,22,348.00000000000006,19.99999999923103,3.2726986791499424e-08,1.2062510210681934e-10,3.78954934602732e-09,9.999999999615515,418.00000000000006,19.957490760752172,2.667103406984104e-10,9.83040763412009e-13,3.0817495473436214e-11,9.978745380376086,520.8018022698916,6.0823635837285845,283.97236141795617,1.0466651057668659,9.999999999999998,3.0411817918642923,340.00000155724035,0.002922383916493132,7.977529495549574e-05,2.940357192342491e-07,1.3497621249949372e-09,0.001461191958246566
13,22,348.00000000000006,19.999999999247763,4.002163240553478e-08,1.5417036767393375e-10,4.843404944674507e-09,9.999999999623881,418.00000000000006,0.013659977796745437,1.2483905652491795e-07,4.809020044332803e-10,1.0318734962532721e-11,0.006829988898372719,520.8651035104558,6.069948442784165,272.26324178636446,1.0488058973950303,9.999999999999998,3.0349742213920825,349.9685708180623,9.999999993555363,3.2588718320465576e-08,1.2553747519787865e-10,1.9719380478884895e-09,4.999999996777682
14,22,348.0000000000341,19.99999999965236,1.2514979292697406e-08,4.708407215850395e-11,1.4791897519167657e-09,9.99999999982618,418.00000000000006,19.96749495980504,1.9484241908432522e-10,7.330395284838326e-13,2.2991687857736652e-11,9.98374747990252,520.7455549178504,6.091748311116525,277.7757252379704,1.0450526513149694,9.999999999999998,3.0458741555582627,349.9981461332362,4.744244357752451e-08,1.3093138424115816,0.004925923247048997,3.670917019215707e-10,2.3721221788762254e-08
15,22,348.0000000000293,19.9999999994083,7.883769545279949e-08,2.973884276997202e-10,9.342732996964198e-09,9.99999999970415,418.00000000000006,19.986099531385754,1.7152018655474636e-10,6.470016443950663e-13,2.0312028974154645e-11,9.993049765692877,520.9166512151376,6.072332397030736,277.9293695293088,1.0483941437047766,9.999999999999998,3.036166198515368,349.99553595707494,9.28720975909591e-08,3.5682045308044654,0.013459839598714161,1.9635637958927043e-09,4.643604879547955e-08
16,22,348.00000000000205,19.999999999587843,1.5948866404126782e-07,6.141266334154669e-10,1.9293357198721034e-08,9.999999999793921,418.0046540634289,0.01681610414433976,9.436294121167288e-08,3.63353695097173e-10,9.59786962830419e-12,0.00840805207216988,520.801750834588,6.087837453360927,271.57448381941816,1.0457239984555124,9.999999999999998,3.0439187266804635,340.0000028615837,8.549926197076729e-05,0.0072285711853049,2.783431733610038e-05,3.738202445152178e-09,4.2749630985383646e-05
17,22,348.00000000000006,19.99999999990556,3.059292564871169e-08,1.211551337481349e-10,3.8062007812603214e-09,9.99999999995278,418.00000000000006,19.979706535689385,6.060135136342811e-11,2.399955111865229e-13,7.532031035663235e-12,9.989853267844692,520.8819638465284,6.091229278322045,263.9091001307027,1.0451417001051573,9.999999999999998,3.0456146391610224,349.9291052684147,0.00020377937904925147,0.0007172906913012282,2.8406387358559822e-06,9.092768129761285e-10,0.00010188968952462574
18,22,352.91856940980716,6.101520486682686,45.12023593603414,0.22860236198082143,2.190981266168826,3.050760243341343,420.38896476776387,6.619204688940635,42.30609754719691,0.2143444870100187,2.228630173060487,3.3096023444703175,520.8867677370002,6.067949310014778,207.07555185149607,1.0491514345989665,9.999999999999998,3.033974655007389,347.5976375786996,9.167152151092017,55.88467155287294,0.28314053883983453,4.077147007284999,4.583576075546008
19,22,350.9373719297114,6.850401744956992,20.695302830679857,0.08799361857574177,0.9468628911643232,3.425200872478496,419.90571795524215,4.839920975734009,8.644007589634073,0.03675314698369605,0.2794169058700194,2.4199604878670047,520.833726882313,6.074187993571211,246.49749039292826,1.0480738710118387,9.999999999999998,3.0370939967856057,344.9490473593829,9.999999999999998,16.096196871879126,0.06843884429487476,1.0750348522847712,4.999999999999999
20,22,348.2619830074412,14.69800107465935,8.005443890272975e-20,3.0849416330412435e-22,7.122379386532944e-21,7.349000537329675,418.00000176852325,19.999965480821672,1.19972798234509e-20,4.6232174652525556e-23,1.4524240956499004e-21,9.999982740410836,520.8897580655758,6.078723394377694,271.7729368709478,1.0472918918409757,9.999999999999998,3.039361697188847,349.27812828323067,0.3125960120239933,14.802803546064016,0.057043413920456934,0.02800972335096267,0.15629800601199664
0,23,359.9125317314734,19.999999999686533,6.305832016031197e-08,2.4660371606762466e-10,7.747284227338502e-09,9.999999999843267,418.00000000000006,19.962355701669534,2.0600534471596442e-10,8.056301437716175e-13,2.5261979272409973e-11,9.981177850834767,520.8231644171885,6.093018770720295,267.1716591293593,1.0448347466560033,9.999999999999998,3.0465093853601477,340.00000200686134,7.104441960414931e-05,0.00584879819000966,2.287303823697106e-05,2.5525467424389935e-09,3.5522209802074656e-05
1,23,348.00000000000387,0.0001804921315127217,0.0005296016355461338,2.064995195902338e-06,5.854599568684762e-10,9.024606575636085e-05,423.99999917983126,2.6000007437576578e-06,6.983149584463939e-06,2.722833423525048e-08,1.1120246705447501e-13,1.3000003718788289e-06,520.8594767895537,6.069573689670594,268.9999544734013,1.048870653718238,9.999999999999998,3.034786844835297,349.99771818977314,3.141759971606495e-08,0.8897576579314279,0.00346929685602465,1.7121205568816466e-10,1.5708799858032475e-08
2,23,359.8407975053614,0.010186859354892164,6.0966382299446174e-05,2.377604352412395e-07,3.804519147988358e-09,0.005093429677446082,418.00000000000006,19.954342066830684,2.7743692036344223e-10,1.0819655103301143e-12,3.39133511630459e-11,9.977171033415342,520.7732823371049,6.103684408593217,267.4477143151603,1.0430089921937984,9.999999999999998,3.0518422042966087,340.0000000120953,0.0013672302400831171,0.00020751046512477176,8.09262033342365e-07,1.7380037067054453e-09,0.0006836151200415586
3,23,348.00000000000495,0.04061493028044083,4.164282211772223e-05,1.6056125388536357e-07,1.0243452081360896e-08,0.020307465140220415,418.012199161878,0.04188835409018665,1.3201041412507968e-07,5.089894618075962e-10,3.3490525632087394e-11,0.020944177045093326,520.84910788347,6.0636649423755475,272.2979238572465,1.0498927272821479,9.999999999999998,3.0318324711877738,340.0000000095097,0.02018468149934627,3.3518414402119384e-05,1.2923616534536365e-07,4.09756490281742e-09,0.010092340749673134
4,23,348.0000000000004,0.003193368693331422,0.00013302313898208657,5.085122804343968e-07,2.5507646274865585e-09,0.001596684346665711,418.00000000000006,19.999999999998465,3.6651360830836125e-11,1.4010845947352236e-13,4.4016370698776725e-12,9.999999999999233,520.7676560085046,6.099056382936999,273.05065397872954,1.0438004379638433,9.999999999999998,3.0495281914684993,340.0000000107981,0.0020593838594287206,7.603715513705421e-05,2.9066993496292656e-07,9.402802087934796e-10,0.0010296919297143603
5,23,348.00000000000006,0.011327780704899482,5.243125640010392e-05,2.003094332132961e-07,3.5642332064621794e-09,0.005663890352449741,418.00000000000006,0.010234944812083313,8.557310351616014e-08,3.269252167604128e-10,5.2559811938878945e-12,0.0051174724060416565,520.9045569972484,6.089301712787298,273.6538059301051,1.0454725392087312,9.999999999999998,3.044650856393649,349.9750908474579,0.003940951906587387,4.917022482927374e-05,1.8785092219347698e-07,1.1628785063011355e-09,0.0019704759532936933
6,23,348.0000000000015,19.999999998058357,3.875153461487787e-08,1.5611013433624424e-10,4.904344511340482e-09,9.999999999029178,418.00000000000006,0.008659385824586252,9.655618543873612e-08,3.889755394112645e-10,5.290896416179578e-12,0.004329692912293126,520.8018847496571,6.1151284291008725,258.4237051638029,1.0410570763125992,9.999999999999998,3.0575642145504363,340.000001734033,8.557967773903385e-05,0.0024399492624459693,9.829308978845476e-06,1.3213367402627405e-09,4.278983886951693e-05
7,23,348.00000000000006,19.999999999655437,4.698713757324619e-08,1.821537948461642e-10,5.722530237023529e-09,9.999999999827718,418.00000000000006,19.972567282659377,9.489672209533459e-11,3.6788361540817337e-13,1.1541552084695964e-11,9.986283641329688,520.9149967037208,6.0963402938432365,269.3715264999446,1.0442654800791071,9.999999999999998,3.0481701469216183,340.0000024770441,9.999999998675605,2.4108071094614536e-08,9.345912228553255e-11,1.468052459721468e-09,4.999999999337803
8,23,348.00000000000546,0.00012706976970378037,0.0005378070871896162,2.065496445842375e-06,4.122745932333736e-10,6.353488485189018e-05,418.00000000000006,0.00047475784160511125,7.15231497047658e-08,2.7469108353077543e-10,2.0485029147027675e-13,0.00023737892080255563,520.8740740665461,6.064971572691877,273.3086785679886,1.0496665396323102,9.999999999999998,3.0324857863459385,349.99797700916565,1.811871039233146e-08,1.338587528858889,0.005140965690420798,1.4631601550047953e-10,9.05935519616573e-09
9,23,348.0000000000008,0.008599057724378412,0.00018277917761783666,7.053738984265892e-07,9.52774502633238e-09,0.004299528862189206,418.00000000000006,19.958181476889976,2.1583234345622563e-10,8.329313190618475e-13,2.611259521801845e-11,9.979090738444988,520.946670665596,6.089886653572603,270.88081496434273,1.045372120340058,9.999999999999998,3.0449433267863015,340.00000000497994,0.0020196009010504667,0.0001888807745390895,7.289209307694669e-07,2.3124154047269513e-09,0.0010098004505252334
10,23,348.0000000000007,0.0036497061298170763,0.00018090142105077562,7.198824341276366e-07,4.127046388792096e-09,0.0018248530649085382,418.00000000000006,19.964476190723452,1.774132452808891e-10,7.060015234675366e-13,2.2140296638075134e-11,9.982238095361726,520.825644450693,6.09512038063244,262.46913346177735,1.0444744855088892,9.999999999999998,3.04756019031622,340.000000008187,0.003269031309356407,6.054008178129186e-05,2.4091431223622063e-07,1.2370907467158264e-09,0.0016345156546782036
11,23,359.89910489125515,19.999999998631974,6.85848440689365e-08,2.526121290384005e-10,7.936044087404324e-09,9.999999999315987,418.00000000000006,19.935835115380396,3.8949434122752736e-10,1.4345880073300084e-12,4.492431937241155e-11,9.967917557690198,520.8389486771274,6.096423573108826,283.5168961427261,1.0442512150495833,9.999999999999998,3.048211786554413,340.0000027634641,7.45171337239725e-05,0.007177301228934693,2.643548102797685e-05,3.0943058326530897e-09,3.725856686198625e-05
12,23,348.000000000001,19.99999999974856,3.745046984601456e-08,1.4911154103747332e-10,4.684477218828898e-09,9.99999999987428,418.00000000000006,0.008277234280249957,7.915768631884676e-08,3.1517160239900855e-10,4.097813647597648e-12,0.004138617140124978,520.770511801084,6.110688457950201,261.6591898789641,1.041813498999967,9.999999999999998,3.0553442289751005,340.00000178842254,9.269955893032034e-05,0.0020653570254906186,8.223356612874429e-06,1.1974204447109806e-09,4.634977946516017e-05
13,23,348.00000000000176,0.01256673750931725,7.416865561663238e-05,2.9043848344003394e-07,5.7331932535197415e-09,0.006283368754658625,418.00000000000006,19.96978852049303,8.422262631814794e-11,3.2980902317574255e-13,1.0345604599234959e-11,9.984894260246515,520.8804221710656,6.080045024364968,267.3865602048504,1.0470642401765324,9.999999999999998,3.040022512182484,340.0000000088542,0.00561931279111505,4.269395150648001e-05,1.6718607644310198e-07,1.4757173726464395e-09,0.002809656395557525
14,23,348.0000000000042,0.00011234220162492647,0.0014493184931061135,5.655444205710972e-06,9.979976758712087e-10,5.617110081246324e-05,418.00000000000006,0.0005245945664498208,3.4146927900458506e-08,1.332461059843381e-10,1.0979895101282005e-13,0.0002622972832249104,520.9417230225098,6.077582732512085,268.4394591221672,1.0474884512258102,9.999999999999998,3.0387913662560426,349.99720129737807,2.979406068110953e-08,1.296876542728102,0.005060594316557254,2.368378437088939e-10,1.4897030340554765e-08
15,23,348.0000000000005,0.0058476616917744195,6.52090796983357e-05,2.5494007828874246e-07,2.341748393963277e-09,0.0029238308458872098,418.00000000000006,19.95925957324132,2.5032374196643934e-10,9.786605587700664e-13,3.0682898920875306e-11,9.97962978662066,520.7475823157777,6.096310826292591,267.1055901659513,1.044270527713127,9.999999999999998,3.0481554131462953,340.0000000113394,0.0016953673794457558,9.303124286193507e-05,3.637130357956281e-07,9.685957664711939e-10,0.0008476836897228779
16,23,348.00000000000006,19.999999999074678,9.669139304064658e-08,3.6159912647679336e-10,1.1359971592314223e-08,9.999999999537339,418.00000000000006,19.943646133016376,2.827194671283824e-10,1.0572927862217501e-12,3.3122240468557736e-11,9.971823066508188,520.7805797618136,6.11865817212926,278.21745662778545,1.0404565093494036,9.999999999999998,3.05932908606463,340.00000327757044,0.014468535382428982,3.78313223168074e-05,1.4147870532249907e-07,3.2154038292057612e-09,0.007234267691214491
17,23,348.00000000000006,0.0055934532678705295,6.563853041353759e-05,2.4485341344028774e-07,2.1513251472906567e-09,0.0027967266339352648,418.00000000000006,0.008659227449154372,6.292056642872165e-08,2.3471450942922696e-10,3.1925592182060593e-12,0.004329613724577186,520.9548125930877,6.0731241864223735,281.00927037085404,1.0482574583125865,9.999999999999998,3.0365620932111868,349.8886253694574,0.00011985435089911789,0.0012202358380965198,4.5518829912511514e-06,8.569683270379738e-10,5.9927175449558945e-05
18,23,353.7113989677941,5.82391844349728,16.61731092879194,0.07336153901938584,0.6711252755304833,2.91195922174864,420.8449440615218,4.596167792718988,9.350624527346259,0.04128081908427097,0.2980327966041153,2.298083896359494,520.7487500257806,6.107604524787919,236.10301188249767,1.042339545371411,9.999999999999998,3.0538022623939596,348.8231128674103,7.7394338410523575,18.01223554754175,0.0795198047752614,0.9667281709186117,3.8697169205261788
19,23,352.9096500591081,5.778618414027502,16.796552284699622,0.07273396720425754,0.6602085898914158,2.889309207013751,420.93669794084286,3.887640359159995,7.772344278153176,0.033656516185309605,0.20552995107915412,1.9438201795799974,520.7522939559786,6.114769717358368,240.42680579458317,1.0411181480152394,9.999999999999998,3.057384858679184,347.5871655605037,8.134403516539862,24.666748950926763,0.10681421275166446,1.3648176596718942,4.067201758269931
20,23,359.89919889037344,0.019506379502292504,6.409633572857156e-05,2.525631672140009e-07,7.738674169128176e-09,0.009753189751146252,418.00000000000006,19.964899727322678,9.183769812661363e-11,3.618743512378593e-13,1.134866595406693e-11,9.982449863661339,520.9478708099538,6.086868471144237,265.42962465292766,1.0458904695995617,9.999999999999998,3.0434342355721187,340.00000051793444,5.4009632888707415e-05,0.007177330593547955,2.8281325698941242e-05,2.3993348697373356e-09,2.7004816444353708e-05
0,24,348.00000000000097,0.005950877951264033,7.24119051449769e-05,2.90797856735211e-07,2.7182670552073582e-09,0.0029754389756320165,418.00000000000006,0.011554596733152067,7.487771961115433e-08,3.007002831447282e-10,5.457685513537326e-12,0.005777298366576034,520.7327901994112,6.106708593572677,259.5922359278687,1.0424924697366842,9.999999999999998,3.0533542967863383,340.00000001106673,0.0016828068498142557,9.717382194453693e-05,3.9023885776330196e-07,1.0315366430821472e-09,0.0008414034249071278
1,24,348.00000000002075,19.99999999974886,1.3587768887137196e-07,5.17913908688879e-10,1.627074530708526e-08,9.99999999987443,418.00000000000006,19.971280180515603,1.0646568522748293e-10,4.0580657233288416e-13,1.2730482317591626e-11,9.985640090257801,520.8153833994202,6.123714458129233,272.74435345196076,1.0395974154583063,9.999999999999998,3.0618572290646164,349.91513503534827,9.999999999286818,4.764461243149799e-08,1.816030847840158e-10,2.852614584930098e-09,4.999999999643409
2,24,348.0000000000592,0.0018945626864095289,0.00047390471062046425,1.860656715449339e-06,5.537262489032834e-09,0.0009472813432047644,418.00000000000006,19.97635119778624,4.7635531567283516e-11,1.870278343269071e-13,5.868705095949252e-12,9.98817559889312,520.8089402532618,6.121757761622568,264.86754935284415,1.03992970182284,9.999999999999998,3.060878880811284,340.0000000091918,9.999999995390375,2.3018606524884115e-08,9.037623777728728e-11,1.4196266226466556e-09,4.999999997695188
3,24,348.0000000000005,0.006029826712435238,0.0001269442864695441,4.845576693162587e-07,4.589550788365247e-09,0.003014913356217619,418.00000000000006,19.957932674572277,2.6460335729205606e-10,1.0100146266406157e-12,3.166380435194469e-11,9.978966337286138,520.955627446026,6.0877300448026865,273.96332238451527,1.0457424486341775,9.999999999999998,3.0438650224013433,340.00000000628626,0.0020049115472726697,0.00012554754178873047,4.792261702312069e-07,1.5092306650774896e-09,0.0010024557736363349
4,24,348.00000000044594,0.009248155670810831,0.00010779509459507681,4.3485079604849505e-07,6.317064015269791e-09,0.004624077835405416,418.00000000000006,19.974920593117606,6.809728830453217e-11,2.747078625349815e-13,8.61938001082536e-12,9.987460296558803,520.8839008519845,6.100728566676243,258.6766027765302,1.0435143367055586,9.999999999999998,3.0503642833381215,340.00000001054457,0.0018339402424629725,0.00012357953352888531,4.985260111529398e-07,1.4361271098567565e-09,0.0009169701212314862
5,24,348.000000000137,0.9935131565691364,3.015418998212206e-05,1.1509247255419968e-07,1.7961409724900412e-07,0.4967565782845682,418.00000000000006,19.999999999622972,6.2078928408411285e-09,2.3694277207496707e-11,7.443776720578848e-10,9.999999999811486,520.7863168482207,6.086203198823577,274.05291226021365,1.0460047940736443,9.999999999999998,3.0431015994117887,340.0000000106602,0.49659985854076716,2.6433744028634797e-05,1.0089227934572728e-07,7.870175232637046e-08,0.24829992927038358
6,24,348.00000000000006,0.022171828495991974,5.4203294743655585e-05,2.1023686157030355e-07,7.322008898556393e-09,0.011085914247995987,418.00000000000006,19.95217132112677,2.314593542753293e-10,8.977551725235297e-13,2.813636299733836e-11,9.976085660563385,520.8335167604722,6.082548777107924,269.8431163788839,1.0466332382956665,9.999999999999998,3.041274388553962,340.00000057590364,9.999999997647755,3.8698541526675436e-08,1.5009899225486837e-10,2.3577494563410283e-09,4.999999998823878
7,24,348.0000000000022,0.022008631122361066,6.227417862757067e-05,2.412381256823548e-07,8.339861800156509e-09,0.011004315561180533,418.00000000000006,19.958164571806456,1.3598384885437203e-10,5.267751344724729e-13,1.6514511930783488e-11,9.979082285903228,520.8728493592056,6.098250372977154,269.4864506849577,1.043938397787995,9.999999999999998,3.049125186488577,340.00000000910165,9.999999995971839,3.866369371523943e-08,1.4977567282905256e-10,2.3526707662834058e-09,4.9999999979859195
8,24,348.00000000000006,19.999999999603816,5.131315012460804e-08,2.034881158965811e-10,6.39276769980864e-09,9.999999999801908,418.00000000000006,19.95996377998977,2.214346293062719e-10,8.781241339182998e-13,2.753185915379322e-11,9.979981889994885,520.8352987945457,6.093369213037779,263.4585245214467,1.044774656039925,9.999999999999998,3.0466846065188893,340.0000022243776,9.999999998869207,3.070531351465407e-08,1.2176540282438004e-10,1.9126864746560857e-09,4.999999999434603
9,24,348.000000000013,19.999999999683414,4.458869789648823e-08,1.7033209138325014e-10,5.351140469517335e-09,9.999999999841707,418.00000000000006,0.00014034194177625636,7.347867399688281e-07,2.8069391582172266e-09,6.18785826344963e-13,7.017097088812818e-05,520.8826980181151,6.099636707975461,273.2149531797358,1.0437011298315217,9.999999999999998,3.0498183539877304,349.99660347531756,7.310307315652048e-08,2.770563773293246,0.010583756514066655,1.2153331710719802e-09,3.655153657826024e-08
10,24,348.000000000002,0.015918489693941495,6.380301360165749e-05,2.455068364142936e-07,6.1388260542379056e-09,0.007959244846970748,418.00000000000006,0.018937149939230125,1.1072305275938093e-07,4.260498817626752e-10,1.2673452573622738e-11,0.009468574969615062,520.8033630561974,6.1054387101786025,270.98225296720864,1.0427092999987846,9.999999999999998,3.0527193550893013,340.00000077301456,6.292060274759592e-05,0.005246756130567764,2.0188928803506064e-05,1.995381897141952e-09,3.146030137379796e-05
11,24,348.0000000000032,19.999999998178758,9.905106733171454e-07,3.850618767108127e-09,1.209707562942029e-07,9.999999999089379,418.00000000000006,0.05470742251540983,1.433401928255701e-07,5.572362332316968e-10,4.788566013105232e-11,0.027353711257704916,520.8645045983623,6.106002081855618,268.1957005855544,1.0426130941870102,9.999999999999998,3.053001040927809,340.0000026092116,5.606792448098474e-05,0.06255323503412254,0.0002431762395442614,2.1416845071637315e-08,2.803396224049237e-05
12,24,359.96001056936615,0.00012690262207470937,0.0010144124659780523,3.843376009645188e-06,7.661315504372872e-10,6.345131103735469e-05,418.00000000000006,19.970621994356954,8.7702797456673e-11,3.3228577036339475e-13,1.0423731404621668e-11,9.985310997178477,520.8898325306055,6.098550492289189,275.52131446122826,1.0438870239288873,9.999999999999998,3.0492752461445947,349.9953151929017,6.035094898173133e-08,1.2145093127640174,0.00460149703667865,4.362175429572358e-10,3.017547449086567e-08
13,24,348.00000000000006,19.999999999848967,3.3924866457694417e-08,1.292798982467837e-10,4.0614477858586456e-09,9.999999999924484,418.00000000000006,0.004072978189373799,1.0203577498507334e-07,3.8883497519590504e-10,2.487695861768165e-12,0.0020364890946868996,520.7938850528644,6.100060267681996,273.862861940455,1.0436286600976399,9.999999999999998,3.050030133840998,340.00000192122627,0.0008994229612628857,0.0001930619416760677,7.357148540682796e-07,1.0394255117623183e-09,0.00044971148063144284
14,24,348.00000000000006,19.99999999939718,3.18276796296946e-08,1.215651727994024e-10,3.819082537874652e-09,9.99999999969859,418.00000000000006,19.999999999999737,1.5188116341110776e-11,5.801070040248722e-14,1.8224599021404993e-12,9.999999999999869,520.800883299376,6.108372526888034,272.8666216395606,1.0422084926308726,9.999999999999998,3.054186263444017,340.00000192026704,0.00012423249832593797,0.0013548144334461132,5.174686079199471e-06,1.009808692055854e-09,6.211624916296898e-05
15,24,348.0000000000029,0.03723280778538651,0.00010593045536015896,4.0708294484037913e-07,2.380831022822748e-08,0.018616403892693256,418.00000000000006,19.932045525341024,4.4325576164989513e-10,1.7033992741408501e-12,5.333204112360559e-11,9.966022762670512,520.8225456565502,6.0830792599470005,272.32943148573645,1.0465419652827734,9.999999999999998,3.0415396299735002,349.7486296023082,7.692600307507291e-05,0.01497841502327039,5.756094671719474e-05,6.95538177789169e-09,3.8463001537536456e-05
16,24,348.0000000015593,0.01579863889712385,0.00014125712103041314,5.608517475323638e-07,1.3918345955752948e-08,0.007899319448561926,423.99988154206636,0.00029379873228640996,4.0399416119268475e-06,1.6040312137538543e-08,7.402571481499779e-12,0.00014689936614320498,520.8561257562058,6.109726059101056,262.43433714545995,1.0419776045756939,9.999999999999998,3.054863029550528,340.0000000146043,0.0006190573231741325,0.0006891125994501151,2.7360744918831685e-06,2.6605943209257318e-09,0.00030952866158706627
17,24,348.0000000000001,19.999999998226738,3.171583144551173e-08,1.2179206755360467e-10,3.826210646579918e-09,9.999999999113369,418.00000000000006,19.975156284909964,9.853818040246248e-11,3.7839678725762497e-13,1.1872918956112193e-11,9.987578142454982,520.8142453007341,6.10210669775932,271.6798468497033,1.0432786640740757,9.999999999999998,3.05105334887966,340.0000017771555,7.686034576614986e-05,0.0018558746270658153,7.126750195369936e-06,8.604264397380869e-10,3.843017288307493e-05
18,24,352.95970745550335,6.090234722058927,24.465355508382025,0.10360184705540738,0.9911089689529267,3.0451173610294635,420.2580849798268,4.8046707647978595,7.897882298440875,0.03344464762281288,0.2524120796228008,2.4023353823989297,520.7881335265839,6.09315090375793,246.7301493232296,1.0448120888897534,9.999999999999998,3.046575451878965,347.87031647907344,7.2370889845464275,23.591258559664688,0.09990036565401977,1.135666636834234,3.6185444922732137
19,24,351.9784316906851,5.545020647882144,21.57734898257348,0.09532513628448691,0.830291285163634,2.772510323941072,420.01021366254645,5.149411289099119,12.575950931788423,0.05555845796663632,0.4493943843345584,2.5747056445495593,520.8538386112493,6.100331026596588,236.22038432199318,1.0435823393714345,9.999999999999998,3.050165513298294,347.1923850644287,7.382444980105535,29.18554976468661,0.12893690096514393,1.4951932355800068,3.6912224900527675
20,24,348.00000000000006,19.999999999575735,3.676513121216824e-08,1.4803489614035137e-10,4.650653421795903e-09,9.999999999787867,418.00000000000006,19.96092519746403,2.1401401034723007e-10,8.61727967499993e-13,2.701909090234533e-11,9.980462598732014,520.8514296442139,6.0851121234562155,259.8265669101985,1.0461923452710262,9.999999999999998,3.0425560617281078,349.8713058083516,9.999999998836019,2.6552129407713985e-08,1.0691221789724434e-10,1.6793731914293943e-09,4.9999999994180095
0,25,348.00000000000057,0.006828990099826626,7.40239040626614e-05,2.9452864591863205e-07,3.1593948136633516e-09,0.003414495049913313,418.00000000000006,19.960375268109892,2.4175107758748915e-10,9.618868179519438e-13,3.015869548060962e-11,9.980187634054946,520.8005842621803,6.0857491430116495,262.9120684133634,1.0460828361593257,9.999999999999998,3.0428745715058247,340.00000001056196,0.0017065529163655668,0.000110503669666424,4.3967548872241314e-07,1.1786148029038173e-09,0.0008532764581827834
1,25,348.0000000000376,19.99999999984047,1.3330919139666055e-07,4.959354339548549e-10,1.5580271159550105e-08,9.999999999920234,418.00000000000006,19.98016503875087,2.5700531282197693e-10,9.561084273913258e-13,3.000724294687652e-11,9.990082519375434,520.757779649963,6.091566927352844,280.922198034593,1.0450837690200527,9.999999999999998,3.045783463676422,349.99443925818645,1.7310242522922733e-07,2.7492995676489276,0.010227914968720015,2.7810585893984553e-09,8.655121261461366e-08
2,25,348.00000000000045,0.0067887092044180974,0.00010469495064063316,4.196221036555131e-07,4.474715616936014e-09,0.0033943546022090487,418.00000000000006,19.971480112904775,9.743334325716478e-11,3.905172523945318e-13,1.2250966555654478e-11,9.985740056452387,520.7946876240059,6.1088299569850815,260.00964980798545,1.0421304519037147,9.999999999999998,3.0544149784925407,340.00000000802174,0.002903949701421382,6.259166257547043e-05,2.5087021829132324e-07,1.1443478935523292e-09,0.001451974850710691
3,25,348.00000000000017,19.999999999823178,3.4866394676500515e-08,1.345863042895092e-10,4.228153448259844e-09,9.999999999911589,418.00000000000006,19.9701089436079,1.4490867584073723e-10,5.593558875772115e-13,1.7546420167917233e-11,9.98505447180395,520.8769337769774,6.084352884921431,271.06403732940447,1.0463228948230245,9.999999999999998,3.0421764424607156,340.000001551277,5.8886585732054186e-05,0.0029456271020116883,1.1370291340789709e-05,1.0517386749515644e-09,2.9443292866027093e-05
4,25,348.0000000000012,0.011861431976750936,6.181027416635248e-05,2.424123339039606e-07,4.516600856165436e-09,0.005930715988375468,418.00000000000006,19.95575384291423,2.465366664831441e-10,9.668866466153718e-13,3.0308439591970985e-11,9.977876921457115,520.830511336906,6.093223098499113,266.40293196971675,1.044799709573073,9.999999999999998,3.0466115492495565,340.00000000933716,9.999999996534944,2.716763743948866e-08,1.0654815056536584e-10,1.6736544347687318e-09,4.999999998267472
5,25,348.00000000000193,0.012076017079269974,6.705852971801661e-05,2.5775086393139134e-07,4.889266670836089e-09,0.006038008539634987,418.00000000000006,19.970617922368316,8.699133674067295e-11,3.343659977894042e-13,1.048898554195091e-11,9.985308961184158,520.8412819715444,6.092886201551253,271.8384928691754,1.0448574801963268,9.999999999999998,3.0464431007756265,340.00000000998364,0.0007614012346515153,0.0002866679421973516,1.10185699080351e-06,1.3178278614990723e-09,0.00038070061732575766
6,25,348.00000000001677,0.01101317669639812,6.122826225906103e-05,2.486250468062651e-07,4.301078430920387e-09,0.00550658834819906,423.99995182511907,0.00015769428119871698,2.5810663596942093e-06,1.0480744035718288e-08,2.5961389653258264e-12,7.884714059935849e-05,520.8402986691517,6.115885332670407,256.34676704097416,1.04092823481635,9.999999999999998,3.0579426663352036,349.88189173450485,7.63568752990551e-05,0.0023889631159749614,9.70068469385341e-06,1.1635107856127542e-09,3.817843764952755e-05
7,25,348.0000000000374,19.999999999736673,2.829101956660651e-07,1.0780352044909642e-09,3.3867474786953926e-08,9.999999999868336,418.00000000000006,0.01108310156655179,1.4906273474191643e-07,5.680066614465937e-10,9.888595661863501e-12,0.005541550783275895,520.9983577119793,6.122934982593444,272.85764768006123,1.0397297606089118,9.999999999999998,3.061467491296722,340.00000712941574,0.0009093936329573893,0.000760113276123844,2.8964275010777026e-06,4.137466101637021e-09,0.00045469681647869464
8,25,348.00000000001023,19.999999972380753,1.3432502651859732e-08,5.074763148323315e-11,1.5942838603464276e-09,9.999999986190376,418.00000000000006,19.968839691358024,2.1257366731973423e-10,8.03097562068058e-13,2.5190745197586878e-11,9.984419845679012,520.7997868441321,6.094127694059259,276.5092921619795,1.0446446223766817,9.999999999999998,3.0470638470296296,349.9980716511054,4.711422442192138e-08,1.367002204171998,0.00516449733099315,3.8220818271778816e-10,2.355711221096069e-08
9,25,348.0000000000003,19.999999999448626,2.5711047975278175e-08,1.0292289706174117e-10,3.2334181728643045e-09,9.999999999724313,418.00000000000006,19.965702411860857,1.9379568872810545e-10,7.757759909728545e-13,2.4329926977334345e-11,9.982851205930428,520.784809992664,6.101095315679662,260.6634203293772,1.0434516089782837,9.999999999999998,3.050547657839831,340.00000142765276,7.810156656340439e-05,0.001974059980553419,7.902282799501646e-06,9.694651232286358e-10,3.9050783281702195e-05
10,25,348.0000000001397,19.999999999799947,6.247106233802085e-08,2.4904426762762325e-10,7.823956415897654e-09,9.999999999899973,418.00000000000006,19.977411085408253,4.6885851458105634e-11,1.8691298181069763e-13,5.865412349580191e-12,9.988705542704126,520.8279696693386,6.116197652078924,261.09644145442684,1.0408750805350302,9.999999999999998,3.058098826039462,340.00000241772415,6.174714709672458e-05,0.00398113764106614,1.587102045390784e-05,1.539365060714341e-09,3.087357354836229e-05
11,25,348.00000000000045,0.003773020428280205,0.000161088896107639,6.083565892094725e-07,3.6055145290726044e-09,0.0018865102141401024,418.00000000000006,19.967369803400388,1.40818954772533e-10,5.31806605492026e-13,1.667993929289885e-11,9.983684901700194,520.9833233692427,6.095482680914489,276.55365999889364,1.0444124045514815,9.999999999999998,3.0477413404572444,340.00000000599624,0.001975572024605299,9.031316471222953e-05,3.4107011825528183e-07,1.058416048794824e-09,0.0009877860123026494
12,25,348.00000000000006,0.03480293100401255,3.822051627214799e-05,1.4771573597120341e-07,8.075370559248623e-09,0.017401465502006275,418.00000000000006,19.93647521992355,3.9414812577348604e-10,1.52331486225183e-12,4.770434460507086e-11,9.968237609961776,520.8198514547954,6.080912579695411,270.8826250883224,1.04691485697936,9.999999999999998,3.0404562898477057,349.9533601051609,9.999999990643559,5.438341526281866e-08,2.1018256668680435e-10,3.30154003399049e-09,4.9999999953217795
13,25,348.00000000000006,19.999999999871452,4.5784562133078705e-08,1.7485812244266226e-10,5.493329928828415e-09,9.999999999935726,418.00000000000006,19.979244003904356,7.005989277102273e-11,2.6756925779627447e-13,8.397212467300964e-12,9.989622001952178,520.8986491880988,6.081078834582928,274.114963528697,1.0468862346384036,9.999999999999998,3.040539417291464,340.0000017216309,5.2786302315865896e-05,0.003514514332289198,1.3422458331165702e-05,1.112943665975125e-09,2.6393151157932948e-05
14,25,348.00000000000006,19.999999998764583,1.787560197282628e-08,6.620104846747425e-11,2.0797672751251203e-09,9.999999999382291,418.00000000000006,0.004342070542268317,1.5710817036100747e-07,5.818391803820645e-10,3.9684390512705905e-12,0.0021710352711341585,520.8781083542544,6.063793180771962,283.48595744558196,1.0498705239259747,9.999999999999998,3.031896590385981,340.00000101586346,0.0016219381104267683,9.265649260271441e-05,3.431468751062506e-07,8.742471069329674e-10,0.0008109690552133841
15,25,348.00000000000165,0.009604876111321659,7.867849736503386e-05,3.125904169899343e-07,4.716146684556835e-09,0.004802438055660829,418.0032349551781,0.00019582461076506075,4.025144425984643e-06,1.5991937018390817e-08,4.9191290907590086e-12,9.791230538253037e-05,520.8929303652003,6.095329647725343,262.88349621495064,1.044438626227796,9.999999999999998,3.0476648238626716,340.00000000962456,0.00031556182997327653,0.0006463689607124696,2.5680300174143314e-06,1.2729297563407538e-09,0.00015778091498663827
16,25,348.00000000891214,0.07507533602604255,0.00010480138159340247,4.135395539364103e-07,4.8767918181953e-08,0.037537668013021275,423.99956277047477,0.0013838760188547572,4.714721730924105e-06,1.8603990633491755e-08,4.0441119817784045e-11,0.0006919380094273786,520.949574258743,6.0879652392067936,265.0073455038495,1.0457020488023139,9.999999999999998,3.0439826196033968,340.00000001245974,9.999999994849157,1.5793639341686977e-07,6.232069147459537e-10,9.789311320118923e-09,4.999999997424578
17,25,348.00000000000006,19.999999998594355,1.4861180863661826e-07,6.029564797266078e-10,1.8942436470103423e-08,9.999999999297177,418.00000000000006,19.91757229561981,2.4119672153316476e-10,9.785973770956544e-13,3.061683732209379e-11,9.958786147809905,520.8688475262945,6.092845021132611,257.5297133657137,1.044864542195821,9.999999999999998,3.0464225105663054,340.00000567693564,0.0283324196007797,2.8747558365644093e-05,1.1663626700935622e-07,5.1908341540947385e-09,0.01416620980038985
18,25,353.5122057868766,5.7642618577262885,40.65290113522588,0.19734845476804297,1.7868879037012144,2.8821309288631443,420.7171423246274,5.96965032152586,38.908020591324444,0.18887797739796935,1.7711285879633472,2.98482516076293,520.8454587880705,6.0631207417678095,216.29262910312866,1.0499869613052824,9.999999999999998,3.0315603708839047,347.85764484999936,9.7649866743112,57.301006944138194,0.2781662528699562,4.26673796576621,4.8824933371556
19,25,351.7820487447261,6.782277817303307,62.71749493291808,0.3347003645927838,3.565756133804561,3.3911389086516537,420.03379969821583,6.729362489187329,46.122981188758644,0.24614150543632635,2.601828415657392,3.3646812445936645,520.7884927398693,6.038974114508153,197.53746350591672,1.0541852975295143,9.999999999999998,3.0194870572540764,346.44421253186937,8.696576749581377,68.585816184239,0.3660174518658884,4.999999999999999,4.348288374790688
20,25,349.44581778970496,4.2760126671142045,6.02584834731283,0.024890771507917214,0.1671849648437329,2.1380063335571022,419.62254777114396,19.921148238192853,8.373586142212759e-23,3.458849399365069e-25,1.0823454534263325e-23,9.960574119096426,520.772887211342,6.0921931160843625,252.9800656193045,1.044976349628188,9.999999999999998,3.0460965580421813,345.7691983929193,1.135096091949995,15.069864579493336,0.062248588793426256,0.11098953085613984,0.5675480459749975
0,26,348.00000000000006,0.5667403817983327,6.628169512008012e-07,2.5552601536394638e-09,2.274778726526153e-09,0.2833701908991664,418.00000000000006,19.999999999999957,8.285057893162475e-12,3.1940158239224894e-14,1.0034296647884421e-12,9.999999999999979,520.8664876159712,6.109577335210799,270.28842060761787,1.0420029691720334,9.999999999999998,3.0547886676053997,349.91512186906033,0.0006136074114522216,0.00017588822424981958,6.780758550392112e-07,6.535649507578032e-10,0.0003068037057261108
1,26,348.0000000000011,0.01244359327040101,8.86290714357413e-05,3.5349861028728046e-07,6.909607773738873e-09,0.006221796635200505,418.00000000000006,19.956708371800815,2.0642773356416624e-10,8.233406461060869e-13,2.581002016931066e-11,9.978354185900407,520.8370325257525,6.0914684910401355,262.0273407432186,1.0451006572618364,9.999999999999998,3.0457342455200678,340.0000000083809,9.999999995169835,3.415949738468037e-08,1.3624575613828332e-10,2.140143331800362e-09,4.999999997584918
2,26,348.00000000000006,19.99999999946048,4.93083928957678e-08,1.8676695766777972e-10,5.867457021265846e-09,9.99999999973024,418.00000000000006,19.957199547103595,2.4605081631216886e-10,9.319744509101976e-13,2.92161835006246e-11,9.978599773551798,520.8315785510755,6.094204675038021,275.79341365977,1.0446314265997465,9.999999999999998,3.0471023375190107,340.0000021050927,0.0032671967077551045,9.175697606949672e-05,3.475507973160097e-07,1.7836656510770237e-09,0.0016335983538775523
3,26,348.00000000000006,19.99999999953714,3.7642308985655586e-08,1.4804162616008e-10,4.650864851592303e-09,9.99999999976857,418.00000000000006,19.957995689104326,2.2969491990136105e-10,9.03356100601186e-13,2.8320165260457226e-11,9.978997844552163,520.8300697157109,6.101989823206562,265.2778886286865,1.0432986465274716,9.999999999999998,3.050994911603281,340.00000168600695,9.99999999733221,2.59473448223972e-08,1.0204706420926037e-10,1.6029515357734578e-09,4.999999998666105
4,26,348.00000000000006,0.006536804492050408,6.964968794156669e-05,2.67709238348121e-07,2.7488353767104957e-09,0.003268402246025204,418.00000000000006,19.96064025672656,2.527958331665237e-10,9.716594855581552e-13,3.0465509060663886e-11,9.98032012836328,520.7783904033222,6.10393734294178,271.34752991006343,1.0429657720909102,9.999999999999998,3.05196867147089,340.0000000108049,0.0010166246444711646,0.00016889300171736194,6.491661081097131e-07,1.0366600167088586e-09,0.0005083123222355823
5,26,348.0000000000008,0.007301716639450007,8.783126632786118e-05,3.359585583899518e-07,3.853279936371743e-09,0.0036508583197250033,418.00000000000006,19.964682381421987,1.8366552779574122e-10,7.025289344440836e-13,2.2031623346810762e-11,9.982341190710994,520.9003726394412,6.077444601078877,273.8561822990238,1.0475122591073351,9.999999999999998,3.0387223005394386,340.00000000795546,0.0028257907715456554,6.976705655787179e-05,2.668621406049083e-07,1.1845321287961143e-09,0.0014128953857728277
6,26,348.00000000000006,19.999999998863938,2.97103819650001e-08,1.150139725161417e-10,3.6132705109636463e-09,9.999999999431969,423.9999819445033,5.623619782940681e-05,5.959228213205439e-06,2.3069192134198945e-08,2.0378312282049867e-12,2.8118098914703404e-05,520.8614969270687,6.100203820555205,269.5835625944701,1.0436041009358272,9.999999999999998,3.0501019102776024,340.0000012982286,6.159955751172674e-05,0.0024318811985139907,9.41422825387795e-06,9.109241024616478e-10,3.079977875586337e-05
7,26,348.0000000000007,19.99999999919117,2.3483975932420978e-08,9.196797075115032e-11,2.8892590126569024e-09,9.999999999595586,418.00000000000006,0.006315464838262841,1.2456784181112292e-07,4.878327104910399e-10,4.8394512137171355e-12,0.0031577324191314204,520.7440852117262,6.098325016997304,266.56589171823373,1.0439256198926576,9.999999999999998,3.049162508498652,349.79375913356495,9.623940185043978e-05,0.0018709802185994853,7.327134660472268e-06,1.1076612565440718e-09,4.811970092521989e-05
8,26,348.00000000000057,19.999999999626223,4.528505997355365e-08,1.7503991331861526e-10,5.4990410575647875e-09,9.999999999813111,418.00000000000006,0.01002795392366096,9.959854200062237e-08,3.849773008720899e-10,6.064113623809385e-12,0.00501397696183048,520.8714668085752,6.090604561718596,270.4192333341009,1.0452489008545076,9.999999999999998,3.045302280859298,340.00000209351873,6.345420313458305e-05,0.004085395332870929,1.579123987813251e-05,1.5739701882765067e-09,3.172710156729153e-05
9,26,359.1838197246893,0.013964227844539323,5.855495292123057e-05,2.2541148565188743e-07,4.944391426475514e-09,0.0069821139222696615,418.00000000000006,0.015546301443492894,1.1340121670242318e-07,4.3654610680007424e-10,1.0660487884404885e-11,0.007773150721746447,520.8157382624811,6.098783330933282,271.1593056167129,1.0438471705309145,9.999999999999998,3.049391665466641,340.00000033519007,7.000411243218707e-05,0.004742607345402258,1.8257006696406553e-05,2.007580670479847e-09,3.5002056216093536e-05
10,26,348.00000000000153,0.00015675489927957642,0.003898036756599496,1.525288214859348e-05,3.755717476436607e-09,7.837744963978821e-05,418.00000000000006,19.95989072583351,2.256330035468811e-10,8.828940892122415e-13,2.7681310427451677e-11,9.979945362916755,520.8592852356876,6.088770721204154,267.2049613609385,1.0455637131326883,9.999999999999998,3.044385360602077,340.00000039470723,0.0009644380338276193,0.0002148517369015758,8.407073680955173e-07,1.2736176228002468e-09,0.00048221901691380964
11,26,348.0000000000089,19.99999999985217,3.23550934132905e-08,1.2784229212700616e-10,4.016284057613142e-09,9.999999999926086,418.00000000000006,19.98297860831546,3.336446091838067e-11,1.3183053143761312e-13,4.138053519518414e-12,9.99148930415773,520.8855114482069,6.0967176621241315,264.2726069954748,1.0442008432218908,9.999999999999998,3.0483588310620657,340.00000148895793,6.736264139561854e-05,0.002109757737474472,8.336130004206129e-06,8.820708380014949e-10,3.368132069780927e-05
12,26,348.0000000000016,19.999999999964274,6.410395945171398e-09,2.491647195450519e-11,7.827740524550979e-10,9.999999999982137,418.00000000000006,19.968367151738242,8.554428910453164e-11,3.325008156394241e-13,1.0429299643409178e-11,9.984183575869121,520.7926104283052,6.099486987715808,268.525244314798,1.0437267489048099,9.999999999999998,3.049743493857904,349.99866783076294,3.930171156498342e-08,0.7012037216465964,0.0027254982397713562,1.682585906686466e-10,1.965085578249171e-08
13,26,348.00000000000017,0.00523504624034743,8.881100373466354e-05,3.5220407923988615e-07,2.896241557189948e-09,0.002617523120173715,418.00000000000006,19.972527545286972,3.515547078576793e-11,1.3941853709185557e-13,4.373946102922668e-12,9.986263772643486,520.8896571660748,6.1080634105136,262.81429442524797,1.0422612366331847,9.999999999999998,3.0540317052568,349.7034665494022,5.3609030544521374e-05,0.0023576883367067464,9.350051399546478e-06,7.873572465507938e-10,2.6804515272260687e-05
14,26,348.00000000000045,19.99999999957363,5.8489996592043064e-08,2.22359321600163e-10,6.985624111813901e-09,9.999999999786816,418.00000000000006,19.999999999997915,5.37267592983513e-11,2.0425109327125275e-13,6.416737341085844e-12,9.999999999998957,520.7315784258881,6.113315048990226,273.9236947920503,1.0413658829389723,9.999999999999998,3.056657524495113,340.00000425367665,8.766226015488598e-05,0.0038153397635131508,1.4504640296120705e-05,1.997282532339275e-09,4.383113007744299e-05
15,26,348.00000000000034,0.0037581929683092596,9.229572759651065e-05,3.6034615066090156e-07,2.1272515060829296e-09,0.0018790964841546298,418.00000000000006,19.961474731120422,2.2643732302217351e-10,8.840692829652085e-13,2.7720355883449173e-11,9.980737365560211,520.8141405303018,6.085198578456849,267.9582165084422,1.0461774815720513,9.999999999999998,3.0425992892284244,340.00000000851884,0.0009971154687242745,0.00014364086951096044,5.608107303963257e-07,8.78378395671097e-10,0.0004985577343621372
16,26,348.00000000000006,19.999999999149413,1.0588515645006746e-06,4.172501320390499e-09,1.3108299494675015e-07,9.999999999574706,418.00000000000006,19.950362125630193,3.10690938234848e-10,1.224306025018335e-12,3.836724778570584e-11,9.975181062815096,520.835447765672,6.105662462930593,264.59761857433807,1.042671088080452,9.999999999999998,3.0528312314652966,340.00000308749026,9.999999998052504,2.634390794982294e-07,1.0381057590137031e-09,1.6306527127657837e-08,4.999999999026252
17,26,348.00000000000006,19.999999999874486,3.675689727721578e-08,1.4739211150485785e-10,4.630459746978431e-09,9.999999999937243,418.00000000000006,19.97767299280624,6.707733727348607e-11,2.689745627956197e-13,8.440651849266302e-12,9.98883649640312,520.9320205498238,6.076153602372066,261.28590531231777,1.04773482375273,9.999999999999998,3.038076801186033,340.0000025127461,0.000978513955185889,0.0001676596924298093,6.723014702550123e-07,1.033358370711548e-09,0.0004892569775929445
18,26,351.37172477844706,8.143121643867321,136.10399178121355,0.7817883610360001,9.999999999999998,4.0715608219336605,420.536655333319,6.975250169063583,86.13067690170556,0.49473905833818493,5.420706126487117,3.4876250845317913,520.6187132557694,6.067480324849093,182.66418710107732,1.049232528633564,9.999999999999998,3.0337401624245466,345.46582225353734,7.512620040904185,73.76330462980188,0.4237002330088296,4.999999999999999,3.7563100204520925
19,26,350.9740282402404,8.512804600044188,105.80161233283928,0.7478378775007671,9.999999999999998,4.256402300022094,420.0939238121931,6.701264975249656,60.262245228825186,0.42595182220457906,4.483706210801111,3.350632487624828,520.7029999318028,6.08903951058154,147.91634223983988,1.0455175586580818,9.999999999999998,3.04451975529077,345.06951573471315,8.463525260259761,53.208824010258496,0.3760961022688767,4.999999999999952,4.2317626301298805
20,26,349.6895256291557,5.169128234193758,6.85441361183553,0.030027939166211104,0.24381628547517384,2.584564117096879,418.02518107959213,19.999216532138032,2.2290723138414245e-18,9.765160322618973e-21,3.0676954163204495e-19,9.999608266069016,520.896999425252,6.07564198591581,239.18433247047773,1.0478230511991244,9.999999999999998,3.037820992957905,345.79409919697525,3.4379987623813717,5.09531076688174,0.02232162959595508,0.12054563533241727,1.7189993811906858
0,27,348.00000000000057,19.99999999977347,4.7905998045375004e-08,1.875939187950016e-10,5.8934367713782195e-09,9.999999999886734,423.99996220487105,0.00011859447850781635,4.621809238971143e-06,1.8098429057679257e-08,3.3715160117063956e-12,5.9297239253908174e-05,520.881922252124,6.101679844165647,266.4414835617532,1.0433516484420426,9.999999999999998,3.0508399220828233,340.00000199937176,5.7756656012486474e-05,0.0038000399987110165,1.488048311321581e-05,1.3500161034479757e-09,2.8878328006243237e-05
1,27,348.0000000000007,0.005815251892791196,8.790728824631375e-05,3.3997593475082305e-07,3.1055361204232953e-09,0.002907625946395598,418.00000000000006,19.999999999998867,3.659003596874972e-11,1.415096737620451e-13,4.44565751502704e-12,9.999999999999433,520.8547565322029,6.090896676252126,270.25615725700214,1.045198771553138,9.999999999999998,3.045448338126063,340.00000000936154,0.0026135370467965657,6.096921328428394e-05,2.357946160194053e-07,9.680157468405837e-10,0.0013067685233982829
2,27,348.0000000000007,0.004908412225400838,8.619403084603191e-05,3.5020663126619304e-07,2.7001337139288635e-09,0.002454206112700419,423.99996753795733,9.947683230204785e-05,6.882627501358472e-06,2.7964138210642343e-08,4.36961591203166e-12,4.973841615102392e-05,520.7543015948596,6.1213218574237,255.9692131024254,1.040003756044152,9.999999999999998,3.06066092871185,340.00000001082304,0.0017530142288642026,8.270487053646735e-05,3.3603016143450554e-07,9.253021660503805e-10,0.0008765071144321013
3,27,348.00000000000006,19.99999999945853,3.554582747418102e-08,1.3881355835652178e-10,4.3609565513970025e-09,9.999999999729265,418.00000000000006,19.956769248138244,2.546501991341243e-10,9.944599068253677e-13,3.1174348878972313e-11,9.978384624069122,520.8184217827213,6.075686328244534,268.31287959831,1.0478154038467646,9.999999999999998,3.037843164122267,340.0000493641593,0.0011970655789532714,0.00020051509685415953,7.83051516208086e-07,1.4724079541447854e-09,0.0005985327894766357
4,27,348.00000000000006,19.999999997592163,1.378784551235361e-07,5.349541091058319e-10,1.680607898972223e-08,9.999999998796081,418.00000000000006,19.907315891350212,5.296164135716621e-10,2.0548567681310713e-12,6.425606707522254e-11,9.953657945675106,520.8992790337486,6.0873738015847465,269.5442259186993,1.0458036472178658,9.999999999999998,3.0436869007923733,349.6065058594709,0.030987302010052176,3.0109548793018664e-05,1.1682192722362717e-07,5.686276954314736e-09,0.015493651005026088
5,27,348.00000000000006,19.9999999998043,3.8608169478743023e-08,1.4473297779191866e-10,4.546920597588172e-09,9.99999999990215,423.9999694842919,9.934032767955348e-05,5.971217763841157e-06,2.2384695769649563e-08,3.4929845243325966e-12,4.967016383977674e-05,520.8708221293977,6.103404475349602,278.24007685908236,1.043056829903307,9.999999999999998,3.051702237674801,340.00000273420835,0.0015521959834217114,0.0001268716371547907,4.756120295436114e-07,1.1596295213689715e-09,0.0007760979917108557
6,27,348.00000000000006,19.999999998547676,3.70891378053234e-08,1.4495725810207514e-10,4.5539665710492955e-09,9.999999999273838,418.00000000000006,19.970676403093968,1.0511700082067854e-10,4.1083382145087527e-13,1.288780157287449e-11,9.985338201546984,520.7172705237181,6.123060521632524,266.02248303269954,1.0397084433812624,9.999999999999998,3.061530260816262,349.9620366502691,9.999999999225405,2.1548507153214805e-08,8.421906514835831e-11,1.3229099817089413e-09,4.999999999612703
7,27,348.00000000008913,19.999999999931227,2.1284007808347906e-08,8.524602404022067e-11,2.6780828287157528e-09,9.999999999965613,418.00000000000006,19.97490108478005,1.2650479717148824e-10,5.066729479705542e-13,1.5897624386384998e-11,9.987450542390025,520.841835241178,6.100549088551003,260.5496381051264,1.0435450368923933,9.999999999999998,3.0502745442755015,349.9976730854865,5.8924861285285625e-08,1.476208000094851,0.005912460839029343,5.472512006638212e-10,2.9462430642642813e-08
8,27,359.8526065095572,0.021306322095497876,5.197578596634178e-05,1.964214074703572e-07,6.573810546993273e-09,0.010653161047748938,418.00000000000006,19.94551623795894,3.46073819797242e-10,1.3078456729300216e-12,4.097525436440316e-11,9.97275811897947,520.9366322172007,6.055738578146947,278.1795824616827,1.0512669332604951,9.999999999999998,3.0278692890734735,340.00000000760747,0.005238865494252565,8.870993014813059e-05,3.352432101282042e-07,2.7587802986254636e-09,0.0026194327471262824
9,27,348.00000000000006,19.99999999273805,2.677217832385882e-08,1.0546323242584714e-10,3.3132251609257186e-09,9.999999996369025,418.00000000000006,19.99999999999966,1.3316189120203148e-11,5.245626004810289e-14,1.64796201201913e-12,9.99999999999983,520.7759602098689,6.110608160278637,264.4711588033638,1.04182718915911,9.999999999999998,3.0553040801393183,340.0000014066986,7.035691784729181e-05,0.0020570295433817247,8.103225005309623e-06,8.955391597034884e-10,3.5178458923645906e-05
10,27,348.00000000000057,0.011458551369720738,7.535219598034406e-05,2.7730294866608434e-07,4.991189749649641e-09,0.005729275684860369,418.00000000000006,0.01184638838089569,1.281243438335823e-07,4.715092623210022e-10,8.773968527353673e-12,0.005923194190447845,520.7352055737704,6.105269655306645,283.3457470134315,1.0427381726116505,9.999999999999998,3.0526348276533226,340.0000000064298,9.999999997582039,3.749572868509173e-08,1.3798769885182505e-10,2.167505704469177e-09,4.9999999987910195
11,27,348.00000000000097,0.0060020572488390656,0.00010183681992088086,3.8384860048564146e-07,3.6189282441440165e-09,0.0030010286244195328,418.00000000000006,19.963845941038507,2.0259814756348536e-10,7.636433999377253e-13,2.394719713707707e-11,9.981922970519253,520.8331575477456,6.1015292344180905,276.8128801563595,1.043377402465722,9.999999999999998,3.0507646172090452,340.00000001047596,0.0019785944767267694,9.718260557990251e-05,3.663056954486154e-07,1.1384667226290757e-09,0.0009892972383633847
12,27,359.8596065485355,19.99999999916984,7.066415445409367e-08,2.725617250483975e-10,8.562779130262644e-09,9.99999999958492,418.00000000000006,0.021479471136316874,1.0860960475575796e-07,4.189227403589076e-10,1.4134400627271726e-11,0.010739735568158437,520.804596305194,6.10513540925569,270.34548418859634,1.042761101420345,9.999999999999998,3.052567704627845,340.0000024919059,6.113897422288517e-05,0.00798290382668402,3.079119894245619e-05,2.9570905588329517e-09,3.0569487111442584e-05
13,27,348.00000000000006,19.99999999966692,5.0751865904183905e-08,1.9559046210820532e-10,6.144655588611373e-09,9.99999999983346,418.00000000000006,0.009119745058452366,9.821323027792347e-08,3.7849980001651577e-10,5.422108816992198e-12,0.004559872529226183,520.8276432451953,6.095802336938326,270.99020153215776,1.0443576369100733,9.999999999999998,3.047901168469163,340.0000016994588,0.001408911359467524,0.00018816406475699845,7.251575035184196e-07,1.6048553445184192e-09,0.000704455679733762
14,27,348.00000000000006,19.999999998993488,5.377733193429193e-07,2.0942653443395214e-09,6.57932862011363e-08,9.999999999496744,418.00000000000006,0.02200757309719492,1.0712509192341564e-07,4.1718017509406373e-10,1.442167459540048e-11,0.01100378654859746,520.8530771466953,6.106340539867918,267.71126612841533,1.0425553049508627,9.999999999999998,3.053170269933959,340.00002147183915,9.99999999885435,1.8792514116057115e-07,7.318420165276625e-10,1.149574751224121e-08,4.999999999427175
15,27,348.00000000000114,0.006680186002238742,7.537321806199195e-05,2.925850280021841e-07,3.0701566199491022e-09,0.003340093001119371,418.00000000000006,19.963936409468076,1.8095321586935714e-10,7.024272426404335e-13,2.202761116293868e-11,9.981968204734038,520.7947143507271,6.1064767007987415,268.5680696012646,1.042532058272342,9.999999999999998,3.0532383503993707,340.00000001100807,0.0020216065128089156,7.917985176433067e-05,3.0736168285426696e-07,9.76036885463434e-10,0.0010108032564044578
16,27,348.00000000000006,19.999999999727713,2.4077144787847295e-08,9.334172486097518e-11,2.932416770926471e-09,9.999999999863856,418.00000000000006,19.96660650267391,1.9473336668705707e-10,7.54937867206298e-13,2.367747277533919e-11,9.983303251336954,520.856555246638,6.084169975039914,269.9031460828856,1.046354350682658,9.999999999999998,3.042084987519957,349.98133421548835,0.001188964163958417,0.00013532453562357396,5.246230681592472e-07,9.797968186057281e-10,0.0005944820819792085
17,27,348.1449661754694,0.1457328685210164,3.907904941496575e-15,1.687076046036944e-17,3.861998044573745e-18,0.0728664342605082,423.41092855688834,0.16138550886126735,5.856790404107469e-15,2.5284265982285544e-17,6.409656609563666e-18,0.08069275443063367,520.9911512833598,6.082031467931373,242.46038594096228,1.046722260028209,9.999999999999998,3.0410157339656867,349.9999969819575,0.1498269500810546,23.42346546014211,0.10112110730576253,0.023798612223582528,0.0749134750405273
18,27,351.52971476325,7.2825405225595095,262.93733723805497,0.8741726467508016,9.999999999999998,3.6412702612797547,420.23854583095834,7.296355347007461,198.9990085719193,0.6616005617589519,7.582662376979745,3.6481776735037306,520.7515552113302,7.4291341322129165,145.24789454519225,0.4828973235345269,5.635245941675223,3.7145670661064583,345.8080879727547,6.145458646589981,155.79405244168004,0.517959528310252,4.999999999999999,3.0727293232949906
19,27,351.02469392525893,8.615179761409403,94.47484833726612,0.6388702708380907,8.645635065686411,4.307589880704701,420.2510568320118,6.673973852078945,51.05861318227685,0.3452752833847254,3.619677416723839,3.3369869260394727,520.8732212799398,5.997233760624405,156.97578736428497,1.061522358103479,9.999999999999998,2.9986168803122024,345.222300375696,9.055931377111929,51.978115357689504,0.3514932621820555,4.999999999999999,4.527965688555964
20,27,351.2139635062858,2.5770858708337494,8.965503073940075,0.036931676536431875,0.14950227108762598,1.2885429354168747,418.00000000000006,19.975576927239917,6.328397745446965e-11,2.6068625106836276e-13,8.179699230395807e-12,9.987788463619959,520.9318753512179,6.0668866430085755,254.73574084081162,1.0493352024323976,9.999999999999998,3.0334433215042877,347.66595064613324,4.574382228908922,7.251503036945984,0.02987118094263814,0.21463706468361177,2.287191114454461
0,28,348.00000000000006,0.0037077388061703687,6.522092083796946e-05,2.4841806500156147e-07,1.4468122727866225e-09,0.0018538694030851843,418.00000000000006,0.0030118726068728563,1.335675959849764e-07,5.087417245139771e-10,2.4068766484245824e-12,0.0015059363034364281,520.8166606154944,6.092264418387263,274.35010459289026,1.0449641194925459,9.999999999999998,3.0461322091936314,348.9066723135402,0.0007224532053680122,0.00015833788242250286,6.030885467802834e-07,6.844010705507574e-10,0.0003612266026840061
1,28,348.000000001098,19.999999999552752,5.6533038403466105e-08,2.2096263394426769e-10,6.941745875016386e-09,9.999999999776376,418.00000000000006,19.999999999999922,5.555220093060952e-11,2.1712897423670202e-13,6.8213079034350785e-12,9.999999999999961,520.7943456833226,6.102968089549698,266.88398463527636,1.0431314124969537,9.999999999999998,3.051484044774849,349.99438378856155,1.4302801269898738e-07,1.8666265606511496,0.007295817332303853,1.6391357908559146e-09,7.151400634949369e-08
2,28,348.0000000001666,19.999999999657483,2.951500172931094e-08,1.1517816758174711e-10,3.618428851225539e-09,9.999999999828741,418.00000000000006,0.0013301771059772705,1.6226690251118533e-07,6.332238995549147e-10,1.323081642615489e-12,0.0006650885529886352,520.7601964280856,6.10254961070405,267.3261553072607,1.0432029446363396,9.999999999999998,3.051274805352025,349.9968360453752,9.481597345502584e-08,1.4239552196979304,0.005556786153273274,8.27608741155781e-10,4.740798672751292e-08
3,28,348.00000000000006,19.99999999958263,4.6738064602417474e-08,1.7666347977903243e-10,5.550046902198352e-09,9.999999999791315,418.00000000000006,19.962150055565132,1.6890960440841908e-10,6.384551593381054e-13,2.0019701315682884e-11,9.981075027782566,520.9007990150891,6.0846557937310015,276.80125286802405,1.0462708063510975,9.999999999999998,3.0423278968655008,340.00000245592986,9.999999998066617,2.8123020806629842e-08,1.0630116501102144e-10,1.669774795010475e-09,4.999999999033308
4,28,348.00000000000006,0.0039697651192511785,7.227638532529673e-05,2.8186205358188256e-07,1.7576050844110466e-09,0.0019848825596255892,418.00000000000006,19.96765256751336,1.6218850602581984e-10,6.32499607860369e-13,1.9838423132657676e-11,9.98382628375668,520.949407974315,6.07191668547363,268.85253260925873,1.0484659216267274,9.999999999999998,3.035958342736815,349.87790793692875,5.3928154605031864e-05,0.0020094828385289983,7.836542419161284e-06,6.638346615873044e-10,2.6964077302515932e-05
5,28,348.00000000000045,19.999999999877343,3.791798447451546e-08,1.5047954165269564e-10,4.727454225687686e-09,9.999999999938671,418.00000000000006,19.977779119905392,6.30430875957866e-11,2.5018985205188536e-13,7.851213266194967e-12,9.988889559952696,520.9058139734753,6.08019404050651,263.8338216503614,1.047038578253249,9.999999999999998,3.040097020253255,340.0000019254367,6.963962164796555e-05,0.0023874348750447675,9.474662503853671e-06,1.036430127761667e-09,3.481981082398278e-05
6,28,348.00000000238003,19.999999999927528,6.214315105461183e-08,2.431482341898673e-10,7.638727062614497e-09,9.999999999963764,418.00000000000006,19.991029986570773,2.958672326410937e-11,1.1576431827234442e-13,3.635212191652011e-12,9.995514993285386,520.8317507126696,6.127455791228472,265.5351920906177,1.0389626527847173,9.999999999999998,3.063727895614236,349.99636739712673,6.923846586448881e-08,2.169714994195918,0.008489469242883903,9.233106665773695e-10,3.4619232932244404e-08
7,28,348.00000000003405,0.29742171487412605,4.8600168947362884e-05,1.9519524322599702e-07,9.119305823575223e-08,0.14871085743706303,423.9984328145459,0.00478034135919897,6.273724225276812e-06,2.5197466441157004e-08,1.892063303779107e-10,0.002390170679599485,520.9166683565578,6.082893356360595,260.5784337546763,1.0465739493885717,9.999999999999998,3.0414466781802973,340.0000000078407,9.999999975952056,4.3098462030495853e-07,1.7309846778146882e-09,2.7190243671108653e-08,4.999999987976028
8,28,348.00000000000006,19.99999999931765,4.042126774442584e-08,1.5177037177130166e-10,4.768006849730458e-09,9.999999999658826,423.9998997155492,0.00020987196669547403,8.214524883653202e-06,3.084320619034963e-08,1.0167959939869954e-11,0.00010493598334773702,520.850843480724,6.081599133119821,278.79518246653015,1.0467966704688072,9.999999999999998,3.0407995665599103,349.9155002327949,9.999999997150715,3.42386822749129e-08,1.2855652055939294e-10,2.0193611022268966e-09,4.999999998575357
9,28,348.00000000000006,19.999999999576403,1.0394928801472888e-07,4.097867300151286e-10,1.2873829805268454e-08,9.999999999788201,418.00000000000006,19.953898000108712,2.9202630951146044e-10,1.1512200683484338e-12,3.608327736047646e-11,9.976949000054356,520.8878066498136,6.054018812456077,266.7472711015396,1.0515655667566528,9.999999999999998,3.0270094062280384,340.0000011975647,0.0008826272716735417,0.0006112891210166385,2.4098113106819614e-06,3.3410290957271135e-09,0.00044131363583677086
10,28,348.0000000000921,19.999999999814612,4.925270332005789e-08,1.8833500438339873e-10,5.916718661792025e-09,9.999999999907306,418.00000000000006,19.97985785565305,4.433895881096327e-11,1.6954557697582006e-13,5.321067103262452e-12,9.989928927826526,520.8222504359088,6.113656314715575,272.3191157342307,1.041307753651832,9.999999999999998,3.0568281573577876,340.0000019111064,7.303588829188357e-05,0.002762678300482321,1.0564070492743198e-05,1.2119577586259487e-09,3.651794414594178e-05
11,28,348.00000000000045,0.006216944756744169,8.324877974356265e-05,3.210059098504667e-07,3.134800543041343e-09,0.0031084723783720847,418.00000000000006,19.99999999999879,3.8924595789019446e-11,1.5009259385308923e-13,4.715297902070731e-12,9.999999999999394,520.9459647766995,6.0718916199358555,271.90735814232903,1.0484702498268679,9.999999999999998,3.0359458099679277,340.0000000069991,0.0017592042854737144,9.375381870592662e-05,3.615131653383648e-07,9.989879945972043e-10,0.0008796021427368572
12,28,348.00000000000006,19.99999999983385,4.107986545787908e-08,1.6417400779000829e-10,5.157678567791988e-09,9.999999999916925,418.00000000000006,19.97809780921023,5.038734104770324e-11,2.0137095459003791e-13,6.319327173537649e-12,9.989048904605115,520.8858881478099,6.084190723233128,261.8194557248749,1.0463507824246552,9.999999999999998,3.042095361616564,349.9614674352674,0.003546621116631954,5.638879011547101e-05,2.253555011561238e-07,1.2554598739167053e-09,0.001773310558315977
13,28,348.00000000000125,0.002813330284862303,0.00017596113595320695,6.723524503738422e-07,2.971239023418106e-09,0.0014066651424311516,418.00000000000006,19.967764126565946,1.7228648560061203e-10,6.583115080063679e-13,2.0648131717286994e-11,9.983882063282973,520.7096789969474,6.1272992114709846,271.9135183999347,1.0389892029032275,9.999999999999998,3.0636496057354923,340.000000012394,0.002890242743168514,5.64078144535464e-05,2.155358458140469e-07,9.785290078880047e-10,0.001445121371584257
14,28,348.0000000000012,0.0066746282334655405,9.360617357537717e-05,3.4693741706282047e-07,3.6374589349638496e-09,0.0033373141167327702,423.9999501424543,0.0001228361542460199,4.531494096629136e-06,1.679531164740911e-08,3.24066512175483e-12,6.141807712300995e-05,520.8050143721625,6.105256987404781,281.3387317268051,1.0427403362068715,9.999999999999998,3.0526284937023904,340.00000001098755,0.0006660398169273662,0.0002531962747536306,9.384344880011176e-07,9.818022652078404e-10,0.0003330199084636831
15,28,348.0000000000111,19.99999999971443,3.929124914025998e-08,1.613165024381608e-10,5.067907389552897e-09,9.999999999857215,418.00000000000006,19.983768612959697,3.347346799882071e-11,1.3743067222855235e-13,4.314007942174229e-12,9.991884306479848,520.9844794504742,6.072644686669435,255.34025665806644,1.0483402293651036,9.999999999999998,3.0363223433347173,340.00000172242835,6.041686875235541e-05,0.0026301107250928327,1.0798339897072142e-05,1.02479048345994e-09,3.0208434376177706e-05
16,28,348.0000000000009,19.999999998812537,2.555209280185218e-07,9.907192439577534e-10,3.112436298402917e-08,9.999999999406269,418.00000000000006,0.027508084914064312,1.0730653405351068e-07,4.160545639592971e-10,1.797755076269942e-11,0.013754042457032156,520.9565300077483,6.051191427703099,271.34080444871745,1.0520569047825155,9.999999999999998,3.0255957138515495,340.00000104923555,5.392351823019226e-05,0.025677916845462518,9.955977602626216e-05,8.432998204847136e-09,2.696175911509613e-05
17,28,353.2857813661859,6.3080696788639585,25.751858381989567,0.11441190297861616,1.1336723856321207,3.1540348394319793,420.84873509261473,3.9234177383983426,6.974049575009367,0.03098472628686399,0.19095546511412453,1.9617088691991713,520.8965246680837,6.075251798956725,235.85940926583376,1.0478903483093573,9.999999999999998,3.0376258994783627,348.2958503121062,7.503889638915485,29.629157477183124,0.13163820025464554,1.5516302977878074,3.7519448194577425
18,28,351.70468695994373,7.241875183892917,159.1565550312798,0.8790813928739409,9.999999999999998,3.6209375919464586,420.44901266438956,6.9534293941466965,83.87576571603167,0.463277336830558,5.060110275210867,3.4767146970733482,520.9253151256258,7.4916905861776275,153.84937391314543,0.8497678395072767,9.999999999995842,3.7458452930888138,346.1415741305282,6.105017216083097,94.39710531843522,0.5213906446409897,4.999999999999999,3.0525086080415487
19,28,351.9243271386352,5.7973968741130815,31.384822506829885,0.14271401799464908,1.2996294455909188,2.8986984370565407,419.9831835223505,5.918777684376049,14.2095086325526,0.06461390916707997,0.600728064502523,2.9593888421880243,520.870187399,6.065785400306094,230.80548470423378,1.0495257091282126,9.999999999999998,3.032892700153047,346.76851303171685,7.693257085422458,32.521792957576714,0.14788408455570598,1.7871111308690082,3.846628542711229
20,28,348.00000000000006,19.999999999479027,2.6514831537501964e-08,9.927309099641436e-11,3.1187561336536245e-09,9.999999999739513,418.00000000000006,19.960190135921692,2.435324449791576e-10,9.117998180301807e-13,2.8588018349000924e-11,9.980095067960846,520.8765445271201,6.074053341673031,279.93606220916007,1.0480971051074626,9.999999999999998,3.0370266708365157,340.00000131723164,9.99999999779668,2.1385087821644826e-08,8.006702838303116e-11,1.2576899405373714e-09,4.99999999889834
0,29,348.00000000000045,0.005463750487436414,0.00013511270290558837,5.213012626233617e-07,4.474036389361527e-09,0.002731875243718207,423.99995681317665,0.00014323243566727317,3.7933760291520307e-06,1.4635868212805602e-08,3.2929091165816866e-12,7.161621783363659e-05,520.928944382016,6.087715532792195,271.0398683558758,1.0457449414946445,9.999999999999998,3.0438577663960973,340.0000000071851,0.0033280554796188966,5.732064621764846e-05,2.2115851881467505e-07,1.1561497967119359e-09,0.0016640277398094483
1,29,348.00000000000006,19.999999999536204,2.8107971252587475e-08,1.0870952981389813e-10,3.4152106023062313e-09,9.999999999768102,418.00000000000006,19.96971595434392,1.3505765055827053e-10,5.223448379828477e-13,1.6385099077181046e-11,9.98485797717196,520.8374638370165,6.098304046396787,269.918674712923,1.0439292097017223,9.999999999999998,3.0491520231983933,340.0000016336199,0.000817055737089234,0.0001799290675304657,6.95888157680162e-07,8.931224512403907e-10,0.000408527868544617
2,29,348.00000002847327,19.999999999896456,1.3162936979626267e-07,5.334034073998383e-10,1.6757362260784198e-08,9.999999999948228,423.9999104634295,19.991769395878315,5.0775691177310835e-11,2.0575899382470869e-13,6.461449257809759e-12,9.995884697939157,520.8776701395857,6.1183385669764565,256.7696172519283,1.0405108599313495,9.999999999999998,3.0591692834882283,349.9945915464519,1.3786377066517122e-07,2.259238197426021,0.009155140334563269,1.9825996965154306e-09,6.893188533258561e-08
3,29,348.00000000000716,19.999999999867814,4.3121344257391267e-08,1.6535239848328565e-10,5.194698803251089e-09,9.999999999933907,418.00000000000006,19.981539617311842,4.118140363871352e-11,1.5791353404764062e-13,4.9564208867530516e-12,9.990769808655921,520.8818440055087,6.119136968630083,271.3137104210519,1.0403750980427948,9.999999999999998,3.0595684843150415,340.0000020089473,7.025991110332086e-05,0.0024952817962605313,9.568366594523264e-06,1.0560033092202207e-09,3.512995555166043e-05
4,29,348.00000000000006,19.999999998200163,1.8828583055362985e-08,7.219976215715317e-11,2.268222423634306e-09,9.999999999100082,423.99932831932784,0.00466577835221571,6.788474202618979e-08,2.6030966929264315e-10,1.907806311671971e-12,0.002332889176107855,520.828916893325,6.067707896595133,273.613378763387,1.0491931767592464,9.999999999999998,3.0338539482975664,340.0000011251911,0.0005655914860600575,0.00023218951978582896,8.903499564798918e-07,7.910127471004906e-10,0.00028279574303002875
5,29,348.0000000000005,19.999999999739856,4.315968476778e-08,1.6692507746563024e-10,5.2441059705911e-09,9.999999999869928,418.00221960796375,19.999999999999982,3.5005200156301475e-11,1.353866641804732e-13,4.253297495834026e-12,9.999999999999991,520.8092355634845,6.10346955942775,269.68700335201663,1.0430457073128576,9.999999999999998,3.051734779713875,340.00000179134224,0.0008536827214946641,0.0002560585544152846,9.903361032751867e-07,1.328002767953982e-09,0.00042684136074733203
6,29,348.00000000000006,1.3603688390873003e-05,2.9638600512615267e-05,1.1676298610782811e-07,2.4950643186771584e-12,6.801844195436502e-06,418.00000000000006,5.537886611957366e-10,2.6296380503901234e-06,1.0359611649532134e-08,9.011714236531156e-18,2.768943305978683e-10,520.8825598967059,6.094981545670868,265.13082787886395,1.0444982771436908,9.999999999999998,3.047490772835434,340.000022111598,1.0545878310303666e-12,13.341975981968336,0.05256148837292327,8.707034940618141e-14,5.272939155151833e-13
7,29,359.8972177167345,0.002580080675041785,0.00013066938686631175,4.943285577560442e-07,2.0034055088242404e-09,0.0012900403375208924,418.00000000000006,19.97770002710151,8.498204417723437e-11,3.2149114908048266e-13,1.0088680899451617e-11,9.988850013550755,520.9260706475928,6.081964587779782,276.6905893432984,1.04673377027994,9.999999999999998,3.040982293889891,349.973927712207,9.999999999944706,1.9543690737717896e-08,7.39347194265972e-11,1.1613638569726799e-09,4.999999999972353
8,29,348.00000000000006,0.011057905231133702,5.004978241371009e-05,1.8812308593469513e-07,3.2676447486352264e-09,0.005528952615566851,418.00000000000006,19.957716102109696,2.93133454978985e-10,1.1018063911950159e-12,3.454108733252395e-11,9.978858051054848,520.9174124127804,6.059403581288844,279.51836239437506,1.050631079160057,9.999999999999998,3.029701790644422,349.97161296279774,9.999999977927446,2.603298597895539e-08,9.785068830017924e-11,1.5370350141701105e-09,4.999999988963723
9,29,348.0000000277888,19.999999997059895,5.630985199447256e-07,2.2139601431358693e-09,6.955360919993779e-08,9.999999998529947,418.00000000000006,19.959850901326362,5.400523615712794e-10,2.1233485107412123e-12,6.657304960593803e-11,9.979925450663181,520.9529636776035,6.092418582842257,265.7694003210083,1.0449376773954084,9.999999999999998,3.0462092914211283,340.0000256798594,9.999999990422184,2.5789729386870405e-07,1.0139865572794558e-09,1.59276635806845e-08,4.999999995211092
10,29,348.000000000011,0.12476238953447805,3.5025237669196475e-05,1.3598266165721445e-07,2.6649379331273276e-08,0.06238119476723902,418.00000000000006,19.846130395872862,8.67961399104828e-10,3.3697901604760765e-12,1.0505060922443814e-10,9.923065197936431,520.8923316642873,6.09548590437291,269.01057019584835,1.0444118522378494,9.999999999999998,3.047742952186455,340.00000000680154,0.06170797179130538,2.5150646612843315e-05,9.76453579306404e-08,9.464828543303208e-09,0.03085398589565269
11,29,348.00000000000034,0.006068974543612882,7.094181566773397e-05,2.746063969929242e-07,2.617856537294344e-09,0.003034487271806441,418.00000000000006,19.96045562327219,2.4738541518592617e-10,9.575962624213416e-13,3.0024291626990386e-11,9.980227811636095,520.8782320917778,6.073256491396656,270.8009287391609,1.0482346221823722,9.999999999999998,3.036628245698328,340.00000000827777,0.0009308562247660745,0.0001762216393278213,6.821306868525675e-07,9.974016257761535e-10,0.0004654281123830373
12,29,348.00000000000006,0.009897570468723416,5.4439754966616484e-05,2.170917220556495e-07,3.375139620988193e-09,0.004948785234361708,418.00000000000006,19.966453367429946,1.4793958182309245e-10,5.899449510355482e-13,1.8502580135699604e-11,9.983226683714973,520.8575103174644,6.088393809642753,262.2106248092423,1.0456284403931093,9.999999999999998,3.0441969048213764,349.9712493119129,9.999999999266812,1.9669772550593055e-08,7.843798705688017e-11,1.232101019410994e-09,4.999999999633406
13,29,348.00000000000017,19.99999999954749,2.865354894894083e-08,1.1282374868750962e-10,3.544462600191218e-09,9.999999999773745,418.00000000000006,0.002891821553163254,6.658722139126067e-08,2.621881130827552e-10,1.1909797171020541e-12,0.001445910776581627,520.902609219595,6.0768813259771175,266.05857604980986,1.0476093545651355,9.999999999999998,3.0384406629885587,340.0000014408505,6.761984568370849e-05,0.001949390302043377,7.675751507205197e-06,8.152953378960101e-10,3.3809922841854245e-05
14,29,359.8835073872656,0.008565441149052333,5.9488678303709496e-05,2.4109888050353273e-07,3.243880196141663e-09,0.0042827205745261665,423.99994659485515,0.00015766357140123421,5.831511275540484e-06,2.3634259161022034e-08,5.853198201637923e-12,7.883178570061711e-05,520.8536363919152,6.10773309900144,257.18118826279203,1.0423176030263388,9.999999999999998,3.05386654950072,340.00000001068054,0.00045494979899984855,0.0004502688119308668,1.824873397387589e-06,1.304115614025079e-09,0.00022747489949992428
15,29,353.232175129964,3.545260930604082,5.849056706100526,0.02258311323901715,0.12576271195590086,1.772630465302041,418.6871514425236,19.98332258830843,8.787773436467405e-20,3.3929450953618357e-22,1.0650362949438164e-20,9.991661294154214,520.8790081731315,6.081739151194406,271.11550377228133,1.0467725703798954,9.999999999999998,3.040869575597203,349.46985555018034,0.1834006272231144,395.37314648296643,1.5265293170057175,0.4397702464881497,0.0917003136115572
16,29,353.1131560061547,4.187465274417925,11.900432326612531,0.04787692400900019,0.3149178920221727,2.0937326372089626,419.85509206097663,19.999929315420914,9.062481722406247e-20,3.6459494650989916e-22,1.145404757354498e-20,9.999964657710457,520.7880711191226,6.089584007828001,259.8537542918753,1.0454240742047785,9.999999999999998,3.0447920039140004,348.5766023773106,5.800247839127316,13.446327172725267,0.05409625184868989,0.4928713833743138,2.900123919563658
17,29,353.01744539679356,6.249264348275225,39.260243406686655,0.2532064850412359,2.4855562588568727,3.1246321741376124,420.0458245532883,7.118389362445255,56.09194790890632,0.3617615107987664,4.045050753976861,3.5591946812226274,520.8522283703763,6.034764347597492,163.56785948404928,1.054920682397527,9.999999999999998,3.017382173798746,347.48733184638814,9.997382784596734,49.36759490433931,0.3183932165468541,4.999999999999988,4.998691392298367
18,29,352.33294070426086,6.335304778306173,27.04547374219446,0.13807838438704284,1.3740833796832523,3.1676523891530866,419.6714474215557,5.143108996083291,11.383632690366163,0.05811817627320836,0.46952376944727414,2.5715544980416456,520.9470476482556,6.087692273233447,204.83130319651164,1.0457489370260888,9.999999999999998,3.0438461366167235,347.12748717271495,8.913863112891386,28.77928972040614,0.14693023558321583,2.0572970931500456,4.456931556445693
19,29,351.17945941603097,1.9769302798459532,3.204104535061771,0.012664324971457966,0.03932722261637286,0.9884651399229766,418.0000079673343,17.230703168173857,1.6559147913334122e-29,6.545055822308258e-32,1.7714799160872647e-30,8.615351584086929,520.9311035821505,6.076469164738873,265.06565252652325,1.047680412930951,9.999999999999998,3.0382345823694363,347.7920946171094,0.1669181742951829,204.47385046233492,0.8081893902286142,0.2119027767547972,0.08345908714759145
20,29,348.00000000000006,0.10055858831986342,4.233969743348271e-05,1.634082190531515e-07,2.581148205111057e-08,0.05027929415993171,418.00000000000006,19.867996336306604,7.54841359087535e-10,2.9132773645805527e-12,9.091923706810532e-11,9.933998168153302,520.8302961598728,6.091486644006178,270.7887890046443,1.0450975428042582,9.999999999999998,3.045743322003089,340.00000671470247,0.05019344858697394,2.8976419492758118e-05,1.1183322958997218e-07,8.817343889373311e-09,0.02509672429348697
0,30,348.0000000000003,19.999999999819124,3.876868155562027e-08,1.522185441416652e-10,4.782086600112643e-09,9.999999999909562,418.00212959021223,0.008020605311585882,3.797844565593702e-08,1.4911581912364545e-10,1.8786710416748192e-12,0.004010302655792941,520.8601636295183,6.1015998170182755,265.73567998209967,1.043365332796742,9.999999999999998,3.0507999085091377,340.0000016327641,6.733498358357792e-05,0.002580800128744799,1.0133066757881655e-05,1.0717698591983062e-09,3.366749179178896e-05
1,30,348.00000000000125,19.999999999547367,3.4938158231015725e-08,1.419587193499137e-10,4.459764698126109e-09,9.999999999773683,418.00303179481966,0.010594446101631405,1.0498721997176334e-07,4.265780467520059e-10,7.0989911413619606e-12,0.0052972230508157025,520.7965807518816,6.1036479381457704,256.701603911674,1.043015224369216,9.999999999999998,3.0518239690728852,349.8921210739362,7.58342798938827e-05,0.002989085007083135,1.2145078650907852e-05,1.4467242987457455e-09,3.791713994694135e-05
2,30,348.0000000000006,19.99999999978437,3.120629818590176e-08,1.22204051670991e-10,3.839153509643536e-09,9.999999999892186,418.00000000000006,19.966617744293718,1.6017847159051624e-10,6.272598596033114e-13,1.9673058215677305e-11,9.983308872146859,520.7488373835333,6.119657411310538,265.6499029052159,1.0402866199518965,9.999999999999998,3.059828705655269,349.8944377658617,7.899477949102618e-05,0.0023642687740849117,9.258490760782114e-06,1.148837136094157e-09,3.949738974551309e-05
3,30,359.94368877687845,19.99999999993163,3.1731298968476895e-08,1.2174908922120402e-10,3.824860442772753e-09,9.999999999965816,418.00000000000006,19.96825967221911,1.806129324763717e-10,6.929895953019214e-13,2.1736359424829357e-11,9.984129836109554,520.8202395276186,6.078342767960736,272.97134891675756,1.0473574733613866,9.999999999999998,3.039171383980368,349.96557419850643,9.999999999003395,2.9493434297746134e-08,1.1316267787597514e-10,1.7775551872014065e-09,4.999999999501697
4,30,348.00000000000017,1.0387021518454276e-06,0.119482082863893,0.0004632463923678228,7.558279611668432e-10,5.193510759227138e-07,418.00000000000006,0.0003483540765927273,5.152466858883492e-08,1.997673313823562e-10,1.0931134607756612e-13,0.00017417703829636366,520.8392691175287,6.110188859391818,268.7300468901016,1.0418986827044616,9.999999999999998,3.055094429695909,349.99751640910506,2.9765539097685503e-08,1.1157415658415233,0.004325864119557505,2.0225837017769748e-10,1.4882769548842751e-08
5,30,348.00000000000057,0.004869709285653556,8.965937106355064e-05,3.366274367581859e-07,2.5749714755019914e-09,0.002434854642826778,418.00000000000006,19.960667723458354,2.547777019458287e-10,9.565666559090066e-13,2.999232823531403e-11,9.980333861729177,520.8314108239382,6.091582366958698,278.35317538969036,1.0450811201711157,9.999999999999998,3.045791183479349,340.0000000084801,0.001951181859222828,8.620848572448754e-05,3.2367103663563956e-07,9.920223694759175e-10,0.000975590929611414
6,30,348.00000000000006,19.999999999488853,4.161348346266757e-08,1.5845549579639187e-10,4.978026215021506e-09,9.999999999744427,418.00000000000006,19.958895081136227,2.516707012496057e-10,9.583097214081566e-13,3.004431218604149e-11,9.979447540568113,520.8567130370136,6.0871377617833735,274.6589514534469,1.0458442001501018,9.999999999999998,3.0435688808916868,340.00000260647835,9.999999997911274,2.895139873364528e-08,1.1024090892208905e-10,1.7316601476117859e-09,4.999999998955637
7,30,348.00000012762257,19.99999999671299,1.1175997595549063e-06,4.3448906120593306e-09,1.3649876425253488e-07,9.999999998356495,418.00000000000006,0.0006523550819599322,6.560565961622777e-07,2.5505500706087422e-09,2.613591931282601e-12,0.0003261775409799661,520.924017143259,6.09729924082499,268.56540329073954,1.0441012442115996,9.999999999999998,3.048649620412495,349.9844333186328,3.4934667149391315e-07,10.431430319999311,0.04055425323799865,2.2254246566875133e-08,1.7467333574695658e-07
8,30,348.0000000000002,0.006421951331859077,8.306413916955403e-05,3.1418156347635887e-07,3.1693308904134744e-09,0.0032109756659295385,418.00000000000006,19.9604802595698,2.3792989063374184e-10,8.999453408465322e-13,2.8216750390666577e-11,9.9802401297849,520.8872452344953,6.06861006454151,277.34718485034574,1.049037202253789,9.999999999999998,3.034305032270755,340.000000008485,0.0006538248813221514,0.00028584621926221063,1.081183925812899e-06,1.1104037019665054e-09,0.0003269124406610757
9,30,358.0969912583662,19.999999999930285,3.662445497660447e-08,1.3946881478019702e-10,4.381542039168152e-09,9.999999999965143,418.00000000000006,19.987786578406503,2.5258631570583706e-11,9.618686231288136e-14,3.0199540746377658e-12,9.993893289203251,520.8873795518372,6.09961814862185,274.0763331662028,1.0437043055087298,9.999999999999998,3.049809074310925,340.0000035989344,9.999999999273289,2.09356772673765e-08,7.972471117909923e-11,1.2523128346581239e-09,4.999999999636644
10,30,348.00000000000074,19.999999998446942,3.116329797064178e-08,1.2186199801002278e-10,3.828407576703329e-09,9.999999999223471,418.00000000000006,19.959674288516883,2.382654983950826e-10,9.317213383074e-13,2.921187064472608e-11,9.979837144258441,520.8243717175845,6.0895134169195835,267.3453588739152,1.0454361929784846,9.999999999999998,3.0447567084597917,340.00000164618245,6.991339218664905e-05,0.002943412066846749,1.1510016551222181e-05,1.2640265605130867e-09,3.4956696093324524e-05
11,30,348.00000000010925,0.00022697631359847037,0.001454057026015873,5.56412520751985e-06,1.9837973666862055e-09,0.00011348815679923518,418.00000000000006,0.0004556159163406903,3.9257544991187787e-07,1.5022374759903542e-09,1.0751210281126432e-12,0.00022780795817034516,520.6834642887517,6.1076955646980835,272.3875706268908,1.0423240084970586,9.999999999999998,3.0538477823490418,349.9955775260069,8.17074639723075e-08,1.462101581857457,0.0055949086741519,7.180829417557946e-10,4.085373198615375e-08
12,30,348.0000000000177,19.999999999873904,4.4118328394419784e-08,1.7352977019439693e-10,5.451598512184054e-09,9.999999999936952,418.00000000000006,19.984413761336597,5.62168801650689e-11,2.2111677053757635e-13,6.941174659969564e-12,9.992206880668299,520.8187825451603,6.107569686270517,265.0066361666842,1.0423454910365866,9.999999999999998,3.0537848431352583,349.9968680915464,8.231544566594329e-08,1.3653959825219029,0.005370485684615084,6.944080937473737e-10,4.1157722832971646e-08
13,30,359.99701375449627,19.999999999996593,9.718492084996814e-09,3.679838949162995e-11,1.156055500908208e-09,9.999999999998296,418.00000000000006,6.404891170319615e-06,9.520058612740334e-09,3.6047035049355594e-11,3.626612721203887e-16,3.2024455851598077e-06,520.8585419957968,6.099003384851706,275.67115256582446,1.0438095082038725,9.999999999999998,3.049501692425853,340.010227088023,6.585348471113694e-05,0.00031873096057368665,1.2068524548513553e-06,1.2483972872627502e-10,3.292674235556847e-05
14,30,353.68766701172257,4.354812335170975,6.119204347784349,0.023429063337869708,0.16026705178479106,2.1774061675854877,418.00000000008407,19.99053077808066,6.497737711408078e-14,2.487838283233117e-16,7.812074008776348e-15,9.99526538904033,520.8409358706366,6.092499109002304,272.9132860679093,1.0449238661798226,9.999999999999998,3.046249554501152,349.6045405449403,3.88805766663602,6.316326181103061,0.024183798701426135,0.1476988432196711,1.94402883331801
15,30,355.1084412051849,5.125681188006788,34.91610225904426,0.15478606113583676,1.2462446756547343,2.562840594003394,419.43749698553404,2.6498937510198086,3.680501821381894,0.016315978676784016,0.0679143372763772,1.3249468755099043,520.8628618741586,6.0515663189572715,237.30464207003797,1.0519917304273638,9.999999999999998,3.0257831594786357,349.99999999999994,8.998148471276496,54.963993558456245,0.24366007419986924,3.443954491106722,4.499074235638248
16,30,353.4574861381385,7.158420002988046,107.12635910625727,0.8893300087195853,9.999999999999998,3.579210001494023,419.5387512868746,6.9590324539477635,54.421709269901996,0.45179225340357615,4.938641698458473,3.4795162269738817,520.7504443631102,6.298996140667093,121.74248955680407,1.0106686179048212,9.999999999999998,3.1494980703335465,347.83676532485015,5.980778604161444,64.11000328117247,0.5322214836080199,4.999999999999999,2.990389302080722
17,30,352.70836860057403,8.789490157917534,101.50117853130119,0.7242965870939818,9.999999999999998,4.394745078958767,420.64955018230484,5.932941339017733,29.850049865584836,0.21300530254987085,1.985090661303598,2.9664706695088663,520.8918822094187,6.012100296592412,148.3913384185488,1.0588974583947142,9.999999999999998,3.006050148296206,346.2334196909988,9.211482959915816,48.42562340939434,0.3455576996330775,4.999999999999834,4.605741479957908
18,30,351.55991992994535,6.097911422192216,10.589664190512531,0.044066895526436334,0.42209814591817574,3.048955711096108,418.00000116854767,19.99998867316005,1.9471851231069697e-08,8.102844608374022e-11,2.5455822678137862e-09,9.999994336580025,520.8888686792849,6.08598258502917,251.3733020765574,1.0460427112190465,9.999999999999998,3.042991292514585,347.4734658526329,4.173621700314565,4.520145343103122,0.01880973456904231,0.12331492011715865,2.0868108501572826
19,30,348.0000000000001,19.99999999957237,1.8580023030967196e-08,6.918046022660623e-11,2.1733682561522002e-09,9.999999999786185,418.00000000000006,19.964325584433954,2.3566987156517525e-10,8.774881575362234e-13,2.7517931477979855e-11,9.982162792216977,520.7937002449321,6.079873289625933,281.2214193613931,1.0470938160073884,9.999999999999998,3.0399366448129665,340.0000206321315,8.310380814258167e-05,0.0016147032113772546,6.01215139003208e-06,7.848211716441884e-10,4.1551904071290835e-05
20,30,348.00000000000006,0.007525888452931895,5.72979321973343e-05,2.1516130423917814e-07,2.543559036926098e-09,0.0037629442264659474,418.00000000000006,19.966892015260576,1.649702113138471e-10,6.194849354188653e-13,1.942947634910598e-11,9.983446007630288,520.7724752952863,6.108724435055438,277.52644299627866,1.0421484536350736,9.999999999999998,3.054362217527719,349.98040715476196,9.999999999238025,1.7232378537344463e-08,6.470985773917253e-11,1.0164600683636735e-09,4.999999999619012
0,31,348.00000000000006,0.03619655271247524,4.3286845021454426e-05,1.686232602601711e-07,9.587482188713005e-09,0.01809827635623762,418.00000000000006,19.93212736943503,4.24438328295462e-10,1.6533931881865039e-12,5.176660394339939e-11,9.966063684717515,520.8639446181245,6.086652496919563,268.4973890374601,1.0459275811947086,9.999999999999998,3.0433262484597816,340.0000017397369,9.999999994039321,5.9010442820035267e-08,2.2987430136751547e-10,3.6108570799740475e-09,4.9999999970196605
1,31,348.00000000000074,0.005980607323291309,7.693017474855972e-05,3.005160420529192e-07,2.823142666750968e-09,0.0029903036616456546,418.00000000000006,0.008533143739427373,9.463745434120407e-08,3.696868400668095e-10,4.9552198687340446e-12,0.004266571869713687,520.8835130170887,6.078271230073665,268.1199353076241,1.047369800178966,9.999999999999998,3.0391356150368325,340.0000000081929,0.00022734604329599506,0.0006806308939391486,2.6587812001475085e-06,9.494888661646827e-10,0.00011367302164799753
2,31,348.0000000000077,0.00015737172227758833,0.0004943968275972471,1.8718077885330403e-06,4.627088699406044e-10,7.868586113879417e-05,418.00000000000006,0.00043785181881617063,7.605040285491686e-08,2.879301169401383e-10,1.9803143236556527e-13,0.00021892590940808532,520.7804737150835,6.098883878421967,275.70470891897725,1.0438299614458326,9.999999999999998,3.0494419392109835,349.997864189297,3.1981214272458e-08,0.8890571948383371,0.00336600902120959,1.6909474135555826e-10,1.5990607136229e-08
3,31,348.0000000000102,19.999999999875357,3.4873664074938524e-08,1.3733460305495765e-10,4.314493800384364e-09,9.999999999937678,423.99997194454266,9.242676109294523e-05,2.734095314293894e-06,1.0767033079635856e-08,1.5631968049473957e-12,4.6213380546472616e-05,520.8506775974772,6.109578202589277,264.5979639848748,1.0420028212385888,9.999999999999998,3.0547891012946384,340.0000016383398,7.005994634567969e-05,0.0022082511112546345,8.696226733105589e-06,9.570189377961397e-10,3.5029973172839846e-05
4,31,348.0000000000015,19.99999999931541,5.5174818917293104e-08,2.1348862330355775e-10,6.706942905724982e-09,9.999999999657705,418.0042303212764,0.01670729508999358,1.1094536165202293e-07,4.292822882936926e-10,1.1265980383796898e-11,0.00835364754499679,520.8222375407981,6.094329008763986,269.9730459408662,1.0446101145049544,9.999999999999998,3.047164504381993,340.00000230365663,6.95143855455882e-05,0.004957084492325116,1.9180509598994153e-05,2.0943762620924082e-09,3.47571927727941e-05
5,31,348.00000000000045,19.9999999997816,4.120761339446868e-08,1.5680983456848163e-10,4.926326242855932e-09,9.9999999998908,418.00000000000006,0.006694378145127189,9.66735063834346e-08,3.6787756665316314e-10,3.8684182445774676e-12,0.0033471890725635944,520.9245607924445,6.066043791660277,275.7901477417443,1.049481003158631,9.999999999999998,3.0330218958301387,340.0000018784232,5.980978437314377e-05,0.0035169039217774075,1.3383088141697271e-05,1.257327608636574e-09,2.9904892186571885e-05
6,31,348.00000000000006,19.99999999984928,5.85448584727867e-08,2.2707203768663433e-10,7.133678454266191e-09,9.99999999992464,418.00000000000006,19.999999999999687,1.4287179870919632e-11,5.541424355126233e-14,1.7408898044487859e-12,9.999999999999844,520.7800186776918,6.111901645690929,268.5522957673042,1.0416067032368184,9.999999999999998,3.0559508228454644,340.00000849892,0.0025814348983992375,8.987771732674556e-05,3.4859963707135754e-07,1.4135396162117945e-09,0.0012907174491996187
7,31,348.0000000000011,0.009140151177007283,9.160829341698714e-05,3.4911211650085787e-07,5.012312939442269e-09,0.0045700755885036415,418.00000000000006,19.95177654894343,3.0179204781406654e-10,1.150106138053652e-12,3.604453029895127e-11,9.975888274471714,520.9069605653797,6.081276685960155,274.69783101694475,1.046852174704278,9.999999999999998,3.0406383429800776,340.0000000075468,0.006275936012858807,4.943808687066346e-05,1.8840472297205937e-07,1.8573346873843447e-09,0.0031379680064294035
8,31,348.00000000000006,19.99999999988783,3.233636504422016e-08,1.258192543560109e-10,3.952728451627725e-09,9.999999999943915,418.00000000000006,19.972600593448483,1.1314380546761916e-10,4.402371515620272e-13,1.3811510694752597e-11,9.986300296724242,520.8387270382415,6.099344812033285,268.2508019275514,1.0437510781676185,9.999999999999998,3.0496724060166427,340.0000015002087,8.543547271244734e-05,0.0017950305849230358,6.984378405934003e-06,9.373156421051923e-10,4.271773635622367e-05
9,31,348.00000000000733,19.999999997767052,8.273592246691665e-09,3.218326601741719e-11,1.0110671207755557e-09,9.999999998883526,418.00000000000006,19.96160624527602,1.4350145176120103e-10,5.582031671627299e-13,1.750280514588651e-11,9.98080312263801,520.7916521399122,6.088290296585853,268.8120726670904,1.0456462181584545,9.999999999999998,3.0441451482929267,349.9984979359863,3.67883492200492e-08,0.9944991273022916,0.0038684804633509853,2.235478953275767e-10,1.83941746100246e-08
10,31,348.0000000000001,19.99999999963663,1.8908324398133828e-08,7.376711522893344e-11,2.3174622727551855e-09,9.999999999818314,418.00000000000006,19.96119152673997,2.4909935798737505e-10,9.718122376788505e-13,3.0471139990192854e-11,9.980595763369985,520.9595404700767,6.054679308457888,269.5126921529494,1.0514508530258173,9.999999999999998,3.027339654228944,340.0000012551793,4.588246001979712e-05,0.0033405672955787707,1.3032567425556055e-05,9.392831951080574e-10,2.294123000989856e-05
11,31,348.00000000000006,19.999999998561865,6.068312036205056e-06,2.320453298497951e-08,7.289919035035171e-07,9.999999999280933,418.00000000000006,0.02440061892882639,1.742323203762979e-07,6.66244517602243e-10,2.5536088090656268e-11,0.012200309464413195,520.8618649072072,6.099107332662874,272.96622829541525,1.0437917184343641,9.999999999999998,3.049553666331437,340.0000067134667,9.999999998378819,1.0115744301475194e-06,3.868145225735518e-09,6.076068311109527e-08,4.999999999189409
12,31,353.05177698049397,3.0309149213115525,2.871176029629489,0.01074351555595672,0.051149340657126896,1.5154574606557762,418.0000000015165,18.709302864679405,3.508154612072942e-11,1.3126995091405338e-13,3.857827505967814e-12,9.354651432339702,521.0340686586909,6.032922393076428,282.0108301064102,1.0552427677474951,9.999999999999998,3.016461196538214,349.8420153342982,2.8527271233483864,2.5939839907608406,0.00970630399148257,0.043494465402779355,1.4263635616741932
13,31,352.89688106471124,6.155160116904917,20.03508289894301,0.08387392566872091,0.8109352937694713,3.0775800584524586,419.4613057849638,19.39781655716227,9.565801469214882e-28,4.0045819896906856e-30,1.2201968929624078e-28,9.698908278581134,520.786773454846,6.098021782937347,249.3763849410658,1.0439775307934842,9.999999999999998,3.0490108914686735,347.49841272678225,7.155889220839745,12.468715450589313,0.05219844201105518,0.5867336905707445,3.5779446104198724
14,31,353.99220380124086,5.5959781329624105,36.51100863992728,0.17449787012605658,1.5338610389721112,2.7979890664812053,420.54321589722736,5.035889705942896,14.905500929284871,0.07123818985591704,0.5635195175155179,2.517944852971448,520.7469721858215,6.114198573846155,217.8583870236064,1.0412154016239512,9.999999999999998,3.0570992869230773,348.98502725278115,9.000607716785298,57.88190391794038,0.2766362620143096,3.9111170948535676,4.500303858392649
15,31,352.93988934442035,7.159601211760597,341.35563533325814,0.8891832848481122,9.999999999999998,3.5798006058802985,419.5135187061593,7.323542292873782,215.69381914927393,0.561851977177246,6.46342902905705,3.661771146436891,520.6495112710472,7.188487479803958,159.69221658337764,0.41597570102411413,4.697051911526194,3.594243739901979,347.6090740871422,6.02332901910318,202.8753711296672,0.5284617280149577,4.999999999999999,3.01166450955159
16,31,353.0232608857396,7.207941884788428,302.2663273816164,0.8832199018017856,9.999999999999998,3.603970942394214,419.9232158591414,6.9764237211716855,112.73862524234363,0.329421402570252,3.609977865760966,3.4882118605858428,521.0265367988726,6.846572045730074,61.28913962587627,0.1790863982462064,1.9259972454876872,3.423286022865037,347.5341212955087,6.043351130520647,180.257449421727,0.5267108915386943,4.999999999999999,3.0216755652603235
17,31,353.24097540071097,7.723610784651836,120.76291755322828,0.8242514933982121,9.999999999999998,3.861805392325918,420.1437436694423,5.460794294908828,21.575469346924663,0.14726054313925943,1.2631708419130363,2.730397147454414,520.9364578391042,6.056485577908146,154.00445694156005,1.051137271241491,9.999999999999998,3.028242788954073,348.009208858072,6.9888234928834345,66.72981320460508,0.4554556092422689,4.999999999999999,3.4944117464417173
18,31,355.1808654452952,4.327235526847037,6.7975255942374,0.027913236365418,0.18973200851194028,2.1636177634235185,418.0000086134652,19.999628911845495,7.618392552975743e-11,3.1284029623372e-13,9.827985408115207e-12,9.999814455922747,521.0782262841382,6.0774983970705785,255.09146521478982,1.0475029868776915,9.999999999999998,3.0387491985352892,349.99999999999994,5.4285717032885366,12.068949513745434,0.04955971636871301,0.4226046465720822,2.7142858516442683
19,31,348.00000000000057,0.006600019683922653,6.249318582287587e-05,2.3685014975681927e-07,2.4554934018487284e-09,0.0033000098419613266,418.00000000000006,19.958405808505944,2.470055080758705e-10,9.36154731242935e-13,2.934900365443121e-11,9.979202904252972,520.814102803179,6.09436881086763,275.619786254234,1.0446032921938446,9.999999999999998,3.047184405433815,340.00000000903276,0.0019606080693623795,8.555361179876872e-05,3.242495241674439e-07,9.985964325382859e-10,0.0009803040346811898
20,31,348.0000000000724,0.013899019551907088,0.00016859576571648358,6.59354067663625e-07,1.4395366710028487e-08,0.006949509775953544,423.99991363843554,0.0002650197556177125,3.3919991087758166e-06,1.326562621770554e-08,5.522374847481678e-12,0.00013250987780885626,520.994604746869,6.073878145750778,268.00446004203565,1.0481273365896446,9.999999999999998,3.036939072875389,340.00000000522044,0.002603406136673314,0.00018172530993110767,7.107018482421703e-07,2.906358918413249e-09,0.001301703068336657
0,32,348.0000000000006,0.007638261361385901,8.376820536612863e-05,3.302515024544065e-07,3.962408018456309e-09,0.0038191306806929504,423.999950792323,0.0001363811814982241,4.4336604355829714e-06,1.7479460301485557e-08,3.7445733722694824e-12,6.819059074911205e-05,520.9030518169958,6.0864719361072375,265.3071218828295,1.0459586096025741,9.999999999999998,3.0432359680536187,340.0000000082435,0.002696178312593389,6.483209246300431e-05,2.555969278509528e-07,1.0824905595915623e-09,0.0013480891562966946
1,32,348.00000000000574,19.999999999694708,9.576791539902127e-08,3.7956110212604284e-10,1.1924263700094194e-08,9.999999999847354,418.00000000000006,0.014176582442715358,5.921532681139888e-08,2.3469065410520644e-10,5.226214376100455e-12,0.007088291221357679,520.9692707598917,6.094598569750464,263.55627008793965,1.0445639119323438,9.999999999999998,3.047299284875232,349.98241124390347,9.999999998776666,4.1204567245450814e-08,1.6330783531359805e-10,2.5652334781604434e-09,4.999999999388333
2,32,348.00000000000006,19.999999999716117,3.610625182599481e-08,1.3698703798148268e-10,4.303574721535434e-09,9.999999999858058,418.00000000000006,0.005318280791502872,1.1639728875066689e-07,4.41611050957929e-10,3.689190426634867e-12,0.002659140395751436,520.9142676170612,6.085958867490714,275.7109672313216,1.046046787743185,9.999999999999998,3.042979433745357,340.0000017322073,0.0012279232957776998,0.00016273134297764905,6.174023481774876e-07,1.1908563935668256e-09,0.0006139616478888499
3,32,348.00000000000017,0.006371441956531498,7.572158847696434e-05,2.9093276979922224e-07,2.9117242920918718e-09,0.003185720978265749,423.9999757841538,7.93531287117677e-05,4.538029197465889e-06,1.7435733063763395e-08,2.1733223346917473e-12,3.967656435588385e-05,520.9540229111274,6.078589633316196,272.5865181153188,1.047314937791369,9.999999999999998,3.039294816658098,349.97916003046845,4.407410238904674e-05,0.0033567470874136885,1.289708453427161e-05,8.928837101142859e-10,2.203705119452337e-05
4,32,348.00000000000097,19.99999999933454,3.112377804912269e-07,1.2162400760632654e-09,3.820930887834712e-08,9.99999999966727,418.00000000000006,19.963359267267865,2.2572504697219168e-10,8.820775159928926e-13,2.7660514356720047e-11,9.981679633633933,520.852465465568,6.101678887224539,266.99539725110765,1.0433518120734138,9.999999999999998,3.0508394436122694,340.0000037332959,5.906260660282214e-05,0.018774887447173625,7.336760498930932e-05,6.806703434232655e-09,2.953130330141107e-05
5,32,348.000000000005,0.025945615072959782,6.970955642798125e-05,2.647596694691999e-07,1.0790353628736479e-08,0.012972807536479891,418.00000000000006,19.9613903028176,9.876228365330167e-11,3.751030836508904e-13,1.1761461678608638e-11,9.9806951514088,520.8718941402872,6.094533322013486,275.0300552666119,1.0445750949758652,9.999999999999998,3.047266661006743,349.677972673801,9.999999998224766,4.5905117226858664e-08,1.743494620638478e-10,2.7386749453994038e-09,4.999999999112383
6,32,348.00000000004974,0.0002115676155796109,0.002581965770826493,1.0088861433843492e-05,3.3528276219465657e-09,0.00010578380778980545,418.00000000000006,0.0012375824661354784,1.399692568324496e-07,5.469206653071196e-10,1.0632082997265535e-12,0.0006187912330677392,520.8428374530351,6.077352026147857,268.0859494854208,1.047528215625028,9.999999999999998,3.0386760130739283,349.99464749036235,8.242043430368128e-08,2.030506820675398,0.007934071855534602,1.0271902892645317e-09,4.121021715184064e-08
7,32,348.0000000000002,19.999999999579238,2.7731889204537053e-08,1.094142517719868e-10,3.437350095576662e-09,9.999999999789619,423.99997055896864,9.408415250639068e-05,7.626437526301923e-06,3.0089582050169476e-08,4.44685030113567e-12,4.704207625319534e-05,520.8684071082054,6.083046493077987,265.2555923183815,1.0465476025738139,9.999999999999998,3.0415232465389934,340.00000152679945,5.50864946120555e-05,0.003454768966331964,1.3630552131098576e-05,1.1794470877595687e-09,2.754324730602775e-05
8,32,348.00000000000006,19.99999999854262,2.8155336918598388e-08,1.0759745724384348e-10,3.3802738119756884e-09,9.99999999927131,418.00000000000006,19.96805751285189,1.711162240675486e-10,6.539318160555885e-13,2.0511062771299206e-11,9.984028756425944,520.8713010038448,6.072207378223481,274.3419670908076,1.048415728768859,9.999999999999998,3.0361036891117403,340.0000014072555,0.00021713025677172482,0.0006883630816915582,2.6306244341768967e-06,8.972202618504306e-10,0.00010856512838586241
9,32,359.92853571293824,0.022674209574613968,5.115916929876314e-05,1.9286930374375943e-07,6.8693421150464005e-09,0.011337104787306984,418.00000000000006,19.952896400735632,2.1453050281177337e-10,8.087767896986884e-13,2.534863068447047e-11,9.976448200367816,520.9021595053707,6.086753717596455,277.43085772981044,1.0459101877691388,9.999999999999998,3.0433768587982275,340.00000086115284,6.352959633737498e-05,0.006467878701175548,2.438380604872289e-05,2.4333101525941424e-09,3.176479816868749e-05
10,32,348.00000000000017,0.00831357181666803,8.282306326687641e-05,3.2487378099778387e-07,4.242503338583227e-09,0.004156785908334015,418.00000000000006,19.960861526949905,2.201710871979751e-10,8.636219277946605e-13,2.707838879750225e-11,9.980430763474953,520.8632490386633,6.085500136693938,266.69843832799035,1.0461256397464103,9.999999999999998,3.042750068346969,340.00000000895227,9.999999994535921,2.4855082382258223e-08,9.749415527552686e-11,1.5314346090709008e-09,4.9999999972679605
11,32,352.10534343064523,4.754467842600601,4.3111989788305465,0.017860930993451398,0.13339080206613674,2.3772339213003004,418.0000000000001,0.03166981858267448,2.755546047060043e-09,1.1415993100176433e-11,5.679095216899708e-13,0.01583490929133724,520.8528563772289,6.106629301694388,251.63586547150956,1.0425060060399285,9.999999999999998,3.053314650847194,347.87167352836195,2.602626806207425,3.3738106197011315,0.013977410683048856,0.057142403211549175,1.3013134031037126
12,32,353.0676300245752,6.090311306446684,29.069232044668933,0.12838260816716107,1.2281900186099086,3.045155653223342,419.19342561797276,6.061312776905893,19.796616118892132,0.08743062789969823,0.8324346886218894,3.0306563884529467,520.9104628496942,6.08951932781225,236.71428877215797,1.0454351782085505,9.999999999999998,3.044759663906125,347.98744461159805,7.434679344329819,37.21155850362149,0.16434272936136785,1.919254708080705,3.7173396721649095
13,32,351.9660084131448,7.698508909960748,93.13482271413257,0.4778343772567199,5.7783505484218445,3.849254454980374,419.27877213626,7.157948741257116,92.92495151576777,0.4767576191714807,5.360509912128234,3.578974370628558,520.7681587559248,6.061168901828199,204.71913482560987,1.0503250819748002,9.999999999999998,3.0305844509140996,346.4578587051475,8.919249663950179,69.55950894778606,0.3568796683316708,4.999999999999999,4.4596248319750895
14,32,352.46591990381853,7.883603552491508,65.78625980338843,0.5113032728725566,6.331742231988345,3.941801776245754,419.29297508404994,7.3001728512735715,89.90951716948986,0.6987937987133245,8.013127677504594,3.6500864256367858,520.5452433382193,6.092644474130599,134.44074479377332,1.044898935217166,9.999999999999998,3.0463222370652994,346.40521860630423,8.69201202535967,47.117954880641754,0.36620967073572264,4.999999999999999,4.346006012679835
15,32,352.88062242978407,7.190951126066121,204.13883334612908,0.8853067712557938,9.999999999999998,3.5954755630330606,419.7694745838595,7.145615437006536,102.35896185343711,0.443909081590133,4.982571581528492,3.572807718503268,520.7341623684123,7.4612233716792735,125.14955679573231,0.5427470522625297,6.361029247004008,3.7306116858396368,347.47261975113133,6.19252941391191,118.52607193324936,0.5140224049137131,4.999999999999999,3.096264706955955
16,32,353.118622567156,7.237075137201323,161.92683265332386,0.8796644504837502,9.999999999999998,3.6185375686006616,420.13455573115573,6.076277355085148,37.84580688576322,0.20559662887098196,1.9623363811723942,3.038138677542574,520.7976548586707,7.802858281758008,150.1855617934409,0.8158802189904295,9.999999999994024,3.901429140879004,347.8467348057499,6.082117764582339,96.33787933746154,0.5233537042597022,4.999999999999999,3.0410588822911695
17,32,354.9875073625693,4.8874871967520965,20.84387551261903,0.10041848670216898,0.770937519343476,2.4437435983760483,423.9821091524004,0.01101387655920846,2.801065732972584e-17,1.349455296296125e-19,2.3346328060627565e-21,0.00550693827960423,520.9290124328568,6.041347412830273,218.7313888137985,1.05377116868923,9.999999999999998,3.0206737064151366,349.86551362513177,7.910594585700717,31.146971598800842,0.15005519253909697,1.8645757564857344,3.9552972928503585
18,32,348.00000000000006,0.00899039480638919,4.4666621570714484e-05,1.7527661362580225e-07,2.4752702087189245e-09,0.004495197403194595,418.00000000000006,19.990260077003942,5.1700763454441526e-11,2.0287934080298947e-13,6.3705385269768e-12,9.995130038501971,520.9199031631399,6.077119395317521,266.95710578759565,1.0475683147810178,9.999999999999998,3.0385596976587603,349.8871387751357,0.0020522939186946587,7.91977772564752e-05,3.1078057207055307e-07,1.0018744402751173e-09,0.0010261469593473294
19,32,348.0000000000001,19.999999999863,2.6610399784915647e-08,1.0711677299148683e-10,3.3651726710399546e-09,9.9999999999315,418.00000000000006,19.968508357820898,1.5298917976595123e-10,6.158384455551356e-13,1.9316671710338755e-11,9.984254178910449,520.8051239012345,6.083294971759941,259.9771426688217,1.0465048552189513,9.999999999999998,3.0416474858799707,340.00000139016805,9.334447995179573e-05,0.001501028567299219,6.042199200189011e-06,8.859384621518555e-10,4.667223997589787e-05
20,32,348.0000000000005,0.008959131572886747,6.637936165113106e-05,2.5098629363181214e-07,3.532122823135078e-09,0.0044795657864433736,418.00000000000006,19.95810540947634,2.6140032479020787e-10,9.88377969316134e-13,3.098576662590018e-11,9.97905270473817,521.0159805275154,6.075580434026258,277.1248138987401,1.04783366672622,9.999999999999998,3.037790217013129,340.00000000529474,0.004228194998836088,4.9980358056684114e-05,1.8898019672089268e-07,1.2551371436088124e-09,0.002114097499418044
0,33,348.0000000000007,0.011065671337970429,5.747175934652214e-05,2.184864514570993e-07,3.7977131225948205e-09,0.005532835668985214,418.00000000000006,0.011954821531954707,1.2827662795214458e-07,4.876604712439978e-10,9.157575926725647e-12,0.0059774107659773534,520.8606398069342,6.077500205090024,275.5402967343108,1.047502675251907,9.999999999999998,3.038750102545012,340.00000028994975,5.493165705772185e-05,0.0045285110656824125,1.7215730375670693e-05,1.4854841744508544e-09,2.7465828528860925e-05
1,33,359.9487365426845,19.99999999980781,3.206046927879368e-08,1.2541940995102837e-10,3.94016696915931e-09,9.999999999903904,418.00000000000006,19.970249383739425,1.2447597869126921e-10,4.869455797661106e-13,1.5275090542780015e-11,9.985124691869713,520.7375554518223,6.122178070936778,265.81487918981696,1.0398583069475624,9.999999999999998,3.061089035468389,340.00000125005636,9.15600227244795e-05,0.0023701999294421247,9.272137411077395e-06,1.3335387132345597e-09,4.578001136223975e-05
2,33,348.0000000000001,19.99999999986472,3.48282490859383e-08,1.381185228663052e-10,4.339121367585233e-09,9.99999999993236,418.00000000000006,19.973854134644366,1.1210236160219773e-10,4.445647714335228e-13,1.3948156000545354e-11,9.986927067322183,520.9004689899056,6.087640498078707,263.7004325606557,1.0457578310816844,9.999999999999998,3.0438202490393533,340.0000016702689,6.866487468570881e-05,0.0023221060530816975,9.208785006652583e-06,9.932460409419e-10,3.4332437342854405e-05
3,33,348.0000000000018,19.999999998420005,1.339489609233825e-07,5.09791696246815e-10,1.6015578476635505e-08,9.999999999210003,418.00000000000006,19.938670145220875,3.681730581495513e-10,1.4012170496327684e-12,4.388554325069855e-11,9.969335072610438,520.7960268218568,6.092994065544272,274.53388737639773,1.0448389831325293,9.999999999999998,3.046497032772136,340.00000185633536,6.42265662111896e-05,0.01309492771061888,4.983753038326477e-05,5.027951665809631e-09,3.21132831055948e-05
4,33,348.00000000000136,0.014989567852904173,6.291113600107956e-05,2.448431378850116e-07,5.7649683342324135e-09,0.007494783926452087,418.00000000000006,0.018075066875088197,1.054537042256322e-07,4.104140774656911e-10,1.165257853849177e-11,0.009037533437544099,520.9360446470969,6.080991908975906,268.99566927036864,1.0469011995031476,9.999999999999998,3.040495954487953,340.0000000072233,0.00817397348187221,3.744542327636667e-05,1.457334188697648e-07,1.871165730266114e-09,0.004086986740936105
5,33,348.00000000000074,0.013610612366132813,0.0003689767757692703,1.4006048968676764e-06,2.9944232266739e-08,0.006805306183066406,418.00000000000006,19.945045525824074,3.4050512029789454e-10,1.2925288804517417e-12,4.0494418305888584e-11,9.972522762912037,520.8524143255744,6.091463146724417,275.3226195718653,1.0451015741758414,9.999999999999998,3.0457315733622083,340.0000000046938,9.999999997776476,1.1368602061557432e-07,4.315426000663594e-10,6.778655308890314e-09,4.999999998888238
6,33,348.00000000028706,0.011451107957576312,0.00021963226245787722,8.648933676997615e-07,1.555714691123856e-08,0.005725553978788156,423.9999265521008,0.00023700558301698038,4.184609869657901e-06,1.6478641535517618e-08,6.134792248014167e-12,0.00011850279150849019,520.9973363612337,6.089306994929942,265.4885660093048,1.0454716323181628,9.999999999999998,3.044653497464971,340.00000000645633,0.00453289941437518,0.0001059456721282729,4.1720514160714683e-07,2.970609811618306e-09,0.00226644970718759
7,33,348.0000000000006,0.006529191486116304,7.601987027397e-05,3.0097221877861685e-07,3.0867801059628977e-09,0.003264595743058152,418.00000000000006,0.0074906750663785715,8.576986731676616e-08,3.3957368221810534e-10,3.995534265500064e-12,0.0037453375331892858,520.9020027690406,6.089078734058325,264.0761912210197,1.0455108238406354,9.999999999999998,3.0445393670291625,340.00000000868647,0.00216018549146213,6.898815659501422e-05,2.7313278074558544e-07,9.267972749496182e-10,0.001080092745731065
8,33,348.0000000000021,19.999999999493134,5.318563582140525e-08,2.063466388166565e-10,6.482570845829255e-09,9.999999999746567,418.00000000000006,0.014580396726337597,1.0478552808422066e-07,4.065409989534277e-10,9.310940859122494e-12,0.007290198363168798,520.8299362256779,6.089268395377968,269.4709557095619,1.045478259507833,9.999999999999998,3.044634197688984,340.00000223115325,7.783483368584143e-05,0.003976835235497055,1.542910169821078e-05,1.886403182445868e-09,3.8917416842920716e-05
9,33,348.00000000294006,0.16825496060290135,4.619948030092243e-05,1.8086479474604493e-07,4.780152963404453e-08,0.08412748030145067,418.00000000000006,19.820585503331465,3.6993176188865943e-10,1.4482334378704963e-12,4.508944888303251e-11,9.910292751665732,520.7635942273539,6.131593071626449,265.2099712729912,1.0382616147726733,9.999999999999998,3.0657965358132246,340.00000001057253,0.08424350756377663,2.308813882885756e-05,9.03869797484743e-08,1.1960854096298683e-08,0.042121753781888316
10,33,353.2901338285436,0.220799556217411,134.67499193460432,0.5464942448890777,0.18954121751217878,0.1103997781087055,418.00000398353257,15.41883229450715,7.062602188387083e-19,2.8659154862015744e-21,6.941202923628082e-20,7.709416147253575,520.8308377176128,6.089004890218103,257.65297745492,1.0455235031758665,9.999999999999998,3.0445024451090514,348.7827235140416,4.018057099049056,4.04952959253752,0.01643248375247262,0.10371443185165066,2.009028549524528
11,33,353.2710720012665,5.190951259533809,17.68168910523954,0.08621544519180432,0.7029944611133708,2.5954756297669044,419.54476038129593,6.762544416936936,32.80611647994921,0.15996175028860135,1.6992064781692715,3.381272208468468,520.7878309275751,6.096992537958372,214.1426311572432,1.044153766638459,9.999999999999998,3.048496268979186,348.32272532002816,7.160213269298647,24.723617095865443,0.12055169853880691,1.3558734883522623,3.5801066346493235
12,33,353.74118267253704,5.457210348771205,35.26906115889762,0.20623699431914894,1.767897744539548,2.7286051743856023,418.1549859694282,7.438726148576825,85.36940498442422,0.4992004014929705,5.833018767475069,3.7193630742884123,520.830887167229,6.0774717266296365,179.13667311571618,1.047507583750833,9.999999999999998,3.0387358633148183,348.3629271003127,7.327496398785534,44.042269185785045,0.25753861660646155,2.964270617473761,3.663748199392767
13,33,352.0834939609924,7.2853589086246195,69.89849814398296,0.4474752226206564,5.120823670594172,3.6426794543123098,418.0000000000457,6.120359667759501,162.48079304535366,1.0401672563805888,9.999999999999998,3.0601798338797503,520.5506530142975,7.0487918664878855,141.07962206519846,0.9031615409078302,9.999999999999945,3.5243959332439427,346.74441525279235,8.126693301752708,61.18361156350416,0.3916843842441209,4.999999999999881,4.063346650876354
14,33,351.265775475951,8.573093471398314,90.56212771236783,0.7148880615656729,9.627099941612437,4.286546735699157,419.19372370146726,7.36948509183125,87.56014043840545,0.6911906847776196,8.001195797199038,3.684742545915625,520.6224083730115,6.086299662704958,132.5059452769367,1.0459882155796545,9.999999999999998,3.043149831352479,345.64398922876376,8.002220908788077,50.39044155602799,0.39777692944495097,4.999999999999999,4.001110454394039
15,33,353.60393030506106,5.763195627943603,39.42685416905052,0.20884416796128233,1.89062584600502,2.8815978139718017,420.4612526005769,5.6711153974738755,22.503592359760162,0.11920159803678196,1.0618677700125894,2.8355576987369377,520.7858474287916,6.074945916774859,197.83698353369454,1.0479431110813209,9.999999999999998,3.0374729583874296,348.38927015228256,9.308605567506014,62.04529284913681,0.32865410731053835,4.805555193042549,4.654302783753007
16,33,353.37035209016005,4.358751977105308,12.01083182695959,0.05132032479399039,0.35137546282859256,2.179375988552654,418.1315828701848,0.42161719663808733,0.03676651254556789,0.00015709730954234055,0.00010404158042767123,0.21080859831904367,520.9006546469438,6.06330400596764,245.72789996152366,1.049955225304563,9.999999999999998,3.03165200298382,348.60015154446654,7.198142784971559,21.25682741121022,0.09082695541406624,1.0269636950848609,3.5990713924857793
17,33,352.70194776214544,19.8050519878201,0.029032137599203246,0.00011008044416017829,0.003424569914513824,9.90252599391005,418.0000000016165,19.97812019429891,1.1858276557188352e-16,4.496273641336516e-19,1.4110007123877574e-17,9.989060097149455,521.0575130957732,6.0506813378075925,277.4883037287541,1.0521455962152098,9.999999999999998,3.0253406689037963,349.99994410953167,6.776161661658717,0.035989471086964896,0.00013646039492633554,0.001452480329028703,3.3880808308293586
18,33,348.0000000000002,19.99999999981912,3.385129290948536e-08,1.29487679045467e-10,4.067975412159531e-09,9.99999999990956,418.00000000000006,19.973622825609077,1.0079289146243809e-10,3.8555211508910123e-13,1.2096502277593541e-11,9.986811412804538,520.9121814470209,6.089839240566491,273.2883438501828,1.045380259181294,9.999999999999998,3.0449196202832454,349.9840124304915,5.464217085382472e-05,0.003200457025704153,1.2242361119006659e-05,1.050782927195567e-09,2.732108542691236e-05
19,33,348.00000000000944,19.999999999657867,1.5414240078047583e-08,5.983875645506248e-11,1.879889976759572e-09,9.999999999828933,418.00000000000006,19.98117683238132,3.2724401222335284e-11,1.2703756169399823e-13,3.987246539833659e-12,9.99058841619066,520.8667896235323,6.10281473283648,268.7135065380036,1.0431576251892734,9.999999999999998,3.05140736641824,349.9981117766584,5.057584148276126e-08,0.8250108528718404,0.0032027283374215162,2.5443865826437327e-10,2.528792074138063e-08
20,33,348.00000000000074,0.008949528788697592,6.631415749845584e-05,2.498890499807602e-07,3.512912014130506e-09,0.004474764394348796,418.00000000000006,19.95853441491526,2.5819202509398714e-10,9.729349251680897e-13,3.0502281000829885e-11,9.97926720745763,520.7917590865965,6.098869291489195,277.00641556100925,1.0438324580196638,9.999999999999998,3.0494346457445975,340.0000000083047,0.0029668945383392042,7.748765006346441e-05,2.919936856628481e-07,1.3608035892457835e-09,0.0014834472691696021
0,34,348.00000000000057,0.01433808630971356,4.3054446719213614e-05,1.596448434598591e-07,3.595555218015615e-09,0.00716904315485678,418.00000000000006,19.958575911405894,2.512010374150506e-10,9.314473498316608e-13,2.9201673347272435e-11,9.979287955702947,520.8673346457996,6.100562166607299,281.4319391679397,1.0435427997967999,9.999999999999998,3.0502810833036493,349.95117383759634,5.1183983403646494e-05,0.004563943218905981,1.6922990684183592e-05,1.3606019038616747e-09,2.5591991701823247e-05
1,34,348.0000000000009,0.00699168391878402,8.18322681116667e-05,3.179612963241968e-07,3.4920135672789122e-09,0.00349584195939201,418.00000000000006,19.9662987915319,1.6075497203683351e-10,6.24617409230826e-13,1.9589868810883172e-11,9.98314939576595,520.7643855719574,6.117999746242725,267.80642861451423,1.0405684844275314,9.999999999999998,3.0589998731213623,340.00000001013774,0.0014715903842255074,0.00011747679770236151,4.5645899530105923e-07,1.0551363583637272e-09,0.0007357951921127537
2,34,348.0000000000005,0.0039051522808648542,0.0001147079155048654,4.546389110735168e-07,2.7888454892719387e-09,0.0019525761404324271,418.00000000000006,19.9604457051166,2.3143246523780167e-10,9.172706479729448e-13,2.875991566782421e-11,9.9802228525583,520.8342142384095,6.09495939567924,263.53365850747014,1.0445020730062378,9.999999999999998,3.04747969783962,340.0000000081365,0.00061834308825226,0.000267975711650931,1.0621079216975433e-06,1.0316159203117646e-09,0.00030917154412613
3,34,348.00000000000205,19.999999999109402,7.130085341310397e-08,2.8499920974279614e-10,8.95351423566995e-09,9.999999999554701,418.00000000000006,0.015421128978712062,1.2238253353160335e-07,4.891796335276123e-10,1.184961974136221e-11,0.007710564489356031,520.7565015359477,6.101133314399406,261.0481864674457,1.0434451102143307,9.999999999999998,3.050566657199703,340.00000216859087,8.281066271997872e-05,0.00516352245180782,2.0639301604543725e-05,2.6847332083222326e-09,4.140533135998936e-05
4,34,348.00000000000006,19.999999999860943,3.326304124167889e-08,1.290138447403456e-10,4.053089468448258e-09,9.999999999930472,418.00000000000006,19.972452893311836,1.2820147204098044e-10,4.972415086523819e-13,1.5599786621809188e-11,9.986226446655918,520.8194891656264,6.0971603200765285,269.201914894368,1.0441250335362524,9.999999999999998,3.0485801600382643,340.00000148520616,0.002410996158545231,6.499951348994771e-05,2.521067475659016e-07,9.547746179233712e-10,0.0012054980792726155
5,34,348.00000000003064,19.999999992096367,3.9913680092422316e-07,1.5503091545779067e-09,4.8704398488902466e-08,9.999999996048183,418.00000000000006,0.19547428099065556,1.1237435095343561e-07,4.364793840594437e-10,1.340211182083743e-10,0.09773714049532778,520.8026103142628,6.09777079506915,268.7896164768283,1.044020501528808,9.999999999999998,3.048885397534575,340.0000132424931,7.657343430622632e-05,0.035056577138442596,0.00013616517529841174,1.637812012456382e-08,3.828671715311316e-05
6,34,348.00000000000006,19.999999999596174,6.626207443206136e-08,2.554351197158544e-10,8.024730955519545e-09,9.999999999798087,423.9999264676816,0.0002404068851323271,5.3992490627365885e-06,2.0813683280167882e-08,7.859876464262271e-12,0.00012020344256616355,520.8017576409638,6.087237024916278,271.29658700119677,1.045827145816352,9.999999999999998,3.043618512458139,340.00000226624593,0.0033106248165797325,0.00010028565021679652,3.8659334601989176e-07,2.0104080658667648e-09,0.0016553124082898663
7,34,348.0000000000006,0.006400935856532897,9.002503637551963e-05,3.412214107770677e-07,3.4308333766274585e-09,0.0032004679282664483,418.00000000000006,19.96468690416922,1.835078940305217e-10,6.955489829366019e-13,2.1812733869699293e-11,9.98234345208461,520.826008411579,6.108483476269698,274.9626791886137,1.0421895628280384,9.999999999999998,3.054241738134849,340.00000001050097,0.0024761457458719605,7.135035756349094e-05,2.7043887620003284e-07,1.0518775914400198e-09,0.0012380728729359802
8,34,353.26588931729697,2.9635037234524595,1.0068594267877256,0.003977638952307634,0.018516151017230774,1.4817518617262297,418.0000000000052,0.05214769819662912,3.423467900382813e-07,1.3524548621431761e-09,1.1078419338644698e-10,0.02607384909831456,520.7775910778096,6.1041371303143155,263.9972007994043,1.0429316359981584,9.999999999999998,3.0520685651571577,340.0000003012608,9.999999999999998,8.869734461185365e-11,3.5040245292230274e-13,5.504108859502747e-12,4.999999999999999
9,34,353.11964603922195,3.832635912282779,8.30180507211531,0.03727401583785977,0.22440040020103716,1.9163179561413894,420.2452277155305,10.526697851766025,3.3267491376730256e-19,1.4936667263209422e-21,2.4698224908632662e-20,5.263348925883013,520.9028071736506,6.112622380655593,231.9630989752966,1.0414838881300277,9.999999999999998,3.0563111903277966,347.9298440487089,5.4853115539591535,10.580263185037822,0.047503993902778874,0.40930900660695124,2.7426557769795767
10,34,351.5806683001198,4.819541122050113,19.295561132435136,0.10207424927434426,0.7727548895481773,2.4097705610250566,418.35882120938004,6.6196127609643405,23.693915081118384,0.12534170826521066,1.3033110304252147,3.3098063804821702,520.8971989040551,6.066044199583903,198.38816974862382,1.0494809325841212,9.999999999999998,3.0330220997919515,347.2463796709112,5.676821873976397,14.823796147322554,0.07841844312007872,0.6992675260016886,2.8384109369881987
11,34,352.6676236377822,5.691708331569494,21.569810007918026,0.12116581064057282,1.0832846918334869,2.845854165784747,418.24308448545514,7.125902106115911,45.79902381328438,0.25727050191199763,2.879716419422913,3.5629510530579553,520.744957355673,6.083329492736122,186.29663504870024,1.046498916633967,9.999999999999998,3.041664746368061,347.9278569742715,4.533055191972854,17.236353142814416,0.09682313846388288,0.6894297814290776,2.266527595986427
12,34,352.6998357938637,5.414653276854159,27.084750243725367,0.2121668605118648,1.804546506995875,2.7073266384270793,418.1849347390921,7.641829206059911,73.45468223502637,0.5754031024640014,6.9069991610753885,3.8209146030299554,520.5782028025004,6.112570365063736,132.95465166763324,1.0414927507520695,9.999999999999998,3.056285182531868,347.5971421940339,7.807079263008386,34.20289374488424,0.2679264353915956,3.285670675886156,3.903539631504193
13,34,352.8085993361238,7.1740225205504995,58.35944464498268,0.43101248577707446,4.857048765707867,3.5870112602752497,418.49433621800677,7.522717394892312,97.2523338884531,0.7182551244597545,8.487374337509795,3.761358697446156,520.8005626490988,6.030439316244962,142.93956979329997,1.0556772715590348,9.999999999999998,3.015219658122481,347.15924102145226,8.196939515779894,52.57989276785845,0.3883277235009647,4.999999999999999,4.098469757889947
14,34,352.9365700571249,5.67522546651985,34.92944767680408,0.1873460213165182,1.6701192098896513,2.837612733259925,419.38806573955287,6.447150743384698,30.514558736313422,0.1636665207069368,1.6574771573912992,3.223575371692349,520.8003841837753,6.084364863363067,195.07971719386055,1.0463208349009112,9.999999999999998,3.0421824316815336,347.76390071746954,9.982166815102012,49.900527458394166,0.26764423438433205,4.196648471643847,4.991083407551006
15,34,353.14403865629265,5.224196209081536,15.134158966460665,0.06788448003300689,0.5570701046952987,2.612098104540768,419.07601281382887,0.06919640958626277,1186.0107451132317,5.319867653299771,0.5782348539276804,0.03459820479313139,520.931357138822,6.054567277410555,234.41468199023137,1.051470308609493,9.999999999999998,3.0272836387052773,348.5987576816657,6.638040264793117,17.45775866249922,0.0783070187099162,0.816508009607026,3.3190201323965587
16,34,348.00000000023516,0.41937439098956375,2.408917269347245e-06,9.36404232783911e-09,6.168579297864736e-09,0.20968719549478188,418.00000000000347,0.3068144879146857,6.784181103372242e-06,2.6371747930105626e-08,1.2709681175153146e-08,0.15340724395734284,520.9032943841951,6.0731280870436155,269.66600361172067,1.048256785042527,9.999999999999998,3.0365640435218078,346.4268659557769,3.7920375057130693,1.6615999792029106,0.006459039808124589,0.038473390658623915,1.8960187528565347
17,34,348.00000000005844,0.0022691127844431946,0.00013309595787384213,5.005100648030998e-07,1.7839750445756646e-09,0.0011345563922215973,418.00000000000006,19.99999999999997,6.888913365602866e-12,2.5905899248338285e-14,8.138578276321678e-13,9.999999999999986,520.7526623668103,6.109136529658897,277.11009223795946,1.042078155033682,9.999999999999998,3.0545682648294483,349.995933614601,7.205166052112527e-08,1.1143742713477858,0.004190627181149017,4.742888300560187e-10,3.6025830260562634e-08
18,34,359.93121116191617,19.999999999119645,8.493044833601287e-08,3.2125026684698744e-10,1.009237478245832e-08,9.999999999559822,418.00000000000006,19.944964722285135,2.554266795479171e-10,9.661539597667985e-13,3.026909857383212e-11,9.972482361142568,520.952952477255,6.0870063607248035,276.5007330162386,1.0458667769352823,9.999999999999998,3.0435031803624017,340.0000029917664,5.222042105756941e-05,0.010569866068356776,3.998062369296025e-05,3.279516430389992e-09,2.6110210528784705e-05
19,34,348.0000000002456,19.99999997465664,5.321456516603963e-07,2.122082281539525e-09,6.666718097549787e-08,9.99999998732832,423.99968271637465,0.0022222443683936888,7.995747660762629e-07,3.188532009163884e-09,1.1130187292888863e-11,0.0011111221841968444,520.7997335199889,6.099476488603717,261.731419099928,1.0437285454859018,9.999999999999998,3.0497382443018584,349.98777383246585,2.996391001634346e-07,8.778711912981088,0.035007612947978814,1.6477103127964893e-08,1.498195500817173e-07
20,34,348.00000001298383,0.142171832879729,6.338319148156175e-05,2.4579356635022096e-07,5.4891354863353444e-08,0.0710859164398645,418.00000000000006,19.84184170797385,5.574254904678279e-10,2.161639325411144e-12,6.737287653669399e-11,9.920920853986924,520.8687956856822,6.129312825447444,267.8378361879291,1.038647872114616,9.999999999999998,3.064656412723722,340.00000000957283,0.06996640623271588,2.9140154729327108e-05,1.1300255458108537e-07,1.2419316807819406e-08,0.03498320311635794
0,35,359.9844866547282,19.99999999998816,7.741368118646738e-09,2.9857874831373916e-11,9.380128022199234e-10,9.99999999999408,418.00000000000006,4.7375533505089606e-05,1.5254306968070064e-07,5.883471514484829e-10,4.3783214716079746e-14,2.3687766752544803e-05,520.8212252992632,6.0803909432853915,271.4610008824081,1.0470046717482926,9.999999999999998,3.0401954716426958,349.9966190731152,8.984200509912677e-08,0.7599271558377778,0.0029309819081349583,4.1363040069711563e-10,4.4921002549563383e-08
1,35,348.00000000000006,0.015287518958206903,6.28058639270884e-05,2.497731575310171e-07,5.997947356875195e-09,0.007643759479103451,418.00000000000006,19.970523653681905,6.617088915134611e-11,2.6315555406026634e-13,8.255091100004193e-12,9.985261826840953,520.9277287124148,6.089647506002005,262.8708311189789,1.045413173324275,9.999999999999998,3.0448237530010025,340.00000052042554,0.007296251869561843,3.430046143959216e-05,1.3640978760333088e-07,1.5633824317549889e-09,0.0036481259347809214
2,35,348.00000000000006,0.006407788741540799,9.314611097330043e-05,3.6418012104699697e-07,3.665593468546102e-09,0.0032038943707703993,423.9999306468783,0.011476960612618825,1.1361989688789237e-07,4.4422797011719203e-10,8.00852744032405e-12,0.0057384803063094125,520.7913867972376,6.096294218657747,267.0931163536521,1.0442733725337638,9.999999999999998,3.0481471093288737,340.00000031674244,0.005120174264979127,3.97424065230339e-05,1.5538377573709036e-07,1.24971300650236e-09,0.0025600871324895635
3,35,348.00000000000074,0.00011765900098126281,0.004961323879390852,1.908819547296928e-05,3.5278483442827434e-09,5.8829500490631403e-05,423.9999616376611,0.00012741572616720154,4.774623534004834e-06,1.8369884640168593e-08,3.676625032128823e-12,6.370786308360077e-05,520.8496931918476,6.103430441318063,271.10581244873737,1.0430523924019692,9.999999999999998,3.0517152206590317,340.00000000867374,0.002957403238447398,5.518307246414997e-05,2.1231133052415284e-07,9.862876456320062e-10,0.001478701619223699
4,35,348.00000000000006,0.004147378779329358,0.00014608886022543272,5.725449680338386e-07,3.72995146192897e-09,0.002073689389664679,418.00000000000006,19.95876144994565,2.4339602081911096e-10,9.539068669876648e-13,2.990607648403186e-11,9.979380724972826,520.7405260422958,6.112101237764543,265.7645696349383,1.0415726893300288,9.999999999999998,3.0560506188822716,340.00000031476674,0.004898794101896087,4.389497021698849e-05,1.7203121634976487e-07,1.3237815483833895e-09,0.0024493970509480434
5,35,359.5551928606392,2.302054954026101,2.561243384473244e-08,1.0163759341789805e-10,3.675275817664465e-10,1.1510274770130504,418.0000000000009,19.99999998824766,2.07404410398835e-07,8.230410770404421e-10,2.585659799713506e-08,9.99999999412383,520.9088239502198,6.088309483654106,263.49955056960135,1.04564292284546,9.999999999999998,3.044154741827053,348.1174938007601,4.470189316536502,1.8981254412510717,0.007532314305761368,0.052890080390038716,2.235094658268251
6,35,352.00838330984595,4.013611731010293,2.7300905910455313,0.010815243696664706,0.06818542379422815,2.0068058655051466,418.00000000000404,6.440818775786672e-07,6.060795944971152e-08,2.4009820536950473e-10,2.429125038679586e-16,3.220409387893336e-07,520.7577574935557,6.1080435950161736,263.09872495853705,1.042264617899957,9.999999999999998,3.0540217975080868,347.1958636309341,3.5915909241092283,2.044146519271346,0.008097878814029368,0.04568546142517728,1.7957954620546142
7,35,348.0007105340875,5.108373735484371,0.9346289775477127,0.003953431855656522,0.03172318601000373,2.5541868677421853,418.2346482824993,19.988114370343936,1.5012106780691713e-15,6.3500429146788474e-18,1.9937392701951272e-16,9.994057185171968,520.8681952261264,6.075366979498715,247.72657092051833,1.0478704817599505,9.999999999999998,3.0376834897493574,349.999999999975,5.8674037126576115,3.0129645908422047,0.012744683162568224,0.11746132393374856,2.9337018563288058
8,35,353.13403308508157,4.6186508278344665,11.023900075865331,0.052718825122515967,0.38247295460056635,2.3093254139172332,420.0991080052006,4.70724235932599,7.824310029524156,0.03741764977114536,0.27667055538366303,2.353621179662995,520.7982135616692,6.078877758303196,218.99099543882886,1.0472652974441152,9.999999999999998,3.039438879151598,348.6598206677453,6.453361575706824,14.626695914303534,0.06994822328937506,0.7090593099015108,3.226680787853412
9,35,353.2218212547328,4.353234552015751,9.282946852307592,0.06052577789310415,0.4138779834499992,2.1766172760078755,418.5238483882648,6.712319102891735,26.962489271838656,0.17579823121650634,1.8535613828968527,3.3561595514458675,520.8029052379677,6.090408488252613,160.31685519909237,1.0452825514011337,9.999999999999998,3.0452042441263063,349.27039149789573,5.523886200298005,9.266175647980706,0.06041642789851308,0.5242273124800145,2.7619431001490025
10,35,351.8247475862899,5.699472434760286,9.996245773356236,0.07088645746374173,0.6346259224872564,2.849736217380143,418.00000000000006,6.758862802004715,31.27526625316046,0.22178254528624913,2.354620230996597,3.3794314010023574,520.8261814141324,6.07482214004118,147.78154688181246,1.0479644633073417,9.999999999999998,3.03741107002059,346.9509142324571,9.413288268412048,9.233658881537318,0.06547871894920747,0.9681918213487956,4.706644134206024
11,35,352.9205979559028,6.577984894138865,18.414037722430642,0.14599113589741444,1.5084788884893097,3.2889924470694325,418.2566854417566,7.217050420923586,34.541370710550446,0.27385269985323474,3.104535593352069,3.608525210461793,520.6489724269084,6.110517196693517,131.40887374971044,1.0418426982122966,9.999999999999998,3.0552585983467586,347.59941848750344,7.0141391108481,16.156346499447235,0.12809159039211376,1.411285468873715,3.50706955542405
12,35,352.89110471730964,5.7911925290014485,22.98230241403589,0.14992909207641872,1.363872558786302,2.8955962645007243,418.72280103423543,6.602068947747122,27.383154699046862,0.17863882600852296,1.8525749548537402,3.301034473873561,520.8513095528298,6.069985373765654,160.7681826150465,1.0487995162542536,9.999999999999998,3.034992686882827,347.5305179078323,8.288038083845311,29.302394472214957,0.1911593242372952,2.4886687912138052,4.144019041922656
13,35,352.2360008315805,5.599330396864974,26.116116927673467,0.13313914288064135,1.1710130318002145,2.799665198432487,419.2915513062487,6.147613673287183,16.27709816490345,0.08298013461422964,0.8013100319967796,3.0738068366435916,520.7356835477032,6.084001558768306,205.25495682367026,1.0463833156815687,9.999999999999998,3.042000779384153,347.1604850013055,8.036749684804182,30.21188248625775,0.15401922690768668,1.944353642521531,4.018374842402091
14,35,351.2767441693507,4.129451162742832,12.0462029695695,0.05200854587262293,0.3373548223730967,2.064725581371416,422.03361124382855,19.999999810721995,3.8349058404230575e-10,1.6556908166221934e-12,5.2015060568898336e-11,9.999999905360998,520.802499784699,6.083520511225291,242.38213768674566,1.0464660572655138,9.999999999999998,3.0417602556126453,347.4384225871039,4.454046657813143,10.555255452879093,0.04557149574891599,0.3188364187576737,2.2270233289065713
15,35,348.00000000000006,19.99999999955624,2.8307991974188115e-08,1.1118079893419194e-10,3.492847811441514e-09,9.99999999977812,418.00000000000006,0.006455941966269307,1.1805417401652491e-07,4.636626079533076e-10,4.701988563351231e-12,0.0032279709831346537,520.7967093441418,6.121610333957393,264.7852048435738,1.039954746606732,9.999999999999998,3.0608051669786964,340.0000015206346,0.0018831602164279815,9.643698129793883e-05,3.787601973775844e-07,1.1203958253059728e-09,0.0009415801082139907
16,35,348.00000000000006,19.99999999915129,4.063393980405746e-08,1.5889632081395863e-10,4.991875141303961e-09,9.999999999575644,418.00000000000006,0.015989239137102373,1.8827430877160415e-08,7.362341705445918e-11,1.8491138234623813e-12,0.007994619568551187,520.895678785242,6.096937446461897,267.0198054906004,1.0441632015382032,9.999999999999998,3.0484687232309486,349.97310733703654,9.999999999520782,2.0845139828115168e-08,8.151353379741129e-11,1.2804115946690933e-09,4.999999999760391
17,35,348.0000000000009,0.013011549446403592,0.00013785861458631297,5.206112642500924e-07,1.0640510240441464e-08,0.006505774723201796,418.00000000000006,0.018882920179493112,1.1556474413106486e-07,4.364203697052489e-10,1.2944761321504849e-11,0.009441460089746556,520.9985668039693,6.067803888426259,277.82347314297135,1.0491765786660823,9.999999999999998,3.0339019442131296,340.00000000451246,0.005687181898879956,8.953561691197414e-05,3.3812359754109067e-07,3.0205948463842994e-09,0.002843590949439978
18,35,348.0000000000121,19.99999999954568,1.5717258400165505e-07,6.128683771007364e-10,1.9253827910734354e-08,9.99999999977284,418.00000000000006,19.9589709168318,1.629180383085954e-10,6.352718215638235e-13,1.9916710666589385e-11,9.9794854584159,520.9030045993695,6.1004132155336945,267.62732293307903,1.0435682795167616,9.999999999999998,3.0502066077668473,340.0000063011995,0.006807590462974744,8.248942217497559e-05,3.2165379615965616e-07,3.4395527914137455e-09,0.003403795231487372
19,35,348.00000000000085,0.006341103235392609,0.00010218995078291722,3.9049663454575373e-07,3.889573620246073e-09,0.0031705516176963044,418.00000000000006,19.97378150907247,8.387736547057683e-11,3.2051907922339286e-13,1.0056203617566351e-11,9.986890754536235,520.939753923195,6.0855542255825705,273.76056030740307,1.0461163416987507,9.999999999999998,3.0427771127912853,340.0000000082716,0.002725377412527763,6.388509442722415e-05,2.441229708042781e-07,1.0450935698004006e-09,0.0013626887062638815
20,35,348.0000000000019,0.015219563401831948,5.804727084251226e-05,2.2111879559461748e-07,5.2862504040258936e-09,0.007609781700915974,418.00000000000006,19.96443802737892,1.2219438749485434e-10,4.654736630872893e-13,1.459728475840922e-11,9.98221901368946,520.8718302411309,6.096857009871872,274.11339522989886,1.044176977312709,9.999999999999998,3.048428504935936,340.00000000872774,0.005888800558023988,4.2509087434355596e-05,1.6192937374804216e-07,1.4978639179578587e-09,0.002944400279011994
0,36,348.0000000000087,0.00016343095261461826,0.015147842384541501,5.747255557815895e-05,1.4754167110461273e-08,8.171547630730913e-05,418.00000000000006,0.05761896169168068,1.2392240027680977e-07,4.701750161168834e-10,4.255443738618573e-11,0.02880948084584034,520.7776882317656,6.083742144183375,275.80338569288955,1.04642793412316,9.999999999999998,3.0418710720916873,340.0000033427671,0.024732906320755532,3.728039329616447e-05,1.4144585224071101e-07,5.495222053689205e-09,0.012366453160377766
1,36,348.00000000000006,0.016181904009968662,6.461080074162423e-05,2.464274955989684e-07,6.2638112296911535e-09,0.008090952004984331,418.00000000000006,19.94625533863553,3.373984114010153e-10,1.2868474711080095e-12,4.031886748528021e-11,9.973127669317766,520.8067708803095,6.088483304017052,274.1491877858623,1.045613070742188,9.999999999999998,3.044241652008526,340.00000063973454,9.999999995874685,4.3159494564356084e-08,1.6461158250217647e-10,2.5857126903564507e-09,4.999999997937342
2,36,348.00000000000006,19.999999997195065,6.783624519590747e-08,2.623199900454364e-10,8.24102553500913e-09,9.999999998597533,418.00000000000006,0.029967994267881437,1.3448624196327247e-07,5.200528058587493e-10,2.4480765727728582e-11,0.014983997133940719,520.8238580655899,6.087000773754932,270.46257599224134,1.045867736886889,9.999999999999998,3.043500386877466,340.0000037287347,9.999999994125986,5.593084273564648e-08,2.1628228489469515e-10,3.397354184638334e-09,4.999999997062993
3,36,348.00000000000006,19.999999999824823,3.15595609711642e-08,1.218420809430927e-10,3.827781863855603e-09,9.999999999912411,418.00000000000006,19.972309670691196,1.2454543276874247e-10,4.808328833967884e-13,1.508489629741987e-11,9.986154835345598,520.7695374437122,6.109085350659917,269.92156020278134,1.0420868850667018,9.999999999999998,3.0545426753299587,340.0000013929648,7.751196692140638e-05,0.0019169682981333004,7.400844604901491e-06,9.010936309316639e-10,3.875598346070319e-05
4,36,354.67438690687555,5.824394222939922,7.8704659304475495,0.03048330065094546,0.2788897987682871,2.912197111469961,418.00000000000006,19.999804415341877,2.0323419669025783e-16,7.87151507294591e-19,2.472885209421914e-17,9.999902207670939,520.8152014841274,6.089947191941962,269.9013457952667,1.045361728604047,9.999999999999998,3.044973595970981,349.9999999999803,1.7474455378347797,3.3340955225421225,0.012913369692567013,0.035445663529686824,0.8737227689173899
5,36,352.45351961233695,6.558328209983616,16.178933788101777,0.06875063532058749,0.7082551479676059,3.279164104991808,418.90430699440174,0.1376581155711513,360.1818532264523,1.530553963851194,0.3309560644969382,0.06882905778557565,520.7750799586772,6.0978462274397645,245.68397862699982,1.0440075866505931,9.999999999999998,3.0489231137198822,346.35781033837486,7.614514690474113,17.35710666853388,0.07375715398912684,0.8821983811295888,3.8072573452370566
6,36,352.6473769324589,6.228714808399711,24.304099004716562,0.12248941953060226,1.198441667096105,3.1143574041998554,419.85223468970963,6.1567960873284235,22.084059463850974,0.11130071615003923,1.0763973150895938,3.0783980436642118,520.6312139775714,6.127211045673703,206.15706973889064,1.0390041531490666,9.999999999999998,3.0636055228368515,347.11088159359724,7.94124726358376,24.75401452101866,0.1247569337642696,1.5562282258122606,3.97062363179188
7,36,353.27554331488534,5.43107333421973,12.724612256820349,0.08828912102736239,0.7532042071677008,2.715536667109865,418.1011583377033,7.3664639489323465,33.18991576454649,0.2302866626252892,2.6646963725934136,3.6832319744661732,520.8054348404067,6.056555606210551,151.49272525204591,1.0511251175747065,9.999999999999998,3.0282778031052753,348.3655391736345,7.64950686925513,15.673224728770814,0.10874792937016974,1.3066952501972688,3.824753434627565
8,36,353.5682799912046,4.611824683537318,11.506206949004902,0.1196959175546492,0.8671056273421038,2.305912341768659,418.21730665012143,7.725728431334254,35.263854916810125,0.36684021845675713,4.451806287681301,3.862864215667127,520.7729452486944,6.0855996011462326,100.56100171985149,1.0461085416261577,9.999999999999998,3.0427998005731163,349.41011962746086,5.781476454370469,14.26759760048277,0.14842190772850566,1.3478968170495969,2.8907382271852344
9,36,353.47840891334135,3.857900946127148,8.197094118776075,0.07467145873306191,0.4525072952472494,1.928950473063574,418.00000000000006,7.112287049858157,30.607023637071663,0.2788147933085701,3.1149061493686068,3.5561435249290785,520.9600633084931,6.0323795518884245,115.85018989463256,1.0553377268316757,9.999999999999998,3.0161897759442122,349.5102412650632,5.425875569771294,10.938183747878895,0.09964142469384517,0.8492384237028949,2.712937784885647
10,36,353.4127991216642,6.077933977426571,11.422393007867637,0.08081177518014585,0.7715258863495793,3.0389669887132853,419.5721382160727,7.053167765731647,22.20669096580983,0.15710912035577154,1.7406260871771353,3.5265838828658236,520.869538923033,6.076423542071097,148.08618232386075,1.0476882790671878,9.999999999999998,3.0382117710355483,347.9908362389776,7.773670790928912,12.222839190018087,0.08647481591698562,1.055931310686161,3.886835395464456
11,36,350.4972421001308,5.682578213089881,11.111956283588722,0.05689754474470412,0.5078773267473635,2.8412891065449406,420.35010458942827,6.184968136227746,8.680850083006831,0.04444933397995995,0.4318397358602008,3.092484068113873,520.8629519523827,6.069579464496389,204.84176979063366,1.0488696557833161,9.999999999999998,3.0347897322481945,345.4761874998406,9.064140237827209,11.84785167503135,0.060665615810990385,0.8637520749315736,4.532070118913604
12,36,352.9544452346505,5.267778389667326,4.611354364244606,0.021142070477475933,0.17494232320162015,2.633889194833663,418.02379399071435,2.606595390289866e-11,0.010116838435434402,4.638353384195606e-05,1.8991415401403487e-15,1.303297695144933e-11,520.874258709784,6.075705770989575,228.54112979607106,1.0478120507535578,9.999999999999998,3.0378528854947877,347.591543632627,5.6644590868912115,9.212749497225877,0.04223848001618222,0.3758258105216211,2.8322295434456057
13,36,351.3500318350138,0.7208493629228644,3.552008193960726,0.014482161455366536,0.016398260487610703,0.3604246814614322,418.00000000104023,19.999914821918313,5.459094453777876e-31,2.225768719062289e-33,6.99242887618532e-32,9.999957410959157,520.8669393719018,6.106267168003102,255.7083411792294,1.0425678321175904,9.999999999999998,3.053133584001551,347.60656623751356,0.08800565034960234,720.1116586638326,2.9360217480333692,0.40587257039679525,0.04400282517480117
14,36,348.00000000000057,19.99999999978015,4.2823034955495586e-08,1.6498222056125094e-10,5.183069320824594e-09,9.999999999890075,423.9999653911122,0.00010415958361592592,5.464859999777424e-06,2.1054199889303536e-08,3.444751151351459e-12,5.207979180796296e-05,520.9052220166817,6.086764627023147,271.47754529243497,1.0459083131639555,9.999999999999998,3.0433823135115734,340.0000016975883,6.381224463147817e-05,0.003256194189273327,1.2544980720849485e-05,1.2574591827063236e-09,3.190612231573908e-05
15,36,348.0000000000001,0.010676301871892946,6.127315005453539e-05,2.3786009326222407e-07,3.988984114489359e-09,0.005338150935946473,418.00000000000006,19.96814412944697,1.5909609066584348e-10,6.176051162662838e-13,1.937173256624571e-11,9.984072064723485,520.9391149386593,6.067320092114265,270.2911578208844,1.049260237967336,9.999999999999998,3.0336600460571326,349.92224315622576,5.677214154609089e-05,0.0034864615539297455,1.3534314289942476e-05,1.2069559255759974e-09,2.8386070773045446e-05
16,36,348.00000000000034,19.999999999367706,6.237815408918324e-07,2.397165523386728e-09,7.530917597472388e-08,9.999999999683853,418.00000000000006,19.949392397519667,3.497725488308632e-10,1.3441608000866454e-12,4.2121203911978886e-11,9.974696198759833,520.9798867452355,6.062624458480767,273.24608715484067,1.0500729126921904,9.999999999999998,3.0313122292403833,340.00000239936503,4.629521094123845e-05,0.038967222396680774,0.00014974935285503154,1.088982494677331e-08,2.3147605470619226e-05
17,36,359.3016483855205,0.01075547266843202,0.00010206491595498829,3.9399412081048126e-07,6.656395515553148e-09,0.00537773633421601,418.00000000000006,19.953977028116697,2.6640671360362877e-10,1.0283913715322222e-12,3.223352257368931e-11,9.976988514058348,520.749279404627,6.109439884522341,269.9388964727635,1.0420264122418066,9.999999999999998,3.0547199422611704,340.00000000778203,0.00272722670946024,0.00015784509557434224,6.093184819991017e-07,2.610270228484565e-09,0.00136361335473012
18,36,348.0000000000071,0.06682162646170298,4.784376090190206e-05,1.811244237147976e-07,1.901139284372272e-08,0.03341081323085149,418.00000000000006,19.877462251265563,8.037297780839898e-10,3.0427184262618742e-12,9.500415049052044e-11,9.938731125632781,520.8615746677795,6.061465909952081,277.42829358847405,1.0502736166879045,9.999999999999998,3.0307329549760404,340.0000000081031,9.999999982211449,1.382228191506846e-07,5.232767656839271e-10,8.219612199712765e-09,4.9999999911057245
19,36,348.00000000000057,0.0047033027854546106,0.00013744767562883544,5.334388397953905e-07,3.9410092020055804e-09,0.0023516513927273053,418.00000000000006,19.978338167553495,5.0263567887018826e-11,1.9507451992155124e-13,6.121809117508274e-12,9.989169083776748,520.932465003195,6.096471973059112,269.06320291734875,1.0442429247290308,9.999999999999998,3.048235986529556,340.00000000802396,0.0034611689154075975,4.774487624059612e-05,1.8529939681726356e-07,1.0074341705135984e-09,0.0017305844577037988
20,36,348.00000000000006,19.999999999837982,2.0883686604294486e-08,7.958024643035992e-11,2.5000871755445877e-09,9.999999999918991,418.00000000000006,0.002788434791661132,1.1921597855055212e-07,4.542893757818843e-10,1.9898161444172125e-12,0.001394217395830566,520.7377733179096,6.107855084179696,273.52264417545365,1.0422967860133527,9.999999999999998,3.053927542089848,340.0000016333435,0.0003152433105384489,0.00044219478930516536,1.6850458910779544e-06,8.344061371783984e-10,0.00015762165526922445
0,37,348.00000005790736,19.999999999812083,1.2406233380302297e-07,4.812642013888883e-10,1.511936079504884e-08,9.999999999906041,418.00000000000006,19.989818206120425,6.514234009234355e-11,2.527010037625229e-13,7.93479459007488e-12,9.994909103060213,520.9664633216337,6.099116792802298,269.07265357307176,1.0437900994433658,9.999999999999998,3.049558396401149,349.9948816780117,1.0331281883349487e-07,3.229346564168069,0.012527322738260679,2.032976480943105e-09,5.1656409416747434e-08
1,37,348.00000000000006,19.999999998802092,1.348885604424536e-07,5.08575092359726e-10,1.5977357738603687e-08,9.999999999401046,418.00000000000006,19.934140200419552,2.804666830376118e-10,1.0574534175604317e-12,3.3111482859962574e-11,9.967070100209776,520.933857423996,6.068020528287917,278.26149544252996,1.0491391210688645,9.999999999999998,3.0340102641439586,340.00000536261564,0.019465421857425724,3.775397745350182e-05,1.4234515148935223e-07,4.352375693256917e-09,0.009732710928712862
2,37,359.9203608385807,19.999999999753687,6.790575149549701e-08,2.698193408216247e-10,8.476624589112172e-09,9.999999999876843,418.00000000000006,19.974637346922886,5.6942262357623414e-11,2.2625658881405343e-13,7.099046408981293e-12,9.987318673461443,520.8905258796552,6.0889571896148675,263.1301935612857,1.0455316937576433,9.999999999999998,3.0444785948074338,340.00000228385915,6.665224131907621e-05,0.005326719982010521,2.1165395310922415e-05,2.2159554212882678e-09,3.3326120659538105e-05
3,37,348.00000000000034,0.009062026163949355,6.64102031352478e-05,2.7124954565430213e-07,3.86112808048221e-09,0.0045310130819746774,418.00000000000006,0.010100632996401515,1.0734192053101749e-07,4.3843334004567877e-10,6.956199686853174e-12,0.0050503164982007576,520.9322904661544,6.074741880194422,256.57721276234173,1.047978309075424,9.999999999999998,3.037370940097211,340.00000000645963,0.004180014334682625,4.7062215690503304e-05,1.922235442878556e-07,1.2621304041477386e-09,0.0020900071673413123
4,37,352.4337089134142,7.187251767289151,180.44609996595406,0.8857624485411592,9.999999999999998,3.5936258836445756,419.9030447759529,6.751197173730415,92.60303941925433,0.45456396649098124,4.820539824643805,3.3755985868652076,520.7603286175162,7.323482766529114,177.08945213989466,0.8692855471403436,9.99999999999894,3.661741383264557,346.93272586616143,6.112299691490841,106.09031104006704,0.5207694358097683,4.999999999999999,3.0561498457454204
5,37,351.80812474508826,8.26886927058491,128.7133297767277,0.7698994282473994,9.999999999999998,4.134434635292455,418.0878587479289,6.083632464811242,174.9470737197909,1.0464467997531042,9.999999999999998,3.041816232405621,520.673132278481,7.6874685704145564,125.25305087331235,0.7492017526147572,9.046946350261894,3.8437342852072782,346.33204522152727,7.452868414608182,71.40295776719407,0.4270971503533852,4.999999999999999,3.726434207304091
6,37,353.20813009754835,5.766007334940427,32.56889944026485,0.27859351199624033,2.5232836040625255,2.8830036674702133,418.0357328423665,7.623854069735703,87.86886192277865,0.7516279413456455,9.001136923919507,3.8119270348678516,520.9644152443342,5.990831342994209,124.22960798186598,1.0626568099134628,9.999999999999998,2.9954156714971045,347.97756808666736,7.35990295654633,39.51450614913551,0.33800604970012993,3.9076570230717715,3.679951478273165
7,37,353.2338634225885,4.934786585457542,20.84583169159214,0.16572020903517692,1.2845875984100292,2.467393292728771,418.74062472709267,7.21631736217621,36.2038265290724,0.28781320836870494,3.262467712698534,3.608158681088105,520.6984988064312,6.086471974416858,131.57041692048705,1.0459586030190757,9.999999999999998,3.043235987208429,347.9762986213333,7.7651123192413545,26.625822782140524,0.21166998671343948,2.581825593210058,3.8825561596206772
8,37,350.6662129300809,5.923089295962047,12.792416778702469,0.07707002686217508,0.7170569796303465,2.9615446479810235,419.2547019501859,6.409683651039794,11.207691160252569,0.06752258574171005,0.6798381588039583,3.204841825519897,520.7712145783682,6.098087037026283,173.28205680994984,1.0439663594536481,9.999999999999998,3.0490435185131415,346.29615468544523,6.022111476794706,11.269436728771893,0.06789458211321095,0.6422495183201272,3.011055738397353
9,37,351.36543836637765,3.8291786393939575,5.259222734692208,0.025377805694917478,0.15264394179946908,1.9145893196969788,419.7303943578857,4.404874327857182,4.8688485330654565,0.02349409756218481,0.16255942981941512,2.202437163928591,520.8519223571752,6.067342976307362,217.44482368263672,1.0492562804732586,9.999999999999998,3.033671488153681,346.47210725990044,7.800627115751032,8.512620481783628,0.041076721682890054,0.5033211390749879,3.900313557875516
10,37,348.00000000054473,5.346351569651891,1.6883176996812626,0.007440735125894991,0.06248751239966736,2.6731757848259456,418.00048906454873,3.9930666055928437,5.018248908837873e-14,2.2116371186254512e-16,1.3872039018250544e-15,1.9965333027964218,520.9665826867215,6.07575869499336,237.7485815249402,1.047802923595663,9.999999999999998,3.03787934749668,349.99999999999994,4.106398116625709,4.3425465394722575,0.019138423164185923,0.12344885950419618,2.0531990583128543
11,37,348.00000000000006,0.026883973391271354,4.632406855667898e-05,1.9065162356360152e-07,8.051074436197564e-09,0.013441986695635677,418.00000000000006,19.94057146857663,3.475238709549048e-10,1.4302713964684216e-12,4.479978511297619e-11,9.970285734288314,520.9538557082694,6.070437838883118,254.81576546343797,1.0487213431127254,9.999999999999998,3.035218919441559,340.0000013695045,0.01275580754235861,3.538510036016706e-05,1.456311382790699e-07,2.917978442852753e-09,0.006377903771179305
12,37,352.1639836885841,0.073436162692051,3.7242309169813774e-05,1.4685947890404326e-07,1.6940718861996104e-08,0.0367180813460255,423.9995987899003,0.0012502220161197397,7.505393767029629e-06,2.959639834817303e-08,5.812271377485742e-11,0.0006251110080598699,520.898025012599,6.075662693434154,265.7180681627958,1.0478194799318985,9.999999999999998,3.037831346717077,340.0000000068661,9.9999999871137,1.0937600133195914e-07,4.3130791076829944e-10,6.77496881079383e-09,4.99999999355685
13,37,348.0000000000008,0.007073596161685458,0.00011437519953096642,4.4025668584059443e-07,4.891770784210368e-09,0.003536798080842729,418.00000000000006,19.96922464848788,1.2017738675895297e-10,4.625906509842215e-13,1.4510351438567063e-11,9.98461232424394,520.9105888958237,6.10471417139104,270.91976675124727,1.042833054086329,9.999999999999998,3.05235708569552,340.0000000083499,0.0034240960269418252,6.131616276621685e-05,2.360201400182772e-07,1.2694478852099033e-09,0.0017120480134709126
14,37,359.9408502810523,19.999999999467697,5.379289497442387e-08,2.0808774735984998e-10,6.537269383903546e-09,9.999999999733848,418.00000000000006,19.975369270835635,7.411455348252196e-11,2.866982802857469e-13,8.995799795414841e-12,9.987684635417818,520.9453852334675,6.084568894772127,270.4759896997858,1.0462857490438908,9.999999999999998,3.0422844473860633,340.0000016931975,4.9829257127598225e-05,0.00618080544059469,2.390928916568557e-05,1.8714186540960058e-09,2.4914628563799113e-05
15,37,359.76167480989983,0.0005244627120362111,0.00027015761217842463,1.0135458595295493e-06,8.349835071648005e-10,0.00026223135601810554,423.99996215585867,0.0001855404815209738,3.390363791247465e-07,1.271957193879952e-09,3.7070722662111704e-13,9.27702407604869e-05,520.8676895757563,6.079383040234696,279.1222264307735,1.047178255020767,9.999999999999998,3.039691520117348,349.994630589136,8.141514191601653e-08,1.8867521474153877,0.007078496924633661,9.052449463325574e-10,4.0707570958008264e-08
16,37,348.00000000000034,19.999999999283244,1.4327019766512758e-07,5.449895464521673e-10,1.7121351553560027e-08,9.999999999641622,418.00000000000006,19.95045848511305,3.419853126469927e-10,1.300887577948476e-12,4.0767353990813555e-11,9.975229242556525,520.825469244407,6.082184276059808,275.161860239862,1.0466959622933352,9.999999999999998,3.041092138029904,340.0000009570207,8.01776732490822e-05,0.008950342554422648,3.404646052577908e-05,4.287906385897697e-09,4.00888366245411e-05
17,37,348.00000000002666,19.999999999762565,2.113384056106509e-08,8.138959788265681e-11,2.556929627837465e-09,9.999999999881283,418.00000000000006,19.975733308976267,6.135716704304469e-11,2.3629567652045984e-13,7.414440488837693e-12,9.987866654488133,520.8516471025039,6.116118195632569,270.2799171796429,1.040888602875893,9.999999999999998,3.0580590978162845,349.9978393333455,4.687489522554075e-08,1.2127312703162578,0.004670410479608037,3.4388658881535333e-10,2.3437447612770375e-08
18,37,348.0000000000002,19.999999999432365,2.6383189723903143e-07,1.0283953927993372e-09,3.2307994109122916e-08,9.999999999716183,418.00000000000006,19.963955174932245,1.8165492477674127e-10,7.080762018341491e-13,2.2204779316359604e-11,9.981977587466123,520.9061294036579,6.109725022868667,267.3164201686365,1.0419777812990223,9.999999999999998,3.0548625114343335,340.0000024770101,6.137229929237265e-05,0.012316450215390008,4.80085266023537e-05,4.6281843434863516e-09,3.068614964618632e-05
19,37,348.0000000000098,0.013939672146491944,9.906671613237115e-05,3.905548261611558e-07,8.551739151408584e-09,0.006969836073245972,418.00000000000006,19.971948159316668,9.979676294829544e-11,3.934329200196606e-13,1.234272359084739e-11,9.985974079658334,520.9318053931779,6.114703781121918,264.08908891782585,1.0411293746281445,9.999999999999998,3.057351890560959,349.95069743849535,9.999999999323522,3.34989179961846e-08,1.3206417458215938e-10,2.0744592032082267e-09,4.999999999661761
20,37,348.00000000022305,19.999999999750052,7.69579453457239e-08,2.9980183046220404e-10,9.418552281010621e-09,9.999999999875026,423.99995138322316,0.0001565756107855809,3.1557761118439017e-06,1.2293824251796615e-08,3.0236463343840444e-12,7.828780539279045e-05,520.9277856114915,6.115366430264066,267.22483780765356,1.0410165598859977,9.999999999999998,3.057683215132033,340.0000042970398,5.849930291645933e-05,0.0049696483399935465,1.9360049990813644e-05,1.7790044828147027e-09,2.9249651458229664e-05
0,38,348.00000000000006,19.9999999989352,6.792748078485944e-07,2.592585534311519e-09,8.144847667962605e-08,9.9999999994676,418.00000000000006,19.947594589153386,3.1382890830022097e-10,1.1977895816346558e-12,3.753106958758427e-11,9.973797294576693,520.5678240921304,6.113678107792696,272.8286467384076,1.0413040417619055,9.999999999999998,3.056839053896348,340.0000015320639,9.99999784248125,2.901955459385844e-07,1.107588218831314e-09,1.7397951303773877e-08,4.999998921240625
1,38,348.00000000000006,19.999999996607286,2.7432528909203677e-08,1.0747605975232231e-10,3.376459996973966e-09,9.999999998303643,418.00000000000006,0.0026546336686905647,1.1531792258719418e-07,4.5179633199390426e-10,1.883940471785122e-12,0.0013273168343452824,520.8885097053816,6.087968768962213,266.9081385959975,1.0457014425126607,9.999999999999998,3.0439843844811065,340.0000010937664,0.0013052899463268375,0.00012050862294763318,4.721326277813398e-07,9.680346089219836e-10,0.0006526449731634187
2,38,348.00000000000045,19.999999999488978,4.062199753429868e-08,1.5125476527968928e-10,4.7518085941097895e-09,9.999999999744489,418.00000000000006,19.959331789205578,2.531000557512408e-10,9.424103158050454e-13,2.9546490685906895e-11,9.979665894602789,520.8287880126542,6.0893157847407,280.7784910992893,1.0454701231998766,9.999999999999998,3.04465789237035,340.00000173674056,5.591488977607639e-05,0.004671390489283308,1.7393779599088794e-05,1.5277113770052023e-09,2.7957444888038196e-05
3,38,351.3325080477292,4.86938464426149,5.542482522823903,0.02301840054430134,0.1760634070931175,2.434692322130745,418.15134036732246,19.639117176020452,7.356482107255161e-20,3.055209485000038e-22,9.425031970034413e-21,9.819558588010226,520.855053175514,6.082767055758517,252.00440205703046,1.0465956801105796,9.999999999999998,3.0413835278792587,347.0576134964109,5.548801243160505,5.2819122902130085,0.021936230242552982,0.19119698589859788,2.7744006215802526
4,38,352.5230572717986,7.172080912958141,236.4773491814178,0.8876360711678112,9.999999999999998,3.5860404564790707,419.8239218509485,7.011541230668936,113.31529551974079,0.4253377503872405,4.684543746904169,3.505770615334468,520.9315785105136,7.517370242979911,145.669272725058,0.546780913178907,6.45652985434954,3.7586851214899557,347.0330094679794,6.013903553037868,141.0094680978254,0.5292899750994499,4.999999999999999,3.006951776518934
5,38,352.1144452916299,7.3084102518401375,212.38002208808845,0.8710783199496647,9.999999999999998,3.6542051259200687,419.5252383278065,6.955318308131385,108.3257261829576,0.4442988123037322,4.854137112337265,3.4776591540656927,520.9663098468894,7.417827938301565,141.14978407564294,0.5789269422096218,6.74559703068486,3.7089139691507826,346.5809423029082,6.337408091592361,122.46018469079041,0.5022714043081465,4.999999999999999,3.1687040457961806
6,38,353.3930970351767,5.617748380594229,49.27990664661175,0.23016163118129454,2.031024148111248,2.8088741902971144,419.76269461915626,5.866822279579054,27.218415691670263,0.127123515040102,1.171517289703414,2.933411139789527,520.8971201993159,6.052775131196482,225.19696492665375,1.0517816349832534,9.999999999999998,3.026387565598241,348.3093115068131,8.983543965835024,67.3620390984793,0.3146141673884467,4.439620520263654,4.491771982917512
7,38,353.3588118335982,3.65172409525605,8.498915300553659,0.0367993939110765,0.21108554787127426,1.825862047628025,418.3815256307049,3.135650091131022,3.763126038278352,0.01629393311057148,0.08025524035019431,1.567825045565511,520.938023799227,6.049083685596642,243.05992830225432,1.052423483383813,9.999999999999998,3.024541842798321,348.73254323892013,8.020556437137381,13.57243345498554,0.05876718467936124,0.740387813623136,4.010278218568691
8,38,359.9749169503958,0.0021691592975798812,0.00010474027196491251,4.2396543844505364e-07,1.4445805998696158e-09,0.0010845796487899406,418.00000000000006,19.970712599851435,1.497307016801293e-10,6.060767400696387e-13,1.9012580059164336e-11,9.985356299925717,520.8548373882201,6.080421921113402,258.6602242119154,1.046999337590389,9.999999999999998,3.040210960556701,349.9732687475595,9.999999999937277,1.6555212565692578e-08,6.701183625259434e-11,1.0526194623669605e-09,4.999999999968638
9,38,348.0000000000001,19.99999999982593,3.208342772315307e-08,1.20545547525807e-10,3.787050065267385e-09,9.999999999912966,418.00000000000006,19.968755316182136,1.5736915958631214e-10,5.912757099927403e-13,1.854645502657993e-11,9.984377658091068,520.9232761246004,6.087823922870638,278.32205816710564,1.045726322628909,9.999999999999998,3.043911961435319,340.0000020269896,4.198340803895917e-05,0.004036600978047279,1.516653018626079e-05,1.0001929770056307e-09,2.0991704019479585e-05
10,38,348.00000000000006,19.99999999771814,1.4001257638387366e-07,5.55662192204062e-10,1.745664260706713e-08,9.99999999885907,418.00000000000006,19.908845420268356,5.00925182583862e-10,1.988001308694066e-12,6.217025054513816e-11,9.954422710134178,520.843115506823,6.090896587407135,263.36320344659674,1.0451987867989516,9.999999999999998,3.0454482937035676,349.93559718137504,0.030616609989435162,3.07200159019961e-05,1.21917272158795e-07,5.863301352987836e-09,0.015308304994717581
11,38,348.0000000000004,0.005438748199722454,9.521276926477967e-05,3.645028726854372e-07,3.1140084374679664e-09,0.002719374099861227,418.00000000000006,0.007026113180963023,1.0464743984474154e-07,4.006216050339668e-10,4.42149751214836e-12,0.0035130565904815114,520.8543448857779,6.107628353141248,272.27123535766225,1.042335478779022,9.999999999999998,3.053814176570624,340.0000000078643,0.0019465641331244399,8.277345931283309e-05,3.1688148485351836e-07,9.689145069640082e-10,0.0009732820665622199
12,38,348.0000000002757,0.0004931055337671353,0.0010519689839697,3.993739483401493e-06,3.0934242465728687e-09,0.00024655276688356764,418.00000000000006,19.984654038613293,1.471720003618425e-10,5.587299983677075e-13,1.7539552183318602e-11,9.992327019306646,520.864626296775,6.093788406756148,275.1794233284289,1.0447027856460598,9.999999999999998,3.046894203378074,349.9949553486467,6.635617033455424e-08,2.390625835268551,0.009075872895342596,9.459966433942088e-10,3.317808516727712e-08
13,38,348.0000000000019,19.999999999259785,7.587999834436964e-08,2.8863742378081865e-10,9.067812100673431e-09,9.999999999629892,418.00000000000006,19.95016045858988,2.237354946207597e-10,8.510600709634182e-13,2.6670213073142835e-11,9.97508022929494,520.9001742397572,6.080221933995397,275.25509361852335,1.0470337748827034,9.999999999999998,3.0401109669976987,340.00000443528387,5.39499505283203e-05,0.00794753423064636,3.0231363413226133e-05,2.561938273581458e-09,2.697497526416015e-05
14,38,348.0000000000001,19.999999999794035,3.18799166256139e-08,1.1850614316354205e-10,3.7229802876401e-09,9.999999999897017,418.00000000000006,19.96759338705507,1.7721389309411867e-10,6.587512518369347e-13,2.0661747735190597e-11,9.983796693527536,520.8515405404622,6.096811110446185,280.9012655291484,1.0441848383277061,9.999999999999998,3.0484055552230926,340.0000015434849,6.436917258767494e-05,0.002728547445052227,1.0142737760238714e-05,1.0255409362676277e-09,3.218458629383747e-05
15,38,348.0000000000001,0.00434218173341705,7.300939755389974e-05,2.694545293958404e-07,1.8378639594837168e-09,0.002171090866708525,418.00000000000006,0.0035681352889866957,1.3102464508396689e-07,4.83570406868417e-10,2.7103220923219913e-12,0.0017840676444933479,520.8405550320517,6.087430746539418,283.3605364305067,1.0457938642332592,9.999999999999998,3.043715373269709,349.9437371780016,5.860352190190099e-05,0.002359626074085655,8.708631417941938e-06,8.01666071631633e-10,2.9301760950950495e-05
16,38,348.0000000000007,19.999999999839304,6.887428083129046e-08,2.70250345702719e-10,8.490165006829423e-09,9.999999999919652,418.00000000000006,19.97353805959851,8.794741949264389e-11,3.450899266704362e-13,1.0826975666656206e-11,9.986769029799255,520.7583075617523,6.122275511065586,265.0074433720778,1.039841756903843,9.999999999999998,3.061137755532793,340.0000015586385,8.928157784637847e-05,0.0030290083424168953,1.1885286376778974e-05,1.6668302916959949e-09,4.4640788923189234e-05
17,38,348.0000000000005,19.999999999606192,3.8652852538057623e-08,1.5304892449112944e-10,4.808173768116838e-09,9.999999999803096,418.00000000000006,19.96694770286475,1.6435463492648055e-10,6.507747412914254e-13,2.0410904262974354e-11,9.983473851432375,520.8396695226585,6.109641076184934,263.15746450357705,1.041992098110464,9.999999999999998,3.054820538092467,340.00000200001296,6.1006027308962985e-05,0.0033381002822009146,1.321746325271493e-05,1.2666036449850662e-09,3.0503013654481492e-05
18,38,348.00000000000716,0.036186366795067926,4.7535157324137196e-05,1.8049664225199972e-07,1.0259684014397448e-08,0.018093183397533963,418.00000000000006,19.942160317118457,2.4807563040419644e-10,9.419726542015454e-13,2.950736137925425e-11,9.971080158559229,520.8165648594043,6.103672872558933,274.6848341443979,1.0430109634966096,9.999999999999998,3.0518364362794665,340.0000000114499,0.015602463316151116,3.2529495633202326e-05,1.2351836128167646e-07,3.027224073800376e-09,0.007801231658075558
19,38,348.00000000000006,0.004208132417929278,0.00011154265704533718,4.3386451714408107e-07,2.8678960642288304e-09,0.002104066208964639,418.0008557641794,0.003277840999846404,6.959994394671465e-08,2.7072105751813617e-10,1.3938941584465175e-12,0.001638920499923202,520.8801529183955,6.096129480535473,268.48052736325064,1.044301592346857,9.999999999999998,3.0480647402677365,349.81581206222035,6.39816770640067e-05,0.0021102367662365154,8.208132026752414e-06,8.24935189620804e-10,3.199083853200335e-05
20,38,348.00000000000375,0.029079706108184666,8.055008406650425e-05,3.0773694989494015e-07,1.4056899345575078e-08,0.014539853054092333,418.00000000000006,19.93629250691862,3.876507262968981e-10,1.4809972393905024e-12,4.6378694863061983e-11,9.96814625345931,520.8089685671426,6.101398611597923,273.1096697470844,1.0433997397866357,9.999999999999998,3.0506993057989615,340.0000000080432,0.010553737755659043,6.738397724202018e-05,2.5743659821793263e-07,4.2677253585713115e-09,0.005276868877829521
0,39,348.0000000000006,0.004286949710404997,0.00012103804093957983,4.6505860075248434e-07,3.131669672154123e-09,0.0021434748552024985,418.0020917477552,0.00753564253248129,1.279490881863572e-07,4.916125827681466e-10,5.819198286024323e-12,0.003767821266240645,520.8150038906527,6.091120712206927,272.01767348947976,1.045160328364141,9.999999999999998,3.0455603561034637,340.00000000985386,0.002913064045744207,6.366658479531628e-05,2.446230342936511e-07,1.1193534930772363e-09,0.0014565320228721035
1,39,348.00000000000006,19.999999997925574,5.527078838943597e-07,2.1801082284403166e-09,6.84901199378837e-08,9.999999998962787,418.00000000000006,19.94461200062776,3.644628027465793e-10,1.4375918606945458e-12,4.5038205097183225e-11,9.97230600031388,520.7994925056098,6.0997989984698195,264.59534781238403,1.0436733612489233,9.999999999999998,3.0498994992349098,340.00000883832814,9.99999999638845,1.934042081244833e-07,7.628660958774364e-10,1.1983072608078658e-08,4.999999998194225
2,39,348.00000000000006,0.01279597430368895,6.521862089154029e-05,2.533571404086582e-07,5.0924454423847444e-09,0.006397987151844475,418.00000000000006,0.014657552688987607,8.215476208339469e-08,3.1914958194251623e-10,7.348109524769474e-12,0.007328776344493804,520.9896685481046,6.072281567391802,269.87750352100727,1.0484029195652491,9.999999999999998,3.036140783695901,349.96531221209824,9.999999998861563,2.9456566094521923e-08,1.1443098995266802e-10,1.7974777866869148e-09,4.9999999994307815
3,39,359.97792322043375,19.999999999884356,2.091107283479722e-08,7.951906874901887e-11,2.498165222007749e-09,9.999999999942178,418.00000000000006,19.968219117241162,1.913531055384745e-10,7.276633233915936e-13,2.2823891615910447e-11,9.984109558620581,520.8131531823298,6.113528323442234,273.83769070229596,1.0413295542059928,9.999999999999998,3.056764161721117,340.00000107085856,9.99999999911319,1.9762125593376208e-08,7.514993783922072e-11,1.1804524630624433e-09,4.999999999556595
4,39,353.44814108138024,5.798790592247462,14.661265959631406,0.06448671868895148,0.587391397329215,2.899395296123731,423.4837031843441,16.93029052186472,5.51521960271625e-28,2.42583700484958e-30,6.451280188495282e-29,8.46514526093236,520.8989794045353,6.091049507318634,237.62338955496483,1.0451725463775294,9.999999999999998,3.045524753659317,348.4627724061158,6.832634465344517,16.987848084064403,0.07472005374870411,0.8019462113109016,3.4163172326722586
5,39,352.9428329702471,5.622477712747605,21.077440004585938,0.09224126285018566,0.8146533725179543,2.8112388563738024,419.13206280723495,2.921571161856525,5.686766035793367,0.02488701097291673,0.1142113027574935,1.4607855809282626,520.9201813680193,6.080999723260638,239.22015143659485,1.0468998542006593,9.999999999999998,3.040499861630319,347.75966509151823,6.871699291955106,20.563907282091773,0.08999388808230828,0.9713976283137137,3.435849645977553
6,39,351.35734342765267,4.500922390435745,8.060781043138885,0.03115961594310286,0.22029949298325013,2.2504611952178726,418.00008400190103,19.922477913902416,4.764834644957267e-11,1.841886248673548e-13,5.764027399377071e-12,9.961238956951208,520.8794752162139,6.090178488529768,270.41770977739174,1.0453220272059185,9.999999999999998,3.045089244264884,347.3159781442845,5.044624151648184,5.544114469984656,0.021431233115600294,0.16982274328755206,2.522312075824092
7,39,348.0000000000023,19.999999998533838,6.785405803202025e-07,2.645738484434053e-09,8.31183258540849e-08,9.999999999266919,418.00000000000006,19.92609716038638,5.48158991408387e-10,2.137359770690999e-12,6.689901933001723e-11,9.96304858019319,520.8736566542246,6.053715293761972,269.7037854572259,1.0516182897196762,9.999999999999998,3.026857646880986,340.00000127025686,7.917254461276002e-05,0.03591307674012679,0.000140030842637221,1.7414787628456514e-08,3.958627230638001e-05
8,39,348.0000000000003,19.99999999892105,2.459166401472857e-08,9.171121231057683e-11,2.8811927083117867e-09,9.999999999460526,418.00000000000006,19.965198858350472,2.0016968396801325e-10,7.465051723842915e-13,2.341134357170736e-11,9.982599429175236,520.8556489186418,6.0996992389490945,279.8576504639621,1.0436904303453218,9.999999999999998,3.0498496194745472,340.00000103712904,5.865635412405368e-05,0.0025266184762871573,9.42267442202427e-06,8.681787020821466e-10,2.932817706202684e-05
9,39,348.0000000000009,0.0064788263480934916,7.930856026058186e-05,3.028800549649703e-07,3.082385068125134e-09,0.0032394131740467458,418.00000000000006,19.999999999999567,3.2677252930196065e-11,1.2479470225008228e-13,3.920541197957756e-12,9.999999999999783,520.8327741185335,6.114990831433103,272.60492846802055,1.0410805018629663,9.999999999999998,3.0574954157165517,340.0000000090053,0.003067062589071412,4.9645366867705075e-05,1.8959607129723868e-07,9.134228036117605e-10,0.001533531294535706
10,39,359.7259286172992,19.99999999987774,3.617316293431982e-08,1.4302725355060916e-10,4.493333690149716e-09,9.99999999993887,423.99992904940876,19.9918888344078,2.152336256183105e-11,8.510252310482904e-14,2.672490323560051e-12,9.9959444172039,520.8100931941659,6.111956659127403,263.43140146037604,1.0415973277835233,9.999999999999998,3.0559783295637013,349.98109731406515,8.651269936166273e-05,0.0027462763117365703,1.0858667766265767e-05,1.4756259555644392e-09,4.325634968083136e-05
11,39,348.00000000000006,0.03650789473974214,3.642491747413269e-05,1.3559056517686273e-07,7.775639865487668e-09,0.01825394736987107,418.00000000000006,19.930366897353675,4.241445606665038e-10,1.5788642688979147e-12,4.9428788620923336e-11,9.965183448676838,520.6845328373017,6.10210513009032,280.2654370135193,1.0432789320988942,9.999999999999998,3.05105256504516,340.0000020434772,0.018240266619242718,3.162029231198112e-05,1.1770550499349386e-07,3.3724679735430473e-09,0.009120133309621359
12,39,348.0000000000001,19.99999999988963,3.164409943953985e-08,1.1981220297159406e-10,3.764011366638919e-09,9.999999999944816,418.00000000000006,19.9739903870917,1.0638375679405891e-10,4.027945963905058e-13,1.2637708952010144e-11,9.98699519354585,520.8478411579525,6.10882184862615,275.24177506544686,1.0421318351438822,9.999999999999998,3.054410924313075,340.00000137512325,6.960972343961203e-05,0.0021598030325014534,8.177535903751773e-06,8.941538377934395e-10,3.480486171980601e-05
13,39,348.0000000000367,0.007622232968731879,0.0001287295450730605,4.80657979194838e-07,5.7549062324560335e-09,0.0038111164843659395,418.00000000000006,0.010269239875018599,5.1966879479717675e-08,1.9403700418273326e-10,3.1299884594723986e-12,0.005134619937509299,520.9603958482352,6.0701911660522425,280.8793638508876,1.0487639597380387,9.999999999999998,3.0350955830261213,340.0000000081723,0.003936646941216537,5.937246680067099e-05,2.216884235551866e-07,1.3708481771561177e-09,0.0019683234706082686
14,39,348.00000000000006,19.99999999903466,3.421457584533656e-08,1.3262885715189057e-10,4.166658432622783e-09,9.99999999951733,418.00000000000006,0.00401795828401319,9.105868907824363e-08,3.5297850602590146e-10,2.2277864652096883e-12,0.002008979142006595,520.8977796481724,6.095208130172032,269.4416418428522,1.0444594487532508,9.999999999999998,3.047604065086016,340.0000026332317,0.0008885257401871627,0.00019228425971800335,7.453677558353269e-07,1.0403045361004458e-09,0.00044426287009358134
15,39,348.00000000000034,19.999999997444444,3.8560369179679886e-08,1.4858970654000165e-10,4.668083304054847e-09,9.999999998722222,418.00000000000006,19.966907195545097,1.749276955703172e-10,6.740717348787572e-13,2.114154846842078e-11,9.983453597772549,520.8588260604531,6.091686467890836,271.2033430139878,1.045063260762339,9.999999999999998,3.045843233945418,340.0000018306423,6.651870573115559e-05,0.003086984274404816,1.1895479664368179e-05,1.2429270118053693e-09,3.3259352865577796e-05
16,39,348.00000000000006,0.006009081980643316,3.094329098280533e-05,1.1829895970058528e-07,1.1166290742461967e-09,0.003004540990321658,423.9999769751643,7.474066361157217e-05,5.9439744502001865e-06,2.2724344166762288e-08,2.667891631523039e-12,3.737033180578608e-05,520.7942351647615,6.087982127225263,273.52204195145987,1.0456991480323796,9.999999999999998,3.0439910636126317,349.94565810582696,9.99999999870115,1.1294866638396627e-08,4.3181281978754477e-11,6.782899910971222e-10,4.999999999350575
17,39,348.0000000000005,0.00765078880469261,9.25272029756184e-05,3.646773514376729e-07,4.382630761416764e-09,0.003825394402346305,418.00000000000006,0.008706022740980757,1.0379654425228138e-07,4.0909319236937845e-10,5.594508355753342e-12,0.004353011370490378,520.8666710431544,6.087576442836758,265.3360974190611,1.0457688348483751,9.999999999999998,3.043788221418379,340.0000000080475,0.001938838734121262,0.00010704658580604905,4.2190257715325316e-07,1.2849130581794142e-09,0.000969419367060631
18,39,348.00000000000006,19.999999999705803,2.041035265171412e-08,7.964847169611265e-11,2.5022305354648134e-09,9.999999999852902,418.0011940737384,0.005388818497799264,1.0137462989144152e-07,3.9559994270526576e-10,3.3486491961289004e-12,0.002694409248899632,520.7646402857491,6.10246664018268,267.33004446513354,1.0432171282603255,9.999999999999998,3.05123332009134,340.00000122972153,0.0006791738660751889,0.00022886623657384373,8.931176387301031e-07,9.528170281303016e-10,0.00033958693303759446
19,39,348.00000000000057,0.006695853937220164,7.40281408738675e-05,2.8823805039089735e-07,3.0316367293917176e-09,0.003347926968610082,418.00000000000006,19.971782624724263,1.0308356732927061e-10,4.0136907564588776e-13,1.2591591211932616e-11,9.985891312362131,520.9086471351734,6.088969068346616,268.52324463889806,1.04552965407073,9.999999999999998,3.044484534173308,340.00000000674515,0.0010499597602802169,0.00013849114839876615,5.392330286785347e-07,8.893424397123246e-10,0.0005249798801401084
20,39,359.9593859610247,19.99999999994525,3.4563428781589574e-08,1.3161465705258903e-10,4.134796397000218e-09,9.999999999972625,418.00000000000006,19.981916287807078,5.655873931295453e-11,2.1537096695587001e-13,6.759960685059313e-12,9.990958143903539,520.955090405041,6.097947759432092,274.16308991117154,1.0439902037253108,9.999999999999998,3.048973879716046,340.0000011766848,9.999999999775316,2.2717089539020258e-08,8.650478422741724e-11,1.3588139731155906e-09,4.999999999887658
0,40,348.00000001251266,19.999999998469814,1.008511411350807e-07,4.0779566414525814e-10,1.2811278625464955e-08,9.999999999234907,418.00000000000006,0.001591705373101604,6.809894830704984e-08,2.753608490683418e-10,6.884695732491809e-13,0.000795852686550802,520.8804030936269,6.105988274236827,257.8471703637937,1.0426154518731874,9.999999999999998,3.0529941371184135,349.99501283153904,1.3224881986737057e-07,2.1445157341123235,0.00867143602164052,1.8013690906150744e-09,6.612440993368528e-08
1,40,348.00000000000006,19.999999999169578,5.550132590903752e-08,2.154484311486063e-10,6.768512084958042e-09,9.999999999584789,418.00000000000006,19.95172929905492,3.012577752791145e-10,1.1694408014968839e-12,3.6650395283770176e-11,9.97586464952746,520.8524169888433,6.078672152973329,269.79346420286663,1.047300720201178,9.999999999999998,3.0393360764866646,340.00000359091234,9.999999997203766,3.987611315803212e-08,1.547935275327065e-10,2.431491043920099e-09,4.999999998601883
2,40,348.0000000000007,0.0011699697699185663,0.0004542048686392521,1.8070784911299745e-06,3.321020329967667e-09,0.0005849848849592831,418.00000000000006,19.960043377451022,2.3788162708543535e-10,9.464248435489857e-13,2.967341221665302e-11,9.980021688725511,520.8844057516802,6.078274672836117,263.25375205993447,1.047369206943942,9.999999999999998,3.0391373364180585,340.0000000096343,0.0027051942980076404,7.01793381910403e-05,2.792122703279311e-07,1.186459287646452e-09,0.0013525971490038202
3,40,359.19526685875155,19.99999999939083,2.863150892659823e-08,1.0825889558744219e-10,3.401053510528938e-09,9.999999999695415,418.00221994104413,0.00785453322971108,1.367838524090553e-07,5.171948441125837e-10,6.3810837577504e-12,0.00392726661485554,520.8188324400703,6.075671943749969,277.1190944986875,1.0478178846085835,9.999999999999998,3.0378359718749843,340.0000014403535,7.193721825338173e-05,0.0036494856729581402,1.3799108158411087e-05,1.5592815340967386e-09,3.5968609126690865e-05
4,40,348.0000000000001,19.9999999998931,3.016764889013377e-08,1.1420782782138844e-10,3.5879447286420413e-09,9.99999999994655,418.00000000000006,19.97329687778899,1.1737631815612514e-10,4.4435992950936945e-13,1.3941340149830356e-11,9.986648438894495,520.7791912278678,6.110827542537708,275.1855902506045,1.0417897869577342,9.999999999999998,3.055413771268854,340.00000130019436,8.74340856586997e-05,0.0016194123526046024,6.130725261741665e-06,8.420008000875774e-10,4.371704282934985e-05
5,40,348.00000000000006,19.99999999908608,3.074445390280699e-08,1.1590557709465356e-10,3.6412810949400977e-09,9.99999999954304,423.9969453265965,0.00964002183978252,1.3892714962221923e-07,5.237507715044643e-10,7.930901764374871e-12,0.00482001091989126,520.8591309822549,6.084579003418357,277.5313435760003,1.0462840107917475,9.999999999999998,3.0422895017091784,340.0000040776086,0.0037799483132889833,6.274083052789479e-05,2.3653086155710065e-07,1.404408832384361e-09,0.0018899741566444916
6,40,348.0000000000694,0.00021464553115180252,0.0033356301393807726,1.2861373725805109e-05,4.336397508438201e-09,0.00010732276557590126,418.00000000000006,19.986128795163044,1.663314477318122e-10,6.413333679825145e-13,2.013410806495232e-11,9.993064397581522,520.8308727635307,6.093423261111802,270.96257323620864,1.0447653889899386,9.999999999999998,3.046711630555901,349.99380370353896,8.132731336540477e-08,2.735220028999133,0.01054633923585902,1.3472805481720645e-09,4.0663656682702384e-08
7,40,348.00000000000006,19.99999999917738,6.324360027989722e-08,2.422719204086881e-10,7.611196852957199e-09,9.99999999958869,418.00000000000006,19.948612752265213,2.8174440343097846e-10,1.0792990497304158e-12,3.382005982454512e-11,9.974306376132606,520.8571008938039,6.10966486782543,272.00459309529475,1.041988040489967,9.999999999999998,3.054832433912715,349.9732584979589,9.99999999610574,4.377768303094698e-08,1.6770239663793535e-10,2.6342630853098465e-09,4.99999999805287
8,40,348.0000000000553,19.99999999966343,7.062836148492954e-08,2.6173074303667275e-10,8.222513795287718e-09,9.999999999831715,418.00000000000006,0.014937263743668439,4.4890279132989883e-08,1.6635195643195102e-10,3.903182331673727e-12,0.007468631871834219,520.994946129983,6.073248369229626,282.86777460565577,1.0482360240576407,9.999999999999998,3.036624184614813,340.0000028388294,5.6222917505621695e-05,0.005586699777637061,2.0702888374888385e-05,1.8283704587129429e-09,2.8111458752810847e-05
9,40,348.0000000000001,19.999999999717854,3.2214658843578156e-08,1.2208543245391517e-10,3.83542697702142e-09,9.999999999858927,418.00000000000006,19.962363351272096,2.303408300036289e-10,8.72933653568479e-13,2.7372412121730123e-11,9.981181675636048,520.9166862882877,6.07452416288028,276.53973964766175,1.048015869716655,9.999999999999998,3.03726208144014,340.00000214094774,4.280446288973394e-05,0.004669912326354789,1.7697789961185506e-05,1.1899479508884434e-09,2.140223144486697e-05
10,40,348.00000000000006,19.999999999581373,6.275463652513212e-08,2.455047143058401e-10,7.712758068687443e-09,9.999999999790687,418.00000000000006,19.956826313739064,2.4088387375058095e-10,9.423706339584433e-13,2.954153779285684e-11,9.978413156869532,520.7622748707436,6.1189659065311215,265.9426989684433,1.0404041828180162,9.999999999999998,3.0594829532655607,340.0000073090329,9.999999997929741,3.7542245236295095e-08,1.4687039398985684e-10,2.307034753464248e-09,4.999999998964871
11,40,348.0000000000844,19.99999999978226,6.107239980996817e-08,2.410265397221993e-10,7.57207206503186e-09,9.99999999989113,423.9999516785437,0.00015683854197523495,3.653027966284834e-06,1.4416932901961157e-08,3.551775854666377e-12,7.841927098761747e-05,520.9483212887362,6.093069395966074,264.74277594631644,1.0448260654786836,9.999999999999998,3.046534697983037,340.0000026439526,5.8677568445020256e-05,0.004283856279873061,1.6906541400334656e-05,1.5582845259382064e-09,2.9338784222510128e-05
12,40,348.00000000000006,19.999999996123787,1.3127729646592215e-07,5.066817578365031e-10,1.5917876878186155e-08,9.999999998061893,418.00000000000006,19.896029878977604,6.983772557328518e-10,2.695477627082384e-12,8.424071279957269e-11,9.948014939488802,520.8878001793902,6.073425206760702,271.5818804287293,1.0482055029819428,9.999999999999998,3.036712603380351,348.4660010817724,9.999999984290326,1.0949196677462774e-07,4.2259845142945665e-10,6.638160941717686e-09,4.999999992145163
13,40,348.0000000000006,0.007120895311594211,7.021816080751083e-05,2.7628590618995833e-07,3.0903894277912287e-09,0.0035604476557971054,418.00000000000006,19.99999999999805,4.99304878995441e-11,1.9646043042410062e-13,6.1719864494138305e-12,9.999999999999025,520.8837288663998,6.071922344867181,266.4677365622752,1.048464944393993,9.999999999999998,3.0359611724335904,340.0000000780054,5.982578878516165e-05,0.0029963754731311266,1.1789774943675931e-05,1.1079338346369981e-09,2.9912894392580824e-05
14,40,348.00000000000006,19.99999999955011,3.0056084105504665e-08,1.1570279112214923e-10,3.634910385810018e-09,9.999999999775055,418.00000000000006,0.00800045654183279,1.31085982621849e-07,5.046237564779669e-10,6.341651027683309e-12,0.004000228270916395,520.7721882569795,6.08188542652821,271.91329975917654,1.046747394468741,9.999999999999998,3.040942713264105,349.9879838307275,9.999999998943416,2.4762784718472376e-08,9.532590133254987e-11,1.4973757564576104e-09,4.999999999471708
15,40,348.00000000000006,19.999999999714362,4.529519115754599e-08,1.7614677239689196e-10,5.533814061077258e-09,9.999999999857181,418.00000000000006,19.965663666888926,1.814828518292367e-10,7.057618651815261e-13,2.2134097369810362e-11,9.982831833444463,520.830856726139,6.1052857202816995,268.1337837359928,1.042735428831343,9.999999999999998,3.0526428601408497,340.00000207208427,0.0007251958142386883,0.00030756630731673115,1.1960830928703816e-06,1.3625000197613016e-09,0.00036259790711934414
16,40,359.9186634176502,0.016503900116607184,3.917966959121728e-05,1.533494486786356e-07,3.975471849573142e-09,0.008251950058303592,423.9971752237872,0.009915199581858047,9.592573594077333e-08,3.754538737587383e-10,5.847603630429116e-12,0.004957599790929024,520.850795489279,6.078336677787029,267.5924903467898,1.047358522758497,9.999999999999998,3.0391683388935147,340.00000001395296,8.45736759043092e-05,0.003020426109217508,1.182196489801155e-05,1.5705246227559093e-09,4.22868379521546e-05
17,40,348.00000000000097,0.027106325395248376,4.822447393736889e-05,1.8515444854866011e-07,7.883601717352707e-09,0.013553162697624188,418.00000000000006,19.951875261207878,1.7999002544256903e-10,6.910589413242738e-13,2.1658016910419175e-11,9.975937630603939,520.9762314173508,6.061861071504582,273.53159129625305,1.0502051512862687,9.999999999999998,3.030930535752291,340.0000000065948,9.999999996943108,4.0864946813837446e-08,1.5689806595118275e-10,2.464549056020027e-09,4.999999998471554
18,40,348.00000000000006,0.05516666211315524,4.266160725429898e-05,1.7188996766885594e-07,1.4895226599329916e-08,0.02758333105657762,418.00000000000006,0.05584838111501966,7.487559864195089e-08,3.016849354276083e-10,2.6465742946942042e-11,0.02792419055750983,520.8912342800254,6.09909493233099,259.0606274848914,1.0437938406121414,9.999999999999998,3.049547466165495,349.7611324825266,9.999999995486409,7.264091347672492e-08,2.926810561665414e-10,4.597423277413452e-09,4.999999997743204
19,40,359.8171170844229,19.999999998783412,1.8993493634548551e-07,7.33374406272651e-10,2.303963646936788e-08,9.999999999391706,418.00000000000006,19.93069528566854,1.8370435721464313e-10,7.093169718757225e-13,2.2206631086609423e-11,9.96534764283427,521.0541254224825,6.057315798303475,272.1942913866432,1.0509932015528807,9.999999999999998,3.0286578991517374,340.00004831109726,5.775176957278916e-05,0.017067654586540068,6.590141492506953e-05,5.978330385685635e-09,2.887588478639458e-05
20,40,348.00000000032543,19.999999999803293,8.791591342749517e-08,3.408643842638924e-10,1.0708570454633204e-08,9.999999999901647,418.00000000000006,19.97470337057372,8.639873326994334e-11,3.3498202849848483e-13,1.0510460001652066e-11,9.98735168528686,520.9296504609882,6.102577254318919,269.0622093501905,1.0431982191082176,9.999999999999998,3.0512886271594595,340.0000031076469,5.803095431566874e-05,0.005262733580185184,2.0404479364639214e-05,1.8599664371729481e-09,2.901547715783437e-05
0,41,348.0000000005176,0.00028079494486732415,0.000536961399689904,2.148843073902275e-06,9.477937988337085e-10,0.00014039747243366207,418.00000000000006,19.98518501528657,1.8258734881979305e-11,7.306885748587788e-14,2.2938254498129367e-12,9.992592507643286,520.9237187079267,6.093743877354754,261.05636844658324,1.0447104197033183,9.999999999999998,3.046871938677377,349.99730048931565,3.38074123479228e-08,0.8486821648951317,0.0033963051962999074,1.8035929013591356e-10,1.69037061739614e-08
1,41,348.0000000000002,0.0038626492696280934,8.049164338606907e-05,3.084942781614168e-07,1.871769068360973e-09,0.0019313246348140467,418.00137981257774,19.999999999998316,3.359372901070418e-11,1.2875216290715054e-13,4.044868491228663e-12,9.999999999999158,520.822815624941,6.076811718850863,273.3430421110436,1.0476213544558648,9.999999999999998,3.0384058594254313,340.00000000877003,0.001741533465882128,7.91017720352024e-05,3.0316742258876667e-07,8.293430947644452e-10,0.000870766732941064
2,41,348.0000000000072,19.999999999516305,4.383797034162655e-08,1.708496162762556e-10,5.367398993491388e-09,9.999999999758153,418.00000000000006,0.01721916836649484,1.539085060186177e-08,5.998272499847893e-11,1.6224011343361217e-12,0.00860958418324742,520.9337962011233,6.067888030700777,269.20244220652927,1.0491620299296431,9.999999999999998,3.0339440153503885,349.9890178990075,5.722158951648737e-05,0.003445053069890503,1.3426397035613535e-05,1.2068110561505765e-09,2.8610794758243685e-05
3,41,348.0000000000006,0.004818831729075157,9.737194749568792e-05,3.7746497012418665e-07,2.857184544998061e-09,0.0024094158645375785,418.00000000000006,19.961229055284814,2.40609371481842e-10,9.327286919265408e-13,2.924573171320177e-11,9.980614527642407,520.8160638838104,6.101979604943962,269.13276513049817,1.0433003936161596,9.999999999999998,3.050989802471981,340.0000000093384,0.0028739255745779957,5.8987286398218505e-05,2.286658002706212e-07,1.032277852422146e-09,0.0014369627872889978
4,41,359.83885387226815,19.999999999983466,2.2704837217205107e-08,9.051647585309683e-11,2.843658955686918e-09,9.999999999991733,418.00000000000006,19.987335535151846,2.391837780282033e-11,9.53544500725885e-14,2.99375148415947e-12,9.993667767575923,520.8856801294193,6.10075577962849,261.75033044007614,1.0435096820190182,9.999999999999998,3.050377889814245,349.9946960426022,1.1285411327414062e-07,1.1090530846338382,0.004421418035051597,7.837884297943783e-10,5.642705663707031e-08
5,41,348.00000000000006,19.999999999854154,2.1526302647877407e-08,8.45536327061136e-11,2.656330713419191e-09,9.999999999927077,418.00000000000006,19.96596188624087,1.9374586795762234e-10,7.610186117694167e-13,2.3867415460251983e-11,9.982980943120435,520.8733496693673,6.0822997003160015,266.47070932010877,1.046676099065796,9.999999999999998,3.0411498501580008,340.0000011326232,8.917968268207233e-05,0.001441375434762463,5.661609942780276e-06,7.930959735810457e-10,4.458984134103616e-05
6,41,348.00000000000006,0.009558679421736826,0.00027715468999687663,1.0764002489402657e-06,1.6161868285732278e-08,0.004779339710868413,418.00000000000006,19.9502308361641,2.7100411402863645e-10,1.052512933508532e-12,3.298338646230323e-11,9.97511541808205,520.6906451100398,6.105786086260558,268.46457114145403,1.0426499772078883,9.999999999999998,3.052893043130279,340.0000000441063,9.9999999977318,9.553901699173341e-08,3.7104990600941674e-10,5.828438292849828e-09,4.9999999988659
7,41,348.0000000000503,19.999999997613187,1.663220935420057e-07,6.346074310707682e-10,1.9936780431274896e-08,9.999999998806594,418.00000000000006,19.984708063795686,1.3321860357966205e-10,5.08299973792555e-13,1.595650500659269e-11,9.992354031897843,520.8451430697279,6.07965127394399,274.43926251596247,1.0471320536031228,9.999999999999998,3.039825636971995,349.9930538421688,1.4376037494381053e-07,7.332163469181841,0.02797611143701281,6.317517055270765e-09,7.188018747190526e-08
8,41,348.0000000000223,0.020834615765863873,0.000162593326965853,6.388967227589148e-07,2.0909133379957035e-08,0.010417307882931937,418.00000000000006,19.955940370428834,1.898690803459186e-10,7.46074488110651e-13,2.3386986460165655e-11,9.977970185214417,520.8972124081505,6.102637107405815,265.4817273703603,1.0431879876898063,9.999999999999998,3.0513185537029077,340.00000013473584,9.999999995252427,6.466913615093219e-08,2.5411189943335005e-10,3.991580380352772e-09,4.9999999976262135
9,41,348.0000000000003,19.99999999970955,1.1247660225208845e-07,4.5644765903166213e-10,1.4339726123413038e-08,9.999999999854776,423.99996283226665,8.296378561806206e-05,7.5469736379673335e-06,3.062680042648509e-08,3.991260427398362e-12,4.148189280903103e-05,520.7934193039475,6.125480425493708,256.1009391170325,1.0392977009901558,9.999999999999998,3.062740212746854,340.00000197857264,7.810171522315557e-05,0.005780358996559336,2.3457601665711115e-05,2.8778228459667682e-09,3.905085761157778e-05
10,41,359.87342554587843,19.999999999502787,3.5322250808177254e-08,1.3773673803181399e-10,4.3271272431941114e-09,9.999999999751394,423.9999350982995,0.00017562690732575437,7.504352958950685e-06,2.926271893652853e-08,8.072826276903435e-12,8.781345366287718e-05,520.8599358876968,6.097320029154051,267.75630673929624,1.0440976844312149,9.999999999999998,3.0486600145770253,340.0000018984565,5.421711061792678e-05,0.005384308272997224,2.099574747112831e-05,1.7880826398382019e-09,2.710855530896339e-05
11,41,348.0000000000007,19.999999999715982,4.862147671108739e-08,1.8644566000642667e-10,5.857363157615723e-09,9.999999999857991,418.00000000000006,19.97119264339652,9.394430152098346e-11,3.602421910177888e-13,1.130104107250608e-11,9.98559632169826,520.951053212741,6.079831294244162,273.0640082917349,1.0471010486265888,9.999999999999998,3.039915647122081,340.0000019013173,5.3281800228788256e-05,0.004325352047941014,1.6586150234195056e-05,1.3881754568451936e-09,2.6640900114394128e-05
12,41,348.0000000000002,19.999999999824546,3.605286411501496e-08,1.4503222777735318e-10,4.556321813150972e-09,9.999999999912273,418.00000000000006,19.977368483636884,6.821226692580096e-11,2.7440197268189424e-13,8.610837361391095e-12,9.988684241818442,520.869467110506,6.097620867041485,259.5344175611831,1.0440461718579492,9.999999999999998,3.0488104335207424,340.0000016166643,6.349067365363226e-05,0.00247669554143011,9.96316605399043e-06,9.936356863977694e-10,3.174533682681613e-05
13,41,348.00000000000085,0.007466645410797668,8.791380504230727e-05,3.389314088566474e-07,3.975183866977777e-09,0.003733322705398834,423.9999545151944,0.0002109003792837849,4.467586918252971e-06,1.722375146502096e-08,5.7059109288317555e-12,0.00010545018964189246,520.8340594326302,6.096976569299332,270.8387853660489,1.0441565013931848,9.999999999999998,3.048488284649666,340.0000000086466,0.0014324961201683806,0.00014028791979643683,5.408477346566094e-07,1.2169937459154292e-09,0.0007162480600841903
14,41,348.00000000000006,0.015366103386583063,4.696684561968944e-05,1.859357308985006e-07,4.487934224255552e-09,0.007683051693291532,418.00000000000006,19.95057236232647,2.943835473053707e-10,1.1654267879929928e-12,3.6522477742684574e-11,9.975286181163234,520.7779021148081,6.0892905441628855,264.0839239043141,1.0454744567539755,9.999999999999998,3.0446452720814428,340.00000069584,0.006834800214489789,4.2652091587550204e-05,1.688541718960213e-07,1.81283174099415e-09,0.0034174001072448945
15,41,348.00000000000006,0.012059903702901664,5.4346515711873716e-05,2.0417761682612847e-07,3.867869808777015e-09,0.006029951851450832,418.0022113252475,0.008026894677520602,8.009570780172072e-08,3.009162689225408e-10,3.79413788612121e-12,0.004013447338760301,520.8250230491473,6.09229901791992,278.1393832344292,1.0449581849069203,9.999999999999998,3.04614950895996,349.9755456071796,9.999999997068851,2.1918072738462303e-08,8.234529479105545e-11,1.2934768654871911e-09,4.999999998534426
16,41,348.0000007810872,19.999999908397037,3.0008086497602223e-06,1.1463128031319216e-08,3.601247864540919e-07,9.999999954198518,418.00000000000006,19.321835778472558,1.8781646969688604e-08,7.174613545244952e-11,2.1775431853094457e-09,9.660917889236279,520.7988301903001,6.09401041063965,273.4715115418775,1.044664727280568,9.999999999999998,3.047005205319825,349.99990566588434,8.668222583688266,1.3122156471051865e-06,5.012680821440939e-09,6.825272319086402e-08,4.334111291844133
17,41,348.00000000000006,19.999999999822883,3.760623601255447e-08,1.4306009231064946e-10,4.494365350210339e-09,9.999999999911442,418.00000000000006,19.974551995300814,9.690817256794099e-11,3.686540739838395e-13,1.1566872863034338e-11,9.987275997650407,520.9088329502198,6.086418178178095,274.95378422444895,1.0459678479702272,9.999999999999998,3.0432090890890473,340.00000162931394,0.0014251778101321833,0.00012395745959140498,4.7155385627585504e-07,1.0556506747304917e-09,0.0007125889050660916
18,41,348.00000000004627,0.007440155955123373,0.00011249304838150233,4.3573764252638077e-07,5.0924526014284405e-09,0.0037200779775616866,418.00000000000006,19.980068326851065,5.41322396299291e-11,2.0967921858624828e-13,6.580702164643163e-12,9.990034163425532,520.8992591314395,6.099577933930345,269.4517102972461,1.0437111866810214,9.999999999999998,3.0497889669651723,349.9697688447454,6.0853188719178775e-05,0.003209662520676572,1.2432508498852831e-05,1.1883981911523984e-09,3.0426594359589387e-05
19,41,348.00000000000256,0.00010205727928180863,0.015832518559372892,6.101837385621213e-05,9.78192869945861e-09,5.1028639640904316e-05,418.00935844929376,0.03188728964752485,5.64255848138675e-08,2.1746365976559742e-10,1.0892414919768708e-11,0.015943644823762426,520.992807347735,6.0778181348033735,271.7826936503207,1.047447880551261,9.999999999999998,3.0389090674016868,340.00000044544475,0.011901483438700566,3.762289730170121e-05,1.4499828340640258e-07,2.7107148466084763e-09,0.005950741719350283
20,41,348.0000000254422,19.99999999971471,1.1361811322443308e-07,4.480690539722677e-10,1.4076504482401253e-08,9.999999999857355,418.00000000000006,19.990765163768746,5.862734407530827e-11,2.312052000444675e-13,7.260171705855251e-12,9.995382581884373,520.9180226042405,6.102505592386705,264.52977321411765,1.0432104694206397,9.999999999999998,3.0512527961933524,349.9950625227515,8.621636740595144e-08,3.4701192272236487,0.013684904591240056,1.8533240929131822e-09,4.310818370297572e-08
0,42,348.00000000000114,19.999999999585775,6.709945498094858e-08,2.629794593221021e-10,8.261743374342206e-09,9.999999999792887,418.00000000000006,0.010523515747468792,1.2333966821011127e-07,4.833988482927613e-10,7.990727924453953e-12,0.005261757873734396,520.7231253429005,6.127460326717943,265.09209626329675,1.0389618837541694,9.999999999999998,3.0637301633589713,340.0000005963696,9.33666468583283e-05,0.004160570357708436,1.6306310438026477e-05,2.3914832594147355e-09,4.668332342916415e-05
1,42,348.00000000000006,0.008276415050648467,0.00011775322450681723,4.6006087092038344e-07,5.981050042067152e-09,0.004138207525324233,418.00000000000006,0.004435012672367122,9.121596125581556e-08,3.5638000363005716e-10,2.4827218708578568e-12,0.002217506336183561,520.8778480952208,6.097942446097448,267.21098821539755,1.0439911133877695,9.999999999999998,3.048971223048724,349.97984737656975,0.000752947762324041,0.00033398038264817226,1.304858583320965e-06,1.5432922336153163e-09,0.0003764738811620205
2,42,348.0000000000016,0.007242878679392106,9.645756573753901e-05,3.794028220688435e-07,4.3164990000922544e-09,0.003621439339696053,418.00000000000006,19.970240754977468,1.1446822392309334e-10,4.5024531628552336e-13,1.4123826741327198e-11,9.985120377488734,520.7678817670496,6.1152688440098695,264.6673134825394,1.0410331722229575,9.999999999999998,3.0576344220049347,340.000000013988,0.0015255882553510958,0.00012153416812569995,4.780382545641493e-07,1.1455653412387498e-09,0.0007627941276755479
3,42,348.00000000000006,19.999999999575234,3.494747191124265e-08,1.3362213760308584e-10,4.1978632584190335e-09,9.999999999787617,418.00000000000006,19.96318147770736,2.2765878650941618e-10,8.704564889492483e-13,2.729585478113043e-11,9.98159073885368,520.8984445658778,6.094941628415812,273.1793842011821,1.0445051178169371,9.999999999999998,3.047470814207906,340.00000138861554,0.0010144314845117464,0.0002010215647810776,7.686087067638099e-07,1.2247512648112813e-09,0.0005072157422558732
4,42,348.00000000000057,0.006027367988181709,7.060267111530317e-05,2.8249680007264825e-07,2.674614021473574e-09,0.0030136839940908544,418.00000000000006,0.007560244437300412,1.207202956769287e-07,4.830284278743732e-10,5.736254422815277e-12,0.003780122218650206,520.8861949048379,6.0696842328820635,262.1329555149611,1.0488515513191625,9.999999999999998,3.0348421164410317,340.0000000082205,0.0007814292636574294,0.00020913263260491846,8.36785614033982e-07,1.0271260721009337e-09,0.0003907146318287147
5,42,348.0000000043348,0.12618620370816203,6.18229449300301e-05,2.418682547683988e-07,4.7941390122455134e-08,0.06309310185408101,418.00000000000006,19.859277156340262,3.651333871396126e-10,1.4285015895810904e-12,4.456193510964872e-11,9.929638578170131,520.9078677167164,6.092795388725721,267.07568267920004,1.0448730537473823,9.999999999999998,3.0463976943628603,340.00000000961387,0.06064978877146565,2.9949080530759013e-05,1.1716898714694383e-07,1.1162509600668807e-08,0.030324894385732826
6,42,348.0000000000025,19.999999998506883,2.700361143049432e-07,1.0392672135338221e-09,3.2649542429108424e-08,9.999999999253442,418.00000000000006,19.999999999997705,1.9681959370512744e-10,7.574844247973331e-13,2.3797075041517186e-11,9.999999999998852,520.916033761795,6.095979183340865,271.35090303493683,1.044327339744434,9.999999999999998,3.0479895916704325,349.95104971985137,0.038297664988949265,3.218949289736712e-05,1.2388522429535308e-07,7.452666447194181e-09,0.019148832494474632
7,42,348.0000000000004,0.004813587055860324,6.164859060052507e-05,2.3840872362806286e-07,1.8026476648570148e-09,0.002406793527930162,418.00000000000006,0.0058599020672787105,1.3063586830240638e-07,5.051977720599366e-10,4.6502003195233695e-12,0.0029299510336393553,520.79890457102,6.085934856332163,270.49163138993555,1.046050914766537,9.999999999999998,3.0429674281660817,340.0000000082336,0.0014873744592716065,9.218100426930457e-05,3.5648431466997294e-07,8.328765265947635e-10,0.0007436872296358032
8,42,348.00000000000017,0.007171428491602683,7.543598978343319e-05,2.906265270462532e-07,3.273865259829891e-09,0.0035857142458013413,418.00000000000006,19.9598506601139,2.4521119342489583e-10,9.447066014847369e-13,2.961925391216344e-11,9.97992533005695,520.7870585315704,6.1016214394336314,270.8184227669874,1.0433616354060045,9.999999999999998,3.0508107197168157,340.00000001140245,0.0020376335929874756,9.56648274968649e-05,3.685606387045594e-07,1.1796547500942386e-09,0.0010188167964937378
9,42,348.00000000000006,19.999999999855905,3.3808573353066495e-08,1.3099924658061783e-10,4.1154627068050174e-09,9.999999999927953,418.00000000000006,19.974281391519142,9.453800009855742e-11,3.6630965337749485e-13,1.1493158727667119e-11,9.987140695759571,520.8751228980007,6.105415520526958,269.10572901422995,1.0427132604279072,9.999999999999998,3.052707760263479,340.0000029731096,0.0002669323959931802,0.000603370517298585,2.337900577751031e-06,9.802733592330096e-10,0.0001334661979965901
10,42,348.00000000000006,0.043266151174687906,1.7099597874913843e-05,6.458913454235346e-08,4.3896268709325855e-09,0.021633075587343953,418.00000000000006,19.96075170693209,1.9107998405160159e-10,7.21753276804577e-13,2.263005105603664e-11,9.980375853466045,520.8269981483468,6.1079839450043405,275.9361930242283,1.042274796560764,9.999999999999998,3.0539919725021702,349.95789792457293,9.999999998370791,2.658826730462349e-08,1.0043003272642964e-10,1.5775512648086532e-09,4.999999999185396
11,42,348.00000000502354,19.999999999917996,5.5449059135142206e-08,2.1385028820949528e-10,6.718304944042557e-09,9.999999999958998,423.99999774464135,6.118407427702088e-06,4.02395170734289e-06,1.5519167426431404e-08,1.4915117841926688e-13,3.059203713851044e-06,520.8674550425575,6.1091894693786735,270.1972160453176,1.0420691248135863,9.999999999999998,3.0545947346893367,349.9965495369451,7.233635052986153e-08,1.5189759681604489,0.005858231927483471,6.65645549486628e-10,3.6168175264930766e-08
12,42,359.9377663858859,0.0017630014854219667,0.00014230799168706446,5.442363280415709e-07,1.507162511132126e-09,0.0008815007427109833,423.9999979325139,5.644143447225414e-06,7.755210236760356e-06,2.9658679687688323e-08,2.6294791628929925e-13,2.822071723612707e-06,520.951663969858,6.073756069592326,274.07191786900876,1.0481484028552888,9.999999999999998,3.036878034796163,349.98309355110445,9.99999999983933,1.8516993688973377e-08,7.081556370928569e-11,1.112368273526687e-09,4.999999999919665
13,42,348.00000000000006,19.9999999988585,8.40717012299217e-08,3.186214591290677e-10,1.0009788352188087e-08,9.99999999942925,418.00000000000006,19.938978917494584,3.5006892586668286e-10,1.3267183882760573e-12,4.155291921724137e-11,9.969489458747292,520.885548340207,6.086643119704099,275.97967452054604,1.0459291925736076,9.999999999999998,3.0433215598520493,340.0000032867544,0.015330990973357217,3.514918168868887e-05,1.332110971111984e-07,3.207971564828501e-09,0.0076654954866786085
14,42,348.0000000000007,0.005494309797821728,7.573209928736189e-05,2.8473548310589687e-07,2.4573929722574505e-09,0.002747154898910864,418.00182077581076,19.99999999999763,4.5736109346790164e-11,1.7195737755569704e-13,5.402200340594802e-12,9.999999999998815,520.7679572601551,6.084656877872309,278.28028177491643,1.0462706199304952,9.999999999999998,3.0423284389361545,340.00000001137016,0.002668436679165609,6.406620338495884e-05,2.408743656023424e-07,1.0096418932349964e-09,0.0013342183395828044
15,42,348.0000000000005,0.006737646283401233,6.038181012882799e-05,2.2274252610854777e-07,2.3573888501912987e-09,0.0033688231417006165,418.00000000000006,19.96007448199741,2.534240038389041e-10,9.348560878049892e-13,2.931074081023392e-11,9.980037240998705,520.7238444059373,6.0942913250548765,283.1782539157484,1.0446165737930961,9.999999999999998,3.0471456625274382,340.00000001077103,9.999999997773466,2.0206320745328224e-08,7.453911892623354e-11,1.1708577418578606e-09,4.999999998886733
16,42,348.0000000000029,0.016784607666295415,6.992403610991081e-05,2.6906131811728396e-07,7.093855482966911e-09,0.008392303833147707,418.00000000000006,19.967013273049,8.701316587288923e-11,3.348187319524469e-13,1.0501291909450566e-11,9.9835066365245,520.8548860622942,6.0914990440502965,271.6008754958704,1.0450954153713314,9.999999999999998,3.0457495220251483,340.0000004750419,7.32651005161955e-05,0.004109302147628558,1.581222014480388e-05,1.8197422520900973e-09,3.663255025809775e-05
17,42,348.00000000000824,19.999999999702656,4.0358993682622726e-08,1.6213397613980359e-10,5.09358908330537e-09,9.999999999851328,423.99997540573185,7.974840210367429e-05,2.5209202671992677e-06,1.0127279923444123e-08,1.2686291356419972e-12,3.9874201051837144e-05,520.8127811574212,6.118266721278184,259.0108831603515,1.0405230784619721,9.999999999999998,3.059133360639092,340.0000017048431,6.643393331806635e-05,0.002448432627353287,9.836075703595618e-06,1.026435599029471e-09,3.3216966659033176e-05
18,42,348.00000000000006,19.999999999446192,5.003289830556001e-08,1.953912880106668e-10,6.138398349727608e-09,9.999999999723096,423.99989753150743,0.00024084293951187608,6.573101871199151e-06,2.5669647058927282e-08,9.711217782181557e-12,0.00012042146975593804,520.8520964120643,6.080035122658377,268.117092107842,1.0470659453842621,9.999999999999998,3.0400175613291887,340.000023356302,9.999999997075541,3.2251032505135886e-08,1.2594854574219434e-10,1.978395129591405e-09,4.9999999985377706
19,42,348.0000000000016,0.006931818880957508,8.49688494189848e-05,3.291530405897482e-07,3.5839748630477454e-09,0.003465909440478754,418.00000000000006,19.971335508174498,1.0153896131719299e-10,3.9334247885450785e-13,1.2339507749823133e-11,9.985667754087249,520.7899914365446,6.117895824642182,268.62096908269274,1.0405861600378188,9.999999999999998,3.058947912321091,340.00000001102137,0.0022177300468477767,7.253776356797571e-05,2.809973960956659e-07,9.788831504396399e-10,0.0011088650234238884
20,42,348.00000000000057,19.99999999967301,3.767399225880739e-08,1.4673521588027662e-10,4.609822762248525e-09,9.999999999836504,418.00000000000006,0.008489218599851966,1.0403359433179036e-07,4.05197087110078e-10,5.4032356483495814e-12,0.004244609299925983,520.9291776304374,6.089518446270153,268.413565729695,1.0454353295497654,9.999999999999998,3.0447592231350766,340.00000179385455,5.601570064506234e-05,0.003844357834779321,1.4973265188679363e-05,1.3174864760623748e-09,2.800785032253117e-05
0,43,348.00000000000006,0.007717446566100961,7.024636881444954e-05,2.769645624883274e-07,3.3575130784235807e-09,0.0038587232830504803,418.00000000000006,19.95927671493294,2.4620777253933525e-10,9.707381200401052e-13,3.043454130172237e-11,9.97963835746647,520.8582352436038,6.078725455901667,265.62397326163557,1.047291536664984,9.999999999999998,3.0393627279508335,340.00000014526245,0.0032889444684816027,6.115593142925216e-05,2.411231509575888e-07,1.2457053456186373e-09,0.0016444722342408014
1,43,348.000000000178,19.999999984647946,5.097294231382967e-07,1.952505850761929e-09,6.133978032136307e-08,9.999999992323973,418.00000000000006,19.905448362907844,1.2066247558579464e-10,4.621946053225231e-13,1.4451625992775334e-11,9.952724181453922,520.8192370059222,6.077940069445515,273.4456813006587,1.047426866822758,9.999999999999998,3.0389700347227575,349.9881388946389,2.905412923328004e-07,9.14415339532979,0.035026451670618845,1.5985413862292097e-08,1.452706461664002e-07
2,43,348.00000000000097,0.008549305878638336,6.796933594214498e-05,2.617170125615781e-07,3.514654886874046e-09,0.004274652939319168,418.00000000000006,19.957849258497767,2.4750515092893676e-10,9.530225328354091e-13,2.987698603759139e-11,9.978924629248883,520.8451278603746,6.0843745558308795,271.7347960812208,1.0463191681016502,9.999999999999998,3.0421872779154397,340.0000001726237,6.523635216382218e-05,0.0031653500572370757,1.2188230901606248e-05,1.2489648576168773e-09,3.261817608191109e-05
3,43,348.0000000000004,19.999999999445134,4.460926407503895e-08,1.7578610462302928e-10,5.522483348715543e-09,9.999999999722567,418.0029142955957,19.999999999999975,6.546057675620064e-11,2.579522445156876e-13,8.10380876347481e-12,9.999999999999988,520.9806895314828,6.071302782018983,266.0962456585938,1.0485719378928362,9.999999999999998,3.0356513910094916,340.0000018176049,0.001331525619495011,0.00021290553718362657,8.389700168832151e-07,1.7547523968877746e-09,0.0006657628097475055
4,43,348.00000000000045,0.0053371462224767185,7.876099925417032e-05,3.051084078365702e-07,2.5578975976112175e-09,0.0026685731112383593,418.00000000000006,19.960578308445623,2.383943969018698e-10,9.235044700380382e-13,2.8955562004992687e-11,9.980289154222811,520.8100171909817,6.093761383567152,269.6818510797274,1.0447074184498477,9.999999999999998,3.046880691783576,340.0000000106099,0.001855004725936027,8.40567403666037e-05,3.256233220000502e-07,9.488125053651585e-10,0.0009275023629680135
5,43,348.00000000000034,19.99999999972564,3.0185468106634426e-08,1.174123504414661e-10,3.6886177758256017e-09,9.99999999986282,423.9981016448641,0.007189050574574196,9.442185882192652e-08,3.6727250139606186e-10,4.147437295840287e-12,0.003594525287287098,520.8419919467385,6.107154436245258,267.9941743797111,1.0424163643043252,9.999999999999998,3.053577218122629,340.00000170145375,4.572057853913236e-05,0.003843429831880882,1.4949780759530445e-05,1.0736591212317302e-09,2.286028926956618e-05
6,43,348.0000000000002,0.006731119822060094,8.174145346454605e-05,3.1766783192454115e-07,3.358771331191881e-09,0.003365559911030047,418.00000000000006,0.00796798947121502,7.332902529090887e-08,2.849750217789601e-10,3.5667726194701757e-12,0.00398399473560751,520.9080885811579,6.086701704816912,269.1331665489877,1.045919125400496,9.999999999999998,3.043350852408456,340.0000000076871,0.0018917392257655763,8.26019203889544e-05,3.2101182265059466e-07,9.538985171387312e-10,0.0009458696128827881
7,43,348.00000000000006,19.999999999297327,4.396341053162812e-07,1.6470889160119727e-09,5.174482438170591e-08,9.999999999648663,418.00000000000006,0.01529977572268848,1.3608594065091646e-07,5.098458963049124e-10,1.2253040519913756e-11,0.00764988786134424,520.7939636341504,6.091495114960542,278.95269028736783,1.0450960894708112,9.999999999999998,3.045747557480271,340.0000036948741,9.999999995676115,1.630625320169921e-07,6.109136799312114e-10,9.596209640097709e-09,4.999999997838057
8,43,348.00000000000136,19.999999999703135,6.08519330652343e-08,2.3823064315308327e-10,7.484236383785889e-09,9.999999999851568,418.00000000000006,19.96827301674314,1.1548302507676013e-10,4.5210717148142713e-13,1.4180834188348198e-11,9.98413650837157,520.8821031073893,6.073783075356779,267.7303474337261,1.0481437424898248,9.999999999999998,3.0368915376783896,340.00000246841057,6.849616324089425e-05,0.004103255519718913,1.6063930137373883e-05,1.7283748145110452e-09,3.4248081620447124e-05
9,43,348.00000000000097,0.0061084077847048945,7.662723270528359e-05,2.9026530165999104e-07,2.7851142946685726e-09,0.0030542038923524473,418.00000000000006,0.007945177977255469,9.1978858784478e-08,3.484175305416886e-10,4.348340109284558e-12,0.003972588988627734,520.7949906383328,6.111056914409029,275.01210673977215,1.0417506845117408,9.999999999999998,3.0555284572045145,340.00000001196395,0.0014551633740573777,0.00010314941251328434,3.907317840169748e-07,8.931211468143106e-10,0.0007275816870286889
10,43,348.00000000003365,0.0073829008413888175,0.00012811494380290586,5.175481988170014e-07,6.002023811316804e-09,0.0036914504206944088,418.00000000000006,19.977955367579618,4.781156003035008e-11,1.931452025956192e-13,6.061147335350807e-12,9.988977683789809,520.9887376333716,6.082050314851323,259.1069745366228,1.0467190164689448,9.999999999999998,3.0410251574256617,340.0000000082041,0.002644366330144976,8.260828349913787e-05,3.337141403122818e-07,1.3861687538437693e-09,0.001322183165072488
11,43,348.00000000000006,19.999999997744403,4.76652661060555e-08,1.8161799275361284e-10,5.705697517301256e-09,9.999999998872202,423.99994934969794,0.00016464360104062603,3.7835437799200768e-06,1.4416359813780692e-08,3.728381518549095e-12,8.232180052031302e-05,520.8681133292351,6.104014250696306,273.7207583272478,1.0429526312048827,9.999999999999998,3.052007125348153,340.0000021001945,9.999999997063421,2.47004009848466e-08,9.411543485555585e-11,1.4783617932239825e-09,4.9999999985317105
12,43,348.00000000000006,0.034639015555828934,4.920726058968611e-05,1.8994528733946109e-07,1.0335082334057644e-08,0.017319507777914467,418.00000000000006,0.0361700881363376,1.1212058106272504e-07,4.3279743134269236e-10,2.458975029730457e-11,0.0180850440681688,520.7765821432026,6.106917597855771,270.05904542584636,1.042456791280609,9.999999999999998,3.0534587989278856,340.00000177741293,9.999999994645304,5.992671983247529e-08,2.3132354618978212e-10,3.6336217646150992e-09,4.999999997322652
13,43,348.00000000000006,19.999999999704784,5.867911288242634e-08,2.2995859254988254e-10,7.224362249738958e-09,9.999999999852392,418.00000000000006,19.969941375580696,9.29625888570714e-11,3.6431270077649453e-13,1.142801966365151e-11,9.984970687790348,520.931134502306,6.08721138033219,266.86746948746327,1.045831551742236,9.999999999999998,3.043605690166095,349.9895014775703,9.999999997839193,3.1026666550573e-08,1.215909413249e-10,1.909946039634165e-09,4.999999998919597
14,43,348.00000000000057,0.006117400372996684,9.068031606316875e-05,3.4630961277677956e-07,3.3277548802706486e-09,0.003058700186498342,418.00000000000006,19.967692887149912,1.4383528228798512e-10,5.493092996951149e-13,1.7229184314486413e-11,9.983846443574956,520.8031308811612,6.104639933661449,273.0665781210243,1.0428457358430123,9.999999999999998,3.0523199668307246,340.00000001029395,8.183865924848988e-05,0.0019701424028397865,7.524006115806638e-06,9.672250209965507e-10,4.091932962424494e-05
15,43,348.00000000000006,19.999999999845528,2.7519682931994242e-08,1.0764240610356762e-10,3.381685922270853e-09,9.999999999922764,418.00000000000006,19.99999999999943,1.867744649098875e-11,7.305626613245915e-14,2.2951302898042795e-12,9.999999999999716,520.839627212383,6.112379164860639,266.27467622516366,1.0415253294943394,9.999999999999998,3.0561895824303194,340.000008276457,0.0005542126676072456,0.00027505799250266506,1.0758810050308368e-06,9.366138277618917e-10,0.0002771063338036228
16,43,348.00000000000006,19.999999999707562,2.769069921945771e-08,1.047152021208451e-10,3.2897250969720707e-09,9.999999999853781,418.00000000000006,19.962593092750286,2.338059593301915e-10,8.841610713504606e-13,2.7724787167980517e-11,9.981296546375143,520.8659002084386,6.083164648909682,276.7417854457972,1.0465272750453762,9.999999999999998,3.041582324454841,340.0000014410868,0.000714340726849727,0.0002468521439161875,9.334965484000422e-07,1.0474613448084524e-09,0.0003571703634248635
17,43,359.95850454604255,19.99999999978205,2.59029270647034e-08,1.0359262920704915e-10,3.254458428793705e-09,9.999999999891026,418.00000000000006,19.963679641324973,2.1535282700584408e-10,8.612526878132432e-13,2.7007915079027812e-11,9.981839820662486,520.8734851637275,6.082429998673013,261.7116108246207,1.0466536770772057,9.999999999999998,3.0412149993365065,340.0000011660031,6.293170408433468e-05,0.0034953114896856493,1.3978671453217487e-05,1.3818320661238965e-09,3.146585204216734e-05
18,43,348.00000000000085,0.00731037131247092,7.950499771563014e-05,3.148789603277315e-07,3.6157879764240516e-09,0.00365518565623546,418.00000000000006,19.968861433287074,1.2140689349863818e-10,4.808311112491909e-13,1.5082236289394707e-11,9.984430716643537,520.8193636617698,6.091338901803861,263.8870916696253,1.0451228910922286,9.999999999999998,3.0456694509019306,340.00000001081634,0.0032642276939451875,5.0531706279765434e-05,2.0013045209899772e-07,1.026156259196617e-09,0.0016321138469725938
19,43,348.0000000000004,0.005069814409285556,8.04272023400614e-05,3.0733502163120296e-07,2.447507270076278e-09,0.002534907204642778,418.00000000000006,0.006830129691728359,1.2021771921502727e-07,4.593858080402313e-10,4.9286321029352744e-12,0.0034150648458641797,520.8700931328201,6.0838194833013866,273.8386301211319,1.0464146316552432,9.999999999999998,3.0419097416506933,340.00000000734275,0.0022816271480827766,6.976296570592172e-05,2.665839660023409e-07,9.554293480588268e-10,0.0011408135740413883
20,43,348.00000000000057,0.007293698365774759,7.933359128321119e-05,3.0847886536103094e-07,3.534216016873399e-09,0.0036468491828873795,418.00000000000006,19.960084933957702,2.417147172726925e-10,9.39877806100554e-13,2.946820323776705e-11,9.980042466978851,520.9121216043382,6.0572891973837475,270.29220027638155,1.050997817047515,9.999999999999998,3.0286445986918737,340.0000000078847,0.0022302294540175183,9.046801005013935e-05,3.517736767028621e-07,1.2323462904915426e-09,0.0011151147270087591
0,44,348.00000000000017,19.999999997254136,2.9270491056016407e-08,1.1245577018487894e-10,3.532902214180934e-09,9.999999998627068,418.00000000000006,19.96497617566178,1.9618864193446765e-10,7.537470002824277e-13,2.3638192774236115e-11,9.98248808783089,520.8844020438454,6.087348570076363,272.2075811006287,1.0458079819792463,9.999999999999998,3.0436742850381817,340.00000214665124,5.2667359362601474e-05,0.0032355478451367567,1.2430813825383041e-05,1.0283974317609217e-09,2.6333679681300737e-05
1,44,348.0000000000006,19.999999999411898,1.8031477181248565e-07,6.961031729817766e-10,2.1868726143157893e-08,9.999999999705949,418.00000000000006,19.94726604547678,3.3321482019072965e-10,1.2863721107693402e-12,4.030601599376938e-11,9.97363302273839,520.8746353970162,6.082723353061617,271.10638830746996,1.046603199613133,9.999999999999998,3.0413616765308085,340.00000243965883,4.968949226658026e-05,0.016247980772938063,6.27251492315391e-05,4.895827859806152e-09,2.484474613329013e-05
2,44,348.0000000000005,0.005501971188639487,9.935345671102495e-05,3.869125909632094e-07,3.343882833052009e-09,0.0027509855943197437,418.00000000000006,0.007971125233819265,1.2134294159577696e-07,4.725463359012617e-10,5.916759399795222e-12,0.0039855626169096325,520.9533191779026,6.0490166896449455,270.2498484589039,1.052435139511821,9.999999999999998,3.0245083448224728,340.0000000080182,0.002523146786844066,7.437832709164229e-05,2.896518369787429e-07,1.147991522566811e-09,0.001261573393422033
3,44,348.00000000000006,19.999999999596934,2.4818771524579563e-08,9.338983772952944e-11,2.9339282812511973e-09,9.999999999798467,418.00000000000006,0.002003501398498031,1.3152074910011473e-07,4.948956238370441e-10,1.557482374103159e-12,0.0010017506992490155,520.887172706557,6.078836850757098,278.31735964993925,1.0472723450182622,9.999999999999998,3.039418425378549,340.0000012269886,0.00017292142518421372,0.000842873032197709,3.1716225609951476e-06,8.614898832847106e-10,8.646071259210686e-05
4,44,348.0000000008405,19.99999999980259,2.697029877361543e-08,1.0802324878498726e-10,3.393650447964688e-09,9.999999999901295,418.00000000000006,19.98447377092222,3.269112976571624e-11,1.309367046092562e-13,4.110304537327188e-12,9.99223688546111,520.9654427247194,6.066034608877465,262.02562299050174,1.0494825918663682,9.999999999999998,3.0330173044387325,349.997496461627,6.174037167584398e-08,1.2220968650099686,0.004894824295290073,4.747076424523404e-10,3.087018583792199e-08
5,44,348.0000000000004,0.002474609856175647,0.00021597809056248164,8.115002253301187e-07,3.154389076579254e-09,0.0012373049280878234,418.00000000000006,19.964245086251154,1.9807120889473632e-10,7.442182224635769e-13,2.3338506964151018e-11,9.982122543125577,520.9004301380219,6.073931852395223,278.9531439869669,1.0481180688856981,9.999999999999998,3.0369659261976114,340.0000000087311,0.003046230065731237,5.66531645611759e-05,2.1286444234841687e-07,1.0185578462248234e-09,0.0015231150328656184
6,44,348.0000000000003,19.99999999938166,3.526750573130437e-08,1.3760417361488716e-10,4.3229626091845864e-09,9.99999999969083,418.00000000000006,19.971330386575385,1.2054952185730864e-10,4.703513047173246e-13,1.475534017633793e-11,9.985665193287693,520.8441362313007,6.1030777378597945,267.3464122129957,1.0431126715269874,9.999999999999998,3.0515388689298972,340.00000164924097,6.884052574918087e-05,0.002494110062328054,9.731336166668379e-06,1.0522926353105262e-09,3.4420262874590435e-05
7,44,348.00000000000085,19.999999999655675,3.508432271211984e-08,1.3448509790929537e-10,4.2249739560187255e-09,9.999999999827837,418.00000000000006,19.963256702752204,2.0116265267061038e-10,7.710959468160136e-13,2.418018886138468e-11,9.981628351376102,520.7569207496487,6.104699979757491,272.0537593194378,1.042835478366737,9.999999999999998,3.0523499898787456,340.00000175787153,9.015659250088959e-05,0.0022294001106674443,8.545728376239464e-06,1.2102259217846813e-09,4.5078296250444794e-05
8,44,348.0000000000007,0.005213225521256248,9.794913070933663e-05,3.872748945546001e-07,3.171361386601939e-09,0.002606612760628124,418.00192766828326,0.0068028489716915885,1.1393205526134155e-07,4.504687725985e-10,4.813659831918425e-12,0.0034014244858457943,520.7921959936652,6.097721278066269,264.05463515106885,1.0440289795755775,9.999999999999998,3.0488606390331343,340.00000001035454,0.00292765048735788,5.669436918139121e-05,2.2416029307823092e-07,1.0308554961089785e-09,0.00146382524367894
9,44,348.00000000009965,0.00012604540928506935,0.2334978919429678,0.0009089553694662544,1.7996558784241383e-07,6.302270464253468e-05,418.00000000000006,0.7856264782203617,8.97479589612004e-08,3.4936884662044576e-10,4.311418345515207e-10,0.39281323911018085,520.8792596028287,6.093650276576952,268.3755835119303,1.0447264668513208,9.999999999999998,3.046825138288476,340.0000523689625,0.39185588323664966,2.3682513871873613e-05,9.219076012710391e-08,5.67457897223552e-08,0.19592794161832483
10,44,348.0000000000002,0.007111262253694406,9.613456537951877e-05,3.77846972939634e-07,4.220680903996283e-09,0.003555631126847203,423.9999599515255,0.0001312619397476622,3.976657885534818e-06,1.562984279935149e-08,3.2226512163830828e-12,6.56309698738311e-05,520.8390431613038,6.111977016675727,265.0098586390773,1.0415938584694409,9.999999999999998,3.0559885083378635,340.00000000715295,0.001877901562638229,9.351807216265717e-05,3.6756311678648737e-07,1.0842380041300017e-09,0.0009389507813191145
11,44,348.00000000110833,19.999999999623594,1.939551680994445e-07,7.987480786162679e-10,2.509341095802603e-08,9.999999999811797,418.00000000000006,19.999999999999552,5.009836238805355e-11,2.0631556813563396e-13,6.481594731760976e-12,9.999999999999776,520.9118882469616,6.109109313167474,253.04266712573838,1.0420827975617024,9.999999999999998,3.054554656583737,340.0000067698345,6.739112094500399e-05,0.008148375262483992,3.355671905280908e-05,3.5522379454146764e-09,3.3695560472501995e-05
12,44,348.0000000000014,0.009698789121237894,7.245269546366467e-05,2.8202364786779613e-07,4.296580166995921e-09,0.004849394560618947,418.00000000000006,0.010947691636133072,1.1239586375837189e-07,4.375032743714095e-10,7.523566099438064e-12,0.005473845818066536,520.7853556310815,6.0952464675176135,268.3229827346919,1.0444528794039971,9.999999999999998,3.0476232337588067,340.0000000114526,0.0016187108054932509,0.00014328418454426442,5.57736715636777e-07,1.4181376190437994e-09,0.0008093554027466254
13,44,348.0000000000018,19.999999999737906,5.899954235897131e-08,2.2803737845636487e-10,7.16400552893003e-09,9.999999999868953,423.99994450765416,0.00018171905990943538,2.810024474817569e-06,1.0860942119463492e-08,3.1001867635052426e-12,9.085952995471769e-05,520.852047212865,6.091855807219066,270.37909567027305,1.0450342104505563,9.999999999999998,3.045927903609533,340.0000027853031,0.0020764753902824395,0.0001231794430506849,4.760972060103117e-07,1.5528957386699349e-09,0.0010382376951412198
14,44,348.00000000006526,5.8573612069068304e-05,0.010719145951403358,4.127884631936993e-05,3.797951675263718e-09,2.9286806034534152e-05,418.00000000000006,19.98665522028718,1.394442056416128e-10,5.369920291133978e-13,1.685884574715172e-11,9.99332761014359,520.8565980983449,6.108540856265735,270.6295861381445,1.0421797731197606,9.999999999999998,3.0542704281328676,349.99438473215395,7.094418193298699e-08,2.6952629543903335,0.010379310608230281,1.156658545792236e-09,3.5472090966493495e-08
15,44,348.00000000000125,0.00011770697854274204,0.034540595022852144,0.00013424779078293847,2.4821569349520477e-08,5.885348927137102e-05,418.00000000000006,0.02004341803241516,1.4040758226227726e-07,5.45717516314169e-10,1.718143981990659e-11,0.01002170901620758,520.8847514977657,6.091363685288468,268.89842615485344,1.0451186388773845,9.999999999999998,3.045681842644234,340.0000001036724,0.006299754155392634,0.00015273988360245018,5.936490649482428e-07,5.874531904411658e-09,0.003149877077696317
16,44,348.00000000010016,19.999999969556704,8.817368108958274e-07,3.2405236554113848e-09,1.0180405294128093e-07,9.999999984778352,418.00000000000006,0.04880314719214951,1.0276883100686498e-06,3.776918733588702e-09,2.895378511456091e-10,0.024401573596074755,520.9332597617274,6.071198803900804,285.3181798198553,1.04858989621382,9.999999999999998,3.035599401950402,340.0000808038419,9.999999950164842,6.269488916057759e-07,2.304137344473977e-09,3.61933045909368e-08,4.999999975082421
17,44,348.0000000000014,0.00714616165911508,8.732351829059405e-05,3.408451259083933e-07,3.8260426021710655e-09,0.00357308082955754,418.00000000000006,19.968788573094304,1.1595785506593944e-10,4.526119707922327e-13,1.4197034309489e-11,9.984394286547152,520.813414672472,6.107032684377162,267.06932941007375,1.0424371462693558,9.999999999999998,3.053516342188581,340.00000001123277,0.003082119366988323,5.534538114175548e-05,2.160266074132929e-07,1.0458672812142127e-09,0.0015410596834941614
18,44,348.00000000000006,19.999999999824688,2.7214696770525025e-08,1.0438084561339962e-10,3.2792209775167215e-09,9.999999999912344,418.00000000000006,19.965596911950126,2.038086034685763e-10,7.816994821848104e-13,2.451557027445041e-11,9.982798455975063,520.8140755829298,6.081345294258303,272.9374620021745,1.046840364365834,9.999999999999998,3.0406726471291514,340.0000014057969,0.00040449969855060885,0.00040084298049177696,1.5374166985848046e-06,9.768540314282799e-10,0.00020224984927530443
19,44,348.0000000000009,19.99999999953631,4.632984844426551e-08,1.7668532357618887e-10,5.550733145312213e-09,9.999999999768155,418.00000000000006,19.959605565187456,2.1396114310627079e-10,8.159705907076387e-13,2.5582697632447643e-11,9.979802782593728,520.8881903982591,6.093741599887169,273.94065631921274,1.044710810152122,9.999999999999998,3.0468707999435845,340.00000235036885,5.327157221479695e-05,0.005143438637650163,1.961521892480903e-05,1.6413777843812808e-09,2.6635786107398474e-05
20,44,348.00000000000006,9.200446869783718e-05,8.042399539210918e-06,3.1343117825131156e-08,4.529716210526152e-12,4.600223434891859e-05,423.99999999626283,2.7843024073392203e-09,7.409313782746495e-06,2.8875834104453982e-08,1.262905393465177e-16,1.3921512036696101e-09,520.7561044099435,6.128066599492918,266.5631401511076,1.0388590953307524,9.999999999999998,3.064033299746459,340.00007610153006,1.1669061135745215e-11,5.204538414791008,0.020283307234972448,3.7178730921246763e-13,5.834530567872608e-12
0,45,359.86996615925875,19.999999999504244,3.518290276825928e-08,1.3294398307143556e-10,4.17655840545835e-09,9.999999999752122,418.0028263022501,19.999999999997165,6.565036744538154e-11,2.480699615884522e-13,7.793347689024732e-12,9.999999999998582,520.884471465231,6.082843246065574,276.9723908146038,1.0465825710359238,9.999999999999998,3.041421623032787,340.0000017149569,5.806119033202606e-05,0.0051510739800195,1.9464121437337168e-05,1.7751727302091734e-09,2.903059516601303e-05
1,45,348.00000000000074,4.1775886185035915e-05,0.003711381320424462,1.4098782606946917e-05,9.251819737626665e-10,2.0887943092517958e-05,418.00000000000006,1.7022685451451025e-05,1.7644741068989373e-06,6.702878174186051e-09,1.7922941091544375e-13,8.511342725725513e-06,520.7921067373547,6.101873737758234,274.6444768238527,1.0433184948226557,9.999999999999998,3.050936868879117,349.9971705227719,4.480799991042985e-08,0.9760220005404685,0.003707709021837646,2.60964287836281e-10,2.2403999955214926e-08
2,45,348.00000000000006,19.999999999932236,2.8594085548230212e-08,1.1443022315382749e-10,3.5949314840748705e-09,9.999999999966118,418.00000000000006,0.0025677696117512028,5.32744283173125e-08,2.1319810037149347e-10,8.599224013747916e-13,0.0012838848058756014,520.7884776730879,6.099398957557579,260.81258829118184,1.0437418125908375,9.999999999999998,3.0496994787787894,349.91484967449867,0.00019467574384179898,0.0006780252694732051,2.7133787075962283e-06,8.29740201535553e-10,9.733787192089949e-05
3,45,348.0000000000026,0.016391043860522814,5.9037307319792374e-05,2.2643460332610336e-07,5.830009804526213e-09,0.008195521930261407,418.00000000000006,19.952148285157232,3.0520022716155654e-10,1.1705800198173187e-12,3.668686891105862e-11,9.976074142578616,520.7387467699566,6.100866833270284,272.06477929602624,1.0434906870870515,9.999999999999998,3.050433416635142,340.00000001381727,9.999999997445377,3.670732309437447e-08,1.4078907933613102e-10,2.2115096861753414e-09,4.999999998722688
4,45,348.00000000000034,0.005523091552472437,7.57447794416699e-05,3.009618502540012e-07,2.61104025495862e-09,0.0027615457762362183,418.00000000000006,19.96222546833693,2.367381791004402e-10,9.406478034925124e-13,2.9495507922696786e-11,9.981112734168464,520.8770402441013,6.085914403464982,263.26646395222696,1.0460544302186132,9.999999999999998,3.042957201732491,340.00000000734536,0.0024025322571823438,6.514156200457137e-05,2.588313699484623e-07,9.768008196780035e-10,0.0012012661285911719
5,45,348.00000000000006,0.012899601913062497,2.9982202471060593e-05,1.1331983535514163e-07,2.2961598561395082e-09,0.006449800956531249,418.00000000000006,19.969071439936254,1.516780356342478e-10,5.73277765089292e-13,1.7982200903721136e-11,9.984535719968127,520.8066205095864,6.0908229376379746,276.54241183021855,1.0452114252634355,9.999999999999998,3.0454114688189873,349.957001116805,0.0008765673987003453,0.00015164479680130434,5.731521365908458e-07,7.891782493065507e-10,0.00043828369935017264
6,45,348.00000000000006,0.3608120953976268,4.000495894224525e-05,1.5078777060453348e-07,8.546082580788049e-08,0.1804060476988134,418.00000000000006,19.617884319096085,2.0688171543445732e-09,7.797841436167842e-12,2.402959472409639e-10,9.808942159548042,520.9741255026273,6.068667852219485,278.3136219692896,1.0490272130064775,9.999999999999998,3.0343339261097424,340.00002411540083,0.1796631152219348,2.6461416259605916e-05,9.973908411167063e-08,2.8147781986480188e-08,0.0898315576109674
7,45,348.00000000000136,0.006514734533510591,7.917941551037591e-05,3.0628105740330906e-07,3.1342723996850304e-09,0.0032573672667552955,418.00000000000006,0.007449663835505049,1.012487494929055e-07,3.916494439313729e-10,4.583044425089847e-12,0.0037248319177525246,520.7640342156574,6.110507357053739,269.3363717422295,1.041844375872801,9.999999999999998,3.0552536785268694,340.00000001329727,0.0019508079613324014,8.184640334296309e-05,3.1659747421671074e-07,9.701565990367598e-10,0.0009754039806662007
8,45,348.00000000000244,19.999999999838337,4.640992747985314e-08,1.8252687007702812e-10,5.734250741120951e-09,9.999999999919169,423.99997014704235,8.621265253350163e-05,2.8069988196989136e-06,1.1039722246753577e-08,1.495026983824483e-12,4.3106326266750816e-05,520.7802169572543,6.115373845184768,264.69223106103675,1.0410152976483265,9.999999999999998,3.057686922592384,340.0000029912463,0.0018490391195271627,9.934812670528798e-05,3.907289582256768e-07,1.1348581370705816e-09,0.0009245195597635814
9,45,348.00000000000006,19.999999992873242,3.411194457700585e-08,1.316077010192556e-10,4.134577865306046e-09,9.999999996436621,418.00000000000006,0.014045571372840016,1.5005486477244522e-08,5.7892846697367024e-11,1.277274356780819e-12,0.007022785686420008,520.8195302627796,6.110854450236243,270.02461647397854,1.0417851996834417,9.999999999999998,3.0554272251181214,340.0000013640873,0.00033810997438799006,0.000455843466181094,1.7586951243225892e-06,9.340463322864807e-10,0.00016905498719399503
10,45,348.00000000000045,19.99999999981804,8.362709455680935e-08,3.3007455101787095e-10,1.0369597846052586e-08,9.99999999990902,418.00000000000006,19.96945936163935,1.3164843164883676e-10,5.196138548036933e-13,1.629922319040985e-11,9.984729680819674,520.9032551333432,6.088068389514068,264.9327013930456,1.0456843314442372,9.999999999999998,3.044034194757034,340.0000067809619,7.418252591584462e-05,0.004350391686805862,1.7170913211612948e-05,2.0008516379911e-09,3.709126295792231e-05
11,45,348.000000000008,19.999999999809088,7.225280068506812e-08,2.8819659858893534e-10,9.053963169079232e-09,9.999999999904544,418.00000000000006,19.99999999999986,1.6619591202965652e-11,6.629098954254298e-14,2.0825928574604938e-12,9.99999999999993,520.8435667362472,6.109775399523307,261.22859384313097,1.0419691899267707,9.999999999999998,3.0548876997616534,340.00000319559393,0.0014864285821509782,0.000168946179200442,6.738799566039026e-07,1.5734265128296066e-09,0.0007432142910754891
12,45,348.00000000000006,0.02079698741254532,2.5272150294309263e-05,9.862120087207281e-08,3.221740766107324e-09,0.01039849370627266,418.00000000000006,19.966355328715114,1.5274385898115307e-10,5.960625678119639e-13,1.869435657459964e-11,9.983177664357557,520.8828356995682,6.0757175746243375,268.50628412151195,1.0478100151107559,9.999999999999998,3.0378587873121687,349.9757432451761,9.999999998954399,1.9596331810289004e-08,7.647207512268889e-11,1.2012205469254312e-09,4.9999999994771995
13,45,359.9447723520821,19.99999999986987,9.679570399337041e-09,3.769677305331093e-11,1.1842790528755276e-09,9.999999999934936,418.00000000000006,19.99999999999999,2.3231182560814376e-12,9.047308719558815e-15,2.842295860812484e-13,9.999999999999995,520.8637700176495,6.098114085160714,268.0627605787328,1.0439617289495222,9.999999999999998,3.049057042580357,349.9961514585676,8.216174498217109e-08,0.9050626315950143,0.00352473707145168,4.549003360621426e-10,4.1080872491085544e-08
14,45,348.0000000000006,0.007080434286358184,0.00011843301189942979,4.4960847344812927e-07,5.000509549051837e-09,0.003540217143179092,418.00000000000006,19.973502322508,8.252182179499296e-11,3.132784493812572e-13,9.828893333044842e-12,9.986751161254,520.8912562920107,6.085775065925436,275.551330936009,1.0460783802741047,9.999999999999998,3.042887532962718,340.0000000069861,0.0011092736036903972,0.00019088271512313645,7.246500344602038e-07,1.262661309042582e-09,0.0005546368018451986
15,45,348.00000000000006,19.999999998235374,4.980674159911525e-07,1.9332425012544916e-09,6.073460439012798e-08,9.999999999117687,418.00000000000006,19.94833830450195,3.2980197398682984e-10,1.2801222738897127e-12,4.011234538900834e-11,9.974169152250974,520.776211296597,6.090969604715572,269.27466057633893,1.0451862571678507,9.999999999999998,3.045484802357786,340.0000017511634,9.99999999740515,2.1195044969563672e-07,8.226830432105312e-10,1.2922675020562256e-08,4.999999998702575
16,45,348.00000000000034,19.99999999947231,2.7230823258326474e-08,1.0511887189567854e-10,3.30240675692397e-09,9.999999999736154,418.00000000000006,19.959172330106018,2.5252962546712475e-10,9.748375617408264e-13,3.056290698651308e-11,9.979586165053009,520.8520497986071,6.066808210286961,271.8315972551017,1.0493487684151945,9.999999999999998,3.0334041051434806,340.0000020016663,6.249120910517547e-05,0.0032152380470682382,1.2411750947725448e-05,1.2183494096501738e-09,3.1245604552587736e-05
17,45,348.00000000000404,0.02109810542267354,5.7581789329987646e-05,2.1855913237837387e-07,7.2432302862005955e-09,0.01054905271133677,418.00000000000006,19.96026380534909,1.2502918509649821e-10,4.74564450577688e-13,1.4879260804205533e-11,9.980131902674545,520.7729770368315,6.115180616263737,274.27551077716083,1.0410481918955063,9.999999999999998,3.0575903081318687,340.0000000105087,0.008348791674585243,3.936660233194207e-05,1.4942103311598452e-07,1.9595449771333294e-09,0.0041743958372926215
18,45,348.0000000000001,19.99999999969353,1.2137970415228186e-07,4.737177819407414e-10,1.4882283035970797e-08,9.999999999846764,418.00000000000006,19.957423073224472,2.6646607202369223e-10,1.0399573592893148e-12,3.2601671984303994e-11,9.978711536612236,520.8649296784894,6.100618626597189,267.38228726080615,1.0435331420195264,9.999999999999998,3.0503093132985946,340.00000143216465,6.318002869498685e-05,0.008072807192142616,3.150635721025665e-05,3.1267840538719136e-09,3.159001434749342e-05
19,45,348.0000000000002,19.999999998383572,2.8549346548297027e-08,1.0991671252806732e-10,3.4531353655700874e-09,9.999999999191786,418.00000000000006,0.00501570651280403,1.241995064435939e-07,4.7817561858356e-10,3.767379947176443e-12,0.002507853256402015,520.8373970087705,6.0877943756327095,271.614274059553,1.0457313980835905,9.999999999999998,3.0438971878163548,340.0000281942416,6.121194455843693e-05,0.0030411257028217947,1.1708518059188964e-05,1.125791546868124e-09,3.060597227921846e-05
20,45,348.00000000000006,19.999999999815504,4.210729639843446e-08,1.5536192159922177e-10,4.88083871539206e-09,9.999999999907752,418.00000000000006,19.96770389455967,1.7195473692598385e-10,6.344557984469118e-13,1.989983042854591e-11,9.983851947279835,520.8974024242536,6.075502925535372,283.9949790021881,1.047847034509464,9.999999999999998,3.037751462767686,340.0000017318358,4.991229666551078e-05,0.004260382299052313,1.571939396120163e-05,1.2324327469058173e-09,2.495614833275539e-05
0,46,348.00000000000256,19.999999999575618,9.849900476951797e-08,3.835365692794259e-10,1.2049156684057099e-08,9.999999999787809,418.0070580175023,0.024096024407946004,4.396058235687888e-08,1.711742263806174e-10,6.47893533299983e-12,0.012048012203973002,520.844130725665,6.132016499790808,266.62561576136125,1.038189920704387,9.999999999999998,3.066008249895404,349.92800551334904,9.999999988238802,4.5585940546400555e-08,1.7750306498480478e-10,2.788211621450401e-09,4.999999994119401
1,46,348.00000000003047,19.999999998893106,1.9347960209094162e-08,7.703312436512044e-11,2.420066975751375e-09,9.999999999446553,418.00000000000006,19.999999999999986,1.945742330912795e-12,7.746894728945802e-15,2.4337587568589606e-13,9.999999999999993,520.7825267424622,6.1261701121269425,261.0049498917681,1.03918069644748,9.999999999999998,3.0630850560634713,349.99768811079576,6.152409341846922e-08,1.0060168741185191,0.004005415668622044,3.8709065987635656e-10,3.076204670923461e-08
2,46,348.0000000000169,0.0002207760594465924,0.010095516491640467,3.895707374971819e-05,1.3510088130073048e-08,0.0001103880297232962,418.00000000000006,19.921461142763594,3.7580799658140377e-10,1.4501863129715521e-12,4.5380039291254564e-11,9.960730571381797,520.7079273715868,6.1208094572424026,269.53395132686774,1.0400908193838734,9.999999999999998,3.0604047286212013,340.00000290669556,0.025967657879569117,2.699639203297791e-05,1.041750004842129e-07,4.249288020253365e-09,0.012983828939784559
3,46,348.0000000000005,0.0036768067248047487,0.00017161592764861454,6.845458102593361e-07,3.953604251463889e-09,0.0018384033624023743,423.9999581377936,0.00013630961476940318,5.287629177848074e-06,2.1091424610145377e-08,4.515982833607051e-12,6.815480738470159e-05,520.9789312058816,6.0620264203572,263.2796995055545,1.0501765057138583,9.999999999999998,3.0310132101786,340.0000000065201,0.0027368301021191144,6.64975278804736e-05,2.65246965866627e-07,1.1402974148600494e-09,0.0013684150510595572
4,46,348.00000000000006,19.999999999233573,4.150979748755134e-07,1.6365199735332392e-09,5.141279126107966e-08,9.999999999616787,418.00000000000006,19.94570500855839,3.479789124824646e-10,1.371903683261071e-12,4.298262063824251e-11,9.972852504279196,520.9627754483336,6.072000198459908,265.9363172849941,1.0484515012516837,9.999999999999998,3.036000099229954,340.0000032427904,9.99999999450969,1.522898947844209e-07,6.004015188383471e-10,9.431084998755567e-09,4.999999997254845
5,46,348.00000000000006,0.01746042796494507,3.754908543187961e-05,1.4369490569530715e-07,3.94108800688304e-09,0.008730213982472534,418.0008509514536,0.011980911853221698,1.1619768775331183e-07,4.446717034963768e-10,8.368531287363014e-12,0.005990455926610849,520.7798941223825,6.102086794919018,272.6212684382756,1.0432820668786145,9.999999999999998,3.051043397459509,349.36934453954547,9.999999998462094,2.6062704254551805e-08,9.973819034332291e-11,1.5666838300836773e-09,4.999999999231047
6,46,348.0000000007876,19.99999999963315,2.110738730259658e-07,8.485765928052824e-10,2.6658819899164337e-08,9.999999999816575,418.00000000000006,19.966657637598175,1.672557636615364e-10,6.724154156089811e-13,2.108933617279447e-11,9.983328818799087,520.9947491839702,6.101351132482464,259.53595687756126,1.0434078592499543,9.999999999999998,3.050675566241232,340.00000591611877,6.402299780461362e-05,0.00869136860002044,3.4941756872547034e-05,3.513990800538228e-09,3.201149890230681e-05
7,46,348.0000000000002,19.99999999900684,4.854032783096791e-08,1.9041087710126738e-10,5.9819341263522545e-09,9.99999999950342,418.00000000000006,19.966020626412277,1.5352579424618883e-10,6.022411146847545e-13,1.888781819193407e-11,9.983010313206139,520.9040930078534,6.079400367822954,266.9502482871211,1.0471752703392951,9.999999999999998,3.039700183911477,340.00000218970365,5.365646328669982e-05,0.00459191167171516,1.8012855867549585e-05,1.5181842938232421e-09,2.682823164334991e-05
8,46,348.00000000000045,19.999999999487756,3.826176459921004e-08,1.4875747467349347e-10,4.6733538958884725e-09,9.999999999743878,418.00000000000006,19.96479664263427,1.9575621433176452e-10,7.610783350080419e-13,2.3867895480281818e-11,9.982398321317135,520.8777343080691,6.080741094915167,269.2835405752746,1.0469443813352537,9.999999999999998,3.0403705474575835,340.00000156382913,6.852612021823745e-05,0.003033894800348452,1.1795444712296315e-05,1.2696684857530375e-09,3.4263060109118726e-05
9,46,348.0000000000543,19.99999999873751,3.983842453652304e-06,1.5811772621011807e-08,4.967414870326727e-07,9.999999999368756,418.00000000000006,19.925882201369536,3.183182501829399e-10,1.2633972983536746e-12,3.954370698682653e-11,9.962941100684768,520.8460181656388,6.119450843429327,262.1134262386706,1.0403217358157923,9.999999999999998,3.0597254217146634,340.00001285457745,7.621351346287497e-05,0.07761446237455903,0.0003080498903874855,3.687847202887055e-08,3.8106756731437486e-05
10,46,348.00000000007384,0.0005387932742983992,0.0005202798671084588,2.0445474695292154e-06,1.7303710525190855e-09,0.0002693966371491996,418.00000000000006,19.982778477043947,3.6697254986076365e-11,1.4420946218318691e-13,4.526572786740885e-12,9.991389238521974,520.9169113287293,6.099774192268879,265.58661710586216,1.0436776055980252,9.999999999999998,3.0498870961344395,349.99643897572065,4.1180617659495634e-08,1.2764027780787306,0.005015889014742351,3.2445961734801997e-10,2.0590308829747817e-08
11,46,348.000000000001,0.00011389328689048739,0.007333337174339779,2.7508714871635173e-05,4.921395927135528e-09,5.6946643445243694e-05,418.00000000000006,0.01517058926541992,1.262325536865066e-07,4.735218420109149e-10,1.1283980933606428e-11,0.00758529463270996,520.8911420844194,6.089692338259552,278.6866228587317,1.0454054770023546,9.999999999999998,3.044846169129776,340.000000455593,0.0024085111025211603,0.00012549273205947478,4.707466331653295e-07,1.7809665072710024e-09,0.0012042555512605801
12,46,348.00000000013625,19.999999998916216,9.151591493750727e-08,3.725061258507499e-10,1.1702625083264952e-08,9.999999999458108,418.00000000000006,19.97637855311186,8.14259382050687e-11,3.3143591259777105e-13,1.0400068523674912e-11,9.98818927655593,520.8892807003215,6.119551304405166,255.57816620016155,1.0403046574825017,9.999999999999998,3.059775652202583,340.00000321003336,6.213037741176208e-05,0.00448266118075237,1.8246211613399368e-05,1.7807238528884684e-09,3.106518870588104e-05
13,46,348.00000000000006,0.007363059812384165,4.7777187530499633e-05,1.8630686655781706e-07,2.154800497039884e-09,0.0036815299061920825,423.99996886000537,9.29560894811221e-05,7.48930608923611e-06,2.92045057965631e-08,4.264298364440042e-12,4.647804474056105e-05,520.8207259857993,6.10785095382488,267.2904311210631,1.042297490853006,9.999999999999998,3.05392547691244,349.9588202092463,0.000760523155312498,0.00019165993451108486,7.473768065699122e-07,8.928364964632893e-10,0.000380261577656249
14,46,348.00000000000006,19.99999998171045,6.643225653633501e-07,2.53978546448221e-09,7.978971349614862e-08,9.999999990855224,423.9976804453839,0.0060214780039671845,7.940293926663485e-06,3.035670343009676e-08,2.8712935084859324e-10,0.0030107390019835922,520.9501698667225,6.06101582730311,274.7366991762877,1.0503516085534619,9.999999999999998,3.030507913651555,349.81074643877025,9.99999994564719,5.196994603972882e-07,1.986873853508724e-09,3.120974133932954e-08,4.999999972823595
15,46,359.8985880419761,0.024594428264350654,4.245221454050107e-05,1.6427654805710962e-07,6.346469198843688e-09,0.012297214132175327,418.00000000000006,0.026100522799861636,1.318893216550093e-07,5.103696643765946e-10,2.0924444448023842e-11,0.013050261399930818,520.8202900147127,6.100279014680938,269.68401524470335,1.0435912371147147,9.999999999999998,3.050139507340469,340.00000087958705,7.110819210076613e-05,0.00655687910759587,2.5373033597481607e-05,2.8340787162783265e-09,3.5554096050383066e-05
16,46,348.00000000000006,19.99999999984022,3.086075042732321e-08,1.171350612885087e-10,3.679906480188292e-09,9.99999999992011,418.00000000000006,0.0043489405354151245,6.88625533946403e-08,2.613747008958926e-10,1.7855289467852467e-12,0.0021744702677075622,520.8491653802317,6.098716991674266,275.0180609365657,1.0438585250580903,9.999999999999998,3.049358495837133,349.8759505980905,0.0004784720285453403,0.0003390978665220014,1.2870798288394834e-06,9.673461669504015e-10,0.00023923601427267016
17,46,348.00000000001467,0.00014997938728811278,0.024566196515098556,9.472560481453501e-05,2.2316127753532723e-08,7.498969364405639e-05,418.00000000000006,19.86358009953756,8.434337428083328e-10,3.2522238987790567e-12,1.0147471492250153e-10,9.93179004976878,520.7085419560851,6.126779789267048,269.4749417077666,1.0390772873587164,9.999999999999998,3.063389894633524,340.000005962012,0.051849779019661923,2.7514807822356447e-05,1.0609525209677976e-07,8.640974746661015e-09,0.025924889509830962
18,46,348.000000000001,19.999999999907192,3.848516088192023e-08,1.485833698778898e-10,4.667884232518275e-09,9.999999999953596,418.00000000000006,0.004391485290618391,3.723813973200144e-08,1.4376887513451507e-10,9.917362416406874e-13,0.0021957426453091955,520.9026376106057,6.092412612289962,270.6536678325106,1.0449387014322629,9.999999999999998,3.046206306144981,340.000001539551,0.0006024813824261344,0.0002599563340228884,1.0036384737673955e-06,9.498189050626915e-10,0.0003012406912130672
19,46,359.9488419956417,19.999999999467477,4.4037825301243966e-08,1.6648266347397366e-10,5.230207125059714e-09,9.999999999733738,418.00000000000006,0.013249266867035203,1.2018790901427222e-07,4.5436401714183724e-10,9.456178364523752e-12,0.006624633433517602,520.8975474269113,6.0843373952221045,276.77297561015604,1.0463255585850724,9.999999999999998,3.0421686976110522,340.00000202962576,5.7328088656660725e-05,0.005875967577039248,2.2213783855593165e-05,2.0003679206150163e-09,2.8664044328330363e-05
20,46,348.00000000000017,0.007203763563275345,8.776685355938861e-05,3.4090760028373606e-07,3.857589499984357e-09,0.0036018817816376725,418.00000000000006,19.964602475111885,1.6486196484130109e-10,6.403635829792999e-13,2.0082009589765417e-11,9.982301237555943,520.8792971487608,6.090174569999254,269.11891737822333,1.045322699785368,9.999999999999998,3.045087284999627,340.00000000862866,0.0032431530045258228,5.7689831235459834e-05,2.2408120070006224e-07,1.1415442165823126e-09,0.0016215765022629114
0,47,348.00000000000114,0.00607469778088543,9.511491539874511e-05,3.6545944002227943e-07,3.4872552592116516e-09,0.003037348890442715,418.00000000000006,0.007315261333882717,1.0906403994626886e-07,4.190560733638292e-10,4.815283507149901e-12,0.0036576306669413583,520.795342917351,6.103912504533285,271.44463650274866,1.0429700161900637,9.999999999999998,3.0519562522666424,340.0000000113784,0.002908250379013211,6.106618820904134e-05,2.3463423011640313e-07,1.0718722827721128e-09,0.0014541251895066054
1,47,348.00000000000006,0.006596976336329163,5.280962436283892e-05,2.0474244970601446e-07,2.121644903879555e-09,0.0032984881681645817,418.00000000000006,19.962936273162878,2.1445131754083162e-10,8.314258740853483e-13,2.607160892678199e-11,9.981468136581439,520.8829485236361,6.088346482208565,269.70310496618924,1.0456365685295979,9.999999999999998,3.0441732411042826,349.95352846431433,4.9353728567069766e-05,0.002869573610956424,1.1125311679595672e-05,8.624859558112845e-10,2.4676864283534883e-05
2,47,359.9341260613801,19.999999999955893,1.816557730783969e-08,7.288496360211356e-11,2.2897486620905444e-09,9.999999999977947,423.9999214294072,0.00015434859225393893,2.881986491288421e-07,1.1563270297426059e-09,2.803517216598446e-13,7.717429612696947e-05,520.7491026473318,6.1042292725947815,259.93247915418954,1.0429158931262872,9.999999999999998,3.0521146362973908,340.0000010171284,9.999999995520318,1.9318329854951822e-08,7.751010300807407e-11,1.2175258504003554e-09,4.999999997760159
3,47,348.0000000000008,0.003325248871330899,0.00018940887223095195,7.355160253379892e-07,3.8418125532060275e-09,0.0016626244356654496,418.00000000000006,0.008799275880573276,9.182423302496037e-08,3.565735549170939e-10,4.92851340410556e-12,0.004399637940286638,520.7532647539515,6.114145439241848,268.1344009725047,1.0412244502422596,9.999999999999998,3.057072719620924,340.00000001178864,0.0028828666296085714,6.375960395510642e-05,2.47592469802588e-07,1.1211968272391606e-09,0.0014414333148042857
4,47,348.0000000000005,0.005262435620167594,0.00011170291413989965,4.277079166390802e-07,3.5355254003163042e-09,0.002631217810083797,418.00000000000006,19.958678762349738,2.544750850029576e-10,9.743793103450507e-13,3.054778455204491e-11,9.979339381174869,520.9425214837755,6.056774193720247,274.5085998127512,1.0510871827244908,9.999999999999998,3.0283870968601234,340.00000000674925,0.003558688461865245,5.856462913024588e-05,2.2424263240497365e-07,1.2535106561803457e-09,0.0017793442309326224
5,47,348.00000000000006,19.999999999995786,2.2743925141220023e-06,8.70999433983747e-09,2.736325423083631e-07,9.999999999997893,418.00000000000006,7.472750754899948e-05,1.0798086600251863e-08,4.1352261135794207e-11,4.8539984780884566e-15,3.736375377449974e-05,520.7824628497425,6.111592276431955,272.0027495036472,1.0416594294461836,9.999999999999998,3.0557961382159773,340.00000000728926,9.999999999971182,4.9718518105019395e-08,1.9040161651560743e-10,2.9908215983766476e-09,4.999999999985591
6,47,348.00000000000006,0.01228702220386424,0.00010243981173953978,4.0304663122788263e-07,7.778964967852544e-09,0.00614351110193212,418.00000000000006,0.01608360699887257,1.0682478446157082e-07,4.202991862026455e-10,1.0618468395490178e-11,0.008041803499436284,520.9524142673883,6.070882262998765,266.5273545739037,1.0486445705720495,9.999999999999998,3.0354411314993825,340.0000001463889,9.999999996423819,4.1595879781335585e-08,1.6365784878103508e-10,2.5707314762447053e-09,4.999999998211909
7,47,348.00000000000006,19.999999999383846,1.1662038828603041e-07,4.3459427227231115e-10,1.3653181730208328e-08,9.999999999691923,418.00000000000006,19.95069524751135,2.7494230660647575e-10,1.024592298247605e-12,3.210916402936115e-11,9.975347623755676,520.9640836123782,6.060961606110702,281.8571620826423,1.0503610049694705,9.999999999999998,3.030480803055351,349.9191672519533,9.999999997872234,6.428038437380458e-08,2.395454798161086e-10,3.762771597154014e-09,4.999999998936117
8,47,348.00000000000006,19.99999999427523,3.883363111087668e-07,1.5380311119999375e-09,4.831867241068477e-08,9.999999997137614,418.00000000000006,19.76588370211763,1.0586356531028496e-09,4.192795070066263e-12,1.3017864562002742e-10,9.882941851058815,520.758722439393,6.13069306755247,262.18837348987387,1.0384140346822748,9.999999999999998,3.065346533776235,349.878934241972,0.10533242144965449,2.331767950867176e-05,9.235117993881298e-08,1.5280036575853113e-08,0.052666210724827245
9,47,359.97743914190886,19.999999999438728,4.51861974202905e-08,1.7565563435202642e-10,5.518384504264945e-09,9.999999999719364,418.00000000000006,19.955732137758122,2.2805343848969871e-10,8.865289334145375e-13,2.7789482349564885e-11,9.977866068879061,521.0490392892991,6.048939891540818,270.7351001442282,1.0524485013611502,9.999999999999998,3.024469945770409,340.0000021794137,4.421927376974111e-05,0.007513671733255983,2.920844970294658e-05,2.028803517994659e-09,2.2109636884870554e-05
10,47,348.00000000000006,0.026750340137798645,6.0441052127999914e-05,2.3436219890080347e-07,9.847743988100743e-09,0.013375170068899322,418.0083332062133,0.028490117104244206,6.67904586461684e-08,2.589822348022583e-10,1.1590017334829075e-11,0.014245058552122103,520.9431473768353,6.088656784069535,269.6516492571266,1.0455832787836623,9.999999999999998,3.0443283920347675,340.00000131736846,9.999999995618285,4.595328709769872e-08,1.7818540597421893e-10,2.798929810701194e-09,4.999999997809143
11,47,348.0000000000002,19.999999999851696,3.02781248997884e-08,1.1666241518461864e-10,3.6650578649132255e-09,9.999999999925848,418.00000000000006,19.963683135471065,1.48195029121481e-10,5.709993625063516e-13,1.7905900567993834e-11,9.981841567735533,520.8967109047336,6.07810186196157,271.8379972775124,1.0473989854492611,9.999999999999998,3.039050930980785,340.00000174425975,6.750653279219421e-05,0.0023676035798365657,9.122439145014993e-06,9.673344498828675e-10,3.3753266396097104e-05
12,47,348.00000000000114,0.008478837896412017,8.820416641039307e-05,3.398893503977927e-07,4.526825634117583e-09,0.0042394189482060085,418.00000000000006,19.958451377924288,2.483577261314022e-10,9.570312790930554e-13,3.0003564262378397e-11,9.979225688962144,520.8145680778888,6.073182449051718,272.02908290900217,1.0482474019317247,9.999999999999998,3.036591224525859,340.00000001467566,9.999999998606423,2.7548942261818346e-08,1.0615816089626834e-10,1.6675284917192163e-09,4.999999999303212
13,47,348.000000000009,0.0548725014384992,5.731424519203967e-05,2.1956118306157428e-07,1.892475203617841e-08,0.0274362507192496,418.00000000000006,19.902734772251964,5.82654300087002e-10,2.2320501127489947e-12,6.978090112910941e-11,9.951367386125982,520.692867081252,6.106991554210319,272.1195967064922,1.0424441670116262,9.999999999999998,3.0534957771051596,340.00000000801754,0.029636056499452224,4.025268551660639e-05,1.542012325874456e-07,7.17840795966994e-09,0.014818028249726112
14,47,348.0000000000567,19.99999999935031,1.1304104347779032e-07,4.257354591762023e-10,1.337487390877187e-08,9.999999999675156,418.00000000000006,19.986913568547177,1.598031604000875e-10,6.018510602664995e-13,1.8895336973196347e-11,9.993456784273588,520.8979296381096,6.077693277460177,278.12349501039375,1.0474693988401138,9.999999999999998,3.0388466387300883,349.9947818582891,1.133957439366888e-07,4.046993135564753,0.01524179561551123,2.7148932970211197e-09,5.66978719683444e-08
15,47,348.0000000003639,19.999999999791395,1.3327267303342878e-08,5.199538444781045e-11,1.6334831780011455e-09,9.999999999895698,418.00000000000006,19.967201996661714,1.2861216804457575e-10,5.017712161042015e-13,1.5737756920120105e-11,9.983600998330857,520.7562195092626,6.119319864075583,266.65718051829,1.040344003105568,9.999999999999998,3.0596599320377913,349.99815080423383,5.181671057367162e-08,0.9103120205304429,0.003551517531510095,2.8907043735569426e-10,2.590835528683581e-08
16,47,348.00000000000034,19.999999999933138,3.911097449012341e-08,1.4921380532822947e-10,4.687689946317761e-09,9.999999999966569,423.9999878059865,4.0817772393175744e-05,2.8044002155306177e-06,1.0699176721569589e-08,6.859927686368396e-13,2.0408886196587872e-05,520.9399792850286,6.076325801108943,274.6178115944281,1.0477051316955333,9.999999999999998,3.0381629005544717,340.0000015118627,0.0003839396620772817,0.00040317155316906927,1.538155528792594e-06,9.276477727838226e-10,0.00019196983103864085
17,47,348.0000000000002,0.006109619815163114,9.473862270545186e-05,3.6751414106596685e-07,3.527021585048753e-09,0.003054809907581557,418.00000000000006,19.95704041961997,2.665242076851121e-10,1.0339121729183065e-12,3.2411539699011856e-11,9.978520209809986,520.9910869329971,6.052912681962518,271.1244764787961,1.0517577335365953,9.999999999999998,3.026456340981259,340.0000000057362,0.00265519435446393,7.665145909908612e-05,2.973496378540092e-07,1.2401768119699453e-09,0.001327597177231965
18,47,348.00000000000006,19.99999999937106,5.947417036527616e-08,2.2142789395644105e-10,6.956362449315392e-09,9.99999999968553,418.00000000000006,19.95107835280695,2.929007497720295e-10,1.0904968621159491e-12,3.417516904737804e-11,9.975539176403474,520.846768414258,6.09264462406293,280.65342016272047,1.0448989095035155,9.999999999999998,3.046322312031465,340.0000022146241,0.005500026188590468,6.695321207563823e-05,2.492730651385975e-07,2.1535749373189274e-09,0.002750013094295234
19,47,348.0000000000024,19.999999999598778,9.401501839264829e-08,3.723874469486203e-10,1.1698896675993752e-08,9.999999999799389,418.00000000000006,19.964394872875168,1.1721530794515042e-10,4.64282303138965e-13,1.4559892159620644e-11,9.982197436437584,520.7626656242362,6.126109489310691,262.35996915866144,1.0391909799823273,9.999999999999998,3.0630547446553456,340.0000030532074,8.247789873117028e-05,0.0048435804721436975,1.918511102746142e-05,2.4855458676448096e-09,4.123894936558514e-05
20,47,359.8869502264488,0.1495181979303517,4.121190621663984e-05,1.5732582722480847e-07,3.694995850831525e-08,0.07475909896517585,418.00000000000006,19.82049288257588,1.096993502674417e-09,4.187756066444925e-12,1.3038141903800284e-10,9.91024644128794,520.9375486676317,6.077296113816387,274.4052424294446,1.0475378530926975,9.999999999999998,3.0386480569081935,340.0000000064698,0.06661075772227854,3.34007118753767e-05,1.2750671124184574e-07,1.3341273738496314e-08,0.03330537886113927
0,48,359.952327583946,19.999999999937476,2.245641094656981e-08,8.46162230445984e-11,2.6582970469059467e-09,9.999999999968738,418.00000000000006,0.022601779977822645,1.1117002367358217e-09,4.188909590859615e-12,1.4871798996675542e-13,0.011300889988911322,520.8513370329563,6.088865418051795,277.4792161881046,1.0455474520428394,9.999999999999998,3.0444327090258976,349.89353658816236,9.999999999852522,2.525066095438478e-08,9.514501513279974e-11,1.4945344028124256e-09,4.999999999926261
1,48,348.00000000000006,19.99999999959009,3.190317666479259e-08,1.221219314444787e-10,3.836573626603074e-09,9.999999999795046,418.00000000000006,19.963686487503036,2.0748935438844492e-10,7.942469484566467e-13,2.4906699039013258e-11,9.981843243751518,520.7954868676649,6.091655922018439,273.01406572287163,1.045068501105756,9.999999999999998,3.0458279610092194,348.6175436885991,0.0010631465882173785,0.00019234492055797804,7.362756834179918e-07,1.2295706397904486e-09,0.0005315732941086893
2,48,348.000000000001,19.999999999531525,5.6279263139067376e-08,2.2044617259451635e-10,6.92552076318698e-09,9.999999999765762,418.00000000000006,0.011069639760766137,1.0641731575476955e-07,4.168371909552657e-10,7.248027383133548e-12,0.005534819880383068,520.825046646413,6.108242474787128,266.07844511189984,1.0422306825495944,9.999999999999998,3.054121237393564,340.00000151667086,6.61969007218488e-05,0.004545244610359334,1.7803747276925935e-05,1.851266552065337e-09,3.30984503609244e-05
3,48,348.00000000000006,19.999999999825096,5.055091357549139e-08,1.917240743466102e-10,6.0231894347834654e-09,9.999999999912548,423.99996137442145,0.00012079969106215671,4.398314527346952e-06,1.6681454830317488e-08,3.1653345959951683e-12,6.0399845531078356e-05,520.9032156555658,6.094982301488772,275.3975251673141,1.044498147619033,9.999999999999998,3.047491150744386,340.0000019151641,0.0012420130918240346,0.00018377553519582614,6.970041069654427e-07,1.3598198854030489e-09,0.0006210065459120173
4,48,348.00000000000085,0.006513793051045269,8.441783985671534e-05,3.361167835335032e-07,3.4390938892423742e-09,0.0032568965255226345,418.00000000000006,19.966671385459556,1.5032208088880334e-10,5.985201043780132e-13,1.8771729626403444e-11,9.983335692729778,520.8479090719205,6.092290856724848,262.4481585025715,1.0449595847264281,9.999999999999998,3.046145428362424,340.0000000091494,0.002519699507720574,6.489665413248402e-05,2.583915282139451e-07,1.0226968038057104e-09,0.001259849753860287
5,48,348.00000000000006,0.009529091240516152,6.633522907336215e-05,2.561281619544699e-07,3.833793310335028e-09,0.004764545620258076,418.00000000000006,0.013265568965135088,1.0791027879972495e-07,4.166543441705959e-10,8.682037814601233e-12,0.006632784482567544,520.7954670538434,6.113025249198285,269.71856082535965,1.0414152509039172,9.999999999999998,3.0565126245991423,340.00000015566746,0.0051758835090218724,4.149849760351362e-05,1.6023060541940778e-07,1.3027162903637387e-09,0.0025879417545109362
6,48,348.00000000000006,19.99999999952289,2.194130182912877e-08,8.517704254332448e-11,2.675915711022299e-09,9.999999999761444,418.00058405242277,0.002746987801973688,1.0771214352846554e-07,4.181430027810287e-10,1.8042696409638375e-12,0.001373493900986844,520.7938136914502,6.0822785900322875,269.6209592315577,1.0466797318539165,9.999999999999998,3.0411392950161438,340.0000010903249,0.00021678660029600394,0.0006601135873526992,2.56258828902861e-06,8.726320281741149e-10,0.00010839330014800197
7,48,348.00000000000114,19.999999999627576,1.407930892407204e-07,5.58244712845273e-10,1.753777488747396e-08,9.999999999813788,418.00000000000006,19.954908560095227,2.673371538120814e-10,1.0599920313385287e-12,3.322555311332184e-11,9.977454280047613,520.7623045019667,6.107103595706492,262.9066404405967,1.0424250422330272,9.999999999999998,3.053551797853246,340.0000019285578,9.500753144031648e-05,0.0061747758266268524,2.448299115253935e-05,3.6537799368487276e-09,4.750376572015824e-05
8,48,348.0000000000291,0.0031322732714222923,8.910062575141711e-05,3.4928160699402436e-07,1.7185225613054178e-09,0.0015661366357111461,418.00000000000006,5.9226334368389644e-05,1.4438599473781114e-06,5.660046923817628e-09,5.265683634111844e-13,2.9613167184194822e-05,520.8417009233739,6.081670645823153,267.0313574101801,1.046784361472792,9.999999999999998,3.0408353229115765,349.99604093625027,5.3859253758037655e-08,1.8047858008490425,0.007074905248805448,5.985505534840177e-10,2.6929626879018827e-08
9,48,348.0000000000414,0.00034743520314933773,2.731757453100984e-07,1.067332281596893e-09,5.824965296088036e-13,0.00017371760157466887,418.00000000000006,19.783029054394614,5.843642314720762e-16,2.283185162550555e-18,7.095022864168965e-17,9.891514527197307,520.8796632620027,6.0959703796123454,267.28818785528927,1.0443288479496602,9.999999999999998,3.0479851898061727,345.4937564466314,9.929274659763179,3.727848562117879e-13,1.4565177105076934e-15,2.2717114708290798e-14,4.964637329881589
10,48,359.19563396674727,19.99999999934706,5.524153610905418e-08,2.1183503150989488e-10,6.654993787427216e-09,9.99999999967353,418.00000000000006,19.95543970302573,2.634544361423574e-10,1.0102702189791333e-12,3.166786096451962e-11,9.977719851512864,520.8635747688908,6.080700575072395,273.020004416534,1.0469513578375824,9.999999999999998,3.0403502875361976,340.0000020390272,5.884629817920484e-05,0.006873669506839696,2.6358499403338206e-05,2.4364623638325117e-09,2.942314908960242e-05
11,48,348.00000000000006,19.999999999579853,6.35429511708645e-08,2.4592760417939566e-10,7.726043545886976e-09,9.999999999789926,418.00000000000006,19.999999999998625,6.16086423080295e-11,2.3844133016135635e-13,7.49085531147044e-12,9.999999999999313,520.9083896118423,6.073388990644118,270.8377064572619,1.0482117535173128,9.999999999999998,3.036694495322059,340.0000022788886,0.003487646487814189,9.254953069183863e-05,3.581905456321862e-07,1.962304742431147e-09,0.0017438232439070944
12,48,348.0000000000318,0.008497420053370064,9.315965799718634e-05,3.639128919577381e-07,4.857406005944919e-09,0.004248710026685032,418.00000000000006,19.977979922764366,4.451727383462534e-11,1.7389941323874702e-13,5.4571961743252735e-12,9.988989961382183,520.8389120729312,6.100912025723447,267.1257808920382,1.0434829574387952,9.999999999999998,3.0504560128617233,340.0000000095774,0.0012058079984260672,0.0001567734981013886,6.124099025581481e-07,1.1599525978806176e-09,0.0006029039992130336
13,48,348.00000000000006,19.999999990265685,3.948409109165483e-07,1.5437972828172848e-09,4.849982199970103e-08,9.999999995132843,418.00000000000006,19.773958336020506,1.4180447992448357e-09,5.544444983944566e-12,1.7221523563609116e-10,9.886979168010253,520.8511024550928,6.083759033559467,267.63320307068636,1.0464250290911172,9.999999999999998,3.0418795167797334,349.86780837420525,9.999999957049162,2.929280000098015e-07,1.1453257197347833e-09,1.7990734258159476e-08,4.999999978524581
14,48,348.0000000000007,19.999999999640153,3.460438867285819e-08,1.3943282707799045e-10,4.3804114520958935e-09,9.999999999820076,418.00000000000006,0.033494007804762305,2.9041885172915807e-08,1.1701961250106257e-10,6.156666796327172e-12,0.016747003902381152,520.8483723289083,6.1071774076624195,258.70554376671106,1.0424124433798847,9.999999999999998,3.0535887038312097,340.00000183884544,5.923854514833238e-05,0.003525118243129958,1.4203897865975838e-05,1.3216966885692022e-09,2.961927257416619e-05
15,48,348.00000000009794,19.999999993589416,3.587682465933052e-07,1.386312647778423e-09,4.35522962844333e-08,9.999999996794708,423.9998915449579,0.0008057775553922397,1.2574262890549612e-06,4.858807836865317e-09,6.149853446036891e-12,0.00040288877769611986,520.827684538571,6.099359124687009,270.1150177641873,1.0437486289188616,9.999999999999998,3.0496795623435045,349.99033987523444,2.0706393542404612e-07,9.255975894981525,0.035765920124171166,1.1633053977307001e-08,1.0353196771202306e-07
16,48,348.0000000004949,19.99999998860067,1.2408004884859662e-06,4.7594694366440694e-09,1.4952314208623843e-07,9.999999994300335,418.00000000000006,0.0005889151053395381,6.993455742081288e-06,2.68255365546911e-08,2.4815383328643874e-11,0.00029445755266976903,520.8468144649147,6.068464743386851,273.49204795997457,1.0490623234836156,9.999999999999998,3.0342323716934256,349.9816930347182,5.398453321564089e-07,11.383932123573016,0.04366655035499625,3.70286698649794e-08,2.6992266607820444e-07
17,48,348.00000000003826,0.0004019969377786481,0.0005003027277865799,1.8469359645864963e-06,1.1662575280623402e-09,0.00020099846888932404,423.9999277921049,0.00043724164197911364,3.1183336059154104e-07,1.1511755116395659e-09,7.906475619560285e-13,0.00021862082098955682,520.6942850264442,6.112888355321142,282.1075384967009,1.0414385726731243,9.999999999999998,3.056444177660571,349.9965033223145,5.372001262587706e-08,1.6202914574891514,0.005981527582687025,5.047404293915736e-10,2.686000631293853e-08
18,48,348.0000000000016,0.009114145136909002,0.0002498712337173572,9.499576433551902e-07,1.3600036020332908e-08,0.004557072568454501,418.00000000000006,19.966287133351567,1.2264187899058923e-10,4.662585148730533e-13,1.462325204211568e-11,9.983143566675784,520.8749781471272,6.099965435340155,274.51417095969487,1.04364488473873,9.999999999999998,3.0499827176700776,340.00000000827,0.002625797470939162,0.00017321242461160337,6.58517045903741e-07,2.7161148125728934e-09,0.001312898735469581
19,48,348.00000000000074,0.006203259022818486,8.040940522508264e-05,3.0776162105008157e-07,2.998846620104413e-09,0.003101629511409243,423.99996284539765,0.0001147949984086627,6.549341548001289e-06,2.5067166782061668e-08,4.520100530580044e-12,5.739749920433135e-05,520.8810174307307,6.079576880621929,273.5893307534442,1.0471448669343193,9.999999999999998,3.0397884403109643,340.0000000091131,0.00253210331869802,6.263862670748684e-05,2.3974515471025577e-07,9.535668357047125e-10,0.00126605165934901
20,48,348.0000000000085,19.99999999996899,1.7899300321717427e-08,6.773515622344029e-11,2.1279626918098703e-09,9.999999999984494,418.00000000000006,19.963894101607117,1.18842169720132e-10,4.4972668133618834e-13,1.4103074127705299e-11,9.981947050803559,520.9572484561147,6.060775303600262,277.57085151982494,1.0503932920750456,9.999999999999998,3.030387651800131,349.9979796180027,3.650105488933568e-08,1.5569356066920181,0.00589180999556534,3.3781118554623523e-10,1.825052744466784e-08
0,49,348.0000000000023,19.999999999636476,5.386553459545909e-08,2.162592219932567e-10,6.7939838307271055e-09,9.999999999818238,418.00000000000006,19.99999999999892,4.688413002819899e-11,1.882302953061889e-13,5.913429129169284e-12,9.99999999999946,520.7803544672548,6.103667497158329,259.79189279750864,1.0430118820593863,9.999999999999998,3.0518337485791647,340.0000023915174,8.025429270119844e-05,0.0032866100785238456,1.319507443701637e-05,1.6634126240599599e-09,4.012714635059922e-05
1,49,348.00000000000006,0.01369167151906936,5.415344805302994e-05,2.182893825895568e-07,4.694712059290206e-09,0.00684583575953468,418.00000000000006,0.0148612153622949,1.1004295215034455e-07,4.4357670558129573e-10,1.0354829110671529e-11,0.00743060768114745,520.7972038901329,6.096455027035761,259.05754780988667,1.0442458273609552,9.999999999999998,3.0482275135178805,340.0000005313689,0.006651548789237793,3.82483971017577e-05,1.5417705222032923e-07,1.6108770565050162e-09,0.0033257743946188967
2,49,348.00000000000006,19.99999999615912,2.4191941002991304e-07,9.375893615678006e-10,2.945523849819676e-08,9.99999999807956,423.99940286473003,0.0018726657192099094,6.471056100331478e-06,2.50793987842026e-08,7.377296841866439e-11,0.0009363328596049547,520.8889197814789,6.088294889444511,269.8003366266482,1.0456454293488824,9.999999999999998,3.0441474447222556,340.0000103756505,0.0532759219187362,2.927042127630987e-05,1.1344123067215882e-07,9.493400001038105e-09,0.0266379609593681
3,49,348.00000000000006,19.999999999997964,1.5948507725581516e-07,6.379250728850666e-10,2.0041007225162546e-08,9.999999999998982,418.00000000000006,0.0005288705274821837,5.442758463362007e-10,2.1770513888686865e-12,1.808580830131682e-15,0.00026443526374109183,520.8700888092304,6.094639362570162,261.1454671296722,1.044556920426401,9.999999999999998,3.047319681285081,340.00000000381385,9.999999999987233,4.134380133643597e-09,1.653712556353292e-11,2.597645609091033e-10,4.999999999993617
4,49,348.0000000000002,0.008339685404731512,9.542979886656145e-05,3.767676138070639e-07,4.935635847684671e-09,0.004169842702365756,418.00000000000006,19.967637729608306,1.257682733998525e-10,4.965473345255125e-13,1.5574252829965914e-11,9.983818864804153,520.8877809828277,6.097362717056347,264.4530230327291,1.0440903746577919,9.999999999999998,3.0486813585281736,340.000000007837,0.001025844036805168,0.0002068637399954887,8.167213871034904e-07,1.3160583460602955e-09,0.000512922018402584
5,49,348.00000000000006,0.00686420740253979,5.787324624987541e-05,2.2160366185706268e-07,2.389390908315802e-09,0.003432103701269895,418.00000000000006,0.005851516845648774,1.2605138163731505e-07,4.826659909894247e-10,4.436444326246317e-12,0.002925758422824387,520.8577682773056,6.1014893018657705,272.4866188246149,1.0433842310809422,9.999999999999998,3.0507446509328853,349.92863434699984,9.999999998415591,1.8510023456059912e-08,7.087711930332282e-11,1.1133351863782336e-09,4.9999999992077955
6,49,348.00000000000006,19.999999997926263,4.173302315027105e-08,1.6006617994742912e-10,5.028627349588849e-09,9.999999998963132,418.00000000000006,19.999999999996408,7.715363154355795e-11,2.959212186900623e-13,9.296639266778712e-12,9.999999999998204,520.9173748972275,6.070518728408162,273.4227112782974,1.048707368924498,9.999999999999998,3.035259364204081,340.0000024787657,0.003988487188189893,7.14717263239964e-05,2.7412838427105207e-07,1.7174420211896707e-09,0.0019942435940949466
7,49,348.00000000000006,19.99999999976076,7.579438023247671e-08,2.9389134445955555e-10,9.232868886967227e-09,9.99999999988038,418.00000000000006,19.999999999999865,1.502745813267997e-11,5.826869829764268e-14,1.8305651450611307e-12,9.999999999999932,520.8377075812504,6.098252503437065,269.23091717474546,1.0439380330820558,9.999999999999998,3.0491262517185325,340.00000330365185,9.99999999951316,2.976682108987762e-08,1.1542031274031995e-10,1.8130180328118629e-09,4.99999999975658
8,49,348.00000000000165,0.008852615836101307,9.955269623515125e-05,3.8241409180547816e-07,5.317718977648688e-09,0.004426307918050654,418.00000000000006,19.970746051234126,9.759731731773843e-11,3.7490284920616443e-13,1.176069283480787e-11,9.985373025617063,520.8299373522029,6.112105986382524,271.1492364160508,1.0415718801112732,9.999999999999998,3.056052993191262,340.0000000103247,0.004967884646152498,4.5577058276897204e-05,1.7507621598671324e-07,1.3662133710868734e-09,0.002483942323076249
9,49,348.0000000000004,19.999999999721524,3.3196614691850726e-08,1.3012752713323452e-10,4.088076832658839e-09,9.999999999860762,418.00000000000006,0.005495732415045751,9.61905225581592e-08,3.770575689821653e-10,3.2550159359441824e-12,0.0027478662075228755,520.8481720706972,6.087502786488691,266.7875574181249,1.0457814882328578,9.999999999999998,3.0437513932443454,340.0000014821036,7.260524548691194e-05,0.0024115534915849788,9.453057045798899e-06,1.0781027501855865e-09,3.630262274345597e-05
10,49,348.0000000000001,19.9999999998387,2.6507961877251446e-08,9.968948950699638e-11,3.131837678727708e-09,9.99999999991935,418.00000000000006,0.003113711066696112,1.0778829154591855e-07,4.053634831980556e-10,1.9826351905066018e-12,0.001556855533348056,520.8638739738487,6.094673950842486,277.75162679818607,1.0445509923948915,9.999999999999998,3.047336975421243,340.00000195665797,6.039175433336652e-05,0.0023844076962821425,8.967131728935727e-06,8.506503252873198e-10,3.019587716668326e-05
11,49,348.00000000000006,19.999999999600654,1.4531922707965864e-07,5.546944425352585e-10,1.7426239856210582e-08,9.999999999800327,423.99673359992937,19.999999999999595,6.898416470950988e-11,2.6331775606215205e-13,8.272371280045893e-12,9.999999999999797,520.7679428195078,6.116972927466257,272.6545999977693,1.0407431582851205,9.999999999999998,3.0584864637331286,340.000001546604,9.99999999836009,6.7011147365011e-08,2.5578660015104003e-10,4.017886518947189e-09,4.999999999180045
12,49,348.0000000002811,19.999999999710273,7.653847024487511e-08,2.9185255348059064e-10,9.168818379327634e-09,9.999999999855136,418.00000000000006,0.011722679474495123,5.1064400647753096e-08,1.947161430496524e-10,3.585491737072622e-12,0.005861339737247562,520.9550631589598,6.0778684221214725,274.6914295188103,1.0474392141338424,9.999999999999998,3.0389342110607362,340.00000271134525,6.182659086206854e-05,0.004961633547575862,1.8919445550219067e-05,1.837399449628127e-09,3.091329543103427e-05
13,49,348.00000000000745,19.999999997760572,3.655156808291638e-07,1.3713243110984065e-09,4.3081423809534494e-08,9.999999998880286,418.00000000000006,0.07229800225642435,1.1784201737554417e-07,4.421140645166839e-10,5.0208876666130794e-11,0.03614900112821218,520.8623484397069,6.090490808864764,278.6080551667021,1.0452684230981442,9.999999999999998,3.045245404432382,340.00000664798677,6.495577395959629e-05,0.027681319732576953,0.00010385345609922752,1.0596406068596369e-08,3.247788697979814e-05
14,49,348.00000000000125,0.00752984821696856,7.85702354121152e-05,3.0514206250989e-07,3.6091769609466952e-09,0.00376492410848428,418.00000000000006,19.968098695273405,1.3490311128135048e-10,5.239212202875122e-13,1.6433216637840428e-11,9.984049347636702,520.7789679261351,6.102563481436043,268.6110002929203,1.0432005735035357,9.999999999999998,3.0512817407180215,340.00000001199083,0.0006426650320836558,0.00026694303287088343,1.0367227130683465e-06,1.0465672989987264e-09,0.0003213325160418279
15,49,348.0000000000005,0.0067641700324792,8.966292723193111e-05,3.449676882066506e-07,3.665327719971833e-09,0.0033820850162396,418.00000000000006,19.96562035081467,1.7457053688412445e-10,6.716398448841188e-13,2.1063917172358366e-11,9.982810175407336,520.9690869420266,6.063237015963662,272.90410758857024,1.0499668257919814,9.999999999999998,3.031618507981831,340.00000000701783,0.002979243418629096,6.198242617425603e-05,2.384701785551105e-07,1.1159890735994948e-09,0.001489621709314548
16,49,352.81137356002085,4.464162309325619,3.482911690101941,0.013487959904260272,0.09458148308897875,2.2320811546628097,418.0000000000002,0.13776582757557065,4.986130343086509e-07,1.9309340037558612e-09,4.1785808824618066e-10,0.06888291378778533,520.8439674540974,6.086698463166243,270.0813106444572,1.045919682435554,9.999999999999998,3.0433492315831217,340.0000000000127,9.999999998785855,7.322592793288972e-09,2.8357548734810464e-11,4.454393338413926e-10,4.999999999392927
17,49,348.00000000000006,19.999999999630088,4.833646721952304e-08,1.8463763187686744e-10,5.800562278698549e-09,9.999999999815044,418.00000000000006,19.969936595563922,1.178671275011428e-10,4.502337168974954e-13,1.4123247768742906e-11,9.984968297781961,520.9408142565461,6.084882556399194,273.894055814181,1.0462318154326204,9.999999999999998,3.042441278199597,349.98698641188037,9.999999999164386,2.755853572858147e-08,1.0526923185780836e-10,1.6535652271294824e-09,4.999999999582193
18,49,348.00000000000034,0.005049681449261101,7.13494517227433e-05,2.720297855892696e-07,2.1577459915012853e-09,0.0025248407246305504,418.00000000000006,19.960826612137375,2.465614243422964e-10,9.400499902796025e-13,2.9474696949686035e-11,9.980413306068687,520.8504275756156,6.082808139731155,274.5049533186673,1.0465886112852447,9.999999999999998,3.0414040698655773,340.0000000664206,6.081748403730103e-05,0.0024157357421110935,9.210331125184282e-06,8.798802526992898e-10,3.0408742018650514e-05
19,49,348.00000000000006,19.999999999680483,4.551590912595675e-08,1.7729835398451041e-10,5.56999206362402e-09,9.999999999840242,418.00000000000006,19.966847376905328,1.2206680855281986e-10,4.754874646723295e-13,1.491311776484109e-11,9.983423688452664,520.8930903952473,6.097649790301983,268.0255298849848,1.0440412195861006,9.999999999999998,3.0488248951509913,349.9697563798694,9.999999993200127,2.699431926985248e-08,1.051511101367371e-10,1.651709774488781e-09,4.999999996600064
20,49,348.000000000012,0.0006835499476203211,0.00019530092939660558,7.555329559063154e-07,8.11229143126575e-10,0.00034177497381016053,418.00000000000006,19.999999999999993,2.0344639149802135e-12,7.870441477768262e-15,2.472572112706516e-13,9.999999999999996,520.9296293417589,6.078280233307591,270.7386763371371,1.047368248800129,9.999999999999998,3.0391401166537957,349.99730825323434,3.001281894833411e-08,1.1615477868264024,0.004493514882488027,2.1184238137656939e-10,1.5006409474167056e-08
0,50,348.000000000003,0.019503649021768155,7.937766935605978e-05,3.143117436141705e-07,9.629336374634613e-09,0.009751824510884077,418.00000000000006,19.9463694894399,3.099531203192323e-10,1.2273213168956994e-12,3.8454043577730077e-11,9.97318474471995,520.7777973394387,6.096691324960689,263.7082101439378,1.044205354076518,9.999999999999998,3.0483456624803447,340.0000000083715,0.008967493712237484,5.201588450677981e-05,2.059672888809901e-07,2.9012771015544656e-09,0.004483746856118742
1,50,348.0000000000004,19.99999999956233,3.29008851639101e-08,1.270473233461109e-10,3.991309376736546e-09,9.999999999781165,418.00000000000006,19.964456210744775,2.0767466217300072e-10,8.019392130163562e-13,2.5148889489250588e-11,9.982228105372387,520.7177258204596,6.099561303667451,270.2860211230078,1.0437140323268892,9.999999999999998,3.0497806518337254,340.0000014992052,0.00010222614626975712,0.001884838582072005,7.278335996090514e-06,1.168729393009151e-09,5.111307313487856e-05
2,50,359.9718702388162,19.999999998698094,5.895834820946394e-08,2.222987723638373e-10,6.9837219011480015e-09,9.999999999349047,418.00000000000006,19.942990751504443,3.724314491338734e-10,1.4042295357056056e-12,4.398942329330698e-11,9.971495375752221,520.8302937793704,6.076555875249989,277.8630961829822,1.0476654628661517,9.999999999999998,3.0382779376249944,340.00000249581115,7.462651798206821e-05,0.006662773071817901,2.5121570047076107e-05,2.944827321155598e-09,3.7313258991034104e-05
3,50,348.00000000000006,0.010606162151585607,6.717156667100948e-05,2.626433243485819e-07,4.3756694450642e-09,0.005303081075792804,418.00000000000006,19.95642727908387,2.5286491951162537e-10,9.887112414237188e-13,3.099360850214452e-11,9.978213639541934,520.8280980775913,6.090608610589051,267.32436368343366,1.0452482060015524,9.999999999999998,3.0453043052945254,340.00000027702276,9.999999996216612,2.7118397133637585e-08,1.0603394154952187e-10,1.6655772583855847e-09,4.999999998108306
4,50,348.00000000000085,19.99999999995883,7.108760513218104e-09,2.7686485943893396e-11,8.697966084487353e-10,9.999999999979416,418.00000000000006,19.97131346542627,7.181442164412372e-11,2.796955913371705e-13,8.774292869853137e-12,9.985656732713135,520.6854610871779,6.107714867662349,267.62545275792513,1.0423207143119952,9.999999999999998,3.0538574338311744,349.9986048957823,3.161481553284884e-08,0.9053960924725288,0.003526245699413617,1.7511489926846643e-10,1.580740776642442e-08
5,50,359.92402962350974,19.999999999925606,2.034971919094161e-08,7.707043010855652e-11,2.4212389703714616e-09,9.999999999962803,418.00000000000006,3.0193309978443494e-05,7.900121029619291e-07,2.9920104545395354e-09,1.4190369673358912e-13,1.5096654989221747e-05,520.8609774753338,6.07914830574197,276.5082047469148,1.0472186897731568,9.999999999999998,3.039574152870985,349.52643104251933,9.999999998810623,2.279750044131032e-08,8.634090465454201e-11,1.3562397586737218e-09,4.999999999405311
6,50,348.00000000000006,0.004793659402032802,8.466487920564155e-05,3.188090575742119e-07,2.400588392990449e-09,0.002396829701016401,418.00000000000006,19.960547291703758,2.536184634554804e-10,9.550106735671533e-13,2.994336107866345e-11,9.980273645851879,520.8247978942554,6.095676583451504,277.35171001019637,1.0443791819531103,9.999999999999998,3.047838291725752,340.0000000097096,0.0018566671637287868,8.356751563928533e-05,3.146768902849094e-07,9.177381456492587e-10,0.0009283335818643934
7,50,348.0000000000004,19.999999999807287,3.048012763974567e-08,1.1779259470316083e-10,3.700563501631643e-09,9.999999999903643,418.00000000000006,19.972113371495244,1.1452152235291177e-10,4.425764690602874e-13,1.388456312432032e-11,9.986056685747622,520.790192902444,6.115327885981822,269.37616658586785,1.041023121306228,9.999999999999998,3.057663942990911,340.0000038837363,7.592547378898473e-05,0.0020052198268696742,7.749312901472244e-06,9.242098331241428e-10,3.7962736894492366e-05
8,50,348.00000000000625,0.07678048095041845,4.012440315691577e-05,1.5969749839712463e-07,1.9260555932639315e-08,0.038390240475209225,418.00000000000006,19.891902780406543,6.410159158156994e-10,2.5512812686128384e-12,7.971766062492971e-11,9.945951390203271,520.8511710793846,6.08435819193097,262.89106257972054,1.0463219821802432,9.999999999999998,3.042179095965485,340.0000000074465,9.999999986607152,1.1393332324351575e-07,4.534613670116214e-10,7.122954486912809e-09,4.999999993303576
9,50,348.00000000007446,19.999999998303128,1.0227760920409904e-07,4.0102479869142954e-10,1.2598565613694299e-08,9.999999999151564,418.00000000000006,0.0004673200929019572,5.861713094712838e-07,2.2983449966094066e-09,1.6871338968028429e-12,0.0002336600464509786,520.8223125147209,6.108119024595725,265.81652109761126,1.0422517469029131,9.999999999999998,3.0540595122978624,349.9947443611261,1.2349290976306675e-07,3.848884814114672,0.015091262591861375,2.927436454787663e-09,6.174645488153338e-08
10,50,348.00000000077273,19.999999998355044,1.0877915287285462e-07,4.3130134091191717e-10,1.3549731239808622e-08,9.999999999177522,418.00000000000006,19.955391372330677,1.0302329709386647e-10,4.0847979606614285e-13,1.2804148648847078e-11,9.977695686165339,520.8824415135731,6.110616349202544,262.7604332578895,1.0418257929916717,9.999999999999998,3.055308174601272,340.00000446782565,7.518720519250621e-05,0.006560456841180951,2.601172888249439e-05,3.072083654622504e-09,3.7593602596253106e-05
11,50,348.0000000000017,0.008769151065326497,0.00020716761841169776,8.089921660397227e-07,1.1143503269282502e-08,0.0043845755326632485,418.00000000000006,0.013635311870832112,1.0982541960195363e-07,4.2886965043659097e-10,9.185657891035766e-12,0.006817655935416056,520.7999890803779,6.097197284891916,267.37908500176763,1.0441187034328783,9.999999999999998,3.048598642445958,340.00000000923524,0.003945658941249874,0.00011566460451640092,4.5167174126556223e-07,2.7993831197020447e-09,0.001972829470624937
12,50,348.00000000000006,19.999999999699405,4.611635543448621e-08,1.794280157214236e-10,5.6368973603014615e-09,9.999999999849702,418.003654504255,0.0002122545733075909,5.663867139241679e-06,2.2036790039655763e-08,7.347257609578906e-12,0.00010612728665379545,520.9515887846676,6.080814365391028,269.08104207137,1.0469317662300373,9.999999999999998,3.040407182695514,349.96046324337095,9.999999998863968,2.8278037378605154e-08,1.1002326804743735e-10,1.7282414529125152e-09,4.999999999431984
13,50,348.00000000000006,19.999999999617916,1.3301972069435412e-07,5.058757609726109e-10,1.5892555742703392e-08,9.999999999808958,418.00000000000006,19.95623255353501,2.803409287728007e-10,1.0661402680326659e-12,3.342048746683174e-11,9.978116276767505,520.9260565641889,6.0749828577976634,275.5543219141193,1.0479367387027858,9.999999999999998,3.0374914288988317,349.95462073959334,0.0017078100227099213,0.0003661433579375412,1.3924480434545245e-06,3.7354113521648355e-09,0.0008539050113549607
14,50,348.0000000001008,0.5438347250981224,3.537027211967655e-05,1.3419206443095798e-07,1.1463405259744622e-07,0.2719173625490612,423.9971393101477,0.009239751651537342,7.277902990571283e-06,2.7611798510583084e-08,4.0075123639541575e-10,0.004619875825768671,520.7762808773012,6.099631361753198,275.0984231931447,1.0437020446176597,9.999999999999998,3.049815680876599,340.00000001112204,9.999999929535177,6.97358319993599e-07,2.6457232868159624e-09,4.155892391361812e-08,4.999999964767588
15,50,353.3020157961263,7.509769484165494,129.2894934471681,0.5709583864635243,6.735206874656112,3.754884742082747,420.2414029075499,6.504940328608816,48.89033989498655,0.21590578503969082,2.206111574356986,3.252470164304408,520.8326331347324,6.0405853690563625,238.64914019934537,1.053904106096644,9.999999999999998,3.0202926845281812,347.95852163567577,7.769189943750522,92.77547048425832,0.40970794701684016,4.999999999999999,3.884594971875261
16,50,352.9563424641993,7.209717938021657,230.30313838021732,0.8830023280248733,9.999999999999998,3.6048589690108286,419.41219779261905,6.754807119770275,77.48860535031443,0.29709807430746543,3.1523371951497685,3.3774035598851375,520.7448490051588,6.300112498449695,263.5541299256364,1.010489530979388,9.999999999999998,3.1500562492248476,347.52524562813215,5.960416250238997,139.2873079875888,0.5340396925651413,4.999999999999999,2.9802081251194985
17,50,353.4184127627611,4.582888651773596,9.899874955595768,0.03963342639448694,0.28531250196439506,2.291444325886798,418.0967317914188,0.4113601198728004,4.41730284341091e-21,1.7684349336910225e-23,1.1426971606693243e-23,0.2056800599364002,520.8878249523029,6.0866541181803,261.2579948375317,1.0459273025980793,9.999999999999998,3.04332705909015,348.3329774447696,7.471253779295645,10.899065668954822,0.04363361344428264,0.512076145762077,3.7356268896478224
18,50,348.0000000000006,0.004708874304999,9.789374197983458e-05,3.7612718187267476e-07,2.78209332950042e-09,0.0023544371524995,418.00000000000006,19.960663590860165,2.3839561057704865e-10,9.15963240996873e-13,2.8719236989981367e-11,9.980331795430082,520.8028318666093,6.102639558491402,271.507988809674,1.0431875687001189,9.999999999999998,3.051319779245701,340.0000000104429,0.0018142861568044566,9.319831105648592e-05,3.580864045445311e-07,1.0205011451166585e-09,0.0009071430784022283
19,50,348.00000000000006,0.008636727142736333,5.8566003806237506e-05,2.2163796832457676e-07,3.006860201295385e-09,0.004318363571368167,418.00000000000006,19.968637680349442,1.4543680327362976e-10,5.503929840225051e-13,1.7263991092953113e-11,9.984318840174721,520.8104954538443,6.110795975974574,275.28577466660454,1.0417951685353897,9.999999999999998,3.055397987987287,349.97645541348646,9.99999999842138,1.873002142709167e-08,7.088214366666861e-11,1.1134141088937461e-09,4.99999999921069
20,50,348.0000000000005,0.00904623746205857,0.0001194007507538422,4.524382356886474e-07,6.429055292663964e-09,0.004523118731029285,423.99993538724476,0.000173051069193908,7.576032691135385e-06,2.8707414674162e-08,7.803478652070838e-12,8.6525534596954e-05,520.9453618939424,6.06093728511459,277.196721932666,1.0503652198003979,9.999999999999998,3.030468642557295,340.0000000062656,0.0030685974906035085,0.00010244062791451672,3.8817224065896176e-07,1.87104519103794e-09,0.0015342987453017543
0,51,348.0000000000005,0.006453908382386686,8.228061740858428e-05,3.0626114283923686e-07,3.104806735138927e-09,0.003226954191193343,418.0021347858301,0.00765350751360927,1.3056538020290903e-07,4.859844738113325e-10,5.842554666468742e-12,0.003826753756804635,520.7765555474647,6.102627676789535,280.2650167999984,1.0431895997667904,9.999999999999998,3.0513138383947673,340.00000000926065,0.002130627144801167,8.886898558544795e-05,3.307840648935555e-07,1.1070619203497576e-09,0.0010653135724005836
1,51,348.00000000000057,0.00782332607799674,9.467588993622067e-05,3.637863586064189e-07,4.470516672017205e-09,0.00391166303899837,418.00000000000006,19.961270996865927,2.0015626384913986e-10,7.690882908731687e-13,2.4114833470443334e-11,9.980635498432964,520.9071734890072,6.080489340353024,272.4799669347946,1.0469877286728704,9.999999999999998,3.040244670176512,340.000000007609,0.004242311427244516,5.336912449363799e-05,2.0506762043253334e-07,1.3665310869679773e-09,0.002121155713622258
2,51,348.00000000000006,19.999999999087155,9.220275536451129e-08,3.669498200057578e-10,1.1528068587135688e-08,9.999999999543578,418.00000000000006,19.943308149160053,2.4257561982674995e-10,9.654058567047123e-13,3.0243148775701413e-11,9.971654074580027,520.8803780362109,6.089916476820361,262.6672983713208,1.0453670009936988,9.999999999999998,3.0449582384101803,340.00000346307934,0.015162926919691344,3.422561523653048e-05,1.3621158392697184e-07,3.244269786059276e-09,0.007581463459845672
3,51,348.00000000000006,19.999999999750987,4.848855888836729e-08,1.9391154739557695e-10,6.0919109273658865e-09,9.999999999875493,418.00000000000006,19.966559556263395,1.5137314824893375e-10,6.053593277265409e-13,1.8986125776521755e-11,9.983279778131697,520.8146550313916,6.114352018514012,260.35462035008754,1.0411892714713222,9.999999999999998,3.057176009257006,340.000001838913,0.002218687046223522,0.00010353975916636348,4.140678827584551e-07,1.443070240053648e-09,0.001109343523111761
4,51,348.00000000000006,0.014496281474485784,4.4473988178856464e-05,1.7205867836185474e-07,3.917897526785135e-09,0.007248140737242892,418.00000000000006,19.954369005230973,2.985728344686323e-10,1.1551032276850915e-12,3.620584380947102e-11,9.977184502615486,520.8954281819854,6.063144124662964,271.4011758041954,1.0499829119647877,9.999999999999998,3.031572062331482,349.96373712350146,9.99999999699633,2.8931282725962435e-08,1.1192785879969284e-10,1.7581586941576606e-09,4.999999998498165
5,51,348.0000000000007,0.005390532918610802,8.400695033835283e-05,3.287699704913832e-07,2.7838364837358783e-09,0.002695266459305401,418.0019144823312,0.006762016421745898,1.3035686566748136e-07,5.101652030722602e-10,5.418847529897464e-12,0.003381008210872949,520.7664616206532,6.094346519404848,266.9168894576789,1.0446071130687058,9.999999999999998,3.047173259702424,340.0000000104084,0.0022737240530208425,7.681701809835222e-05,3.0063142003979215e-07,1.0737223700988149e-09,0.0011368620265104212
6,51,348.00000000000057,0.00678467098142832,9.28533666061745e-05,3.544462400967593e-07,3.77745276543553e-09,0.00339233549071416,418.00000000000006,0.007683929531797418,9.328503779954371e-08,3.5609404498569503e-10,4.2980153415387635e-12,0.003841964765898709,520.9557360497438,6.088927860912245,273.89655832060254,1.045536729798278,9.999999999999998,3.0444639304561223,340.00000000727186,0.0013810735851116362,0.00013061454561874483,4.985908027747504e-07,1.0816355654976802e-09,0.0006905367925558181
7,51,348.0000000000013,0.008174635297013566,7.747572802524446e-05,2.91634848061659e-07,3.7447918306682916e-09,0.004087317648506783,418.00000000000006,0.008232613149331769,1.1342202385428806e-07,4.269442254587551e-10,5.521139614422071e-12,0.0041163065746658845,520.769639545329,6.1047498260318065,277.0374622041777,1.0428269634456016,9.999999999999998,3.0523749130159032,340.0000000132482,0.002387214768717172,8.443853508492111e-05,3.1784431044024814e-07,1.191861555310883e-09,0.001193607384358586
8,51,348.0000000000003,19.999999999545192,2.6923665528745014e-08,1.0571527428853963e-10,3.3211432906955364e-09,9.999999999772596,418.00000000000006,0.004034201465273668,1.1753777123140045e-07,4.6150988288444655e-10,2.924546058075784e-12,0.002017100732636834,520.8531019823733,6.070774862335696,267.0745108022135,1.0486631225896679,9.999999999999998,3.035387431167848,349.9461281121429,7.887784272497811e-05,0.0022625770592280105,8.883966938301056e-06,1.1007326152110261e-09,3.9438921362489054e-05
9,51,348.0000000000017,0.010816785084401204,6.95071187696422e-05,2.660755074946037e-07,4.520879975324295e-09,0.005408392542200602,418.00000000000006,19.959737801164838,2.1798086087589368e-10,8.344378131092336e-13,2.6161864088979437e-11,9.979868900582419,520.883361331061,6.077426866168432,273.6432682663456,1.047515315916823,9.999999999999998,3.038713433084216,340.0000000096276,0.005682229192284893,4.237488012099782e-05,1.622124169839982e-07,1.4478471626944109e-09,0.0028411145961424467
10,51,348.00000000000114,0.006817865541258072,0.0001479272544624607,5.784980961314847e-07,6.195412719636567e-09,0.003408932770629036,418.00000000000006,0.010228611963842837,1.1321212156935545e-07,4.427378648029894e-10,7.113498539211723e-12,0.005114305981921419,520.8533395030769,6.079975955620935,267.74694485485054,1.047076134863702,9.999999999999998,3.0399879778104677,340.00000000957584,0.00223984531094068,0.0001299985321311717,5.083843650789509e-07,1.7886694471376887e-09,0.00111992265547034
11,51,358.9953291370697,19.99999999928493,4.615947010708041e-08,1.8027662489051637e-10,5.663557203497599e-09,9.999999999642466,423.9999054925804,0.01804508053388787,1.1952272423706958e-07,4.66798108236379e-10,1.3231460632875737e-11,0.009022540266943935,520.8617955199994,6.0864932146784145,267.8146787526719,1.045954952898469,9.999999999999998,3.0432466073392073,340.0000019659253,6.506701809705362e-05,0.005437138737130626,2.1234841264805645e-05,2.170350122376327e-09,3.253350904852681e-05
12,51,348.00000000000097,0.0071967319508843275,0.00010075402273877464,3.817809976487656e-07,4.3158815093052565e-09,0.0035983659754421637,418.00000000000006,19.975531700187076,7.264078541311611e-11,2.752532432070975e-13,8.636756387277223e-12,9.987765850093538,520.8370702047893,6.115216027580326,274.73652816708307,1.0410421635087839,9.999999999999998,3.057608013790163,340.00000000936836,0.0005779886758059405,0.00031618061244729297,1.1980836732474202e-06,1.087743148833837e-09,0.00028899433790297024
13,51,348.00000000002,0.012187645515936651,0.00011513612057960675,4.56073575799707e-07,8.73121337460292e-09,0.006093822757968326,418.00000000000006,19.97271297432871,6.09444354411127e-11,2.4141117884465026e-13,7.57380840674635e-12,9.986356487164356,520.9088649596017,6.097039627947741,263.59537550621684,1.0441457022018192,9.999999999999998,3.0485198139738703,340.00000017516874,6.0914703333025955e-05,0.0050973911757278886,2.019162543484085e-05,1.9320274464625555e-09,3.0457351666512977e-05
14,51,354.6541119488825,5.316323843748563,44.311136947774365,0.18096478017383147,1.5112118999052455,2.6581619218742816,419.25244380383725,4.51052917569642,13.381912763057617,0.05465115698399486,0.3872101508018239,2.25526458784821,520.874376295697,6.0877641791879356,256.0596431494974,1.0457365851061955,9.999999999999998,3.0438820895939678,349.42057493724315,8.349438950771779,64.13388156297606,0.2619200178144254,3.4351512372818735,4.174719475385889
15,51,352.5144224395351,7.245662221794177,349.4962104927064,0.8786219297563955,9.999999999999998,3.6228311108970885,419.565462559269,6.938463917027743,169.99127543583148,0.4273524518466793,4.657677464154294,3.4692319585138716,520.8883962373034,7.5917594494594915,254.69042702652447,0.6402833214387466,7.635447667272993,3.7958797247297458,347.0401510577445,6.001531887033021,210.97375942454073,0.5303810629941577,4.999999999999999,3.0007659435165106
16,51,354.0646097655002,5.849736612425306,63.80145082562571,0.26936158495000123,2.475094858588735,2.924868306212653,419.22655496041347,5.238466426401348,22.639219927436354,0.09557989799248587,0.7864852906004395,2.619233213200674,520.8357741087948,6.066011122601011,248.58322406494705,1.0494866552348303,9.999999999999998,3.0330055613005054,349.02331622114355,8.601471807853939,81.184974157764,0.34275260249218226,4.630985362645648,4.300735903926969
17,51,353.1515666825928,0.2301350649469462,99.33468650647745,0.39969019312743526,0.14448613214125774,0.1150675324734731,418.00000035480065,19.999999787477684,1.5196581132129042e-12,6.114605744672406e-15,1.9209600282937338e-13,9.999999893738842,520.9932959271823,6.052569572169616,261.4073327414464,1.0518173558794424,9.999999999999998,3.026284786084808,349.58557266816575,2.523138404603182,6.744964632990781,0.02713952509048298,0.10756307141360835,1.261569202301591
18,51,359.61394668322237,19.99999999921235,3.6913812634669984e-08,1.4149420122179962e-10,4.445171430664554e-09,9.999999999606175,418.00000000000006,19.957851015989505,2.3258569234613263e-10,8.915233731025163e-13,2.7949007288103692e-11,9.978925507994752,520.7916625464267,6.079878742021826,273.17155005782837,1.0470928769804335,9.999999999999998,3.039939371010913,340.0000010636723,6.915748892843965e-05,0.00504984543975129,1.935654422540101e-05,2.102746491807189e-09,3.4578744464219824e-05
19,51,348.00000000000006,19.99999999877242,4.2245534163707127e-08,1.6278954707304094e-10,5.114184451344849e-09,9.99999999938621,418.00000000000006,19.999999999994763,1.1497995713874809e-10,4.430654154486838e-13,1.3919310542329302e-11,9.999999999997382,520.9078256234084,6.072485252175472,272.06203687331157,1.048367753778425,9.999999999999998,3.036242626087736,349.97897179807626,9.99999998775312,3.6458277671291677e-08,1.4048884992609415e-10,2.2067936914928477e-09,4.99999999387656
20,51,348.00000000000006,19.99999999962225,2.7118674226322474e-08,1.0223946349254527e-10,3.211947474090755e-09,9.999999999811125,418.00000000000006,19.99999999999849,3.18593705085973e-11,1.2011224888153106e-13,3.7734375869233836e-12,9.999999999999245,520.848207592316,6.066719939305513,278.340285422877,1.0493640364754635,9.999999999999998,3.0333599696527567,340.00000161996775,6.135870875745297e-05,0.0030883667371413783,1.1643377387788176e-05,1.1222123991428655e-09,3.067935437872649e-05
0,52,348.00000000000074,19.99999999956493,4.0572199890007245e-08,1.613932023758659e-10,5.070316989123214e-09,9.999999999782466,418.00000000000006,19.99999999999805,4.177489196106443e-11,1.6617742224430318e-13,5.22061768915141e-12,9.999999999999025,520.7728799798517,6.102125732772976,262.26617873665145,1.0432754096633199,9.999999999999998,3.051062866386488,340.00000388871695,8.338249671346887e-05,0.0030178728910752856,1.2004874558796475e-05,1.5723614893734127e-09,4.1691248356734434e-05
1,52,348.0000000000002,0.009997246803337134,0.00019456721939331174,7.44459519499655e-07,1.169072321434989e-08,0.004998623401668567,418.00000000000006,19.951047907181685,3.126283063026714e-10,1.1961887486380872e-12,3.7487398390652745e-11,9.975523953590843,520.8069742573949,6.117910777740389,271.9603357094567,1.0405836166880365,9.999999999999998,3.0589553888701944,340.0000000056024,9.999999998074871,5.897286733844654e-08,2.2564393230880483e-10,3.5444065996599253e-09,4.999999999037436
2,52,348.00000000002814,0.00021082206723832542,0.0006502381275428275,2.5146909392415387e-06,8.3276135188946e-10,0.00010541103361916271,418.00000000000006,19.967701243175355,2.277694772222183e-10,8.808616664343008e-13,2.7628395088190918e-11,9.983850621587678,520.9580442373617,6.063763625417882,271.4723946249421,1.0498756410936267,9.999999999999998,3.031881812708941,349.9972904154197,2.4453520720135865e-08,2.0658977175002438,0.007989525762245413,3.068896730061356e-10,1.2226760360067933e-08
3,52,348.00000000000045,0.0077247284449981635,4.204290179255406e-05,1.619902323997119e-07,1.96558544101801e-09,0.0038623642224990817,418.00000000000006,19.959821035904636,2.4890601862112505e-10,9.590285656558542e-13,3.006824382413093e-11,9.979910517952318,520.7984827023748,6.0838964832964235,271.5827376341075,1.0464013878530738,9.999999999999998,3.0419482416482118,349.82683553068875,8.621588208868047e-05,0.0016751142192071892,6.454172526062221e-06,8.740730364335723e-10,4.310794104434024e-05
4,52,348.00000000022044,0.006314243495779692,0.00011332634208426415,4.3623386124749743e-07,4.326737780664536e-09,0.003157121747889846,418.00000000000006,19.966647298921654,2.5835667867153043e-10,9.94507803244539e-13,3.119128152360267e-11,9.983323649460827,520.7937639968476,6.092617532160561,271.44866167562344,1.0449035558314843,9.999999999999998,3.0463087660802803,340.00000001262606,0.005253175927141029,4.688783203834941e-05,1.8048813399804788e-07,1.4893284214642646e-09,0.0026265879635705147
5,52,348.0000000006028,0.007866125283413794,0.00021109288512253288,8.507747225113606e-07,1.0512241129972106e-08,0.003933062641706897,423.9999384814561,0.00020286309882627807,4.006787952360276e-06,1.6148691635686493e-08,5.145887340291131e-12,0.00010143154941313903,520.9570545434793,6.095018813349628,259.15768398207143,1.0444918906127467,9.999999999999998,3.047509406674814,340.00000001105303,0.004535362240726926,7.301993463853313e-05,2.9429468735450243e-07,2.096593713560435e-09,0.002267681120363463
6,52,348.0000000000008,19.999999991073818,4.775417354173769e-08,1.863403932635454e-10,5.854056102825153e-09,9.999999995536909,418.00000000000006,19.96207102928849,1.7037110194049858e-10,6.648009122928038e-13,2.0845728655537637e-11,9.981035514644246,520.9541490727789,6.080063445408113,268.3343909854595,1.0470610678386585,9.999999999999998,3.0400317227040565,340.00000205338944,5.338625972406419e-05,0.004894895035580647,1.9100250266433225e-05,1.6017267539872535e-09,2.6693129862032094e-05
7,52,348.00000001616286,19.99999999987638,4.717238487957498e-08,1.8371624208890827e-10,5.771615964880707e-09,9.99999999993819,418.00139809980783,19.999999999999996,1.4199680766072764e-11,5.530167694223525e-14,1.737353420129223e-12,9.999999999999998,520.8211971485325,6.123128474164645,266.9605147830828,1.0396969050276752,9.999999999999998,3.0615642370823224,349.99476331587243,1.0699206258736843e-07,1.412935906674734,0.005502780403183748,9.248123461707946e-10,5.3496031293684214e-08
8,52,348.00000000000006,19.999999999885762,3.2297244328924135e-08,1.2930199020171687e-10,4.062141825099329e-09,9.999999999942881,423.99998312270077,5.130965508060026e-05,6.0996399785424365e-06,2.4419903466289535e-08,1.9681713926305882e-12,2.565482754030013e-05,520.8947373590614,6.074071422597686,261.7944817921524,1.048093985196044,9.999999999999998,3.037035711298843,340.000002274741,0.00046658068067628733,0.000344738706134418,1.380161116805408e-06,1.0115245257418657e-09,0.00023329034033814366
9,52,348.00000000000006,19.999999999601194,3.7722833508547374e-08,1.5165157195724708e-10,4.764274643567312e-09,9.999999999800597,418.00000000000006,19.964107929442772,1.8162157049281984e-10,7.301465479876864e-13,2.289706528297978e-11,9.982053964721386,520.8109623804422,6.096317081688591,259.7586185597869,1.0442694561931265,9.999999999999998,3.0481585408442955,349.9776859047993,9.999999999024224,2.4878643077905157e-08,1.0001595797602868e-10,1.571046993942887e-09,4.999999999512112
10,52,348.00000000008123,0.00015252955317990313,0.20297415187584364,0.0007956545020084521,1.9063313919011354e-07,7.626477658995157e-05,418.00000000000006,19.408784183348136,3.3078301905001464e-09,1.2966626334572919e-11,3.9531673855793033e-10,9.704392091674068,520.8133588879596,6.11589734897747,265.5437881308802,1.0409261896359643,9.999999999999998,3.057948674488735,340.00003173885625,0.2827246030375665,3.2294480499745637e-05,1.2659369955325246e-07,5.6220612376118e-08,0.14136230151878326
11,52,348.00000000000006,19.999999981112662,1.201560456885745e-06,4.7568057530851936e-09,1.494394599433354e-07,9.999999990556331,418.00000000000006,19.380459784433913,3.3267890510728884e-09,1.3170281367664145e-11,4.0093964949664856e-10,9.690229892216957,520.9308418815436,6.079499379837645,264.51025531524095,1.0471582158210242,9.999999999999998,3.0397496899188226,340.000045746865,9.999999943110792,7.743072039442276e-07,3.0653713188294826e-09,4.815073980487204e-08,4.999999971555396
12,52,359.9658463166364,19.999999999278675,7.20955323088653e-08,2.8059935203914253e-10,8.815288629364329e-09,9.999999999639337,418.00000000000006,19.95052763186393,2.1211671998540665e-10,8.25568690298087e-13,2.5871849544571937e-11,9.975263815931966,520.8598006938313,6.100042018171824,268.14455676505315,1.0436317823239774,9.999999999999998,3.050021009085912,340.0000042628164,7.855939646894683e-05,0.005937974380411127,2.3110887876245084e-05,2.8519023163028745e-09,3.9279698234473415e-05
13,52,353.411182121771,4.701150670332071,10.488751754139436,0.04404698870673309,0.32526719946927013,2.3505753351660355,418.40573122021425,18.833130826919845,1.2202316683982929e-19,5.124301897632953e-22,1.515922882442811e-20,9.416565413459923,520.8380339239524,6.0881863551738,249.00024204880765,1.045664070099588,9.999999999999998,3.0440931775869,349.11834778771083,6.046512817089582,9.594912620993176,0.04029335594601955,0.38269985279452895,3.023256408544791
14,52,352.2522309687155,7.232766085386086,265.1193000355958,0.8801885265636908,9.999999999999998,3.616383042693043,419.39238247199705,6.9007640446588665,117.24424584939227,0.38924755756518714,4.219324730879047,3.4503820223294333,520.8507393968283,6.979485801348445,274.74027979371823,0.9121299053930098,9.999999999999998,3.4897429006742224,346.68703529282357,6.210286119381214,154.3846648139472,0.5125526909145156,4.999999999999999,3.105143059690607
15,52,353.5785645957407,5.872561024859949,62.06454342034119,0.25641690489547336,2.365342685170201,2.9362805124299745,419.2694263354528,4.668890763663001,17.080952809011794,0.07056919797652107,0.5175457799658864,2.3344453818315003,520.7948352719674,6.087852981046948,253.11208320757004,1.045721331230472,9.999999999999998,3.043926490523474,348.44994570420425,8.91006617299022,82.82222358374693,0.34217633865562275,4.789065549935101,4.45503308649511
16,52,352.17277704646256,6.095207220758946,7.6624921134323065,0.03009163995190628,0.28810726446214535,3.047603610379473,418.0878079702269,19.33763080547499,2.052182770307434e-22,8.059198512105907e-25,2.4480201869249e-23,9.668815402737495,520.742460620886,6.104495334790373,265.55503519985433,1.042870438018678,9.999999999999998,3.0522476673951866,347.8608709312499,4.782019205159197,7.855370857819075,0.030849100794219965,0.2317254330810727,2.3910096025795986
17,52,348.00000000000045,19.99999999976159,5.646078651004589e-08,2.2528892047329998e-10,7.0776601748565745e-09,9.999999999880796,418.00000000000006,19.96858148379767,1.2280072127095002e-10,4.899974590958359e-13,1.536954177910682e-11,9.984290741898835,520.9081380291182,6.085230793564622,262.18639873440736,1.0461719431263519,9.999999999999998,3.042615396782311,349.9853324051621,6.0880104456373374e-05,0.004459403913812947,1.7793841634114903e-05,1.7016294252632691e-09,3.0440052228186687e-05
18,52,348.00000000000006,19.99999999862893,2.0706058501651523e-06,8.039517460640632e-09,2.525688899102403e-07,9.999999999314465,418.00000000000006,0.022532428407572525,1.4516968896395206e-07,5.63648677554144e-10,1.9949700001900888e-11,0.011266214203786262,520.7857964948101,6.081020305198666,269.63180767515394,1.0468963108433214,9.999999999999998,3.040510152599333,340.0000030770691,9.999999996135104,6.051492639985569e-07,2.3496060700408927e-09,3.690752582808789e-08,4.999999998067552
19,52,348.00000000000057,19.999999999098947,3.434119591314882e-08,1.3149962972485465e-10,4.131182706747692e-09,9.999999999549473,418.00000000000006,0.008860861133360487,1.2795668641952815e-07,4.899729446680312e-10,6.819741406492691e-12,0.0044304305666802435,520.8051279855814,6.092945562961807,272.86240973878046,1.0448473005199765,9.999999999999998,3.0464727814809036,340.0000016776997,6.311981343287698e-05,0.0038729079109757407,1.4830175324697147e-05,1.4703877263982504e-09,3.155990671643849e-05
20,52,359.83696159408345,0.00010377577902787039,0.009618089545234458,3.7843045318786745e-05,6.1688179965553374e-09,5.188788951393519e-05,418.00465514874105,0.015926650176286472,7.730293711921345e-08,3.0415380714844507e-10,7.60917504686297e-12,0.007963325088143236,520.8826502367922,6.094946446580665,265.4684824472688,1.0445042921168441,9.999999999999998,3.0474732232903325,340.0000003447348,0.005954936619485096,5.7121619038928534e-05,2.2474900111984246e-07,2.102300486181696e-09,0.002977468309742548
0,53,348.00000000000074,0.00987490632968857,7.029560445045909e-05,2.6989993345590783e-07,4.1865438004765155e-09,0.004937453164844285,418.00000000000006,19.959700723462106,2.210697958062214e-10,8.487973557331096e-13,2.6612024839085245e-11,9.979850361731053,520.9299835362592,6.089932503946172,272.2657648476221,1.0453642498583728,9.999999999999998,3.044966251973086,340.0000000074887,0.004006147283309502,5.6045423610089534e-05,2.1518637219389527e-07,1.354133719667203e-09,0.002003073641654751
1,53,348.00000000000006,19.99999999880227,8.368406118829334e-08,3.233783140084408e-10,1.0159229355583308e-08,9.999999999401135,418.00000000000006,19.9406157666468,3.331543094631119e-10,1.2874002213685419e-12,4.032478139460533e-11,9.9703078833234,520.8048446704073,6.099998466382119,270.07367436101185,1.0436392334786233,9.999999999999998,3.0499992331910595,340.0000035018383,0.0076607586300827535,6.906352489853494e-05,2.6688052568238024e-07,3.2115045417436813e-09,0.0038303793150413767
2,53,348.0000000000005,19.999999999558963,4.602598658319765e-08,1.819203078946682e-10,5.715195028080798e-09,9.999999999779481,418.00000000000006,19.957549244252117,2.4538442356238775e-10,9.698957741260408e-13,3.040550029089576e-11,9.978774622126059,520.8910853459157,6.082713774134591,264.7918818925165,1.0466048477813759,9.999999999999998,3.0413568870672956,340.0000025067546,5.0562156204136954e-05,0.00547013433518655,2.162101448240584e-05,1.717202573658205e-09,2.5281078102068477e-05
3,53,348.00000000000034,19.999999999632994,2.6769510474880853e-08,1.0666789095895387e-10,3.3510706260441727e-09,9.999999999816497,418.00000000000006,0.006662176604692149,1.2506514023831165e-07,4.983443665966357e-10,5.215135194235293e-12,0.0033310883023460747,520.8330870696716,6.099251737613663,261.9451040365198,1.0437670057813668,9.999999999999998,3.0496258688068316,340.00000145046704,7.247502744256451e-05,0.0024863785865267877,9.907419121436052e-06,1.127895337024614e-09,3.6237513721282255e-05
4,53,348.0000000000012,0.008405824227150305,9.437669003816713e-05,3.8386811841931716e-07,5.068532379758699e-09,0.004202912113575152,418.00000000000006,19.99999999999935,3.1440032970540676e-11,1.2787931314990977e-13,4.017447107378521e-12,9.999999999999675,520.8742067774567,6.0710580396011995,257.80921472470544,1.0486142089483304,9.999999999999998,3.0355290198005997,340.00000001086994,0.003648478483970763,5.591585495183063e-05,2.2743236726660196e-07,1.3034186724122374e-09,0.0018242392419853815
5,53,348.00000000000085,0.009173451933587984,7.801983163617503e-05,3.115136231815751e-07,4.4887943682402965e-09,0.004586725966793992,418.00000000000006,19.967497440128756,1.3217966016778316e-10,5.277602371892804e-13,1.655313209309823e-11,9.983748720064378,520.9213080279116,6.082155968800429,262.1504061051899,1.0467008337721737,9.999999999999998,3.0410779844002147,340.000000007336,0.0020367740502962306,0.0001003158399123869,4.0053599319895357e-07,1.2814577123850564e-09,0.0010183870251481153
6,53,348.0000000000007,0.006606533359651223,7.616239600970362e-05,3.037459649158135e-07,3.1521293198495063e-09,0.0033032666798256116,418.00000000000006,19.961848183152526,2.0723859799839639e-10,8.264956358358695e-13,2.591559534074234e-11,9.980924091576263,520.848001931997,6.095444820547824,261.88148787088744,1.0444188916640302,9.999999999999998,3.047722410273912,340.0000000086445,0.0021089664819768927,7.942919710045532e-05,3.167744107300967e-07,1.0493965842330399e-09,0.0010544832409884464
7,53,359.94427648362927,19.999999998866652,3.563623564566405e-08,1.3449294674890224e-10,4.225220534420513e-09,9.999999999433326,418.00000000000006,19.9999999999933,9.596791360717529e-11,3.621877356157708e-13,1.1378463294304466e-11,9.99999999999665,520.7857230207692,6.0808534295937715,277.4009221458638,1.0469250406025825,9.999999999999998,3.0404267147968858,349.9612800057394,6.843634299968926e-05,0.005479871625472677,2.0681311293472442e-05,2.2232317857482576e-09,3.421817149984463e-05
8,53,348.00000000000017,0.0044190621357032,8.185367793242194e-05,3.1371988287361155e-07,2.1776698051149262e-09,0.0022095310678516,418.00000000000006,19.965978074481043,1.915165623791256e-10,7.340238708337567e-13,2.3020812653538618e-11,9.982989037240522,520.8864754012143,6.0810755951539495,273.14664772114617,1.0468867923215885,9.999999999999998,3.0405377975769747,344.075944069293,6.133874837921383e-05,0.002055118951505276,7.876636616009636e-06,7.589192991400724e-10,3.066937418960691e-05
9,53,348.00000000000006,0.007779438135241179,6.275863479171325e-05,2.416520182482995e-07,2.952966602384073e-09,0.0038897190676205895,418.00000000000006,0.005521843039552721,1.362952162553891e-07,5.248045021217086e-10,4.551991962784123e-12,0.0027609215197763604,520.7858812912361,6.078540437465787,271.9968495624408,1.0473234140941163,9.999999999999998,3.0392702187328937,349.92145564916467,0.0006932971924555886,0.0002819560466377058,1.0856712857671969e-06,1.182327170820961e-09,0.0003466485962277943
10,53,348.00000000000057,0.006792886878166371,8.766095271102511e-05,3.3776064739991225e-07,3.603987763608265e-09,0.0033964434390831855,418.00000000000006,19.970044033299203,1.2327275143622085e-10,4.749741252427636e-13,1.4899402449440442e-11,9.985022016649602,521.0079907444741,6.0613047774294735,272.59076530060383,1.0503015369531774,9.999999999999998,3.0306523887147367,340.0000000071754,0.0016185587590182848,0.00010610646806813914,4.088318486128588e-07,1.039424784242967e-09,0.0008092793795091424
11,53,359.92363309756524,19.999999998717307,1.1637089254602135e-07,4.537218066009446e-10,1.4254090942995982e-08,9.999999999358653,418.00000000000006,19.928554561900903,2.8563955908835997e-10,1.1136882595878905e-12,3.486256351040713e-11,9.964277280950451,520.805513101411,6.127992713284433,266.4505342712693,1.0388716210244493,9.999999999999998,3.0639963566422166,340.00000448398873,6.207411487757497e-05,0.011548685275497786,4.502749985347372e-05,4.390442018726168e-09,3.1037057438787485e-05
12,53,348.00000000000006,19.999999999717048,2.331560832016577e-08,9.515879160901883e-11,2.9895016063914614e-09,9.999999999858524,418.0015021574985,9.083103948093196e-05,7.142339117540481e-06,2.915027351437965e-08,4.159075415797461e-12,4.541551974046598e-05,520.8793365255246,6.075314699394496,256.74924568813327,1.0478794990340679,9.999999999999998,3.037657349697248,340.00000154483905,0.0019611568585666816,7.722250537368371e-05,3.1517085874294093e-07,9.709084104399787e-10,0.0009805784292833408
13,53,352.11800710212276,7.294240524979731,246.8790623756116,0.8727704689575619,9.999999999999998,3.6471202624898655,419.2002871401667,7.127296880087016,155.56032213705495,0.5499391240241481,6.156860928648554,3.563648440043508,520.8870672804788,7.023735163301655,256.3871244687822,0.9063835090107871,9.999999999999991,3.5118675816508276,346.63749640778553,6.148044858392158,146.4526774793353,0.5177416455400349,4.999999999999999,3.074022429196079
14,53,352.6231913692442,7.747049179190184,118.91811644377886,0.5308514892050525,6.4599510920363485,3.873524589595092,419.249772236895,6.1805711570350645,43.29544370971951,0.19327123113292882,1.8763579902371035,3.0902855785175323,520.8588125088042,6.044346786281823,235.94225794120786,1.0532482580457592,9.999999999999998,3.0221733931409114,347.26480890629006,8.419431439332486,84.69199130672432,0.37806577377275613,4.999999999999999,4.209715719666243
15,53,352.2611441244069,5.471158180656205,14.410565165420762,0.057281146988552294,0.49227848324326945,2.7355790903281023,418.042585092165,19.973532386657507,2.10354495119054e-30,8.361467170996565e-33,2.6233560845710542e-31,9.986766193328753,520.777658031605,6.116696075806979,261.8379119784143,1.040790264021074,9.999999999999998,3.0583480379034893,347.4951224071108,6.077808695496163,15.482563368568954,0.06154227664870901,0.587544088938827,3.0389043477480815
16,53,348.00000000000045,0.0058099801196327405,6.75087826735332e-05,2.579114617453875e-07,2.353776194844475e-09,0.0029049900598163703,418.00000000000006,0.008329965283543572,1.0324033170982739e-07,3.9442075249861257e-10,5.160868885997363e-12,0.004164982641771786,520.7209634970337,6.117690304546844,272.38442377976827,1.0406211178987388,9.999999999999998,3.058845152273422,340.0000000091679,0.0012638932214574794,0.0001322961548540096,5.054260102229449e-07,1.0034317751290888e-09,0.0006319466107287397
17,53,348.00000000000006,0.011392476554373587,6.675496667829343e-05,2.6024824460084997e-07,4.657210086180236e-09,0.005696238277186794,418.00000000000006,19.965325377965463,1.5310061441352796e-10,5.968719352441574e-13,1.8718775183195004e-11,9.982662688982732,520.9472803539708,6.092555031555095,268.0256987557032,1.0449142749968516,9.999999999999998,3.0462775157775477,349.98105499706895,9.999999999068486,2.5945195436975262e-08,1.0114890178642528e-10,1.5888432337065427e-09,4.999999999534243
18,53,359.9728849085646,19.99999999958531,3.972714186502138e-08,1.5225685454794282e-10,4.783290156965889e-09,9.999999999792655,418.00000000000006,19.960000642270963,2.1223830214736406e-10,8.134170942714044e-13,2.5503143993958345e-11,9.980000321135481,520.8784342311416,6.090771284792437,272.7208231911925,1.0452202891891649,9.999999999999998,3.0453856423962185,340.0000017432373,5.687313024793639e-05,0.005137080829088039,1.9688196328166993e-05,1.7588667564542082e-09,2.8436565123968194e-05
19,53,348.00000000000773,19.999999999987534,1.2983086227197871e-08,5.0287838234091713e-11,1.5798390316103596e-09,9.999999999993767,418.00000000000006,19.980049049185702,3.402724892398256e-11,1.317989235761029e-13,4.136454869893563e-12,9.990024524592851,520.8744770694344,6.086853513375432,270.02392619096094,1.0458930397596298,9.999999999999998,3.043426756687716,349.9982487597105,4.833472857205959e-08,0.8752455587249365,0.0033901189826547407,2.5739144143168615e-10,2.4167364286029796e-08
20,53,359.949567957628,19.999999998864254,6.535562651028601e-08,2.4538820923828696e-10,7.709097953767795e-09,9.999999999432127,418.00000000000006,19.94281595886169,3.386521195529849e-10,1.2715238397841436e-12,3.9831885569332986e-11,9.971407979430845,520.850802729678,6.097191892963314,278.0862722442779,1.044119626778182,9.999999999999998,3.048595946481657,340.00000254350726,6.38774565739908e-05,0.007757419021708624,2.912647714804643e-05,2.9225062744413356e-09,3.19387282869954e-05
0,54,348.0000000000008,0.006784402686953683,7.565316962856213e-05,2.9470215545642926e-07,3.1406157680179762e-09,0.0033922013434768417,418.00000000000006,19.96196938275387,2.3593141260373917e-10,9.19055951992154e-13,2.881809138047333e-11,9.980984691376936,520.7903503584481,6.10187930800605,267.8306810810817,1.0433175424041836,9.999999999999998,3.050939654003025,340.0000000095854,0.0022038407352518163,8.293929335200187e-05,3.2308479132961606e-07,1.118450062310379e-09,0.0011019203676259082
1,54,348.00000000000074,0.008268095052677893,6.595018567548703e-05,2.443725267442818e-07,3.1737865631640598e-09,0.0041340475263389465,418.00000000000006,0.009193766438500006,1.332556571215537e-07,4.937669439476258e-10,7.1307523811642835e-12,0.004596883219250003,520.8504456707863,6.086157924520585,282.2932858784153,1.0460125751957525,9.999999999999998,3.0430789622602923,340.0000000087685,0.002944242070130443,6.947756514004755e-05,2.57442916519711e-07,1.190623192012267e-09,0.0014721210350652214
2,54,348.0000000000002,19.9999999907953,3.354328391093985e-08,1.2951558956399903e-10,4.068852245123474e-09,9.99999999539765,418.00000000000006,0.002745009258266151,1.1318670597734261e-07,4.370306435823206e-10,1.8844107815218943e-12,0.0013725046291330756,520.8043661266023,6.10620374946572,270.0177802099282,1.04257866014262,9.999999999999998,3.05310187473286,340.00000145977873,8.580291823356845e-05,0.001941357169717333,7.495867699114375e-06,1.0102848689176366e-09,4.2901459116784224e-05
3,54,348.00000000000466,19.999999999981146,9.469088459559579e-09,3.738426315463185e-11,1.1744612648634828e-09,9.999999999990573,418.00000000000006,19.972253083489043,6.435498816853501e-11,2.540755452101492e-13,7.970944842618854e-12,9.986126541744522,520.8935796140738,6.0975296888298285,264.4512036288718,1.04406178379716,9.999999999999998,3.0487648444149142,349.9984693706979,2.8847882406680308e-08,1.1056524352510577,0.004365151067445788,1.978031002913343e-10,1.4423941203340154e-08
4,54,359.87117786857,19.99999999953646,2.7105667015044448e-08,1.052047531513572e-10,3.305104796153712e-09,9.99999999976823,418.00000000000006,19.961305842662732,2.462475073298126e-10,9.557561600823598e-13,2.9967873840081225e-11,9.980652921331366,520.8340332273734,6.081242025866936,269.7196404027643,1.046858141247594,9.999999999999998,3.040621012933468,340.0000012640973,6.279780465767715e-05,0.003942587004889837,1.5302294254443894e-05,1.5094574927057318e-09,3.1398902328838574e-05
5,54,348.00000000000006,19.999999999586496,4.12939187947393e-08,1.6074224617751934e-10,5.0498665970237605e-09,9.999999999793248,418.00000000000006,19.959599852908198,2.3910750321514035e-10,9.30758771908965e-13,2.918158287449575e-11,9.979799926454099,520.8069485369149,6.086914042614522,268.68227737486353,1.0458826392332838,9.999999999999998,3.043457021307261,340.00000074898793,6.843499902231542e-05,0.003783339858976364,1.4727169635018394e-05,1.5831331091489049e-09,3.421749951115771e-05
6,54,348.00000000000057,0.006414119555671505,9.004127968842296e-05,3.482360165752355e-07,3.5085737843132492e-09,0.0032070597778357524,418.00000000000006,0.007225696763264011,1.1689603599047075e-07,4.5209719439372695e-10,5.131347432176998e-12,0.0036128483816320056,520.8510909942446,6.095300634397219,270.05546130610753,1.0444435977037552,9.999999999999998,3.0476503171986096,340.00000000878987,0.002929397826264335,6.307147997946987e-05,2.4392990663347145e-07,1.1224403784938763e-09,0.0014646989131321675
7,54,348.0000000000005,19.99999999874788,3.896892489395716e-08,1.4896104531948013e-10,4.6797492561743704e-09,9.99999999937394,418.00000000000006,19.957697184651554,2.611905511008378e-10,9.984164978999757e-13,3.1299835465592127e-11,9.978848592325777,520.9225406353144,6.073968461799397,274.19106814858145,1.0481117516026488,9.999999999999998,3.0369842308996984,340.00000173015655,4.677415550169428e-05,0.005504683026890678,2.104197998968118e-05,1.5460104866686455e-09,2.338707775084714e-05
8,54,348.00000000000006,19.99999999985196,3.153666386859179e-08,1.2395401112191137e-10,3.894130107207018e-09,9.99999999992598,423.9999842707385,4.930419789295204e-05,4.948784210011725e-06,1.9451063548248544e-08,1.5064236582609607e-12,2.465209894647602e-05,520.9515515486344,6.075038303674308,266.6160357161402,1.0479271743563172,9.999999999999998,3.037519151837154,340.00000147065356,0.0005059590771523403,0.00029381049807287665,1.154814278948837e-06,9.177986487701064e-10,0.00025297953857617017
9,54,348.0000000000009,0.009424621768236108,7.786228016149823e-05,3.0948109138137587e-07,4.5816079821760065e-09,0.004712310884118054,418.00000000000006,19.9631440135596,1.7859803344306935e-10,7.098779305446044e-13,2.2260375776275917e-11,9.9815720067798,520.8128735903693,6.089748557874004,263.0109074479579,1.0453958259810845,9.999999999999998,3.044874278937002,340.0000000107313,0.003843635419512381,5.6925029787846846e-05,2.262612950599363e-07,1.3660680448595488e-09,0.0019218177097561906
10,54,348.00000000000074,19.99999999951516,4.1232033521689136e-08,1.6153020615962685e-10,5.0746210899162654e-09,9.99999999975758,418.00000000000006,0.00897945958028501,1.1534056804909539e-07,4.518570670480867e-10,6.373399705345132e-12,0.004489729790142505,520.8946163486793,6.084874086227033,267.0604239271832,1.0462332717920242,9.999999999999998,3.0424370431135164,340.00000209883325,6.005102387618422e-05,0.004102488882271843,1.6071869813851478e-05,1.516026174206315e-09,3.002551193809211e-05
11,54,348.00000000000097,0.011220943270430439,0.00023429345902678127,9.455131679429546e-07,1.6665441570367935e-08,0.0056104716352152195,418.00000000000006,19.953460217932932,2.430140108434465e-10,9.807057704536517e-13,3.073808641454739e-11,9.976730108966466,520.9317780275109,6.091328048841273,258.97671427815766,1.0451247531951307,9.999999999999998,3.0456640244206366,340.0000000051851,0.003972144530740351,0.00014322034645691673,5.779791038762539e-07,3.6062601822845635e-09,0.0019860722653701757
12,54,353.77162555021647,6.2979682839747655,64.88619850974408,0.2907313014462432,2.876154017110744,3.1489841419873827,419.7868902154424,5.8876953226048725,27.42217496893156,0.12286872709928945,1.1363354725011672,2.9438476613024362,520.8649240235682,6.076915954394124,233.80695802283486,1.0476033849164088,9.999999999999998,3.038457977197062,348.3898935017851,9.104429860818918,77.12081365004609,0.3455501329408908,4.941783283068509,4.552214930409459
13,54,352.72268808583976,8.131097934875035,136.98343191927327,0.6197318906234741,7.915400863665255,4.065548967437517,419.9747576891801,5.924855571690716,34.91111571715984,0.15794269017818555,1.4699317685812052,2.962427785845358,520.8963516064221,6.044202844739953,232.81196139131134,1.0532733409528239,9.999999999999998,3.0221014223699765,347.23357730769936,8.367406876287498,84.08595041067196,0.38041640724541925,4.999999999999999,4.183703438143749
14,54,353.22285053194696,5.2676428568116895,24.675150936863794,0.10237635159656473,0.847102274546866,2.6338214284058448,419.0394374736644,0.14115878820892522,397.4421495112373,1.6489737931803063,0.3656297723332542,0.07057939410446261,520.9169129315127,6.066325590420658,252.93828900878108,1.0494322516629644,9.999999999999998,3.033162795210329,348.3912055439326,8.105438517989827,32.647519474373595,0.1354534341458004,1.7245921822947106,4.052719258994913
15,54,359.8108263559635,0.0325743826676117,6.263535928058563e-05,2.4020405921534357e-07,1.2290694198980099e-08,0.01628719133380585,418.00000000000006,0.04006532966159426,7.342543012932278e-08,2.815835427348253e-10,1.7721311772950036e-11,0.02003266483079713,520.8666326620191,6.085998681620306,272.76428202357437,1.0460399445865323,9.999999999999998,3.042999340810153,340.00000160861583,6.236085632593813e-05,0.010184504884881592,3.9057162640165837e-05,3.8258913932944165e-09,3.1180428162969065e-05
16,54,348.00000000000006,19.9999999990254,5.125244855283817e-08,2.016058762519901e-10,6.3336353972292115e-09,9.9999999995127,418.00000000000006,19.947044988453843,3.2155317240332705e-10,1.2648568198092483e-12,3.963143619441332e-11,9.973522494226922,520.8320742106164,6.091480603751747,265.68601151132594,1.045098579113076,9.999999999999998,3.0457403018758735,340.0000020711915,0.009527813575287425,3.859836959631508e-05,1.5182997776859103e-07,2.2723260981028796e-09,0.0047639067876437124
17,54,348.0000000002718,0.009262505207750849,0.00013197607343749912,5.243577593147429e-07,7.629148020826849e-09,0.004631252603875424,423.9999424118949,0.00018885475486574155,3.0866889724679385e-06,1.2263808667343882e-08,3.638087725390804e-12,9.442737743287077e-05,520.8490192293801,6.096154433136986,262.8401259670829,1.0442973178420394,9.999999999999998,3.048077216568493,340.0000000110045,0.00226396541625995,0.00011712683207705815,4.6535983094424893e-07,1.6549259214117473e-09,0.001131982708129975
18,54,359.7847417478395,19.999999999155236,6.712350904943616e-08,2.658045422087073e-10,8.35049597058402e-09,9.999999999577618,418.00000000000006,19.944986199972988,3.0813672973372745e-10,1.220200545895769e-12,3.822828649914853e-11,9.972493099986494,520.8970486253606,6.086991782958343,264.11292903605005,1.0458692816867534,9.999999999999998,3.0434958914791714,340.0000023382501,4.8552403695723e-05,0.010072105934655367,3.9884856214339446e-05,3.0418559465450366e-09,2.42762018478615e-05
19,54,348.00000000000006,0.007288382141503291,4.311750660657772e-05,1.6953714304524086e-07,1.9409568149243137e-09,0.0036441910707516456,418.00000000000006,19.96069447640893,2.3464757490058066e-10,9.226294051305326e-13,2.8928293575098032e-11,9.980347238204464,520.698225504159,6.110525271926549,264.96612630746597,1.0418413213875237,9.999999999999998,3.0552626359632744,349.60627302340714,0.0005922657563210976,0.00024107571085426135,9.479047025784413e-07,8.818631150978282e-10,0.0002961328781605488
20,54,359.9665471494091,2.2864903996833164e-06,0.06271000418879226,0.00023918240016318162,8.590500727183781e-10,1.1432451998416582e-06,418.00000000000006,8.33146455612166e-05,5.790750397834958e-07,2.208651708474298e-09,2.8904699829753845e-13,4.16573227806083e-05,520.816035936945,6.072311220411071,274.87403077001665,1.0483977998816811,9.999999999999998,3.0361556102055354,349.9943569569578,8.723015151518364e-08,1.7873837386653193,0.006817265253875045,9.341071497090679e-10,4.361507575759182e-08
0,55,348.00000000000006,19.99999999953147,9.296747726960567e-08,3.729895609012554e-10,1.171781264365616e-08,9.999999999765736,418.00000000000006,0.009727368006174686,1.1876082633314156e-07,4.764735988028236e-10,7.280380286563526e-12,0.004863684003087343,520.8779162887337,6.075236711211519,261.1868381578477,1.0478929507268977,9.999999999999998,3.0376183556057597,340.0000020082429,9.99999999876673,5.436909774616867e-08,2.181311840497885e-10,3.426396626225726e-09,4.999999999383365
1,55,348.00000000000006,19.999999999816488,2.4332382576983854e-08,9.487036627185483e-11,2.980440457202973e-09,9.999999999908244,418.00000000000006,19.965667691542315,2.0298498705671538e-10,7.914251721479119e-13,2.4820674248086755e-11,9.982833845771157,520.7584406756832,6.104424348851401,267.4788614740572,1.0428825651469769,9.999999999999998,3.0522121744257005,340.000001324234,0.0005225827702606267,0.0002944953679683072,1.1482181548035303e-06,9.425390951481697e-10,0.00026129138513031336
2,55,348.00000000000006,19.99999999807158,4.576104537732672e-08,1.815020306469113e-10,5.7020544603698624e-09,9.99999999903579,418.00000000000006,19.94894430242302,3.1154117486488434e-10,1.2356657371319051e-12,3.872048597357094e-11,9.97447215121151,520.8512008957018,6.0751759589864704,264.2017625275151,1.047903429736691,9.999999999999998,3.0375879794932352,340.00000231389794,0.007539470093352207,4.4561298304484395e-05,1.767434739271502e-07,2.0931680002856006e-09,0.0037697350466761037
3,55,348.00000000000074,0.006715953138463959,8.395620454365094e-05,3.304822244990846e-07,3.48638736836098e-09,0.0033579765692319796,423.9999328150019,0.00012721020707018305,6.8053145068010795e-06,2.6788198547662805e-08,5.3528533548558286e-12,6.360510353509152e-05,520.8866914248086,6.087189919966402,265.68556708975734,1.0458352388175445,9.999999999999998,3.043594959983201,340.0000000100365,0.0010992094812927178,0.00016295356635160678,6.414446364108626e-07,1.10754025663543e-09,0.0005496047406463589
4,55,348.00000000000097,19.999999999600334,5.6887352643219626e-08,2.2952651522587084e-10,7.210788140232521e-09,9.999999999800167,418.00000000000006,19.95877730787929,2.3586010688729405e-10,9.51637682178105e-13,2.9834958637465054e-11,9.979388653939646,520.7390393756718,6.093284066073588,258.9474020630164,1.0447892556202594,9.999999999999998,3.046642033036794,340.0000016876253,8.751913361848551e-05,0.0036006316573381427,1.452766561495596e-05,1.9971869604230254e-09,4.3759566809242756e-05
5,55,348.0000000000003,0.006059144389507054,7.349186801076975e-05,2.845946596576182e-07,2.7086813985294605e-09,0.003029572194753527,418.00000000000006,0.005730134877094173,9.211879961162646e-08,3.56726793496354e-10,3.2108532121229482e-12,0.0028650674385470865,520.878946006129,6.08984688075565,269.95183864598187,1.0453789476700064,9.999999999999998,3.044923440377825,349.9584180269776,6.39728793512262e-05,0.002369696485392754,9.176565829751063e-06,9.22138086446817e-10,3.19864396756131e-05
6,55,348.000000000001,0.006879717148354558,9.024341691569322e-05,3.4192240550316465e-07,3.6950304383391637e-09,0.003439858574177279,418.00000000000006,19.99999999999876,4.2084216999082175e-11,1.5945248087720654e-13,5.00934742520468e-12,9.99999999999938,520.808846117384,6.10246036280627,275.336080835595,1.0432182013793958,9.999999999999998,3.051230181403135,340.0000000105875,0.0027822858567478903,6.762088507959571e-05,2.562081144408406e-07,1.1197330716602417e-09,0.0013911429283739452
7,55,348.00000000000006,0.014902237677116403,6.923506725848063e-05,2.67442360599054e-07,6.260392459621832e-09,0.007451118838558202,418.00000000000006,19.956090367540316,2.2076302882158193e-10,8.527670716432916e-13,2.6731649695526892e-11,9.978045183770158,520.8430750788891,6.093040634341388,270.4842427443448,1.0448309974817607,9.999999999999998,3.046520317170694,340.0000004668327,0.007071953348450677,4.3182361887983956e-05,1.6680554026833037e-07,1.8529757482298614e-09,0.0035359766742253385
8,55,348.00000000055223,0.003635786756980508,0.0003241143094577739,1.313802699549904e-06,7.503232955747302e-09,0.001817893378490254,418.00312339571525,0.012002956767169337,5.800617506459292e-08,2.35128987417802e-10,4.433169048753061e-12,0.0060014783835846686,520.9123702273594,6.097274747721344,257.5801627539773,1.0441054384264001,9.999999999999998,3.048637373860672,340.000000009069,0.004392645452821142,5.770021233428788e-05,2.3388876244375227e-07,1.6138210803501439e-09,0.002196322726410571
9,55,348.00000000000006,19.99999999943551,5.987788253355076e-08,2.362915073642865e-10,7.42331663620349e-09,9.999999999717755,418.00000000000006,19.955584946700196,2.1741196053106411e-10,8.579561884828647e-13,2.6893631556783212e-11,9.977792473350098,520.9050406860829,6.079262501777685,265.3673866857841,1.0471990182714142,9.999999999999998,3.0396312508888426,340.0001040784148,0.006869179095465583,4.944215013430614e-05,1.95109774899279e-07,2.105250331881417e-09,0.0034345895477327915
10,55,348.0000000000006,0.00015157480484617736,0.003910611275326435,1.5397561192730695e-05,3.66605379568333e-09,7.578740242308868e-05,418.00000000000006,0.012091845477936403,1.267113970187415e-07,4.989108740422183e-10,9.476226561020809e-12,0.006045922738968201,520.7799940339034,6.092422062762987,265.38895855093267,1.044937080539142,9.999999999999998,3.0462110313814934,340.0000003131553,0.0033762769633884915,7.13493967712937e-05,2.80929661759519e-07,1.4898945752246088e-09,0.0016881384816942457
11,55,353.7838434301675,6.505280337806187,45.6429178394176,0.20937326732444195,2.139474547142246,3.2526401689030937,419.50042949037896,6.0815885576238005,27.941144853329067,0.12817166534596092,1.2244158400557978,3.0407942788119002,520.8921288896911,6.062386514796111,228.92260049173268,1.0501141271903742,9.999999999999998,3.0311932573980553,348.40227257980666,8.468702455031666,56.540756689855975,0.25936385151362834,3.450215311238712,4.234351227515833
12,55,352.25936988299594,7.253211017972103,270.74972603793094,0.8777075019465947,9.999999999999998,3.6266055089860516,419.7030608463955,6.919650150984407,133.10242849646298,0.43148704793994536,4.689988508087849,3.4598250754922035,520.872221017278,7.633366195244678,208.18118527682122,0.6748748770885232,8.092062635172049,3.816683097622339,346.74395228134546,6.417219354255588,153.0105788505538,0.4960246309372345,4.999999999999999,3.208609677127794
13,55,352.86445655858296,6.017018537958637,39.467330445124894,0.1713759174834375,1.6197613037097427,3.0085092689793185,420.68155280326937,4.458853570706379,8.048838055048659,0.03494984309307281,0.24478698186143716,2.2294267853531897,520.9308054982857,6.067585364586047,241.6307416361193,1.049214364717906,9.999999999999998,3.0337926822930235,347.91088628033896,6.4360673223315015,40.97103357139639,0.1779053305443435,1.7985785771729212,3.2180336611657507
14,55,359.662642398628,19.99999999728018,1.868072765029903e-07,7.403441224702188e-10,2.3258596559645256e-08,9.99999999864009,418.00000000000006,19.97152792015951,5.593969526747566e-10,2.216970633014275e-12,6.954903510262538e-11,9.985763960079755,520.880794870655,6.102459677307332,263.22998585989995,1.0432183185657449,9.999999999999998,3.051229838653666,349.9921173701713,4.151613909542107e-05,0.01581457141178349,6.267542257066221e-05,4.087277326670116e-09,2.0758069547710534e-05
15,55,348.0000000000011,0.006396954890181661,0.00010767755447920111,4.181220924055814e-07,4.201421758799078e-09,0.0031984774450908304,418.00000000000006,19.968857423002365,1.2168513664559165e-10,4.725148541402067e-13,1.4821377158120195e-11,9.984428711501183,520.812523875861,6.1127647748483795,268.2035409856219,1.0414596272165109,9.999999999999998,3.0563823874241898,340.0000000086924,0.00094556987959038,0.00019958009627911436,7.749883238186802e-07,1.1510883699258734e-09,0.00047278493979519
16,55,348.0000000000007,19.9999999989378,3.348502297670997e-08,1.3450783543978524e-10,4.225688276454515e-09,9.9999999994689,418.00000000000006,0.005765199531488463,1.1019920230854003e-07,4.426652530602231e-10,4.008756278583625e-12,0.0028825997657442315,520.7966603724541,6.115130572988124,259.1656299055419,1.0410567113311868,9.999999999999998,3.057565286494062,340.0000021661261,7.620237022365473e-05,0.002439196623381448,9.798143434193569e-06,1.1728221237931997e-09,3.810118511182736e-05
17,55,348.00000000000176,19.999999999821185,6.902372697499638e-08,2.710203771124332e-10,8.51435625701943e-09,9.999999999910592,418.00000000000006,19.97771891388542,5.860917952049047e-11,2.3012785069759636e-13,7.221625395635113e-12,9.98885945694271,520.9797490516324,6.088669599619761,266.2895817221519,1.0455810780196355,9.999999999999998,3.0443347998098806,340.0000021329469,0.00151103026875532,0.0001731467399667665,6.798574463905775e-07,1.6136557872125122e-09,0.00075551513437766
18,55,348.0000000000007,0.00713820093434947,9.331336292780336e-05,3.610711932638549e-07,4.048568456391814e-09,0.003569100467174735,418.00000000000006,19.96430594367451,1.774291289170199e-10,6.865527646603148e-13,2.1530197513626692e-11,9.982152971837255,520.8805791676323,6.082393635128194,270.4933546374996,1.0466599344883796,9.999999999999998,3.041196817564097,340.0000000085032,0.0030456349656198256,6.403142255603032e-05,2.477662515129358e-07,1.1853316401122512e-09,0.0015228174828099128
19,55,348.00000000000085,0.011012020088980279,7.165109497586925e-05,2.646836926842652e-07,4.578403416885512e-09,0.005506010044490139,418.00000000000006,19.956014156519313,2.796684263089002e-10,1.0331129179193534e-12,3.238481886701052e-11,9.978007078259656,520.881774738394,6.062331555292769,284.2733091047973,1.0501236472488462,9.999999999999998,3.0311657776463843,340.0000000094038,9.999999997112612,2.972147013414869e-08,1.0979299715881476e-10,1.7246243659507214e-09,4.999999998556306
20,55,348.00000000000057,19.99999999965147,4.5136376369536674e-08,1.7569830597594447e-10,5.519725072925799e-09,9.999999999825736,418.00000000000006,19.961782037400322,1.9438497048427397e-10,7.566648625413676e-13,2.372590314818098e-11,9.980891018700161,520.9245159056076,6.064728395228187,269.6670491727135,1.0497086281200698,9.999999999999998,3.0323641976140934,340.0000021031375,5.386956202535487e-05,0.004690122132048993,1.8256815892235788e-05,1.544857258257476e-09,2.6934781012677433e-05
0,56,348.00000000000006,19.999999999624166,2.8067160347610622e-08,1.1307400621844947e-10,3.5523246724117203e-09,9.999999999812083,418.00000000000006,0.008063715748320988,9.483654055765731e-08,3.820674212831681e-10,4.839439828366788e-12,0.004031857874160494,520.8190309116801,6.100061721368393,259.0488030407519,1.0436284113937981,9.999999999999998,3.0500308606841964,340.0000015170309,0.0007598459011717296,0.0002487194294334131,1.0020145238097501e-06,1.1959676118758147e-09,0.0003799229505858648
1,56,348.00000000000057,0.007956939864669721,7.527177188931613e-05,2.900189405119552e-07,3.6248689868470166e-09,0.0039784699323348605,418.00000000000006,19.96308101287344,2.0909789373092414e-10,8.056453047537656e-13,2.526337255694627e-11,9.98154050643672,520.7687134948987,6.1155329792567565,270.17899891428755,1.0409882090848475,9.999999999999998,3.0577664896283783,340.0000000107675,0.0012704253608788463,0.00014970406169946535,5.768033922232912e-07,1.1510570194767846e-09,0.0006352126804394231
2,56,348.0000000000004,0.004398767828675432,0.00010474627488426191,4.07927780186997e-07,2.818604878130425e-09,0.002199383914337716,418.00000000000006,0.0071302653730285215,1.324917927789666e-07,5.159809547503058e-10,5.779087132521573e-12,0.0035651326865142607,520.9523501451769,6.05956805291214,269.7700675083241,1.050602562441115,9.999999999999998,3.02978402645607,340.00000000740675,0.0027087388237720944,6.360114223946913e-05,2.4769064866288887e-07,1.0538932427801961e-09,0.0013543694118860472
3,56,348.00000000000006,0.012476433364732031,0.00010348122738234095,3.9918573795818756e-07,7.823216425189886e-09,0.006238216682366016,418.00000000000006,19.952538340482334,2.8869125508732124e-10,1.1136457753667272e-12,3.490318867741833e-11,9.976269170241167,520.9185915896497,6.061938966985029,272.24199473852383,1.050191656225485,9.999999999999998,3.0309694834925147,340.00000019181465,0.004183749019020411,9.413082517326489e-05,3.631159376624785e-07,2.386331706814943e-09,0.0020918745095102054
4,56,348.00000000000085,0.010382123669835153,7.684980324360016e-05,3.0688205883584884e-07,5.004694521249927e-09,0.005191061834917576,418.00000000000006,19.96264155451521,1.7240833092548106e-10,6.884731166734652e-13,2.158861952552856e-11,9.981320777257604,520.8956401179478,6.0825159261959865,262.1006687324868,1.0466388910316,9.999999999999998,3.0412579630979932,340.00000030319967,5.562050930763007e-05,0.0041865874460829434,1.671817650433927e-05,1.4606418654073786e-09,2.7810254653815036e-05
5,56,359.90318082308676,19.99999999814767,4.803774239993231e-08,1.900622943457344e-10,5.970983075856789e-09,9.999999999073834,418.00000000000006,19.96062029640604,1.64353219226937e-10,6.502668187300812e-13,2.038851073027718e-11,9.98031014820302,520.8552250667378,6.110525369789471,263.3226352926259,1.0418413047019475,9.999999999999998,3.0552626848947355,340.00000208160566,6.976685737392074e-05,0.004550257634474373,1.8003185883973016e-05,1.9729605588154825e-09,3.488342868696037e-05
6,56,348.0000000000184,19.999999999945324,2.120798947322829e-08,8.251160175484024e-11,2.592178419082241e-09,9.999999999972662,418.00000000000006,19.97561162137349,1.3030163186346869e-10,5.06950287291318e-13,1.5906892135338835e-11,9.987805810686744,520.8708441869667,6.109209433764949,267.8425619891392,1.042065719418705,9.999999999999998,3.0546047168824746,349.9977242587659,4.4885664871128356e-08,1.6694798286161057,0.006495262312837354,4.57956507288233e-10,2.2442832435564178e-08
7,56,348.0000000000006,0.005548152345731694,8.576019804742916e-05,3.4252765969435326e-07,2.985134488587536e-09,0.002774076172865847,418.00000000000006,0.006533697284087481,1.3053136845023523e-07,5.213444601332833e-10,5.350614340140382e-12,0.0032668486420437404,520.8390792087249,6.084291793205743,261.9752219706299,1.0463334008380187,9.999999999999998,3.0421458966028716,340.00000001002803,0.00248758447765951,6.913572129268904e-05,2.7612922258609133e-07,1.078971778364337e-09,0.001243792238829755
8,56,348.00000000000006,19.999999998499497,7.547674312170836e-09,3.0730232255363746e-11,9.654187188931577e-10,9.999999999249749,418.00000000000006,6.487147578226882e-05,1.4430165025215919e-07,5.87521803892689e-10,5.986839888908282e-14,3.243573789113441e-05,520.9009012663316,6.074655793599163,257.3983493063011,1.047993160432867,9.999999999999998,3.0373278967995816,349.99853100594567,3.483489221899191e-08,0.9941735274301811,0.004047761222393906,2.2148750640577337e-10,1.7417446109495955e-08
9,56,348.0000000000253,19.999999995642703,1.297558041062215e-07,4.949626408203879e-10,1.5549709958639603e-08,9.999999997821352,418.00000000000006,0.0006927203234248225,5.570772923447959e-07,2.1250105123184287e-09,2.3122718351958784e-12,0.00034636016171241124,520.8173817144867,6.091695976064198,273.96575196558086,1.045061629583978,9.999999999999998,3.045847988032099,349.9940452748875,1.341345738583731e-07,4.766794043585943,0.018183271140061984,3.8311806066796135e-09,6.706728692918655e-08
10,56,353.9291845683433,4.513778122420943,8.101898504955152,0.03516080627617336,0.24929806616881978,2.2568890612104715,423.99970382272494,19.99999992679689,4.204258457663424e-12,1.8245737968015352e-14,5.73206761498388e-13,9.999999963398444,520.8670381686813,6.075536114660898,241.447931522233,1.0478413103846949,9.999999999999998,3.037768057330449,349.64873646698345,7.336950627030477,13.657143702492156,0.059269587704103906,0.6830734098192256,3.6684753135152386
11,56,352.5153843505068,7.214367559899837,348.84878808609733,0.8824332376772053,9.999999999999998,3.6071837799499185,419.15589315522345,6.902617997634544,143.86897228356102,0.36392490772288966,3.945894750477639,3.451308998817272,520.7173153528888,7.537524317943553,226.12701973171482,0.5720014085269134,6.772448349562333,3.7687621589717764,346.912035378961,6.205799756513733,202.77188104861983,0.5129232309658173,4.999999999999999,3.1028998782568666
12,56,353.8350029839358,6.577980275628512,73.03179400569773,0.34920642063905744,3.6082337476634856,3.288990137814256,419.577734458205,6.2081682749455,26.42948506591249,0.12637435523603155,1.2323733836058524,3.10408413747275,520.7456262697947,6.090860174928797,218.5904791969294,1.0452050352231628,9.999999999999998,3.0454300874643985,348.3592009979002,8.829955264133519,75.39132444799704,0.360488673681889,4.999999999999999,4.414977632066759
13,56,351.80805920078,5.3539077228712895,5.879678253587231,0.023526500132134746,0.19785548017324325,2.6769538614356447,418.00000000654796,19.77469351554511,7.23274553515849e-14,2.894056127727512e-16,8.989521756410827e-15,9.887346757772555,520.9360916485668,6.101509451417229,260.7588583001158,1.0433807854214014,9.999999999999998,3.0507547257086145,347.5542635721314,4.121086938979772,4.880245401039858,0.019527445060852563,0.12640873294375007,2.060543469489886
14,56,348.0000000000007,0.006842343050642796,8.569401569753028e-05,3.301652949235711e-07,3.5485925969313585e-09,0.003421171525321398,418.00000000000006,19.96699862912918,1.5159177515485867e-10,5.840587903903545e-13,1.8318471359575565e-11,9.98349931456459,520.91285580143,6.097177078684456,271.0006849884024,1.0441221636701097,9.999999999999998,3.048588539342228,340.0000000090241,0.001429869336885048,0.00012121986794974577,4.670407043764856e-07,1.048989068909318e-09,0.000714934668442524
15,56,348.0000000000003,0.00759919471320103,7.552279010422894e-05,2.886224646224349e-07,3.4452249246249577e-09,0.003799597356600515,418.00000000000006,0.012296759272061308,8.791678474576544e-08,3.359881045176327e-10,6.4898468738478906e-12,0.006148379636030654,520.9002854959818,6.08200270444624,273.89330037414703,1.0467272102693759,9.999999999999998,3.04100135222312,340.0000000367457,5.5644691242306976e-05,0.0037476511174799887,1.4322250284706163e-05,1.2518574344991567e-09,2.7822345621153488e-05
16,56,348.0000000000019,0.01419867830469812,6.523152278926346e-05,2.544663557584753e-07,5.675422099044196e-09,0.00709933915234906,418.00000000000006,19.953782653724232,2.4524310598886035e-10,9.566865341697392e-13,2.9985740310223194e-11,9.976891326862116,520.811231197046,6.103703548370105,267.37071505067917,1.0430057215632307,9.999999999999998,3.0518517741850526,340.0000000091652,0.006255462263426992,4.840968959093374e-05,1.8884485240978378e-07,1.8556003114677973e-09,0.003127731131713496
17,56,359.8420513750974,19.99999999950294,5.584932020764759e-08,2.0893455963493885e-10,6.563872776138292e-09,9.99999999975147,418.00000000000006,19.95651680055619,2.554207862936648e-10,9.55539464177204e-13,2.995389115787051e-11,9.978258400278095,520.9141311507948,6.088359684514774,279.50361589439416,1.0456343011185256,9.999999999999998,3.044179842257387,340.00000190847044,5.9618081028389724e-05,0.006652329688212711,2.4886633691968018e-05,2.330580054800631e-09,2.9809040514194862e-05
18,56,348.0000000000002,19.999999999753275,3.651114795503642e-08,1.4575737525251114e-10,4.579102992941708e-09,9.999999999876637,418.00000000000006,0.004441492729451824,7.540636821755944e-08,3.010322853242339e-10,2.1002060643285443e-12,0.002220746364725912,520.9304082341203,6.089193880266032,261.88780133331005,1.0454910533079755,9.999999999999998,3.044596940133016,340.0000018079979,4.936793940224504e-05,0.0034039966357271075,1.35892088521287e-05,1.053802078187706e-09,2.468396970112252e-05
19,56,348.0000000000007,0.018316007904882525,0.0009320864843022861,3.587584790009876e-06,1.0321739007395519e-07,0.009158003952441263,423.99983913275963,0.00046079347880906285,9.532519582783273e-06,3.669050334021744e-08,2.6557052431027003e-11,0.00023039673940453143,520.9257562601674,6.082588469715191,271.9228635587654,1.0466264083741148,9.999999999999998,3.0412942348575953,340.0000000035577,9.99999999650023,3.147036605194551e-07,1.2112889574674627e-09,1.902688244411213e-08,4.999999998250115
20,56,348.00000000000006,19.999999999311,3.724739407912253e-08,1.4559423920467807e-10,4.573977922746543e-09,9.9999999996555,418.00000000000006,0.005566355538633161,7.601011382350841e-08,2.9711164948845727e-10,2.597828637291515e-12,0.0027831777693165805,520.9306854657965,6.081493564069007,267.8067838153261,1.0468148418817558,9.999999999999998,3.0407467820345033,340.0000021369455,9.999999999440835,2.002866157490653e-08,7.828890628139164e-11,1.2297592640872352e-09,4.999999999720417
0,57,348.00000000000006,19.999999999805045,3.0019348345820005e-08,1.170861952272889e-10,3.678371307592455e-09,9.999999999902522,418.00000000000006,19.9675169256681,1.8881111246335687e-10,7.36430868528313e-13,2.3098082199421737e-11,9.98375846283405,520.91124413158,6.074596214430168,268.6941893017015,1.048003439068583,9.999999999999998,3.037298107215084,340.00000133860453,0.0005212107507102104,0.00031926617027339273,1.2452522523629155e-06,1.0195078592420837e-09,0.0002606053753551052
1,57,359.9249191476594,0.00847541335133073,7.147268701479367e-05,2.8387901000717133e-07,3.779323319835754e-09,0.004237706675665365,418.00000000000006,19.999999999998607,4.525594211435223e-11,1.797499517781527e-13,5.647011279893247e-12,9.999999999999304,520.8294141882064,6.105962063470487,262.5021404319302,1.042619927457822,9.999999999999998,3.0529810317352437,340.00000000859006,0.002167906537140496,0.00010912992807549711,4.334480378191692e-07,1.4760377787266301e-09,0.001083953268570248
2,57,348.0000000000006,0.011129670531680347,4.939584296421083e-05,1.9253958331844542e-07,3.3660627892091497e-09,0.005564835265840173,418.00000000000006,19.95913573680357,2.3384502015711765e-10,9.115022649733262e-13,2.8577179378748657e-11,9.979567868401785,520.8325264340149,6.088837138639957,268.23542842166137,1.0455523080549678,9.999999999999998,3.0444185693199786,349.8848561250119,7.233689148478106e-05,0.0029498689201279495,1.1498265818380332e-05,1.3065079704861842e-09,3.616844574239053e-05
3,57,348.00000000000006,19.99999999890676,4.790020215574342e-08,1.9328710369364326e-10,6.072293449644059e-09,9.99999999945338,418.0035703011948,19.9999999999984,6.605269736172693e-11,2.665361311563926e-13,8.373479515571017e-12,9.9999999999992,520.9484056265115,6.05723850251032,260.45932851048775,1.0510066131682696,9.999999999999998,3.02861925125516,349.98343152510233,9.999999998275312,3.203894418269556e-08,1.2928368666045377e-10,2.0307834008571847e-09,4.999999999137656
4,57,348.00000000000057,19.99999999911427,2.1133762063483756e-08,8.09298987561918e-11,2.542487753769581e-09,9.999999999557135,418.00000000000006,19.95917138357649,2.3053903328037666e-10,8.828291227414176e-13,2.7678275994598577e-11,9.979585691788245,520.8024333260687,6.05666852695901,274.4821668172153,1.0511055203597568,9.999999999999998,3.028334263479505,340.0000013684409,6.386384841761128e-05,0.0030676288877857488,1.1747217299234866e-05,1.1784467550183178e-09,3.193192420880564e-05
5,57,359.8838141930305,19.99999999999191,2.869735121692397e-08,1.0944730312834945e-10,3.438388434630987e-09,9.999999999995955,418.00000000000006,19.999999999999996,6.823728804642457e-13,2.6024656746261378e-15,8.175887044625077e-14,9.999999999999998,520.8629282329175,6.0847193669468,274.3319043597501,1.0462598749020455,9.999999999999998,3.0423596834734,349.9852389446688,9.99999999996336,2.1503585387520196e-08,8.201138183325819e-11,1.2882317733858368e-09,4.99999999998168
6,57,348.00000000000006,0.006823909211689738,7.573812324444403e-05,2.982058485688335e-07,3.1964599991306253e-09,0.003411954605844869,418.00000000000006,19.9706635462397,1.2143990327684166e-10,4.781487559429882e-13,1.4999452333184803e-11,9.98533177311985,520.887249113837,6.111125616385534,264.58017207444857,1.0417389730308215,9.999999999999998,3.055562808192767,349.91955682718657,9.999999999022991,1.813838219769957e-08,7.141676375414561e-11,1.1218119016563064e-09,4.999999999511496
7,57,348.0000000000206,19.99999999998791,9.86966847763642e-09,3.809466182014457e-11,1.1967790971508142e-09,9.999999999993955,418.00000000000006,19.970271346544326,7.522758540572466e-11,2.9036126512968917e-13,9.108408982650495e-12,9.985135673272163,520.8514817827083,6.100034219354816,270.3873031265295,1.0436331165940815,9.999999999999998,3.050017109677408,349.9984394059851,3.6207406081456344e-08,0.9971039404239612,0.003848593039984342,2.188866527389617e-10,1.8103703040728172e-08
8,57,348.00000000000006,19.999999998692225,6.34962463643865e-08,2.53231686440867e-10,7.955508057267617e-09,9.999999999346112,423.99982821332054,0.0004452603120362886,7.330947268717933e-06,2.9236817077548312e-08,2.044861762066121e-11,0.0002226301560181443,520.8117932261437,6.100233998455226,261.67584403875384,1.043598938219081,9.999999999999998,3.050116999227613,340.0000138901869,9.999999995978833,4.73682721789423e-08,1.8891112679050186e-10,2.967409039338808e-09,4.999999997989416
9,57,352.70105344225976,3.3585058243589514,0.9609988232122992,0.0038785098439794385,0.020461189655475106,1.6792529121794757,418.0000000000001,19.92467723569814,6.123565262895622e-10,2.4714190671952996e-12,7.734950965296799e-11,9.96233861784907,520.8867850605685,6.0803811437465445,259.4222831790336,1.0470063591693128,9.999999999999998,3.0401905718732722,349.9299886499734,2.0837833515918724e-06,0.0006549098499820594,2.6431606769131015e-06,8.65159150437706e-12,1.0418916757959362e-06
10,57,352.3186611125139,8.607785286460778,155.36881283138192,0.7395860272780307,9.999999999999998,4.303892643230389,419.66248029431347,6.429127213095791,66.66337114294986,0.3173307237797002,3.2046751928802415,3.2145636065478955,520.8683796285948,6.021424223587653,222.1038298258309,1.057257799365403,9.999999999999998,3.0107121117938265,346.2599264060102,8.413488443518629,79.47841077116509,0.3783328262951406,4.999999999999999,4.2067442217593145
11,57,353.2370371355162,7.796632600362787,102.00551759497544,0.45142500100784666,5.52856670848794,3.8983163001813934,419.0560780490503,4.9919821005539395,21.873020108099357,0.09679896104786566,0.7590381290013642,2.4959910502769698,520.7691442123444,6.05784272115188,237.46531581764685,1.0509017841363335,9.999999999999998,3.02892136057594,347.6516888579511,8.984670246748088,80.05455378134914,0.3542811004098895,4.999999999999999,4.492335123374044
12,57,353.4998566335184,5.41181554022362,24.457576151510104,0.1026860598776922,0.8729198160838127,2.70590777011181,423.88037319974813,19.890523688537556,8.354022610300754e-15,3.507468036353109e-17,1.0958719645859131e-15,9.945261844268778,520.8259611485163,6.103683983612838,248.42197334105646,1.0430090648152446,9.999999999999998,3.051841991806419,348.9483403880244,7.134652905648092,30.321992205847785,0.12730803281454176,1.426752145719039,3.567326452824046
13,57,348.00000000003047,4.882336270739529e-05,0.008964302849196679,3.522202652256453e-05,2.7012321182002847e-09,2.4411681353697645e-05,418.00000000000006,19.982561468735653,1.7114247999153308e-10,6.724432530678541e-13,2.1107008016248693e-11,9.991280734367827,520.8381463019872,6.080495823773735,266.46692420596383,1.0469866123063567,9.999999999999998,3.0402479118868677,349.9951932003384,6.749408902449348e-08,2.078730941477007,0.008167630833728462,8.659278686251166e-10,3.374704451224674e-08
14,57,359.97105488398165,19.99999999935043,5.068993475102631e-08,1.9704039791667001e-10,6.190206665353152e-09,9.999999999675214,418.00000000000006,19.95503258886744,2.8156250234565894e-10,1.0944813358529466e-12,3.4306836942290515e-11,9.97751629443372,520.9651937016104,6.051152627302111,270.6502746079505,1.0520636506427312,9.999999999999998,3.0255763136510554,340.000002308666,5.718994252923437e-05,0.006856034433496064,2.6650571943754656e-05,2.39412086144651e-09,2.8594971264617186e-05
15,57,348.00000000000057,19.999999999694534,7.144447557057234e-08,2.8090415373509886e-10,8.824864257235658e-09,9.999999999847267,423.9999319011177,0.0002238790365795551,2.6771964011742427e-06,1.052615451997611e-08,3.70171558457204e-12,0.00011193951828977755,520.9567032774165,6.087018468899422,266.0026694762897,1.045864696518141,9.999999999999998,3.043509234449711,340.0000025075061,4.672424894636151e-05,0.006571034905144613,2.5835881423331948e-05,1.896205879504837e-09,2.3362124473180756e-05
16,57,348.00000000003286,19.99999999982758,2.3189027939541772e-08,8.958708814439637e-11,2.8144613796851053e-09,9.99999999991379,418.00000000000006,19.975413121985614,2.2776785912663064e-10,8.799445722881444e-13,2.7610289718987225e-11,9.987706560992807,520.8855049891205,6.075625982788032,271.22281250431297,1.047825811152786,9.999999999999998,3.037812991394016,349.997467993209,5.1599309927792027e-08,2.3395105606282387,0.00903832361391729,7.325742643018616e-10,2.5799654963896013e-08
17,57,348.0000000000342,19.999999999855714,6.686476170557751e-08,2.65327998061651e-10,8.335524894961562e-09,9.999999999927857,423.9999662879927,0.00011230549689711378,3.0232276491729946e-06,1.1996557220554503e-08,2.116301406565674e-12,5.615274844855689e-05,520.960312928297,6.081468348484272,263.80674366791595,1.0468191822888473,9.999999999999998,3.040734174242136,340.0000024077931,5.468212330406175e-05,0.004679791207912208,1.8570015070259158e-05,1.595061758848233e-09,2.7341061652030874e-05
18,57,348.0000000000006,0.005621165658936889,0.00016157604428757027,6.270954694266053e-07,5.5370688605952024e-09,0.0028105828294684443,423.99993640384764,0.0001453772532080122,5.242232325495396e-06,2.0345714957280655e-08,4.646107902119647e-12,7.26886266040061e-05,520.9926186967334,6.076892374390257,269.92423956824996,1.0476074499039623,9.999999999999998,3.0384461871951287,340.00000000623345,0.00323937591696577,7.297890091328767e-05,2.8323962458818804e-07,1.4412364466927528e-09,0.001619687958482885
19,57,348.0000000000022,19.999999999607255,7.28751422126388e-08,2.837002673808662e-10,8.912706758076873e-09,9.999999999803627,418.00000000000006,19.965832570307082,7.675359503875125e-11,2.987989425996618e-13,9.371009068636083e-12,9.982916285153541,520.8713930306017,6.110044125075274,267.64272717758655,1.0419233631307667,9.999999999999998,3.055022062537637,340.0000029189521,5.6936547345287636e-05,0.006003990721620868,2.3373316625660994e-05,2.0904093878896215e-09,2.8468273672643818e-05
20,57,359.1112270370256,19.999999997938342,2.420536855380655e-07,8.857103522302176e-10,2.7825411354880475e-08,9.999999998969171,423.96999796609356,19.999999999996454,2.5511930116448303e-10,9.33519378533017e-13,2.932737621582515e-11,9.999999999998227,520.859550306144,6.103949411793674,285.0290834158328,1.042963709917949,9.999999999999998,3.051974705896837,340.0000079422376,7.512099570661235e-05,0.01785260706954002,6.532533830518075e-05,7.708375817650581e-09,3.7560497853306174e-05
0,58,348.00000000275986,0.00013157470927183113,0.02401548573235076,9.613493533552289e-05,1.9868886762025158e-08,6.578735463591556e-05,418.00000000000006,19.95174861951122,1.759018097505679e-10,7.041418730495536e-13,2.206790026534823e-11,9.97587430975561,520.8782412400968,6.125467011475028,259.6277168164106,1.0392999769241784,9.999999999999998,3.062733505737514,340.00000119408486,0.011825655945351343,5.1596531608059696e-05,2.065429483691958e-07,3.83667921005489e-09,0.005912827972675672
1,58,348.0000000000005,0.006538291315177247,7.915722551966986e-05,3.040930905180045e-07,3.1231345601237013e-09,0.0032691456575886235,423.99995829529155,0.00013639675866228274,7.325399171042799e-06,2.814150266859585e-08,6.0293599327074836e-12,6.819837933114137e-05,520.8293495724964,6.081738875887045,272.48108804806304,1.0467726177650594,9.999999999999998,3.0408694379435226,340.00000000895864,0.0017599917609025795,0.00010263526948346089,3.9428714294209675e-07,1.090041737829074e-09,0.0008799958804512897
2,58,348.00000000000125,0.0001284042638012295,0.005939122182686109,2.3478270845391075e-05,4.735495525086568e-09,6.420213190061475e-05,418.00000000000006,19.975790191536355,5.930855143151522e-11,2.3445589956311464e-13,7.356733268624431e-12,9.987895095768177,520.8847338431859,6.095084993155011,264.21441521506154,1.044480549627326,9.999999999999998,3.0475424965775053,340.00000017348333,0.002360627154470052,8.354741987678573e-05,3.302759047488779e-07,1.2246843454419045e-09,0.001180313577235026
3,58,348.00000000000034,0.0109853336171426,0.00018171696681341365,7.075898161354226e-07,1.2209972941041566e-08,0.0054926668085713,418.00000000000006,19.949164263798036,3.176701347158317e-10,1.2369794420247712e-12,3.876207926769384e-11,9.974582131899018,520.7641001107664,6.10274504583176,267.8975867187368,1.0431695369650078,9.999999999999998,3.05137252291588,340.00000000767284,9.999999998414456,6.068758095613396e-08,2.3631207918271613e-10,3.711981458986201e-09,4.999999999207228
4,58,348.00000000000006,19.999999998800142,1.1705099395638442e-07,4.694745859844515e-10,1.4748979102873791e-08,9.999999999400071,423.9872996767425,0.042273752904808504,8.534569250575162e-08,3.423092132786507e-10,2.2730514707962542e-11,0.021136876452404252,520.7859727476564,6.113371478034314,259.6344726323283,1.041356270684665,9.999999999999998,3.056685739017157,340.0000121848249,9.999999996654964,6.722784096226218e-08,2.6964113447979046e-10,4.235513034519841e-09,4.999999998327482
5,58,348.0000000000004,0.0062835935417275834,9.148945332540368e-05,3.5050837914238897e-07,3.4596038060671997e-09,0.0031417967708637917,418.00000000000006,19.965952457174254,1.4871839618352854e-10,5.697601428390023e-13,1.7869071018026746e-11,9.982976228587127,520.9470507723801,6.078397048094764,273.3780779103937,1.0473481204508117,9.999999999999998,3.039198524047382,340.00000000609026,0.0028318343186679584,5.973298445089992e-05,2.2884508323331456e-07,1.0179566964256077e-09,0.0014159171593339792
6,58,348.0000000000019,19.99999999986521,3.932914306035281e-08,1.5416614478368556e-10,4.8432722788142285e-09,9.999999999932605,423.9999714330275,9.25007782925924e-05,2.766000898920413e-06,1.084243545302773e-08,1.5754046002409933e-12,4.62503891462962e-05,520.937002339346,6.066095989213546,267.72955505535,1.049471972582678,9.999999999999998,3.033047994606773,349.98638659939684,6.631422589542524e-05,0.0027760765271322707,1.0881930866271598e-05,1.1335287607555978e-09,3.315711294771262e-05
7,58,359.8206680446331,0.03931628820312483,4.58546476596275e-05,1.824020986589285e-07,1.126476712003303e-08,0.019658144101562414,418.00000000000006,19.950158086085228,1.0391604646861478e-10,4.1336060634269084e-13,1.2953743821728446e-11,9.975079043042614,520.8065464467842,6.113567564411735,261.78149081922896,1.0413228702557713,9.999999999999998,3.0567837822058674,349.78300011039596,9.403914322980711e-05,0.005722204234138294,2.2761968841400326e-05,3.362314745752081e-09,4.7019571614903555e-05
8,58,348.0000000000017,0.009437890020695505,7.377063679983275e-05,2.96770731588711e-07,4.399626979349267e-09,0.004718945010347753,418.00000000000006,19.958916420576756,2.2080336428863406e-10,8.882663726353405e-13,2.7848387782089025e-11,9.979458210288378,520.849272935313,6.070826116712661,260.67224619222117,1.048654269004676,9.999999999999998,3.0354130583563306,340.00000001031657,0.004967233950688765,4.580095143630468e-05,1.84251925357407e-07,1.4376280141463137e-09,0.0024836169753443826
9,58,353.7469248020717,6.742223697804224,62.90203683853808,0.2676628926840947,2.83472674963595,3.371111848902112,420.15395637665614,5.562900134006207,18.63724558766775,0.07930584312339367,0.6929889778601975,2.7814500670031035,520.783264267386,6.082223967205893,245.97686166746777,1.0466891318045912,9.999999999999998,3.0411119836029465,348.2401717978779,9.38930220598237,75.12987763523554,0.3196952179222403,4.715082919457501,4.694651102991185
10,58,354.1602830492806,6.860231273939415,69.5572536357322,0.335735003373432,3.6178891543580654,3.4301156369697074,420.45955760890814,4.307961066231374,11.550212568625328,0.055749910368790276,0.3772557085706806,2.153980533115687,520.8057531073615,6.082978991927066,216.82512722403425,1.0465592158257684,9.999999999999998,3.041489495963533,348.7331572111793,9.095554467627935,72.50479882892097,0.34996204719205415,4.999999999999999,4.547777233813967
11,58,352.3057729653123,6.021799714410878,12.051076517841954,0.04857718043491212,0.45949256364117225,3.010899857205439,418.00000356354457,3.2124699838500463,1.6872573927901687e-12,6.80123528286955e-15,3.431995854930018e-14,1.6062349919250232,520.9065873286318,6.073870997229917,260.020805787283,1.0481285701621283,9.999999999999998,3.0369354986149584,346.9387525634846,7.3651676172475025,14.599519706259217,0.0588498049932729,0.6808438833211709,3.6825838086237512
12,58,348.0000000000021,19.999999999750102,5.1279949337169254e-08,2.01673513828634e-10,6.335760294597597e-09,9.999999999875051,418.00000000000006,0.014315312081581766,3.874330371531573e-08,1.5236946016119084e-10,3.4262466680820627e-12,0.007157656040790883,520.7603911365906,6.119965694995641,264.5025464236704,1.040234217143001,9.999999999999998,3.0599828474978206,349.98710788302674,8.759027670635078e-05,0.0027813806197785397,1.0938599006747115e-05,1.5050033872142795e-09,4.379513835317539e-05
13,58,348.0000000000005,0.005476032936787334,9.954816245351126e-05,3.766525539870766e-07,3.2398644856531208e-09,0.002738016468393667,418.00000000000006,0.008451244139781267,1.0207475387451203e-07,3.862122192601166e-10,5.12703798469108e-12,0.004225622069890633,520.987686626968,6.0645006739641545,277.44532133947865,1.0497480445516134,9.999999999999998,3.0322503369820772,340.0000000064324,0.0033659244692945123,5.173982438339032e-05,1.9576390479279415e-07,1.0350393530759612e-09,0.0016829622346472561
14,58,359.9274035681538,0.02121545092140309,4.602087507343137e-05,1.7376410100613163e-07,5.790715143966273e-09,0.010607725460701545,418.0065126340352,0.02247360931427167,1.3291493765311363e-07,5.018558342214781e-10,1.771624514337143e-11,0.011236804657135835,520.7965433548837,6.080238476951325,277.3028443212122,1.0470309261402309,9.999999999999998,3.0401192384756626,340.0000000101725,9.999999873745546,4.695969375656768e-08,1.7730886160059326e-10,2.7851610499400665e-09,4.999999936872773
15,58,348.00000000000006,19.999999999194653,1.0426499326429307e-06,4.058042316803744e-09,1.274871592991379e-07,9.999999999597327,418.00000000000006,19.947408672914644,3.1921686610970695e-10,1.2424069770254243e-12,3.892873075028706e-11,9.973704336457322,520.8444436162104,6.097454847862995,268.2584914288904,1.0440745987495104,9.999999999999998,3.0487274239314974,340.0000048982511,9.9999999986236,2.529942984896862e-07,9.84665645715644e-10,1.5467091791983695e-08,4.9999999993118
16,58,359.82397372079043,19.999999999632845,4.9763071995058393e-08,1.9745692479180617e-10,6.203292243149827e-09,9.999999999816422,418.00000000000006,19.96389934725134,1.2815027913419364e-10,5.084927239130698e-13,1.5945935077160564e-11,9.98194967362567,520.9172764086778,6.08179065628209,263.80527143031753,1.0467637055379322,9.999999999999998,3.040895328141045,349.926211904206,6.150303408780644e-05,0.005331622964226021,2.1155564406674626e-05,2.043812421991862e-09,3.075151704390322e-05
17,58,348.00000000000097,0.009610836163350456,0.00011291135472365925,4.425282453847674e-07,6.680701179341074e-09,0.004805418081675228,418.00000000000006,19.963320909944795,1.5560422576565304e-10,6.098524384111477e-13,1.912394252292321e-11,9.981660454972397,520.8282780376276,6.09855581188005,266.34818560818314,1.04388611337694,9.999999999999998,3.049277905940025,340.0000000082506,0.004198975871744892,6.76382476849583e-05,2.6509145286743276e-07,1.7484732060025342e-09,0.002099487935872446
18,58,348.00000000000006,19.999999999425803,8.977417385983607e-07,3.464427834126967e-09,1.0883821032272806e-07,9.999999999712902,418.00000000000006,0.020807648591112837,1.0392243646498798e-07,4.0104159804545936e-10,1.3107875383000251e-11,0.010403824295556419,520.924631699243,6.088715183532749,270.9407707021654,1.045573250148657,9.999999999999998,3.0443575917663743,340.00002590440647,9.999999998982055,2.3303991396648535e-07,8.993120512237257e-10,1.4126360665608137e-08,4.999999999491028
19,58,348.0000000000009,0.007662214514287058,8.371820367423656e-05,3.3607368267380786e-07,4.04490837549155e-09,0.003831107257143529,418.00000000000006,19.970772705350107,9.937864008541961e-11,3.9894006424913227e-13,1.2514756361630875e-11,9.985386352675054,520.8830155280097,6.09288040635265,260.2812390471929,1.0448584740048716,9.999999999999998,3.046440203176325,340.00000000806773,0.0017355281607969175,0.00010015538468642584,4.0205818440819504e-07,1.096075446611177e-09,0.0008677640803984588
20,58,348.00000000000074,19.999999999737625,1.2791323854757327e-07,5.002885709353486e-10,1.5717028991048086e-08,9.999999999868812,418.00000000000006,0.011956525254259276,7.363363009626146e-08,2.8799257990751265e-10,5.408865235048432e-12,0.005978262627129638,520.8557914935998,6.109166443486934,266.4361064505963,1.0420730524477528,9.999999999999998,3.054583221743467,340.00000202094765,6.893553790376927e-05,0.006853027563842127,2.6803256687305377e-05,2.902355530744253e-09,3.4467768951884636e-05
0,59,348.0000000000006,19.99999999923195,3.050380862120992e-08,1.1733589242792533e-10,3.6862157763981648e-09,9.999999999615975,418.00000000000006,19.959867430555658,2.3702797761100577e-10,9.117513694350774e-13,2.8586037150357352e-11,9.979933715277829,520.8536422893806,6.087709003297876,271.8625743241831,1.0457460631293434,9.999999999999998,3.043854501648938,340.00000129887354,6.6788543039209e-05,0.002969717854745512,1.142331107150407e-05,1.198433250528858e-09,3.33942715196045e-05
1,59,348.00000000058,19.999999998742037,7.20154616009235e-07,2.927902532120375e-09,9.198277084757769e-08,9.999999999371019,423.99971825962973,0.0009165069104506984,4.113105574720635e-06,1.672248147743393e-08,2.4074448358639234e-11,0.0004582534552253492,520.9094388956111,6.123682944142795,255.70343348718586,1.0396027654836342,9.999999999999998,3.0618414720713973,340.0000052106724,5.9179708660650476e-05,0.03496027478581053,0.00014213652845305945,1.32129077810538e-08,2.9589854330325238e-05
2,59,348.00000000000085,0.007865410784770432,0.00010635598176159751,4.283969081867111e-07,5.292825966248064e-09,0.003932705392385216,418.00000000000006,19.999999999999307,5.17120944149444e-11,2.0829389185536602e-13,6.543745604404221e-12,9.999999999999654,520.8038353998098,6.104615333536295,258.90319676457955,1.0428499382594165,9.999999999999998,3.0523076667681477,340.0000000103065,0.0009436154324529156,0.00026218822450044916,1.056081875965644e-06,1.5653537627160165e-09,0.0004718077162264578
3,59,348.00000000000074,19.999999999638725,3.641542865898849e-08,1.4095641640663912e-10,4.428276422514421e-09,9.999999999819362,418.00000000000006,19.963454846680055,1.9635490640722058e-10,7.600482809143356e-13,2.3833990391000934e-11,9.981727423340027,520.8350274790935,6.082708024748928,270.3857061933481,1.0466058370340052,9.999999999999998,3.041354012374464,340.00000158500194,6.844246367165852e-05,0.003111120861891038,1.2042490335805817e-05,1.2946781471449317e-09,3.422123183582926e-05
4,59,348.00000000001177,0.0749895867604522,3.719683266108921e-05,1.4497104525043227e-07,1.707662760006719e-08,0.0374947933802261,418.00000000000006,19.894210337549524,6.257824764938576e-10,2.4389264683715707e-12,7.621584855769344e-11,9.947105168774762,520.8685608716283,6.084019288836761,268.48141708909503,1.046380266307966,9.999999999999998,3.0420096444183806,340.00000001066593,0.03618840503816578,2.7981929281227952e-05,1.090568536569723e-07,6.199294718178718e-09,0.01809420251908289
5,59,348.0000000001194,19.999999999915417,3.7920962727181875e-08,1.464888174505829e-10,4.602081927338612e-09,9.999999999957708,418.00000000000006,19.980688261211153,1.879995610850982e-10,7.262429907889446e-13,2.2793566003892592e-11,9.990344130605576,520.8576330551347,6.085572455544381,270.8030596289733,1.046113207949034,9.999999999999998,3.0427862277721904,349.9968525556631,7.593006767276809e-08,2.0065551538273687,0.007751329884429544,9.245063195097461e-10,3.7965033836384046e-08
6,59,348.0000000000001,0.005877633826514739,9.004080891340428e-05,3.5495557001985336e-07,3.27715059414443e-09,0.0029388169132573694,418.0021623011462,0.008410687085955715,1.1032761500942421e-07,4.349294719493705e-10,5.746060445816571e-12,0.004205343542977857,520.8806917611461,6.078121365998548,265.6905743818773,1.0473956244586995,9.999999999999998,3.039060682999274,340.0000000106796,0.0008287679957508232,0.00021993343175309295,8.670134972845622e-07,1.128700473378557e-09,0.0004143839978754116
7,59,348.00000000000097,0.006317168055229416,8.252150062818934e-05,3.2922874917408783e-07,3.266931734480943e-09,0.003158584027614708,418.00000000000006,19.96389932986272,1.8813623279581514e-10,7.505905264225474e-13,2.3537933249733084e-11,9.98194966493136,520.7838014117903,6.095729036166839,261.7723875553338,1.044370195247237,9.999999999999998,3.0478645180834194,340.0000000101796,0.0016910763333175538,9.902704206943097e-05,3.950794513762332e-07,1.0494639642085573e-09,0.0008455381666587769
8,59,353.45576511088865,5.622300420759163,33.04210265718788,0.13752269848200865,1.2145301781373106,2.8111502103795813,420.1665173952969,4.674616881345874,8.723407061238694,0.03630720754865708,0.2665991423582173,2.337308440672937,520.8457698347544,6.076635262349237,251.71566518172176,1.04765177583073,9.999999999999998,3.0383176311746185,348.4041458304884,8.48472441589554,45.841145098043704,0.19079288145776874,2.5428443946429797,4.24236220794777
9,59,352.6681081973236,8.31780524082387,101.65726996159246,0.4604334163056069,6.015828677381872,4.158902620411935,419.8667966595913,4.89044470778062,18.8954481363888,0.08558262228908889,0.657436511428365,2.44522235389031,520.8353664044348,6.042428591897049,232.61633200935285,1.0535826161376471,9.999999999999998,3.0212142959485244,346.78603858779815,9.999999999999998,70.27837877377654,0.3183098861837907,4.999999999999999,4.999999999999999
10,59,354.01395187199023,5.46970953995141,14.979401659040459,0.06132173090086208,0.5268640263361363,2.734854769975705,418.0896848252348,0.27291148818926503,2.5556862214329853e-16,1.0462307260662208e-18,4.485069374741393e-19,0.13645574409463251,520.752186458089,6.079013524133247,255.81562927775715,1.047241908313325,9.999999999999998,3.0395067620666234,349.2838830130402,5.8173114696535615,16.053005177068844,0.06571678135249491,0.600507559620452,2.9086557348267807
11,59,348.00000000000006,19.999999999898574,2.9787429439970342e-08,1.166753380943492e-10,3.665463850104539e-09,9.999999999949287,418.00000000000006,19.974288351733925,9.662438015330895e-11,3.7847113478736857e-13,1.1874735764075398e-11,9.987144175866963,520.8434860255829,6.090741802079657,266.8479631650751,1.0452253486598466,9.999999999999998,3.0453709010398287,340.00000192658035,0.00010675284164740617,0.0013000280813406124,5.092121702822406e-06,8.538824670322199e-10,5.3376420823703086e-05
12,59,348.0000000000001,19.99999999977799,2.005103351369766e-08,7.916649007459639e-11,2.487088636260805e-09,9.999999999888995,418.00000000000006,19.96390211062439,2.1369758712702152e-10,8.437314664453282e-13,2.6458764139738893e-11,9.981951055312194,520.8061618740202,6.077117901921321,265.3247924660309,1.0475685722113597,9.999999999999998,3.0385589509606605,340.00000126188644,7.314150747106396e-05,0.0018526458101002273,7.314708542921134e-06,8.403898728294758e-10,3.657075373553198e-05
13,59,348.00000000001427,19.999999999673857,2.995325981818011e-08,1.1696352682847645e-10,3.674517566163022e-09,9.999999999836929,418.00000000000006,19.984441585565673,3.40913191202562e-11,1.3312210232690813e-13,4.1789008026029475e-12,9.992220792782836,520.9079232172772,6.092102163527397,267.6126161351848,1.0449919506914032,9.999999999999998,3.0460510817636983,340.00000151205506,6.521709136464438e-05,0.0019155109694579796,7.4798175566338675e-06,7.662532113441829e-10,3.260854568232219e-05
14,59,348.00000000000006,19.99999999978368,3.9382776627892664e-08,1.5155975064012725e-10,4.7613899918577476e-09,9.99999999989184,418.00000000000006,19.96596776350187,1.6773498968212374e-10,6.455073863898685e-13,2.0244705281193944e-11,9.982983881750934,520.8552835464247,6.096257663592783,271.3558936452464,1.0442796343230583,9.999999999999998,3.0481288317963915,340.0000018786018,0.0008810399994398921,0.0002343865361959495,9.020076292462801e-07,1.2483193825576973e-09,0.00044051999971994604
15,59,348.00000000000006,19.99999999657554,3.5316057419081414e-08,1.3252217039148067e-10,4.163306768683651e-09,9.99999999828777,418.00000000000006,19.955546044674563,2.9236602424021245e-10,1.097092453477186e-12,3.438956802929458e-11,9.977773022337281,520.798400294361,6.078154632711802,279.1207045059058,1.047389891894787,9.999999999999998,3.039077316355901,340.0000017522993,0.004994916097860624,5.633833296111045e-05,2.114074646455382e-07,1.6587020922061334e-09,0.002497458048930312
16,59,348.00000000000006,0.01593076021077522,5.341009161421283e-05,2.076898771274091e-07,5.197227252960215e-09,0.00796538010538761,418.00000000000006,19.958786666267837,2.524252242303039e-10,9.815778670242816e-13,3.077363301395553e-11,9.979393333133919,520.8067318894913,6.10735859087757,268.06165608494223,1.042381518777179,9.999999999999998,3.053679295438785,349.90220020931577,6.614220386147451e-05,0.004453721726040627,1.731869184427503e-05,1.7993416106414782e-09,3.307110193073726e-05
17,59,348.0000000000004,0.007737692825084963,7.433528108102281e-05,2.940399344207238e-07,3.573861179954057e-09,0.0038688464125424815,418.00000000000006,19.962054933543257,2.0178346111932734e-10,7.981727493576499e-13,2.5027762191361724e-11,9.981027466771629,520.9191589370919,6.09367412365712,264.112872297997,1.044722378402332,9.999999999999998,3.04683706182856,340.00000000641336,0.002100847892291924,8.96150220909811e-05,3.5448033336986787e-07,1.1697865720529864e-09,0.001050423946145962
18,59,359.96065002904425,19.99999999998167,2.1528504598408023e-08,8.061385685628417e-11,2.5325590047700945e-09,9.999999999990836,423.9999983097094,3.9619220856268456e-06,7.335856084034951e-06,2.7469239657287915e-08,1.7095131505081069e-13,1.9809610428134228e-06,520.9023264339315,6.08584319517171,279.35955414817397,1.046066669730585,9.999999999999998,3.042921597585855,340.0000009402891,9.999999995235097,1.7806491418680367e-08,6.667671429646346e-11,1.047355378497321e-09,4.999999997617548
19,59,348.0000000000006,0.006123805624024925,8.90977731153526e-05,3.364592055859248e-07,3.236485677721572e-09,0.0030619028120124625,418.00000000000006,19.973313314141595,9.694205134674203e-11,3.660814905190313e-13,1.1485443314856287e-11,9.986656657070798,520.8727302258286,6.099063165135236,276.4085203747542,1.043799277250911,9.999999999999998,3.049531582567618,340.00000000811997,0.0017644041878526195,8.564901866414494e-05,3.234357018288561e-07,8.964083925410689e-10,0.0008822020939263098
20,59,348.0000000000016,0.011579720576257557,7.464967650440017e-05,2.912192525318477e-07,5.297098389206593e-09,0.005789860288128779,418.0036533747056,0.013603815512691853,4.257861878302972e-08,1.6610538875009747e-10,3.5494767242566337e-12,0.006801907756345926,520.8551394960074,6.108119837375359,267.1655280790513,1.0422516082152293,9.999999999999998,3.0540599186876793,340.000000008342,0.002807314794317506,7.729576939820316e-05,3.0154204602202074e-07,1.3297159209463106e-09,0.001403657397158753
0,60,348.0000000000006,0.005104598868644672,6.911489863845854e-05,2.715557739835974e-07,2.1774116306432027e-09,0.002552299434322336,418.00000000000006,0.006123928693195779,1.2818483568690438e-07,5.036444088561268e-10,4.844779537857035e-12,0.0030619643465978896,520.7857720915143,6.088365819132739,266.1288871034861,1.0456332475407415,9.999999999999998,3.0441829095663695,340.00000001140165,0.0007816206439734685,0.00018986382614603753,7.459841405581536e-07,9.158945883326928e-10,0.00039081032198673427
1,60,348.00000000000114,19.999999998602725,5.6002442186372576e-08,2.165692319511349e-10,6.803723080437359e-09,9.999999999301362,418.00000000000006,19.999999999999957,1.6215067105503893e-10,6.270591945594848e-13,1.9699645589940058e-11,9.999999999999979,520.8705794371956,6.077939090032951,270.8532115923314,1.0474270356074429,9.999999999999998,3.0389695450164753,340.0000032229169,0.010475506419513891,4.1361027168729254e-05,1.5994884395990518e-07,2.6319401539548166e-09,0.005237753209756946
2,60,348.00000000000153,19.999999999336136,1.7294011915686695e-07,6.992734281099407e-10,2.19683226452782e-08,9.999999999668068,418.00000000000006,19.945333554728503,3.2172611671602904e-10,1.300881054351832e-12,4.075667717259148e-11,9.972666777364251,520.8250888477123,6.1107770176459875,257.6513453854327,1.041798400644018,9.999999999999998,3.0553885088229937,340.00000302575955,6.410426122904767e-05,0.011863807072220666,4.797062175203949e-05,4.830389192400099e-09,3.205213061452383e-05
3,60,351.3089574584825,0.30209875051556956,29.54679487330206,0.11775247165586618,0.05587774068823231,0.15104937525778478,418.0000015750554,19.999832906133918,1.2986341271530176e-18,5.175430326864304e-21,1.6258958054299832e-19,9.999916453066959,520.899260610325,6.081168061358874,262.6839041218907,1.046870874055937,9.999999999999998,3.040584030679437,347.90978578696536,9.999853371500365,7.1669651691544e-26,2.8562416551718485e-28,4.4865081144225636e-27,4.999926685750182
4,60,348.0000000000012,0.006713351380835064,0.00012232092846302037,4.923569115235976e-07,5.1920551250678545e-09,0.003356675690417532,418.0026736693669,19.99999999999947,2.929613081469898e-11,1.1792056084562132e-13,3.7045836765978234e-12,9.999999999999735,520.884451988117,6.100038598678366,259.27955343104554,1.0436323673517593,9.999999999999998,3.050019299339183,340.0000000091018,0.0036362214120782,5.6266587014706266e-05,2.26479992856739e-07,1.2936000972296048e-09,0.0018181107060391
5,60,348.00000000000006,19.999999999494104,1.8263214956153517e-08,7.269475602358239e-11,2.2837731147241206e-09,9.999999999747052,418.00000000000006,19.964673875679654,2.0804968943054158e-10,8.281193344241652e-13,2.5970183710186743e-11,9.982336937839827,520.8937189776561,6.079388455198339,263.0839634153088,1.0471773222900782,9.999999999999998,3.0396942275991696,340.00000094606423,5.518383144398342e-05,0.002156176253490838,8.582426865569268e-06,7.439467294088825e-10,2.759191572199171e-05
6,60,348.0000000000494,3.791678340903104e-05,0.02105892269035662,8.276907791733008e-05,4.9296885465639555e-09,1.895839170451552e-05,418.00000000000006,19.98420685433866,1.8396400533202002e-10,7.23044161147079e-13,2.2697165102880196e-11,9.99210342716933,520.833527089693,6.0741612482153355,266.6624343504574,1.0480784858232535,9.999999999999998,3.0370806241076678,349.9933363567217,8.560750181164272e-08,3.156376693512163,0.012405686289042015,1.6682168188308015e-09,4.280375090582136e-08
7,60,351.4497250362375,4.623452482421324,8.856951269365512,0.03860139912287208,0.2803427451457327,2.311726241210662,418.00042764512585,0.018634766096476674,2.6224131353332492e-17,1.1429307108439456e-19,3.3455207308200334e-21,0.009317383048238337,520.8367125656832,6.0889242571202375,239.89475918898341,1.0455373486098694,9.999999999999998,3.0444621285601188,346.47809435742937,4.270633844228234,4.302806458260662,0.018752993484143894,0.1258006303450696,2.135316922114117
8,60,352.6723531302857,7.921980799930914,106.52704398671526,0.47831861818464566,5.952109994033242,3.960990399965457,419.29697264484,5.347320513685918,29.721641981869585,0.13345357376779843,1.1209501551912293,2.673660256842959,520.8512931825913,6.042965404365331,234.62409217040343,1.053489023630184,9.999999999999998,3.0214827021826656,347.02566875713046,8.754376688419557,80.97808230549954,0.3636008564777165,4.999999999999999,4.377188344209778
9,60,353.4463807198951,5.274785497057785,22.737850958476244,0.10376167804274823,0.8597291794045113,2.6373927485288924,419.0210458529984,0.11444543964275943,170.3947532080794,0.7775776855446112,0.13978551082005952,0.05722271982137971,520.7813348952416,6.092557780154305,228.97754526272342,1.0449138035937637,9.999999999999998,3.0462788900771525,348.58098039256345,6.9010313265608865,28.64343497373205,0.13071116013603915,1.4169239630670596,3.4505156632804432
10,60,350.1044806170605,0.020273959663460833,646.2712390435402,2.4835351162983286,0.0790913084326076,0.010136979831730416,418.0725601009802,19.999999996556443,2.922879568012206e-19,1.1232240597016803e-21,3.528712453686536e-20,9.999999998278222,520.8646599966437,6.090914642441664,271.9832340024911,1.0451956885614466,9.999999999999998,3.045457321220832,348.65347703756834,0.07626860386800106,2.528544388279921,0.009716862521541338,0.0011641038664871367,0.03813430193400053
11,60,348.00000000000006,19.99999999872046,9.538803638885041e-08,3.769574564542126e-10,1.1842467758366843e-08,9.99999999936023,418.00000000000006,19.933853219497006,3.6492447016712587e-10,1.4421200527845231e-12,4.515569686155077e-11,9.966926609748503,520.8443090230528,6.097461350225915,264.1998928721227,1.0440734853431979,9.999999999999998,3.0487306751129575,340.0000034246223,0.01752796512630539,3.385085948673573e-05,1.337728962035785e-07,3.6831508559356164e-09,0.008763982563152695
12,60,348.0000000000009,19.999999999679368,4.346617606680656e-08,1.6888070706023533e-10,5.305543886249796e-09,9.999999999839684,418.00000000000006,19.964668395922956,1.7068259910055206e-10,6.631592798657174e-13,2.079695870418794e-11,9.982334197961478,520.9202565919971,6.057502565146569,270.49417210975616,1.05096079699667,9.999999999999998,3.0287512825732845,340.0000019961159,6.609999964446445e-05,0.0035140417911646714,1.3653233756265563e-05,1.4176102999104723e-09,3.304999982223222e-05
13,60,359.84811380552566,0.009154132818380845,6.203779130130694e-05,2.433205393394105e-07,3.498773728420959e-09,0.004577066409190422,418.00000000000006,19.956987233018182,2.542769687032322e-10,9.973083804025987e-13,3.126398437336728e-11,9.978493616509091,520.7942955212825,6.0900980408759855,266.522203908294,1.0453358354736952,9.999999999999998,3.0450490204379927,340.0000000111399,0.0012072796990558743,0.00021097209178978598,8.274608441576304e-07,1.5691888977936724e-09,0.0006036398495279371
14,60,348.0000000000005,0.007120266288175969,8.957405561842875e-05,3.557435440192503e-07,3.9788094458586426e-09,0.0035601331440879846,418.00000000000006,19.960726353817194,2.06699544821081e-10,8.20907662538492e-13,2.5738932287232507e-11,9.980363176908597,520.8730227668385,6.085912935339891,263.39019186990356,1.0460546825618147,9.999999999999998,3.0429564676699457,340.00000000747383,0.0031424855641564164,6.488516203178926e-05,2.5769155294005775e-07,1.272018275693156e-09,0.0015712427820782082
15,60,359.95765724382346,19.99999999998737,1.9009099763361587e-08,7.311169976749826e-11,2.296871788808901e-09,9.999999999993685,418.00000000000006,19.968029310093137,1.8806042067232925e-10,7.233071100424011e-13,2.268703895232788e-11,9.984014655046568,520.8882766620551,6.079073000347658,272.28106046212787,1.0472316623458435,9.999999999999998,3.039536500173829,349.9858337266621,9.999999998840082,2.065681892736452e-08,7.944906188981857e-11,1.2479829456935184e-09,4.999999999420041
16,60,348.00000000000006,19.99999999959321,4.520110018510277e-08,1.758485960032623e-10,5.524446573366919e-09,9.999999999796605,418.00000000000006,19.975151140852834,7.435687859118072e-11,2.892750983913785e-13,9.07655411041253e-12,9.987575570426417,521.0196037341312,6.06285508391567,269.9063086252566,1.0500329688837344,9.999999999999998,3.031427541957835,349.9221246067931,9.999999998208548,2.4928071036759145e-08,9.69791946420013e-11,1.5233456269189295e-09,4.999999999104274
17,60,359.89732350410225,0.013832274541549339,5.508870014271901e-05,2.089414084398205e-07,4.5398133235623734e-09,0.006916137270774669,418.00000000000006,0.01502436345030489,9.761599303472645e-08,3.702396865071641e-10,8.737736173545593e-12,0.007512181725152445,520.923526924057,6.087440110912143,275.7296239351153,1.0457922554776313,9.999999999999998,3.0437200554560717,340.00000034134325,5.215580976880574e-05,0.005597304976934538,2.1229558554078382e-05,1.739256092069532e-09,2.607790488440287e-05
18,60,348.0000000000006,0.01107963837505821,4.6283838548406945e-05,1.8046256267587945e-07,3.140744320976795e-09,0.005539819187529105,423.99994563304534,0.00017160364205853762,7.480024338875636e-06,2.9164918109799032e-08,7.861531144984235e-12,8.580182102926881e-05,520.8714480039201,6.095779070423804,267.85092725138617,1.0443616230391382,9.999999999999998,3.047889535211902,349.96673519535784,5.668529984781401e-05,0.0036455237120542566,1.42140447293484e-05,1.2656336207354412e-09,2.8342649923907004e-05
19,60,348.0000000000005,0.005329268000636489,9.860821195931063e-05,3.763625018019159e-07,3.1506037426910766e-09,0.0026646340003182445,418.00000000000006,19.968022517945734,1.44833061620267e-10,5.52791013364358e-13,1.7338675111404122e-11,9.984011258972867,520.8722921114373,6.094061330495265,273.7033036610546,1.0446559984256725,9.999999999999998,3.0470306652476324,340.0000000101683,0.0028054782121138544,5.5707347769883583e-05,2.1262079860117705e-07,9.369847494674293e-10,0.0014027391060569272
20,60,348.00000000000085,19.999999999569187,3.444684973704104e-08,1.3422861393006126e-10,4.2169162741513756e-09,9.999999999784594,418.00230351171166,0.008062036588508903,1.222027411653601e-07,4.761859122183211e-10,6.030331469221092e-12,0.0040310182942544515,520.7575077082923,6.117633880750091,267.0552041453785,1.0406307156935068,9.999999999999998,3.0588169403750456,340.00000166168434,7.340384637899433e-05,0.0030057354774582754,1.1712412312287449e-05,1.3504703300389828e-09,3.6701923189497165e-05
0,61,359.96818202377443,19.999999999994465,7.629088215323746e-09,3.002754778727719e-11,9.433432353380036e-10,9.999999999997232,418.00000000000006,19.968888872346287,8.166605300336651e-11,3.21431767459624e-13,1.0082368665007462e-11,9.984444436173144,520.8092664028,6.08571068298931,265.77956780567206,1.0460894471159328,9.999999999999998,3.042855341494655,349.99670566049616,6.816193017728845e-08,1.0740404266235313,0.004227346614124461,4.5261570132442443e-10,3.4080965088644226e-08
1,61,348.0000000000005,0.0049063941923677135,0.00010092154570764092,4.0654755356939547e-07,3.1332400317005284e-09,0.0024531970961838567,423.9999638991239,0.00011544182431394434,5.7907463554240425e-06,2.3327167133948253e-08,4.23004569902737e-12,5.772091215697217e-05,520.9556317599961,6.057631411446352,260.88542700022975,1.0509384429772997,9.999999999999998,3.028815705723176,340.0000000084668,0.0013246051827309202,0.00011507086016169793,4.635459787881785e-07,9.644931442411574e-10,0.0006623025913654601
2,61,348.0000000000007,0.006873933662046028,9.205901165153571e-05,3.526477158764913e-07,3.80773125533306e-09,0.003436966831023014,418.00000000000006,0.010074541023858075,8.348160359717875e-08,3.197904941418156e-10,5.0607012099073594e-12,0.005037270511929037,520.8427303555667,6.0932906084701886,272.7429064615028,1.0447881338248106,9.999999999999998,3.0466453042350943,340.00000000843,0.0025761407320512575,7.31121471413698e-05,2.8006852593447215e-07,1.1333231683051766e-09,0.0012880703660256287
3,61,351.7262737107204,2.2498747671094166,2.7250997081992434,0.010690242717587891,0.03778033355000612,1.1249373835547083,418.0000487022318,0.0004482353296105447,1.7336759262813345e-06,6.801004891609427e-09,4.788495113710224e-12,0.00022411766480527235,520.8943081916227,6.080667264874485,266.88472322341585,1.0469570930892271,9.999999999999998,3.0403336324372425,340.00000000000006,9.999999999999535,1.2846633754940084e-08,5.0395819474443236e-11,7.916156811627046e-10,4.999999999999767
4,61,348.00000000014154,0.9514602048832458,2.8154430786735904,0.01094594992572516,0.01635927159510033,0.4757301024416229,418.3485822999551,19.867726898694073,1.056286105238339e-16,4.1066555039802907e-19,1.2816113096309808e-17,9.933863449347037,520.8506624805192,6.100626079056232,268.41019673599925,1.0435318672506912,9.999999999999998,3.050313039528116,349.99999999999454,4.0754568635412305,4.079899921695407,0.01586193682377246,0.10154356195549537,2.0377284317706152
5,61,351.3263873676929,1.778174739471928,5.895137085503949,0.023521303245201457,0.06569853637207919,0.889087369735964,420.67451463709074,19.84283254048584,6.956863824479833e-18,2.7757540033044665e-20,8.651761106369069e-19,9.92141627024292,520.8353294638018,6.102611954441392,261.45496601393006,1.043192287368458,9.999999999999998,3.051305977220696,347.6042775218917,1.7802740314188281,6.432250191868195,0.025664357777865573,0.07176903964992613,0.8901370157094141
6,61,351.3748879100876,0.10447552597800255,973.4462356179918,3.9972999987828586,0.6559959931994952,0.05223776298900128,419.06363638215305,19.932520818317627,1.4391851474957505e-32,5.909781740211749e-35,1.850348554685931e-33,9.966260409158814,520.8738480308438,6.069278071388562,255.43965199851314,1.048921741399026,9.999999999999998,3.034639035694281,347.8384273550997,0.26520429615800284,58.507673797130174,0.24025232811094324,0.10008477955377573,0.13260214807900142
7,61,353.80705764713133,6.849636814541435,59.33103272056656,0.27410234749970935,2.9491725074825004,3.4248184072707173,419.92794610499107,4.635746126970626,13.55874688629318,0.06263980551612833,0.4561313493856106,2.317873063485313,520.8451872779136,6.036179943829204,228.29011020304378,1.0546732839175854,9.999999999999998,3.018089971914602,348.28643775469453,9.592840370922316,71.82440921028488,0.3318202679033165,4.999999999992595,4.796420185461158
8,61,353.09286707565707,6.710216741456261,27.274069131382934,0.12450949064301826,1.312377819299912,3.3551083707281304,423.94236922840713,19.188526026338362,1.6734294657847277e-21,7.639411978028883e-24,2.302615500319214e-22,9.594263013169181,520.7706491627423,6.100099473375141,228.60761164643955,1.043621952635707,9.999999999999998,3.0500497366875705,347.7387912413819,7.373950322615491,22.35646672050019,0.10206002890650902,1.1821586695028994,3.6869751613077457
9,61,348.0000016482155,4.354641103874665e-06,0.2671625103098148,0.0010577196655115733,7.235071437828013e-09,2.1773205519373326e-06,418.0000000000007,19.99999999999099,6.580572062746472e-12,2.605305839135655e-14,8.184809684579478e-13,9.999999999995495,520.8375572461101,6.08077539851718,264.4393597763957,1.0469384751866075,9.999999999999998,3.04038769925859,347.7106174776612,3.956143362318453,1.40925140663181,0.0055793491561212955,0.03467172414070364,1.9780716811592265
10,61,348.00000000001234,19.999999999569685,1.316285657544201e-07,5.031049247092643e-10,1.580550735417464e-08,9.999999999784842,418.0060235195715,0.021722195448948156,6.50265441217474e-08,2.485416018701609e-10,8.480523991487043e-12,0.010861097724474078,520.8867832524902,6.109773276557134,272.6130295111081,1.04196955198036,9.999999999999998,3.054886638278567,340.00000480431885,9.999999997762266,5.289076124254981e-08,2.0215674538606102e-10,3.1754707301817723e-09,4.999999998881133
11,61,348.00000000002575,19.99999999993151,3.5188495794766064e-08,1.380158244653722e-10,4.335895002180669e-09,9.999999999965755,418.00000000000006,0.00012320687665123842,5.837666787613282e-07,2.289641476423685e-09,4.431209761395996e-13,6.160343832561921e-05,520.8906079809549,6.084426084089774,266.7671332533887,1.046310306952836,9.999999999999998,3.042213042044887,349.9969508076748,6.554574054080508e-08,2.451950515070059,0.009617005906118416,9.901573926262918e-10,3.277287027040254e-08
12,61,348.00000000000006,19.999999999175856,1.2729274707768392e-06,4.953195953506933e-09,1.556092401868685e-07,9.999999999587928,418.00000000000006,0.04422258378374977,7.220306164264355e-08,2.809554518773144e-10,1.9516478358721035e-11,0.022111291891874885,520.882056325436,6.09077765731638,268.61207179679326,1.0452191956192312,9.999999999999998,3.04538882865819,340.00000366409125,9.999999969662287,3.4677787454952284e-07,1.3493767747318572e-09,2.1195960747807763e-08,4.999999984831144
13,61,348.00000000000006,0.00992617758145542,6.222680741861214e-05,2.4062057014516614e-07,3.751756719916788e-09,0.00496308879072771,418.00000000000006,19.959490076296316,2.459227196041231e-10,9.509416834567486e-13,2.981420294802333e-11,9.979745038148158,520.8371529765843,6.091778102453096,270.25940471840494,1.045047540571481,9.999999999999998,3.045889051226548,340.0000001198518,9.999999996853703,2.3917540291221503e-08,9.2485094769981e-11,1.4527524710225615e-09,4.999999998426851
14,61,348.0000000000045,0.026629493931032755,9.179099254965001e-05,3.6920062517956584e-07,1.5443481704925766e-08,0.013314746965516377,418.00000000000006,0.029342630934070968,1.2418412039662906e-07,4.994918740312143e-10,2.3022228259983805e-11,0.014671315467035484,520.751722928978,6.094802738957768,259.6917225807496,1.0445289201869155,9.999999999999998,3.047401369478884,340.0000000883585,9.322068433981201e-05,0.008430920598866874,3.3910747334573815e-05,4.965574759399987e-09,4.6610342169906005e-05
15,61,359.9675871745851,0.008161776468448068,6.76406897877887e-05,2.5941659555225184e-07,3.3258474791460907e-09,0.004080888234224034,418.00000000000006,19.95995782576318,2.1241785016656123e-10,8.146681486782501e-13,2.5542313631159985e-11,9.97997891288159,520.8593388340471,6.099088499599556,272.16072930927555,1.043794941505406,9.999999999999998,3.049544249799778,340.0000000083275,0.0008893593267131905,0.0002632992497260458,1.00980926110727e-06,1.410705924553906e-09,0.00044467966335659526
16,61,348.00000000000006,0.020869111766320003,4.5055468456824115e-05,1.7522113418646635e-07,5.743945745761967e-09,0.010434555883160002,418.00000000000006,0.019887483962904184,1.2130183479097818e-07,4.71743959145437e-10,1.4736897641760328e-11,0.009943741981452092,520.7487996595913,6.113268643885015,267.77354265492215,1.041373787825241,9.999999999999998,3.0566343219425076,340.000000627715,0.009054910402491956,3.8108869311939573e-05,1.4820574576426364e-07,2.107992568372586e-09,0.004527455201245978
17,61,348.00000000000006,19.999999999669683,2.7931199233419924e-08,1.0713267715454832e-10,3.365672315025774e-09,9.999999999834841,418.00000000000006,19.963033939014313,2.2507621963964306e-10,8.633004896176692e-13,2.7071256222080253e-11,9.981516969507156,520.8244109492159,6.076477997544,273.14661209745753,1.0476788900163732,9.999999999999998,3.038238998772,340.000001192292,0.00011033649708913629,0.0015688802341685144,6.017584072087402e-06,1.042944589961836e-09,5.5168248544568144e-05
18,61,348.0000000000024,0.016918542923427538,6.0354262447984045e-05,2.3191150948943992e-07,6.16318405119923e-09,0.008459271461713769,418.00000000000006,19.96776416852926,7.649578302349008e-11,2.9393537077590144e-13,9.219368325012593e-12,9.98388208426463,520.8338696922295,6.115399238459416,270.9199286143263,1.0410109749890308,9.999999999999998,3.057699619229708,340.0000000083002,0.00663036146238305,4.006413608719325e-05,1.5394661287392933e-07,1.603345880175307e-09,0.003315180731191525
19,61,348.00000000000097,0.008849221990239187,7.579934859088723e-05,2.988998201964136e-07,4.154804761912757e-09,0.004424610995119593,418.00000000000006,19.970019153369645,1.0798684864789787e-10,4.2582489486346916e-13,1.335762990015189e-11,9.985009576684822,520.9047426071207,6.092158600803961,265.0017497520863,1.0449822699684292,9.999999999999998,3.0460793004019804,340.0000000083359,0.0039541437350507636,4.706360789331353e-05,1.8558607954576972e-07,1.1527038046892856e-09,0.0019770718675253818
20,61,348.0000000000013,0.020505490596818277,6.882250921178728e-05,2.709238107439129e-07,8.72644221055673e-09,0.010252745298409138,418.00000000000006,19.94254513633967,3.3655360271504655e-10,1.3248628335616801e-12,4.150222472591887e-11,9.971272568169836,520.89631263645,6.08777936821563,265.6467735266712,1.0457339759902942,9.999999999999998,3.043889684107815,340.00000000678244,0.011110910984653444,4.243115342751358e-05,1.670327035805425e-07,2.915218127937491e-09,0.005555455492326722
0,62,348.00000000000006,19.999999999580794,2.0630712027714522e-07,8.236986774933701e-10,2.58772571393056e-08,9.999999999790397,418.00000000000006,19.957847813298457,2.3098045901388288e-10,9.222090752900872e-13,2.891099079161983e-11,9.978923906649229,520.9166224899786,6.104345140903811,261.20825060121416,1.0428960972434844,9.999999999999998,3.0521725704519054,340.0000024494831,9.99999999858386,7.777181652119705e-08,3.10510574374314e-10,4.877488695890739e-09,4.99999999929193
1,62,348.00000000000006,19.999999996936225,3.5513425089184776e-08,1.397994197822791e-10,4.391928300968442e-09,9.999999998468112,418.00000000000006,19.970971907709938,1.2008538696447598e-10,4.727189050283062e-13,1.482934772423737e-11,9.985485953854969,520.9072385891949,6.097134064933747,265.2415574671068,1.0441295296899444,9.999999999999998,3.0485670324668734,340.0000020511467,9.999999998970091,1.960635559362161e-08,7.718087256157312e-11,1.2123543110605794e-09,4.999999999485046
2,62,348.00000000000097,0.011351788528692452,0.0001392473930357884,5.639139066850009e-07,1.0055344956173907e-08,0.005675894264346226,418.00000000000006,19.944625491760654,3.4924755201960226e-10,1.414357189501777e-12,4.4310317838988586e-11,9.972312745880327,520.8762809254071,6.08330717168579,258.4131707286041,1.0465027564786982,9.999999999999998,3.041653585842895,340.0000000030342,0.005581136192187586,9.521599781400882e-05,3.855987831126451e-07,3.380478297257274e-09,0.002790568096093793
3,62,353.011157030979,5.6345094399140905,18.04653305158102,0.07175609289711098,0.6350892641874736,2.8172547199570452,418.0000042706429,19.749307727432775,9.839821980926549e-13,3.912481018577377e-15,1.2137353404256128e-13,9.874653863716388,520.7872219863563,6.080345761647351,263.32181775649536,1.0470124517969872,9.999999999999998,3.0401728808236754,348.2255679050663,7.203634371501535,18.95353482624357,0.07536248662462136,0.8527598773000228,3.6018171857507677
4,62,354.2422289552531,5.422417177713292,8.911255812349893,0.03460681062135338,0.294763958840329,2.711208588856646,420.8519891941793,14.970064945593283,4.066837603781664e-35,1.5793540410636856e-37,3.713838871023502e-36,7.485032472796641,520.7635296562671,6.110480061034573,268.276187732828,1.041849029877686,9.999999999999998,3.0552400305172864,349.5253402037722,6.23182526111462,11.227024518093218,0.04360008505204023,0.42679810336956864,3.11591263055731
5,62,353.3019463159221,4.376987898916443,7.567625508702949,0.03223227976212268,0.22160841462498784,2.1884939494582216,418.0094394116997,19.76844210679745,2.7130551775705655e-17,1.1555533950902125e-19,3.5882470799170186e-18,9.884221053398726,520.8022233807155,6.105932290069074,244.79173333937152,1.0426250114220958,9.999999999999998,3.052966145034537,349.40244323489384,4.848352547688148,10.237472343132312,0.0436037793151039,0.3320765450702191,2.424176273844074
6,62,352.94845059916133,8.142093681840356,103.86923226498718,0.48355838737520185,6.184504254409544,4.071046840920178,419.6398839357895,5.845689916998567,34.73035656499159,0.16168556219505395,1.484659606365695,2.9228449584992835,520.8708031866249,6.042274733897378,226.31724922235625,1.0536094441322263,9.999999999999998,3.021137366948689,346.9575480558201,9.342191166145657,73.18791558113566,0.3407229423192342,4.999999999999999,4.6710955830728285
7,62,354.1869618216896,6.345433190588355,40.79720771147414,0.18705537043320705,1.8644525469424686,3.1727165952941774,419.5650908238548,3.1610534374766464,5.1524399931188,0.023623959226911583,0.11730172508358579,1.5805267187383232,520.8178161441948,6.053582278765605,229.3654141365037,1.051641396864594,9.999999999999998,3.0267911393828024,348.36304044777273,9.394850871798416,52.50000207042108,0.24071273221634681,3.552293410092151,4.697425435899208
8,62,353.4557478771062,4.150884688136804,5.593305053791926,0.02354095428641984,0.15349159880508378,2.075442344068402,418.0000452256637,19.999880390492308,2.7631226102923655e-12,1.1629357317560923e-14,3.6534485019925047e-13,9.999940195246154,520.873941086318,6.085988704466714,248.53835698268517,1.0460416594272421,9.999999999999998,3.042994352233357,349.5036653059358,0.221459037561732,173.905363109588,0.731928289938457,0.25461372971680774,0.110729518780866
9,62,348.00000000001495,19.999999999521847,5.692538215123636e-08,2.2131077449030544e-10,6.9526830328238876e-09,9.999999999760924,418.00000000000006,19.95027795919375,5.72636442715236e-10,2.2262584781950358e-12,6.976609489181546e-11,9.975138979596874,520.7795626015379,6.099860667508508,268.4501214279144,1.0436628098058,9.999999999999998,3.049930333754254,340.00000996494134,0.00104267467146002,0.0003309200038386521,1.286529129471577e-06,2.1071154174284513e-09,0.00052133733573001
10,62,348.00000000000006,19.999999993563826,2.2852486107562035e-08,9.097164077393289e-11,2.8579583824842568e-09,9.999999996781913,418.00000000000006,0.0029626574514125537,1.3132077860056677e-07,5.227644222503551e-10,2.4328052287058706e-12,0.0014813287257062768,520.7829982803229,6.0932683960280976,262.45644409850615,1.044791942502586,9.999999999999998,3.0466341980140488,340.0000014122613,0.0005069170624008024,0.00029133849190442505,1.1597661849306853e-06,9.234794347502529e-10,0.0002534585312004012
11,62,348.0000000000003,19.999999999789928,3.1370109001966176e-08,1.2162777213206678e-10,3.821049153985809e-09,9.999999999894964,418.00000000000006,0.005304873858502646,9.442025091825642e-08,3.660849492941983e-10,3.050540623769281e-12,0.002652436929251323,520.756221164629,6.124657450998957,268.09060517996824,1.0394373521473368,9.999999999999998,3.0623287254994787,340.0000022571838,7.83316695809333e-05,0.00222428762692593,8.623978597809983e-06,1.061121051085802e-09,3.916583479046665e-05
12,62,348.0000000000012,0.005766318161398942,0.00011247332462728324,4.5164825494604646e-07,4.0908995417688484e-09,0.002883159080699471,418.00000000000006,19.963887870351208,1.8343463315666267e-10,7.366007205390106e-13,2.3099210593744918e-11,9.981943935175604,520.7913274984494,6.115218471128976,259.24915050058286,1.0410417475241078,9.999999999999998,3.057609235564488,340.00000001147043,0.0014660786823323946,0.00013268496344064705,5.328101787169135e-07,1.2270144262744521e-09,0.0007330393411661973
13,62,359.94607357864265,19.999999999558582,3.222565743011043e-08,1.230592996062836e-10,3.866021915904733e-09,9.999999999779291,418.00000000000006,19.958742524883274,2.5602103659400017e-10,9.776610303780667e-13,3.065076774062441e-11,9.979371262441637,520.8977851547645,6.082617365941397,274.0797645637517,1.0466214362458957,9.999999999999998,3.0413086829706986,340.0000015493475,6.300423289751222e-05,0.004232471448803217,1.6162431231167327e-05,1.5995443837558484e-09,3.150211644875611e-05
14,62,348.00000000000006,19.99999999983364,2.7750844919234997e-08,1.1129112797291337e-10,3.4963139004651794e-09,9.99999999991682,423.99998629680135,19.99999999999979,1.2361792118836683e-11,4.9575347802056415e-14,1.557455484540977e-12,9.999999999999895,520.9342274075051,6.093025627842588,260.53302646515783,1.0448335707936205,9.999999999999998,3.046512813921294,340.00000151502917,5.40896058076612e-05,0.0026044471501581496,1.044479409295515e-05,8.874289171526548e-10,2.70448029038306e-05
15,62,348.00000000000034,0.004660090964275554,8.774461361216608e-05,3.342096447933045e-07,2.446432570076943e-09,0.002330045482137777,418.00000000000006,0.006242335204774463,1.2353973462481962e-07,4.705493491522462e-10,4.6139420974515034e-12,0.0031211676023872315,520.8283455965941,6.086786133346245,274.5955958570792,1.0459046176764484,9.999999999999998,3.0433930666731226,340.0000000077129,0.0023507191097387192,6.813671856591547e-05,2.595253152512436e-07,9.582974712727137e-10,0.0011753595548693596
16,62,348.00000000000006,19.999999999832482,3.631026552326994e-08,1.380521236059606e-10,4.337035373293232e-09,9.999999999916241,418.00000000000006,19.97145444408332,1.1999371468084787e-10,4.562177360130461e-13,1.4312046415841664e-11,9.98572722204166,520.8578981211933,6.11237246202826,273.94075329409225,1.041526471631823,9.999999999999998,3.05618623101413,340.0000025556834,0.00022826482120308356,0.0007710052471487472,2.9313724409977163e-06,1.051065699130749e-09,0.00011413241060154178
17,62,359.9503359584734,19.999999999084203,5.5093334469366224e-08,2.0584816886929922e-10,6.466910950450898e-09,9.999999999542101,418.00000000000006,19.951514879381502,3.0256402825055964e-10,1.130486142851413e-12,3.542917150711974e-11,9.975757439690751,520.8313042504175,6.090191132949788,279.7700694681222,1.0453198569143003,9.999999999999998,3.045095566474894,340.00000208921426,7.26428118227318e-05,0.005886877918358092,2.1995456465335733e-05,2.50983691415086e-09,3.63214059113659e-05
18,62,348.00000000000006,19.99999999952883,2.583219400325042e-08,9.819085852304687e-11,3.084756797784115e-09,9.999999999764414,418.00000000000006,0.007209719611303456,1.6329765646981522e-07,6.20711391434857e-10,7.029557180017039e-12,0.003604859805651728,520.8408423421597,6.081584705700537,275.39344527669334,1.0467991537976105,9.999999999999998,3.0407923528502687,340.00000147208516,0.0019669086210054587,9.993349354754027e-05,3.7985761199399664e-07,1.173612954255119e-09,0.0009834543105027294
19,62,348.0000000000003,0.007847320955892911,9.322795405948087e-05,3.5991204878101336e-07,4.4364713212941706e-09,0.003923660477946456,418.00000000000006,19.97086787732487,1.015929402380591e-10,3.922055743005813e-13,1.2303553934521335e-11,9.985433938662435,520.824501320235,6.109708131938441,269.9040657647351,1.0419806619561045,9.999999999999998,3.0548540659692205,340.000000008886,9.99999999698555,2.1409106713502915e-08,8.265112688102134e-11,1.2982808647103125e-09,4.999999998492775
20,62,348.00000000000006,0.0271163837096573,3.81985403808088e-05,1.4685194527173948e-07,6.255058151412298e-09,0.01355819185482865,418.00000000000006,19.936887795604186,3.969321419501911e-10,1.5259812706233458e-12,4.7788835174671365e-11,9.968443897802093,520.8617031970871,6.072463319311972,272.69821004655,1.04837154033186,9.999999999999998,3.036231659655986,340.0000014381944,0.013503354788308997,3.345171526710571e-05,1.2860306730774632e-07,2.7278022456999516e-09,0.006751677394154498
0,63,348.00000000000006,19.999999999682313,4.3798301872642306e-08,1.731528431350937e-10,5.439756999327555e-09,9.999999999841156,418.00000000000006,19.96602026461318,1.5443211333282354e-10,6.105341611803953e-13,1.9147908945762318e-11,9.98301013230659,520.7457076277983,6.115174388458339,263.3291407925618,1.0410492521180181,9.999999999999998,3.0575871942291695,340.0000020102753,0.0030926865149183413,7.379151594044689e-05,2.9172845151601604e-07,1.417211163056135e-09,0.0015463432574591707
1,63,348.00000000000205,0.00013568992232748656,0.0015964703487731295,6.663718060081429e-06,1.4203130741949967e-09,6.784496116374328e-05,418.00000000000006,0.0001727484152809211,8.45928050242234e-08,3.5309306121849614e-10,9.581271179394897e-14,8.637420764046055e-05,520.8905004797435,6.0950630995798285,250.23390874909896,1.0444843014200582,9.999999999999998,3.0475315497899143,349.99673591928445,3.873265279572013e-08,1.1702153062455511,0.00488451594256346,2.971793655966321e-10,1.9366326397860065e-08
2,63,351.42378997520086,3.624440731839173,2.814305200451694,0.011462371761436035,0.06525824188766192,1.8122203659195866,418.00000000000006,6.520880856403146,7.923028952666551,0.03226967114920912,0.3305374573220186,3.260440428201573,520.7927090635704,6.101129967310266,256.1925814472602,1.0434456826498983,9.999999999999998,3.050564983655133,347.7151219757383,0.2859558072174835,68.75590977771387,0.2800356544632831,0.12578594806114163,0.14297790360874174
3,63,348.00000000000006,19.999999999999996,0.8078562652964516,0.003729351527021843,0.11716103359945695,9.999999999999998,418.00010999362814,19.999979254726966,0.00022419255455352909,1.034952480518695e-06,3.2513957370539526e-05,9.999989627363483,520.7655840565983,6.059646582000873,227.5797433384185,1.0505889473134449,9.999999999999998,3.0298232910004366,340.0000063939316,9.999999895761018,1.9479413395827553e-17,8.992389266989364e-20,1.4125211882456973e-18,4.999999947880509
4,63,353.54021439356507,6.160195540786714,38.53380840691722,0.1808470937951003,1.7499510840162282,3.080097770393357,418.00000000000006,6.917482034099305,36.06536047985955,0.16926215962304003,1.8391950722654817,3.4587410170496526,521.0401026362168,6.021677533149679,225.26464116874885,1.057213324464741,9.999999999999998,3.0108387665748393,347.93474418438484,9.999999999999998,53.76193563838426,0.25231582911113715,3.9633677755998296,4.999999999999999
5,63,352.1228765436379,7.298108399961063,161.98497886168238,0.872307915255106,9.999999999999998,3.6490541999805317,420.03971740491295,6.787763277754424,74.6487928205464,0.4019924149707967,4.286120963737666,3.393881638877212,520.9003750766932,6.040712420709302,195.70273381084866,1.053881939794163,9.999999999999998,3.020356210354651,346.5309174157753,6.414746896094199,92.14579733596081,0.49621581543241033,4.999999999999999,3.2073734480470995
6,63,352.15046060879087,7.291575792112685,303.14652308788243,0.8730894260966393,9.999999999999998,3.6457878960563423,419.34281424290015,6.906674920842361,146.6363161076331,0.4223258633193156,4.5818046740251575,3.4533374604211806,520.8032561345088,7.676548112046526,214.54164791382468,0.6178993654385604,7.450811949417977,3.838274056023263,346.5513424173608,6.255125263588371,176.68837601684461,0.508878516049391,4.999999999999999,3.1275626317941856
7,63,353.0377843826989,5.582159350714683,28.704730875342946,0.12190311358174405,1.06889957694977,2.7910796753573415,419.15965308719916,2.6902091501459333,4.128057159241559,0.0175310133698978,0.0740820417871008,1.3451045750729667,520.7209592370026,6.10814567267524,245.41969846788936,1.042247199858865,9.999999999999998,3.05407283633762,347.68959533203036,7.901120266686098,37.16937978926598,0.15785074404254412,1.9590935861569483,3.950560133343049
8,63,355.1163671503582,0.5477007115177417,5.603634242161254,0.021674176887073685,0.0186468636663038,0.27385035575887084,418.00000000000006,19.987438640218887,2.446025825477206e-15,9.460930910311505e-18,2.9703723361582314e-16,9.993719320109443,520.8744887085649,6.076410752675846,270.86953765507064,1.047690484201114,9.999999999999998,3.038205376337923,341.3174361984968,0.07392393918520436,8.796589536068576e-11,3.4024140293317384e-13,3.9508645302015396e-14,0.03696196959260218
9,63,348.00000000000006,0.009297184970371575,8.377656845674208e-05,3.282769942278652e-07,4.794151971597614e-09,0.004648592485185787,418.00000000000006,19.959141296419595,2.4601212517148014e-10,9.639941392037705e-13,3.0222899238164194e-11,9.979570648209798,520.773623582272,6.0914067406858345,266.71328136494486,1.0451112517498773,9.999999999999998,3.0457033703429173,349.9324736041194,9.999999999109612,3.1176847237513375e-08,1.2216592167912507e-10,1.9189778101599634e-09,4.999999999554806
10,63,348.00000000000057,0.00574307414400721,6.809352091008494e-05,2.629040757092643e-07,2.3717101872987277e-09,0.002871537072003605,418.00000000000006,19.960408516537285,2.370938443151503e-10,9.154018937916167e-13,2.870126965887339e-11,9.980204258268643,520.7698970349743,6.114455238789221,269.66887591518616,1.041171694788045,9.999999999999998,3.0572276193946104,340.0000000085195,0.002466191302019638,6.126694612690668e-05,2.365471725906617e-07,9.163563635337303e-10,0.001233095651009819
11,63,348.0000000000003,19.999999999774044,4.777076906314527e-08,1.8277917137142535e-10,5.742177020032124e-09,9.999999999887022,418.00000000000006,19.968929447697725,1.4446122201053397e-10,5.527334596494858e-13,1.733765732420491e-11,9.984464723848863,520.8316680948843,6.100529141258947,272.7395665008569,1.043548449038642,9.999999999999998,3.0502645706294733,340.0000019333209,6.775562976812921e-05,0.003429489913081485,1.3121817731490039e-05,1.3965589236935655e-09,3.3877814884064605e-05
12,63,348.0000000000022,19.999999999905505,3.202447499089967e-08,1.254906916448716e-10,3.942406349635679e-09,9.999999999952752,418.00000000000006,19.984262337160935,3.757279650494512e-11,1.4723227224731833e-13,4.62179856925308e-12,9.992131168580467,520.9322293345441,6.096380619508548,266.4885506925616,1.0442585725871254,9.999999999999998,3.048190309754274,349.9546368013402,8.771368149496084e-05,0.0016592850778288431,6.502052948937554e-06,8.958549925420473e-10,4.385684074748042e-05
13,63,348.00000000000006,19.99999999965298,5.439672406194638e-08,2.0547057224132023e-10,6.455048402710224e-09,9.99999999982649,423.99944630856953,19.96539355185265,1.3017096160664613e-10,4.916895719687479e-13,1.542015538284266e-11,9.982696775926325,520.9218714644961,6.0991395122510275,276.3342209852062,1.0437862112988823,9.999999999999998,3.0495697561255137,340.0000020543523,0.0061371864654002906,4.513830080630359e-05,1.7049910002135872e-07,1.6436573515813382e-09,0.0030685932327001453
14,63,348.00000000002933,19.999999999987413,2.233655011931679e-08,8.810328763208024e-11,2.767846411818776e-09,9.999999999993706,418.00000000000006,19.98404445134479,2.5493910634782498e-11,1.0055703900220261e-13,3.15657229721626e-12,9.992022225672395,520.9333214768586,6.092529027131333,264.9149687953724,1.044918734949932,9.999999999999998,3.0462645135656663,349.99777325286453,4.603948087968535e-08,1.2773109081131326,0.005038167923513117,3.6435348987133984e-10,2.3019740439842677e-08
15,63,348.0000000000006,0.00458524380495362,0.0001199276420528388,4.5264130987614064e-07,3.260141849281581e-09,0.00229262190247681,418.00000000000006,19.961439451106497,2.3009504347955556e-10,8.684446729195759e-13,2.7230391683641763e-11,9.980719725553248,520.9073137799678,6.086912690337168,277.1074224032573,1.0458828715880881,9.999999999999998,3.043456345168584,340.0000000076688,0.0013400794569413677,0.000140015093455567,5.284571114658876e-07,1.1123979330964192e-09,0.0006700397284706838
16,63,348.00000000000006,19.99999999953363,4.1651606773182085e-08,1.628502951227525e-10,5.1160929078063904e-09,9.999999999766816,418.00000000000006,0.007211180276975426,1.3110053453773527e-07,5.125795231978208e-10,5.806139721861112e-12,0.003605590138487713,520.9628391619174,6.065823398900335,268.4315570837257,1.0495191345052894,9.999999999999998,3.0329116994501675,340.00000224713716,9.999999997679028,2.851411652024027e-08,1.1148506985030594e-10,1.751203381726881e-09,4.999999998839514
17,63,348.0000000000004,19.99999999961956,4.6847866587473135e-08,1.8137460614542693e-10,5.6980513020337664e-09,9.99999999980978,418.00000000000006,19.961774128396556,2.0667016574806056e-10,8.001371811579526e-13,2.508900661788543e-11,9.980887064198278,520.8384327568308,6.094347738941878,269.815085565214,1.0446069040328725,9.999999999999998,3.047173869470939,340.00000213177907,7.246013600337164e-05,0.0036513758408724083,1.4136542456860707e-05,1.6090228948310414e-09,3.623006800168582e-05
18,63,348.00000000000045,19.99999999977923,3.7590724623091253e-08,1.469203468409864e-10,4.615638822934122e-09,9.999999999889615,423.999976243932,7.133034179690467e-05,4.675081327084915e-06,1.827218221973851e-08,2.0473146761717566e-12,3.5665170898452336e-05,520.854151805551,6.093684515639751,267.2999697146299,1.0447205967648379,9.999999999999998,3.0468422578198755,340.0000017229517,7.89099588516251e-05,0.0021761082591968024,8.505145442403491e-06,1.05422531001697e-09,3.945497942581255e-05
19,63,348.00000000000006,19.999999999633502,3.7063495663986085e-08,1.4677402253965768e-10,4.6110419093996165e-09,9.999999999816751,418.00000000000006,19.96151475052687,2.1391563921528155e-10,8.471208203460731e-13,2.6561874897364812e-11,9.980757375263435,520.8608226564718,6.0796371354077765,264.423253600957,1.047134488767283,9.999999999999998,3.0398185677038883,340.00000167681895,0.0020782287209648587,0.00010321887475859805,4.0875392833108836e-07,1.334366588247264e-09,0.0010391143604824293
20,63,348.00000000000006,19.999999999299447,6.533359798175578e-08,2.516328066887588e-10,7.905277768678948e-09,9.999999999649724,418.00000000000006,0.020909159311177206,9.755433510726236e-08,3.7573119965857487e-10,1.2340527034879344e-11,0.010454579655588603,520.9242510977709,6.075472722813836,272.06292426677436,1.0478522436238227,9.999999999999998,3.037736361406918,340.00000436625777,9.999999995636133,4.00198448295892e-08,1.541367104951153e-10,2.4211737856431867e-09,4.999999997818066
0,64,348.00000000000045,19.999999999393506,3.354503526674599e-08,1.296730657287404e-10,4.073799506495235e-09,9.999999999696753,418.00000000000006,19.95858688509276,2.493629545822449e-10,9.639476763916676e-13,3.0220603077401506e-11,9.97929344254638,520.8724319229544,6.0815328596170755,270.7980542799004,1.0468080779352495,9.999999999999998,3.0407664298085377,340.0000020543033,6.025503297557577e-05,0.003679867129841179,1.4225045477116139e-05,1.3463775734062414e-09,3.0127516487787886e-05
1,64,348.00000000000017,19.9999999905407,2.3324384155383722e-08,9.000455468588652e-11,2.8275764765706745e-09,9.99999999527035,418.00000000000006,19.96186344284492,2.33706778273227e-10,9.01831935429678e-13,2.82778618020198e-11,9.98093172142246,520.7952434986252,6.095458053993599,270.6571311420446,1.0444166241952615,9.999999999999998,3.0477290269967994,340.00000115069486,7.751166917024932e-05,0.0021317185522009012,8.22591403607108e-06,1.0015465354077977e-09,3.875583458512466e-05
2,64,348.00000000000006,19.99999999975249,2.5161175819633568e-08,9.963894829328453e-11,3.130249879657221e-09,9.999999999876245,418.00000000000006,19.96448732896076,2.0674956632104098e-10,8.187339691909999e-13,2.5675614649721546e-11,9.98224366448038,520.7929629624535,6.101986624183561,263.4575624235458,1.0432991934864497,9.999999999999998,3.0509933120917805,340.00000150046316,0.00010406302988386074,0.0015436505423964074,6.112898605347301e-06,9.992255626612395e-10,5.203151494193037e-05
3,64,359.93899013234244,0.004245391046666214,3.638271686304402e-05,1.4493462128184822e-07,9.665174885373229e-10,0.002122695523333107,418.00000000000006,19.96646246488366,2.0088511483705793e-10,8.00248319818126e-13,2.5098384834659405e-11,9.98323123244183,520.8079617786848,6.09280035005116,262.2926750039547,1.0448722029144377,9.999999999999998,3.04640017502558,349.85867366673375,9.999999999854573,1.416243484613289e-08,5.641764298636229e-11,8.862062636811496e-10,4.999999999927287
4,64,352.77733651126283,6.424269456297246,43.974891243314126,0.20903696523095672,2.109437766873057,3.212134728148623,418.00000000000006,8.063516405199866,36.789376674332935,0.17488024268645191,2.215057978176218,4.031758202599933,520.7499165879555,6.075777540738048,220.42453896951727,1.0477996735381603,9.999999999999998,3.037888770369024,347.2042948780387,8.468536639240302,47.732257453837455,0.22689780371634016,3.01827314754767,4.234268319620151
5,64,351.32580415148544,7.26341572430717,303.8766279234203,0.8764743703669888,9.999999999999998,3.631707862153585,418.00000000000006,8.156514702428376,270.60360436195657,0.7805046586602061,9.999999999999998,4.078257351214188,520.6436001576164,7.288483469697612,154.57316505553197,0.44583691231371064,5.104263339944257,3.644241734848806,345.55825237122207,6.283127656988614,175.64359647009556,0.5066105665221365,4.999999999999999,3.141563828494307
6,64,351.79870550209284,7.231489612740096,205.57823160978927,0.8803438938030342,9.999999999999998,3.615744806370048,418.1245566663359,7.266732421864828,122.86692967605924,0.5261508012966823,6.005778099466801,3.633366210932414,520.6089982088965,6.798562996420834,218.6692757387587,0.9364034321704978,9.999999999999998,3.399281498210417,346.2528131687032,6.2122604491112545,119.65345454120099,0.512389795616713,4.999999999999999,3.1061302245556273
7,64,351.82911732517005,6.225967033721048,20.895766016412438,0.08899661562954181,0.8703625288947853,3.112983516860524,418.91371353253083,0.09091604546987705,900.1865390894594,3.8339611647310505,0.5475302570105678,0.04545802273493853,520.7665746153419,6.099295106244362,245.0672522029902,1.043759584145748,9.999999999999998,3.049647553122181,347.8017401300461,6.352059288597845,15.769237826301817,0.06716235224379505,0.6701319404951668,3.1760296442989224
8,64,348.00000000000006,19.999999996331077,2.613921831067605e-07,1.0083416964568825e-09,3.1677988653160907e-08,9.999999998165539,418.00000000000006,19.99999999997971,5.904677806617424e-10,2.2777776924278375e-12,7.155849665034746e-11,9.999999999989855,520.796988950293,6.104154837019591,270.35814083014793,1.042928610700866,9.999999999999998,3.0520774185097954,340.0000099537542,0.048465414044601474,3.347643969336584e-05,1.2913810042268243e-07,9.831192459892474e-09,0.024232707022300737
9,64,348.0000000000001,19.999999882733817,2.5978072570676572e-08,9.97541834555771e-11,3.133870080714046e-09,9.999999941366909,418.00000000000006,19.968034299537347,1.786979726164976e-10,6.861891041003253e-13,2.1522811827988142e-11,9.984017149768674,520.899662490057,6.070879409210986,273.08907373349956,1.0486450635169524,9.999999999999998,3.035439704605493,340.0000010488887,6.706947138646058e-05,0.0021364867011034925,8.20397609377869e-06,8.643092215476972e-10,3.353473569323029e-05
10,64,348.00000000000074,0.00011647253624147424,0.007245860534562312,2.8047176942838434e-05,5.131360939037246e-09,5.823626812073712e-05,418.0040518180868,0.014748868623328804,1.3011148223281057e-07,5.036337295027791e-10,1.1667918643319633e-11,0.007374434311664402,520.9254178125075,6.07017207506689,270.9442487302307,1.048767258151518,9.999999999999998,3.035086037533445,340.0000004040778,0.005994510691602173,5.095471154291065e-05,1.9723479411429693e-07,1.8571934667958074e-09,0.0029972553458010864
11,64,348.00000000000006,19.999999999102602,6.788313998346308e-08,2.64186723948201e-10,8.299670710943825e-09,9.999999999551301,418.00000000000006,19.898926269005145,3.0237203009726244e-10,1.1767675458799154e-12,3.678241180624537e-11,9.949463134502572,520.9049990424865,6.069663156003587,269.50477622567075,1.0488551934515375,9.999999999999998,3.0348315780017936,340.0000030223078,0.0076881254541003585,5.532919194486115e-05,2.1532943175838575e-07,2.6004214087820463e-09,0.0038440627270501793
12,64,348.00000000000006,19.999999999618602,2.8372163402489764e-08,1.1014189344257106e-10,3.460209632850525e-09,9.999999999809301,418.00000000000006,19.960647750393605,2.260814599594291e-10,8.776574320027769e-13,2.7518169567010075e-11,9.980323875196802,520.8546191581111,6.08609830892255,269.4517905987655,1.046022821278227,9.999999999999998,3.043049154461275,340.0000017806062,9.999999998002039,2.0814190091603852e-08,8.080153334241946e-11,1.269227517483092e-09,4.9999999990010195
13,64,348.00000000001813,0.12101845646836296,3.718055497036843e-05,1.5060784343458424e-07,2.862985024278897e-08,0.06050922823418148,418.00000000000006,0.1229417542030724,9.639427891187325e-08,3.904657818561118e-10,7.540536794692418e-11,0.0614708771015362,520.8466334553593,6.085911117450031,258.2395734348417,1.0460549950231972,9.999999999999998,3.0429555587250157,340.0000000093501,0.060424326183273536,2.4441893673645328e-05,9.900715302875033e-08,9.397195576942047e-09,0.030212163091636768
14,64,348.00000000000006,19.999999999691575,5.647467493366172e-08,2.1555428448732908e-10,6.771837565847543e-09,9.999999999845787,423.9999502060545,0.00016368091916690863,4.538662280713082e-06,1.73233064483848e-08,4.453984694720505e-12,8.184045958345432e-05,520.8535672019359,6.109843416740539,272.99024163379113,1.0419575903095784,9.999999999999998,3.0549217083702693,340.0000022674526,6.145543252600305e-05,0.004244632521082309,1.6201044575613657e-05,1.563951113338204e-09,3.0727716263001525e-05
15,64,348.00000000000006,19.999999999745167,3.50552445597762e-08,1.3449276330997223e-10,4.22521477170216e-09,9.999999999872584,418.00000000000006,19.964956016509433,1.906660873688912e-10,7.31508488437899e-13,2.2940749614250687e-11,9.982478008254716,520.8767665016271,6.086015485349578,272.64727059842346,1.046037056428906,9.999999999999998,3.043007742674789,340.0000019253659,0.0021327707777984983,9.274587482594893e-05,3.558283260489767e-07,1.1920777340733114e-09,0.0010663853888992492
16,64,348.00000000000153,0.013861220894138881,0.0002189813507957884,8.643453754632662e-07,1.8819525717159215e-08,0.006930610447069441,418.00000000000006,0.0168929940561533,1.3015130425770647e-07,5.137226413886232e-10,1.3631863011754784e-11,0.00844649702807665,520.7478842820058,6.093925030797411,264.66885195203537,1.0446793637109733,9.999999999999998,3.0469625153987057,340.0000000871923,7.874333538993028e-05,0.010637978591758442,4.198936378211656e-05,5.193653572537652e-09,3.937166769496514e-05
17,64,359.96022603708326,19.999999999778474,4.932050471631098e-08,1.9049307139538484e-10,5.984516336488684e-09,9.999999999889237,418.00333584019376,19.999999999999755,2.3984978248169353e-11,9.263839046509704e-14,2.9103208692552805e-12,9.999999999999877,520.9174866835308,6.103069209234924,270.07237036132864,1.0431141292061268,9.999999999999998,3.051534604617462,349.98711099493676,4.770060028214118e-05,0.0062100913162810465,2.3985548714244138e-05,1.7971874601239567e-09,2.385030014107059e-05
18,64,348.00000000000006,19.999999998958312,5.626705040039657e-07,2.1882233541201928e-09,6.874506413359559e-08,9.999999999479156,418.00000000000006,0.013333569710123783,1.258478090310235e-07,4.894216292251261e-10,1.0250604354694223e-11,0.006666784855061891,520.7979662328011,6.107375274794795,268.0328455514347,1.0423786712352818,9.999999999999998,3.0536876373973976,340.00000438851276,9.999999995738326,1.6865276284780023e-07,6.558899245193948e-10,1.03026948377778e-08,4.999999997869163
19,64,348.00000000001427,0.10315545794219716,4.567864492764519e-05,1.731288005686645e-07,2.8053135451991743e-08,0.05157772897109858,418.00000000000006,0.10454226243696141,1.308689165871625e-07,4.960124932853182e-10,8.145249408795439e-11,0.052271131218480704,520.8107178624747,6.091290013503147,275.7495023802031,1.0451312791811345,9.999999999999998,3.0456450067515735,340.00000000930413,9.999999971793363,1.7318176806289847e-07,6.563844403130353e-10,1.0310462649008052e-08,4.9999999858966815
20,64,348.00000000000006,19.999999999251656,4.19007761798217e-08,1.591518055015025e-10,4.999901429503637e-09,9.999999999625828,418.00000000000006,19.963942470644056,1.8911293052045724e-10,7.183080381815266e-13,2.2525628283780654e-11,9.981971235322028,520.8231928451829,6.104340437238286,274.56923585052857,1.0428969008412636,9.999999999999998,3.052170218619143,340.0000019972352,9.999999998988685,2.4988860729135114e-08,9.491524179408099e-11,1.490925131519139e-09,4.999999999494342
0,65,348.0000000000949,0.010975744298850287,8.250773153956523e-05,3.2791688827234293e-07,5.6535031947983104e-09,0.005487872149425144,418.00000000000006,19.975206395066998,5.728302427798214e-11,2.276643742539132e-13,7.14342070717198e-12,9.987603197533499,521.0354482227298,6.05656153710466,264.4751374221543,1.0511240882593549,9.999999999999998,3.02828076855233,340.0000000085024,0.0050372551262665155,4.537127592956806e-05,1.8032258725517508e-07,1.4268028051574646e-09,0.0025186275631332578
1,65,348.0000000000133,19.999999999919407,1.9873641187633866e-08,7.842754576356412e-11,2.463874016088975e-09,9.999999999959703,418.00000000000006,19.975881663519754,1.2055964489040153e-10,4.757657128661651e-13,1.4928596302357944e-11,9.987940831759877,520.8579778444216,6.102211365054256,264.36362370002774,1.0432607693881821,9.999999999999998,3.051105682527128,349.99775880581524,5.806967006734146e-08,1.2061807788142744,0.004759963075535965,4.341830042462204e-10,2.903483503367073e-08
2,65,348.00000000000006,19.99999999983525,2.284738423457183e-08,9.305820904340371e-11,2.923509858845721e-09,9.999999999917625,418.00000000000006,0.0023149666054038676,1.1865683387322234e-07,4.832935069343478e-10,1.7574200138344786e-12,0.0011574833027019338,520.8638733321583,6.064841795721232,257.71662888506694,1.049689000654096,9.999999999999998,3.032420897860616,340.00000127044893,0.00034323643884270894,0.000423123810650918,1.72339833823137e-06,9.291780337297305e-10,0.00017161821942135447
3,65,351.2245503578879,0.09038580157843266,588.272101653582,2.4974980287079247,0.3545889886922659,0.04519290078921633,418.0000028780826,19.999988447762423,1.3161075090212833e-25,5.587509419720818e-28,1.7553668405645445e-26,9.999994223881211,520.8845074596505,6.081870724127572,246.5562619642116,1.0467499248907541,9.999999999999998,3.040935362063786,348.59398449566345,0.30660060490801444,1.2073260495852558,0.005125679800845851,0.0024685638048274924,0.15330030245400722
4,65,352.0334288474279,7.2382099983059405,300.2562520397772,0.8795265300627895,9.999999999999998,3.6191049991529702,419.28194747268964,7.4484087372530015,247.01408750293973,0.723566759333642,8.46568266669341,3.7242043686265007,520.799809474368,7.598665758469593,227.35254475974284,0.66597312607163,7.949026104422553,3.7993328792347967,346.43979206320074,6.2862271306954876,172.86344896415912,0.5063607781995205,4.999999999999999,3.1431135653477438
5,65,352.3206707481164,7.280392698466507,247.26671818885004,0.8744305406790414,9.999999999999998,3.6401963492332534,419.4650858873156,6.734246377471273,108.14998839329661,0.3824600961984492,4.045712416020582,3.3671231887356363,520.8026372711641,7.670312001793383,224.9329616669892,0.7954497585752027,9.583974759898183,3.8351560008966916,346.89053866572874,6.18130967584351,145.61629364008704,0.5149554105463154,4.999999999999999,3.090654837921755
6,65,353.0155302725157,5.527777844263344,60.12494243705646,0.2731791138424346,2.3720178331844117,2.763888922131672,418.00000000000006,8.938523680047886,92.75413455202653,0.42143062853941005,5.917138952011611,4.469261840023943,520.8467758565616,6.05985912693961,231.2196696645182,1.0505520987071049,9.999999999999998,3.029929563469805,347.944569387012,8.458800584501667,82.82253562707903,0.3763061713110987,4.999999999999999,4.229400292250833
7,65,353.52913691241343,5.47690347845047,34.13921086361992,0.14075564403957766,1.210934862398182,2.738451739225235,418.00000000000006,8.332293591578733,62.340953570906514,0.2570311629336801,3.3641102659811004,4.166146795789366,520.7744046631635,6.089159595160755,253.57733065800213,1.0454969399611778,9.999999999999998,3.0445797975803774,348.1873722889535,8.843347457894776,42.6767499799581,0.17595583720262034,2.444219726070792,4.421673728947388
8,65,353.61370116840806,7.260288065962577,82.3250082570415,0.33258825853178736,3.7929807855596773,3.6301440329812884,418.00000000000017,5.632564145632453,27.536597136054528,0.11124625531499341,0.9842636000650457,2.8162820728162266,520.8650637857917,6.065526757753689,259.7983986647756,1.049570462373737,9.999999999999998,3.0327633788768447,347.5559258194797,9.999999999975055,78.79070693633194,0.3183098861845748,4.999999999999844,4.999999999987527
9,65,353.38717139854174,4.367570476146324,4.714455190364001,0.018993595852792578,0.13030677349841058,2.183785238073162,418.00000000000006,19.999999999999677,4.691218880300523e-14,1.8899981412812758e-16,5.937604275947524e-15,9.999999999999838,520.7425280815697,6.115604164291129,258.3836772355154,1.040976092083901,9.999999999999998,3.0578020821455647,347.43649069033376,5.810515417759382,5.086702199089615,0.02049330450536318,0.18704518294555303,2.905257708879691
10,65,348.00000000000006,1.3180448682703627e-05,2.0727087806778473e-05,8.055983161365258e-08,1.6678946720773636e-12,6.5902243413518136e-06,418.00000000000006,6.086149934719787e-10,2.8290287292953933e-06,1.0995566776519819e-08,1.0511873951109936e-17,3.0430749673598934e-10,520.747971768521,6.103569836183843,268.3588624897015,1.043028570908623,9.999999999999998,3.0517849180919217,340.0000222047262,1.1207032413087896e-12,12.438573778580523,0.04834492035049595,8.510623026382004e-14,5.603516206543948e-13
11,65,348.00000000000057,0.008761229896883549,8.082127509981587e-05,3.189698503417139e-07,4.389697446287804e-09,0.0043806149484417745,418.00000000000006,19.96934619322502,1.1768277819051245e-10,4.644477348429063e-13,1.456869234715191e-11,9.98467309661251,520.9146046229707,6.082393012305037,265.20500001076596,1.0466600416639673,9.999999999999998,3.0411965061525184,340.00000014331744,5.5208971446063515e-05,0.003583354997716296,1.414209570352848e-05,1.2264315243931633e-09,2.7604485723031758e-05
12,65,348.00000000012056,19.99999999363437,3.511159204406489e-07,1.3545428488359493e-09,4.255421861521186e-08,9.999999996817184,418.00000000000006,19.999533395782652,1.194407052894288e-10,4.607810235624613e-13,1.4475525060442869e-11,9.999766697891326,520.8001883337963,6.093993656858411,270.7920432335427,1.044667599302643,9.999999999999998,3.0469968284292057,349.9900225980357,2.8719584863911066e-07,6.411482909162894,0.024734362127873145,1.1158318403217953e-08,1.4359792431955533e-07
13,65,348.0000000000007,0.007523646961381303,5.8771932316701505e-05,2.2339184323912556e-07,2.6400709427117425e-09,0.0037618234806906514,418.00000000000006,19.99999999999748,5.345914352072362e-11,2.0319795756801576e-13,6.383652107200484e-12,9.99999999999874,520.7933054782302,6.081729125782327,275.39478245581233,1.0467742959296782,9.999999999999998,3.0408645628911635,340.00000001076467,0.0017586073288100579,0.00010162510734685271,3.8627656356869566e-07,1.0670557609499482e-09,0.0008793036644050289
14,65,348.00000000000085,19.999999999544958,3.4969262141537205e-08,1.3310853529443712e-10,4.18172796601587e-09,9.999999999772479,418.00000000000006,19.958820210346953,2.6172863239896676e-10,9.9625536170124e-13,3.1233842414037126e-11,9.979410105173477,520.819158615393,6.078758040126327,275.1349933447501,1.0472859228237208,9.999999999999998,3.0393790200631634,340.0000017248861,8.070977684759839e-05,0.0029317779771528252,1.1159648458345928e-05,1.4148048424903296e-09,4.0354888423799196e-05
15,65,348.0000000000026,0.00014436922700866717,0.007478168182608132,2.905622774087641e-05,6.58921591947673e-09,7.218461350433358e-05,418.00000000000006,19.9591265394729,1.7644162405227817e-10,6.855593356881501e-13,2.1493466155518917e-11,9.97956326973645,520.8625770651082,6.085995616262739,269.2182426802191,1.0460404714496228,9.999999999999998,3.0429978081313696,340.0000007088891,0.008346085061562647,3.732527229422662e-05,1.4502637354339701e-07,1.9012957220315006e-09,0.0041730425307813235
16,65,348.0000000000028,19.99999999972614,6.815983520762728e-08,2.783424725428145e-10,8.74438666910551e-09,9.99999999986307,418.00000000000006,19.975068277931996,5.313297071013419e-11,2.169776730820022e-13,6.808057215190115e-12,9.987534138965998,520.8304464101728,6.11160198153998,255.07865062528128,1.0416577753107672,9.999999999999998,3.05580099076999,340.0000024484039,0.0031525295055487845,8.64404688070622e-05,3.5299460073849086e-07,1.7480228268577314e-09,0.0015762647527743923
17,65,359.8711257373772,19.999999999588162,6.513195824034466e-08,2.456001043096557e-10,7.71575483404213e-09,9.999999999794081,418.00000000000006,19.959033149504226,2.5060525046283383e-10,9.449842645157e-13,2.9626745947718516e-11,9.979516574752113,520.8281916413555,6.08909589765231,277.26362561635085,1.0455078768147406,9.999999999999998,3.044547948826155,340.0000077133548,7.970919523536679e-05,0.005585443764263392,2.1061635611457486e-05,2.6370623373609e-09,3.9854597617683396e-05
18,65,348.00000000000057,19.999999996492466,1.0696204214638e-08,4.1320739844623705e-11,1.2981293271399871e-09,9.999999998246233,418.00000000000006,0.00010302218996116608,2.2426729200233443e-07,8.663718682375909e-10,1.4020225425082728e-13,5.151109498058304e-05,520.8744786582326,6.057185764278046,272.0638421944947,1.0510157639906224,9.999999999999998,3.028592882139023,349.9982105911075,3.479373190980856e-08,1.728125970313301,0.006675961135851454,3.6486708720538795e-10,1.739686595490428e-08
19,65,348.00000000000006,19.99999999972761,4.6911537929408805e-08,1.8689563199214836e-10,5.871499444465581e-09,9.999999999863805,418.00000000000006,19.96753789288926,1.2575300106241801e-10,5.010001301563832e-13,1.571383660616799e-11,9.98376894644463,520.9051489889904,6.066390022173939,263.40882058865844,1.0494211055349247,9.999999999999998,3.0331950110869697,340.00000205643227,0.003871875994008178,5.992919940169779e-05,2.3875801330193013e-07,1.4521091870000233e-09,0.001935937997004089
20,65,348.0000000000004,19.99999999981171,2.7090885016094318e-08,1.051039053015005e-10,3.3019365675568266e-09,9.999999999905855,418.00000000000006,19.964950581365034,1.961827166382633e-10,7.611257313701392e-13,2.3869565905088068e-11,9.982475290682517,520.7129544135577,6.11848896949204,268.18858031313073,1.0404852824641666,9.999999999999998,3.05924448474602,340.00000154882247,0.00010292715593429591,0.001540754889284987,5.9776325461507535e-06,9.66449274592012e-10,5.1463577967147955e-05
0,66,348.000000000008,19.999999999659003,1.4285139048232435e-08,5.6420890767235545e-11,1.7725145594031728e-09,9.999999999829502,418.00000000000006,3.4212028250379944e-05,3.9067113628824127e-07,1.5430030769744597e-09,8.292118333609204e-14,1.7106014125189972e-05,520.8159372994302,6.100072156596826,264.2345993719513,1.0436266260869045,9.999999999999998,3.050036078298413,349.9981080379412,4.365774664016626e-08,1.0745026489379037,0.004243878647602807,2.9103428264505106e-10,2.182887332008313e-08
1,66,348.00000000000045,19.99999999978409,3.821602441134543e-08,1.5296319036295998e-10,4.805480351087444e-09,9.999999999892045,418.00000000000006,19.99999999999989,2.5945819765688967e-11,1.0385055560001951e-13,3.2625614254423783e-12,9.999999999999945,520.8707813425009,6.111144281470721,260.26523332319846,1.041735791278636,9.999999999999998,3.0555721407353604,340.0000016989129,6.479652023649862e-05,0.0028676144162208556,1.1477893281482662e-05,1.1682444947005792e-09,3.239826011824931e-05
2,66,348.00000000000716,19.99999999373995,9.763137444244552e-07,3.786786689031476e-09,1.1896541239249256e-07,9.999999996869976,418.00000000000006,19.99999999995261,1.0084241551005011e-09,3.911331976262955e-12,1.2287811802349431e-10,9.999999999976305,520.9899584034665,6.025587753853532,272.39508604131197,1.056527260698253,9.999999999999998,3.012793876926766,340.00000629595263,5.0248906790173464e-05,0.10410079926333432,0.0004037713524153249,3.186999514106377e-08,2.5124453395086732e-05
3,66,352.7960437655747,8.045713685945946,137.68747932097887,0.5830643184342796,7.368870352812054,4.022856842972973,419.4997156320669,6.910432775679467,89.2339854711954,0.3778786072381056,4.101827850829864,3.4552163878397333,520.8664341544896,6.026744422467369,249.44530417368225,1.0563244892122818,9.999999999999998,3.0133722112336847,347.18781848193436,8.38774282935971,89.61547380644811,0.3794940935356375,4.999999999999999,4.193871414679855
4,66,352.5288652852665,7.190252001661353,294.31392706335055,0.8853928516281296,9.999999999999998,3.5951260008306765,419.54856808714754,6.876810393002132,121.66825205626024,0.3660180193155279,3.9537517188544875,3.438405196501066,520.867157225123,7.689051789229751,235.53079324651404,0.7085538994350044,8.557867450385636,3.8445258946148755,346.85858804711467,6.220877228045781,170.08785301561463,0.5116800645875857,4.999999999999999,3.1104386140228906
5,66,353.50849828065446,6.033002777517955,56.89232175444874,0.2455820764679213,2.327287674288772,3.0165013887589773,419.6514893051761,5.037459117746594,15.251279766292836,0.06583385663121598,0.5209316074334183,2.518729558873297,520.9170562448071,6.063979521863733,243.20885736550207,1.0498382622702516,9.999999999999998,3.0319897609318667,348.1183487762567,9.412800505093864,71.0450068331953,0.30667372613263844,4.534352732251572,4.706400252546932
6,66,353.2961181483064,4.535148953836397,22.44015900821251,0.09084591635302555,0.647167713589087,2.2675744769181985,418.08113199021545,5.917194196284131,2.7870551011422324e-27,1.1283011608651193e-29,1.0487228594711036e-28,2.9585970981420653,520.9422070274005,6.040582263285146,260.3285742406868,1.05390464796246,9.999999999999998,3.020291131642573,348.92749680169743,6.13773691946054,25.175416093490156,0.10191923077482683,0.9826170230359761,3.06886845973027
7,66,354.66104568883645,5.277849358964617,21.009394314574223,0.08532908821077313,0.707414524433325,2.6389246794823085,418.00000000000006,2.9450727363569267,2.589113136925946,0.010515613155738082,0.048646377249431313,1.4725363681784633,520.8686071934299,6.105027015687678,256.74911783757227,1.0427796154410165,9.999999999999998,3.052513507843839,349.37847474147935,7.838209923778805,32.85875067500816,0.133454929393113,1.643127966409304,3.9191049618894027
8,66,353.6526640775376,7.524014328954582,81.272148885363,0.34029778169158054,4.021875374741807,3.762007164477291,418.19027891817603,5.941726113697212,31.55447576432599,0.13212297511890644,1.2331356416465427,2.970863056848606,520.8032018838679,6.057613009155457,250.99277654342703,1.050941635600353,9.999999999999998,3.0288065045777284,348.0502161721949,9.803036918929184,77.54827003954567,0.32470538346045585,4.999999999999999,4.901518459464592
9,66,352.12085399108236,9.472516569966915,166.50452610110392,0.6558530707504878,9.758696399018792,4.736258284983458,418.0187713701638,6.506869878576496,77.38508482479435,0.3048160113185768,3.115514485483926,3.253434939288248,520.9490520549671,6.024779349438025,268.2615713389358,1.0566690254423399,9.999999999999998,3.0123896747190124,345.94997431979556,9.999999999999998,80.81083876253082,0.3183098861837907,4.999999999999999,4.999999999999999
10,66,352.6705571396919,8.869226202847372,144.6561542927224,0.5775767010167716,8.046653015128618,4.434613101423686,418.35433338526286,6.320546594069135,50.396541211755476,0.20122108290560237,1.9977815415377345,3.1602732970345677,520.8060894485851,6.066983990261209,262.8055444460044,1.0493183654176286,9.999999999999998,3.0334919951306043,346.86728259294824,9.88594741561583,80.64158970678005,0.32198217611494545,4.999999999999999,4.942973707807915
11,66,353.48656254975,4.986944536943903,16.166940272237106,0.06614190538719947,0.5181209067809212,2.4934722684719515,418.0104751823833,19.819325006208317,2.7273953134190353e-20,1.115827235926881e-22,3.4738070665585415e-21,9.909662503104158,520.831025064884,6.079266989603561,255.96467752768658,1.0471982452099808,9.999999999999998,3.0396334948017807,349.3550858707872,5.1517243970071425,15.375389830060836,0.06290352795931192,0.5090348332107669,2.5758621985035712
12,66,348.00000000000074,0.001219339402496189,0.0004379695014293233,1.7214646995066817e-06,3.2971796183904525e-09,0.0006096697012480945,418.00000000000006,19.970584535470092,1.1308250863782288e-10,4.444774033725398e-13,1.3943132060045898e-11,9.985292267735046,520.8869615782195,6.087723832109733,266.05469539297286,1.0457435158436834,9.999999999999998,3.0438619160548663,340.00000000893715,0.0022943243467192787,6.615398538974626e-05,2.6002210247168647e-07,9.370978820957287e-10,0.0011471621733596393
13,66,348.0000000000013,19.99999999982039,4.654906097963351e-08,1.7531938265568065e-10,5.507820845780378e-09,9.999999999910195,423.99996060380266,0.000128560582129289,2.8707252562110667e-06,1.0812114554001415e-08,2.183425337138906e-12,6.42802910646445e-05,520.8544388463529,6.093305017069943,277.4011111197493,1.0447856632552253,9.999999999999998,3.0466525085349714,340.0000020153361,8.122843635405275e-05,0.00253751577193153,9.557135831563479e-06,1.2194267808147066e-09,4.061421817702637e-05
14,66,348.0000000005042,4.501952759824203,3.565284514202762e-05,1.3804464523996014e-07,9.762035340274625e-07,2.2509763799121014,418.00000000000006,4.502947789523196,1.2173880717985182e-07,4.713618333160273e-10,3.3340430466091054e-09,2.251473894761598,520.8492234302745,6.1101572953120336,269.09297508167487,1.0419040649837645,9.999999999999998,3.0550786476560168,340.0000000094546,2.2498925702865247,2.5985529931746643e-05,1.006136606071805e-07,3.5558105056580055e-07,1.1249462851432623
15,66,348.00000000000006,19.999999997083233,2.0025033722322062e-07,7.761296376979695e-10,2.4382831676696537e-08,9.999999998541616,418.00000000000006,0.08496317501436579,1.0355906056830465e-07,4.0137388667478464e-10,5.356729599038531e-11,0.042481587507182894,520.9294278248763,6.073203621486924,270.45889467230614,1.0482437475259812,9.999999999999998,3.036601810743462,340.0000172879135,9.999999990319003,1.2856612420449878e-07,4.982961865769035e-10,7.827218187731517e-09,4.999999995159501
16,66,348.0000025168447,19.999999997738826,2.2353873489515396e-12,8.909733792067955e-15,2.799075422343682e-13,9.999999998869413,418.00000000000006,8.014567572508732,2.466527817462566e-15,9.831005912523064e-18,1.2376502366337947e-16,4.007283786254366,520.8991463254837,6.1013817905719625,261.7821208691855,1.0434026163570114,9.999999999999998,3.0506908952859813,349.8590547136177,9.823769029395887,3.4611313483041475e-13,1.3795264139449914e-15,2.1287665650323893e-14,4.9118845146979435
17,66,348.0000000000008,0.007464667099878142,9.186794857158609e-05,3.6397116313648595e-07,4.267733558863716e-09,0.003732333549939071,418.00000000000006,19.970790224851036,1.0756952271927134e-10,4.26179150736792e-13,1.3369258679976016e-11,9.985395112425518,520.8704608007712,6.088852883720728,263.9013938799503,1.0455496043756614,9.999999999999998,3.044426441860364,340.0000000092294,0.0022805185723289156,8.080058250895329e-05,3.201234212275128e-07,1.1467557861606746e-09,0.0011402592861644578
18,66,348.00000000000034,0.004881926352755528,6.803492878697454e-05,2.6038171429220194e-07,1.9967402960974905e-09,0.002440963176377764,418.00000000000006,19.96189974542466,2.266111651808011e-10,8.672810381309177e-13,2.719453256987594e-11,9.98094987271233,520.8395143455607,6.074922470360005,273.8172697792033,1.0479471556611564,9.999999999999998,3.0374612351800026,340.00000000775043,0.0018203624657093798,7.883720491877907e-05,3.017239369946603e-07,8.627550600077949e-10,0.0009101812328546899
19,66,359.88203264419906,19.999999999601908,4.926508856435879e-08,1.9542574512775831e-10,6.139480852034565e-09,9.999999999800954,418.00000000000006,19.964977773499303,1.31694974685365e-10,5.224102768808998e-13,1.6383263635978618e-11,9.982488886749652,520.9303774903893,6.081064728270607,263.9113013053186,1.0468886631118453,9.999999999999998,3.0405323641353035,340.0000026384245,6.627299400285835e-05,0.004743226211901727,1.881552522856962e-05,1.958722057903088e-09,3.313649700142918e-05
20,66,359.9296066207972,0.021962088984540884,5.162484403394408e-05,1.9995126998665374e-07,6.8979126546564505e-09,0.010981044492270442,418.00000000000006,19.94425698272616,3.455475313589658e-10,1.3383608033866182e-12,4.192865656541117e-11,9.97212849136308,520.8398381393716,6.078581867357303,270.40358082134935,1.0473162758345067,9.999999999999998,3.0392909336786516,340.00000046240035,6.984095035278415e-05,0.006889046545293319,2.6682378058573115e-05,2.9272145198264945e-09,3.4920475176392074e-05
0,67,348.00000000000006,19.999999999799005,4.830280303234626e-08,1.8831620931447073e-10,5.916128197282734e-09,9.999999999899503,418.00000000000006,19.97104750360364,1.1092322658405426e-10,4.3245195400463656e-13,1.3566211561940188e-11,9.98552375180182,520.8609986857044,6.1102405773356345,267.2430645339678,1.0418898639260759,9.999999999999998,3.0551202886678173,340.00000226649456,9.999999999063128,2.446663141371291e-08,9.538707887075103e-11,1.498336730998333e-09,4.999999999531564
1,67,348.00000000000017,0.002821692298685008,4.6033061765025716e-05,1.7695734547357683e-07,7.843287321434771e-10,0.001410846149342504,418.00000000000006,0.0034474381387852304,7.970494757495411e-08,3.0639665065013094e-10,1.6592062403575843e-12,0.0017237190693926152,520.7865736793923,6.079177250026839,272.4184914523153,1.0472137037372462,9.999999999999998,3.0395886250134194,340.00000000571526,0.0015424459654909128,4.297354674672274e-05,1.6519615394477924e-07,4.002485505894978e-10,0.0007712229827454564
2,67,359.7959467733795,19.99999999991478,2.3895286247216917e-08,9.032951617858776e-11,2.8377854442776247e-09,9.99999999995739,418.00000000000006,19.968456188166755,1.7678292850533238e-10,6.682789331465079e-13,2.0961489380675107e-11,9.984228094083377,520.9331856133371,6.063386648499233,277.74574424727194,1.0499409146621927,9.999999999999998,3.0316933242496167,340.00000144345427,9.999999999088756,2.1328347358304594e-08,8.062591415865138e-11,1.2664688979334962e-09,4.999999999544378
3,67,354.39248326923433,5.837786161568123,47.58127175793395,0.19335214367256437,1.7730339484170052,2.9188930807840614,418.9505522703079,2.954448446760534,6.433454621788377,0.026143106234556065,0.12132588863982481,1.477224223380267,520.9318414817949,6.06869235206636,258.1499560751396,1.0490229779909923,9.999999999999998,3.03434617603318,349.1640638582579,8.027424110388605,60.15815775207383,0.2444598122540985,3.0825033655670864,4.013712055194302
4,67,353.6846883116841,5.6040728509911135,40.52913103805516,0.16472465445146656,1.4500475856526582,2.8020364254955568,418.95765340014657,0.4177975019017631,59.59984912831919,0.2422347655024638,0.15897256776098592,0.20889875095088156,521.0266684036072,6.081850227862221,257.5449800314862,1.0467534525120228,9.999999999999998,3.0409251139311104,348.70056201786076,7.6061805045163355,48.47529273796956,0.19702065258191867,2.3539555503946956,3.8030902522581678
5,67,353.26318096623635,1.6320072610645517,8.562015852608981,0.03294180647054954,0.08444800128117694,0.8160036305322759,421.44538340888505,14.622765757732477,2.482095923028764e-19,9.549704759404127e-22,2.19350861869933e-20,7.3113828788662385,520.8283603283395,6.100263857204529,271.24398673860514,1.0435938301516599,9.999999999999998,3.0501319286022643,349.5584789021076,4.217662334869854,7.939333742205373,0.030546077015395752,0.20237046365484362,2.108831167434927
6,67,348.0000000000009,0.0063058080877311795,0.0001282552174251742,5.029129263349679e-07,4.981423034527613e-09,0.0031529040438655898,418.00000000000006,0.008364705494230407,1.2785730832586883e-07,5.013526496182432e-10,6.5873971322199e-12,0.004182352747115203,520.8228599285292,6.09809687189028,266.23677671366386,1.0439646757698073,9.999999999999998,3.04904843594514,340.0000000077791,0.0026710149795334814,9.88024899872878e-05,3.874232204056535e-07,1.6254808129413638e-09,0.0013355074897667407
7,67,354.0552430084436,18.528762049105943,1.9497239124812933e-11,7.732349749232572e-14,2.2504935410845267e-12,9.264381024552971,418.0002830568882,19.998627595052326,3.743414366788218e-07,1.484589123363188e-09,4.663654240487974e-08,9.999313797526163,520.8559232414965,6.113712051140424,262.56496204197975,1.0412982604387282,9.999999999999998,3.056856025570212,345.73754314583823,0.36590925601021784,30.616230939169075,0.12141996315963112,0.06978842051873274,0.18295462800510892
8,67,348.00000000000034,0.006035625730088867,8.885221220047675e-05,3.559689917210564e-07,3.37484900532569e-09,0.0030178128650444336,418.00000000000006,19.96142583791809,2.1820235174571209e-10,8.74185000220711e-13,2.7410362995214342e-11,9.980712918959044,520.9169567252171,6.074338745428797,261.59967027389143,1.0480478601010936,9.999999999999998,3.0371693727143985,340.0000000075274,0.0026662579418648136,6.84228390285695e-05,2.741227079944481e-07,1.148066520958885e-09,0.0013331289709324068
9,67,354.2096409854419,5.557792055514488,23.173368103279195,0.09290317785346154,0.8110595464004654,2.778896027757244,418.000000222429,19.949543768951763,6.506237895598615e-14,2.608382923353276e-16,8.173803509448203e-15,9.974771884475881,520.8617040638026,6.077405873796922,261.2886062505931,1.0475189342090896,9.999999999999998,3.038702936898461,349.3544068607916,6.975538396961886,29.08420045433732,0.11659999683657003,1.2776036659909227,3.487769198480943
10,67,353.2634024472489,7.834771340633128,88.44509485171305,0.3809115816287436,4.687814096570289,3.917385670316564,418.58613147247326,6.210524280620299,33.26006337986317,0.14324302968227923,1.3974028964933718,3.1052621403101495,520.8979239464801,6.04268883240467,244.62422711063525,1.0535372414902926,9.999999999999998,3.021344416202335,347.72729597936296,9.93716096473186,74.3767807799089,0.32032276352723826,4.999999999999999,4.96858048236593
11,67,351.8595325863731,8.829096169752397,160.76220894870042,0.650958138686361,9.027950840374453,4.414548084876198,418.15876329544005,7.13295838193919,117.09667993354803,0.47414773232071333,5.312552622983403,3.566479190969595,520.9166016046544,6.028733164636643,260.78641524273326,1.0559760317505293,9.999999999999998,3.0143665823183214,346.13903205334856,9.145219791997292,85.95811507102127,0.3480614937897218,4.999999999999999,4.572609895998646
12,67,351.84239596312557,8.100036600731233,195.36133890033037,0.7859467848702192,9.999999999999998,4.0500183003656165,418.6294826828019,6.999105008630162,104.77566482489696,0.4215168536686776,4.6342272888612275,3.499552504315081,520.8796181568372,6.032086376370878,262.3360967872254,1.055389019065398,9.999999999999998,3.016043188185439,345.9695652289855,6.951978856266521,113.81176699308621,0.4578694681973403,4.999999999999999,3.4759894281332606
13,67,353.13211424153076,6.146112399118245,30.29308026380843,0.11876474243761624,1.1465893579762287,3.0730561995591223,418.0000000002864,4.582344338581538,5.867599713751807,0.02300406438242985,0.1655816372073469,2.291172169290769,520.9133983320709,6.053414857688671,268.2474418009313,1.0516704824203258,9.999999999999998,3.0267074288443356,347.8570878817715,8.2971740596994,30.166879076274572,0.11826996767710149,1.5414326579937434,4.1485870298497
14,67,353.5027191046128,1.284466730677121,5.289333242888058,0.020983667720762995,0.04233739548281112,0.6422333653385605,418.00000000000006,1.228350649995491e-05,3.5159800087222344e-07,1.3948479482753997e-09,2.6913433391127485e-14,6.141753249977455e-06,520.8152144460066,6.092309145120157,263.4011818475646,1.0449564478806916,9.999999999999998,3.0461545725600785,340.27774421970764,5.254053941176055e-06,0.06561944571675665,0.0002603232925043001,2.1484607929714295e-09,2.6270269705880274e-06
15,67,348.00000000005946,8.618754153744135e-05,0.014115960449916394,5.429244892302464e-05,7.350278611863116e-09,4.3093770768720674e-05,418.00000000000006,19.987211581922775,1.4726107160455865e-10,5.663917972005743e-13,1.778234541288629e-11,9.993605790961388,520.8305779967309,6.098152162525185,271.4268881462803,1.0439552103664846,9.999999999999998,3.0490760812625926,349.99186367265224,1.1260500444739384e-07,4.101373073718946,0.01577459705339946,2.790203271173716e-09,5.630250222369692e-08
16,67,348.00000000000034,0.004231529128592371,0.00011035823340613116,4.2408082145912376e-07,2.8188102644187443e-09,0.0021157645642961853,418.00000000000006,19.96223656227082,2.35900048885848e-10,9.06508589582043e-13,2.842503437125214e-11,9.98111828113541,520.8011262824056,6.091472675915914,271.9655716428395,1.045099939271843,9.999999999999998,3.045736337957957,340.0000000850549,7.687482435514426e-05,0.002293989956463108,8.815265659207322e-06,1.0644846871080422e-09,3.843741217757213e-05
17,67,348.0000000000405,19.99999999984375,5.621047340623808e-08,2.2419855867514804e-10,7.043405448737626e-09,9.999999999921876,423.99997489114963,8.375796817738923e-05,2.8602959858669417e-06,1.140844754644093e-08,1.5009718956647239e-12,4.1878984088694615e-05,520.9191863542273,6.097575340322072,261.7624667099737,1.044053967087113,9.999999999999998,3.048787670161036,340.000001930769,6.435065110288463e-05,0.003286800355228777,1.3109583635235453e-05,1.3251398703463859e-09,3.217532555144231e-05
18,67,348.0000000000017,0.006884788436064326,0.00019084022926831682,7.403214232349562e-07,8.006280349576938e-09,0.003442394218032163,418.00000000000006,19.960523709007266,1.902766957040055e-10,7.381353224742772e-13,2.314343387405259e-11,9.980261854503633,520.7354204568383,6.114265747605294,268.40180044288024,1.0412039624167777,9.999999999999998,3.057132873802647,340.0000000350985,9.112879241612859e-05,0.003578731249951452,1.3882876909639754e-05,1.987261255383607e-09,4.5564396208064295e-05
19,67,348.00000000000665,19.999999997053422,1.0358146038829606e-07,4.1406222623378915e-10,1.3008148478734592e-08,9.999999998526711,418.00000000000006,19.91772239503978,4.758445152521525e-10,1.9021670344079e-12,5.951250115815905e-11,9.95886119751989,520.7324027826899,6.100095725644205,261.0717556733873,1.0436225938083137,9.999999999999998,3.0500478628221024,340.0000034372002,8.239426492373525e-05,0.009948619371162147,3.9769158200065825e-05,5.147107738020711e-09,4.1197132461867625e-05
20,67,348.00000000000057,0.0061480467287182705,8.141132218508713e-05,3.0541861545169636e-07,2.9495281188553373e-09,0.0030740233643591353,418.00000000000006,19.965726830030757,2.2117494701735282e-10,8.297487901875169e-13,2.6022656539274157e-11,9.982863415015379,520.8059304000839,6.098027240260314,278.2787647897055,1.043976596504028,9.999999999999998,3.049013620130157,340.0000000086811,0.002899148464161172,6.419205524002298e-05,2.4081968095093706e-07,1.0966860259023989e-09,0.001449574232080586
0,68,348.0000000000002,0.003683413872739294,5.0469805830823484e-05,1.9675492996966542e-07,1.1384029683603013e-09,0.001841706936369647,418.0012670730191,0.004512157654460225,9.14708212270056e-08,3.565960821231402e-10,2.5274391580998752e-12,0.0022560788272301124,520.8365764609786,6.067646955080328,269.13230462406574,1.0492037145215765,9.999999999999998,3.033823477540164,340.0000000057959,0.0008079259097488745,0.00010793269203738314,4.207721609716025e-07,5.339965010601252e-10,0.00040396295487443723
1,68,348.0000000000122,19.999999994231363,6.899317950737969e-07,2.8226688623345382e-09,8.867675758869125e-08,9.999999997115681,418.00000000000006,0.13241146703077789,1.2719546981413e-07,5.203857752866058e-10,1.0823578989919077e-10,0.06620573351538894,520.9248514562432,6.0621964613164385,256.6825489889888,1.0501470488954359,9.999999999999998,3.0310982306582193,340.00000680115284,6.799233876719768e-05,0.052921727269462364,0.0002165148972276222,2.312424916633823e-08,3.399616938359884e-05
2,68,348.00000000000006,19.999999999317446,4.4203789428714105e-08,1.6478307517517834e-10,5.1768129838860756e-09,9.999999999658723,423.99992590928593,0.0002095925523641906,7.80912108280891e-06,2.9110874951473686e-08,9.58409218102516e-12,0.0001047962761820953,520.8424816845597,6.080435932636871,280.86156028285177,1.0469969249252524,9.999999999999998,3.0402179663184357,340.0000024136152,9.999999987543417,3.223549850397666e-08,1.2016762910918288e-10,1.887588701692269e-09,4.999999993771708
3,68,348.0000002132346,19.999999998065675,3.9706474445451667e-11,1.5918852413474526e-13,5.0010549790914886e-12,9.999999999032838,420.2862899686252,6.997444363219216,4.361692728073315e-13,1.7486604837332182e-15,1.922050645643173e-14,3.498722181609608,520.8328586727861,6.077184428584916,261.29270075891134,1.0475571045254906,9.999999999999998,3.038592214292458,349.8127458175483,9.484450087279384,1.3704535867337473e-11,5.49433025505752e-14,8.185529782294222e-13,4.742225043639692
4,68,348.00000000000006,19.999999992149206,2.729543023415919e-07,1.01942989122758e-09,3.2026334558732465e-08,9.999999996074603,418.00000000000006,19.82592684241552,1.1224913743217815e-09,4.192281454485745e-12,1.3055809609925056e-10,9.91296342120776,520.7289933754689,6.1064358444645706,279.14181937684,1.0425390335422444,9.999999999999998,3.0532179222322853,340.0000101357023,9.999999960949491,2.1432661916269388e-07,8.004671851142573e-10,1.2573709091872284e-08,4.999999980474746
5,68,348.00000000000006,0.427983627226034,4.4053970166150974e-05,1.7612552073904686e-07,1.184048037537985e-07,0.213991813613017,418.00000000000006,19.560629941134465,1.313871275597905e-09,5.252790196343271e-12,1.6139600064096597e-10,9.780314970567233,520.956451750535,6.074987060723813,262.1184124238518,1.0479360136970075,9.999999999999998,3.0374935303619064,340.00002958641005,9.99999997032095,5.18476995833184e-07,2.0728445254294e-09,3.2560165568978644e-08,4.999999985160475
6,68,348.00000000000017,19.99999999980151,2.8067802864293398e-08,1.0779299721820099e-10,3.386416881657644e-09,9.999999999900755,418.00000000000006,19.999999999999776,2.1565849204414286e-11,8.282256842614795e-14,2.6019477251902145e-12,9.999999999999888,520.8955068375493,6.081995285979177,272.5535942402367,1.0467284870068556,9.999999999999998,3.0409976429895886,340.0000028688182,6.620222078979054e-05,0.0023620929678795583,9.071500250548139e-06,9.43347172909784e-10,3.310111039489527e-05
7,68,348.00000000000006,0.015041832116683196,5.1460290642328915e-05,1.9614453265676638e-07,4.634435276579554e-09,0.007520916058341598,418.00000000000006,19.953976641217313,2.6030688821121593e-10,9.921780910721918e-13,3.109846616851681e-11,9.976988320608656,520.8787490132261,6.088352024273221,274.33195314323746,1.0456356167144851,9.999999999999998,3.0441760121366106,340.00000065857176,0.007524769347137195,3.5187145087459144e-05,1.34118288928365e-07,1.5852620877064713e-09,0.0037623846735685973
8,68,348.00000000000176,0.005693166883595779,0.00010527415637223296,4.0257211558383666e-07,3.600124181153539e-09,0.0028465834417978897,423.99995995785275,0.00012920650908726516,5.2443713887286585e-06,2.0054662584070803e-08,4.070236357526511e-12,6.460325454363258e-05,520.7440951659797,6.11461720669193,272.2631900845744,1.041144115564348,9.999999999999998,3.057308603345965,340.0000000141203,0.0014674746297185237,0.00011541252559466218,4.413415998246992e-07,1.0173381803293675e-09,0.0007337373148592619
9,68,348.00000000000296,19.99999999996155,2.5042254204498313e-08,1.0036696107384784e-10,3.1531210757212687e-09,9.999999999980774,423.99999863362507,3.63843474837644e-06,4.195722159600588e-06,1.6816053348490855e-08,9.61077796973822e-14,1.81921737418822e-06,520.9265664781835,6.091726334787704,260.74883889205915,1.0450564214155023,9.999999999999998,3.045863167393852,349.9975329805295,5.6826957638123586e-08,1.507666282417983,0.006042582342791535,5.393825101310569e-10,2.8413478819061793e-08
10,68,348.00000000000006,0.010358306111292848,7.221786409459345e-05,2.860456522197784e-07,4.654188506394813e-09,0.005179153055646424,418.00000000000006,19.972111029808605,2.457660017759671e-10,9.734474586422548e-13,3.053910916618927e-11,9.986055514904303,520.8485199792236,6.096255047186996,263.6490940873399,1.0442800825095688,9.999999999999998,3.048127523593498,340.0000000109923,0.003422643081323784,3.492879382335137e-05,1.3834845070139228e-07,7.437993417074991e-10,0.001711321540661892
11,68,354.1108203135875,5.845306107905993,16.749216397642407,0.06782536889258993,0.6227579793577616,2.9226530539529967,419.096389824719,0.09143933381044367,676.6528210409587,2.740082049795157,0.39356502592972703,0.045719666905221834,520.8492157287452,6.086637409271299,258.28847088875926,1.0459301738557125,9.999999999999998,3.0433187046356496,349.2158224181232,6.393951246695737,18.755587194249184,0.07595009760732127,0.7628120306049799,3.1969756233478686
12,68,352.68679806838645,7.5445266111101645,82.16849472011319,0.3690813065785527,4.373951077249006,3.7722633055550823,419.14208508484563,6.557989405077055,48.50201458915785,0.21785949684528608,2.244228555442773,3.2789947025385273,520.8880897965944,6.069632512863392,233.50759302029198,1.0488604887007424,9.999999999999998,3.034816256431696,346.78841346015315,9.999999999999998,70.86526392982184,0.3183098861837906,4.999999999999997,4.999999999999999
13,68,351.5767987554029,8.676023164317996,184.75603525712108,0.7337691016929081,9.999999999799982,4.338011582158998,418.0000000000094,7.487024011781143,214.09676784101296,0.8502974898515534,9.999999999999998,3.7435120058905715,520.7722650554526,6.032555322502021,265.71619421230093,1.0553069774477282,9.999999999999998,3.0162776612510105,345.8036799845972,8.331249038021555,96.20091983536122,0.38206742438149244,4.999999999999647,4.165624519010778
14,68,352.1721645558841,8.297991846888197,190.99299513231418,0.7671973943988846,9.999999999999998,4.148995923444098,418.30255736643477,6.836428569625851,100.78937973913082,0.40485960998397996,4.347640341249012,3.4182142848129256,520.8593051957473,6.012635422584774,263.58796185573226,1.0588032162673595,9.999999999999998,3.006317711292387,346.4377828650391,7.778356670931524,101.8761663593719,0.4092251096858873,4.999999999999999,3.889178335465762
15,68,353.9024210892776,5.426813171819425,7.065203048677418,0.02700619696133337,0.23021211679534825,2.7134065859097123,418.11691983322333,17.80449719983674,9.427060700634808e-21,3.603421675127188e-23,1.0077775449234557e-21,8.90224859991837,520.8191686956336,6.110257893481289,272.5723504272247,1.041886911265656,9.999999999999998,3.0551289467406444,349.99999999799394,2.391573505571582,3.801184696210121,0.014529737062754827,0.05458349820486258,1.195786752785791
16,68,348.0000000002136,19.99999999977329,7.118067367234127e-08,2.8021577160201343e-10,8.803238094749019e-09,9.999999999886645,418.00000000000006,19.974352850877978,7.174866596877607e-11,2.824517774080574e-13,8.86210531024575e-12,9.987176425438989,521.0128179453567,6.073518130286426,266.2620732428637,1.0481894656623973,9.999999999999998,3.036759065143213,340.0000025301681,5.801251064596613e-05,0.0049816049991412295,1.961100136641756e-05,1.7870689459052204e-09,2.9006255322983066e-05
17,68,348.00000000000006,19.99999999990965,2.485595240490938e-08,9.711571457692745e-11,3.050980154616202e-09,9.999999999954825,418.00000000000006,19.971027053701807,1.3696443668852303e-10,5.351393872964228e-13,1.6787545164443117e-11,9.985513526850903,520.8664207022669,6.10101426791369,267.0662331449535,1.0434654705131194,9.999999999999998,3.050507133956845,340.0000020039211,0.0022193946525916886,5.706152064453832e-05,2.229474156518703e-07,7.772430634171341e-10,0.0011096973262958443
18,68,348.00000000000006,19.99999999974272,1.0807002169406343e-07,4.226951706379121e-10,1.327936042766866e-08,9.99999999987136,418.00000000000006,19.963796131461,2.2452849945849525e-10,8.782001789576443e-13,2.7539530024524525e-11,9.9818980657305,520.9066852430078,6.091155054146027,267.213515533156,1.045154435749025,9.999999999999998,3.0455775270730134,340.0000014556537,5.019959214180858e-05,0.009378149339975543,3.668083316158475e-05,2.892406023277088e-09,2.509979607090429e-05
19,68,348.00000000000006,19.999999999848292,3.0781663528001865e-08,1.2098396893633952e-10,3.800823480096569e-09,9.999999999924146,418.00000000000006,19.975424944830092,9.445109161623824e-11,3.712297070529409e-13,1.1648194844701782e-11,9.987712472415046,520.9354818129676,6.074813353941323,266.63149207144187,1.0479659789951308,9.999999999999998,3.0374066769706616,340.00000144312514,5.214092711725016e-05,0.0027326553962431404,1.0740403788510304e-05,8.796688941404781e-10,2.607046355862508e-05
20,68,348.0000000000789,19.99999999985268,5.644145362739275e-08,2.1871979260289765e-10,6.87128493630885e-09,9.99999999992634,418.00000000000006,19.999999999999897,9.292799689787035e-12,3.6011106912102075e-14,1.131322289226959e-12,9.999999999999948,520.8633948525145,6.080346141070367,270.1854292861375,1.0470123864617886,9.999999999999998,3.0401730705351837,349.99605658348065,9.735262149551606e-08,2.590217023359149,0.010037511327855894,1.534947677518083e-09,4.867631074775803e-08
0,69,348.00000000004576,0.0005705096598660475,0.0005360315555462216,2.1894217419549417e-06,1.962060098543132e-09,0.00028525482993302376,418.00000000000006,0.0008529802945034248,1.2457454771157985e-07,5.088249384422994e-10,6.817533238546662e-13,0.0004264901472517124,520.8083042419911,6.09489675140761,255.72589091888088,1.0445128085566906,9.999999999999998,3.047448375703805,349.99590025072024,6.570485740347589e-08,1.2369331645239716,0.005052255479613064,5.214379764225029e-10,3.2852428701737944e-08
1,69,348.00000000000057,0.0074641317466372925,9.277783303330734e-05,3.5973508079926686e-07,4.217760983117202e-09,0.0037320658733186463,418.00000000000006,19.96409787105096,1.4051558920904199e-10,5.448325875376329e-13,1.708569474756882e-11,9.98204893552548,520.923851315586,6.080763979519252,270.012213531035,1.0469404412205334,9.999999999999998,3.040381989759626,340.0000000077338,0.001843713050133644,0.00010798249803887427,4.186893720936086e-07,1.2125653220137984e-09,0.000921856525066822
2,69,348.0000000000105,19.999999999039904,1.2192384602440476e-07,4.665503782981411e-10,1.4657112409206176e-08,9.999999999519952,418.00000000000006,0.012518613653668353,2.308893396396403e-07,8.835146877856871e-10,1.7373602759143054e-11,0.006259306826834177,520.8865737344136,6.092184942158823,273.0845636853004,1.0449777516799894,9.999999999999998,3.0460924710794113,340.00000295570777,9.999999989999159,7.383915488173101e-08,2.825508443720767e-10,4.4382982802858745e-09,4.9999999949995795
3,69,348.0000000000183,19.999999999542062,4.2981236398984046e-08,1.6676095077679373e-10,5.238949778540287e-09,9.999999999771031,418.00000000000006,19.980279168302403,4.088047967283144e-11,1.5861031998171886e-13,4.977976823469919e-12,9.990139584151201,520.9284270228771,6.098428218078205,269.0585196362142,1.043907953987854,9.999999999999998,3.0492141090391023,340.000001909369,4.76832158380347e-05,0.0039936188427493165,1.549466071833933e-05,1.1605596989580964e-09,2.384160791901735e-05
4,69,359.88663021847134,0.010411900098258542,7.43211422357695e-05,2.9360202631662396e-07,4.801853632799033e-09,0.005205950049129271,418.00000000000006,19.967927050749097,1.0775350686621233e-10,4.2567494264661626e-13,1.335152719257935e-11,9.983963525374548,520.8565543588843,6.102681254011183,264.06616782630533,1.0431804413005226,9.999999999999998,3.0513406270055916,340.0000000090664,0.001961590973525773,0.00013554976496574163,5.354826966253206e-07,1.6499613580537265e-09,0.0009807954867628865
5,69,348.00000000052114,0.011241604231365443,0.0001187162415184947,4.807652439534605e-07,8.489482789108353e-09,0.0056208021156827215,418.00000000000006,0.013687223288272321,5.007144505979479e-08,2.027743650857097e-10,4.359616418673289e-12,0.0068436116441361605,520.8709591665445,6.102129570167347,257.6177441583951,1.0432747535875782,9.999999999999998,3.0510647850836734,340.00000006668853,7.05145535100371e-05,0.004023835836718829,1.629533072243891e-05,1.8049360388506895e-09,3.525727675501855e-05
6,69,348.0000000000007,0.006616551871211129,8.770170700635651e-05,3.545841676600329e-07,3.6852838065453452e-09,0.0033082759356055647,418.00000000000006,19.96310333882652,1.8886115611447927e-10,7.635789328400468e-13,2.3944284807471007e-11,9.98155166941326,520.8059231887437,6.100348021338571,258.11557858104146,1.0435794320926146,9.999999999999998,3.0501740106692856,340.0000000088851,0.0030760838236680854,5.938248967760508e-05,2.40087580899514e-07,1.1600794633223772e-09,0.0015380419118340427
7,69,359.8173018148464,19.999999999592237,7.641105397471096e-08,2.9697840217701354e-10,9.32985166535119e-09,9.999999999796119,418.00000000000006,19.967362478234058,7.069455926039868e-11,2.7476073368533605e-13,8.617776893540945e-12,9.983681239117029,520.9035130907097,6.095793014224056,268.70839502867204,1.0443592341178232,9.999999999999998,3.047896507112028,340.00000258866163,7.34545161975575e-05,0.005655781331927991,2.198170049551276e-05,2.536294418083523e-09,3.672725809877875e-05
8,69,359.93253695108757,0.04449762072686525,5.3961367003958915e-05,2.0802619632692132e-07,1.454034446806813e-08,0.022248810363432625,418.00000000000006,19.999999999996714,1.4381820168763094e-10,5.544328307594751e-13,1.741802108022674e-11,9.999999999998357,520.8810624743724,6.095516127294615,270.9159366563181,1.044406673812105,9.999999999999998,3.0477580636473074,340.00000254898873,6.043924189391703e-05,0.011744212191929426,4.527505374287671e-05,4.298311242752039e-09,3.0219620946958514e-05
9,69,348.0000000000283,9.736928983272719e-05,0.0016802734689788108,6.566298603273193e-06,1.0042977921539926e-09,4.8684644916363595e-05,418.00000000000006,19.972326234609472,2.0938854080568288e-10,8.182642340174365e-13,2.5670959240130084e-11,9.986163117304736,520.8361491824218,6.073369552996382,268.23148666487725,1.048215108289427,9.999999999999998,3.036684776498191,349.9969999825968,3.253222111783329e-08,1.9374127632865972,0.007571166810878729,3.868979310766538e-10,1.6266110558916646e-08
10,69,348.00000000000006,19.999999999675055,2.9609024348326615e-08,1.1918573467513278e-10,3.7443302846201595e-09,9.999999999837527,418.00000000000006,19.96462355895671,1.8526588081642357e-10,7.457540598290253e-13,2.3387113813130992e-11,9.982311779478355,520.9125749924336,6.073919527425648,260.38197002917457,1.0481201956875517,9.999999999999998,3.036959763712824,349.79311812936817,5.381358169032069e-05,0.0034492249203811895,1.3884226692482763e-05,1.173636132198931e-09,2.6906790845160344e-05
11,69,348.0000000000001,19.99999999986009,3.142456345523474e-08,1.207495183815569e-10,3.793457998693511e-09,9.999999999930045,418.00000000000006,0.004452330898235601,8.873338382695524e-08,3.409598156147445e-10,2.3845723742958394e-12,0.0022261654491178007,520.7626657697424,6.118451146634742,270.7836713996866,1.0404917145047952,9.999999999999998,3.059225573317371,349.46356835637675,8.752233195785664e-05,0.0019082785604245163,7.332598826308494e-06,1.00808390886642e-09,4.376116597892832e-05
12,69,359.99699290437826,0.8993704478010763,8.54524987633127e-13,3.396577719687556e-15,4.798439755312436e-15,0.44968522390053817,418.00000000000006,0.0023641814963247516,5.576019902203465e-09,2.21636408981055e-11,8.230795205687179e-14,0.0011820907481623758,520.8448195872254,6.078706435230455,263.48273515000426,1.0472948137089069,9.999999999999998,3.0393532176152274,349.99083856942127,0.2967716635875308,6.459088098107261,0.02567367255613732,0.011968240456231235,0.1483858317937654
13,69,355.0990640794077,5.608530268888675,23.013089154231167,0.0914290888641585,0.8054773580853642,2.8042651344443374,418.93435239333786,0.3461309327507501,52.97724706126249,0.21047419565799996,0.1144350722757684,0.17306546637537504,520.885259051707,6.060974380772966,264.37975927097216,1.0503587911328411,9.999999999999998,3.030487190386483,349.99999999926155,7.7958706849438,30.063421706280582,0.11943947361099197,1.4626229522940704,3.8979353424719
14,69,354.24663057252206,6.297467377008318,41.786397521181954,0.1624382414869476,1.6068453587897757,3.148733688504159,419.03980907212184,3.0951650373660287,10.001009161710202,0.038877396418285595,0.18901699783873144,1.5475825186830143,520.922638941772,6.064366387948307,270.04823502119723,1.0497712895987508,9.999999999999998,3.0321831939741535,348.940705515717,9.554222393913664,56.21232233343544,0.21851682201396067,3.279443091389199,4.777111196956832
15,69,353.7796139530761,3.0635592947399717,4.211528526579498,0.016582993846552912,0.07980114212332305,1.5317796473699858,419.8582849137558,19.52137142643427,5.174579008660571e-25,2.0375028049213514e-27,6.247818676656737e-26,9.760685713217136,520.8727074538175,6.103197130088928,264.9107196416877,1.0430922659027815,9.999999999999998,3.051598565044464,348.84858920101976,5.2484009822965,6.230943137857347,0.024534486959115944,0.20226645643989738,2.62420049114825
16,69,348.00000000000034,19.999999999370473,2.8440968912024077e-08,1.1184368155982282e-10,3.5136728832771584e-09,9.999999999685237,418.00000000000006,19.95829740780929,2.500213146671698e-10,9.832050513926432e-13,3.08238915602271e-11,9.979148703904645,520.8916120897143,6.067547337343506,266.80863624815163,1.0492209404769244,9.999999999999998,3.033773668671753,340.00000164337536,5.414953035476344e-05,0.004000360947833038,1.573135913047724e-05,1.338076110312217e-09,2.707476517738172e-05
17,69,348.00000000000125,0.023558509119180115,0.00010855073698155614,4.101306943252749e-07,1.517714045604419e-08,0.011779254559590058,418.00000000000006,19.943478987090682,2.996978295394797e-10,1.1323302110577955e-12,3.5472671052447314e-11,9.971739493545341,520.8997806074564,6.091775718658807,276.5965256204424,1.0450479495127283,9.999999999999998,3.0458878593294036,340.00000000587016,9.999999997764823,6.989182943063772e-08,2.6406807847763915e-10,4.147971676037475e-09,4.999999998882411
18,69,348.00000000000074,0.0032503736337048394,0.00013279879800680156,5.072956802192693e-07,2.5900868541120446e-09,0.0016251868168524197,418.00000000000006,0.006775155361488316,1.2303963529528656e-07,4.700153647313613e-10,5.002086420436994e-12,0.003387577680744158,520.8388733849109,6.079130262024432,274.1395234621377,1.0472217980661898,9.999999999999998,3.039565131012216,340.000000010335,0.0018737454821202704,8.37269548583246e-05,3.1983966086324386e-07,9.413752848369758e-10,0.0009368727410601352
19,69,348.00000000000034,0.03241006602029728,4.132270313129574e-05,1.590682731244772e-07,8.098104170604166e-09,0.01620503301014864,418.00000000000006,19.999999999988216,2.2306990648913655e-10,8.586888592095093e-13,2.6976506118104052e-11,9.999999999994108,520.8634488285936,6.076192645746829,272.17845540542777,1.0477280913948606,9.999999999999998,3.0380963228734146,340.00000000738714,9.999999991004831,5.721684625948609e-08,2.2025144142209374e-10,3.4597015484590014e-09,4.9999999955024155
20,69,356.0640347856149,19.999999999394387,4.507919051098566e-08,1.7028132628521457e-10,5.3495456368495784e-09,9.999999999697193,418.00000000000006,0.014879430047290754,1.2040282692391773e-07,4.5480748045148443e-10,1.0630012425148217e-11,0.007439715023645377,520.6487612977953,6.124049347500071,275.20132848284084,1.039540565798117,9.999999999999998,3.0620246737500354,340.0000019453111,0.00011836798119446712,0.0028501864996869327,1.0766243400236523e-05,2.0017890609882475e-09,5.918399059723356e-05
0,70,348.0000000000003,19.999999999754305,3.5595161000159345e-08,1.4074204047375414e-10,4.421541603981516e-09,9.999999999877152,418.00000000000006,19.9666713165882,1.576900426549798e-10,6.235009968224566e-13,1.955521962948232e-11,9.9833356582941,520.8350076008395,6.092197033495897,264.28547833531445,1.0449756776862953,9.999999999999998,3.0460985167479486,340.00000165955163,8.124865946257387e-05,0.0023221001666962945,9.181504071405046e-06,1.1717903370759521e-09,4.0624329731286934e-05
1,70,348.00000000000045,0.005403191817116237,0.00011317142449317659,4.4000704051233163e-07,3.734477853127437e-09,0.0027015959085581187,418.00000000000006,19.968791746659228,1.3252353560561732e-10,5.15247457219857e-13,1.6161717901024113e-11,9.984395873329614,520.9146290941421,6.083386943930452,269.1608173034064,1.046489033551865,9.999999999999998,3.041693471965226,340.0000000096954,0.002139119069797246,7.934157210449285e-05,3.0847760808558646e-07,1.0365218969044414e-09,0.001069559534898623
2,70,348.0000000000006,0.007102762359870951,0.00010889311149301179,4.4093785492551974e-07,4.9195405718546994e-09,0.0035513811799354755,418.00000000000006,19.963397756681502,1.8616158579124472e-10,7.538189439429546e-13,2.3638579993342866e-11,9.981698878340751,520.9503715735414,6.06247235574244,259.33036668435426,1.0500992582086879,9.999999999999998,3.03123617787122,340.00000000792534,0.003320596565806966,6.899945228065754e-05,2.7939756760115526e-07,1.4573323728555631e-09,0.001660298282903483
3,70,348.0000000000006,19.999999999637364,3.973981181508782e-08,1.538094314705555e-10,4.832065799519584e-09,9.999999999818682,423.9999710532595,9.226835533704403e-05,5.6244109309050195e-06,2.176878571203589e-08,3.155054465029017e-12,4.6134177668522014e-05,520.8244859098013,6.111922158616291,269.11948800242743,1.0416032073806858,9.999999999999998,3.0559610793081453,340.0000023314897,7.71376621724329e-05,0.0025098045840898733,9.713976955333609e-06,1.1770188505842887e-09,3.856883108621645e-05
4,70,348.00000000000006,19.999999997284327,2.4058291766859588e-08,9.37330439042842e-11,2.9447104208832445e-09,9.999999998642163,418.00000000000006,19.967613231268697,1.746006218874969e-10,6.802580962809714e-13,2.1336331596271473e-11,9.983806615634348,520.8371792493507,6.090214582193535,268.299334255583,1.0453158321037148,9.999999999999998,3.0451072910967674,340.00000126561673,0.00017660476102676625,0.0007583237349075257,2.95449039468633e-06,8.19605505133736e-10,8.830238051338313e-05
5,70,348.0000000000009,19.99999999833564,8.837168283551578e-07,3.452758869497421e-09,1.0847161898127418e-07,9.99999999916782,418.00000000000006,19.93461577110031,4.390856641463465e-10,1.7155460580877092e-12,5.371927324597455e-11,9.967307885550156,520.8501975688044,6.088536413863498,267.61724211837543,1.045603949937802,9.999999999999998,3.044268206931749,340.00000134330173,6.17028975131717e-05,0.05667921839227573,0.0002214506590129813,2.1463592414802822e-08,3.085144875658585e-05
6,70,348.00000000000006,0.012331831732929288,5.7091849788610295e-05,2.2101951558902625e-07,4.281323946004741e-09,0.006165915866464644,418.00326491937426,0.011406157896733049,1.0412230886798198e-07,4.030883979626004e-10,7.222034427871812e-12,0.0057030789483665245,520.9189581173141,6.075006476555165,270.6929028837409,1.04793266447442,9.999999999999998,3.0375032382775826,349.9723909578748,9.999999998647493,2.6013790533389197e-08,1.0070711325018411e-10,1.581903635541115e-09,4.999999999323746
7,70,348.0000000000015,0.00705823596868882,0.00012942823463410493,4.925845574486428e-07,5.4613101758913e-09,0.00352911798434441,418.00000000000006,0.011785315917190786,6.023907063302997e-08,2.2926091847558643e-10,4.24415399737229e-12,0.005892657958595393,520.847268748815,6.085873630851314,274.85613024663684,1.0460614383123965,9.999999999999998,3.042936815425657,340.0000000095772,0.0023243503435317336,9.919527530517854e-05,3.775224233362315e-07,1.3783649400475123e-09,0.0011621751717658668
8,70,348.00000000000006,19.99999999986117,2.8505887260359006e-08,1.0843335643747471e-10,3.4065343598568942e-09,9.999999999930585,418.00000000000006,19.967530223823587,1.8416366435925977e-10,7.005389475481836e-13,2.1972350239944005e-11,9.983765111911794,520.8798085584785,6.07081411318256,275.67973965853406,1.048656342458557,9.999999999999998,3.03540705659128,340.00000111181174,6.959097212799747e-05,0.002249997024817885,8.558748834827978e-06,9.355845945531538e-10,3.479548606399874e-05
9,70,348.00000000000006,19.99999999869825,6.329432287788547e-08,2.48045384204853e-10,7.79257556724104e-09,9.999999999349125,418.00000000000006,19.950757568494655,2.493767176170501e-10,9.772873919894413e-13,3.062679589704906e-11,9.975378784247328,520.9393105517759,6.077194654380146,267.30715531046735,1.0475553418529004,9.999999999999998,3.038597327190073,340.0000031383984,9.999999996453866,4.035088918068042e-08,1.5813190432796829e-10,2.483930143793711e-09,4.999999998226933
10,70,348.00000000000006,19.999999999243517,1.9085924531205415e-07,7.306821919479803e-10,2.2955058062458365e-08,9.999999999621759,418.00000000000006,0.01708043837460238,1.3404391626359305e-07,5.131713813110621e-10,1.3768331639301006e-11,0.00854021918730119,520.8549201806353,6.089003585658322,273.09803321330503,1.0455237271776907,9.999999999999998,3.044501792829161,340.00000285576357,9.999999998493557,9.299140717639548e-08,3.560066745358991e-10,5.592139765912141e-09,4.9999999992467785
11,70,348.00000000000006,19.999999999201698,9.010999973803983e-07,3.678440396016095e-09,1.155616132433083e-07,9.999999999600849,418.0046590647214,0.016946432196490946,1.288068207157029e-07,5.258109133064694e-10,1.3996767579782477e-11,0.008473216098245473,520.7331652146902,6.123610409582343,254.67237325899075,1.0396150796454757,9.999999999999998,3.0618052047911717,340.0000042758325,9.999999998793298,2.4449420393837845e-07,9.9806609585314e-10,1.5677585570754537e-08,4.999999999396649
12,70,348.00000000000006,19.999999998558025,1.3945462656605785e-07,5.292831892210581e-10,1.662792178805567e-08,9.999999999279012,418.00000000000006,0.03827769355415711,1.2193285915042448e-07,4.6278143759833163e-10,2.78254097969064e-11,0.019138846777078555,520.8685980409897,6.089676042119503,275.4423784912734,1.045408274536073,9.999999999999998,3.0448380210597517,340.0000033452702,9.999999995535521,8.716075259190352e-08,3.308081075739558e-10,5.196321600191521e-09,4.999999997767761
13,70,348.0000000000005,0.005254978519612763,9.58194278155876e-05,3.6837526947721827e-07,3.0407540140641763e-09,0.0026274892598063815,418.00000000000006,19.967291364230686,1.4877010629421922e-10,5.719427598937529e-13,1.7938726106462894e-11,9.983645682115343,520.8770506168023,6.0755976864289405,272.555042655303,1.0478306912743722,9.999999999999998,3.0377988432144702,340.00000000844665,0.001961523845045221,7.744403924110029e-05,2.977315715112595e-07,9.17356956681073e-10,0.0009807619225226105
14,70,348.00000000000017,19.9999999994475,9.472144978225848e-08,3.6621947364829417e-10,1.150512407983219e-08,9.99999999972375,418.00000000000006,0.004324574414841464,1.4008574707835897e-07,5.416104660411742e-10,3.6791737641783896e-12,0.002162287207420732,520.825344268457,6.105624710760416,269.6850792678992,1.0426775351023736,9.999999999999998,3.052812355380208,340.0000024621174,6.538307788517272e-05,0.006905909581190547,2.6700167466820334e-05,2.742200611422868e-09,3.269153894258636e-05
15,70,348.00000000000006,19.99999999974324,2.8709780634255184e-08,1.1127458002601996e-10,3.495794031365459e-09,9.99999999987162,418.00000000000006,0.003905058438025577,1.1737297325497903e-07,4.549191257062315e-10,2.7904973228393585e-12,0.0019525292190127885,520.6872629777815,6.121846304485378,268.30675779832495,1.0399146608779448,9.999999999999998,3.060923152242689,340.0000014175444,0.0001264931006179637,0.0014240231179684856,5.519288928673403e-06,1.0966545496975047e-09,6.324655030898185e-05
16,70,359.90123419133124,19.999999999528526,3.3684312465396204e-08,1.3353936759807341e-10,4.195262962012445e-09,9.999999999764263,418.00000000000006,19.960037127164906,2.3945810424204764e-10,9.493168025788428e-13,2.976407495866223e-11,9.980018563582453,520.8509138346785,6.080084878944332,264.11243726498634,1.0470573767353653,9.999999999999998,3.040042439472166,340.000001406441,6.1032098496838216e-05,0.0045871020293149194,1.8185281493628028e-05,1.7434046812341102e-09,3.0516049248419108e-05
17,70,348.0000000004485,0.015751863135882616,9.22805937795896e-05,3.5907707690759087e-07,8.884632894209485e-09,0.007875931567941308,418.00000000000006,19.96792994011543,9.036950805020336e-11,3.5164076717743393e-13,1.1029406417859792e-11,9.983964970057714,520.9673256285871,6.089810005947001,268.6575678329145,1.0453852776127506,9.999999999999998,3.0449050029735005,340.0000000091277,0.0036879658888935296,9.137561263739418e-05,3.555556649846011e-07,2.059749352725003e-09,0.0018439829444467648
18,70,348.00000000000006,19.99999999542388,2.6250911191526997e-07,1.0044517844177773e-09,3.155578346090033e-08,9.99999999771194,418.00000000000006,19.852961201664247,8.926143606346557e-10,3.4154551085670697e-12,1.0651082592712278e-10,9.926480600832123,520.9328814845925,6.072565478497054,273.9827400890963,1.0483539035056122,9.999999999999998,3.036282739248527,340.00001029486856,9.999999931401295,1.795228074599812e-07,6.869171244427877e-10,1.0790068884853962e-08,4.999999965700647
19,70,348.00000000000006,0.010942952987441856,0.00010007738526280495,3.8422161287266703e-07,6.604443074063068e-09,0.005471476493720928,418.00000000000006,19.99999999999591,1.0388898889113355e-10,3.988552934975347e-13,1.2530408598969996e-11,9.999999999997955,520.8746557718838,6.084418385627734,272.530562244901,1.0463116308230351,9.999999999999998,3.042209192813867,340.0000002958437,0.00570061426320656,6.795263670116453e-05,2.608868287646552e-07,2.3361121374028106e-09,0.00285030713160328
20,70,348.0000000000004,0.00747190260624464,9.629049002040963e-05,3.721209839403088e-07,4.36752339532504e-09,0.00373595130312232,418.00000000000006,19.96454884348886,1.6239131612860227e-10,6.275720097418623e-13,1.968080883617856e-11,9.98227442174443,520.9408944889669,6.073288811950544,271.2410550086963,1.04822904373474,9.999999999999998,3.036644405975272,340.00000000643064,0.003563884525462413,5.883976452226888e-05,2.273901718041088e-07,1.27296127093424e-09,0.0017819422627312065
0,71,348.0000000000011,19.99999999957271,3.851876054325571e-08,1.5296345922763397e-10,4.805488797669501e-09,9.999999999786356,418.00000000000006,19.959356525046726,2.2970361831408092e-10,9.121856352301024e-13,2.8598920581548328e-11,9.979678262523363,520.7513972589213,6.103086577910893,262.67285807321764,1.0431111606243975,9.999999999999998,3.0515432889554464,340.00000178609685,8.145366367884321e-05,0.0029660559856896653,1.1778628840469253e-05,1.5070415871650701e-09,4.072683183942161e-05
1,71,348.0000000000011,0.002297102205382373,0.00022461817744672758,8.950421966065946e-07,3.2295625944652015e-09,0.0011485511026911865,418.0021207012137,0.007736367380669407,9.209666890312451e-08,3.6698011608945906e-10,4.459636854994638e-12,0.0038681836903347033,520.767438742702,6.118749936098056,261.1071755131047,1.0404409054401649,9.999999999999998,3.059374968049028,340.0000000102344,0.0030896085139229257,5.082726989899783e-05,2.0253281286063625e-07,9.829212508367976e-10,0.0015448042569614628
2,71,348.00000000000074,19.999999999630344,5.090470994730536e-08,1.9690352794179707e-10,6.185906768364289e-09,9.999999999815172,418.00000000000006,19.999999999998938,4.2200485593158534e-11,1.6323488539177417e-13,5.1281751675634235e-12,9.999999999999469,520.8813237892928,6.087366857817611,270.36789338316066,1.0458048401502396,9.999999999999998,3.0436834289088055,340.00000193514063,6.0482208652956615e-05,0.004224678535577263,1.6341397661164402e-05,1.5525182627422477e-09,3.0241104326478307e-05
3,71,359.70145665455783,0.11014897679290314,4.114989384132855e-05,1.5683760907188803e-07,2.7136295339471506e-08,0.05507448839645157,418.00000000000006,19.85862913091489,8.34737230327997e-10,3.181495240613388e-12,9.92431225158872e-11,9.929314565457444,520.7967150692738,6.09363379768136,274.10835778879914,1.0447292920848255,9.999999999999998,3.04681689884068,340.0000065040418,9.010370429862746e-05,0.01807979031135234,6.890883111114337e-05,9.752981624984007e-09,4.505185214931373e-05
4,71,348.00000000000006,19.999999999631587,4.806350424304861e-08,1.8380847305496964e-10,5.77451348606413e-09,9.999999999815794,418.00000000000006,19.964239602737965,1.4096805770193744e-10,5.391018371172027e-13,1.690610111975863e-11,9.982119801368983,520.8609511961996,6.106959209432243,272.5869171254793,1.0424496881923124,9.999999999999998,3.0534796047161215,340.0000020576944,0.006097355591561993,4.223654418053154e-05,1.6152452500516725e-07,1.547034051506007e-09,0.0030486777957809963
5,71,348.00000000000006,0.008785359081056043,4.351349197292924e-05,1.700230187526356e-07,2.3463193206078525e-09,0.004392679540528022,418.00000000000006,19.96125676953811,2.3707793438818674e-10,9.263496046098937e-13,2.9045755596327148e-11,9.980628384769055,520.7053892633501,6.099939026724065,267.0981273822019,1.0436494030162036,9.999999999999998,3.0499695133620324,349.8284839258238,9.99999999742456,2.0723924588056035e-08,8.0975901016065e-11,1.271966478421833e-09,4.99999999871228
6,71,348.00000000000006,0.017143073846540346,4.6372182120473164e-05,1.829194407463113e-07,4.925705447413089e-09,0.008571536923270173,418.00000000000006,19.954741168859695,2.449981529451733e-10,9.664182937128747e-13,3.0292221116809084e-11,9.977370584429847,520.8311234631308,6.09742708335334,264.6861246917237,1.0440793529218655,9.999999999999998,3.04871354167667,349.7107696427772,9.999999997979897,3.037586049853356e-08,1.1982044321624932e-10,1.8821351204099983e-09,4.999999998989948
7,71,348.0000000000473,0.0016093678222617314,8.708822016438389e-05,3.4391333119524763e-07,8.694091401121211e-10,0.0008046839111308657,418.00000000000006,0.0019710323320474288,4.829305049530557e-08,1.907103376101973e-10,5.904564353812417e-13,0.0009855161660237144,520.7824640707676,6.109340369578142,263.87375995972144,1.042043385792795,9.999999999999998,3.054670184789071,349.9968850936506,5.161715597019846e-08,0.7065440976635813,0.0027901584600668783,2.262261567516698e-10,2.580857798509923e-08
8,71,359.9483764145486,19.99999999904366,7.418362762199466e-08,2.905780208958193e-10,9.128777756973162e-09,9.99999999952183,418.00000000000006,0.029239453858991737,8.634343604449517e-08,3.382081136689436e-10,1.5533637130971535e-11,0.014619726929495869,520.8159432439986,6.089279507432547,266.9067265312596,1.0454763516611876,9.999999999999998,3.0446397537162735,340.0000032339815,8.659044698156038e-05,0.0056104523975050455,2.1976198876446715e-05,2.9891137006163283e-09,4.329522349078019e-05
9,71,348.0000000000018,0.018946281842840307,5.957456579172592e-05,2.2844750722471273e-07,6.7987691335395775e-09,0.009473140921420153,418.00000000000006,19.95487661668534,2.0994994661049066e-10,8.050842051087084e-13,2.5235402160444375e-11,9.97743830834267,520.8175274508817,6.103787457301285,271.9914064354264,1.0429913833353806,9.999999999999998,3.0518937286506427,340.00000000879544,9.999999993569539,3.573882874494134e-08,1.3704583876374113e-10,2.1527109999418095e-09,4.999999996784769
10,71,348.00000000000006,19.999999999533284,3.907536785431012e-08,1.5321188053628e-10,4.81329318324222e-09,9.999999999766642,418.00000000000006,19.960001933111933,2.2942480955236402e-10,8.995591965826721e-13,2.8203967394797628e-11,9.980000966555966,520.7813822747878,6.1016942719819705,266.0972042118235,1.0433491813754747,9.999999999999998,3.0508471359909852,340.0000016683658,0.0011532253065702491,0.00020866268471036504,8.181523061131611e-07,1.4820682375754518e-09,0.0005766126532851246
11,71,348.00000000000006,19.999999999765006,4.5321639891832356e-08,1.705392060331287e-10,5.3576471681641814e-09,9.999999999882503,423.9999509006051,0.00012621412118718478,5.538848553483058e-06,2.0841938572901764e-08,4.132053503511384e-12,6.310706059359239e-05,520.8783417411913,6.081586893829955,278.1919672395231,1.0467987771636722,9.999999999999998,3.0407934469149773,340.00000200702254,9.99999999908521,2.489202654469557e-08,9.366533191692764e-11,1.471291593096755e-09,4.999999999542605
12,71,348.0000000000006,0.006469620029072587,8.108565984398246e-05,3.1726964993459723e-07,3.224238660071884e-09,0.0032348100145362935,418.00000000000006,0.0074645326309514815,1.0792056789974179e-07,4.2226851041448393e-10,4.9512082593504796e-12,0.0037322663154757407,520.7944800374547,6.112091898513684,266.1986037950742,1.0415742808487418,9.999999999999998,3.056045949256842,340.00000000823803,0.001667818997129089,0.00010144979807807369,3.969498673883539e-07,1.0399308323020638e-09,0.0008339094985645445
13,71,359.65998690171466,19.999999999843244,3.219724972399125e-08,1.24557789768909e-10,3.913098372823194e-09,9.999999999921622,418.00000000000006,19.974447141306662,8.461706781500525e-11,3.2734829943904946e-13,1.0270810910608288e-11,9.987223570653331,520.857763294854,6.103328875476795,269.62566756560494,1.0430697498958683,9.999999999999998,3.0516644377383977,349.96970139231576,5.615102374356695e-05,0.003919524710094501,1.5163013580946177e-05,1.3374054224569883e-09,2.8075511871783476e-05
14,71,348.00000000000057,0.005477426077892034,0.00010121428061368928,3.9285091708356877e-07,3.3800581624330927e-09,0.002738713038946017,418.00000000000006,0.007712415460659372,1.2674787028079653e-07,4.919564391140433e-10,5.959872142964703e-12,0.003856207730329686,520.902344124396,6.073106207553116,270.0743056013752,1.048260561581844,9.999999999999998,3.036553103776558,340.0000000077231,0.0021173177537665566,9.163161213434452e-05,3.556569551505998e-07,1.182870558026149e-09,0.0010586588768832783
15,71,348.0000000000721,19.999999991764106,2.5493660607319334e-07,9.561809347109196e-10,3.0039309987534436e-08,9.999999995882053,418.00000000000006,19.986792327352028,1.0740307702183772e-10,4.028325949710221e-13,1.264700181779043e-11,9.993396163676014,520.830681217906,6.103758440054037,278.08329767989017,1.042996341712935,9.999999999999998,3.0518792200270184,349.99207699820255,2.061618857179565e-07,5.0372099141697575,0.018892869714767908,6.118235430443517e-09,1.0308094285897825e-07
16,71,348.00000000002353,0.2892704629047884,3.79321461328444e-05,1.4843740482360203e-07,6.744772730828145e-08,0.1446352314523942,418.00000000000006,0.3227654820092525,9.328107970874911e-08,3.65030793212121e-10,1.850701863706829e-10,0.16138274100462624,521.0203136633229,6.060789205536527,268.4200825787129,1.0503908827352542,9.999999999999998,3.0303946027682636,340.00000000665256,0.14435412927955227,2.522862777135772e-05,9.87255511598489e-08,2.2386111135573028e-08,0.07217706463977613
17,71,348.00000000001165,19.999999999907423,2.3093918757707634e-08,8.772707732875512e-11,2.7560274165564506e-09,9.999999999953712,418.00000000000006,19.957791966488184,1.9659373742491107e-10,7.468024022414158e-13,2.341197623909488e-11,9.978895983244092,520.9343071440219,6.071890437807065,276.00704617903824,1.0484704539522356,9.999999999999998,3.0359452189035325,349.99767049307246,4.559516053687855e-08,2.048464612022974,0.0077815209843578705,5.573180631562705e-10,2.2797580268439275e-08
18,71,348.00000000000017,19.999999999581703,3.384715828584047e-08,1.2976501423309023e-10,4.076688153991249e-09,9.999999999790852,418.00000000000006,19.967914293656243,1.53360857935912e-10,5.879629168507723e-13,1.844176640612649e-11,9.983957146828121,520.851604937999,6.0976546389008295,272.32147683227123,1.044040389408376,9.999999999999998,3.0488273194504147,349.89325681607284,6.801857126781385e-05,0.00286055227551981,1.0966935646784073e-05,1.1717438355803997e-09,3.400928563390693e-05
19,71,348.0000000000051,0.10362763446689982,3.889071294090419e-05,1.4715214792014642e-07,2.3953118733615746e-08,0.05181381723344991,418.00000000000006,19.865415217517125,8.674126645200184e-10,3.2820595732254654e-12,1.0241509770938286e-10,9.932707608758562,520.9468836757407,6.0788455113719735,276.78230110340195,1.0472708529549364,9.999999999999998,3.0394227556859867,340.00000000497363,0.05204943522802097,2.856299886142505e-05,1.0807481569921749e-07,8.836095521501868e-09,0.026024717614010484
20,71,348.00000000000017,19.999999999760167,4.0066645284752975e-08,1.5488633077380366e-10,4.865897588946252e-09,9.999999999880083,418.00000000000006,19.9667366278729,1.645054097057797e-10,6.359314367520943e-13,1.9945147892268756e-11,9.98336831393645,520.9261173154864,6.0808803495748345,270.8217589902401,1.0469204058785546,9.999999999999998,3.0404401747874172,340.00000190567545,4.285365145939579e-05,0.004896964482625741,1.8930281166618393e-05,1.274279729210527e-09,2.1426825729697896e-05
0,72,348.0000000000078,19.99999999995251,2.6061859899531977e-08,1.0350556519739536e-10,3.2517232322902453e-09,9.999999999976255,418.00000000000006,0.0013649393340209315,3.9345638317711786e-08,1.5626254410953183e-10,3.350334094966324e-13,0.0006824696670104657,520.981532724428,6.075730628921368,263.8294770859713,1.047807763789227,9.999999999999998,3.037865314460684,349.99739802346136,4.396468370436446e-08,2.053409423178019,0.008155185537296026,5.631935548659142e-10,2.198234185218223e-08
1,72,348.00000000000006,19.99999999984236,2.921376562301999e-08,1.1596794993571556e-10,3.643240595670413e-09,9.99999999992118,418.00000000000006,19.970917533526766,1.211191034764743e-10,4.80798480739181e-13,1.508276560964713e-11,9.985458766763383,520.8068215248942,6.091884020536193,263.2558661117329,1.045029370587964,9.999999999999998,3.0459420102680963,340.00000143774054,0.0011592248530423177,0.0001258164067173773,4.994450542108553e-07,9.094425663486885e-10,0.0005796124265211589
2,72,348.0000000000006,0.0068583836725046865,7.545871463194158e-05,2.9779358703304605e-07,3.2081672039315547e-09,0.0034291918362523433,423.99995704460804,0.0001360387825292131,7.305583177695198e-06,2.8831074455291904e-08,6.160889809187984e-12,6.801939126460654e-05,520.8293095204965,6.078576144892463,265.3825261121518,1.0473172617941167,9.999999999999998,3.0392880724462317,340.0000000093929,0.0014815780452863692,0.0001237842778631769,4.885077131643457e-07,1.1368831666752701e-09,0.0007407890226431846
3,72,348.00000000000006,0.008801285650829271,5.620646074258146e-05,2.299619330670534e-07,3.1792299730385893e-09,0.004400642825414636,418.00000000000006,0.008979676943326353,9.693613210918087e-08,3.9660245511567297e-10,5.594174225258777e-12,0.004489838471663177,520.7704331833244,6.102967266666004,254.95842685470225,1.043131553145886,9.999999999999998,3.051483633333002,349.92741788144883,0.0031996142454069343,5.702955437302342e-05,2.3332952106051364e-07,1.1727007106341236e-09,0.0015998071227034671
4,72,348.0000000000002,0.010033318282932413,7.534426842390396e-05,2.9729066110343056e-07,4.685389858849454e-09,0.0050166591414662065,423.9999436434467,0.0001806274682634723,5.955045708593193e-06,2.3497201746631352e-08,6.6668367006349524e-12,9.031373413173616e-05,520.8302083998486,6.093558906820251,264.77566208683635,1.0447421319830699,9.999999999999998,3.0467794534101253,340.00000000869653,0.001195159363758691,0.00018812521047140387,7.422975809732838e-07,1.3935538026038578e-09,0.0005975796818793455
5,72,348.00000000000006,19.999999999497266,4.0641745683907116e-08,1.5744628047363613e-10,4.9463207805857995e-09,9.999999999748633,418.00000000000006,0.010561297741965348,1.1395139071034258e-07,4.414481297550579e-10,7.323468950136454e-12,0.005280648870982674,520.874071057406,6.09062619315383,269.8100520555506,1.0452451885541323,9.999999999999998,3.045313096576915,340.0000018115117,0.004276066326481143,5.864351878747082e-05,2.2718521932558489e-07,1.5259643328694015e-09,0.0021380331632405714
6,72,348.00000000000017,19.999999999691724,2.6204508558696024e-08,1.0334193049373245e-10,3.246582496418927e-09,9.999999999845862,418.00000000000006,19.96168818209201,2.341954096852235e-10,9.235893775847976e-13,2.895983436875579e-11,9.980844091046006,520.7298931119013,6.089098584465468,265.11027891925835,1.0455074154846633,9.999999999999998,3.044549292232734,349.3898782716728,0.00010677403234815586,0.0017919054714551164,7.066683592545431e-06,1.1852259940003263e-09,5.338701617407793e-05
7,72,348.0000000000002,19.999999999616552,3.734547379090352e-08,1.4748836697983835e-10,4.633483701849321e-09,9.999999999808276,423.9999256043378,0.00013910190684313095,6.970875992107608e-06,2.7530059526124908e-08,6.01533904821566e-12,6.955095342156548e-05,520.8173637591793,6.107958201230165,263.9151205790116,1.042279189532377,9.999999999999998,3.0539791006150825,340.00000183081676,6.653580927284963e-05,0.0033183310210254443,1.310507469070569e-05,1.3696664602238883e-09,3.3267904636424817e-05
8,72,348.00000000000006,19.99999999373368,4.0799995559440923e-07,1.5949353164352708e-09,5.0106370714940466e-08,9.99999999686684,418.00000000000006,19.77449020872789,1.1534542945417022e-09,4.509032329619452e-12,1.4005819411058847e-10,9.887245104363945,520.8077631654226,6.098038375478921,267.05887244531004,1.0439746901684317,9.999999999999998,3.0490191877394603,340.0000175197071,0.098039529858724,2.666701167260961e-05,1.042454983566657e-07,1.6053820651481126e-08,0.049019764929362
9,72,348.00000000000006,0.10659280308221497,1.4874724480401701e-05,6.00803485503703e-08,1.0059588219077091e-08,0.053296401541107485,418.00000000000006,19.955283707926473,2.0721899055029618e-10,8.36976119787697e-13,2.6235590932100723e-11,9.977641853963236,520.8212347742503,6.1027870878972275,258.266686654413,1.0431623505760128,9.999999999999998,3.0513935439486137,349.9097875972069,9.99999999840926,4.646956831538579e-08,1.8769476134177276e-10,2.9483024162740157e-09,4.99999999920463
10,72,348.0000000000007,0.007278392381419252,8.414168233557829e-05,3.220570354843403e-07,3.682036869094044e-09,0.003639196190709626,418.00000000000006,19.976636241765284,6.1001489466143e-11,2.3348664196232944e-13,7.326630299976941e-12,9.988318120882642,520.89234148999,6.096026366770044,272.84229023354277,1.0443192566191142,9.999999999999998,3.048013183385022,340.00000000782404,0.002335076318090046,6.729505388291248e-05,2.5757561478094715e-07,9.44769145255505e-10,0.001167538159045023
11,72,348.0000000000011,0.016766534243917164,5.9627452928756746e-05,2.3153731270856798e-07,6.097954306124296e-09,0.008383267121958582,418.00000000000006,19.960487225235866,1.6184046605508674e-10,6.284371502949976e-13,1.970393043822103e-11,9.980243612617933,520.8734941934741,6.110781689666988,268.29255671603227,1.0417976041331536,9.999999999999998,3.055390844833494,340.00000000594935,0.004680347772870519,6.14078818978435e-05,2.3845083523423037e-07,1.7530602787863976e-09,0.0023401738864352595
12,72,348.0000000000441,0.0016313727198884465,0.00010446130738352585,4.027141275494623e-07,1.0319768095712455e-09,0.0008156863599442232,418.00000000000006,0.007852359878668835,1.1868937994216842e-08,4.5756549759911394e-11,5.643822437132631e-13,0.003926179939334418,520.812091444512,6.119983546487263,269.82889824203284,1.0402311828648414,9.999999999999998,3.0599917732436315,349.9967508336011,4.762697912219288e-08,0.9528540311240974,0.003673396297992774,2.748151665811371e-10,2.381348956109644e-08
13,72,348.00000000000836,19.999999999991513,1.2360008004581661e-08,4.931562166899619e-11,1.5492959474246629e-09,9.999999999995756,423.9999997006925,8.522167698477023e-07,6.0324794085675545e-06,2.4069197376623908e-08,3.2220447010071156e-14,4.2610838492385117e-07,520.7765053382606,6.108961045214946,261.18426356554045,1.0421080895027732,9.999999999999998,3.054480522607473,349.99820812147675,6.433088971821797e-08,0.5982093905668728,0.0023868162523115757,2.41189513379502e-10,3.216544485910898e-08
14,72,348.00000005964785,12.401385567331996,1.1797421551874947e-11,4.502968365578702e-14,8.771805294604757e-13,6.200692783665998,418.00000000000006,19.625267211882935,4.1823766990886035e-15,1.5963750965511897e-17,4.921193026050584e-16,9.812633605941468,520.9526858127674,6.069512292282171,274.7986088754585,1.0488812637830718,9.999999999999998,3.0347561461410857,349.6715385113875,8.734739268998705,2.156242278958016e-12,8.230180406775543e-15,1.1292216030716997e-13,4.367369634499353
15,72,348.00000000000045,0.005601038139193548,8.886396094375646e-05,3.446539632646008e-07,3.0322966342845938e-09,0.002800519069596774,418.00000000000006,19.961253472223184,2.1852807093799283e-10,8.475490506327556e-13,2.6574954414161832e-11,9.980626736111592,520.8282129135223,6.096863739073571,269.22539592453916,1.044175824838619,9.999999999999998,3.0484318695367856,340.00000000919243,0.0020544761419234447,8.20165650667448e-05,3.1809671663739464e-07,1.0265501379658203e-09,0.0010272380709617224
16,72,359.9403739976913,0.0005015714054543707,0.0005775902980871086,2.247037428466727e-06,1.7703655620263675e-09,0.00025078570272718537,418.00000000000006,0.008636570672827304,2.3851113336616693e-08,9.278955092472288e-11,1.2588102805556e-12,0.004318285336413652,520.7870537870276,6.095143257511513,268.47619781693675,1.0444705652865927,9.999999999999998,3.0475716287557564,349.9922907133688,1.311222550826334e-07,1.9617144141493976,0.0076317862802667445,1.5718912148388005e-09,6.55611275413167e-08
17,72,348.00000000000006,19.99999999953829,3.1584013622761097e-08,1.2189898583139527e-10,3.829569583591169e-09,9.999999999769145,418.00000000000006,0.00886989832633489,1.0908156179572982e-07,4.2100196367131985e-10,5.865737721378541e-12,0.004434949163167445,520.7839477377908,6.075913124903552,271.47872026999,1.047776291860142,9.999999999999998,3.037956562451776,340.00000165507373,0.002176687052836357,0.00010199766160058632,3.9366154203166736e-07,1.3459807862284997e-09,0.0010883435264181784
18,72,348.00000000000006,19.99999999963284,6.117201381239149e-08,2.395164472506619e-10,7.52463111082793e-09,9.99999999981642,418.00000000000006,0.016631864155673526,6.398032470634819e-08,2.50512270441292e-10,6.544700985038219e-12,0.008315932077836763,520.8409049054992,6.095149238291692,266.75539774513913,1.0444695404144178,9.999999999999998,3.047574619145846,340.00001921378976,0.007441600536267856,4.0338827230669245e-05,1.579449814122513e-07,1.8462566030694633e-09,0.003720800268133928
19,72,348.00000000000006,19.999999998765347,6.310693812309915e-08,2.427184100723982e-10,7.625223739273686e-09,9.999999999382673,418.00000000000006,0.021429560478878784,1.1059411323064532e-07,4.253609527742804e-10,1.4318277028893176e-11,0.010714780239439392,520.9750139309177,6.062821977839304,273.01071810649495,1.0500387025951614,9.999999999999998,3.031410988919652,349.9847105336742,9.999999996282247,4.274332664735168e-08,1.643970155042737e-10,2.5823422799415165e-09,4.999999998141123
20,72,348.00000000000006,0.0036559819746955213,8.920392119359839e-05,3.494645080803711e-07,2.006905845205155e-09,0.0018279909873477607,418.00000000000006,0.00354643044105174,8.711965985604033e-08,3.412992239393312e-10,1.90128238207924e-12,0.00177321522052587,520.8801233283534,6.092316474153092,266.73409841585436,1.0449551908021641,9.999999999999998,3.046158237076546,349.96099347984,0.0006342562046324218,0.00018747662619082172,7.344568049441848e-07,7.317299992708729e-10,0.0003171281023162109
