x,y,WS2_E12g_position,WS2_E12g_fwhm,WS2_E12g_peak_height,WS2_E12g_peak_height_norm,WS2_A1g_position,WS2_A1g_fwhm,WS2_A1g_peak_height,WS2_A1g_peak_height_norm,WS2_2LA(M)_position,WS2_2LA(M)_fwhm,WS2_2LA(M)_peak_height,WS2_2LA(M)_peak_height_norm,MoS2_E12g_position,MoS2_E12g_fwhm,MoS2_E12g_peak_height,MoS2_E12g_peak_height_norm,MoS2_A1g_position,MoS2_A1g_fwhm,MoS2_A1g_peak_height,MoS2_A1g_peak_height_norm,WS2_A1g_WS2_E12g_separation,WS2_A1g_WS2_E12g_ratio,WS2_2LA(M)_WS2_E12g_ratio,rmse,ok,n_starts,n_params_at_bounds
0,0,355.99999999999994,4.678544837553856,4.234301021219884,0.7282351362429134,421.99999999999994,19.999999999999996,2.6752229368947416,0.46009750609758104,340.00000000000006,19.999999999999996,0.8010734388011511,0.13777240255768805,389.23417318883094,4.448942577737563,2.606225122701522,0.44823093535363645,397.4869652728531,0.04931591464233084,2133.7460230023826,366.97174291147866,66.0,0.6317980047918326,0.1891867004227218,0.2748434169350839,True,5,5
1,0,355.99999999999994,12.80473452079888,7.084645476510216,0.5994470254284835,421.99999999999994,4.58452800082546,6.170478564942307,0.5220974053661314,349.9998516560306,19.99999645245636,1.7653919820149908e-26,1.4937359615847179e-27,384.41878966088495,1.118269378705606,6.149605925420879,0.520331326637782,409.99999999999994,0.028947120160934744,2692.907088017597,227.85263553689973,66.0,0.8709650448143225,2.4918564914339155e-27,0.1380944403732038,True,5,6
2,0,355.999963884648,5.750014568582104,17.016561165033,0.9096374175946458,418.3532976747456,4.955729880247302,9.32733205056415,0.4986019300396345,349.99999999999994,6.195642130183942,14.879442604866538,0.7953955922746098,389.9999999914423,0.8585114447290779,7.193037860433906,0.3845110842648286,404.60802140276365,1.346481558723967e-05,27041.771781615087,1445.545149343011,62.353333790097565,0.5481326079990064,0.8744094920565981,0.09800592403323373,True,5,3
3,0,355.293064319009,6.343997799957508,34.21022704721557,0.7949810863827085,420.7535786767423,3.724265736594215,15.6403947215781,0.3634532436763394,349.99999999999994,7.145310852323411,31.53070598453308,0.7327140759224534,381.39309756349326,3.093106482511696e-06,631066.3870913233,14664.791358942593,409.99999999999994,2.2096870076596913,4.289155348838482,0.09967187222048415,65.4605143577333,0.4571847681686491,0.9216748529910567,0.04797278884652589,True,5,2
4,0,353.7774691556363,4.3987646549755715,56.45323027619252,0.7848936036829895,420.28726240481626,9.798479004187383,12.960754647530552,0.1801989606614485,348.8011605968333,9.030827909312434,52.899374308840244,0.7354828117134505,384.2890996001104,2.818301970468061e-07,4542929973.469947,63162314.37441818,409.98336058223833,5.549382409737756,1.2016579777602935e-20,1.670716903079408e-22,66.50979324917995,0.22958393318010656,0.9370477836261035,0.038051325346371186,True,5,1
5,0,353.48760515928427,6.326224572240913,54.93720694118514,0.5570863325188481,419.2250696864677,8.283975555518065,21.575207918300357,0.2187816622240219,349.3831738154916,10.025040845777472,67.41997671088511,0.6836668563180306,389.16948469921914,1.7485300193923873e-10,67.91153908503722,0.6886515050737242,409.9999306765628,39.82228701336835,9.233771871085293e-21,9.36343216808546e-23,65.73746452718342,0.39272487844892473,1.2272188643129203,0.03692955352815689,True,5,2
6,0,353.98082086559907,4.8485212923899494,72.79331930317677,0.5421155983316888,418.6648411593962,6.142021595808868,20.50193323544632,0.15268458574611632,349.294976135114,10.325835808434611,113.8667900183969,0.8480031353404445,389.99956541785866,39.994428407837084,3.676551352356258e-14,2.7380477429235884e-16,409.9998864491759,39.9955087315918,1.383559721138624e-13,1.0303820642232436e-15,64.68402029379712,0.28164580804534894,1.5642478060954097,0.04607804955611918,True,5,3
7,0,353.86499605247985,2.028774801839459,176.67680653555428,1.106121934089133,418.5267042435837,4.125650546605291,42.13320795627197,0.2637837211790024,348.8533912081287,9.61350006741523,148.71680262027584,0.9310725078834144,389.99966930210735,7.173464236102476,1.5384027194541885e-35,9.631490543769865e-38,406.5427422622213,0.11152432335913312,1483.7981473672762,9.289627250725058,64.66170819110386,0.2384761689010556,0.8417449100221778,0.04300850864923358,True,5,2
8,0,353.7146715648612,0.08118790591489485,69670.71401041072,513.5831382454714,418.3367523556443,7.140897233784328,26.032486698319957,0.19190051953334125,348.1801636837862,8.902511954856823,135.14153768428994,0.9962064551375925,389.918534325055,6.813926402299036e-30,2.3852849668766868e+29,1.758331540444984e+27,408.14354204794233,20.999943712682754,8.691147741904603e-31,6.40674779301877e-33,64.62208079078312,0.00037365035033845047,0.0019397179949109762,0.03227328965226762,True,5,2
9,0,353.67936632241356,2.2015853217263297,144.03377697114985,1.180671065888693,417.95244488581795,8.360339748230741,19.730229460950724,0.16173227931497752,348.10802111907446,11.355723660447971,102.75962984237829,0.8423393751635766,387.19379548630906,6.398765349456138e-05,274757.59662687284,2252.2379909223855,409.99958804142614,6.324502059934025,4.904190086292339e-08,4.0200538083947684e-10,64.2730785634044,0.136983351237833,0.7134411941649018,0.04793524051179058,True,5,0
10,0,353.3856902616312,3.7787377070194963,71.69327509697256,0.6632001776074385,417.5577694080825,4.501936807118771,26.151241053289002,0.24191261576120385,348.50948433601326,10.604130301045355,82.49832389305986,0.7631525130381956,370.1,5.506781071025045e-40,4.0133493281710466e+42,3.712557396274017e+40,409.9999999960157,39.9701179421449,4.640456904318968e-13,4.292664603425213e-15,64.17207914645127,0.36476560762382176,1.1507121662592812,0.028480288457412663,True,5,3
11,0,353.55575343976335,2.922154729147322,77.5795741839642,0.8607786337073634,419.1974612906721,4.133525987889199,18.399143389485697,0.20414638356523768,348.44578663303207,9.745663619337773,74.63787020802607,0.8281391669944494,387.20317074657135,39.97081835662452,1.0248401870851916e-22,1.137104122169742e-24,395.91771921530534,1.86850369368765e-05,1654854.8684894997,18361.3241973273,65.64170785090874,0.23716478961144938,0.9620814627190081,0.029109478451647557,True,5,1
12,0,353.7891013990651,3.366686458851653,66.93960585941996,0.8791432969123959,417.6059087254708,6.215945704679158,15.52571540316278,0.203905123898176,348.0815131421503,9.156397626941345,71.69521470875534,0.9416005162066163,389.3827837032357,30.67254166805826,4.120417265597525e-39,5.411500669931725e-41,409.99999999999994,4.21951458909401,5.141584607124512,0.0675263856849461,63.816807326405694,0.23193616400682693,1.0710432753267574,0.038617668019033234,True,5,2
13,0,351.57474610906246,5.945540247928299,35.678619243369404,0.7051021771523952,417.00000000000006,6.986121569696011,7.235828625199474,0.1429987657966315,346.6157990069208,12.14306800626282,32.592023536025636,0.6441030297809119,389.99470812141334,0.09831030560862533,2.9553754432029002,0.058405894160053734,395.00000000000006,1.9944397194297565,3.920903609641845,0.07748723830104318,65.4252538909376,0.20280573572207947,0.9134889249415842,0.0666017719870164,True,5,2
14,0,351.14630581043264,5.8473350442029535,31.889376620403535,0.8732966194570027,417.00000000000006,7.7358280358261835,5.337440337143497,0.146166814687702,346.3167634374198,7.3679864121889915,21.99513210285047,0.6023408591072811,385.8140335074938,0.09719394687754766,1740.5403360458695,47.665026807857956,404.6092208681359,0.02068549778339578,3.4315250882333417,0.09397296456459074,65.85369418956742,0.1673736178877979,0.6897322692967756,0.04015871672785232,True,5,1
15,0,350.63712053340174,1.2286781168105612,99.89971724477292,4.58053558665139,417.00000000008197,4.721141067658543,7.80389048354058,0.35781881130457455,344.6193445727535,3.8407312664066167,18.987762777580134,0.8706143071506163,381.385529226017,0.0005950470646663064,1776.538068201358,81.45664539268769,409.999969387597,39.999999999941096,1.4305116588897078,0.0655908719401993,66.36287946668023,0.07811724295895248,0.19006823343710352,0.07389463163787113,True,5,3
16,0,351.6097702402066,2.7734716604606087,15.731025654124343,1.1915086117257379,417.00000000000006,0.10743712400347935,599.3998608783652,45.400097349439875,345.1685035780606,0.5002187360123508,221.93169346041418,16.809681058757363,384.29688299466494,0.013197442045212846,3.9123559603675186,0.296331969790682,398.39488949908895,39.99999899688408,1.2814358697775046,0.0970592705005126,65.39022975979344,38.10303752961049,14.107897243319819,0.11854332782074216,True,5,2
17,0,352.28514652316585,3.948753995644265e-11,824058303568.5162,112249135400.06674,417.00000000000125,8.601810786426856,2.4180680093949967,0.32937723243338585,347.9912327585044,2.0021466727030393,19.960561892706277,2.718928751586214,371.3500356960557,39.99999999996116,0.9288496944826802,0.126523298983575,409.99999999999955,4.9979394455131905,4.084200716587499,0.5563295670367117,64.7148534768354,2.9343409306401665e-12,2.422226899027498e-11,0.19629995107123274,True,5,3
18,0,345.00000000000006,19.999999999999996,0.5109552965946168,0.05752717048853382,421.99999999999994,19.999999999999996,2.1078534110754346,0.23731790892849633,341.4304635861034,7.753011778974944,5.30899249253448,0.5977260990851129,388.3593355802932,3.424950597029395,6.264765138156755,0.705334135051148,403.2235114990227,0.051155817001510305,15474.728047102804,1742.260672435425,76.99999999999989,4.1253186435755245,10.39032676227749,0.20971127907490997,True,5,5
0,1,353.7604256485189,6.729702363587231,11.204048557566765,1.1405312214615564,421.99999999999994,4.172485165854814,3.4644952665272255,0.35267296440013046,340.00005774654653,19.999999999999996,1.1811052403787763,0.12023219959842837,385.25800215372936,0.19932253287337376,300.4866922623,30.588447773854764,407.50736446903784,0.048142743532740714,3.7012046185210488,0.37676911187519285,68.23957435148105,0.3092181588402207,0.10541771881032283,0.1414469161330949,True,5,3
1,1,355.99999999999994,5.2353502326672565,22.689831099936928,0.9778954161306873,421.9999999999999,3.907965860719591,3.564163062911069,0.1536097252646686,349.99999999999994,6.001574414343461,13.361854532314345,0.5758745510534703,381.39278759317517,0.04180750258780392,3.8911072107999205,0.16770049492016198,398.1854728790008,25.08733364894895,0.8083503220424277,0.03483860550003179,65.99999999999994,0.15708195654752918,0.5888917583150933,0.061225002121983674,True,5,3
2,1,353.99284082062917,7.948987432731793,62.3509205998016,1.1052341359411137,421.956911057648,4.677887506714287,19.645359474616452,0.34823418315734345,345.6546959056549,5.796294010257477,13.799430597065994,0.24460908685406216,386.5773319289792,11.148431349164374,1.4224375449243464e-33,2.521416710084088e-35,404.6093401911039,0.03565579566867163,4.8374322401163585,0.0857484571301695,67.96407023701886,0.3150772961430655,0.22131879472377677,0.04897842152978926,True,5,1
3,1,354.0102103176535,5.026723341669525,153.40676289382108,0.7280270454529258,420.21483625342813,4.310693056934663,58.80413006176091,0.2790685121158874,349.6088108711373,11.575210318844118,129.69767592655603,0.615510125014996,382.62301063639245,6.141592295053776,8.591307755483546e-10,4.077202519507321e-12,409.9603685882642,20.44555765459565,8.03187564917228e-09,3.811711157975108e-11,66.20462593577463,0.3833216277594071,0.8454495322108123,0.03866199017093647,True,1,0
4,1,353.55752391342156,4.416982841936824,248.72078288879172,0.7656039404683358,419.15296160079805,5.383172359445906,67.2049341225419,0.20686796569846128,348.6807102684298,11.26969182736376,195.40381352379325,0.6014854403351012,389.67526396589153,3.22809868284894e-09,5.107033011248889,0.01572029708213908,409.9249999661182,5.918307451237548e-38,4.490535751688817e+40,1.382261597272347e+38,65.59543768737649,0.2702023262470617,0.7856352462960942,0.033611015657240194,True,5,1
5,1,353.78991469905816,4.488937490925093,302.2140254091596,0.7647447980629679,419.2348591419202,6.200230870625159,82.45620862542995,0.20865330961698375,349.0491738912923,10.210608809789004,261.62629539912433,0.6620385939139861,383.3362083081687,36.11913242895665,1.2238500579264835e-26,3.096921011992098e-29,402.8082486474149,1.4273156383957097,4.307180886082903e-22,1.0899210162363009e-24,65.44494444286204,0.27284044317200257,0.8656987214439018,0.03324149911113319,True,5,2
6,1,353.845563461695,3.273478995206603,417.48928363454274,0.7701430070776389,418.8084137990591,6.4732501124216295,96.73591700756592,0.17844886788000808,349.39948839330816,10.870638234197827,415.1378268009047,0.7658052716964919,389.9999971905631,39.99983010251973,1.5358075595496124e-11,2.8331061384547722e-14,409.9999945320153,18.22033674294868,1.6252315834717383e-10,2.9980667479554817e-13,64.9628503373641,0.23170874271408978,0.9943676234916333,0.037383258747653886,True,5,2
7,1,353.72711236130914,2.951216809131321,453.30479923875333,0.8111402588643032,419.3284119695997,5.47894314039926,122.27857881706382,0.21880438557411339,349.20303115446256,11.444279387839261,423.3001122288268,0.7574500935952708,387.89033631127904,25.761606852850363,8.568207974937399e-15,1.533188805074479e-17,409.77697725278404,18.213319111634537,2.1441235837286416e-14,3.836678900517636e-17,65.60129960829056,0.2697491379363498,0.9338090241702399,0.04249333500955774,True,5,2
8,1,353.75902212754687,0.8490480261054427,1735.6949995450748,4.067871791675182,418.34089212104146,5.117698388964879,113.87269278174456,0.26687840601624274,348.98365942120034,10.715726502222404,401.9714131802531,0.9420826661160733,389.98429325379766,37.69701624744607,1.897109909502326e-27,4.446172794525907e-30,409.9914993667706,39.98394285366032,1.0961572264158681e-25,2.569015329160207e-28,64.58186999349459,0.06560639560037367,0.23159104179340823,0.03768214372293216,True,5,2
9,1,351.2190071475415,9.23888006368924,358.0591274524092,0.993954064727616,418.56255245085737,5.646793882537334,75.47335154680714,0.20951021436686046,340.0000001360318,19.999999999997623,59.88984751453912,0.16625119375264438,389.99999991597224,6.720594180742345e-34,4.445961424691123e+36,1.2341764504470785e+34,409.9999999423014,26.780298839541572,4.021958746206703e-33,1.1164754470587483e-35,67.34354530331586,0.21078460444173022,0.16726245170917833,0.040931574246367675,True,5,6
10,1,353.8972298343328,3.307941816054117,242.3720606866168,0.7551833622454989,418.3103605437745,6.53864186107986,58.50876590157268,0.18230173242416234,349.0926228441668,10.67246552589615,267.54716208696084,0.8336239946621417,389.9985884468671,39.73878997609676,1.7889267323526382e-10,5.573941570335116e-13,409.99529085211276,38.06742163512985,6.754995670456567e-10,2.1047229321390413e-12,64.4131307094417,0.24140062074738713,1.1038696511843213,0.037397131077034115,True,1,0
11,1,353.8605491020929,2.7243870978143914,217.8191682800226,0.7992307180427248,419.2079185172199,6.087664490521511,49.67304932143608,0.18226231965731077,349.38266492169424,10.206587427250525,237.69999945116098,0.8721782510705258,388.7867032611523,28.46437564942333,1.1404872890183229e-17,4.1847211249512177e-20,409.4579312035035,32.96299842656009,1.3114133219927075e-16,4.811889693929915e-19,65.34736941512705,0.2280471903077773,1.0912721838400379,0.03644392620853852,True,5,2
12,1,353.77665155905567,0.11458857409196505,48447.37260922941,218.76533523829406,418.0517572717383,5.567588241579131,46.262586217090586,0.2088998770770137,349.1906838982389,10.364540781626076,203.62170691045483,0.9194589628906573,389.93132244575196,31.47886449848948,2.789641774858127e-37,1.259669792609822e-39,409.99999999999994,4.19328623037519,0.241618629031735,0.001091035024877178,64.27510571268266,0.0009549039241041812,0.00420294633008982,0.036130141404369466,True,5,2
13,1,353.69939688184155,0.08291223644672392,62468.49203769416,414.22982871219955,417.1358655987866,7.088383569120264,25.67559074959714,0.17025535932374558,348.7922999501851,9.919733427729877,142.26604965893085,0.943369040287073,388.4867399404432,23.085301323335305,5.467718574075831e-34,3.625655197534275e-36,408.4457992046098,29.460455375738672,2.129937363884204e-32,1.4123657553268426e-34,63.43646871694506,0.0004110166567508019,0.0022774048967451623,0.03690327693523349,True,5,2
14,1,353.70862210548535,0.073325473864628,58164.386696698195,584.1329538967823,417.00000000000006,5.478615671697964,23.058064171106533,0.23156738857481346,348.32521055234827,9.195239831142153,96.54169352198721,0.9695483407271533,380.8547878636284,2.0000108186338505e-10,31.695229408000518,0.31830865981747725,404.04357310608134,16.783509436317797,9.154805881917288e-36,9.193982960813287e-38,63.29137789451471,0.000396429249591236,0.0016598076418377773,0.033589031783773246,True,5,2
15,1,353.53770789094915,0.04949160086806186,57116.89000962562,900.4090070626341,417.00000000000006,6.171993661089173,14.880870671712719,0.23458682682979204,347.4406807921346,8.267724013849834,66.86856163106914,1.054137491936112,388.9706618803178,28.920339695798944,2.212854601873674e-34,3.488415098425832e-36,409.99999999999994,0.0026356170560409477,246255.58162627765,3882.052116254596,63.46229210905091,0.00026053362970576515,0.001170731838162059,0.027699130744388935,True,5,3
16,1,350.5451849256195,5.241793465162189,29.583615877440835,0.8206709619441545,417.00000000000006,5.882390358464634,8.289628699915205,0.2299603127455084,345.75983755056495,6.877423148913476,23.544168604305426,0.6531323140726963,370.0000001181119,0.012844040098131651,2496.673977664565,69.25954702086821,409.99999995712255,39.99999860899119,1.0095309602135283,0.02800512106644186,66.45481507438058,0.2802101248967511,0.795851619418138,0.059414431310385166,True,5,4
17,1,354.082030193962,0.05139649055615556,6210.236200471312,422.68175597663907,421.99999999999994,19.999999999999996,1.6716229735045374,0.11377418039561289,348.08794354859907,6.89343739724001,16.457325790175954,1.120120256157612,370.00000000000006,0.0026373780851162818,1632.7982408380694,111.13168731659913,409.99999999999994,3.481804071117318,4.156615966680518,0.28290803747266785,67.91796980603795,0.0002691722052983546,0.0026500321821780245,0.1255733284304088,True,5,4
18,1,355.9999999999997,19.999998828081786,0.8919812194238066,0.1641254823415148,421.99999999999994,19.999999999999996,1.5062615639160954,0.2771537116778173,342.3240582071992,0.2909125666913691,278.24089857977367,51.19661792435609,381.3933247095996,9.952340709681104e-06,54806.16141826035,10084.39133266669,401.7109693219043,0.006602239995200576,5.09777830609444,0.9379965689169193,66.00000000000023,1.6886695942870813,311.9358261371344,0.2289702410051256,True,5,4
0,2,355.99999999999994,7.520524142751081,24.055347214359127,1.0888508188882393,421.99999999999994,4.512803015451214,7.877889681521899,0.356587936744311,344.35953282163433,10.350442836905145,4.311464015570586,0.19515582469576417,384.29687912014344,0.019059095612678684,7.188063557340901,0.32536337226341994,401.65731785568886,0.37242973973900934,5.813608943913595,0.26314951111982754,66.0,0.32749016720986784,0.17923100328383473,0.06701522426913752,True,5,2
1,2,355.65448852259397,5.8027278192527465,48.68946766228556,0.8121757955504385,421.99999999999994,7.2272388516266055,18.441340865432664,0.30761500191962693,349.9999999999773,9.154692595842233,31.568648899559275,0.5265880644308626,387.2011928175805,0.005959262094936807,2.063360958192117,0.03441836413885189,409.99999995970427,39.999999999462624,1.8773085531387482e-11,3.1314874465553635e-13,66.34551147740598,0.3787542101167224,0.6483670989899131,0.04458491268617756,True,5,4
2,2,354.34883897119767,6.9402215967445,191.06347781065784,0.8264211458624385,420.83613691077977,4.292685630798695,78.12661458248567,0.3379268873645999,349.6089850876061,11.249923352663611,105.49691633358132,0.4563136999304048,379.437518119094,1.9999979598074615e-10,73.5914861441615,0.3183107572513013,407.50781329854027,0.04549994787885158,6.308598721481736,0.02728705372650989,66.4872979395821,0.4089039699146921,0.5521563699271077,0.04166988547366344,True,5,0
3,2,353.9990148101479,5.339254773083012,684.7416097103535,0.7236474430582882,420.00650869380553,4.995453012479928,269.9497975728748,0.28528787793448973,349.18072780675806,11.877382434012834,589.5431864055224,0.6230400100780401,370.2365251367979,39.999870242674966,2.892661303065908e-16,3.0570173126805523e-19,409.99850441217745,39.85885862911778,1.1204302175986875e-13,1.1840911237065023e-16,66.00749388365762,0.3942360063193237,0.860971756419038,0.042610249877625225,True,5,2
4,2,353.9705705994461,4.142246706807013,1054.0565014864487,0.6148021074530013,418.921908958847,5.7694511647009525,391.47410851781615,0.22833605844717855,349.33742765261456,12.386920032846714,1332.5452752404342,0.7772369340154307,375.33542097331286,2.9689752807219213e-40,5.120981436045925e+44,2.9869273370723655e+41,409.9693528599937,39.199053169582896,1.6414950619931422e-08,9.574388299525643e-12,64.95133835940089,0.37139765085244725,1.2642066847092692,0.04428061977584531,True,5,1
5,2,353.8592175466276,4.463125716615195,1345.6698512067735,0.6480804647443479,418.72008952480485,5.571104993746642,467.60766978547326,0.22520189159385817,349.1244770331089,12.814538497986868,1478.135801758586,0.7118766438141494,389.84119790350394,34.78793369736891,3.93490472910821e-13,1.8950672657771623e-16,409.9419839277856,35.19159287579705,5.562782144781242e-12,2.6790601234235642e-15,64.86087197817727,0.34749063402596914,1.0984386701039779,0.04323713664828528,True,5,2
6,2,353.8119426126553,3.444674392573745,1819.5239075150669,0.7354974722082278,418.6392087808707,5.487215669553654,716.2631184092461,0.28953162464649873,349.16434574858545,12.048232788077334,1853.69931058681,0.7493120324166136,388.55190490218104,39.31780810953125,1.2098053042623556e-15,4.890338288350851e-19,409.98714238752507,37.039592705677414,2.733910574653977e-14,1.1051156341482107e-17,64.82726616821543,0.3936541396630783,1.0187826073241415,0.041295166738009696,True,5,2
7,2,353.77427123779,2.8419068824329976,1868.5794360633458,0.7798265569186494,418.45029341521735,5.292268347391383,738.2272241609026,0.30808922721200943,349.22012834910225,11.027186267029046,1974.3242366445763,0.8239577306636839,389.9999730865044,39.996551429048765,7.424625916773988e-11,3.098568010191111e-14,409.9999389711726,39.99856370037817,1.0713525309982318e-10,4.471146044797364e-14,64.67602217742734,0.3950740385520738,1.0565910116211112,0.03793382477636379,True,5,2
8,2,353.80755120907315,1.7837135174824699,2186.4129780015546,1.2653948718115688,418.01464814402163,4.969656926683784,625.5600692674399,0.3620452822159133,348.88907992122085,11.375400386668959,1584.0953108807632,0.9168012187164422,388.92522529866574,0.001206251764155177,0.009946473304156935,5.756559459867013e-06,409.9999915128044,9.947810134864445,1.116589623899487e-09,6.462305146449851e-13,64.20709693494848,0.2861124936420841,0.724517886976994,0.042009968609638404,True,5,1
9,2,353.86122304137564,3.447235485405534,1209.0785896946097,0.642139418352325,418.14293053246627,4.958212269667541,447.15443099582035,0.2374828970429837,349.07088942340556,11.878303800093121,1590.338427239225,0.8446258178376046,385.54548358668734,39.64920382409486,7.371538000739424e-16,3.9150102933776046e-19,409.99926230632394,16.47401849111408,5.468914715046266e-13,2.904530560768011e-16,64.28170749109063,0.36983074120001,1.3153308980857186,0.041953099982250004,True,5,2
10,2,353.8001736321631,4.0221855635043235,1085.4938524153013,0.5875366296450962,418.1409332469828,5.554152254151269,391.5983176303784,0.21195730883533023,349.0982603342039,12.23392632468443,1477.5384018171733,0.7997354668045903,374.97850313118465,0.0019051502131485635,0.0002752309668100354,1.4897207778166327e-07,409.57703597960085,26.83320168041525,7.854241113818648e-12,4.2512026596604116e-15,64.34075961481972,0.36075590548858866,1.3611669918991665,0.041654834645377364,True,5,1
11,2,353.71563478711784,4.001530327724111,898.7937607776103,0.6413400928175409,418.0291311107192,4.999499142402114,257.9812487093944,0.18408418617561648,348.9286332053076,12.058033522439164,1063.845876846752,0.7591140962195367,389.99469434959616,39.99993438582377,5.10396233925305e-11,3.6419652908602245e-14,409.999999819702,39.999949824552246,2.5532848960682417e-08,1.8219129278526515e-11,64.31349632360138,0.28703052910180027,1.1836373629544819,0.03965938808124284,True,5,1
12,2,353.8407336948046,2.2558355420119582,864.5838021378252,0.9808130276850824,418.29407870152625,5.468483514150567,180.07882960000435,0.20428749838388754,349.3596861963202,11.242547646782857,743.0566762709999,0.8429485569737681,388.1669332882656,30.186622823581395,2.362803368144737e-15,2.6804438385315912e-18,409.25792067072615,25.2404373225722,3.277353322300253e-14,3.717940154431264e-17,64.45334500672163,0.2082838345510637,0.8594385812383606,0.03996535621371001,True,5,2
13,2,353.7903197848932,1.1924596345139444,1099.505308331508,2.6622659905860804,418.4965394419527,5.677400194187684,97.3518507270918,0.2357210277635202,349.11381045802204,10.817555553667829,354.71657528275847,0.858886144083742,389.98546269972206,39.9999779255281,1.9750233163170735e-14,4.7821846477708374e-17,409.9999999362646,39.99987609576661,5.559371614423431e-14,1.3461077328102063e-16,64.70621965705948,0.08854150133647157,0.32261470007910964,0.039482670340214944,True,5,4
14,2,353.7781437828272,0.08652100809183691,139659.52506230117,505.52483105195677,418.31787904098314,5.568071427450821,72.58014213942506,0.2627179497881883,348.86426889930186,10.081642679674816,232.29223739387334,0.8408269612175349,375.122357229878,39.998108079886016,1.7661795701589806e-30,6.393030682395224e-33,409.6464271962501,29.771186249977248,5.427785781224982e-32,1.9646926973408694e-34,64.53973525815593,0.0005196934624190334,0.0016632752924675158,0.03313119737830991,True,5,2
15,2,350.8439133963352,7.415357108891768,123.65713626643354,0.8216844504796486,417.9345644329947,4.761839223917603,44.96647067726499,0.29879593579499086,345.62664992007626,12.57638688395655,59.018777096270426,0.39217155507986357,389.99999998025356,39.99999997414511,3.591781892771211e-13,2.3866890499918455e-15,409.9999999931472,39.99999998975221,1.6221614405785635e-13,1.0779036876765243e-15,67.0906510366595,0.3636382988878179,0.4772775666509669,0.04154698060920507,True,5,6
16,2,353.33581782740254,0.0432636088674224,59118.340722445806,935.0118404109934,417.00000000000006,3.1925050912710757,29.00453485237122,0.4587338409902929,347.2805198287512,7.316026637583316,67.4064966264537,1.0660967763330422,378.48433937951995,0.03908359519208246,4.616196192946658,0.0730094594218968,409.99999999999994,10.153780571216025,5.121794403251483,0.08100596790553444,63.66418217259752,0.0004906182159026479,0.001140196017051965,0.04800538137038048,True,5,2
17,2,351.8925876738481,6.203702635505284,15.097778740873968,0.5004041372270003,417.00000000000006,8.316358817134917,9.26998710287404,0.30724651473138365,346.425168919885,7.394973403604287,26.516878160849988,0.878881308686175,389.9999795175739,39.99999999988715,1.4234724641986483e-12,4.717988801791666e-14,401.71919148351924,8.646361217284465e-06,1383569.1081563507,45857.3223083829,65.10741232615197,0.613996751573631,1.756343010184755,0.04679056891907186,True,5,3
18,2,345.0242341528754,0.24725202085229542,1181.9348990957233,96.20345034544229,421.99999999999994,19.999999999999996,1.942734444786244,0.15812863875697883,349.99999999999994,5.561587351309779,8.982844762668424,0.7311575796157275,378.48453847199016,0.01744613341264554,2.348431380350503,0.1911502925094105,397.5021688464014,0.11112822916030334,1603.2893582636705,130.49954636681156,76.97576584712453,0.0016436898904267862,0.007600118051798821,0.15826526805593388,True,5,3
0,3,354.45298749914895,9.093407184345795,41.59949095854621,1.0691444167837907,421.99999999998346,2.6354036394899034,12.03662139819791,0.30935202014004004,349.9998497230527,7.843064244186631,3.836260889995209e-09,9.85953630045989e-11,387.20728173811847,0.00015799638908905433,17980.94393278185,462.12646768665957,409.99999190577654,39.99989872235287,0.18306882239326164,0.0047050337597635645,67.54701250083451,0.2893454011298449,9.221893829946221e-11,0.057701674595586096,True,5,3
1,3,355.10071819439474,7.116998573126709,133.44072215037028,0.8394003091874909,421.9998149967082,5.5056307388234265,38.678547882720764,0.24330492617608251,349.9999999861893,8.696602810510996,81.82923839721904,0.5147415789147239,370.0000416079699,1.1334452956409096e-36,9.030766872700065e+39,5.680746014400636e+37,409.9999995675746,34.40408194238066,2.087834467342175e-06,1.3133388887422617e-08,66.89909680231347,0.28985565470138186,0.6132253863630037,0.04145473976403162,True,5,5
2,3,353.97859406713326,5.890727403918213,652.3247615574325,0.6843959147380588,420.51279549085194,4.545298940869185,350.6116453601533,0.3678492552868569,349.4821194142093,11.473304757698598,572.8853359066579,0.6010508976721367,389.9999555194707,39.97048604779211,2.8565817514531644e-16,2.997023869126434e-19,409.6942831443492,0.12809145807389236,1.0821219637652532e-08,1.1353238369812528e-11,66.53420142371868,0.537480203147684,0.8782210482687917,0.04086307726898109,True,5,2
3,3,353.974545933067,3.3233012248117864,1723.0069173914799,0.8533938482233756,418.90759337065964,5.4975508442560805,970.2360139654028,0.48055143440536613,348.9919413544046,10.470967853491283,1635.249592334804,0.809928229725867,389.09201841275046,2.3266121922791393e-05,1191.9467169240327,0.5903632686356206,395.00017170218445,8.425114427154974e-09,1867.7895554360964,0.9251037243647228,64.93304743759262,0.5631062790126675,0.9490673402579632,0.03608063089507252,True,5,1
4,3,353.8849174856515,2.728285536560057,2246.195822432893,0.9058484195635879,418.8474424529871,5.487017063549441,1139.1410132026501,0.4593940902944198,349.16464653052,10.055672327422156,2124.0918656016083,0.8566061962394084,375.38112250345813,1.2844499120635061e-17,3.7067588479792094e+20,1.494865946508824e+17,398.45328639915544,3.272827841421312,4.395890044401272e-21,1.772779563352237e-24,64.96252496733558,0.5071423434350559,0.9456396652456456,0.03822942010255241,True,5,2
5,3,353.8535592625331,2.342008039784072,2742.3224601279817,1.085093321357813,418.8100854708975,5.473627417649613,1154.2653749287924,0.45672442523457,349.03912146788196,11.191456811529685,2067.1537517282263,0.8179398166455464,384.03389669399235,0.017242627540217926,1.605911743249504e-06,6.354336999481803e-10,395.3849701313881,39.01166871097441,1.736264055031678e-11,6.870120336397576e-15,64.95652620836438,0.42090796823176074,0.75379674775072,0.038668234356822095,True,5,1
6,3,353.8404565278797,0.9754750760916541,10263.630717690954,3.9306771515518184,418.8417995315968,5.347077764205608,1199.47816759751,0.45936584789962825,349.189517811804,10.40714434965099,2290.053486219037,0.8770250179205441,387.269078324698,30.75837291020911,2.3674179790805423e-16,9.066534070156386e-20,409.70321023429966,32.76135330916282,4.120059569452276e-15,1.5778650321824756e-18,65.00134300371707,0.1168668476672708,0.22312313733889275,0.03869306248132608,True,5,2
7,3,353.7663213564797,0.425967519433254,39791.831788260046,19.55583084990811,418.5136932567088,5.212740914888496,1014.078387259472,0.4983722668340368,348.81377988733624,9.907985631002687,1829.2295900623694,0.8989810933876244,381.39254581737055,8.473170458826379e-10,227137347773.28326,111627420.83317663,409.86657002454507,4.948757882122328,1.1620422182428647e-11,5.710895939983851e-15,64.7473719002291,0.025484586702506615,0.04596997694893892,0.03474478429748354,True,5,1
8,3,353.73117542279346,1.0622206658489644,5726.91729300036,3.2069306132246522,418.2517288321648,5.509027083752283,891.3068241380186,0.4991095547333712,348.7099394080322,11.51973180798159,1530.363013945547,0.8569650560114019,381.39248865413197,4.14460577559581e-08,1032625581.673926,578244.5285034114,407.8219458748348,6.169642363143669,0.004275083981246394,2.393940228597697e-06,64.52055340937136,0.15563465971953275,0.2672228243659133,0.035077482719716745,True,1,0
9,3,353.80417722326496,1.5027434887072817,3737.3029502173517,1.8010519530783533,418.48364021853234,5.476834552064744,994.6746114258359,0.47934584791467527,349.0430724756087,10.911193548969772,1813.3579125207061,0.8738793331660641,381.3797990620751,3.624196217933575e-05,1990786.0738541845,959.384131882523,409.99999999845414,28.81916053776613,3.1288354138951164e-12,1.507824013230929e-15,64.67946299526739,0.26614770723042086,0.4852049557329159,0.03828757166148536,True,5,2
10,3,353.8867890503292,2.526951902638012,2056.017251056233,0.8774549944395742,418.685195446379,5.545071484030456,1029.8642166666139,0.4395194155323771,349.297847290698,10.980210227038182,2015.9350771101538,0.860348959118657,389.99989432377964,39.99713720288314,8.960744116838445e-13,3.8242138655089907e-16,409.99999958453594,39.99984230379406,1.791295795817897e-11,7.64478723002717e-15,64.79840639604981,0.500902517300156,0.9805049427841679,0.03849336520833599,True,5,4
11,3,353.8570398698982,2.5711800559662943,2106.6676377867093,0.854917292506549,418.682080341919,5.598534207934744,930.2257145613676,0.3774995329345309,349.25934163044417,10.815659255973024,2128.432309646787,0.8637497224566573,389.7480313560899,37.55656223826777,1.9428856171488913e-13,7.884520945163991e-17,395.4095585590831,3.093420604971208e-12,1639595623802.9639,665372470.8943073,64.82504047202082,0.4415626356413174,1.0103313268166705,0.03885461654857019,True,5,1
12,3,353.840080867265,3.284065010592855,1550.2338782331026,0.6354043425256886,418.56595604895546,5.631151442813417,713.9723689706193,0.2926404525518113,349.3804588047105,11.373554023843612,2050.3391649880414,0.8403857168756828,389.94769113304227,39.88549534386072,2.7383026254821735e-19,1.1223657306238027e-22,409.9997299250449,9.473720024093929,2.008217633863925e-15,8.2312109366889315e-19,64.72587518169047,0.46055784162347024,1.3225998952654419,0.039439322280607994,True,5,3
13,3,353.78686795387307,3.4763673472853953,1430.714210536633,0.6869388644628295,418.37763016197124,5.691732136109449,494.1735042747462,0.23727099610395563,349.1609396544427,11.883407739388604,1620.4682488063706,0.7780468038516181,389.7651909256269,4.331543982881535e-13,3069276.376524623,1473.6732278779778,409.8273816824046,39.60071042494151,1.7675508735467528e-14,8.48666617702124e-18,64.59076220809817,0.34540336611977274,1.1326288904326776,0.0403172746447477,True,5,2
14,3,353.7831986528292,1.8342249875146859,1829.3734454186845,1.4227270579138036,418.3055352473228,5.154032313985169,286.12595501672683,0.22252380408886815,349.1635509589098,11.201304887196791,1033.151910975573,0.8034954166200273,383.6493291891175,3.112872510268339e-12,4758067929976.387,3700410107.253974,409.99998904914634,39.99908760746274,3.356565250948314e-16,2.6104436008605395e-19,64.5223365944936,0.15640653128166615,0.5647572471126134,0.039045618779414856,True,5,2
15,3,353.6046812686571,0.07282133125503427,246154.47807539627,611.1173712334258,417.8730848943244,4.142204435101706,113.01196941791828,0.28057006400442813,348.5530806808587,9.99131615600589,335.43764295053927,0.8327769300621123,389.8699586042201,20.22027904581793,1.4419124974321084e-28,3.5797755209207777e-31,409.82097931895527,12.658338247930475,3.743682481069269e-33,9.294283063430303e-36,64.2684036256673,0.0004591099471418233,0.0013627119261579953,0.03297756859207851,True,5,2
16,3,350.9244960059722,5.603892925153447,79.09503096013077,0.8629301733660103,418.28093354804616,5.204736390087978,20.209584134028937,0.22048742795515464,346.0421762689649,6.887748990028359,59.35198095041873,0.6475326526767224,389.99999999999994,0.0013324592430069824,46364.550743515414,505.83923320424964,403.381913891995,0.09990787701576404,2677.5936491667467,29.212661324374157,67.35643754207399,0.25551016149441713,0.7503882384259528,0.03179778756613871,True,5,1
17,3,350.60286349513984,1.3894510204146249,73.56087171040616,1.8878055769240312,417.00000000000006,7.277555343715747,7.972667585822111,0.20460396922331864,346.0101424374047,9.209920132390156,32.549779383892506,0.8353307080218646,389.99993122726113,0.005753263117843217,1438.6164867052719,36.91946769403059,409.99991964111507,19.676797156891663,0.20428344795853023,0.005242562021934666,66.39713650486021,0.10838190739784656,0.44248767893934443,0.048118351168042174,True,5,3
18,3,355.1990016388978,3.278784948615789e-08,701746412.9324155,43211460.23965844,421.99999999821813,19.999999999999996,2.5232972586960405,0.15537715214154457,347.81437835087775,8.044397055543635,18.094823285012108,1.1142254844689186,382.4541164949629,0.8118787922273689,9.234016220637228,0.5686032980247744,404.34114566255,1.9999979791389278e-10,5.169295820868062,0.3183098861838936,66.80099835932032,3.5957394468919884e-09,2.5785416143986478e-08,0.10303362123192582,True,5,2
0,4,355.9126293337967,6.587052672906145,74.77009753364487,0.9024307085809178,421.99999999999994,6.4015580616055665,19.793225596868712,0.23889248763446755,349.99999999999994,10.31740338481359,30.417277515743656,0.36711848997232227,384.3165407954928,0.00016214351213874603,5132.374608271152,61.94471596564019,409.98880564623516,9.277174749379249,6.3873803722818935e-28,7.709189081558237e-30,66.08737066620324,0.26472114187041423,0.4068107240605987,0.043669914307589895,True,5,3
1,4,353.61387732929643,7.191580121635721,375.75053617055335,0.9646472421488996,421.1601629391336,5.0360541421227225,113.60344029344421,0.2916489394654022,347.1732620019643,14.588404367408495,96.83402494692488,0.24859758302202312,389.843874707284,34.694354761106105,2.647322063376725e-39,6.796349390589165e-42,409.9455638290525,38.90203534779856,1.7730933766435912e-35,4.551981890121282e-38,67.54628560983718,0.3023374003700145,0.2577082814939002,0.03906709899599651,True,5,2
2,4,353.94652999297267,3.3546155744067514,1293.8676251968789,0.8612104415575847,418.7170224295288,5.667307638377133,768.3709748085824,0.511434936316797,348.73893199982786,10.392826779900783,1243.9796601126232,0.8280045435182983,389.99401420140543,39.999921329677264,6.4909141874589446e-15,4.3204134369181015e-18,395.51176547264464,38.54982086314322,1.6590769785529363e-18,1.1042972166957073e-21,64.77049243655614,0.5938559400090598,0.9614427595893632,0.03972081698316387,True,5,2
3,4,353.86103813438507,2.631937728226784,1670.972401598085,1.0270155840127306,417.99062383512694,5.418851605691138,908.6655315529645,0.5584853829229011,348.7276408199743,10.472676277727517,1373.4751464644219,0.844167371240888,382.3067897836938,0.03091863280501241,577606.7155980454,355.0095128933706,403.36000761345997,0.025376818578772175,426143.4180265382,261.91691192454215,64.12958570074187,0.5437944580556415,0.8219615986181802,0.0368201307815879,True,1,0
4,4,353.9038594276935,2.184923146093518,1889.4312843254795,1.090595541762796,418.16744682872803,6.212937910626111,870.9592711836204,0.5027249766052904,349.08838637243196,11.874254445863127,1473.4024904567705,0.8504602420024009,381.7714145606194,0.005881377681763298,3224572.6843323,1861.2503258504844,403.19871450602756,0.03165540674267892,385932.7257782872,222.7635975152292,64.26358740103456,0.4609637187703018,0.779812688971523,0.04048383855447943,True,1,0
5,4,353.85323247047154,1.7620485585107268,2965.42457543585,1.5730567693915611,418.1340645033631,5.736813351274601,994.5261565362827,0.5275622640466021,349.0348139605156,10.290507699918747,1640.9694484227905,0.8704784200511352,381.39262167502255,8.545969887430287e-11,123788903655652.61,65665798578.76294,404.1765122647094,0.0026881418214642406,1864534.2331058308,989.0719263086783,64.28083203289157,0.33537395109437573,0.5533674543658239,0.03597594361140331,True,1,0
6,4,353.7900444160557,0.17586022904676518,219762.55014627468,115.70745702277202,418.27777450380523,5.244524669711032,1054.9399634102801,0.555437768612774,348.76337861662694,10.181431172175266,1700.0924009604864,0.8951177909427411,381.3925955783245,0.0093512508188249,47.61043831069653,0.025067431830416632,407.9692965991496,9.844021357362278,8.489069577464135e-35,4.4695907134494243e-38,64.48773008774953,0.0048003627674874936,0.007736042377688553,0.035241136515651486,True,5,1
7,4,353.6965990257132,0.07741860874329745,541394.9421097038,575.4585161066773,417.9861782685052,5.117998950338581,437.46036500289625,0.46498456656996534,348.66102639305115,9.655221212914027,830.2313377955243,0.8824679665667505,381.44500425575035,3.5602120394122783,466.06388706271156,0.49538776962876047,405.68324079434393,3.460442604993289,306.22386767667723,0.32549091020868937,64.289579242792,0.0008080244771002181,0.0015335040526242912,0.03599296232074146,True,1,0
8,4,353.70836221253984,4.2765086963688335,490.75765219763736,0.854462214024037,417.50834110459056,6.094865951456646,228.2396355991306,0.39738992043986193,348.3713154568937,9.254154739415636,397.70892159840855,0.6924542982963686,381.4310087113636,3.6558037529268694,459.7224665747138,0.8004265952185848,404.6222371044974,5.256205417064714,198.8408730013115,0.34620349132070233,63.79997889205072,0.46507606061171347,0.810397799845704,0.037405874263446874,True,1,0
9,4,354.03820409568954,4.386545545960479,587.4926858888948,0.862542907313275,418.31505029098633,7.063281327764386,239.32253086045412,0.3513676961639414,348.7641979227308,10.158632249353593,473.09307310055766,0.6945840935611216,382.0276009976697,3.3239816509743894,544.8687851763351,0.7999635014334943,405.7703817661412,4.683429320126357,221.18800236247273,0.3247430090672199,64.2768461952968,0.40736257081796967,0.8052748305874703,0.03883382297130553,True,1,0
10,4,353.999370083068,3.8661078501005948,922.0194145922244,0.7068573756775723,418.7291099312768,6.644090477523917,560.6639934977679,0.4298276943072972,349.24781691756004,11.522834333446834,1005.8261705246,0.7711070244646419,380.362822811743,2.2420685846964226,744.5639845602744,0.5708128655653912,404.487678112019,4.251397073174763,182.80887893501344,0.14014868056949956,64.7297398482088,0.6080826332119365,1.0908947844329724,0.03706965427620179,True,1,0
11,4,353.8980706235832,2.5649878155175196,2193.8968757128855,0.9903516448198195,418.75451508564066,5.395577537945157,1119.9517801662198,0.5055598099824516,348.9583564640914,10.281282886470851,1936.9324364118095,0.874354781913795,372.7154510273692,0.42425333353961,1.2268465687017228e-30,5.538134133403592e-34,402.8608398942837,4.559012528314279,8.83613291616556e-26,3.9887375128001853e-29,64.85644446205748,0.5104851520435765,0.8828730547247906,0.0380612516943522,True,5,2
12,4,353.86430670690277,2.1712136528642456,2958.1691135632705,1.1828534688995898,418.88834504972453,5.633186345108585,1138.6986148104759,0.4553200154731184,349.0944311986973,9.976871484702666,2185.655057482879,0.8739560070138835,389.9998143356484,39.99899583089179,9.656499056076495e-16,3.861247605329442e-19,409.99999999383425,39.846541886181704,5.258505517438271e-15,2.1026659578083157e-18,65.02403834282177,0.384933575835647,0.7388539916334067,0.0354828337545394,True,5,4
13,4,353.8362258129643,1.4273620807441731,5034.611845683385,2.0054623230264252,418.85985125641287,5.493463566016229,1132.7619855386783,0.4512187935405907,349.1455847718119,10.618713266670925,2200.4915076322154,0.8765328779972738,389.99999999997425,39.999999994831214,2.481674816451518e-10,9.885380432384626e-14,409.999999999954,39.9999999999971,4.478313461968743e-10,1.7838691827614524e-13,65.02362544344857,0.22499489936049286,0.4370727227996514,0.03881049080839598,True,5,4
14,4,353.78913444885546,0.08629741601821019,992036.2941967632,470.07354178685847,418.42831436232433,5.120445877725196,970.236146703104,0.45974360466281644,349.00576442098424,10.406170071214671,1807.758646083994,0.8566012296440956,370.02834229341556,39.966269478631396,1.341512167716715e-29,6.356716782618898e-33,403.1209683609175,1.0189545118058988e-31,1.3403055336228712e+34,6.350999181705988e+30,64.63917991346887,0.0009780248488677418,0.0018222706736225906,0.03714013058775922,True,5,2
15,4,353.6915958510498,0.07152305791529737,534691.3282431934,621.5142141269915,418.11534263104716,4.802724503717449,319.57759100004114,0.37147042570447025,348.8039965325941,9.664113073450293,780.7422682615454,0.9075187714164622,386.07187191356917,9.991216220651445,6.730402229931124e-33,7.823281268537094e-36,409.3962273670583,28.411680501166487,5.073639906201309e-29,5.897494783442265e-32,64.42374677999737,0.0005976861305195655,0.0014601737993896185,0.03477067210707674,True,5,2
16,4,353.5274143232189,0.05708531187959997,115805.07654706255,778.5356910422904,417.289619993909,6.483538134917139,41.611615469088804,0.2797470436578616,348.18954841272466,8.392767651516785,148.42682914595704,0.9978455819370101,386.736593212949,14.741698874018912,2.6670579973386687e-32,1.7930127960876484e-34,408.24703464666885,16.77313886360135,3.435585288021962e-33,2.30967920068505e-35,63.76220567069009,0.0003593246229769389,0.0012816953588872867,0.03480647752854593,True,5,2
17,4,350.92123437146444,0.10855293956457941,14186.509459284967,254.9061585710425,417.00000000000006,13.72265266048647,5.503376981331067,0.098885824557869,346.69101704500895,6.010911702774576,53.358924531574196,0.9587642765023955,382.37504443034294,16.449488369262912,1.5045945196802761e-33,2.703486790175325e-35,407.5078823110348,0.020773034157335075,1.4415700417052004,0.025902430946582632,66.07876562853562,0.00038793030781290226,0.003761244066746184,0.04886047105017246,True,5,2
18,4,350.8121015852316,0.1643596455208383,5936.157509395231,270.9377097747971,417.00000000000006,5.25213510354489,7.720838612517572,0.35239400705010104,345.08081704568787,2.2014727262653566,40.67872951051181,1.856655891068054,389.99999999999994,0.0019541088068622163,29763.88519043759,1358.4812860396505,397.0616894147686,39.99999999999999,1.2485646287155414,0.05698690448738995,66.18789841476848,0.001300645847132207,0.006852703865443104,0.05450300690213521,True,5,3
0,5,354.3788108606151,8.440575556591668,193.54830277290267,1.0502338368090138,421.99999999999994,6.197791807750439,43.59252417149574,0.2365422132920367,340.00000003480517,19.999999999999996,18.925150121130624,0.10269184869692519,389.97736534005867,38.641616287488745,1.908371248216884e-29,1.0355224144860979e-31,407.50811372270454,4.427794057878862e-08,391422904.5299597,2123943.0826824126,67.62118913938485,0.225228139678623,0.09777998489264046,0.042170167441496126,True,5,4
1,5,354.09272225248515,4.772906377392847,766.4042150590225,0.6046829456671278,419.7679080862176,5.666495948581821,445.1986326187745,0.3512559238184331,349.6814156772274,10.885579439336288,958.4675968111494,0.7562184528455718,389.98491714617734,39.8430419624967,6.654206815173931e-16,5.250082526970154e-19,409.9999337121619,11.037495963510437,2.377815432823209e-15,1.8760654128990724e-18,65.67518583373243,0.5808927245846225,1.2506032430123517,0.04253245861004798,True,5,3
2,5,353.77611310541766,0.0703014166748003,876441.1907169974,632.5692286474625,417.75799725965686,4.863438904580055,849.2273773704256,0.6129277271987299,348.5626771390247,11.026815890651543,1302.1756277367485,0.9398419895430704,382.5178769157042,0.016119344148748896,3236941.8771873633,2336.2546718667927,403.3987153172871,0.0137195952530238,1801898.7378896514,1300.5158894862377,63.9818841542392,0.0009689496413053012,0.0014857535696964073,0.03988940462826043,True,1,0
3,5,353.8113035678158,0.06877779727055308,644166.5891707335,647.9327026195747,417.15380340620084,4.775135240925947,665.8363688031112,0.6697291743994169,348.38504624854266,10.563904308763245,955.0596816812588,0.9606434284512615,382.4959819533254,0.02306739837701872,2772579.673857263,2788.7895328801283,403.3504684873183,2.3932634052046997,318.25311976459835,0.3201137834106656,63.34249983838504,0.0010336400241749177,0.0014826284034860499,0.041548890437407796,True,5,1
4,5,353.9332095233424,2.1557422663012495,1011.1006196479199,0.9873859736538173,417.0937783373596,5.4396749997302205,718.6157502746217,0.701761128892347,348.3851153266794,11.772215420049525,959.7614975139466,0.9372509741199064,382.5213241852272,0.08780163698353316,232415.7750215624,226.96462829988343,403.35395177033337,2.894001504938932,284.37568165404815,0.2777058522733623,63.16056881401721,0.710726248516052,0.9492245171881604,0.04353422962581278,True,1,0
5,5,353.92871460026817,1.8937210696331186,1372.8914998448486,1.4597075903135095,417.11742924038947,5.7075248354507275,714.4597778157777,0.7596393165587035,348.0155152590255,11.77892211533132,895.6281578282732,0.9522640501657862,381.8988515398282,2.8646081520243607,407.89281033772494,0.43368629738881254,403.19760050530414,0.06982615266012204,226345.22231100354,240.6583761906233,63.188714640121304,0.5204051288077166,0.6523663071185806,0.04776635847159111,True,1,0
6,5,353.83430260005923,0.07837505857766135,539923.8184823975,561.0727716318356,417.0239776462043,5.174635480074356,717.2977544480154,0.7453944897349638,348.23468587436196,12.09044811910832,891.6047181926543,0.9265291015359856,381.82377543317375,3.1431507545428325,379.1111104813131,0.3939609890003549,403.26342079890554,0.7996334157688942,2054.7811227036564,2.135267421342149,63.189675046145055,0.001328516597886301,0.0016513528162153534,0.04906024876645896,True,1,0
7,5,353.7680657393755,0.08241076693015306,320262.9546862898,540.7471101864651,417.00000000000006,4.674692064722349,463.3541407743274,0.7823490321010775,347.93515672594737,10.556824096528626,575.4985698333305,0.9716989867237343,382.2875943534702,2.747977446591063,637.5567991223286,1.0764810342889481,404.38760326495395,5.565165711130183,210.89852984336562,0.35609104608144054,63.23193426062454,0.0014467928119510452,0.001796956411636975,0.044348415710466264,True,5,2
8,5,353.77488196025655,4.599975216699462,183.5427373469612,0.5468931541748507,417.8466240424449,6.285169021291483,124.61068960882936,0.371296266303638,348.7206191743846,11.419078095227434,255.16196662690217,0.7602934050735672,382.5391049244444,2.7074751404564874,558.2726861910995,1.6634573214605703,404.09510236319556,6.1876342963662285,183.60412500097289,0.5470760679104478,64.07174208218834,0.678919206556622,1.3902046483296973,0.0454159738996292,True,1,0
9,5,354.12713952381364,5.6525260846001215,316.4873012710872,0.6959855080398742,418.1297401715977,5.642602972376214,213.11497178384136,0.4686599788117015,348.75508251450384,8.072895542306581,305.0153056086384,0.6707575045866753,382.4661558566236,2.4236131475045406,795.1284475659199,1.7485626573753443,404.32088180019036,4.963199857191499,226.62646788138431,0.4983730366123125,64.00260064778405,0.6733760594119311,0.9637521138561499,0.04167775738523965,True,1,0
10,5,353.94032625051904,2.9274958922121477,911.5992126800746,0.9432596289397891,417.4486287713503,5.8260736956548405,613.042725814185,0.6343340867700645,348.6331308764484,10.899272010238626,818.465394053167,0.8468912139852741,381.34534367776143,3.103740827879717,427.43065279545624,0.4422755892559432,403.26993834575774,1.6617125151803,508.52615253386733,0.5261875869057108,63.50830252083125,0.6724915042564129,0.8978346872930079,0.04462147355124941,True,1,0
11,5,353.8631595312598,1.4756283624657602,2466.2439975295574,2.0701003722049043,417.56796382478524,5.37959790478862,754.067903046123,0.6329447728315627,348.662166072567,11.439063724818402,1048.9181431297939,0.8804343125337663,380.33077755651607,0.07628522087584876,258414.6745274692,216.90648389144715,403.16367015221476,0.06771774681044365,218965.2952573907,183.79371208458412,63.704804293525456,0.3057555958783781,0.4253099629154689,0.042625085037817034,True,1,0
12,5,353.91785613052264,2.39373681164686,1596.254288766544,1.193926095179475,417.5863169123521,5.89860853071839,762.2036148353121,0.5700938703790048,348.48111883286583,11.158216444038827,1140.9963503324507,0.8534137240872214,380.472367182639,0.04842373529157141,408304.8785511064,305.393603463983,403.1981297770016,0.042833684623048984,366122.48236310965,273.8430767587645,63.66846078182948,0.47749510851700283,0.71479610633599,0.0403397718384041,True,1,0
13,5,353.8738099276024,2.416518168341162,1657.8365751216934,1.0033128405132683,418.0181259058429,5.920963312696271,871.8196428670861,0.5276200654675697,348.9597348175892,11.661677863796637,1385.569753547475,0.8385385785441136,380.5438744013899,0.030390211578742464,650488.8364023378,393.67197706148625,403.2216451843177,0.03444362168950605,488876.1935424155,295.8649662837547,64.14431597824051,0.5258779158030642,0.8357698064694751,0.0428334302195166,True,1,0
14,5,353.7831803865058,0.4978301008557863,24881.269525576263,14.477813572035853,418.2743939244039,5.447469979524722,956.9585136258519,0.556831191519627,348.5332493469148,10.705996662623216,1563.697676363375,0.909878148224845,381.3925586606024,6.360683406801159e-12,2941770859042594.5,1711745858670.3699,404.5902169225168,3.1745435376281005e-06,4027977707.5429506,2343783.554218484,64.49121353789809,0.03846100025732864,0.06284637826683238,0.03931108088364799,True,1,0
15,5,353.74349435969623,0.07431193731568075,690602.2174643282,554.3376542485058,418.05556260086763,4.72945372349893,663.2505963150849,0.5323828543299137,348.3890982607529,9.598823224787663,1195.9194892629896,0.9599494290392429,381.4025600533907,2.9929981148366794e-05,4921250.134030253,3950.225160418612,409.9084371229971,16.605437441761268,1.6019046591886282e-36,1.2858285835872575e-39,64.3120682411714,0.0009603945361634231,0.001731705255239443,0.03731454393147564,True,5,1
16,5,350.9460807672401,5.9460256158614735,317.5396404412888,0.8497756457231976,418.1129861599659,4.638664381817454,140.47510428892917,0.37592888336481434,345.7266495993057,12.021126241620642,172.12147025100077,0.4606185020619932,389.9992495068208,32.3816359290392,1.187464188240498e-10,3.1778021349804183e-13,409.9965455239906,0.21381533729720387,24.237203737066295,0.06486177734397959,67.16690539272577,0.4423860406647472,0.5420471913736548,0.03855451858523205,True,1,0
17,5,350.742919748497,2.3967271735655857,105.07292802706793,1.178891460312522,417.0000000000172,3.9181855790150464,27.382534081111086,0.3072250502205716,346.10810207449555,8.248079988206333,71.04077463726023,0.7970593770098207,375.57335267339346,0.0002415305613809112,9115.01912477236,102.26819037546251,409.9999999787856,1.6073552960420783,7.480162205377001,0.08392551260587064,66.25708025152022,0.2606050349530285,0.676109212631434,0.02985551899529151,True,5,2
18,5,350.68184686566406,0.09579307129267634,17375.591256262433,465.2046693394536,417.00000000000006,11.558635598729065,9.838267824204062,0.26340445412942615,344.45746234504145,9.435200500385875,29.396974122896566,0.7870586631976434,386.1368152492384,0.019175154076395733,74602.41374066965,1997.3646193849647,409.99999999999994,1.879905278430377,4.0962990538101725,0.10967209223205361,66.318153134336,0.0005662119739757458,0.0016918546073821483,0.05613517942734064,True,5,3
0,6,354.4343064386992,7.549268299483597,305.2479155204483,1.0366170377955801,421.99999999999994,5.444054502541579,63.60119883147323,0.21598865374893245,345.0528333384525,14.629618754125122,44.24352659468075,0.1502503085140169,389.9870088652775,39.593384564184035,2.916973314034478e-26,9.905994709145248e-29,409.9990508081683,38.89261303136279,7.673585594801909e-24,2.605937391903834e-26,67.56569356130075,0.20835915856471307,0.14494292784684687,0.04186778550053482,True,5,3
1,6,353.9803015157976,4.37611147034919,964.4628795151882,0.7261540026950861,420.0722980498661,4.75900179165697,537.5540512712493,0.4047299634712691,349.197957752021,11.312462284146338,943.3543341082753,0.7102611621681331,389.999912934001,39.98977237928294,4.2390816569908397e-10,3.191648095904494e-13,409.9990509337979,39.99610820687136,3.686836325171736e-10,2.7758569164951854e-13,66.09199653406853,0.5573610583555735,0.9781136777212995,0.04141046625733836,True,5,1
2,6,353.7618690885485,0.1869087529322209,164723.56035666875,97.05205463400223,417.98528418548705,4.803174378494106,1042.0093619661143,0.6139325140113934,348.4869945931188,9.993358765153937,1609.751641351695,0.9484356937487394,381.3926187333121,2.1740337390333895e-10,9633422531989.777,5675833182.956388,404.60699112943087,0.08954337901151534,7.291960002472186,0.004296287058248002,64.22341509693854,0.006325806458468338,0.009772443224673933,0.03753557028612123,True,5,0
3,6,353.7802284467555,0.06605081957019464,739325.8751229801,674.6832871367174,417.2274639189109,5.032807579952036,817.7357582288904,0.7462374413438884,348.0540990325089,10.705262565485917,1060.54437467407,0.9678162078940276,382.2717764646977,1.6638874534478274,746.2253787916452,0.6809795361541247,403.2880537684205,0.7888097166920204,1822.20631822938,1.6628826204950449,63.447235472155455,0.001106055916266785,0.0014344748511576958,0.04313651992038,True,5,1
4,6,353.9016116712405,0.06034328622234712,680848.5489477371,737.8577020809615,417.08824161456045,5.094226849563772,754.3778624573409,0.817543809050915,348.092726617973,10.289168705871543,915.1900347708025,0.9918211870569987,381.9939916950475,2.3861345778279546,489.7594309560387,0.5307682139533231,403.2723067813813,0.03162599166764056,1310298.0090032497,1420.0125409074067,63.18662994331993,0.0011079965781277564,0.0013441903286498065,0.045677757441831474,True,1,0
5,6,353.91052767697386,0.0670346329341631,523528.6847244279,664.7556772211349,417.00000000000006,4.594987329124436,730.6494112359181,0.9277492491801439,347.69644698381745,10.889084223255283,792.7033541261656,1.0065428512001773,382.09789211712194,2.841639196325379,452.39248612342226,0.5744297920199449,403.2737241248814,2.446630354528363,380.08105969550917,0.4826116497700773,63.0894723230262,0.0013956244090436293,0.0015141545769233721,0.048435009478129315,True,5,1
6,6,353.8788365732814,0.06873242535529421,452233.8334784286,648.3604184633186,417.00000000000006,4.663419806209061,632.5651256438355,0.9068985095899552,347.5469590129071,10.79420452448085,710.8232136090126,1.0190958794129312,381.58223568308034,3.7661072871777446,391.87075827551865,0.5618188424001949,403.5621095857572,4.309242431777293,258.797681658055,0.3710340995200152,63.12116342671868,0.001398756746655508,0.0015718045864494537,0.049406993369527204,True,5,2
7,6,353.79530981359534,0.06250056289075942,380743.2075632772,713.0077234336682,417.00000000000006,3.9188632368239724,456.51895013976315,0.8549109501563056,347.68374970733424,9.198962663409512,424.15514663164413,0.7943041122598121,381.90694346768623,3.4642967022688214,570.7905619736352,1.0689043719384237,404.8799698915851,6.213348018866522,226.2574381199791,0.4237063134922752,63.20469018640472,0.001199020602524846,0.0011140189455938019,0.04199296892310923,True,5,2
8,6,353.5939869581204,3.4619329904120497,126.23283027736737,0.3082844041787966,417.00000000000006,5.118097538982396,73.09251345930814,0.17850571766648832,347.9172967168938,8.078103929905078,127.59943627510019,0.311621914039207,382.34186095708526,3.4618591446360294,531.0115014712377,1.2968303410725266,404.47263226742183,5.731936646987334,211.28980592371516,0.5160095973854176,63.406013041879646,0.5790293483771558,1.0108260742845583,0.030611916474568988,True,5,1
9,6,354.2696908127699,5.46467151702336,219.41292282852572,0.41923612789156467,417.44732587109576,5.063810454796069,228.69048765928918,0.43696293406948483,348.13328613013897,9.842501914773921,230.89936443930316,0.44118347375468087,381.95022365722554,3.755773109301171,561.1639623135834,1.072225845405167,404.8319284199694,5.870108914952802,247.55898130654114,0.4730152965003092,63.17763505832585,1.0422835843539353,1.0523507980418922,0.0337893499632729,True,1,0
10,6,353.819512797732,0.14397144576848211,105882.25702958649,167.7562715646479,417.15206930785234,4.734501937545341,589.8994493717709,0.9346167620604748,347.9892245019633,11.350193463213845,611.4846375118036,0.9688156050486965,381.7567779456501,3.3465746512724706,440.3788118325291,0.6977213144261896,403.30701579409237,2.6695821165993614,347.38534072354537,0.5503855999189066,63.332556510120355,0.005571277624039846,0.00577513791891438,0.04782015696627263,True,1,0
11,6,353.8842960697537,1.1265483795661209,2315.508084992973,2.98626610877652,417.14886507419556,4.272336235255737,699.0608064068153,0.9015652364491709,347.9404837472871,11.280863666718702,754.1148790691396,0.9725674119143098,382.04630885300844,2.673443375246676,431.66454053532226,0.5567094306928896,403.4373560031617,3.662218302449634,246.54249296785085,0.3179610971323388,63.26456900444185,0.3019038503633369,0.3256800889431695,0.04557602796331233,True,1,0
12,6,353.9536405143911,1.84951822100163,1218.745222818474,1.359001512308151,417.05082762721423,5.38186015973077,707.4751575471178,0.7888931919696106,348.0842907949689,11.795335615692938,854.6214367294259,0.9529734379432672,382.495701849095,0.15238852236427008,74543.56158586238,83.12222360449128,403.29054285838197,2.223458176172208,409.61639394985286,0.4567560868519395,63.09718711282312,0.5804947123493198,0.7012305941622693,0.0486394524558854,True,1,0
13,6,353.936980943222,1.764113487654727,1238.7066616838392,1.374476273105483,417.1613925169635,4.84753493257609,646.9649337516756,0.7178761352297491,348.1341310773106,11.37037253006026,863.9034368064495,0.9585923874266014,382.5145883231386,0.0830161940666961,246928.74348436255,273.9936012014703,403.24948087590934,0.19272017050015047,35936.64709515293,39.87551717862632,63.22441157374146,0.5222906712007361,0.697423743271147,0.04935305465907927,True,1,0
14,6,353.86770235262117,0.07052946414399776,585705.9720081085,631.8406726404174,417.1667655566159,4.399601889612494,686.4086406167075,0.7404754568345956,348.148553725256,10.955254507356424,893.0945056597008,0.9634414879752572,382.18528780973315,2.25177965418944,476.81252593775963,0.5143699424456607,403.14428683879606,1.5691118280685956,620.0128019122196,0.6688497719474565,63.29906320399476,0.0011719338258808208,0.0015248171409243147,0.04284444744307681,True,5,1
15,6,353.71155077930916,0.07232865135972792,694404.1435608008,616.0591954928817,417.4476827232624,4.75943959145237,632.1284084190632,0.5608096126009741,348.1024677995184,10.650128010341723,1085.016282495831,0.9626011945485058,380.41583135490924,0.016812633759147495,2288957.727508923,2030.7100255701355,403.0865197240473,0.013514692596576864,1615880.8246826767,1433.571861714016,63.73613194395324,0.0009103177368406863,0.0015625141246018918,0.0408053219471887,True,1,0
16,6,351.18625852199494,6.641488544942884,485.75342553994574,0.7798849405188667,417.84508331905846,4.737428071516244,225.16039262140131,0.36149863320378356,346.02305411458184,11.354618753887198,329.4362180924131,0.5289151488045124,383.49783255035385,8.196425778126861e-13,189033021045040.16,303495556845.41327,395.49285495848886,4.453587911625707e-08,33499964.65875778,53784.732276954324,66.65882479706352,0.46352816219694437,0.6781963868319073,0.03839924278296725,True,5,1
17,6,353.5926335713435,0.04836582264058647,112787.34145484937,749.7209589124944,417.00000000000006,5.569974747916311,45.02498780099069,0.29929047527638775,348.14941291877113,7.842840298495317,157.11663313868388,1.0443869971435704,381.40623090460195,2.714061880734374e-08,473220613658.82715,3145596018.7826624,409.99999999884994,5.988589140594243,2.6173166359988524e-37,1.739784902106419e-39,63.40736642865653,0.00039920249223194013,0.0013930342812591273,0.03266895995787679,True,5,3
18,6,350.95800092603105,1.893590852013216,61.514037519779585,1.712600025527643,417.00000000000006,4.431134674077899,11.782640191464994,0.32803813090951023,345.52737254634974,6.864432196339511,35.71665216655796,0.9943801752980476,387.2008532469711,4.9071130391646506e-08,263031338.3836937,7323002.927350329,399.9744686261484,0.6994961582610616,75.41721447714606,2.0996755967652643,66.04199907396901,0.19154392503786366,0.5806260425528631,0.04054678604936006,True,5,1
0,7,355.4165180265528,6.626283920664792,424.3391042946774,0.7950480225477389,421.3452752521997,5.8487323121952235,129.01803230064334,0.24173009372804444,349.99999999999994,9.79718742763193,291.15102931855006,0.5455048751804501,370.0000521979942,7.18850835653043e-18,3363776230862141.0,6302420902464.956,409.999999999999,39.999999959223246,4.196294931393849e-15,7.862240254235336e-18,65.9287572256469,0.3040446449428527,0.6861282082463076,0.04226889105693467,True,5,6
1,7,353.94704915712884,3.1138967602963277,1676.2822624189487,0.884958318304616,419.2136648356098,5.848928629342061,747.3047047047422,0.3945239590988114,349.06609960675536,10.979188361235199,1493.9590604212287,0.7887045799902929,387.9296058665671,1.082631711191341e-21,1.7132184996113222e+24,9.044580356750631e+20,395.07500000017194,9.380839099723808,2.0307193566664176e-21,1.0720760024214823e-24,65.26661567848095,0.44581078107117167,0.891233591093054,0.03986227458937411,True,5,2
2,7,353.7751117969295,0.07334580462831186,1386340.8663113469,597.6539606673775,418.5050939860639,5.147083056662732,1243.1615689144444,0.5359291163276787,348.8523444538313,9.912663689141755,2180.6066856358316,0.9400633379549616,382.0561580901279,0.33068212859938895,1.4476800091654654e-33,6.240973719247017e-37,409.99882311752305,39.02377500744641,9.867352692362498e-29,4.2538329217570226e-32,64.72998218913443,0.0008967214334683351,0.0015729224598549107,0.03793333417859362,True,5,2
3,7,353.74112962816446,0.06051315684473688,924489.5191873091,736.4220318305182,417.54092919968144,4.415585795950209,919.8639561631348,0.7327374400099241,348.135137421232,10.293284860297414,1218.028028288112,0.9702464514762285,382.56042430470643,0.024951084898580247,2545099.5387863996,2027.3538365384684,403.1879736775053,0.023903317804981547,1419832.5411837795,1130.9981813063698,63.799799571516985,0.0009949966301097276,0.0013175141556594863,0.04151126711461575,True,1,0
4,7,353.84057569081165,0.04691092744340788,753695.8614836504,949.957429843251,417.1048521241551,4.358228318696922,668.9685055953089,0.8431671642331097,347.8000017818877,10.770202062100033,792.9398113789644,0.9994204608675475,382.43349258518543,2.2311638007278445,601.8141390838667,0.7585258749889533,403.3213616347157,3.2393192367985613,277.52289794178716,0.3497895534844328,63.26427643334347,0.0008875841566629333,0.00105206868168025,0.04821798745334979,True,5,1
5,7,353.7879351677473,0.06683231458364676,433529.285982691,666.7939655094192,417.00000000000006,4.741319144400154,644.9459991490836,0.9919655124042114,347.57009186351655,10.565023952710721,657.3235675404537,1.0110029527292355,381.954335406568,3.4531564270051227,452.5393203176792,0.696032535056029,403.3612712930469,3.1595011937732744,305.7013420966716,0.4701869441095375,63.212064832252736,0.001487664201709394,0.001516214910488649,0.05275146282765045,True,5,2
6,7,353.86264037364145,0.06517540215363733,361508.8126891331,683.745440645381,417.00000000000006,4.450589355579814,535.7462378996755,1.013292165084279,347.5411456231978,10.80411366803557,530.0891449928426,1.002592532470674,381.8146993761546,3.667058325171568,517.8574772633094,0.9794579732344946,403.96123259567594,5.5006607060698816,263.2188613329943,0.49784317839871467,63.1373596263586,0.0014819728291392215,0.0014663242675875632,0.05625617412129926,True,5,2
7,7,353.68311727714433,0.02374939812806975,1227883.7735732805,1836.8097105878705,417.00000000000006,3.0540857418466048,218.6925109889818,0.3271453996402478,347.40138570038056,7.682219957210841,204.4209742280056,0.30579639424433247,381.74370323384704,4.033094310645557,686.1859207545875,1.0264757867455316,405.620851843372,5.552297508897182,359.1183258234665,0.5372104773426546,63.31688272285572,0.00017810522110945558,0.0001664823484336123,0.02469624599395076,True,5,1
8,7,353.8072060627628,2.3665861158025243,78.55738647039335,0.11016546315839928,417.61194797191706,0.04600575847857931,73570.19845518077,103.17164752578559,347.8255747781017,7.211255899181901,49.15312207784632,0.06893020125393394,381.70628700700684,4.174920064375298,728.289203613564,1.0213211135732976,405.33171871113683,5.63129391204578,371.7965869169109,0.5213913680014061,63.804741909154245,936.5153521611599,0.6256970131811999,0.018857726165903636,True,1,0
9,7,353.7893846978066,2.5034152519721653,215.9520694657183,0.3220762720849339,417.6336101788823,3.810978102547235,156.54855694411037,0.23348040028317102,348.33662450740866,7.506305355168566,149.7011814774881,0.22326805469504207,381.57310957402154,4.117397717703829,673.787905715907,1.0049039927507806,405.0633518100877,5.24283431870019,343.7406129102049,0.512663274976784,63.84422548107568,0.7249226985016782,0.6932148501649468,0.022117048306681653,True,1,0
10,7,353.90007733529444,0.058021986262849164,407096.46121696173,768.0430631598012,417.11441536795047,3.977901391282848,562.1909272014468,1.0606499514087586,347.8012306050637,11.154496992414838,517.6738550279043,0.9766624159414546,381.34620847095795,3.5832667874798596,444.5859283000597,0.8387720620036051,403.99516390726467,5.076442140869071,215.53281764532775,0.4066320915218096,63.21433803265603,0.0013809771903220442,0.0012716245517840807,0.05211979157058494,True,5,1
11,7,353.84416233287607,0.061488491597966106,494904.0273830994,724.7434911409396,417.0015131629541,4.415679303156201,660.5693374084401,0.9673457907899797,347.9157420141726,10.695000856806397,687.2890281690949,1.006474431683203,381.7194639208385,3.560163564414096,384.96715558765374,0.5637505958285947,403.2845776991035,3.2740194144952754,290.7456890441463,0.42577153155579345,63.15735083007803,0.0013347422951907018,0.0013887319361761275,0.04798301702825655,True,5,1
12,7,353.9149796120349,1.3300442596257207,1319.1484105875845,1.7869040408369967,417.1236717810683,4.817851281936038,635.1447863721863,0.8603601961506943,348.00075323186724,11.819810295835435,716.0153318543411,0.9699065545034945,382.5041457942308,0.9894219820200929,2068.904880136303,2.8025159722371398,403.3805126327454,3.373992518113903,285.7662589568585,0.3870958557554798,63.208692169033384,0.4814809169874037,0.542786032342948,0.04998699147429794,True,1,0
13,7,354.0121975916996,2.7741193217253843,657.0325488099711,0.810050268827532,417.15948990597735,4.940095759484096,682.2770295660288,0.8411739908712786,348.12002153555085,12.547382070839962,751.0319048265746,0.9259413365513125,381.9441289202639,2.950086403079842,447.9564519276258,0.5522819911498025,403.19177624525946,1.4832755860700686,873.4818560118763,1.0769089195960606,63.14729231427776,1.0384219637242948,1.1430665135035651,0.05222728379433672,True,1,0
14,7,353.87821332470367,2.0417757225903483,1239.5097530025594,1.2908595662990163,417.19569452615525,4.79959244669491,645.9270523063547,0.6726862072534747,348.18973100902565,11.598305521712737,897.4416062751461,0.934620385074643,382.5152589719531,0.06947026973843964,343273.7771219675,357.49475789447314,403.17912512751946,0.08072069877818165,189412.88441854928,197.25979020309438,63.317481201451585,0.5211149414045966,0.7240294835124973,0.04558759288007863,True,1,0
15,7,353.8260045042933,0.5476351764606544,19842.83706802806,12.227244059885017,417.98886911133303,5.0473287561635365,941.0272981881816,0.5798651877508234,348.58135712089955,10.517663192536125,1517.698988547914,0.9352128366924177,381.3926259856198,5.173208891254226e-11,283081324869637.56,174435965790.07913,401.71677093226276,1.9744030223368248e-07,47875971162.26598,29501385.41167884,64.16286460703975,0.0474240298885697,0.07648598753014604,0.04023842061864048,True,1,0
16,7,353.72243763245456,0.058529756153209316,1006005.5012013431,753.6601857635418,418.08560087361593,5.060931751212837,544.6037037047348,0.4079959085824881,348.6429436734278,10.126659685629047,1268.139485609383,0.9500407693169918,374.1554097280459,0.029699764040245213,7.183668068988021e-26,5.381724657441572e-29,408.9645321835754,25.3929355110399,6.2644787810339064e-30,4.6931038013089904e-33,64.36316324116137,0.000541352609955298,0.0012605691361478708,0.03883497100633034,True,5,2
17,7,351.14723879991544,5.27010181722742,212.95264187070958,0.7882381457855309,417.07955445548413,4.972041403944752,70.41422888599199,0.26063626507019366,346.6266372960559,10.879337109019495,154.8259780866464,0.5730839533821968,380.2906169206238,0.1999999999999948,3.069826194835354e-24,1.1362874329448244e-26,409.9997601532307,0.02773853625165045,1612.7200293287117,5.969437309733126,65.93231565556869,0.33065675197747835,0.7270441762382371,0.03557287541661271,True,5,2
18,7,350.66111145490663,0.10181007563255312,22051.672492320704,425.9751887852776,417.6294009723521,5.188248971712255,11.958950086167686,0.23101268270708297,346.0171960900353,6.933926636102218,33.890438225648296,0.6546662538278536,380.0144630304137,0.02611037005386869,22761.026666578247,439.6778808781431,409.99999999999994,8.679988651620155,2.4399203099172153,0.047132276021238824,66.96828951744544,0.0005423148783990096,0.0015368647542471137,0.03059327368202903,True,5,1
0,8,354.10492642060257,7.389224189007731,647.5804127634998,0.7938362271580587,420.7141270958838,5.161577479527962,189.3684211566987,0.2321372142069598,349.10924106562913,12.704398326368665,360.7194520898468,0.4421878167802207,389.9542560372759,38.45947749599481,2.5693640491853657e-27,3.149654039560578e-30,409.9838497310993,35.09907736947894,2.022005185084134e-23,2.4786743634993608e-26,66.60920067528122,0.2924245660065342,0.5570265020069155,0.043693066045342024,True,5,2
1,8,353.95045075191894,3.4142329902127675,1523.632604297387,0.7076463021743127,419.2614268881463,6.402659590199932,650.9285255874403,0.30232167703194085,349.21704289481926,11.271815778826516,1782.6353453264815,0.8279392989409244,389.9962204268079,39.999999713150494,1.1764238119340714e-15,5.463862862719801e-19,409.99999937097243,39.99705251271512,7.388862766572134e-10,3.4317337390199874e-13,65.31097613622734,0.4272214467920314,1.1699902852555009,0.04316274044559963,True,5,3
2,8,353.766279129818,0.07236661323181191,1531645.1676803296,611.8652348342698,418.6910913573174,5.343813553761833,1274.2015377556554,0.509021044545071,348.80633111873294,10.515864352783852,2282.3979715768883,0.9117777409105645,374.86253986335277,5.8727515588977775e-30,3.164683664876965e+30,1.2642353167990803e+27,409.7347220742635,35.20316778655788,1.573512680737776e-34,6.28590567991961e-38,64.92481222749944,0.0008319169247831915,0.0014901610501821194,0.041688898484091706,True,5,2
3,8,353.7195616107728,0.05922670969039693,1252380.7791024034,752.3862567589281,417.80194753833734,4.877372844277691,1051.1699797276117,0.6315058961791585,348.51877578852776,9.826215985858639,1594.575815184394,0.9579649805586833,382.5394163592786,0.015897596667513284,4212560.433246953,2530.7579201375506,403.2773806251099,0.008737935646321719,2389599.87209656,1435.587429093987,64.08238592756453,0.0008393373623004643,0.0012732356179462015,0.03710047773625748,True,1,0
4,8,353.88500053709845,0.05484215586027816,684571.7222426896,812.5753513269354,417.0717452352098,4.564411160053117,731.5849126561385,0.8683792334856341,347.8908880933057,11.032364312769047,816.6264533472494,0.9693221406482023,381.9643283307863,3.0618596665232687,472.80200471676244,0.5612081869700766,403.34367657441487,3.5210031547897835,256.1755029600205,0.30407609977979333,63.18674469811134,0.0010686753321615908,0.0011929012356396232,0.05000964360328086,True,5,1
5,8,353.8475971879019,0.06905558646993912,402271.8988997341,645.326270089688,417.00000000000006,4.458603029601153,622.4788668252452,0.9985832130872134,347.62577266989183,10.783382095888358,616.7450751065408,0.9893850403253996,381.9128301518123,3.5519258239829252,449.2883123354982,0.7207501980311692,403.3749627997549,3.3620072643283736,326.99489585409464,0.5245665855781914,63.15240281209816,0.0015474082791460347,0.0015331547562566978,0.05214573944884592,True,5,2
6,8,353.7788577236203,0.024820127867441293,1075924.9521180212,1581.9821689353541,417.00000000000006,3.2957945802139044,273.4503011513359,0.4020666122296267,347.0852127978385,9.135711728904829,262.4504600796397,0.3858930376673023,381.478701328572,4.427166218341742,676.0461296220869,0.9940218602928962,405.7552725763069,6.407489496661557,359.7245586385579,0.528919639212824,63.22114227637974,0.0002541536940964451,0.000243930080404763,0.027894755444244596,True,5,1
7,8,353.5148705211846,0.026501992372479282,248985.2762991169,265.3219645230077,417.44000981922983,0.02883267351703124,174111.91483942178,185.53593199848922,346.4361263980245,6.792672808707656,65.29647721586211,0.06958077950975526,380.7617097244475,4.350060900981397,1017.4810505579053,1.084241105384249,405.81718470172973,5.316154200876417,569.3651115281159,0.6067229041287566,63.925139298045224,0.699285987619017,0.000262250355468484,0.018364146543043556,True,1,0
8,8,353.44182857845936,0.02014515820223873,320925.0188370462,335.57294407247423,418.77772713878187,2.4203279794896796e-15,5049799240212768.0,5280286355217.399,347.9994031671264,4.529431289235866,36.11589372580905,0.03776432522866715,380.81008253210683,4.331584336938273,1025.76681387487,1.0725857114886195,405.81648926473383,5.249107375757035,581.7884250405169,0.6083428936940128,65.3358985603225,15735137318.093819,0.0001125368594093543,0.015510635176934967,True,5,1
9,8,353.63516459732836,5.374182654353375,52.95417575088655,0.055872520651136064,420.44190573899044,0.05555355740369022,91437.62043355878,96.47681723908661,348.23464661874044,8.186721527903373,57.65447149473752,0.060831853268268975,380.33424169254886,3.736937670119438,1245.0967284283263,1.3137149560978474,405.71817444466444,5.449113201245524,580.6267128118925,0.6126254925541087,66.80674114166209,1726.7310677010764,1.0887615693606991,0.014259131384288566,True,1,0
10,8,353.81410119379825,0.061678182973760154,398907.8325511527,600.4345787570363,417.00000000000006,4.464122222522803,346.19829513619544,0.5210963800262061,347.32059255881967,9.081593318485803,321.7200012781798,0.48425174359143797,380.4078942133099,3.3464783319386395,881.4162445368884,1.3267044372467942,404.7653613143552,5.765641586737422,368.76896208254624,0.5550696635627225,63.185898806201806,0.0008678653736181072,0.0008065020915249265,0.029569545270007776,True,5,1
11,8,353.8351827224627,0.06646892610183608,393150.8376652453,670.4393568177463,417.0376299996237,4.481587773038364,589.5820022479311,1.0054130387355011,347.6829215280063,10.545757536849758,592.5098265752681,1.010405851851587,381.4221148832597,3.8717284893337873,418.4641020596883,0.7136060172281666,403.4072871623666,3.5291336579977637,307.68494280614163,0.5246945329748951,63.20244727716096,0.0014996330816670937,0.0015070801580735033,0.04813683912319576,True,5,1
12,8,353.95814814199576,0.05581845068332509,531498.0528684118,782.7920089063725,417.07841723719025,4.694193670931265,627.8945662305642,0.9247650978746048,347.90710314950496,12.457240141273926,669.1487777899298,0.9855244307980681,382.2284157951458,2.8845446002140447,492.0165189172759,0.7246434811563255,403.2832880309574,3.3593016402386056,296.02708616556214,0.4359896263394427,63.12026909519449,0.0011813675757454153,0.0012589863202294696,0.05427499619008632,True,1,0
13,8,354.0150143336692,3.2766783687171492,699.7192679411766,0.7778826186050238,417.17016531088547,5.6289951221612675,626.049717741892,0.6959836839235634,348.3598209975671,12.83638688281375,781.3979269783462,0.8686853334751277,382.00896381064274,3.0785774884401245,459.89849565705873,0.5112722522946143,403.2692474872687,2.4893688022246594,387.06724051580323,0.4303052558700808,63.15515097721624,0.8947155615479239,1.1167306129463854,0.051988570915353166,True,1,0
14,8,353.932224932201,3.1313846305550084,1488.6822360893414,0.9319182732626787,417.91231943010297,6.190402783601029,759.1069306383462,0.4752025669901017,348.7343880053517,12.281832100017088,1190.576053477537,0.7453031634603952,380.4431945870228,0.10326929163771348,98782.50792250632,61.838061864381835,403.10274105468187,0.06898669677572286,160642.9044812318,100.56280281097311,63.98009449790197,0.5099187135009176,0.7997516357856816,0.043072883405205625,True,1,0
15,8,353.82180880989984,0.7056731290417698,17575.427824126713,7.5594909169117805,418.5614842096324,5.208866150969694,1120.990842256442,0.48215725812068083,348.98349657148424,10.531961496389913,2012.1235785233775,0.8654486290610275,385.0676870975442,6.325938422241363e-36,2.719543886694427e+40,1.1697221550071136e+37,409.99995172675284,39.999338318378356,9.022948964152034e-24,3.880924061753531e-27,64.73967539973256,0.06378171009399833,0.11448504119832746,0.03882756859934301,True,5,3
16,8,353.76827084936264,0.06422873210346386,1183961.1497235107,693.823193975449,418.17972963749565,5.357883582689558,661.165837415879,0.38745544410005756,348.85467795673003,10.623033855202333,1602.05171063654,0.9388320174587258,372.62202998007507,31.156521551776905,6.016946124231562e-30,3.526042031757085e-33,408.42577674456055,31.080927815738633,6.809662843956549e-29,3.9905887329100516e-32,64.41145878813302,0.0005584354162045608,0.0013531286149133066,0.03984073915280572,True,5,3
17,8,353.75019275712265,0.05557265900659212,309528.14578434674,801.8940397794703,417.73115450964923,4.371556256581867,131.39076113442383,0.3403938209521972,348.5257500997034,9.374415075975834,372.16081813243466,0.9641563972918128,377.48006009370806,6.377991262273991,2.706741690664703e-31,7.0123510851218944e-34,405.6378939354231,22.461650844373025,5.703843382656066e-38,1.4776937330843463e-40,63.98096175252658,0.00042448728144407874,0.0012023488758651536,0.03294542559914429,True,5,3
18,8,352.2859964786152,4.391107835875295e-06,1947486.0335057355,42323.65637869399,417.0005892480002,8.27708518041989,7.73877523946173,0.16818259971668184,348.08213464710747,6.1382406097769175,53.297897131915924,1.1582942548026987,381.39265157831846,1.6954160610087608e-11,52957246152196.58,1150891072051.8816,407.4954914583343,9.962602809527897e-07,319417629.66169703,6941729.884841705,64.71459276938504,3.973725668024894e-06,2.736753754067883e-05,0.0417404282105441,True,5,0
0,9,353.9706950946486,8.906363341201157,623.1377369284678,1.0398049325176089,420.9878231570337,4.836482692494047,116.83861861750478,0.19496391366997468,340.0000071233698,19.999999999999996,95.31911573955361,0.15905518288420117,388.5190669661737,1.2078164485745682e-45,1.2128723072342929e+39,2.0238713414992588e+36,409.99999999828134,39.97977965742122,4.154364992187835e-36,6.932222130612618e-39,67.0171280623851,0.18750047011021753,0.15296636696951582,0.04222098819922274,True,5,5
1,9,353.9317140063442,3.7757713859097835,1445.4267255263223,0.6695829232346336,419.2978594650364,6.34396145580074,591.2663145220363,0.27389961752898534,349.3192716584183,11.839765280108695,1679.682196856954,0.7780999864016761,379.81538865832096,7.273822929931498e-35,6.674915678431396e+37,3.0921038565143027e+34,409.99999986769194,38.88577834424466,6.0423698187453664e-12,2.799081804044426e-15,65.36614545869224,0.40906004024987075,1.1620666528393768,0.04314319973667824,True,5,3
2,9,353.7572532601749,0.08157780944612385,1193907.4121740425,471.18379098159033,418.6002519336113,5.6261823049560284,1055.4139094467314,0.41652637535959824,349.0401244265401,10.891561895105209,2190.0492937348827,0.8643180519161802,381.39328316352356,0.07285640960142672,22.685764387794123,0.008953093310721295,409.9993287067273,39.98252641959576,2.4437052920533724e-35,9.644251403505245e-39,64.8429986734364,0.0008839997965377216,0.00183435438242813,0.03759168255695037,True,5,1
3,9,353.7714856871181,0.07657665529000204,719981.837509007,581.944770203884,418.01783865811205,5.128450627980616,702.0599586246736,0.567458927442837,348.63659347622433,8.778727947286,1194.779775079897,0.9657130297323934,380.444009409631,2.631708839476929,514.4903122396727,0.41585069362905325,405.44826564421555,4.338013610306578,142.6868077891272,0.11533046702574717,64.24635297099394,0.0009751078736286745,0.0016594582152427565,0.03351547231300188,True,5,1
4,9,353.7926210795029,0.08159150010669017,308257.13107546355,546.1767954683013,417.00000000000006,5.722747513346255,451.36990102426637,0.799747163195152,348.108942657804,9.332794465186419,550.8446084772673,0.9759986476531912,381.3664066681936,3.8579888672702936,534.3088746089176,0.9467002690449735,403.95181764932056,4.998453185171118,210.6554759531412,0.3732440265129508,63.20737892049715,0.0014642642635695191,0.0017869646893664778,0.04673620080553478,True,5,2
5,9,353.80894767364975,0.026001716417450735,970476.8015367549,1713.6610504134858,417.00000000000006,4.916767077618639,169.35316377601458,0.2990426149988305,347.7928281716187,7.650964163129948,258.69508290153794,0.4568019418906878,381.7036583146012,4.126253548275919,575.2201284554613,1.0157196215170254,405.0266119959082,5.826201941983722,282.7758313866876,0.499323556707713,63.1910523263503,0.00017450511285570453,0.00026656493230120797,0.02644189830776516,True,5,1
6,9,353.89842774578887,0.021464836940310702,428837.98408453516,673.2058708099668,417.00000000000006,4.123170572936136,54.66549502874413,0.08581593410538266,347.4831787172141,7.489970245706681,116.8598237538976,0.18345091230872362,382.0615126372643,3.9857660828795076,706.944985577515,1.109788620162514,405.1211040544177,5.796427407087419,320.37972076077733,0.5029440415942648,63.10157225421119,0.0001274735379270138,0.0002725034350755214,0.02128773687135133,True,5,1
7,9,350.8357815567601,0.6719898427236634,997.3871979830166,1.1304970217316928,417.00000000000006,0.015489499345862686,176866.75843929424,200.4711350449533,345.0602514758064,1.3104101351614537,184.09156617392043,0.20866015495928156,381.6241194961687,4.206075500022287,892.8018832890315,1.0119539052594526,405.9733054691576,5.60280241357223,463.9639250600565,0.5258838658968545,66.16421844323997,177.33008684788223,0.18457382102577893,0.019212148610807032,True,5,1
8,9,350.8957907989596,1.649262913848692,155.4554523107033,0.16551566856589148,417.00000000000006,0.014488812453947907,39369.79176311326,41.91758673055536,345.1664441611493,0.08098282130825299,31795.546560096045,33.853178309847465,381.08181740390484,4.774563477054698,959.681456010706,1.0217867269423762,406.1006985566815,4.792034845151001,624.2398417246462,0.6646371884211313,66.10420920104048,253.25449302624816,204.53156249899433,0.020992906448353117,True,5,1
9,9,353.47396919227043,2.9968987420371835,61.198477766595246,0.06513885614207883,417.77933813772444,0.06158547895471854,39377.331364983744,41.91271444406299,347.86996233289005,6.380019802430002,58.006749395294705,0.06174162237401571,380.9812839916065,4.116268738045406,976.4429679278879,1.0393130734620524,405.80481603157307,4.746457541598111,572.8445622165353,0.6097282300437028,64.305368945454,643.436451396142,0.9478462784078802,0.017670653178915346,True,1,0
10,9,353.8555182764057,3.4607815881995387,126.10166001247481,0.19281993639974793,417.5123887589972,3.3063992488298233,253.92396959121822,0.3882708892341831,348.0242083934838,8.661863927058496,193.9005929672148,0.2964901492979007,381.1403249597863,4.241889769334197,659.6380394756729,1.0086414786765778,405.31687145148686,4.768260238118643,365.18414490743254,0.5583969599470902,63.6568704825915,2.013644939853277,1.537652977352026,0.02305866845558887,True,1,0
11,9,353.9465449506463,0.05690167462866726,383363.6240321518,708.2415236523686,417.1106092695765,4.368737057237091,525.4545173095861,0.9707460088027285,347.92601410801683,10.72276695985109,544.8569654055234,1.0065908791571996,381.8767650933772,3.615460781379108,450.832622538039,0.8328864907426771,403.84802188671114,4.631489053538548,244.79127667286775,0.45223734308464314,63.16406431893023,0.0013706426076187067,0.001421253690360115,0.04916072915529245,True,1,0
12,9,353.97250594414805,2.813965465340785,673.1586391920014,0.9706456259102634,417.00000000000006,4.574574161592823,630.0250972159411,0.9084502065670109,347.78922152469164,11.390211650194844,655.9120066547333,0.9457772405708513,381.08450275952356,3.258927718416824,441.808407042076,0.6370554767008743,403.23629176894707,3.608386931551233,279.89498434246235,0.4035881387370017,63.027494055852,0.9359236597961011,0.9743795421567056,0.05033830814628609,True,5,1
13,9,354.21048868592493,4.002487422306467,1005.4596024223475,0.8289390811886831,417.42004472712296,5.654094501547864,667.8588941048613,0.5506082359840307,348.634801503464,11.801911034239447,909.6966035339834,0.7499884280553821,380.3240325517613,0.08710115478806346,240797.01347135962,198.5222028006277,403.0774093358538,0.10259623402826169,95168.80097911709,78.4607738107018,63.20955604119803,0.6642324490172051,0.9047569900793105,0.0418810530309207,True,1,0
14,9,353.95848717848946,3.421010685075167,2094.4973363792155,0.8536307610960904,418.6997077948241,5.419814910045418,1036.371559033485,0.42238231930409176,349.2065842706053,10.161746250752003,1890.7188226908936,0.7705790404214273,381.3840124579733,6.021364556441535e-06,310655516.0456198,126610.38044533874,401.83159318150786,1.1218117005852216e-09,29787318362.82625,12140082.874981135,64.74122061633466,0.4948068164293175,0.9027076758948778,0.03595214065497419,True,1,0
15,9,353.93539624511294,2.5839751525276804,2423.0778710002837,0.9513298522801283,418.5904550288454,5.149024350409825,1001.7625416313252,0.39330416168444426,349.33316986940787,10.486807978987144,2142.6660041591113,0.8412367417564112,389.99999999987546,39.99999978777791,7.90852941206319e-11,3.104984865478244e-14,409.99999999701356,39.99999999656792,9.889773718753744e-11,3.882845484888171e-14,64.65505878373244,0.4134256490971882,0.8842745129254083,0.038633803411055,True,5,4
16,9,353.7903568806252,1.3387391610676336,3718.969693125377,2.3910065449054603,418.0685376728345,4.3961001652359375,459.1352326767683,0.29518803241557756,349.10922949402055,10.588317926571245,1280.9213975710816,0.8235322408685876,389.9999999998474,39.99998363294972,1.0785703158036038e-12,6.934363270005343e-16,409.9999240809781,39.77106057454436,1.1906135695104396e-16,7.654713730028616e-20,64.2781807922093,0.12345764299329813,0.3444291035602957,0.03539704143982735,True,5,5
17,9,353.66325475607124,0.05725286260945226,172316.58134619662,737.9812770524599,417.308844166445,4.974155689152397,50.46742618800926,0.2161371548623744,348.73709509725865,9.688087090732324,221.0383346834944,0.9466422281181979,370.00493254299164,39.74099889395465,1.01633302618747e-30,4.3526556685194774e-33,409.31978032513933,21.584379387120055,6.755948890028557e-28,2.8933743639839624e-30,63.64558941037376,0.0002928762037509119,0.00128274558929075,0.03714946342439984,True,5,2
18,9,350.80745203301217,0.19046901495205049,3635.334435819261,109.00973647042403,417.00000000000006,10.186040315016692,7.825563306828081,0.2346586287645644,346.4935908804001,7.616863864464961,27.342177347657856,0.8198870282271784,381.39259152418344,0.011042687786427065,1.9368806958811566,0.05807962319842906,403.62869572518935,0.061565406732937936,4933.85719316831,147.9474535026585,66.19254796698789,0.002152639171164594,0.007521227504752532,0.058675116074948165,True,5,1
0,10,354.4676885795072,8.78308847665527,338.64343805043666,1.0250036909386484,421.31306035490843,4.734125333200854,67.36585803299313,0.20390252805306916,341.77796296126553,19.999999999999996,43.8055247993119,0.132590269167158,370.05082370089497,0.00042214457112521586,8.823610200410323e-29,2.670724427702469e-31,409.9999984218985,19.47705434268266,1.4725021318031117e-31,4.456959593554633e-34,66.84537177540125,0.19892857933647554,0.129355894363403,0.04207224722291835,True,5,4
1,10,353.95780494462133,4.946474380758722,1081.4604667503709,0.6287478649878357,418.96105389828426,6.665424252588729,443.90729442053237,0.25808226208962404,349.03564320676105,13.07989987588599,1229.56186123505,0.7148522011581355,389.9999992588624,39.999998344210034,2.8958138680692836e-11,1.6835907025078537e-14,409.99999991201724,39.99999997702849,1.0844501159848981e-10,6.30486010422703e-14,65.00324895366293,0.4104702003156974,1.136945731293999,0.04208733152241798,True,5,4
2,10,353.76424682371817,0.07021870952829397,1446634.4347156177,581.4537786984572,418.6729050955397,5.918146773228182,946.0526194614423,0.38025216131507766,349.0944706794493,10.937547905501313,2241.666181436845,0.901005285439113,374.90585034568903,39.99309665057467,3.1433468490331755e-30,1.2634227827498962e-33,409.9529617270543,36.5270121983843,6.167138026883917e-29,2.4787918934001636e-32,64.90865827182154,0.0006539679940961859,0.0015495733598222526,0.040911248752717615,True,5,2
3,10,353.666262343072,0.06940723308104901,873404.0361945964,642.0567725795499,418.15975824798403,5.12473090190064,599.4445614373508,0.44066368428262864,348.6940226474497,9.356645019417165,1282.3608366320052,0.9426890945428523,382.1740909291888,2.5990850490128055,428.3353980187219,0.31487791656163516,405.89169923684335,2.0099472161839276,369.9487737161495,0.2719567414719748,64.49349590491204,0.0006863313387571673,0.00146823323855844,0.03439951293078546,True,5,1
4,10,353.77638200904806,0.060331478801745296,363485.60711546196,738.642329855123,417.4803487456621,4.951511111295317,238.70708591585603,0.48507878893209316,348.6246292397,9.052827418564657,472.6631218949956,0.9605029270999829,382.6147047609751,2.486611110781775,572.7568953742389,1.1639043729878087,403.8680443106963,5.007880192981308,177.48470957512555,0.360668254334998,63.70396673661406,0.000656716748182082,0.0013003626901376955,0.038072442654844295,True,5,1
5,10,353.716721179851,0.05839209581223208,206465.77433352097,763.1711608878115,417.27180104591264,4.990453221253943,126.32767575271262,0.46695215837913356,347.91081723742116,8.830569611150413,243.09660194930078,0.8985717682090861,382.80443286420376,0.794692437960089,3592.9610030869785,13.280865696030945,404.40211875619855,4.972399843124275,192.86240287800314,0.7128882468348254,63.55507986606165,0.0006118577093976131,0.0011774184013501777,0.03681397720384079,True,1,0
6,10,353.6368509622192,0.03467326080557738,337663.41106457554,598.0954876827013,417.18365652049107,4.89315307542431,102.52081113496568,0.18159277115656147,347.7661717727009,8.259709516040804,193.15939160507372,0.3421388185302572,382.2546174960092,3.604200252599916,689.6568990763687,1.221573513358652,405.2836009410378,5.741585638788207,307.28599827014176,0.5442886702293558,63.54680555827184,0.0003036183601052332,0.0005720471489525214,0.023734840695966493,True,1,0
7,10,353.73607573508997,0.01869140106861471,851911.928005556,1057.1884665642826,417.36410682066224,0.02690168865475682,568492.8966513011,705.4768385160544,347.55532584883554,7.740934844819667,144.69276601887367,0.17955790780926825,381.42154431793597,4.234496687703497,804.3928799333552,0.9982192375717326,405.7509791500725,5.642649139954551,452.718610583539,0.5618056021687758,63.628031085572275,0.6673141647191416,0.00016984474716490882,0.022006463056186976,True,1,0
8,10,353.8757294714653,0.01534321725166567,1062716.739656144,1127.9297048206456,417.37375397723775,0.017844458879429183,571443.982665802,606.5102944537454,347.4339398046883,7.8306910205691285,115.12314277711391,0.12218760428355542,380.7435734300442,4.319036206874375,1026.304249062015,1.0892827839290922,405.7228799141452,5.486491333279458,532.185496324284,0.5648427350199667,63.498024505772435,0.5377199411112129,0.00010832909512121124,0.020141006499848513,True,1,0
9,10,353.58813206654605,2.955641944438335,93.06557929023353,0.11846333993862777,417.15621925691335,5.024977194708009,58.758424493256385,0.07479370211939673,347.5505934873843,8.142310124400819,102.25471424612604,0.13016020602299394,381.6303590295749,4.432183422667398,794.5365016489496,1.0113669135927799,405.3757092792751,5.015130052340532,463.5502695840347,0.5900539553202867,63.568087190367294,0.6313658061485101,1.098738277094213,0.018995891228872457,True,1,0
10,10,353.525876325251,3.36197592988788,94.60520972943178,0.2039818094166875,417.518040422864,3.47605871683813,77.31491218197152,0.16670155614976162,347.5894479209433,9.229260287310533,89.54200486084855,0.19306484518718287,382.25483770078375,3.476857451154575,573.7191063927319,1.2370170919087013,404.9782428993115,5.721228515884729,260.541412594717,0.5617630246901341,63.992164097613,0.8172373635985797,0.9464806971723455,0.02011656013782555,True,1,0
11,10,354.16867427210997,4.306986366164391,225.4785356679194,0.41126673705219896,417.4242026077543,4.060134941700683,229.8690878038859,0.4192749851342953,348.3166034805825,9.166394103950696,240.30089276418911,0.43830231460882874,381.60933072275685,3.897138986457583,548.3647287144822,1.0002024007512058,404.8421893676645,5.657252040681299,294.16470536605584,0.5365484487179596,63.25552833564433,1.019472151187077,1.0657373308388867,0.0320112915154183,True,1,0
12,10,354.2818389300228,4.57911934234595,555.3095992644137,0.8094707275963392,417.05873832426875,6.464804631424166,402.7911628204383,0.5871457220792367,348.4668797032828,10.810715694043411,530.1226302684538,0.772755867730576,380.7579369409998,3.1243511651411526,595.5571961145375,0.8681393541596649,403.59210189710615,4.152547603947864,246.50848008760917,0.359333602371552,62.77689939424596,0.7253452188724854,0.9546433754624022,0.04347012149378251,True,1,0
13,10,354.1239834130404,4.111413789608641,1445.3736178854688,0.8052415362362505,418.4521543808993,5.9275825564187405,858.7488733034008,0.47842319343812334,349.02491508736983,11.002705100860783,1338.4776387404345,0.7456880191392985,380.63539502387425,0.05044115883771874,164333.63012583475,91.55298196974053,405.6229663823368,0.06631573681579181,62752.840553533315,34.96064485004301,64.32817096785891,0.5941362583881394,0.9260426661852184,0.03458736511761889,True,1,0
14,10,354.057818876613,3.3854407073280233,2184.461196728707,0.847956113928993,418.6843072338801,5.076999221275832,1097.4778571362385,0.4260149185776259,349.2386264001694,9.611464172091054,2147.875332285468,0.8337543476149566,381.0670494017444,5.794636662035647e-07,31107938.055142898,12075.364993932997,395.02697355346254,4.4955985660324084e-07,91309.5597771063,35.444209120816865,64.62648835726708,0.5024020837631462,0.9832517673016911,0.03437523661132456,True,1,0
15,10,353.9220616304904,2.7223404371370763,2341.0032548981376,0.9947477142159213,418.41901328043724,4.871465735736936,934.5573229467938,0.3971155353415025,349.1337363015518,10.25625475004048,1923.739791249433,0.8174425883807043,370.02676901108975,6.207770543472172e-15,4864507084.423911,2067044.2439125935,395.2108726879348,5.592805954858713e-13,12900331.052704915,5481.656123483373,64.49695164994682,0.39921231249525047,0.8217586999182277,0.03499818120323442,True,5,2
16,10,353.8503498669711,1.957967585349867,1165.4658061858615,1.2224390584680425,418.05297962651923,4.361102470061263,254.6893179010504,0.2671396864020711,349.2741425319356,10.306040951179872,839.8768890747358,0.8809338790209491,370.11410917552604,25.058360455065188,2.0486724714025383e-19,2.148820869525651e-22,395.075,1.907583361461596e-10,303.4746677496714,0.31830988532120763,64.20262975954813,0.2185300645881275,0.7206362336989895,0.03804774691618249,True,5,1
17,10,351.03501027353633,6.751579557996276,113.51840557269617,0.9226332423017222,417.44964231264055,5.094049396900883,21.14639425176226,0.1718696293615545,345.4282567824568,10.81409987000641,47.765491077265175,0.38821924674170216,389.99983490953616,39.9197757890237,1.8364499777123129e-19,1.4925947811842525e-21,409.99987197396365,18.771094604992925,7.959273850109578e-16,6.4689867706001264e-18,66.41463203910422,0.1862816355205086,0.42077309698185095,0.03245262142636096,True,5,4
18,10,350.9415631201825,0.1488801230752242,4855.39622128833,257.49051643469295,421.99999999999994,19.999999999999996,2.39862320443086,0.12720336291674675,345.1841330021277,4.189999084136821,23.823150558493072,1.263385120561833,376.9448859413856,0.05728135112962633,7107.968071624046,376.94850968890654,409.99999999999994,11.246340440308218,0.44570592857135577,0.023636598229132992,71.05843687981746,0.0004940118365447032,0.004906530687246744,0.05565940088591374,True,5,3
0,11,355.99999999999994,5.8482230763367715,171.73028078848998,0.7943044233400177,421.9999999995989,8.457400596801786,36.11099184192524,0.16702424534298535,349.99999999999324,12.27668330438265,106.78763403228078,0.49392506481909115,389.99998492580056,5.861491484283492e-05,57394043.473527536,265464.7881263332,409.99999999962216,39.99999997772924,1.7871586918584438e-12,8.266148798196487e-15,65.99999999959897,0.21027737028160462,0.6218334561730834,0.04188893574196787,True,5,7
1,11,353.9084305271221,6.363321421101154,669.7625973262702,0.7019621563951474,420.25544532702105,5.742426754430725,197.9817725234948,0.20749995972054094,348.8698857599148,13.629704330920653,540.4117219913321,0.5663925982499338,389.94693157032987,37.22882587323886,2.3903065227965e-19,2.505223086338215e-22,409.9636181594734,8.375585634175705,3.6866992081670396e-18,3.863941247953159e-21,66.34701479989894,0.2955999234860966,0.8068705600293088,0.04708744187194312,True,5,2
2,11,353.73524799502303,1.915627626504235,2811.702744099187,1.2394987989512396,418.6357173914519,5.8983706476301645,751.2526501966914,0.3311789482661209,348.9017889667606,11.204732478981935,1932.238424557066,0.8517995764496189,387.4122359806249,30.358857812487667,5.091903480026112e-12,2.244692566137553e-15,409.384499293107,29.146530473461148,5.800344307245554e-11,2.5569985367133472e-14,64.90046939642889,0.26718779279684407,0.6872129099038584,0.03947904238598787,True,5,1
3,11,353.7133261907893,0.07110623109739958,1135360.066244731,626.5124368230439,418.1874740782398,5.448634180529655,861.0138943467045,0.4751232046322258,348.6981521050606,9.781946491067483,1700.7177839882108,0.9384871591608933,382.5409572575906,0.01572746547502632,3274097.9007740226,1806.707066063911,406.3933575563208,0.011279330319289085,1413318.338405104,779.8948919610958,64.4741478874505,0.0007583619681063451,0.0014979545560497238,0.03758430150289084,True,1,0
4,11,353.75945296822044,0.07266872042843399,503343.54143477284,613.2402470140897,418.07641581577053,5.593703904092123,364.90719673788686,0.44457862482329946,348.7926017485396,8.614829187820005,778.6726640938631,0.9486829124913284,381.8211542309851,3.2647455153581357,510.087457099452,0.6214565846992053,405.2686744891196,5.067622398184661,209.00349150645383,0.25463593392473105,64.31696284755009,0.0007249664825294562,0.0015470004082584808,0.0347535089498474,True,5,1
5,11,353.73444004787547,0.0917182609345059,308476.95531528577,485.870834346512,417.37490073276183,4.817264232128077,501.9595154425638,0.7906181786804097,348.16097113239476,8.261461615137614,639.5602934070033,1.0073481601079672,381.45395036352346,3.513982751374636,524.8745083420935,0.826710750677431,404.5629831333712,5.233325708200141,210.37637020381703,0.3313561702307629,63.640460684886364,0.0016272188466380734,0.002073283862495746,0.03863712334534432,True,1,0
6,11,353.90934900016794,0.06160114544724551,466894.6575288719,723.4181075954056,417.00000000000006,4.8543228028749565,597.6343853337294,0.9259894691455851,347.5736540357626,10.916599771165194,656.7738986655919,1.0176216909514293,381.99101021393165,3.2341124426272634,497.85197863825033,0.7713841450988117,403.3419993305753,3.921764065818523,265.7770795204561,0.4118015676738226,63.09065099983212,0.0012800197554129708,0.0014066854012459507,0.04912528433522238,True,5,2
7,11,353.8055386009295,0.06055738491535288,423735.89333369187,735.8868638032349,417.00000000000006,3.9504027929267727,604.8575255393,1.0504342788029504,347.31730743829985,10.487528080573032,596.9020176735507,1.0366182348345487,382.36841962701845,2.183190051083918,787.10287427667,1.3669332118292752,403.9966629922335,5.5717237145816565,217.52199836212904,0.3777626198327816,63.194461399070576,0.0014274399102248696,0.0014086652253541586,0.050931264027995034,True,5,2
8,11,353.8256775451443,0.07585694859925485,300264.0900718747,587.4660777768147,417.00000000000006,4.177893229055472,565.0927014222675,1.1056027139488416,347.35456107276974,10.704906491953663,508.6067953205986,0.9950881542514977,381.99089977548203,3.5421561195943188,520.2103815641763,1.0177905469919277,404.8248843104163,6.057630173518353,229.54399021521436,0.4491023471261329,63.17432245485577,0.0018819856256770508,0.0016938648747469355,0.055352392199160945,True,5,2
9,11,353.8349383655569,0.08484489010703063,245287.05831988776,525.2335645574224,417.00000000000006,4.072812347786715,523.0672285611031,1.1200446808817428,347.32597599263966,9.764194110980307,463.54013816636234,0.9925792284036633,382.26934587871466,2.981886420779003,595.7540763491359,1.2756891426061054,404.7874320331311,5.421905765483,226.4934047402762,0.48499068452824634,63.165061634443134,0.0021324697362506266,0.001889786364357808,0.049236441697432194,True,5,2
10,11,353.8509541458375,1.6917607738534197,713.1721526564593,1.2059355390089828,417.00000000000006,4.092386808868,324.16054913172746,0.5481379567142539,347.63452312944,8.591190541218662,333.3630217926326,0.5636988402782114,381.2541534603342,3.8938751055683514,587.9875408729139,0.9942551309553317,404.4873477125947,5.790565775304668,271.42345941647454,0.4589623902333736,63.14904585416258,0.454533380088213,0.46743695831491083,0.03530394091831908,True,5,1
11,11,353.79104174247044,5.812799716618906,241.8649269762821,0.7099421223606818,417.53967027514216,4.056929432350704,160.74282978835708,0.47182577135459897,347.9189675091276,9.837336751483235,197.21463295232914,0.5788808523382526,382.4900711453954,2.7290944128247787,548.2722451591616,1.6093344588069243,404.3244755081198,5.733122985077861,213.9647327358343,0.628047143369862,63.74862853267172,0.6645975164647164,0.8153916130703337,0.04434294188138949,True,1,0
12,11,354.07141315045226,5.675592680007239,542.7546647493552,0.8762832076227091,417.1703633418932,6.409690844510388,207.76044265649932,0.3354314553744559,348.2880747110879,10.158230669479517,366.6990958594356,0.5920396098307973,382.6321245716336,0.08227167645700252,339763.8722564079,548.5524034190462,404.6183842008185,6.333652131801135,162.288507690541,0.2620165303324348,63.09895019144096,0.3827888660384768,0.6756258760646078,0.03872807304569878,True,1,0
13,11,354.09181636202703,4.426163608687231,1175.228317044301,0.7305002098575922,418.7923567016602,5.776849798594101,604.6261413663775,0.3758244391731037,349.4296062286626,10.657147372198885,1161.0636354413516,0.7216957054617622,382.28109372626955,0.03504222741189692,879949.873484308,546.9605845280341,405.7702175771453,1.846090517283768,356.2657329232464,0.22144819767450344,64.70054033963316,0.5144754705085834,0.9879472938172783,0.034268084098164286,True,1,0
14,11,353.9325169507831,2.8774925276945593,2078.9839284641234,0.8827996365483387,418.5008801221326,5.168883181955761,1037.1146072014685,0.4403903203680919,349.1334901501954,10.531726495243944,1976.8001548155898,0.8394093067805154,381.40556610995765,5.036414234740643e-06,66893121.78494162,28404.848537216236,408.73523767999865,5.7054144408503215e-05,643.51115537824,0.273254355796005,64.56836317134952,0.49885648128489885,0.9508491757682691,0.03690244901841033,True,1,0
15,11,353.82530497673184,2.1875234601336726,1747.8739102589122,1.0449393086051373,418.1005557189795,4.449126194415139,541.0255587931313,0.32344373929081593,349.1653385504214,11.241604712229188,1423.81615508903,0.8512064056492314,371.84429100269506,1.2702693331277529e-14,255231747875169.38,152586341951.43616,409.94953084109744,2.0409228588959347e-12,426.915647937889,0.25522489887319794,64.27525074224764,0.3095335170447102,0.8145988945381766,0.03965220193627087,True,5,2
16,11,353.69702723556503,0.06628543523153757,194669.10081417838,671.8137714201137,417.89996518027306,3.2507859005241535,93.77145875288304,0.32361046048326797,348.631169224965,10.873037179544355,264.9713379984587,0.9144306577390481,389.9928089381291,15.670198832988412,3.0087231562717912e-34,1.0383269056671793e-36,409.99999999999994,4.0034213792325595,2.431943553511137,0.008392770931452076,64.20293794470803,0.0004816966758499218,0.0013611371136469542,0.03340034401215979,True,5,2
17,11,353.30956345956173,0.13270219184190338,6598.080078548871,116.92167962215335,417.1986766222683,5.556508402301785,12.420883157388847,0.22010501598395577,348.36003835726905,7.848581685303755,57.678156844088626,1.0220892889199407,385.36235705636005,0.03626407027972505,8057.9239525398125,142.79093184418332,395.00000000000006,4.762574646495525,0.32349809620227554,0.005732567703370115,63.889113162706565,0.0018824996073889112,0.008741657596973861,0.03877689787902896,True,5,1
18,11,348.19943449048236,3.8319862327840575,15.439805121516319,1.0598287555220005,417.51957433499274,0.1721266755932981,1299.718629580251,89.2160987056239,344.62418152039686,4.013073482233601,11.073910881739232,0.7601423137264709,389.99999999999994,39.99999999999999,0.621961928129281,0.04269309949726771,400.4284914968785,0.07530960495496437,3339.608823500766,229.23951665741677,69.32013984451038,84.17973020715223,0.717231260018111,0.08887816599497933,True,5,2
0,12,355.99999999999994,7.335808298061353,100.404929992069,0.9098566233929387,421.99999999999994,6.762796452281519,24.209987857512317,0.21938781099852536,349.8100654278586,11.297721056119954,45.76033608662726,0.41467430812803224,370.00038302809065,8.874479483342997e-40,3.2687161025280125e+42,2.962068691359265e+40,398.81051583368253,0.06738186590175346,1.207112762470515,0.010938701338696217,66.0,0.24112349721696602,0.45575786059750134,0.04855008791948644,True,5,3
1,12,355.999999990267,5.340693491782202,231.62798991298683,0.7154607202001423,420.49446179429657,5.641069123552781,74.25041217927068,0.22934729690006225,349.99999999999994,11.544310989646252,224.63432680746348,0.6938584464671855,379.8444764551014,25.058321506011232,4.305935909213737e-34,1.3300326993723938e-36,409.9905603757943,39.39852216926887,8.370291566488702e-28,2.58544523686229e-30,64.49446180402958,0.32055889362578127,0.969806485355459,0.04786699071490877,True,5,4
2,12,353.75553472559096,3.6921745519957043,1273.6797915299671,0.6818693665573206,418.7092922214283,6.0313574851639125,494.15899760739256,0.26454991664145083,348.88043492735954,12.171485236519956,1436.690669782018,0.7691378660929539,389.98848328546967,39.999959874839696,1.0602510009450747e-12,5.676094440799437e-16,409.9752594622275,0.1999894204323209,1.5460828949850448e-11,8.277014138555225e-15,64.95375749583735,0.3879774185737844,1.1279841914239992,0.04094963883866228,True,5,2
3,12,353.73333821096963,0.076109726217847,1330121.0377668475,574.5567691082334,418.61775743290895,5.645676753300259,974.3279232824118,0.42086899444349957,348.7863218782445,10.444242531563136,2022.598327399082,0.8736780542507544,370.00011719026986,17.56971003051155,2.97545619652312e-29,1.2852728814571696e-32,409.039799823624,24.39987289900892,1.0432576833473446e-27,4.506437736657011e-31,64.88441922193931,0.0007325107231731481,0.001520612237510987,0.03692868465953587,True,5,3
4,12,353.7227499609062,0.07618162364485066,984793.6106882234,584.9320428869564,418.40646559834767,5.59567771328295,809.9088163669365,0.48105675480428284,348.66953245727126,9.741342706779436,1535.3461128774943,0.9119404600080231,380.08758059336776,0.022967715825715357,3000456.363220872,1782.1633396924924,405.8040149272971,0.022774896172611497,919721.4302875669,546.2815043337419,64.68371563744148,0.0008224147756207836,0.0015590536902493886,0.03544260731715165,True,1,0
5,12,353.7212954528357,0.06789362061527848,926324.8182844223,655.2231200720943,417.6970800970726,4.795270646476052,972.6019480435482,0.6879566113380549,348.29829237147766,9.926655400900696,1360.3508394015944,0.9622254567638354,380.45655512472246,0.02018968202983755,2425333.402370653,1715.5262255193443,405.5101832138459,0.02217271524315348,415306.1388625144,293.76108544145575,63.97578464423691,0.0010499577781418318,0.0014685462513257495,0.03987311768730104,True,1,0
6,12,353.77567214524913,0.05404991175856532,710405.7808929167,824.4857875945193,417.1381458677651,4.457461695943811,727.5905583427987,0.8444301703001242,347.6997368971957,10.639493405161312,859.5749496323527,0.9976091811265495,381.83689073107803,3.18551692181972,401.06488230114553,0.46546960097219026,403.2210361141699,2.843012674723731,302.79724600224915,0.3514217262390876,63.36247372251597,0.0010241900867251983,0.0012099774139674704,0.04898286590667142,True,5,1
7,12,353.9035822191459,0.04523467582314236,701780.8141914285,985.1597973089426,417.00000000000006,4.145352864813067,688.1037996911956,0.965960006490544,347.7063533249898,10.55344056160324,730.0567404855956,1.0248535382225916,382.2617087684488,2.7069573923032135,542.1447400091581,0.7610627013149471,403.5646193992451,4.554495933646753,227.13888371916644,0.31885752947460183,63.09641778085415,0.0009805109882976908,0.0010402916775756343,0.05226945462746345,True,5,2
8,12,353.85770324177395,0.06231972105037447,476942.4219227026,715.0767576384784,417.00000000000006,4.486892451254194,667.9854560873711,1.00150637085923,347.6445327165104,10.815293764943188,675.4141073196279,1.0126441006828317,382.21155662455936,2.891100516476437,504.8967736657556,0.7569885404606564,403.25656861910096,3.2013061230650983,339.82422202127765,0.5094963074795984,63.14229675822611,0.001400557856427438,0.0014161334288462421,0.05043070053178492,True,5,2
9,12,353.908442806294,0.06605023607242537,458244.2716829152,674.6892473444905,417.00000000000006,4.749800286182909,632.8513973101525,0.9317694935149038,347.6988700123765,11.712910972295905,666.9191586543193,0.9819286633733594,382.06982853156353,2.8490521604626577,503.4589291255781,0.7412603865469416,403.26284167252726,2.8805495643756744,335.63644226997036,0.49416940398373915,63.09155719370608,0.0013810350426989248,0.0014553791500874404,0.05441058842909928,True,5,2
10,12,353.84255483697365,0.08055167915534901,386333.9208711297,553.227251531393,417.00000000000006,4.522828102286383,588.666451693923,0.8429659047412505,348.0419043544779,11.330193332557341,671.3624106743677,0.9613858922907389,382.36943531195203,2.082594763313808,717.5219948742314,1.0274860676031752,403.44596492237923,3.237727081352253,278.6558931535458,0.39903313057458695,63.15744516302641,0.00152372447743279,0.0017377775401148778,0.04622178378449984,True,5,2
11,12,354.088089918835,4.201728559943407,509.00893614436745,0.8090508832759478,417.29872603025836,4.669696565918734,312.3886021986824,0.4965301325525253,348.3580872216876,10.060990275550273,535.8630538716957,0.8517345104661963,381.4811717491017,3.977338774270448,452.92750853529833,0.7199115277153517,404.3761987566645,5.50972706035315,232.3534356104294,0.3693171945796676,63.210636111423355,0.6137192886336308,1.0527576547687794,0.043485889008119685,True,1,0
12,12,353.95971195082063,4.315066970716533,934.442017740829,0.7216460008600477,418.9801497602219,6.260139254815734,400.2245883283726,0.30908335469685017,349.34177240485366,11.227812724768887,906.1387446885992,0.6997880969755752,381.1649780829549,3.5649526041940955,378.8597726039026,0.2925838463978218,404.94120872189,4.94888755391391,168.87338900744126,0.13041665883511602,65.02043780940124,0.42830328766249504,0.9697110441152275,0.03520107787125481,True,1,0
13,12,353.9107336726364,2.726989518940423,2059.764865748812,0.9228164868980806,418.5909364789316,5.476533628722493,1006.2653757769368,0.45082732228470396,349.02532205966463,10.803686910796822,1884.8736860632928,0.8444616869349406,372.4887537890008,0.0018923944773128845,0.0003826279101839693,1.7142507367546522e-07,397.7553710230773,32.747890142410284,4.5630132020589954e-11,2.0443225742967656e-14,64.6802028062952,0.4885341004256408,0.9150916774075866,0.038586710773446664,True,1,0
14,12,353.82458640161076,2.030638994803995,2287.4301630479895,1.2021828007554805,418.1826356903978,4.603445354648005,723.7252295575428,0.3803613493876256,349.19259672907134,10.415218101248714,1636.7162545263548,0.8601933133060783,388.6280902301378,39.99999999999999,1.7959639468772472e-11,9.438876004134686e-15,404.450385458724,6.0703334757059215,2.0033047954135631e-28,1.0528577478002925e-31,64.35804928878702,0.3163922734118284,0.7155262184465725,0.03713377818439496,True,5,3
15,12,353.7971182395539,1.460522275979372,863.3055815103309,1.9480336375468001,417.7994709790068,3.3809363486237336,134.88071106005629,0.3043559173352525,349.1216626835612,9.873703125326873,394.9651802926007,0.8912318805163609,379.63798485457806,5.04007573804292e-12,141.06499176584003,0.3183106363790263,406.7805952984104,16.579029849693978,1.237872176791097e-17,2.7932364750308055e-20,64.00235273945287,0.15623750610309498,0.45750333225185374,0.03555678431153677,True,5,1
16,12,353.5594108746539,0.06268565665120021,63852.601687634124,710.9024047599731,417.75430566092916,2.747648109231432,40.326109360052534,0.448970399967695,348.40286471591145,9.041817090528415,86.73500570263235,0.9656634577321004,378.35555291856775,8.200748560951164,8.715947921936765e-29,9.703893300666413e-31,395.0530083190551,8.369036711878572,1.6271804645629042e-28,1.8116200039821423e-30,64.19489478627526,0.000631549980646477,0.0013583629078567317,0.035602216937343105,True,5,3
17,12,351.1689021204186,2.2786257361419926,46.9037525034233,1.5499636658912583,417.00000000000006,0.06843193672300077,4072.3797383523793,134.57432063025766,344.9831428941698,11.154942660649466,16.964329898346985,0.5605968297890768,381.3924898898759,0.014039081660676153,2.7418896192697577,0.09060744735599491,409.99999999999994,39.99999999999987,0.8765622660989831,0.02896654512334738,65.83109787958148,86.82417761894753,0.36168385241903267,0.061018153722003705,True,5,3
18,12,351.09237422121555,0.1254549613856507,2779.332540591982,351.42897462544477,421.99999999999994,19.999999999999996,2.65847893590458,0.3361478027056441,345.24067989011394,0.13579496858085288,1630.1948094425707,206.1277957765,375.5473943903302,0.003452483346889117,880.6786672521177,111.35623265181292,409.99999999999994,0.9734210862004548,10.958749939469124,1.3856644349524296,70.90762577878439,0.0009565170403604671,0.5865418353628704,0.18214017586807746,True,5,3
0,13,355.06864913387284,8.577657544089167,64.85716082305025,1.0691909425501065,421.99999999999994,6.480746854955727,14.23949495041194,0.23474260720425413,343.5342424204813,0.05669050001038104,8.468234117688105,0.13960153517555868,378.3962497613565,9.593415528268375e-40,5.0651369052039784e+41,8.350039429872278e+39,398.81129819933204,1.1674446032263072e-06,2594502.5888430043,42771.20110117211,66.9313508661271,0.21955162344003223,0.13056745022792446,0.050784611598938,True,5,2
1,13,355.99999999999426,5.825230235582171,151.95003355051477,0.8705322341271224,421.99999999750906,6.2289534435398375,37.9051429655538,0.21716118134150775,349.9999999999972,10.062228816214272,84.1932913144694,0.48234917935792976,370.02376763801175,39.99999999988321,1.6273974693646076e-12,9.323472471283292e-15,395.00969152348955,3.585307701343965e-06,3.312860045724251e-05,1.8979603949847518e-07,65.9999999975148,0.24945794403495467,0.5540853749563662,0.03754573379112667,True,5,5
2,13,353.9287176306428,6.0783354270518135,847.1076668069114,0.7924452019716963,420.20353884320986,5.6913163886331795,224.49691012925922,0.2100104936601326,348.4693494787039,13.189592556997836,561.2681856272482,0.5250504725051125,389.99995458905937,38.41346077550034,9.764086046395579e-21,9.134025628962514e-24,409.9997634269031,36.038082475459845,1.5116889027315409e-22,1.4141421035167217e-25,66.27482121256708,0.2650157930638004,0.6625700694492509,0.042243679339747826,True,5,4
3,13,353.7374449739942,2.148441150746533,2340.116423354807,1.0125908614692234,419.1216229464335,6.535344492198845,691.0635178240548,0.2990298242684115,349.06949959789506,12.286817846798092,1893.6529921405443,0.8194018449246346,389.8518910484081,39.98974990801443,7.580126445140071e-13,3.2799935466998184e-16,405.49578012557873,1.2964124301155405e-09,229904035781.23706,99481685.32283199,65.38417797243932,0.2953115968620661,0.8092131542010164,0.043850885816684046,True,5,1
4,13,353.69621411865523,0.07375039644134083,1412947.5589510005,590.4374417460191,418.6663073473116,5.695447380985948,1175.9488437066047,0.49140127140868317,348.44852859108863,10.437306715204185,2197.0676066542446,0.9181027057926131,388.3804465611827,39.997552684984335,2.185707768050856e-29,9.133556973129693e-33,408.2924525835171,28.132477061389345,8.874132660616114e-31,3.7082906245571974e-34,64.97009322865637,0.000832266446307216,0.0015549533970569934,0.03880504603984339,True,5,2
5,13,353.7101677937126,0.13520577156092695,332121.211290482,165.88407088064037,418.1008806899449,4.793487514409516,1239.6996675803823,0.61919088735271,348.3380733765631,9.784642164215496,1923.1389563652212,0.9605472583682328,381.3925845495357,0.006297775509123748,92.30987334497608,0.04610587054479944,409.556075569379,8.006290424099067,1.7944468988556712e-35,8.962696342239016e-39,64.39071289623229,0.0037326723661022304,0.005790473149524897,0.037983786667696764,True,5,1
6,13,353.7697724798641,0.06276149301605781,788855.7238528078,710.0434027939161,417.3142415450759,4.845233871561592,834.4140466056086,0.7510501237124019,348.0181687042863,10.805293446584436,1076.523927852915,0.9689714986011574,381.57656141547403,2.818016830681779,346.2119622317684,0.3116229144543446,403.29315912469514,1.9747772677506237,343.8502927066313,0.3094971925825262,63.544469065211786,0.001057752414510339,0.0013646651666481197,0.0447848598854062,True,5,1
7,13,353.83193406386545,0.05782262127136679,668500.890885874,770.6911773569346,417.070561692378,4.9681608289366554,743.1938387839066,0.8568020513148011,347.8510907090643,11.430056870723812,856.7012073875559,0.9876607064646988,382.1534323945957,2.682106802536157,515.4110610129715,0.5941992940480426,403.49650727576517,3.632125682751269,270.2204306141399,0.31152763542309586,63.238627628512575,0.0011117320095101924,0.001281525902309996,0.05075049603300433,True,5,1
8,13,353.8757069740444,0.05269323712240763,674805.3775335888,845.7121806131013,417.04049438629943,4.711483733551324,692.8227355096174,0.8682927640081046,348.0231619795767,11.248776824117934,776.5784209696296,0.9732611085818055,382.32831505997785,2.259939450360753,617.8271164789843,0.7743031328960303,403.49089015104045,3.3273459133669885,292.69141540314183,0.3668208692587146,63.16478741225501,0.0010267000806097337,0.001150818364560195,0.047213031490531514,True,5,0
9,13,353.92055011981324,1.496624130330096,1509.7303063376908,1.7902168839956387,417.15286454030735,4.749119370785479,670.2023778455978,0.7947165182261667,348.0961575494631,11.934664624795657,807.9147376346463,0.9580138903424371,382.5724069455447,0.044074447117860925,1002662.6123809225,1188.9431709096307,403.2808948973136,1.4124660556075799,799.1110442249726,0.9475745949813001,63.232314420494106,0.44392192104255834,0.5351384510485775,0.050569982881811186,True,1,0
10,13,353.88983416793843,3.1462499773627512,1257.968943001827,0.9121013369076855,417.59788741202743,5.423490064553077,774.8089245653616,0.561781958032843,348.36603928057787,11.70423758115392,1106.6173099500572,0.8023625173464777,382.4057345583727,0.025541956586281965,1655524.364736107,1200.3523574721962,403.0967395763191,0.0775752192816484,120272.34992597863,87.20451468280386,63.708053244089,0.6159205510403736,0.8796857156977126,0.04097580506070005,True,1,0
11,13,353.79802089050236,1.3321722230793827,4779.159718135754,2.1306684973708716,418.0765126849288,5.307899607303086,850.200487557758,0.37904056405867426,349.19132682819253,11.44702205713347,1896.3376178874569,0.8454345661392174,382.49967335237017,0.010423914855634415,3983675.139780909,1776.0216491366034,404.5970137295602,5.630660369783277e-06,578733093.180141,258013.63477049235,64.27849179442643,0.17789748359558963,0.3967931037523845,0.03589070802978679,True,1,0
12,13,353.79311690281725,2.454338116343073,2154.882514246614,0.9093548747015558,418.12553353350745,5.338832109231667,761.2016858969617,0.3212251522415139,348.99106209646413,11.366664660950544,2021.791218612252,0.8531906904987961,374.2703796049786,3.8811387944641804e-39,2.2077485709964268e+43,9.316642145815071e+39,406.0945806298821,2e-10,754.2934303556626,0.3183098861837907,64.3324166306902,0.3532450984517324,0.9382373309196891,0.0361156432290622,True,5,1
13,13,353.82308490843155,1.6395332565546659,3042.0782885835265,1.5845547098854134,418.0431677907235,4.926521357684654,815.5738586773891,0.4248152994209814,348.7751944627146,10.819922878223165,1771.1207949765765,0.9225396361389782,389.6729368950421,38.12104293441548,7.17290390837758e-14,3.7362150455593414e-17,409.97605997926934,38.89776760420528,1.377731216474446e-12,7.176312641964416e-16,64.22008288229193,0.26809759030137986,0.5822074999263934,0.03913589935252984,True,5,2
14,13,353.7620032773318,1.8780982423462316,746.3972241299202,1.321269317845482,418.1565394766579,4.503401581767069,138.0643238438637,0.2444009022094472,349.0075032115987,11.048444898586249,474.12109096127097,0.8392872188944714,389.3681082048916,1.1547277146608845,8.350839237464575e-21,1.4782621513074575e-23,409.9995702973385,4.181165691925097,3.7572354878653223e-07,6.651042915953484e-10,64.39453619932607,0.1849743265120072,0.6352128272100112,0.039031361283196654,True,5,1
15,13,353.67582303466764,0.06629673753738716,92214.52125459975,671.3940161642238,417.79564271698854,4.832861838177531,27.50272490079187,0.200241400978714,348.7307668649156,8.596225403768814,132.34456277315607,0.963572182654858,386.6888769007407,20.727828132868694,3.4856070933531837e-31,2.537795255386817e-33,409.64764716638456,32.990949861891316,4.050890567580715e-31,2.9493659460647304e-33,64.1198196823209,0.0002982472231771198,0.0014351813681031781,0.02940773374158127,True,5,2
16,13,350.996234435721,5.142848170758665,37.013665587777396,1.068844137224893,417.00000000000006,14.802596551336745,3.6249338357963032,0.10467726491532496,345.25962866010775,7.220644357828251,18.46792571532247,0.5332985483622448,381.3909335825125,2.3000035822086686e-07,169392613.5127574,4891552.862089412,409.99999988668293,39.99999993374821,5.915046818918042e-08,1.7080888945781776e-09,66.00376556427904,0.09793501341281162,0.49894884556964614,0.0389489100914765,True,5,3
17,13,350.8037076367154,13.884947847570796,5.351330804840795,0.43188663401712296,421.99999999999994,6.702652887048097,5.300267879826013,0.4277655292654314,348.2064485581461,0.16355816292830105,1471.3293588075744,118.74569289029031,388.6794712911663,0.034172974546043566,19379.579225448288,1564.0560349540997,409.99999999999994,0.017691219022138105,7855.576321427785,633.9952694864272,71.19629236328456,0.990457901617932,274.9464408884263,0.13428011789753178,True,5,2
18,13,355.98377468383734,19.92778721461855,2.2745085904754925e-26,2.975974203394122e-27,420.2460773022819,0.12712712772538795,1875.0534700335725,245.33258657150233,348.7618194564711,19.999999999999996,1.1617695782430233,0.1520062975192601,370.00000000000006,0.01081131908447769,9671.37253128786,1265.4054280142452,395.00000000000006,39.99999999999999,1.248383375679528,0.16333887405506278,64.26230261844455,8.243773964562548e+28,5.107782767266454e+25,0.22871448003327513,True,5,5
0,14,355.281178764284,8.163916152467216,31.17074168750848,1.0171372590553565,421.99999999999994,3.432081880258066,8.503518852392402,0.27747962960130973,349.99999999999994,0.12889081128658927,850.4023679890337,27.74961027049238,384.2968877679409,0.003625620267132146,4.538000274114332,0.1480801838685428,409.99999120742183,34.9698517414703,0.24641749376097424,0.008040887082509513,66.71882123571595,0.27280450807496004,27.282070363113245,0.056379885080033346,True,5,3
1,14,354.64783508283807,8.838708895607567,85.36117757907873,1.0422272169247724,421.99999999999994,6.330763719642798,16.16199556975368,0.19733176299038446,344.4641889838479,13.846871378272635,13.165580013474017,0.1607466790618228,373.09518557977776,39.96618957523607,8.648329447774106e-29,1.0559278335929725e-30,398.8114406687675,1.7968813718232114e-06,4813013.526382759,58765.047939692755,67.35216491716187,0.18933660509522826,0.15423381432709737,0.04406662242202614,True,5,2
2,14,354.34167897844355,6.969876023696114,245.5419910893874,0.8690137618687025,421.0900526708543,5.224493632829873,71.74140903841405,0.2539047251088619,348.553863587021,13.025670830487858,122.3733738965878,0.43309963208584307,389.9963618397961,39.96489128297427,1.0523261958921682e-22,3.7243566452644902e-25,409.9999999911763,39.94003749382452,6.992806316091181e-22,2.474869938052021e-24,66.74837369241072,0.292175724079297,0.498380636866461,0.04496894921639516,True,5,3
3,14,353.8829404005328,4.160681376434706,883.4999741845833,0.6215701255286389,419.276021840665,6.350606037966962,366.620446439806,0.25792905894001356,349.00742547655335,11.85388413914281,1134.6954209895257,0.79829405304983,389.91168651323744,6.362659265831699e-08,9698970.435267126,6823.53191522339,409.9999911171485,39.997843457982405,1.2455249660049184e-10,8.76266137057053e-14,65.39308144013222,0.41496373192107266,1.2843185672266493,0.043012893271570436,True,5,1
4,14,353.7594619325505,0.08778859539931166,842356.3428472128,380.2066799092056,418.7502671296649,5.938255084017162,888.3015970020066,0.40094456915063237,348.8406398216436,11.115755847138372,2033.3829511705235,0.9177894692825428,378.48846118084685,3.734148293250797e-39,1.6130690316738586e+43,7.280762188174271e+39,403.75487480166055,39.98028358114414,2.2169071651286495e-32,1.0006251155793524e-35,64.99080519711441,0.0010545437267077448,0.0024139225262999413,0.042027060312471186,True,5,2
5,14,353.7310396386541,0.07079262835822082,1549585.520926032,623.9432766204558,418.5426414860467,5.3305177301017315,1264.5367069528752,0.5091678811450899,348.6913766852416,10.272254279927118,2312.291217286561,0.9310480377696733,389.99998046162943,0.6061759002599509,1.248509241970101e-29,5.02714394788754e-33,408.8903207688556,38.214303365780424,3.019298613379924e-31,1.215725782467345e-34,64.81160184739258,0.0008160483496239616,0.0014921998083105062,0.039704027105144014,True,5,3
6,14,353.72933601569383,0.06445582926838159,1063860.5608225956,690.4491141341134,417.61110952091207,5.128980816630529,943.8732074432477,0.6125769146195358,348.4220331057765,10.780700582277952,1461.8072517603923,0.9487178669659252,382.46112231944977,0.0376955253103051,769697.8797865101,499.53653591461716,403.1505065986012,0.021143652816566907,1467437.7537019227,952.372081832819,63.881773505218234,0.0008872151503702971,0.0013740590690100377,0.04310810454135579,True,1,0
7,14,353.84520097864385,0.0567410264914904,765861.6736019421,785.3778961855413,417.28824479295923,4.678211966045155,751.244711484767,0.7703884544209213,347.95789684678107,11.07297030953977,960.2534291946314,0.9847232783942759,382.52836112961234,0.03623943523285617,1385783.6520480074,1421.0971598762353,403.43450777250644,3.422867613328259,249.5107119113336,0.25586891830616726,63.44304381431539,0.0009809143574864769,0.0012538209735427036,0.045697074740738926,True,1,0
8,14,354.00296742568395,2.9696817314662143,734.8645925344271,0.857706625083385,417.0605036941165,5.704499174369453,674.6228247114332,0.7873946738838906,348.12427724803496,11.131016338916412,796.1650930095234,0.9292542896634473,382.45137992660904,0.0283516403836777,1947959.7698356004,2273.5862048022504,403.1767750811541,0.9324764546185321,1650.7984652441683,1.9267505805854632,63.05753626843256,0.9180233087360626,1.0834174092722049,0.04549209832509468,True,1,0
9,14,353.9667227004795,3.395495493808918,973.8859411544693,0.7945631537649257,417.3091006571796,6.145347007979641,733.0239826567581,0.5980513968141361,348.456340227263,12.713976597171175,1001.9459838610773,0.8174564671249187,382.3556990637226,0.02116413558544927,2808513.5620486066,2291.3785885517354,403.0824206572201,0.07760764878204476,145281.16333173256,118.53036833313256,63.34237795670009,0.7526794993958048,1.028812452794364,0.045037096701319175,True,1,0
10,14,353.803660247091,2.6083894327452204,2446.378815528708,1.03403022551631,418.5129767220217,5.3668790553905845,1083.5792489330001,0.45800498599266737,348.90951438090616,10.598807251053508,1867.0346323105612,0.7891542510261718,381.40000467256743,7.68257558970929e-07,7742621784.480898,3272635.0061055487,405.23818413964705,4.525312964761304e-05,449372.3625794993,189.93976013418595,64.70931647493069,0.4429319131014542,0.7631829626954403,0.03677170610476796,True,1,0
11,14,353.81187290838284,1.506552471098289,4233.259303784465,1.6428982966218826,418.48820646336867,5.2050242740047805,1036.1928562357464,0.4021391925979089,349.24661937201665,11.416490875539502,2244.62076714458,0.8711216040102255,380.7308321388165,1.8355773908715847e-35,1.2448663618798373e+40,4.831239191102465e+36,403.4303113077317,7.0303806181513275,8.010806942567566e-22,3.108938086723234e-25,64.67633355498583,0.2447742464793987,0.5302346504354045,0.04033107229945619,True,5,2
12,14,353.7713488964276,0.9929273617106223,6358.967282401049,3.0990789123021822,417.9865314903369,4.903877067246261,627.0809577020221,0.3056114752625061,349.0962411965039,11.135932843592949,1878.4551824237524,0.9154758288607042,386.7515942482781,22.621327665533972,3.1132523672724235e-18,1.5172612676890198e-21,409.30614704457946,25.859112434982922,2.92140094055604e-14,1.4237613824989622e-17,64.21518259390933,0.09861364744516282,0.29540255500645957,0.04094614132874548,True,5,2
13,14,353.79651002313165,0.09284462724082959,215857.0720191143,309.56295369973486,417.7559972151507,5.522252706645436,157.23969729201517,0.22549914476861874,348.9905614171975,11.271611452244404,645.9181854182357,0.9263182320416915,389.9388558257746,39.998745114499904,5.70160750300854e-35,8.176736777526571e-38,409.99999793325827,39.99879416571011,4.2950100727089184e-36,6.15952024106095e-39,63.95948719201908,0.0007284435752843505,0.002992342013056858,0.04294151803493855,True,5,3
14,14,353.79358507082105,0.12271331080836459,30869.864807480742,183.8566181314707,417.7711111946027,4.243535334610562,39.65694449893108,0.2361912417327469,348.54193712624857,9.647648288259145,161.702563078165,0.963077958914083,387.20113413040474,6.550906902722049e-10,4489386004.04837,26738158.1791401,406.2051991303897,2.96904311451296e-37,4.785151583706344e+39,2.849969680506993e+37,63.97752612378167,0.0012846491148001708,0.005238201206471736,0.0344481268562042,True,5,1
15,14,350.8700855944121,5.091661183143767,48.691919419025076,1.0228717477740379,417.00000000000006,2.9972750416898752,9.890003215335486,0.20775941870979983,344.9579370147943,12.382321016734124,17.598378459473217,0.3696893519009025,389.9999999871644,39.999999942817254,5.64278701334749e-19,1.1853809592078217e-20,409.99982881374115,0.034576457859865434,925.0299162259784,19.43211478296419,66.12991440558795,0.20311384996400922,0.3614229767372267,0.03638334608259111,True,5,5
16,14,348.40416380184405,7.561146109552241,17.4703023950561,1.0681199925152585,417.00000000000006,15.323912636679905,3.1717729477194916,0.19391960256720928,340.0000000000008,4.069591235437105,6.928494908664111,0.42360250914022907,378.4876352193927,1.120674442064285e-06,55214586.790600546,3375774.6543756933,407.5092638762507,2.373386984433738e-05,48512.16187823821,2965.9938798166645,68.59583619815601,0.18155226372138059,0.39658700530706315,0.09701133226559039,True,5,2
17,14,350.44359762568087,0.08941565374764872,3302.978757508793,378.8529445698154,421.9921789006259,9.873929831661181,5.742001603243665e-34,6.586098109677814e-35,345.07611683560964,0.1505027607446955,2581.4802694887608,296.0967881556514,370.00000000000006,39.99999999999999,1.1593076616418714,0.1329730384359582,409.99999999999994,39.99999999999999,1.0304187712563222,0.1181894327182725,71.54858127494504,1.7384312842430925e-37,0.7815612690878435,0.16781260499470288,True,5,6
18,14,345.00000000000006,19.999999999999996,0.8955497820767819,0.1379260341497968,419.08983981239703,0.005134883191048446,2.928970470527269,0.451098631507516,347.5396864716002,0.24332480451539035,422.1936995023844,65.02318886210426,389.99874629862717,39.99999983190157,0.46629947556804713,0.07181603823528888,409.9999999980591,39.99999999999999,1.4953233582930798,0.2302987781456881,74.08983981239697,3.270583644981723,471.4352099146474,0.3203014694156,True,5,5
0,15,355.99999999999994,5.955611404200356,7.0369239000582,0.7643104865053519,421.99999999999994,12.981686012697498,3.070033163451125,0.3334494694088545,349.99999999999994,6.603898881990307,8.521324898619397,0.9255376456295192,371.1555974052501,0.06899934200887042,4983.500969811266,541.2794148171532,409.2897840005864,0.08311703528179143,3019.3796435343625,327.947773355204,66.0,0.43627488474413284,1.210944585964461,0.14422005650052486,True,5,3
1,15,354.7118862469342,7.57849622443087,41.083670417269545,1.032596006830911,421.9999999999184,11.519032875035446,6.213733640404752,0.1561758352996562,349.9999999999992,4.708480011584389,6.628245816935511,0.16659417460384193,389.9959046629603,0.004110482259372406,2961.2528542120963,74.42805965045201,409.99998745550613,39.999961784386635,1.6560136100419125e-09,4.162220715966322e-11,67.28811375298415,0.15124582534360914,0.1613352884397915,0.05551328393393209,True,5,4
2,15,355.9999993918791,5.619631074927277,110.18504669735785,0.840859409317639,421.99999999999994,8.48567609468275,29.638717322719817,0.22618309006454565,349.99999999999994,10.051480505388623,71.78088706434616,0.5477842602635988,371.45819666907465,4.357115145126045e-06,5.199419794542181e-22,3.9678533415169984e-24,409.96422048225406,9.825009057358663,4.376349135108033e-31,3.339740245173343e-33,66.00000060812084,0.26899037765194805,0.6514576089576355,0.04958438485375881,True,5,5
3,15,354.08972705914243,7.036113683782457,306.48039300852287,0.8496110251067444,421.0553826864221,5.078744241525702,91.59275465603962,0.2539092742990065,348.39266764367096,13.942144007958694,154.6889263290833,0.4288216155721888,389.9033902615247,35.77082159905853,7.237267312548124e-14,2.0062823725935876e-16,409.939044064941,37.58947334424945,3.728549119189525e-12,1.0336114516883199e-14,66.96565562727966,0.29885355391557633,0.5047269902345158,0.04219369328138941,True,5,2
4,15,353.9847280249945,4.3545426995538685,1071.3813632639647,0.6076514897600849,419.5070796573052,6.03233571217968,496.6800491648713,0.2817002256691181,349.3847326446615,11.47477791143612,1380.9164277516982,0.7832093718721467,383.2302445615673,1.4212833395217923e-12,85074050411645.72,48251141232.353584,409.99960537487465,39.994599613943166,5.477666079808431e-15,3.1067480431650977e-18,65.52235163231069,0.46358847203738446,1.2889121232655518,0.04234611422915892,True,5,3
5,15,353.80579799715184,0.08840320695311094,1051887.777363303,437.80152360879237,418.7528292566918,5.6232674274230225,1075.0398739732289,0.44743755455115275,348.9369032949537,11.222924349677244,2052.6689315703998,0.8543321873732274,389.77715618813863,13.650274841277163,5.587958080172396e-31,2.3257391273181314e-34,409.9386827387214,39.57877191640553,4.611174734097968e-30,1.919196484319647e-33,64.94703125953998,0.0010220100443299757,0.0019514143768413095,0.04160041950154345,True,5,2
6,15,353.74903275192423,0.18876701955485506,194578.74100657605,92.57910333425632,418.311577149107,5.0654891593806814,1175.73194720037,0.5594044286141763,348.67004426988717,10.420288235462955,1916.1737705270427,0.9117010861017918,381.39332519273245,0.025940883099575564,54.85496637094789,0.026099580939736414,404.6093923037344,9.191939765791084e-11,3850337962200.682,1831961879.444681,64.56254439718276,0.0060424481169843456,0.009847806397628419,0.03912479110381792,True,5,0
7,15,353.8184583482876,0.06165829159966211,903842.6339472041,720.5995205901432,417.5136021026657,5.029049454677566,843.5911500287411,0.6725632930480983,348.5162139934266,11.066211636218611,1190.7577357961693,0.9493460712363848,382.4881773235731,0.03425410649838889,1206644.7197868717,962.0121622320348,403.22641586745493,0.030341526170242123,1168740.439270946,931.7925140961561,63.69514375437808,0.0009333385241462482,0.0013174392212458134,0.044362632453554,True,1,0
8,15,353.9846335366261,3.311667766895583,978.7093332294571,0.894193935561324,417.23144404336523,5.6067067151524626,734.6305226201439,0.6711922895816187,348.29647077644984,11.25059221494663,928.1943483261241,0.8480411181497605,382.2820579866027,0.028708493360545647,1250762.933803998,1142.7546384399418,403.2257334260784,0.02363195963483893,1633813.465385655,1492.7272510680828,63.24681050673911,0.7506115428531535,0.9483861212024532,0.040248720737994216,True,1,0
9,15,353.89885265907935,2.9543128026496484,1919.142755195316,0.943489198973396,418.46263455173226,5.522550380992903,1048.3266960129956,0.5153785001173955,348.93606405570006,10.394515042400641,1640.7489244400927,0.8066251894215639,381.3989189734272,2.821399237821728e-07,33362946153.47766,16401895.71959884,403.279272871651,1.3798077505107944e-18,2.83981858546782e+21,1.396111964667325e+18,64.56378189265291,0.5462473769473729,0.8549384458234892,0.03553228880985355,True,5,1
10,15,353.82618794043185,1.5950293232313657,4140.847082083702,1.5644852341902822,418.5975575648486,5.361729101260294,1097.857256756144,0.4147898807650096,349.34216950658566,11.400926483217663,2245.580798316695,0.8484201255217184,387.4948223039691,0.19999999818524475,3.961075479591868e-18,1.4965643445631115e-21,409.99998922574497,34.45471900667827,4.8170081509848945e-15,1.8199508399614377e-18,64.77136962441676,0.26512866449627376,0.5422998613092237,0.04008381310706853,True,5,3
11,15,353.77727028515835,2.0991447805561836,2492.603108759139,1.0951417812935018,417.91922021043007,4.376998058959976,753.2258908863431,0.3309348130727072,349.0456435666269,11.664997499165366,1902.3844936373212,0.8358253007652933,389.7424126766954,34.94114204239731,9.306219717531524e-09,4.088749629956031e-12,409.81225760165086,30.836217520136746,2.3151343371181793e-07,1.0171696941947247e-10,64.14194992527172,0.3021844465488579,0.7632119557872016,0.04064996918502152,True,1,0
12,15,353.775881724584,0.6272406211873586,4231.774907218335,6.732101077376725,417.86074705316594,5.089378103385681,143.48758057034908,0.228266606075886,349.21886907120097,11.710357737616096,573.1421996012672,0.9117808257816873,370.041906547308,39.9999904882873,1.9973000480141085e-35,3.1773962698594513e-38,409.9999999589807,39.980789341603426,1.1433043055574032e-33,1.818820782287731e-36,64.08486532858194,0.03390718639727166,0.1354377801672844,0.0446141255981273,True,5,4
13,15,353.7423037836294,0.07567652693641702,95260.7424795541,554.6858906644658,418.2273406691733,5.3632539250786335,46.293453022058436,0.2695583149269013,348.5392735290451,9.845324193605704,164.92014497787568,0.9602998583094184,389.7189242214991,39.9938881909511,1.481319985496387e-35,8.625455503776828e-38,409.99999999999994,5.672904704427894,0.5319500145606822,0.0030974476991809897,64.48503688554393,0.00048596569601580043,0.0017312498379200923,0.04054555707204225,True,5,2
14,15,350.81146089111746,6.532283652658985,56.719596793309535,1.0080125766766168,417.0032275949131,4.98384077401974,17.444228553713867,0.3100163394433559,344.8094885797207,6.52478400771007,24.768372862435147,0.44017998647154444,389.99999999999994,39.722638197195145,6.268653442418392e-10,1.1140561403867849e-11,409.925,1.9502100851817127e-10,17.910895938046192,0.318309885574263,66.19176670379562,0.3075520550204534,0.4366810461063917,0.03226466487657396,True,5,1
15,15,350.5962060260063,0.7878676495846033,37.72056003875951,1.918060697882055,421.9999998544191,19.99999999717375,2.6389951845045085,0.1341908216658748,347.75542430302716,4.792139472814604,23.339546082403547,1.1867974919000577,381.3924964403757,7.09352861501178e-10,203948639909.84253,10370627323.550024,409.9993969277157,39.99643876257923,0.33029684003757814,0.01679533354912376,71.4037938284128,0.0699617180071777,0.618748662756363,0.08645900434633487,True,5,2
16,15,351.763639386935,19.928044802697183,6.074937081419231e-16,8.523237418487826e-17,417.00000000000006,10.720428229722096,5.124388326425974,0.7189601759702895,340.1786829358531,17.61121680403497,4.455947527605155,0.625176823942181,370.00036642054636,0.034908931574543604,439.90502259697195,61.719403821435186,404.6094070707562,2.206025004210501e-09,1109222994.2045565,155625824.64545774,65.23636061306507,8435294485764140.0,7334969017595411.0,0.19741836031357218,True,5,3
17,15,346.45112879448607,0.01711593087769332,4.595138879555626,0.634330328369849,421.99557849404255,17.412874444301316,2.272567146264809,0.3137137531460406,340.0000000002386,19.99999999942326,1.3967213756137586,0.19280869459160765,381.8387536628823,23.971831586345775,1.7598283684367635,0.2429333554621577,401.7108951230296,0.02424010072925127,4.682863856246588,0.6464402155199838,75.54444969955648,0.49455896890859113,0.30395629212164943,0.24540411582666766,True,5,2
18,15,355.38018809574464,0.7670998749930861,3.9643696774392145,0.6230920872562233,417.00000000000006,0.9630325448182563,18.853420396714263,2.963249651958793,340.00000000167546,19.999999999999996,1.602485608649118,0.2518675562406726,387.20117334499486,0.033609340192105125,2.4055351068564934,0.37808529795524265,409.99999999999994,39.99999999995558,1.473801066682373,0.23164181384636995,61.619811904255414,4.7557170321443465,0.4042220426033134,0.2587000685934833,True,5,5
0,16,354.0930137109529,0.04716819672028905,1487.0471015735143,144.31137163434727,421.99999999999994,19.999999999999996,2.275972156891881,0.22087307349922153,340.00000000000006,19.999999999999996,1.2315483231439734,0.11951634051055038,370.00000000000006,39.99999999999999,0.46167163059701416,0.04480319835573623,395.00000000000006,0.05714891328065353,2587.710255432586,251.12588293847145,67.90698628904704,0.0015305313157085395,0.0008281838025445289,0.2175772165574394,True,5,7
1,16,355.99999999999994,6.322597924155546,12.336529675920335,0.9272636459958582,421.99999999999994,19.99661335938252,3.200483237522743,0.24056131130350236,349.9378739024171,6.072522855962992,10.207762720199083,0.7672568806661803,370.00000000000006,0.008541536195435432,5010.127022673194,376.5814837712647,408.7724736788386,39.782248465423905,8.52354085593731e-37,6.406639288760485e-38,66.0,0.25943140588149066,0.8274419944957138,0.15138031345554606,True,5,4
2,16,354.24788725414504,9.218095505520173,66.32175214398544,1.097166970820145,421.99999999999994,4.778998039273421,15.401168777585964,0.254782980674406,340.00042921114874,19.99999756764945,3.421247326102193,0.0565980156413355,381.39269814483197,1.848018817004629e-07,779641.2449588812,12897.678294157617,395.1892422588302,5.200906076650158e-08,34294.26450686438,567.3332366704288,67.7521127458549,0.23221896707659073,0.05158559922654966,0.062108271309967884,True,5,2
3,16,355.3370827319536,7.153103218032936,138.7377830697937,0.8288036177024736,421.74603307477196,5.440694014743298,48.53581789398066,0.2899474142414624,349.99999999999994,9.926062613380745,84.38260426638635,0.5040920082451854,386.5075805830341,8.75020183954689e-05,4.419950910662369e-23,2.640428024557277e-25,409.99999725464136,39.99676508620687,2.6822254887720483e-28,1.6023307706089934e-30,66.40895034281834,0.3498384997947109,0.6082164670595658,0.04558076026577826,True,5,4
4,16,353.7435261675409,7.217719420975463,592.219351425336,0.9533977745279784,420.6429415665505,4.551609847299167,185.80311886250362,0.2991193712220359,346.8952013573458,15.50704621347626,175.837447866057,0.28307590940873495,389.9788304967073,39.84552166292357,1.1566381289647043e-25,1.8620401637250135e-28,403.3354139603177,1.7207027579382832e-10,40990089027.78746,65988825.8678816,66.89941539900963,0.31374037071790745,0.29691270209738446,0.042435792025424704,True,5,1
5,16,353.7811683078339,3.4542872075832154,1204.966375734658,0.7984470203972028,419.27841475050604,5.880464956020097,486.8057165600592,0.32257213290513964,349.25529768485563,10.728609390118999,1084.609971918009,0.7186952414693173,389.9987978911796,39.99232008962358,1.441343850949441e-13,9.550778563897732e-17,409.9999673513143,39.997900858404016,3.3168527089758304e-12,2.1978465257700464e-15,65.49724644267212,0.403999419704353,0.9001163798091306,0.036739191658953556,True,5,3
6,16,353.81037771259054,0.07048503612533136,914644.6554945118,585.2532564575171,418.9518436885133,5.920870922205432,705.7065656379783,0.4515601366738162,349.1086706517101,10.953302157963037,1435.0046270456487,0.9182157529319429,378.758383454744,13.388829422444367,1.5315864790828297e-33,9.800155383238966e-37,409.5583217208902,28.349364743619464,1.6805644387655242e-32,1.075341997097718e-35,65.14146597592276,0.0007715636464922336,0.0015689203653300734,0.04128533096047499,True,5,2
7,16,353.81234431320354,1.035003162983771,4962.34414413326,3.602563174268081,418.2691893278393,5.579252403753108,814.8819903858314,0.5915881213939921,348.7771313886959,10.452884039000502,1255.7058971616023,0.9116175120933266,385.39700184140355,39.50635310899419,1.7395794741903748e-15,1.2629001073696153e-18,395.07687695556507,11.288910527535833,1.2876733224543342e-26,9.348252271954555e-30,64.45684501463575,0.16421311515631723,0.2530469190949126,0.03917991689141974,True,5,2
8,16,353.8983935246312,3.2198730591331604,1503.0298477105348,0.9196836629408176,418.49912125865836,5.670700038448796,891.382529188973,0.5454249300336226,348.56932436567485,10.467199592116629,1329.3190659197564,0.813392381810901,380.5946309472905,5.1670395165158896,1.5369458467229378e-33,9.404364046455393e-37,409.9999964103502,39.98706146975573,9.052863504400853e-31,5.539324904633607e-34,64.60072773402715,0.5930571043194894,0.8844262593617949,0.03489185171486352,True,5,3
9,16,353.9018341542582,2.891246521549874,1713.2617847617,0.8152662141029475,418.58611799962324,5.455157379066719,922.561533349158,0.4390066102333529,349.198867580416,11.217098250931414,1747.7416014433036,0.8316736480742157,382.52060027614203,1.9971789974202704e-10,670.1529077229266,0.3188964049795492,409.9471428822318,38.6978212435746,3.95763615934633e-12,1.883265638167488e-15,64.68428384536503,0.5384825258782495,1.0201252470511384,0.03911595782731787,True,5,1
10,16,353.8191177080671,2.5018706550221634,1973.7687624522737,0.8645045558857517,418.17337457996655,5.014546961663713,724.3037944456989,0.3172428007046163,349.295553993353,11.825537728567308,1881.443337181427,0.8240663078553336,381.987247964342,6.197793612213496,7.948846646126184e-27,3.481570014855996e-30,409.9662597670543,38.17181170484504,4.497953359016845e-12,1.970089528724978e-15,64.35425687189945,0.3669648685420478,0.9532237884056193,0.041331957531020376,True,5,2
11,16,353.76785715041547,2.336487395788778,736.447740989656,0.9386264809172524,417.7908745238895,3.633825711674879,225.46655019456503,0.2873644154156624,349.02519002420746,11.514952615981496,665.0479661318475,0.8476251570174616,386.7327463205885,26.03372802990538,5.938728693448758e-16,7.56910192590626e-19,409.71298150489105,11.25889777997168,1.4365338445149819e-12,1.8309088780470137e-15,64.02301737347403,0.3061541744857248,0.9030484162231799,0.04067501761007772,True,5,2
12,16,350.91201818950293,8.141796480792541,190.3293567405863,1.0058357685234283,417.48813890888727,5.10736226168266,34.16658664530171,0.18056055841684596,342.3065239926299,16.436578305841063,42.36510167297518,0.22388734627989948,380.4202879735044,13.433819684369515,1.8330168276642713e-42,9.68696538013839e-45,406.11347916518,7.208729814291454e-35,4.304612249749582e+36,2.274863449637747e+34,66.57612071938433,0.17951296232178116,0.2225883720645242,0.0412013811934296,True,5,2
13,16,351.70481709299804,5.4130455961604,53.63016120809591,0.8531352511197391,417.9357722855193,5.288962142545865,13.482301978277555,0.2144731029108602,346.15314423150426,8.690618718968432,36.26217756970797,0.576849691856068,389.4996541204505,5.829490218923104,2.0999772942689582e-15,3.3405915923695685e-17,409.99999999843106,8.714844596645547,0.9675291982488559,0.015391213580560925,66.23095519252126,0.25139402296337476,0.6761526863401242,0.026652727304049544,True,5,2
14,16,355.99999999999994,4.345926569725202,6.312070436718562,0.37728962181255177,417.00000000000006,6.225378210783474,6.69972276143208,0.4004606558579123,348.23472549662796,5.816910579219633,18.43927917665041,1.1021658799281686,388.765454059329,9.763689264008548,5.839607543015186e-26,3.490492293339026e-27,395.00000000000006,3.493428406675519,3.9698347219396983,0.23728782115391137,61.000000000000114,1.0614144484919665,2.921272720498408,0.09192071563719631,True,5,4
15,16,355.9999999999958,19.999999999999993,0.6781683553337813,0.10948664770020694,421.99999999999994,19.999999999999996,1.6552991562682895,0.2672391805595184,347.7886369268137,0.2676593231702118,578.0728018095805,93.32675684291752,373.4397174639524,2.2167470329347103,6.53314542595219,1.0547413278718865,407.5077822640002,0.006201403460217912,3.542598192922,0.5719334988742435,66.00000000000415,2.440838094625609,852.4030902696194,0.19161946469907945,True,5,4
16,16,355.25146441178543,14.008967622966118,2.073469566746125,0.2813162704152663,418.7191550193294,19.999999999960195,3.52408365329802,0.47812713814409696,340.6135803633777,0.0789447090665117,3.7863348675805026,0.5137078549759326,387.20116102640503,0.02894609777458542,3.0733893977192532,0.41697956737170794,409.999999982758,39.99731755598652,2.035411192555734e-05,2.761527319399411e-06,63.46769060754394,1.6996071270186663,1.8260865403114452,0.21233183732767777,True,5,2
17,16,355.9999999999996,4.893785238325236,1.6112616969569693,0.2461049125565573,418.22737383379297,0.29069196544048104,175.99866030240636,26.88212286408724,340.00000008978026,19.999999998604306,1.4537745394095942,0.22205024582540084,378.484962015584,1.176896729507225e-06,1799745.722759331,274894.05635362293,409.999998663694,39.99999999067958,1.2715613569982676,0.19421891376513828,62.227373833793365,109.2303383334921,0.9022584861014163,0.2505675917097306,True,5,5
18,16,355.895523601639,6.378163045593331e-33,5.093248578209792e+34,6.920324887930956e+33,417.00000000000006,0.015193526430045526,21580.116363607147,2932.1446629256825,340.00000000000006,19.999999999999996,1.6003460447914264,0.21744304038984605,377.40743817140094,0.05217211264983108,11697.139763261766,1589.3197863466414,409.99999999999994,39.99999999999999,1.3136460443970088,0.1784883905699334,61.104476398361044,4.237004346485729e-31,3.1420929495530853e-35,0.2013934410939354,True,5,6
0,17,355.99999999999994,11.76815529650854,1.6027568840191313,0.20383912037428276,417.00000000000006,0.11168062264520923,1026.88386017702,130.59940959987367,340.00000000000006,19.999999999999996,1.4867678236551816,0.1890875955027509,379.96337437025136,3.9716416397718852,9.355992230952648,1.1898980098613925,397.45601094722997,4.019595440439839,6.008235224162238,0.7641292296457816,61.000000000000114,640.698455527434,0.9276315319432031,0.25434269696384926,True,5,4
1,17,355.99999999999994,5.732747458837986,6.9107391419569835,0.93787790777521,420.7905884927763,7.3668494557702875,5.83550848181812,0.7919550099213016,347.5863539553938,0.460892791379422,86.24788752617705,11.704969127249697,372.66975128989895,0.03888566459642846,5.703173733203111,0.7739954495027244,409.99999999999994,13.131886042243467,2.2628878444963383,0.3071035490604821,64.79058849277635,0.8444116268821602,12.48026958542576,0.18026819329216956,True,5,2
2,17,355.41446010489807,7.395090079832717,25.451936556416268,1.067458037503125,421.6952724379468,3.2742540245885565,4.802617767035595,0.2014225096433802,343.53295432133575,0.04659793833755424,8.381172880478191,0.35150764795986794,370.0000000047882,0.010548513305669667,2239.8971024664365,93.9416205092262,409.99999999999994,39.99999120837805,0.8378508477838145,0.035139590251342785,66.28081233304874,0.1886936090851164,0.3292941133143502,0.07277321544869612,True,5,3
3,17,355.4862712784052,7.16830134704617,59.74850633898139,0.8806450096043672,421.99999999999994,4.463390409027436,18.81517842372831,0.27732062270587265,349.99999999999994,10.362899028760236,24.17632984861502,0.3563396900826173,389.3808491688918,39.79647184016152,4.387337146214479e-37,6.466582681322835e-39,409.9999999999879,0.01722158640923867,5014.558402485546,73.91056451627826,66.51372872159476,0.31490625584815374,0.40463488261030867,0.03891243789301844,True,5,4
4,17,355.99999999999994,4.8301130686271625,122.1387951506142,0.8243639926718647,421.3692151969525,6.752415180603394,33.715941865689636,0.22756249084345592,349.9248705014276,10.347872966273602,87.87508807571866,0.5931044134925455,384.27792077053493,0.0015274518221400106,489.77888927519643,3.3057152740978357,409.99999999864764,39.9999999999885,1.5814502294128912e-24,1.0673845470008235e-26,65.36921519695255,0.27604613115851656,0.7194690922516176,0.04692197956561666,True,5,4
5,17,354.14817752663686,5.478118768533702,189.01096783812253,0.819038397506774,420.8356426993382,4.793936198076994,64.91524567368057,0.2812962623198957,349.1584552936556,9.966695831592132,139.89154296514133,0.6061899290047965,389.9991720511012,39.93648672340908,3.794918290672151e-15,1.6444462620408634e-17,409.99999902650035,39.99810804831428,8.875985546865826e-12,3.846217529992457e-14,66.68746517270137,0.3434469777927221,0.7401239439446219,0.03575956772431608,True,5,2
6,17,353.83505548817004,3.9356278759648684,228.34709750163793,0.8875473218622068,420.20230066327997,4.992861679182819,70.85801288088656,0.2754133520985854,348.9592091741578,10.391520452347905,164.3272772733731,0.6387128912459438,372.7072716990353,3.1859375190906794e-42,6.136181626474845e+44,2.385032097462401e+42,409.9999999983512,0.037069376367246304,1272.1911625839928,4.944796196676381,66.36724517510993,0.31030835800476203,0.7196381257799627,0.03163868095178718,True,5,2
7,17,353.67599023371326,5.056416607824595,200.09252090107367,0.7248657814657049,419.89328578295823,5.57338663257954,86.37115433879576,0.3128927258447582,348.60384508168266,11.269493328245018,175.51086171994837,0.6358149588172187,389.99775931061373,39.823626515341566,1.524151258313302e-14,5.521471207189338e-17,407.5225165054237,0.00022695366531829138,88019.37325362535,318.8636511264442,66.21729554924497,0.4316560856439902,0.8771485357352334,0.03888504250504624,True,5,1
8,17,354.4795508547072,5.819678413736809,195.17383496750233,0.6391134533552212,419.6934248468006,5.770648698479631,90.42585384632015,0.2961072099338468,349.268938760849,11.396980713689832,227.34706106899466,0.7444674401881738,389.9243770115068,31.0668499852321,3.741922748230707e-15,1.2253246805384485e-17,409.96886401043264,20.897035269249404,5.176517557360147e-10,1.6950950484675591e-12,65.2138739920934,0.4633093050683593,1.1648439510698214,0.04652234572177948,True,5,1
9,17,353.80858926177666,6.156211269906728,331.4053838874846,0.7211795024762503,419.7917790958133,6.135579562510996,117.02920210179381,0.25467015881558075,348.9967016095014,12.742669470567192,247.51335260665206,0.5386199656602353,389.9843829860738,39.968855103061905,2.4193996734823806e-15,5.264915833128437e-18,409.95418024870554,6.322571946025097,9.081784475671324e-13,1.9763097186088055e-15,65.98318983403664,0.3531300569984897,0.7468597815257138,0.0410994729355351,True,5,2
10,17,353.794943059574,3.2364747398513054,310.60433799583535,0.8575856145824693,418.4791670142095,5.147902811610769,83.18817713174485,0.22968444185888764,349.0849184698444,11.570376092619608,256.8726792574722,0.7092312874053244,389.9999997739068,39.99998689485655,8.483968071480821e-13,2.3424428066991395e-15,409.99999979982783,39.999993251339376,8.340990842852817e-11,2.3029664699308197e-13,64.68422395463551,0.26782683612377706,0.8270093100274615,0.03634788725662486,True,5,5
11,17,351.3045507987291,8.232884812905592,190.6121477320351,0.9880489992436041,417.794042470079,4.805979814267531,43.55031315893169,0.2257455458396067,340.0000561668241,19.999993262253163,39.457682119876665,0.20453115813911063,389.9999173375143,0.29831374326693605,1.6221739701822965e-16,8.408631804993143e-19,409.9999998280587,20.578132115473522,5.516279737766719e-07,2.85939523755346e-09,66.48949167134987,0.2284760634466763,0.20700507595846807,0.0437120765441244,True,5,5
12,17,350.79585370860894,5.441928305714817,64.97547607086153,0.98215863336608,417.1920157488638,3.3427676251009073,18.366327933199535,0.2776223989979199,344.4879318400788,13.63657720794688,22.840757351954526,0.34525713980727823,379.8995792102149,22.704943092821463,9.690713717681038e-22,1.4648323824391077e-23,407.5018431536035,1.5390822221751737e-06,218827525.2417238,3307760.960456832,66.39616204025486,0.28266553850516496,0.3515288957182037,0.03951302363561123,True,5,1
13,17,347.3749160541076,11.907522283358873,11.70408093419445,0.5100304972108503,421.99999999999994,19.999999999999954,3.122493228626126,0.13606935759311775,349.99511814602636,0.4689923759962995,100.47571426146214,4.378445329497879,386.56286634061627,39.99999999999999,1.3879305251940361e-35,6.048205748395674e-37,409.99999999999994,0.010778654255151485,16171.329029136588,704.7004400998243,74.62508394589236,0.2667867085149336,8.584673570388082,0.0653546440503235,True,5,5
14,17,355.99999999999994,19.999999999999996,1.9077712791964778,0.33293534349837245,421.99999999999994,19.999999999999996,1.6954728904187197,0.29588601910470413,348.3913840169598,7.811313964644405,3.2842663848396727,0.573154847701291,383.02602748254964,0.05422457860525744,6028.041883527471,1051.9857474529592,409.99999999999994,0.008761817234836806,13665.715875778655,2384.8769812541836,66.0,0.8887191608906206,1.7215199854685683,0.2340673314625716,True,5,5
15,17,354.07706576834806,2.131664401378472,5.748777684538655,0.7981350099389968,417.11295024362704,0.07105089489085648,2954.8922124464953,410.2442388218587,346.40800803992533,19.999999999999996,1.306066269740256,0.18132849666177042,382.330589536263,0.0646354280958933,4755.283030572242,660.2025816855188,409.99999999999994,39.99999999999999,0.7785711679130027,0.1080933967079176,63.035884475278976,514.0035629475952,0.22719025528729753,0.2053841793099491,True,5,3
16,17,352.28518922787725,9.200201401877926e-09,92580778.44981074,11588644.471521523,421.99999999995856,19.99999999999983,1.1850240088613198,0.14833340309787682,340.00000000022266,19.99999999999997,2.951169505189785,0.36940771878885,383.6091765818473,2.3180541452677756,3.364205328408063,0.4211087888103521,407.50211537653576,0.08084234282616864,1.2623761316521696,0.1580158260062842,69.71481077208131,1.2799892469080251e-08,3.187669789134094e-08,0.21876796922124978,True,5,4
17,17,345.4581504661173,19.999999999999996,0.12151330851911052,0.014756100582822736,421.99999999999994,19.999999999999996,1.8707172117737725,0.22717257620065626,340.00000000000006,19.999999999999996,2.6340062635272825,0.31986341112818034,374.96095677922045,8.662507155227393,1.5850531158568235,0.19248264648329794,409.99999999999994,0.034644437353720775,2930.1983730086686,355.8318216061026,76.54184953388267,15.39516316831718,21.67668953819186,0.25368790458682017,True,5,6
18,17,355.8848711647818,0.04565359698678148,7556.877199120036,808.5725438529606,418.8320361064421,5.364847214454869,6.054119260389596,0.6477800925139346,349.99999999999994,19.999999999999996,1.1812490671342672,0.12639156862942158,383.78269766885415,3.6455156556783948,5.0786923413463665,0.5434111310379852,401.2046100404897,0.09957815388429951,848.3874991253258,90.77596740895773,62.947164941660276,0.0008011403521410367,0.00015631444524092815,0.20571609962965848,True,5,2
0,18,347.8114135264839,6.45634860177238,4.608812021939339e-28,8.888329244978882e-29,417.00000000000006,0.023392797138302755,9860.129239149772,1901.576255625377,344.8894975163787,0.11051898643998838,2090.788636961338,403.2192612436645,371.5687319308712,39.99999999999999,1.2394990523280849,0.23904371936817376,409.99999999999994,39.99999999999999,0.9170221732299207,0.17685240712386072,69.18858647351618,2.1394079845766274e+31,4.536502306903714e+30,0.29649400144336824,True,5,6
1,18,345.00012521543346,19.99999999938962,0.8590875139546481,0.11153740501103941,421.99999915926753,2.274645439637186,6.503697480997886,0.8443907381077741,349.3690400373492,1.6652812219808646e-08,1016147643.5772203,131928900.64360657,373.88909191953127,1.6944075503408997,12.263916544525866,1.59225387917881,402.8874738319407,0.33274930145498344,155.11125009116483,20.13846790014014,76.99987394383407,7.5704714308549725,1182822037.419186,0.16737635697925016,True,5,3
2,18,352.7912046515022,3.6831018400303766,13.071527246809545,1.0671106655888167,419.3745434787786,19.999999999999996,3.5841223361467556,0.29259436173464876,349.3691583770647,0.011803328631220012,4.710901547481125,0.384580408313264,375.57813378409725,0.04715344249155458,1.7513325223509488,0.14297224634171257,400.2496653009326,0.08970062127291731,1851.5184158483412,151.15104851792398,66.5833388272764,0.27419308153311284,0.3603941191057798,0.0932218929608204,True,5,1
3,18,355.10646348733206,8.815481410069118,20.10526345322279,1.026753916569598,421.0347772552564,5.131381533462661,9.89960690454158,0.5055621472151454,347.99860504657,0.17642165006394941,1561.648089716746,79.75166782323745,375.57809192784873,0.020194904062319895,3.108517553063787,0.15874860728681342,407.5078060246831,0.012749420656625286,4.244710641407992,0.21677275136982568,65.92831376792435,0.4923888178622556,77.67359494443333,0.09373270503402047,True,5,0
4,18,354.1424592104089,7.621059900615046,55.88986489162903,1.0678525249925133,421.9724275763853,8.32457692343353,15.30498627220063,0.2924227544195237,344.2689327391514,13.006043962280291,8.652903162165812,0.16532558287895235,389.8471144526443,38.160924391399135,2.1386830325150177e-31,4.086247266580645e-33,395.0000737477929,5.159521175334466e-07,9.718962001084712e-22,1.8569409915891637e-23,67.82996836597641,0.2738418906876433,0.1548206133427567,0.04677950838549374,True,5,3
5,18,355.17827838325144,6.32165717437811,65.58850932951935,0.8111694727222465,420.6715613983833,6.527791146787244,24.98487262309471,0.3090017772760494,349.99999999999994,8.351915686609699,50.2310655943429,0.6212354482357665,387.1984849534265,0.1259888020363444,0.14180326257727624,0.00175375959769425,406.06172505115774,9.953114787547696,1.656071314219327e-38,2.04815524621342e-40,65.49328301513185,0.3809336860755546,0.7658516119337302,0.05532632736536987,True,5,2
6,18,353.89951716115814,5.8022495251426545,84.79803055938498,0.7508801716183805,420.9481417044336,5.762593077418588,37.784224257562755,0.3345764590029869,349.4253972989113,10.814922781179098,61.46811824520014,0.5442955558347762,384.2974079422171,3.038890134368995e-08,1410583618.7990408,12490611.666082801,409.99999999942605,6.119608870736432,1.742888067271584,0.015433142520309097,67.04862454327548,0.44557903064861926,0.7248767198921365,0.046857689056094075,True,5,1
7,18,353.9840625751428,6.366544425478488,91.5305710263681,0.7351194689492229,420.7723465497208,5.024104641805302,45.781992141952166,0.3676939122463683,348.9103094851336,10.942384475300202,72.65806569568814,0.5835466562718701,389.85898941922824,3.907646883760108e-08,24.621318940693023,0.19774388711393015,409.9999999879385,37.20339347689278,2.8642940670790344e-16,2.300431768200124e-18,66.78828397457801,0.5001825251233635,0.7938120005255602,0.041353258745508735,True,5,2
8,18,354.2220125259272,6.505415672131089,123.06897935570305,0.8600462504904225,420.43972572556413,3.702199450219652,57.02755628544811,0.3985272016937252,348.03044177805907,11.45196388051544,80.25141220622399,0.5608230971432515,389.9999999112813,39.98654007244551,1.2022191783072544e-15,8.401500540460252e-18,409.99999968444865,39.99999838697911,1.686953375292871e-14,1.1788981535139083e-16,66.21771319963693,0.4633788025544833,0.6520848115127,0.047281012102847096,True,5,5
9,18,353.3756346988826,6.254356630391558,127.71140203359957,0.8164693786455836,419.31609518838013,6.176822414272423,31.899790119468676,0.203937952313098,347.55738474199126,12.679778648763115,68.10518982531399,0.43540201684250796,389.9006119557505,36.69858476733165,2.6265377311687593e-15,1.679166930445525e-17,409.9217307685941,22.463773368724695,8.891172724559281e-13,5.684199025504089e-15,65.94046048949753,0.24978028282138948,0.5332741536060829,0.034839817951922744,True,5,2
10,18,351.7849045611707,8.87938396822144,113.28881132246195,1.0147147282587057,418.3809383853579,5.027165962643646,32.510289710936846,0.2911908899436423,340.00000000000983,19.999999999999996,18.068841774929915,0.16184051767839763,389.8246426461829,4.714929785412792,1.5423031260004482e-20,1.3814230011978265e-22,409.90833509856117,0.1880617165871996,1.2202500113819092e-21,1.0929637660180617e-23,66.5960338241872,0.2869682304142155,0.15949361251129462,0.04951118056579282,True,5,4
11,18,353.5572898959328,0.07900745348511344,30424.9779434966,564.040253165827,417.4414483300836,4.722914719351466,11.96731762985621,0.2218587924104904,348.7287505380914,7.136874507771029,48.83718315689147,0.905379034386678,385.5559234704052,1.6172652383570893e-30,2.979016463869902e+32,5.522716248428737e+30,409.99999999999994,39.99999999999999,0.2736062564709618,0.005072310732787984,63.88415843415078,0.00039333858029679355,0.0016051674136819058,0.036774581080404434,True,5,4
12,18,355.1992226293328,0.0402703967103803,5.799379719124796,0.3730584305464111,421.9999999984291,19.999999999999996,2.4165852283489953,0.15545239943446384,349.83668146067157,8.748129121726246,14.61669246609452,0.9402523399526053,383.9684976530321,37.81529171740293,3.360836101004518e-07,2.16193507217644e-08,395.00000000000006,4.876682655723923,1.442367681666704,0.09278361646487437,66.8007773690963,0.41669718924935134,2.52038893364623,0.0835962245436757,True,5,3
13,18,350.9041102699667,0.06145699817789544,6271.47307114096,725.1148833473841,421.99999999999994,19.999999999999996,2.424670979920198,0.2803432295437986,340.00000000000006,19.999999999999996,2.010987975551267,0.23251272783342447,373.98930878019127,0.045453086284548756,16821.286241842186,1944.8963381719987,408.26183346931015,5.954988715363746e-19,35960999771.07914,4157851888.745719,71.09588973003326,0.0003866190530383767,0.00032065639965913315,0.23116921287349815,True,5,6
14,18,355.99999999999994,6.816156792226643,1.6335333021591485,0.2747012351658741,421.99999999999994,2.849153886336552,4.157928611847754,0.6992132476861054,340.00000000000006,19.999999999999996,1.176672389363625,0.19787374907908478,370.00003102620366,39.99999592397162,0.7930210331478666,0.13335746325483416,395.00000000000006,2.983117469561882,6.630759484748792,1.1150539864358815,66.0,2.545358950657416,0.7203234778307487,0.25787784033261396,True,5,7
15,18,355.198476796664,6.297400592509055e-07,28028315.695550565,3881889.86239992,421.9998458103339,19.9833446799019,1.0503532380172371,0.14547272946712653,346.451250776451,2.9765236736802378e-09,6673250841.627122,924237655.6889001,371.6973863386445,39.99991396284721,1.4047135294505537,0.19455122700846983,409.72425288856715,0.2907308625288392,141.57655947633006,19.608192549075305,66.8013690136699,3.747471840357423e-08,238.0896131652494,0.2437452104350232,True,5,1
16,18,352.2853546323818,0.025090142504713784,3.9862694658843014,0.6841178561162038,421.99999999999994,19.999999999999996,1.4501995167738797,0.2488811639170046,347.2831167892062,7.394623534998973,2.3749408033131225e-32,4.075839389861822e-33,371.03000093802086,0.14791076906516543,1211.626135159512,207.9375418780947,400.98797927325165,39.99999999999999,1.1075561594649668,0.19007720171104486,69.71464536761812,0.3637986666945437,5.957802962490578e-33,0.26450926234897776,True,5,4
17,18,355.99999999999994,19.999999999999996,0.08783421664213321,0.00915825467648255,421.99999999999994,19.999999999999996,1.3543658635547882,0.14121635027617546,340.00000000000006,19.999999999999996,0.9767251480374285,0.1018406948524092,382.7794711368361,0.05561468707604867,11186.827584582114,1166.4226079333869,403.6597491958386,0.05079845569881333,6192.05557492598,645.6301893959537,66.0,15.419570132593545,11.120098583185895,0.17638379523951347,True,5,6
18,18,354.13776714826497,0.09052932425373955,1673.042378829446,271.21555155885414,417.00000000000006,0.05168339440964613,3492.8708666659186,566.2264809391431,340.5367405828335,19.999999999999996,1.163578403844191,0.18862675720227193,388.44580156318045,4.326243827680187e-34,7.019545486236995e+34,1.1379328610158958e+34,409.99999999999994,39.99999999999999,2.5810493336746196,0.4184118271546406,62.86223285173509,2.0877360375711023,0.0006954865092289506,0.24818988702881034,True,5,5
