# RamanPL_2D export
# schema_version: "0.3.8"
# export_kind: "mapping_fit"
# map_kind: "fit_params"
# spectrum_type: "Raman"
# x_quantity: "Raman shift"
# x_unit: "cm^-1"
# coord_mode: "real"
# step_size: 0.5
# step_unit: "um"
# scaled: true
# peak_labels: ["E2g", "A1g", "2LA(M)", "2LA(M)-E22g"]
# peak_profile: "pvoigt"
# params_per_peak: 4
# baseline_spec: {"method": "poly", "poly_order": 3}
# preprocessing_recipe: {"name": "legacy_mapping", "backend": "native", "steps": [{"name": "crop", "data_range": [300, 450]}]}
# preprocessing_backend_requested: "native"
# preprocessing_backend_resolved: "native"
# background_remove: false
# smoothing: false
# smooth_window: 11
# smooth_poly: 3
# 
x	y	E2g_centre	E2g_fwhm	E2g_peak_height	E2g_peak_height_norm	E2g_amp	E2g_scale	E2g_eta	A1g_centre	A1g_fwhm	A1g_peak_height	A1g_peak_height_norm	A1g_amp	A1g_scale	A1g_eta	2LA(M)_centre	2LA(M)_fwhm	2LA(M)_peak_height	2LA(M)_peak_height_norm	2LA(M)_amp	2LA(M)_scale	2LA(M)_eta	2LA(M)-E22g_centre	2LA(M)-E22g_fwhm	2LA(M)-E22g_peak_height	2LA(M)-E22g_peak_height_norm	2LA(M)-E22g_amp	2LA(M)-E22g_scale	2LA(M)-E22g_eta
0.0	0.0	358.24540324405774	9.999999999999998	9.689294090964218	0.8072648745259998	12.709591892050021	9.999999999999998	0.9999999999999999	423.99999999999994	9.999999999999998	9.600420328413174	0.7998603447325108	12.62629229113895	9.999999999999998	0.9999999999999999	340.00000000000006	9.999999999999998	6.290045237741771	0.5240559871480968	8.468442582261856	9.999999999999998	0.9999999999999999	317.0000000000021	9.999999999999998	13.000411854513764	1.0831311080037618	17.20444364511771	9.999999999999998	0.9999999999999999
0.5	0.0	359.99999999999994	9.999999999999998	8.493097166320206	0.5366990902746387	8.434629059283953	9.999999999999998	0.9999999999999999	420.0279734676988	9.999999999999998	10.089006854046934	0.6375484342524754	10.019965015094963	9.999999999999998	0.9999999999999999	340.00000000000006	9.999999999999998	11.005328807034157	0.6954530065111253	11.238119587853342	9.999999999999998	0.9999999999999999	321.9148582052169	9.999999999999998	8.38857838626292	0.5300942989865077	8.344571106371141	9.999999999999998	0.9999999999999999
1.0	0.0	350.64788757398225	9.999999999999998	7.897727671816146	0.6589219804657354	10.363319922482358	9.999999999999998	0.9999999999999999	423.99999999999994	9.999999999999998	7.1459565359865485	0.5962003285853404	9.41139245415278	9.999999999999998	0.9999999999999999	340.00000000000006	9.999999999999998	5.285005850892254	0.44093778194837596	7.125300312091438	9.999999999999998	0.9999999999999999	317.58636733866535	9.999999999999998	9.195599245305267	0.7672057986892336	12.342203354029534	9.999999999999998	0.9999999999999999
1.5	0.0	359.99999999999903	9.999999999999998	9.329244163063914	0.6386246781654352	10.036466180096554	9.999999999999998	0.9999999999999999	420.1399066666296	9.999999999999998	7.152377854511771	0.4896093322907571	7.706728854025023	9.999999999999998	0.9999999999999999	343.0254070782798	9.999999999999998	9.63929629805153	0.6598490068956142	10.368839184587376	9.999999999999998	0.9999999999999999	317.00000000000006	9.999999999999998	8.699166494652708	0.5954933010490083	9.458809615231104	9.999999999999998	0.9999999999999999
2.0	0.0	356.85553912310985	9.999999999999998	10.197770707300544	0.7030052259694779	11.279778161208558	9.999999999999998	0.9999999999999999	418.00000000000006	9.999999999999998	8.804521089374086	0.6069585712058946	9.53478705790185	9.999999999999998	0.9999999999999999	340.00000000000006	9.999999999999998	3.6212271151965356	0.24963706867649563	4.033991089378857	9.999999999999998	0.9999999999999999	321.74640081208963	9.999999999999998	11.000446643544295	0.7583394155816577	11.98823613386112	9.999999999999998	0.9999999999999999
2.5	0.0	359.99999999999994	9.999999999999998	4.8787774242542294	0.36996190987757605	5.814229113533211	9.999999999999998	0.9999999999999999	423.1501424243312	9.999999999999998	11.900633946818596	0.9024353605128714	14.316210636926249	9.999999999999998	0.9999999999999999	344.1922377663495	9.999999999999998	7.509296192173605	0.5694364221826793	9.08233626746462	9.999999999999998	0.9999999999999999	317.00000000000006	9.999999999999998	8.257732643478619	0.6261910053227627	9.946411641716724	9.999999999999998	0.9999999999999999
3.0	0.0	355.4645096053744	9.999999999999998	4.4439875345368955	0.3362800348684304	5.373905275811028	9.999999999999998	0.9999999999999999	418.00285752918006	9.999999999999998	10.14620030423665	0.7677709637064358	12.060894241899918	9.999999999999998	0.9999999999999999	343.12995540204764	9.999999999999998	5.82067369330176	0.440454960174691	6.929967405476735	9.999999999999998	0.9999999999999999	324.99999999999994	9.999999999999998	11.436923398087824	0.8654409962239759	14.064308299394654	9.999999999999998	0.9999999999999999
3.5	0.0	359.99999999999994	9.999999999999998	6.512384904928857	0.44663454970479893	7.019197200227332	9.999999999999998	0.9999999999999999	423.99999999999994	9.999999999999998	8.044670176169607	0.551722248317629	8.709278334222665	9.999999999999998	0.9999999999999999	343.6045848175393	9.999999999999998	9.519201183832584	0.6528490247977596	10.442850689962947	9.999999999999998	0.9999999999999999	317.0000000000001	9.999999999999998	7.013995298690038	0.4810361607298492	7.640773547527954	9.999999999999998	0.9999999999999999
4.0	0.0	359.99999999999994	9.999999999999998	7.581568512466679	0.4765199118348645	7.488868098570918	9.999999999999998	0.9999999999999999	418.00000000000006	9.999999999999998	10.911041771975171	0.6857853562437201	10.773086746629223	9.999999999999998	0.9999999999999999	346.9154146582866	4.865085382851031	14.158680737247062	0.8899073173996614	6.85444270422017	4.865085382851031	0.9999999999999999	322.35562165124463	9.999999999999998	9.831554822714121	0.6179369914834573	9.72351349065793	9.999999999999998	0.9999999999999999
4.5	0.0	358.6150730977733	9.999999999999998	8.966939173991817	0.5635938074810021	8.984338080516643	9.999999999999998	0.9999999999999999	423.99999999999994	9.999999999999998	10.053435555587576	0.6318827320110086	9.974661352617165	9.999999999999998	0.9999999999999999	340.00000000000006	9.999999999999998	10.796555000957083	0.6785895858774574	10.965616433841308	9.999999999999998	0.9999999999999999	318.7382014651211	9.999999999999998	9.55759478982558	0.6007179410318707	9.489110580248921	9.999999999999998	0.9999999999999999
5.0	0.0	355.6752299371204	9.999999999999998	7.279844416262309	0.45938295775698357	7.27385425918856	9.999999999999998	0.9999999999999999	423.99999999999994	9.999999999999998	8.686230714349852	0.5481307194428112	8.652583820431413	9.999999999999998	0.9999999999999999	340.00000000000006	9.999999999999998	6.4867139761222035	0.4093337277672953	6.614597019384774	9.999999999999998	0.9999999999999999	317.00000000000006	9.999999999999998	11.29741003135477	0.7129050208276003	11.323776193404527	9.999999999999998	0.9999999999999999
5.5	0.0	350.74094906195836	9.999999999999998	8.376897023910173	0.5283626313201331	8.323746258286556	9.999999999999998	0.9999999999999999	423.99999999999994	9.999999999999998	11.867708567549876	0.7485413403785897	11.816189935984022	9.999999999999998	0.9999999999999999	340.00000000000006	9.999999999999998	2.838114903509068	0.17901065921268472	2.892709035546357	9.999999999999998	0.9999999999999999	317.403034935754	9.999999999999998	15.40951702145964	0.971936617770473	15.797978795797837	9.999999999999998	0.9999999999999999
6.0	0.0	359.9485256309004	9.999999999999998	8.811973818917583	0.5561960778133921	8.737959520511627	9.999999999999998	0.9999999999999999	423.99999999999994	9.999999999999998	11.12392432889354	0.7021222723495956	11.083436118800666	9.999999999999998	0.9999999999999999	341.0210196126592	9.999999999999998	9.15558690539489	0.5778843232520863	9.07753090302862	9.999999999999998	0.9999999999999999	317.00000000000006	9.999999999999998	13.698582191003437	0.8646300866082675	13.733775614975913	9.999999999999998	0.9999999999999999
6.5	0.0	357.5662728292434	9.999999999999998	10.98696795827286	0.6944558772117944	10.992804053904095	9.999999999999998	0.9999999999999999	418.4528017752484	9.999999999999998	6.477889121816905	0.4094494668280871	6.474828161641658	9.999999999999998	0.9999999999999999	340.00000000000006	9.999999999999998	6.535523762073909	0.41309239313946555	6.675334884557115	9.999999999999998	0.9999999999999999	320.11744232024535	9.999999999999998	11.223413950427789	0.7094009748509957	11.151784317298315	9.999999999999998	0.9999999999999999
7.0	0.0	355.0888245185967	9.999999999999998	8.208173137053851	0.4127228467420471	6.670634611655553	9.999999999999998	0.9999999999999999	423.0491518897992	9.999999999999998	9.917688470478478	0.49868058949178595	7.945786826062627	9.999999999999998	0.9999999999999999	347.07992454342246	9.999999999999998	11.44585766301192	0.5755198969618861	9.092656007614302	9.999999999999998	0.9999999999999999	317.77362227644414	9.999999999999998	11.95172173753812	0.600955722622104	9.571078155189062	9.999999999999998	0.9999999999999999
7.5	0.0	352.9431638421367	9.999999999999998	160.18605677821512	0.9506470384394455	15.13903069290049	9.999999999999998	0.9999999999999999	420.4713043267967	7.377597635015283	59.290240941635055	0.3518664051863464	4.171381745366114	7.377597635015283	0.9999999999999999	344.3047187552828	9.999999999999998	36.014926934321785	0.21373572905368024	3.3919796174489867	9.999999999999998	0.9999999999999999	324.48697401429246	9.999999999999998	45.38703047159946	0.2693558164124481	4.264985249555627	9.999999999999998	0.9999999999999999
8.0	0.0	351.6332973085598	9.999999999999998	294.21654847648205	0.9602442561195107	15.398141987533938	9.999999999999998	0.9999999999999999	419.57344932688505	6.494173321918064	276.90436071954815	0.9037418977697147	9.319375663541118	6.494173321918064	0.9999999999999999	341.8492876656579	9.999999999999998	65.76550156215092	0.2146410371982256	3.459679985415391	9.999999999999998	0.9999999999999999	321.3233290211617	9.999999999999998	84.11267436667339	0.27452131039428973	4.429045100766207	9.999999999999998	0.9999999999999999
8.5	0.0	352.1068571100362	9.999999999999998	46.34635962929886	0.9703120727408536	15.279308420909855	9.999999999999998	0.9999999999999999	419.89591761158334	9.999999999999998	26.786808959432854	0.5608113416336032	8.809296336118322	9.999999999999998	0.9999999999999999	340.00000000000006	9.999999999999998	18.198817788153168	0.38101228986910096	6.156938913056955	9.999999999999998	0.9999999999999999	317.00000000000006	9.999999999999998	17.8387732792709	0.3734743616156883	5.932263010297139	9.999999999999998	0.9999999999999999
9.0	0.0	356.15973580344854	9.999999999999998	9.637004845889837	0.8021600003940322	12.600978260395923	9.999999999999998	0.9999999999999999	418.00000000000006	9.999999999999998	7.812589646350501	0.650300276280111	10.215647248718486	9.999999999999998	0.9999999999999999	341.37178442015147	9.999999999999998	4.878344056455766	0.4060610669836654	6.40630620956227	9.999999999999998	0.9999999999999999	322.3507826323145	9.999999999999998	9.112784440973144	0.7585252148004688	11.9347782468954	9.999999999999998	0.9999999999999999
9.5	0.0	350.5388306893745	9.999999999999998	11.809038786874403	0.7420529485430687	11.658304474694997	9.999999999999998	0.9999999999999999	418.00000000000006	9.999999999999998	12.234192007677418	0.7687686031169294	12.076680806990465	9.999999999999998	0.9999999999999999	340.00000000000006	9.999999999999998	3.1626772533328813	0.19873539442806124	3.211449383368259	9.999999999999998	0.9999999999999999	317.00000000000006	9.999999999999998	9.364449680019034	0.5884405684453297	9.34678408136227	9.999999999999998	0.9999999999999999
10.0	0.0	352.74543815817805	9.999999999999998	6.346914748758149	0.4810659341596952	7.6025329587337085	9.999999999999998	0.9999999999999999	418.00000000000006	9.999999999999998	9.137064023521827	0.6925459713812147	10.879290083684614	9.999999999999998	0.9999999999999999	342.39220461740985	9.999999999999998	6.827023481982772	0.5174558913892486	8.221422032697081	9.999999999999998	0.9999999999999999	317.00000000000006	9.999999999999998	7.412424578735777	0.5618265087073238	8.924046623683518	9.999999999999998	0.9999999999999999
0.0	0.5	349.5536358601815	9.999999999999998	6.604466944151252	0.4955735145254546	8.046323330850782	9.999999999999998	0.9999999999999999	418.00000000000006	9.999999999999998	9.950200595201563	0.7466243560449837	11.728814098445469	9.999999999999998	0.9999999999999999	340.00000000000006	9.999999999999998	7.797125094481009	0.5850659438440334	9.4543283042006	9.999999999999998	0.9999999999999999	317.0000000000004	9.999999999999998	9.946495285277223	0.746346323998319	11.854957517224525	9.999999999999998	0.9999999999999999
0.5	0.5	358.15521271117825	9.999999999999998	9.36306659222671	0.7010954521254201	11.02260783816163	9.999999999999998	0.9999999999999999	418.00000000000006	9.999999999999998	9.187528870599898	0.6879513932749589	10.807113289513953	9.999999999999998	0.9999999999999999	340.00000000000006	9.999999999999998	4.93643848472646	0.369634727815767	5.973084070563663	9.999999999999998	0.9999999999999999	317.00000000000006	9.999999999999998	11.448201523281714	0.8572279118095345	13.616199544789167	9.999999999999998	0.9999999999999999
1.0	0.5	359.7577276217004	9.999999999999998	7.561603776905706	0.6360679309093034	9.998184308424154	9.999999999999998	0.9999999999999999	418.00000000000006	9.999999999999998	8.02738045739663	0.6752481918918354	10.607557132161924	9.999999999999998	0.9999999999999999	340.7427873902391	9.999999999999998	3.734656056385047	0.3141522645894063	4.952247909593196	9.999999999999998	0.9999999999999999	317.00000000000006	9.999999999999998	11.650652790005436	0.9800310664934053	15.566803620869132	9.999999999999998	0.9999999999999999
1.5	0.5	359.99999999999994	9.999999999999998	8.696527443224378	0.548136968952254	8.6143839081722	9.999999999999998	0.9999999999999999	423.99999999999994	9.999999999999998	8.142959914027612	0.513245935773176	8.101905845174038	9.999999999999998	0.9999999999999999	340.00000000000006	9.999999999999998	6.546255888936162	0.4126066276882709	6.667485194957584	9.999999999999998	0.9999999999999999	321.33174745184044	9.999999999999998	12.713184920857756	0.8013045084653655	12.921066253506464	9.999999999999998	0.9999999999999999
2.0	0.5	359.99999999999994	9.999999999999998	8.041060883599794	0.508253233361715	7.9875810659452595	9.999999999999998	0.9999999999999999	422.4054505344278	9.999999999999998	10.960576514544083	0.6927877469983306	11.052948479218227	9.999999999999998	0.9999999999999999	340.00000000000006	9.999999999999998	6.176721198628404	0.3904134748164382	6.308856641094	9.999999999999998	0.9999999999999999	324.55958658758027	9.999999999999998	13.222028221661724	0.8357278588656786	13.269856793833513	9.999999999999998	0.9999999999999999
2.5	0.5	359.99999999999994	9.999999999999998	10.04855429448875	0.8468551753843404	13.308964745303758	9.999999999999998	0.9999999999999999	422.36030976820155	9.999999999999998	9.620073419537178	0.8107443841330094	12.907106141932866	9.999999999999998	0.9999999999999999	340.00000000000006	9.999999999999998	5.93148423300821	0.4998836621889581	8.077831748655651	9.999999999999998	0.9999999999999999	322.9315147823936	9.999999999999998	9.938818897878829	0.8376070800047958	13.48143575937514	9.999999999999998	0.9999999999999999
3.0	0.5	359.99999999999994	9.999999999999998	9.917070373263487	0.6738152434383008	10.589512328006542	9.999999999999998	0.9999999999999999	419.44494248643036	9.999999999999998	11.714092820079388	0.7959139149098516	12.611328078788347	9.999999999999998	0.9999999999999999	340.00000000000006	9.999999999999998	8.567786365733589	0.5821381555704674	9.407016933858968	9.999999999999998	0.9999999999999999	318.1233597034805	9.999999999999998	14.114178695203893	0.9589877247498897	15.098428133945369	9.999999999999998	0.9999999999999999
3.5	0.5	355.44797656489817	9.999999999999998	8.289509755819216	0.5707844670084576	9.12929830932637	9.999999999999998	0.9999999999999999	418.00000000536073	9.999999999999998	9.300620529016228	0.6404057523155441	10.060212951174048	9.999999999999998	0.9999999999999999	340.00000000000006	9.999999999999998	5.8564294691755086	0.4032517086778694	6.5163150977845365	9.999999999999998	0.9999999999999999	317.00000000000006	9.999999999999998	12.597003316937474	0.8673822742188636	13.777491335351222	9.999999999999998	0.9999999999999999
4.0	0.5	359.99999999999994	9.999999999999998	9.299896105412689	0.5876826417595545	9.23587384000478	9.999999999999998	0.9999999999999999	419.41300633204	9.999999999999998	11.25037224919428	0.7109378867508842	11.278659765738443	9.999999999999998	0.9999999999999999	340.9591822616039	9.999999999999998	10.431602151012065	0.6591978491376251	10.357429281188063	9.999999999999998	0.9999999999999999	317.00000000000006	9.999999999999998	10.318169379646257	0.6520297614533372	10.356834184678927	9.999999999999998	0.9999999999999999
4.5	0.5	354.9563308742392	9.999999999999998	6.4867461461137275	0.44612910809662265	7.152306762226035	9.999999999999998	0.9999999999999999	423.99999999999994	9.999999999999998	10.604127823825294	0.7293040272618088	11.512517001192053	9.999999999999998	0.9999999999999999	340.00000000000006	9.999999999999998	10.019578935526567	0.689101394339011	11.135481197483909	9.999999999999998	0.9999999999999999	317.00000000000006	9.999999999999998	10.779310555230044	0.7413523044650647	11.775632561097083	9.999999999999998	0.9999999999999999
5.0	0.5	359.19024438278734	9.999999999999998	9.132636708356305	0.5758948266211853	9.222643312700063	9.999999999999998	0.9999999999999999	423.99999999999994	9.999999999999998	9.681280179965674	0.6104917285947655	9.63699107890887	9.999999999999998	0.9999999999999999	340.00000000000006	9.999999999999998	8.402022403198712	0.5298230280779782	8.561634638419882	9.999999999999998	0.9999999999999999	318.6651406523447	9.999999999999998	13.39662520513982	0.8447776251478151	13.318100960479077	9.999999999999998	0.9999999999999999
5.5	0.5	359.99999999999994	9.999999999999998	9.609949406780354	0.6037258564121947	9.488005000585364	9.999999999999998	0.9999999999999999	423.99999999999994	9.999999999999998	10.397428905108404	0.653197681331451	10.311131065190203	9.999999999999998	0.9999999999999999	348.3941825083295	9.999999999999998	9.481100625692456	0.5956311893731493	9.369913864849943	9.999999999999998	0.9999999999999999	324.497570938792	9.999999999999998	13.691550244933556	0.8601442679189365	13.624732223966964	9.999999999999998	0.9999999999999999
6.0	0.5	359.9999999999999	9.999999999999998	10.242376977458063	0.7057485989239456	11.091368979192278	9.999999999999998	0.9999999999999999	423.99999999999994	9.999999999999998	8.860365996488039	0.6105214543203339	9.63746031794799	9.999999999999998	0.9999999999999999	341.74754710033534	9.999999999999998	11.820659003103883	0.8144997541253062	13.049598658356903	9.999999999999998	0.9999999999999999	320.224651321182	9.999999999999998	10.2228390915599	0.7044023454489063	11.065157224505644	9.999999999999998	0.9999999999999999
6.5	0.5	351.64668275703906	9.999999999999998	61.717598622811025	0.9120888399727648	14.614961706556102	9.999999999999998	0.9999999999999999	420.0313925397202	9.99999999999999	27.12908848484033	0.4009251720385471	6.301302152024933	9.99999999999999	0.9999999999999999	340.00000000000006	9.999999999999998	18.568325869789696	0.27441059245220173	4.434316949210278	9.999999999999998	0.9999999999999999	322.17946902946795	9.999999999999998	26.508014809394112	0.3917466819349806	6.153810289250824	9.999999999999998	0.9999999999999999
7.0	0.5	351.6152841597492	9.999999999999998	277.5597916850546	0.982144164973715	15.765576695617714	9.999999999999998	0.9999999999999999	420.0985439298735	5.689237474323934	164.9546956585763	0.5836915024418113	5.238642812943051	5.689237474323934	0.9999999999999999	341.71316436424365	9.999999999999998	57.30378261945276	0.20276919574316057	3.2426499969038716	9.999999999999998	0.9999999999999999	322.7404996559586	9.999999999999998	81.57436458050954	0.2886505487621027	4.598107430452707	9.999999999999998	0.9999999999999999
7.5	0.5	351.50105522561137	9.999999999999998	340.47489320955015	0.9796788156946044	15.838124441598705	9.999999999999998	0.9999999999999999	419.920575453633	6.806763232203671	144.055130425516	0.4145026913427716	4.431906233864261	6.806763232203671	0.9999999999999999	341.30771608816474	9.999999999999998	60.1977961698864	0.1732124947693068	2.728556675745137	9.999999999999998	0.9999999999999999	322.547471332027	9.999999999999998	84.03948496870467	0.24181431508681864	3.822840317242828	9.999999999999998	0.9999999999999999
8.0	0.5	352.16364249585666	9.999999999999998	152.4004424833142	0.9988187839871306	15.712501892852908	9.999999999999998	0.9999999999999999	419.88811747260104	9.999999999999998	47.02140655335644	0.308174066621428	4.840898375105528	9.999999999999998	0.9999999999999999	340.00000000000006	9.999999999999998	28.477357007532294	0.1866380348636127	3.0159630281297334	9.999999999999998	0.9999999999999999	321.12714908370066	9.999999999999998	36.30454355329067	0.23793671103727781	3.8509934415858167	9.999999999999998	0.9999999999999999
8.5	0.5	353.24022208267814	9.999999999999998	29.11196609267843	0.8441081856466277	13.67438696204959	9.999999999999998	0.9999999999999999	418.00000000000006	9.999999999999998	12.61546390874069	0.3657882919070781	5.746213394232666	9.999999999999998	0.9999999999999999	340.5714517839499	9.999999999999998	12.689964871563806	0.36794846454390195	5.8306958390093735	9.999999999999998	0.9999999999999999	319.7735992312898	9.999999999999998	13.907464094525217	0.40325013592014747	6.393165702981038	9.999999999999998	0.9999999999999999
9.0	0.5	356.89903946624736	9.999999999999998	9.438558554789967	0.5964450530423495	9.5946026353583	9.999999999999998	0.9999999999999999	418.00000000000006	9.999999999999998	6.830170186921654	0.4316147636080871	6.7802895572813835	9.999999999999998	0.9999999999999999	340.58190441143574	9.999999999999998	11.173228808251563	0.7060630085099057	11.184322033109616	9.999999999999998	0.9999999999999999	318.20019452582085	9.999999999999998	11.185447879061611	0.7068351607718343	11.114753062672103	9.999999999999998	0.9999999999999999
9.5	0.5	359.99999999999994	9.999999999999998	7.201943498724268	0.5438279393878376	8.546664274135292	9.999999999999998	0.9999999999999999	418.00000000000006	9.999999999999998	10.026619339748459	0.7571228149078829	11.893735683612324	9.999999999999998	0.9999999999999999	340.00000000000006	9.999999999999998	9.952405365873542	0.7515188230835471	12.14411085618133	9.999999999999998	0.9999999999999999	317.00000000000006	9.999999999999998	10.771315086634795	0.8133557405857671	12.919334417538499	9.999999999999998	0.9999999999999999
10.0	0.5	359.99999999999994	9.999999999999998	5.0801717033018825	0.3848720089995701	6.048552513013581	9.999999999999998	0.9999999999999999	418.00000000000796	9.999999999999998	10.309981273204658	0.7810805297756346	12.270090381436091	9.999999999999998	0.9999999999999999	342.18034187252846	9.999999999999998	8.570098585104834	0.6492676335388162	10.426549454721382	9.999999999999998	0.9999999999999999	317.00000000000006	9.999999999999998	12.404648184174805	0.9397717530833083	14.92732509085845	9.999999999999998	0.9999999999999999
0.0	1.0	359.99999999999994	9.999999999999998	8.447875754428534	0.5823724590564161	9.152420332909998	9.999999999999998	0.9999999999999999	423.99999999999994	9.999999999999998	7.507462249308516	0.5175430343078917	8.169738214237526	9.999999999999998	0.9999999999999999	340.00000000000006	9.999999999999998	5.964490911779038	0.41117499123865564	6.644350775411655	9.999999999999998	0.9999999999999999	317.00000000000006	9.999999999999998	11.523218340437232	0.7943778052898678	12.617889083833038	9.999999999999998	0.9999999999999999
0.5	1.0	357.52911076480143	9.999999999999998	7.996406093931486	0.5965365015719626	9.455564856122258	9.999999999999998	0.9999999999999999	420.98230672562875	9.999999999999998	10.897632480424663	0.8129696614861813	13.094556796601015	9.999999999999998	0.9999999999999999	343.85989787354157	9.999999999999998	9.044213614527116	0.6747035462811185	10.966582408746477	9.999999999999998	0.9999999999999999	324.6346414010698	9.999999999999998	8.108917724900955	0.6049299340635438	9.63704004903247	9.999999999999998	0.9999999999999999
1.0	1.0	359.99999999999994	9.999999999999998	9.124841173418874	0.7563537873626123	11.88666750063546	9.999999999999998	0.9999999999999999	418.00000000000006	9.999999999999998	9.959018451766385	0.8254983490945924	12.967855383652621	9.999999999999998	0.9999999999999999	342.51966043924216	9.999999999999998	8.502719921101548	0.7047864497568138	11.144501701076946	9.999999999999998	0.9999999999999999	317.00000000000006	9.999999999999998	10.098760900415165	0.837081534848962	13.29619469541295	9.999999999999998	0.9999999999999999
1.5	1.0	355.145096163624	9.999999999999998	7.095068680419965	0.4483543319530074	7.274386706823974	9.999999999999998	0.9999999999999999	419.29135386871883	9.999999999999998	10.908790411062006	0.6893525147493814	10.995226308093637	9.999999999999998	0.9999999999999999	340.00000000000006	9.999999999999998	5.992479705003772	0.3786791017673262	6.119235938645726	9.999999999999998	0.9999999999999999	324.3179805123333	9.999999999999998	11.03737076650574	0.6974778144418776	10.990048745891068	9.999999999999998	0.9999999999999999
2.0	1.0	353.0078567439237	9.999999999999998	6.81066725024311	0.46178329593552064	7.377164543286506	9.999999999999998	0.9999999999999999	423.99999999999994	9.999999999999998	9.383327290821823	0.6362172227754557	10.043083981249234	9.999999999999998	0.9999999999999999	340.00000000000006	9.999999999999998	7.028402729372056	0.47654640261800835	7.700715090224881	9.999999999999998	0.9999999999999999	317.00000000000006	9.999999999999998	10.572922189618863	0.7168752600881684	11.386839433958999	9.999999999999998	0.9999999999999999
2.5	1.0	358.5905661494889	9.999999999999998	9.01794691870923	0.5625800324740217	8.95783475421614	9.999999999999998	0.9999999999999999	423.86570573701874	9.999999999999998	9.317375832046764	0.5812597529589147	9.147647060620853	9.999999999999998	0.9999999999999999	340.00000000000006	9.999999999999998	3.952720613240509	0.24658846531288625	3.9847274168439593	9.999999999999998	0.9999999999999999	324.854116649201	9.999999999999998	10.119386554991017	0.6312927840496625	10.179825682915137	9.999999999999998	0.9999999999999999
3.0	1.0	359.99999999999994	9.999999999999998	10.2367022038548	0.6409989977178137	10.073780394067576	9.999999999999998	0.9999999999999999	423.4818473066183	9.999999999999998	10.264770581860772	0.6427565756771116	10.107604607136679	9.999999999999998	0.9999999999999999	341.55235726402697	9.999999999999998	6.480269557033003	0.40577973338280904	6.440637326502165	9.999999999999998	0.9999999999999999	320.6972986902257	9.999999999999998	12.196405985387448	0.7637111890828419	12.0898557947387	9.999999999999998	0.9999999999999999
3.5	1.0	359.99999999999994	9.999999999999998	5.659258570706391	0.3886710483663442	6.10825726828708	9.999999999999998	0.9999999999999999	418.00000000000006	9.999999999999998	7.176504251347981	0.4928736505193444	7.742612967497781	9.999999999999998	0.9999999999999999	340.00000000000006	9.999999999999998	6.771244838214063	0.46504092314081275	7.514793175919018	9.999999999999998	0.9999999999999999	317.00000000000006	9.999999999999998	11.096950831624326	0.7621251899891268	12.10558886620575	9.999999999999998	0.9999999999999999
4.0	1.0	359.99999999999994	9.999999999999998	6.153045141735923	0.42337729203422536	6.653691938634485	9.999999999999998	0.9999999999999999	423.09484970794705	9.999999999999998	11.663172987772688	0.8025168810474252	12.7604336431025	9.999999999999998	0.9999999999999999	345.99147547181	9.999999999999998	8.037619238195754	0.5530506260042581	8.861357830088078	9.999999999999998	0.9999999999999999	320.00575496934044	9.999999999999998	10.350539594522667	0.7121975093109288	11.215163611530196	9.999999999999998	0.9999999999999999
4.5	1.0	359.99999999999994	9.999999999999998	7.61033337040456	0.5240189353216776	8.235350906254592	9.999999999999998	0.9999999999999999	419.4292379670474	9.999999999999998	10.879811822190058	0.749142925819183	11.877260320153205	9.999999999999998	0.9999999999999999	340.00000000000006	9.999999999999998	4.531010640524346	0.3119883527063601	5.041551887626147	9.999999999999998	0.9999999999999999	317.00000000000006	9.999999999999998	12.140313733401069	0.8359363469920875	13.278004542991809	9.999999999999998	0.9999999999999999
5.0	1.0	359.99999999999994	9.999999999999998	10.672328263034412	0.7987592493206234	12.553101165578644	9.999999999999998	0.9999999999999999	423.99999999999994	9.999999999999998	11.959090291040061	0.8950656078032513	14.12916649549515	9.999999999999998	0.9999999999999999	340.00000000000006	9.999999999999998	10.049932081071706	0.7521766578905502	12.154741087355742	9.999999999999998	0.9999999999999999	317.00000000000006	9.999999999999998	10.826505375663704	0.8102984740999761	12.870772827372527	9.999999999999998	0.9999999999999999
5.5	1.0	352.2131065814637	9.999999999999998	30.437189340394337	0.9971795970162989	15.676358689633217	9.999999999999998	0.9999999999999999	420.43405936686537	9.999999999999998	22.33112736134883	0.731609753255258	11.617331657929677	9.999999999999998	0.9999999999999999	340.00000000000006	9.999999999999998	14.148661350837196	0.4635367696525006	7.490486922840984	9.999999999999998	0.9999999999999999	317.00000000000006	9.999999999999998	16.74003001189046	0.5484348832151862	8.711334178815594	9.999999999999998	0.9999999999999999
6.0	1.0	351.0377492998944	9.999999999999998	172.07431306328724	0.9456430707155982	15.045175265034926	9.999999999999998	0.9999999999999999	420.0883797761998	4.6821710636925795	172.60901078422705	0.948581529023133	7.016119552459275	4.6821710636925795	0.9999999999999999	342.7638865687319	9.999999999999998	60.216802267896696	0.3309244755453101	5.2037315087419405	9.999999999999998	0.9999999999999999	322.62420794278165	9.999999999999998	60.594242917025056	0.33299871967914174	5.278481919807892	9.999999999999998	0.9999999999999999
6.5	1.0	351.49298950406694	9.999999999999998	203.11215313427024	0.9688959112588601	15.672231307485315	9.999999999999998	0.9999999999999999	420.04593284311176	5.505047672791939	151.9448119762037	0.7248148610950865	6.282513127077075	5.505047672791939	0.9999999999999999	342.9634355464147	9.999999999999998	66.80308943300801	0.3186674909024959	5.005872442897475	9.999999999999998	0.9999999999999999	322.0431972663146	9.999999999999998	69.72309491962163	0.3325966494150498	5.226645362229765	9.999999999999998	0.9999999999999999
7.0	1.0	352.07040263428945	9.999999999999998	81.36144578426394	0.7764106950557086	12.235473319246655	9.999999999999998	0.9999999999999999	419.86536682949315	7.160450690186362	50.87211522010509	0.4854591011291382	5.461185182171747	7.160450690186362	0.9999999999999999	345.728962884197	9.999999999999998	38.302755992786416	0.36551304019059416	5.934356649885518	9.999999999999998	0.9999999999999999	321.6951027130888	9.999999999999998	31.584629089721634	0.30140373721542735	4.773023639246619	9.999999999999998	0.9999999999999999
7.5	1.0	352.01812608597464	9.999999999999998	41.75727688742137	0.9258767552161621	14.609840744490548	9.999999999999998	0.9999999999999999	422.3530530530496	9.999999999999998	16.53289764343415	0.3665810312701409	5.834065009986943	9.999999999999998	0.9999999999999999	340.00000000000006	9.999999999999998	11.549893039976263	0.256093746720545	4.138327283657907	9.999999999999998	0.9999999999999999	317.9223169427595	9.999999999999998	17.24970241868553	0.38247461746405087	6.054626551507672	9.999999999999998	0.9999999999999999
8.0	1.0	354.0530664340565	9.999999999999998	14.463467496547867	0.7282739092039305	11.45539715490583	9.999999999999998	0.9999999999999999	422.0771595851087	9.999999999999998	10.46691086233786	0.5270366938511306	8.30805310927676	9.999999999999998	0.9999999999999999	340.00000000000006	9.999999999999998	8.062333169093918	0.40595983610167957	6.560076875450298	9.999999999999998	0.9999999999999999	317.00000000000006	9.999999999999998	14.8795555247263	0.7492250438420655	11.900683074320664	9.999999999999998	0.9999999999999999
8.5	1.0	357.27253354338944	9.999999999999998	8.023145988433823	0.5517957514174354	8.85403301559253	9.999999999999998	0.9999999999999999	418.00000000000006	9.999999999999998	10.407542060134766	0.7157837461464004	11.244335153639431	9.999999999999998	0.9999999999999999	340.2989532554595	9.999999999999998	7.601042993478514	0.5227654134910553	8.392450326845756	9.999999999999998	0.9999999999999999	319.70687868297114	9.999999999999998	12.310449074010341	0.8466570977110717	13.459583707287985	9.999999999999998	0.9999999999999999
9.0	1.0	359.99999999999994	9.999999999999998	9.636258963811843	0.6089382139695235	9.569921112084504	9.999999999999998	0.9999999999999999	421.9299214372394	9.999999999999998	8.986825740236368	0.5678989778155706	8.928631762437444	9.999999999999998	0.9999999999999999	340.00000000000006	9.999999999999998	6.3857475544526325	0.4035306362429309	6.520822406406633	9.999999999999998	0.9999999999999999	317.00000000000006	9.999999999999998	10.498049558890703	0.6633968195086452	10.537388420706492	9.999999999999998	0.9999999999999999
9.5	1.0	359.99999999999994	9.999999999999998	5.942790861266864	0.37553914508154257	5.901879551132734	9.999999999999998	0.9999999999999999	419.20435727086436	9.999999999999998	11.757410581229152	0.7429788496891888	11.90452440187074	9.999999999999998	0.9999999999999999	340.00000000000006	9.999999999999998	5.072844217696126	0.3205651393627097	5.180147814627894	9.999999999999998	0.9999999999999999	317.00000000000006	9.999999999999998	9.479332257652638	0.5990216406881735	9.514853726635792	9.999999999999998	0.9999999999999999
10.0	1.0	359.99999999999994	9.999999999999998	7.459304984881469	0.5598478410730116	8.79842905393303	9.999999999999998	0.9999999999999999	418.00000000000006	9.999999999999998	8.96489316244574	0.6728476838817986	10.56984725575139	9.999999999999998	0.9999999999999999	340.00000000000006	9.999999999999998	4.961599723980245	0.37238601979255703	6.017543362516948	9.999999999999998	0.9999999999999999	317.00000000000006	9.999999999999998	12.243917531369865	0.9189503325184578	14.596597855649183	9.999999999999998	0.9999999999999999
0.0	1.5	359.99999999999994	9.999999999999998	8.850253847716427	0.5583500576855138	8.774890263736392	9.999999999999998	0.9999999999999999	419.1414138731866	9.999999999999998	9.72147786687288	0.6133143547241264	9.862810318714661	9.999999999999998	0.9999999999999999	342.5094205661121	9.999999999999998	5.7085208663895415	0.36014254617905356	5.696702560010588	9.999999999999998	0.9999999999999999	317.00000000000006	9.999999999999998	13.56344217131758	0.855698474764467	13.59190598212055	9.999999999999998	0.9999999999999999
0.5	1.5	359.99999999999994	9.999999999999998	6.369909687751573	0.4777503114444041	7.508204751994057	9.999999999999998	0.9999999999999999	423.99999999999994	9.999999999999998	9.948018015957619	0.7461124157720789	11.77784785259795	9.999999999999998	0.9999999999999999	346.58074418115007	9.999999999999998	8.901283144078809	0.6676061361616477	10.492620429207895	9.999999999999998	0.9999999999999999	317.00000000000006	9.999999999999998	9.821512163397976	0.7366243361253418	11.700533559456764	9.999999999999998	0.9999999999999999
1.0	1.5	359.99999999999994	9.999999999999998	9.765822279148265	0.8199426245673206	12.886013808188265	9.999999999999998	0.9999999999999999	423.4266521664196	9.999999999999998	9.665253942177324	0.8114988638877523	12.772074686595959	9.999999999999998	0.9999999999999999	340.00000000000006	9.999999999999998	6.9485696216134025	0.5834048838569846	9.427486532575081	9.999999999999998	0.9999999999999999	323.72197393181415	9.999999999999998	8.897118693852047	0.7470058991858153	11.781132865304123	9.999999999999998	0.9999999999999999
1.5	1.5	359.9999999999999	9.999999999999998	8.171151535184977	0.6161477355548013	9.683224155388713	9.999999999999998	0.9999999999999999	422.74198651173697	9.999999999999998	8.561646995806237	0.6455931439247455	10.474247341737676	9.999999999999998	0.9999999999999999	347.9631475575432	9.999999999999998	9.531696842182699	0.7187399964395311	11.465101433389961	9.999999999999998	0.9999999999999999	317.00000000000006	9.999999999999998	8.094056100148741	0.6103343348958311	9.694544447853081	9.999999999999998	0.9999999999999999
2.0	1.5	359.99999730733657	9.999999999999998	5.554697163694011	0.3503557941823542	5.5061041567155256	9.999999999999998	0.9999999999999999	420.39102501409315	9.999999999999998	9.815965786038229	0.6191301500849357	9.814497279906186	9.999999999999998	0.9999999999999999	347.5045153892388	9.999999999999998	8.140041001546368	0.5134232246564298	8.274035789462024	9.999999999999998	0.9999999999999999	317.00000000000006	9.999999999999998	13.799306256711116	0.870374524525902	13.825020209186636	9.999999999999998	0.9999999999999999
2.5	1.5	359.99999999999994	9.999999999999998	8.009393422990716	0.503645547243966	7.915167819995957	9.999999999999998	0.9999999999999999	423.99999999999994	9.999999999999998	7.340937235415663	0.46161177956394844	7.286828622259506	9.999999999999998	0.9999999999999999	343.33769939061096	9.999999999999998	10.54156554461171	0.6628732373520536	10.48238941608129	9.999999999999998	0.9999999999999999	320.6522886533547	9.999999999999998	12.177313984427391	0.7657321399700261	12.103703885959211	9.999999999999998	0.9999999999999999
3.0	1.5	359.99999999999994	9.999999999999998	7.777235925650375	0.4912312272779703	7.720067463327093	9.999999999999998	0.9999999999999999	423.99999999999994	9.999999999999998	5.6832383734100365	0.35896868601809884	5.666543644623786	9.999999999999998	0.9999999999999999	340.00000000000006	9.999999999999998	8.899382725404315	0.5621090500544572	9.083358137478374	9.999999999999998	0.9999999999999999	317.00000000000006	9.999999999999998	9.700184950073764	0.6126898815210564	9.731959926798952	9.999999999999998	0.9999999999999999
3.5	1.5	359.99999999999204	9.999999999999998	8.985996358863591	0.5629455316070835	8.84711158585543	9.999999999999998	0.9999999999999999	418.00000000000006	9.999999999999998	9.372197855993798	0.5871398889634569	9.2234529341009	9.999999999999998	0.9999999999999999	342.2602218505422	9.999999999999998	8.333732027408425	0.522083141266008	8.347026117800999	9.999999999999998	0.9999999999999999	319.6631084459995	9.999999999999998	12.462566778786533	0.7807421681795568	12.436227515948282	9.999999999999998	0.9999999999999999
4.0	1.5	359.9999999999949	9.999999999999998	6.4305295455832345	0.40531246487586875	6.369789620068975	9.999999999999998	0.9999999999999999	420.1293025349515	9.999999999999998	9.501775936702783	0.5988913040992688	9.42511349753813	9.999999999999998	0.9999999999999999	340.00000000000006	9.999999999999998	7.332228005719798	0.4621459842403426	7.468012632505705	9.999999999999998	0.9999999999999999	323.62745249301355	9.999999999999998	15.38917449305875	0.969970544722965	15.33951649085647	9.999999999999998	0.9999999999999999
4.5	1.5	351.3377287001212	9.999999999999998	17.93021192539965	0.7509531868591135	12.15064128645784	9.999999999999998	0.9999999999999999	419.8157523565658	9.999999999999998	12.833452130379959	0.5374906786272077	8.446019414041132	9.999999999999998	0.9999999999999999	340.00000000000006	9.999999999999998	7.725690277025531	0.32356738215683284	5.228662327091342	9.999999999999998	0.9999999999999999	317.00000000000006	9.999999999999998	13.28714622967716	0.556492296184431	8.839318045524294	9.999999999999998	0.9999999999999999
5.0	1.5	351.9231625173709	9.999999999999998	88.32158276515612	1.1097253809866232	17.56183571299898	9.999999999999998	0.9999999999999999	419.7843458152361	9.999999999999998	34.40299865889197	0.43225992558732523	6.794356453065838	9.999999999999998	0.9999999999999999	340.00000000000006	9.999999999999998	23.23253573756659	0.291907524361391	4.717057280152899	9.999999999999998	0.9999999999999999	321.32324742686586	9.999999999999998	31.701227999302862	0.3983132572794988	6.426301140693276	9.999999999999998	0.9999999999999999
5.5	1.5	352.81926575752055	9.999999999999998	96.52679472136211	0.5642346541121105	8.939236994408848	9.999999999999998	0.9999999999999999	419.91479725531417	5.598420802044524	116.51249094071339	0.6810584067920468	5.989218734764586	5.598420802044524	0.9999999999999999	347.14831783100095	9.999999999999998	109.83581383849173	0.6420307709292289	10.166357472266155	9.999999999999998	0.9999999999999999	321.57259441844445	9.999999999999998	57.195838987788264	0.3343307370879131	5.320840172918556	9.999999999999998	0.9999999999999999
6.0	1.5	350.8614860081354	9.999999999999998	100.0680341363639	0.8875163824897135	14.026233100374775	9.999999999999998	0.9999999999999999	420.23200006434473	5.161461113851228	74.2754226612463	0.6587583637185571	5.423013001039272	5.161461113851228	0.9999999999999999	340.00000000000006	9.999999999999998	32.618192940880704	0.28929498667668996	4.6748401775542145	9.999999999999998	0.9999999999999999	321.1127804528	9.999999999999998	34.29525926359417	0.30416910555766735	4.918215569316735	9.999999999999998	0.9999999999999999
6.5	1.5	351.2906360820763	9.999999999999998	32.40540876590441	0.8141315115509304	13.132247042211125	9.999999999999998	0.9999999999999999	419.9525008638372	8.03520966727479	26.910522455170582	0.6760817146705671	8.53414809447865	8.03520966727479	0.9999999999999999	342.05667815073315	9.999999999999998	17.139445852279106	0.43059981312572937	6.969125784567229	9.999999999999998	0.9999999999999999	321.4073397672586	9.999999999999998	17.08604035978678	0.4292580897534988	6.89012269581332	9.999999999999998	0.9999999999999999
7.0	1.5	351.14149033883626	9.999999999999998	15.987092454840086	0.7573409552836151	12.110395835302645	9.999999999999998	0.9999999999999999	419.22173961746455	9.999999999999998	11.793788519714484	0.5586956533318456	8.943279559387996	9.999999999999998	0.9999999999999999	340.00000000000006	9.999999999999998	6.340307340395524	0.3003532025307784	4.853534569602333	9.999999999999998	0.9999999999999999	324.3587902100378	9.999999999999998	12.640081117833674	0.598786248073793	9.444172652264793	9.999999999999998	0.9999999999999999
7.5	1.5	359.99999999999994	9.999999999999998	9.129398789434774	0.6283209786366853	9.874535807867288	9.999999999999998	0.9999999999999999	423.69155941378847	9.999999999999998	9.836383736607582	0.6769784515036941	10.634743602576593	9.999999999999998	0.9999999999999999	345.84016958921757	9.999999999999998	8.733433200702342	0.6010690760791221	9.720273099310127	9.999999999999998	0.9999999999999999	317.00000000000006	9.999999999999998	12.578539357260025	0.8657043405662205	13.75083905405875	9.999999999999998	0.9999999999999999
8.0	1.5	354.34976821262705	9.999999999999998	6.796330625579244	0.5663692575080616	8.900930602699047	9.999999999999998	0.9999999999999999	423.99999999999994	9.999999999999998	7.90309149470621	0.6586006932959566	10.396420964565303	9.999999999999998	0.9999999999999999	340.00000000000006	9.999999999999998	7.2844260875817755	0.6070444806007973	9.809488785392066	9.999999999999998	0.9999999999999999	317.00000000000006	9.999999999999998	6.780720266285965	0.5650683750040391	8.975540395392866	9.999999999999998	0.9999999999999999
8.5	1.5	355.3607276707758	9.999999999999998	7.704767746513807	0.584121953251534	9.388649616615691	9.999999999999998	0.9999999999999999	423.99999999999994	9.999999999999998	9.86327350060001	0.7477648609500821	11.803932725976102	9.999999999999998	0.9999999999999999	340.00000000000006	9.999999999999998	5.951387739738327	0.4511928646604733	7.291016535650583	9.999999999999998	0.9999999999999999	317.7403192802957	9.999999999999998	10.151605522608246	0.7696241913571045	12.276892821549216	9.999999999999998	0.9999999999999999
9.0	1.5	353.1118323290793	9.999999999999998	6.1592653448687225	0.4613060591777767	7.411996087331372	9.999999999999998	0.9999999999999999	419.3256488719287	9.999999999999998	12.101477497682835	0.9063556418031857	14.432865773345299	9.999999999999998	0.9999999999999999	343.370820540661	9.999999999999998	5.331740853146148	0.3993275534997152	6.321881534944703	9.999999999999998	0.9999999999999999	317.00000000000006	9.999999999999998	10.792855824614076	0.8083447471335967	12.839739847853577	9.999999999999998	0.9999999999999999
9.5	1.5	359.99999999999994	9.999999999999998	7.810409101161849	0.5309252100467858	8.343888197528901	9.999999999999998	0.9999999999999999	418.00000000000006	9.999999999999998	9.40926337038111	0.6396099188404855	10.04771110514089	9.999999999999998	0.9999999999999999	345.73851347846863	9.999999999999998	8.138117889502565	0.5532017457609126	8.987728810347171	9.999999999999998	0.9999999999999999	324.99999999999994	9.999999999999998	8.81185097892882	0.5989998438356848	9.734364921180669	9.999999999999998	0.9999999999999999
10.0	1.5	359.99999999999994	9.999999999999998	5.812379389842554	0.36721184790309414	5.771009825360155	9.999999999999998	0.9999999999999999	423.99999999999994	9.999999999999998	5.77253614379787	0.3646946495192285	5.756931534572042	9.999999999999998	0.9999999999999999	344.80311064006327	9.999999999999998	3.0859572852353523	0.1949631985898267	3.0624855615716404	9.999999999999998	0.9999999999999999	321.54423604821955	9.999999999999998	13.036571405765443	0.8236185484721846	13.1250668456652	9.999999999999998	0.9999999999999999
0.0	2.0	359.9114370566388	9.999999999999998	8.398709419708144	0.6253854743104438	9.823735701970218	9.999999999999998	0.9999999999999999	421.7400309313787	9.999999999999998	8.682989112626366	0.6465535349859692	10.156665527391185	9.999999999999998	0.9999999999999999	340.00000000000006	9.999999999999998	6.180528684118224	0.4602150960880481	7.436810593312411	9.999999999999998	0.9999999999999999	317.00000000000006	9.999999999999998	10.857409390600798	0.8084654179831717	12.841656582416716	9.999999999999998	0.9999999999999999
0.5	2.0	359.99999999999994	9.999999999999998	10.330959385833093	0.7121868735800994	11.192551298094031	9.999999999999998	0.9999999999999999	418.00000000000006	9.999999999999998	8.698275844118086	0.5996343270359501	9.41972960285718	9.999999999999998	0.9999999999999999	340.00000000000006	9.999999999999998	6.696247589853074	0.46162020947207155	7.459516415411544	9.999999999999998	0.9999999999999999	317.00000000000006	9.999999999999998	8.28661858013866	0.5712558494066526	9.073822176682999	9.999999999999998	0.9999999999999999
1.0	2.0	356.8930608478027	9.999999999999998	7.42935118362706	0.6159585730159234	9.904926049720896	9.999999999999998	0.9999999999999999	418.94753322659494	9.999999999999998	10.186923970289943	0.8445856168422685	13.70093263071776	9.999999999999998	0.9999999999999999	343.1745269273131	9.999999999999998	6.96778629652564	0.5776907832471745	9.09645309188497	9.999999999999998	0.9999999999999999	317.00000000000006	9.999999999999998	8.271498520668418	0.6857799960678229	10.892922572449942	9.999999999999998	0.9999999999999999
1.5	2.0	356.4048868799546	9.999999999999998	8.345969095424334	0.5731910845605325	9.032272309024478	9.999999999999998	0.9999999999999999	418.00000000000006	9.999999999999998	9.090246324422646	0.6243071463654032	9.807317964871789	9.999999999999998	0.9999999999999999	340.00000000000006	9.999999999999998	7.029612827440637	0.48278532481151826	7.801532475516974	9.999999999999998	0.9999999999999999	321.5234951879008	9.999999999999998	10.60777202151032	0.728528979709963	11.621365659463804	9.999999999999998	0.9999999999999999
2.0	2.0	359.99999999999994	9.999999999999998	7.286812798830954	0.5023320905393707	7.894525861979925	9.999999999999998	0.9999999999999999	423.99999999999994	9.999999999999998	9.605812921469308	0.6621973446258859	10.453196339491768	9.999999999999998	0.9999999999999999	341.2758754392098	9.999999999999998	7.143167465805213	0.4924295909929818	7.752132308371857	9.999999999999998	0.9999999999999999	324.38729752693007	9.999999999999998	9.17623060865519	0.6325831652566459	9.984792609292356	9.999999999999998	0.9999999999999999
2.5	2.0	351.76050712998386	9.999999999999998	10.953593501130763	0.7505199591313594	11.956064423993833	9.999999999999998	0.9999999999999999	418.00000000000006	9.999999999999998	9.94270946493127	0.6812560554218903	10.701935401370969	9.999999999999998	0.9999999999999999	340.0000000000053	9.999999999999998	4.593624786232568	0.3147466707133292	5.086124716177678	9.999999999999998	0.9999999999999999	322.38182207125556	9.999999999999998	10.167666506459701	0.6966696956666922	10.967505180452099	9.999999999999998	0.9999999999999999
3.0	2.0	357.43773506987515	9.999999999999998	8.488686983196844	0.5354136475705759	8.51883946101315	9.999999999999998	0.9999999999999999	420.11401169101856	9.999999999999998	11.657822390474198	0.735303024032943	11.56894629629014	9.999999999999998	0.9999999999999999	342.61487442311727	9.999999999999998	9.533136984767744	0.6012910660869044	9.4820377802813	9.999999999999998	0.9999999999999999	318.52262617310436	9.999999999999998	13.231247015494452	0.8345448760799128	13.122314181438911	9.999999999999998	0.9999999999999999
3.5	2.0	359.99999999999994	9.999999999999998	10.839968170841018	0.6845208586468241	10.757759106828388	9.999999999999998	0.9999999999999999	423.06741442343014	9.999999999999998	10.272879947349331	0.648710447439416	10.327519591611013	9.999999999999998	0.9999999999999999	340.00000000000006	9.999999999999998	11.031026389659873	0.69658577746727	11.256424513350272	9.999999999999998	0.9999999999999999	317.00000000000006	9.999999999999998	11.410547403512743	0.7205517196345083	11.445236280482156	9.999999999999998	0.9999999999999999
4.0	2.0	351.48840467185136	9.999999999999998	71.73361434945804	0.872229881770133	14.112970124492124	9.999999999999998	0.9999999999999999	419.4269441532517	9.755942345364362	40.786231334967525	0.49593165014439	7.675135012067224	9.755942345364362	0.9999999999999999	344.0334834547186	9.999999999999998	23.649817758363092	0.28756501306026944	4.626710824272224	9.999999999999998	0.9999999999999999	322.932958354974	9.999999999999998	27.625559432223277	0.3359072124822321	5.406965461379614	9.999999999999998	0.9999999999999999
4.5	2.0	351.89540315259933	9.999999999999998	110.56752910436383	0.8503541683350577	13.470420746038522	9.999999999999998	0.9999999999999999	419.61070376348147	8.047211475996024	62.159172876599975	0.47805456252879314	6.076772117272743	8.047211475996024	0.9999999999999999	345.0352562006798	9.999999999999998	54.60708902034057	0.4199728993243594	6.610012526450843	9.999999999999998	0.9999999999999999	322.87013939489174	9.999999999999998	42.47787250666126	0.32668936568122087	5.239117021650559	9.999999999999998	0.9999999999999999
5.0	2.0	351.2549717680059	9.999999999999998	72.89535345591007	0.9813225216790332	15.793824410999049	9.999999999999998	0.9999999999999999	419.94777854817124	8.217003523299981	38.89607702804963	0.523621802803577	6.759021142293245	8.217003523299981	0.9999999999999999	340.00000000000006	9.999999999999998	21.304292582622292	0.28679992795990517	4.634521467338825	9.999999999999998	0.9999999999999999	318.5911711172236	9.999999999999998	28.00781066783921	0.3770431733745102	5.934883599872089	9.999999999999998	0.9999999999999999
5.5	2.0	350.01129411752095	9.999999999999998	34.556098523492075	0.8405520406499167	13.314826854119907	9.999999999999998	0.9999999999999999	419.2545613456437	9.999999999999998	15.967234078977818	0.38839139144992246	6.206350334760614	9.999999999999998	0.9999999999999999	340.00000000000006	9.999999999999998	7.394997672614754	0.17987795642184576	2.9067240583638725	9.999999999999998	0.9999999999999999	318.15353827131975	9.999999999999998	18.133268765054744	0.4410786146404319	6.940638558552806	9.999999999999998	0.9999999999999999
6.0	2.0	353.36521257940313	9.999999999999998	17.697295274403864	0.7408513653203068	11.992085764447166	9.999999999999998	0.9999999999999999	419.7256419455182	9.999999999999998	15.894659684254313	0.6653887018211662	10.466437834176679	9.999999999999998	0.9999999999999999	340.00000000000006	9.999999999999998	8.073840022852469	0.33799037149813715	5.461729518568528	9.999999999999998	0.9999999999999999	317.00000000000006	9.999999999999998	11.786192829319715	0.4933983930391337	7.837135121414317	9.999999999999998	0.9999999999999999
6.5	2.0	359.99999999999994	9.999999999999998	9.359060355912195	0.6361972876125097	9.998317915516084	9.999999999999998	0.9999999999999999	418.00000000000006	9.999999999999998	13.248334421937006	0.9005769921438089	14.147275047581656	9.999999999999998	0.9999999999999999	343.7870628085248	9.999999999999998	11.836570426484338	0.8046100477604861	13.012107161352018	9.999999999999998	0.9999999999999999	320.5496281916558	9.999999999999998	11.293169995684158	0.7676715232702411	12.100182281742345	9.999999999999998	0.9999999999999999
7.0	2.0	359.99999999999994	9.999999999999998	12.139452073981092	0.7669407534559436	12.053049619551986	9.999999999999998	0.9999999999999999	418.74497011340077	9.999999999999998	9.414432192338634	0.5947806931441021	9.526960631747983	9.999999999999998	0.9999999999999999	346.1427366125323	9.999999999999998	5.691106444776871	0.35955012122089525	5.717758802625449	9.999999999999998	0.9999999999999999	324.9626833448323	9.999999999999998	12.503057086055096	0.789912424683024	12.831310878159094	9.999999999999998	0.9999999999999999
7.5	2.0	352.92669403909525	9.999999999999998	9.088319041453444	0.6778362873347835	10.786397016044617	9.999999999999998	0.9999999999999999	423.99999999999994	9.999999999999998	7.009334500093547	0.5227788827130777	8.252389333012617	9.999999999999998	0.9999999999999999	347.7139737256734	9.999999999999998	3.8216055563886813	0.2850277273701663	4.613369561809284	9.999999999999998	0.9999999999999999	322.48378654995815	9.999999999999998	11.094531915124136	0.8274661451434185	13.056959670699898	9.999999999999998	0.9999999999999999
8.0	2.0	358.7754896942266	9.999999999999998	8.853749407714657	0.74232032454674	11.936611554302692	9.999999999999998	0.9999999999999999	423.99999999999994	9.999999999999998	7.470794961252947	0.62636999138774	9.887639318217017	9.999999999999998	0.9999999999999999	343.08179767156645	9.999999999999998	6.82798414568951	0.5724751372126913	9.000956008819912	9.999999999999998	0.9999999999999999	317.67177419133276	9.999999999999998	13.678568041155684	1.1468450935371897	18.359170921918825	9.999999999999998	0.9999999999999999
8.5	2.0	359.99999999999994	9.999999999999998	9.33763350664211	0.6380050008324804	10.026727485668726	9.999999999999998	0.9999999999999999	418.00000000000006	9.999999999999998	8.378956976383591	0.5725022778941053	8.993508896396044	9.999999999999998	0.9999999999999999	340.00000000000006	9.999999999999998	7.511984634637023	0.5132653535465928	8.294072165127897	9.999999999999998	0.9999999999999999	324.99999999999994	9.999999999999998	6.048822076119254	0.4132930180826708	6.7164375730562815	9.999999999999998	0.9999999999999999
9.0	2.0	354.09778556807106	9.999999999999998	11.544821039390355	0.8624526283647036	13.558070691332844	9.999999999999998	0.9999999999999999	422.48802215065166	9.999999999999998	11.32721588268017	0.8461964959647229	13.559082301166091	9.999999999999998	0.9999999999999999	340.00000000000006	9.999999999999998	3.16144492651562	0.23617485944568933	3.816449550502665	9.999999999999998	0.9999999999999999	317.00000000000006	9.999999999999998	10.622705955757471	0.7935662788214356	12.60499880555602	9.999999999999998	0.9999999999999999
9.5	2.0	359.99999999999994	9.999999999999998	9.605663702589787	0.7258460776463662	11.407215942830188	9.999999999999998	0.9999999999999999	422.4189133507302	9.999999999999998	10.28355797874758	0.7770707422445444	12.40594542037601	9.999999999999998	0.9999999999999999	341.0440902220807	9.999999999999998	10.005895464799828	0.7560893449253703	11.876628148234182	9.999999999999998	0.9999999999999999	317.00000000000006	9.999999999999998	10.877356269765436	0.8219407453794888	13.055698547490277	9.999999999999998	0.9999999999999999
10.0	2.0	359.99999999999994	9.999999999999998	7.166265907839911	0.44560986686566156	7.003093540265629	9.999999999999998	0.9999999999999999	423.99999999999994	9.999999999999998	10.589918719995456	0.6584980702115429	10.394800995444244	9.999999999999998	0.9999999999999999	340.00000000000006	9.999999999999998	4.041272544586758	0.25129278535297517	4.060746516186524	9.999999999999998	0.9999999999999999	317.00000000000006	9.999999999999998	11.986310739282267	0.7453279576046314	11.838781795651213	9.999999999999998	0.9999999999999999
0.0	2.5	349.3883550662693	9.999999999999998	7.118181772353469	0.5375029845947503	8.660528235740298	9.999999999999998	0.9999999999999999	423.99999999999994	9.999999999999998	9.430288421394488	0.7120931066660532	11.240831930826094	9.999999999999998	0.9999999999999999	340.00000000000006	9.999999999999998	6.874945952006552	0.5191359375625144	8.388937417853514	9.999999999999998	0.9999999999999999	317.00000000000006	9.999999999999998	8.646541349860271	0.6529113656555598	10.370837576975905	9.999999999999998	0.9999999999999999
0.5	2.5	357.65817634806666	9.999999999999998	8.5893662791551	0.43412401346703317	6.852177223934389	9.999999999999998	0.9999999999999999	422.67726005670244	9.999999999999998	7.441587131849992	0.3761129246616695	6.098520740024966	9.999999999999998	0.9999999999999999	342.3707627239283	9.999999999999998	8.435077890990831	0.426325965028491	6.7798100750623105	9.999999999999998	0.9999999999999999	317.00000000000006	9.999999999999998	9.665068603532301	0.48849219328115356	7.759205093715806	9.999999999999998	0.9999999999999999
1.0	2.5	359.99999999999994	9.999999999999998	10.101435339197835	0.637434947558145	10.017768670570701	9.999999999999998	0.9999999999999999	423.99999999999994	9.999999999999998	6.0837724826872694	0.38390674822310966	6.060206444197095	9.999999999999998	0.9999999999999999	340.00000000000006	9.999999999999998	10.691654351922972	0.6746797759207394	10.902436159332458	9.999999999999998	0.9999999999999999	317.00000000000006	9.999999999999998	12.512964765014413	0.7896106613515458	12.542167817377884	9.999999999999998	0.9999999999999999
1.5	2.5	359.99999999999994	9.999999999999998	7.1540818805572295	0.5950716799091224	9.351998120865048	9.999999999999998	0.9999999999999999	418.00000000000006	9.999999999999998	9.607639688238521	0.7991569546861741	12.554055169918964	9.999999999999998	0.9999999999999999	341.8593108042823	9.999999999999998	4.96687709665158	0.4131414690456947	6.663430579006689	9.999999999999998	0.9999999999999999	322.5756482164011	9.999999999999998	9.187907416004824	0.7642439088865468	12.093157156352724	9.999999999999998	0.9999999999999999
2.0	2.5	357.574665666761	9.999999999999998	10.691332048872527	0.7370299370970984	11.663340502839896	9.999999999999998	0.9999999999999999	423.99999999999994	9.999999999999998	7.545363660201128	0.520155849470528	8.21098312425641	9.999999999999998	0.9999999999999999	344.2039156003013	9.999999999999998	8.609443618221707	0.5935104867543729	9.460958802778347	9.999999999999998	0.9999999999999999	324.8764438230256	9.999999999999998	11.0231349645575	0.7599034837195436	12.271335542930402	9.999999999999998	0.9999999999999999
2.5	2.5	352.28061323896236	9.999999999999998	12.370923402241875	0.8530166056321418	13.402156712770214	9.999999999999998	0.9999999999999999	423.99999999999994	9.999999999999998	11.367701782347643	0.7838411145977479	12.373418794793562	9.999999999999998	0.9999999999999999	340.50669122897136	9.999999999999998	2.280305559961505	0.15723470636072023	2.4980427833393426	9.999999999999998	0.9999999999999999	317.60014082602027	9.999999999999998	12.774417033031606	0.8808388429978723	14.158502698845643	9.999999999999998	0.9999999999999999
3.0	2.5	351.44913790794226	9.999999999999998	118.7855500701405	0.9426271087045073	15.293263724589806	9.999999999999998	0.9999999999999999	420.3312269623416	7.396964042590041	42.20910512645089	0.3349519087368565	3.9418259415420667	7.396964042590041	0.9999999999999999	340.00000000000006	9.999999999999998	20.20176444772784	0.16031184601870216	2.590546996044779	9.999999999999998	0.9999999999999999	321.8960757989386	9.999999999999998	32.448742105750725	0.2574981884091201	4.054917094256012	9.999999999999998	0.9999999999999999
3.5	2.5	351.2756626413793	9.999999999999998	270.98656272034816	1.001422869763913	16.138018103979178	9.999999999999998	0.9999999999999999	419.9970406220095	4.412635798682119	194.39889103177708	0.7183953823454522	4.986830052855091	4.412635798682119	0.9999999999999999	341.5977799809187	9.999999999999998	48.25109483389934	0.17831050135013168	2.8356243939825383	9.999999999999998	0.9999999999999999	322.11079201252744	9.999999999999998	82.24546055579324	0.3039356797179399	4.774453776042085	9.999999999999998	0.9999999999999999
4.0	2.5	350.87262918175077	9.999999999999998	145.56819440439816	0.9884206302428891	15.626401067965459	9.999999999999998	0.9999999999999999	419.90350572999887	6.922332352781225	71.81908307794343	0.4876577857533862	5.302615898297964	6.922332352781225	0.9999999999999999	340.0538367592622	9.999999999999998	28.230344787847898	0.19168648276051992	3.1088847086109803	9.999999999999998	0.9999999999999999	320.97918816683176	9.999999999999998	37.03637728693075	0.2514802050656985	4.032913202213093	9.999999999999998	0.9999999999999999
4.5	2.5	350.87039579486884	9.999999999999998	42.2667876732535	0.9957474683730548	15.741114346219717	9.999999999999998	0.9999999999999999	418.7693610182253	9.999999999999998	21.751450716939733	0.5124343054473437	8.21918638143774	9.999999999999998	0.9999999999999999	340.00000000000006	9.999999999999998	14.474521871005598	0.3409998559716614	5.510361052395553	9.999999999999998	0.9999999999999999	319.35703725825636	9.999999999999998	18.07599241868214	0.42584555581504835	6.905328417372929	9.999999999999998	0.9999999999999999
5.0	2.5	351.3777537144394	9.999999999999998	17.517331763249185	0.6950471788157018	11.277075517765926	9.999999999999998	0.9999999999999999	418.00000000000006	9.999999999999998	14.804893393634211	0.5874239025089989	9.227914537918311	9.999999999999998	0.9999999999999999	340.00000000000006	9.999999999999998	6.399248204891282	0.2539073570943282	4.10299648796787	9.999999999999998	0.9999999999999999	318.39274623271723	9.999999999999998	14.42922215983116	0.5725181374789146	8.993406180595828	9.999999999999998	0.9999999999999999
5.5	2.5	351.6232792001927	9.999999999999998	13.048532050545466	0.819556143912817	13.149619169553908	9.999999999999998	0.9999999999999999	418.00000000000006	9.999999999999998	10.85426254578694	0.6817378018143118	10.70950321486856	9.999999999999998	0.9999999999999999	340.00000000000006	9.999999999999998	9.224513175520503	0.5793760109043474	9.362382268703758	9.999999999999998	0.9999999999999999	317.00000000000006	9.999999999999998	11.35694985783	0.7133107384064158	11.33022060735311	9.999999999999998	0.9999999999999999
6.0	2.5	350.8561943360189	9.999999999999998	8.720015008223012	0.6595408832149826	10.421625508130479	9.999999999999998	0.9999999999999999	421.03896495237836	9.999999999999998	9.825899475761135	0.7431847780667713	11.929854163070091	9.999999999999998	0.9999999999999999	341.25659579821047	5.96809643521483	7.558765739887863	0.5717094554768105	5.387556898051702	5.96809643521483	0.9999999999999999	322.2495027138599	9.999999999999998	15.29607607312415	1.15692318344389	18.180621470526802	9.999999999999998	0.9999999999999999
6.5	2.5	359.99999999999994	9.999999999999998	10.056668591081701	0.6856921001215553	10.776166045757893	9.999999999999998	0.9999999999999999	419.2966304629617	9.999999999999998	10.63093168830581	0.7248469818392548	11.558394972996508	9.999999999999998	0.9999999999999999	340.45917147965434	9.999999999999998	5.942054568117138	0.40514608182100537	6.450199445803673	9.999999999999998	0.9999999999999999	321.1517446992048	9.999999999999998	9.624900808808542	0.6562529518876903	10.639342383809085	9.999999999999998	0.9999999999999999
7.0	2.5	358.6076824668665	9.999999999999998	9.887483754182382	0.6798570253314158	10.833885154444161	9.999999999999998	0.9999999999999999	423.9999999999969	9.999999999999998	6.388327834844192	0.43925731425873793	6.933949504279752	9.999999999999998	0.9999999999999999	340.00000000000006	9.999999999999998	4.2278495911434675	0.29070421939935975	4.697612565790666	9.999999999999998	0.9999999999999999	321.9225864096465	9.999999999999998	13.338731115647395	0.9171625747697143	14.435644634663078	9.999999999999998	0.9999999999999999
7.5	2.5	353.9970882225345	9.999999999999998	8.118761942566437	0.6155081165193987	9.690876845926818	9.999999999999998	0.9999999999999999	418.7574290235904	9.999999999999998	9.271294138066567	0.7028850991059834	11.266327816133048	9.999999999999998	0.9999999999999999	340.00000000000006	9.999999999999998	2.578987717464805	0.19552092840421842	3.159505465880199	9.999999999999998	0.9999999999999999	324.08022835060495	9.999999999999998	8.706772730260587	0.6600870085951905	10.369325322674365	9.999999999999998	0.9999999999999999
8.0	2.5	359.99999999999994	9.999999999999998	8.714682265653165	0.8198801934468609	12.885032656268363	9.999999999999998	0.9999999999999999	418.00000000000006	9.999999999999998	9.19468075944027	0.86503861069535	13.58899823007116	9.999999999999998	0.9999999999999999	340.00000000000006	9.999999999999998	6.320029527305995	0.5945904708264366	9.608239168405442	9.999999999999998	0.9999999999999999	323.0463608080121	9.999999999999998	7.969136330882897	0.7497389850138126	12.158338334551498	9.999999999999998	0.9999999999999999
8.5	2.5	359.99999999999994	9.999999999999998	9.327347159327054	0.7030017981774317	11.048200943664678	9.999999999999998	0.9999999999999999	423.99999999999994	9.999999999999998	9.354868101589663	0.7050760505417606	11.130063341994159	9.999999999999998	0.9999999999999999	340.00000000000006	9.999999999999998	7.382092427622364	0.556388023548696	8.990909647882269	9.999999999999998	0.9999999999999999	323.28380975541825	9.999999999999998	8.390723075487438	0.6324084768495006	10.160502491849652	9.999999999999998	0.9999999999999999
9.0	2.5	359.99999999999994	9.999999999999998	12.386642274444851	0.7772563374895416	12.215166765695736	9.999999999999998	0.9999999999999999	420.5676171357583	9.999999999999998	9.434312401548011	0.5919989405916718	9.458926941486943	9.999999999999998	0.9999999999999999	340.63032149511594	9.999999999999998	8.739052535522397	0.5483716907609861	8.671917863244103	9.999999999999998	0.9999999999999999	321.21171077965937	9.999999999999998	7.9849673553707845	0.5010531784237876	8.145616036224883	9.999999999999998	0.9999999999999999
9.5	2.5	352.01774382300897	9.999999999999998	9.455753301958662	0.5975316301746042	9.42882690350986	9.999999999999998	0.9999999999999999	423.99999999999994	9.999999999999998	9.072445752029278	0.5733095108094453	9.050046679324666	9.999999999999998	0.9999999999999999	340.00000000000006	9.999999999999998	4.867683160218579	0.3076005222446308	4.970647077382364	9.999999999999998	0.9999999999999999	317.00000000000006	9.999999999999998	10.479299836850632	0.6622119798012045	10.518568438689053	9.999999999999998	0.9999999999999999
10.0	2.5	351.3096697033008	9.999999999999998	9.265261044936832	0.578412737332012	9.341489858420053	9.999999999999998	0.9999999999999999	423.99999999999994	9.999999999999998	8.760534024323075	0.5469035832798258	8.633212713991497	9.999999999999998	0.9999999999999999	340.00000000000006	9.999999999999998	4.105489330043003	0.2562979402264355	4.141626932975367	9.999999999999998	0.9999999999999999	317.00000000000006	9.999999999999998	11.868276196973026	0.7409140540357362	11.768671395677574	9.999999999999998	0.9999999999999999
0.0	3.0	348.00000000000034	9.999999999999998	7.312778148087593	0.6105460115956786	9.722138896462068	9.999999999999998	0.9999999999999999	418.00000000000006	9.999999999999998	8.696522036171501	0.726075198292046	11.406004844752552	9.999999999999998	0.9999999999999999	340.00000000000006	9.999999999999998	4.023163087789969	0.3358950767420025	5.427870763453825	9.999999999999998	0.9999999999999999	317.00000000000006	9.999999999999998	8.888892538525315	0.7421362684602274	11.788085037325407	9.999999999999998	0.9999999999999999
0.5	3.0	351.6248926984836	9.999999999999998	7.576757465558839	0.5718626511599324	9.174577143835123	9.999999999999998	0.9999999999999999	423.99999999999994	9.999999999999998	8.672194328542068	0.6545417433034347	10.332347918141386	9.999999999999998	0.9999999999999999	340.4086979219864	9.999999999999998	8.758984076745378	0.6610922783742293	10.550491427577377	9.999999999999998	0.9999999999999999	319.5505729027265	9.999999999999998	8.302964135621192	0.626673759146382	10.039631427449821	9.999999999999998	0.9999999999999999
1.0	3.0	359.99999999999994	9.999999999999998	8.513703723841285	0.7052051547985227	11.082828346842705	9.999999999999998	0.9999999999999999	423.99999999999994	9.999999999999998	7.282683809666103	0.6032375955205395	9.522480083186704	9.999999999999998	0.9999999999999999	340.00000000000006	9.999999999999998	5.1802946806814445	0.4290929812323389	6.933895162218114	9.999999999999998	0.9999999999999999	317.00000000000006	9.999999999999998	10.31033096124514	0.8540229701895635	13.565292284274507	9.999999999999998	0.9999999999999999
1.5	3.0	359.9999999999983	9.999999999999998	9.104570301462052	0.7564307564554746	11.887877127703952	9.999999999999998	0.9999999999999999	418.00000000000006	9.999999999999998	12.873233677018783	1.0695408532099184	16.801549181227205	9.999999999999998	0.9999999999999999	340.6874393447884	9.999999999999998	11.30405709724123	0.9391696892832981	14.82621474782061	9.999999999999998	0.9999999999999999	317.00000000000006	9.999999999999998	11.580271703516267	0.9621182982401784	15.282277389775416	9.999999999999998	0.9999999999999999
2.0	3.0	353.38314157706293	9.999999999999998	80.45494562820146	0.9625216122027357	15.561500694617544	9.999999999999998	0.9999999999999999	420.7191137189377	9.999999999999998	20.122855716363997	0.24073950177959608	3.8800369452400685	9.999999999999998	0.9999999999999999	340.00000000000006	9.999999999999998	15.295967445021086	0.18299309172886427	2.957062848742023	9.999999999999998	0.9999999999999999	324.5744131569267	9.999999999999998	22.304238799068294	0.2668364476565981	4.239508037379594	9.999999999999998	0.9999999999999999
2.5	3.0	351.94649201756283	9.999999999999998	357.8598567723375	1.0064135946310617	15.914475599595246	9.999999999999998	0.9999999999999999	420.00522774053417	6.875981627910335	143.62766870829682	0.40392582631908625	4.365909105155243	6.875981627910335	0.9999999999999999	340.8325964692362	9.999999999999998	60.77392961922902	0.17091525581997433	2.689395391867763	9.999999999999998	0.9999999999999999	322.8682114173923	9.999999999999998	88.61253081782104	0.2492060899874944	3.996081470884236	9.999999999999998	0.9999999999999999
3.0	3.0	351.54713807904875	9.999999999999998	278.73213567988284	1.0102378373429741	16.28352427577692	9.999999999999998	0.9999999999999999	419.83814262540676	6.138754058565042	125.53605056550799	0.454993350237621	4.389926959441868	6.138754058565042	0.9999999999999999	341.39518882549083	9.999999999999998	53.398811563150346	0.19353886044986615	3.055355159762182	9.999999999999998	0.9999999999999999	322.2319927617113	9.999999999999998	71.6478949476061	0.2596809092912577	4.080251175945482	9.999999999999998	0.9999999999999999
3.5	3.0	352.0772691343444	9.999999999999998	82.5721477825887	1.0372433190377865	16.34341977975991	9.999999999999998	0.9999999999999999	419.81170993526246	9.999999999999998	29.174917682575806	0.3664854222928439	5.759060679939684	9.999999999999998	0.9999999999999999	340.92595606319816	9.999999999999998	20.430523458757218	0.25664130740352564	4.0334470035069945	9.999999999999998	0.9999999999999999	321.9610886668454	9.999999999999998	27.494489318686632	0.34537645104318027	5.4326194577995475	9.999999999999998	0.9999999999999999
4.0	3.0	354.7162721339799	9.999999999999998	20.46434296005318	0.811407969297052	12.862048455371758	9.999999999999998	0.9999999999999999	418.2478021973875	9.999999999999998	13.629587726602931	0.5404110027469051	8.503002602580622	9.999999999999998	0.9999999999999999	344.68577126466954	9.999999999999998	15.04453397289773	0.5965133981480993	9.376029906325144	9.999999999999998	0.9999999999999999	319.79331031540465	9.999999999999998	15.701564664824591	0.6225645614101143	9.86291247671767	9.999999999999998	0.9999999999999999
4.5	3.0	351.0255634113403	9.999999999999998	16.615639767920214	0.5966221295461585	9.487129311205415	9.999999999999998	0.9999999999999999	421.0235564677165	9.999999999999998	11.444294572972103	0.4109332830182568	6.6023924678796	9.999999999999998	0.9999999999999999	340.00000000000006	9.999999999999998	5.0114957153569835	0.17994908939230017	2.9078735261512305	9.999999999999998	0.9999999999999999	323.6150186072339	9.999999999999998	13.469348215954708	0.4836474146314218	7.651758298936827	9.999999999999998	0.9999999999999999
5.0	3.0	353.90511269563507	9.999999999999998	16.14949547942034	1.0145597626204814	16.007427107550615	9.999999999999998	0.9999999999999999	419.9914168519908	9.999999999999998	12.320537883515739	0.7740131576485039	12.161229087271312	9.999999999999998	0.9999999999999999	340.13148061200934	9.999999999999998	9.54233813776534	0.5994783136248826	9.728179556752242	9.999999999999998	0.9999999999999999	317.98267300418684	9.999999999999998	13.512683920508062	0.8489073487296541	13.411872895984251	9.999999999999998	0.9999999999999999
5.5	3.0	359.99999999999994	9.999999999999998	7.974191247231045	0.49909258111002863	7.843614539666017	9.999999999999998	0.9999999999999999	418.00000000000006	9.999999999999998	11.897187021587206	0.7446269589551832	11.697436741200997	9.999999999999998	0.9999999999999999	345.68582041199926	9.999999999999998	8.337490807710047	0.5218309516524414	8.446968732377059	9.999999999999998	0.9999999999999999	317.8976316895647	9.999999999999998	12.780926465786763	0.7999388754316604	12.674392545282616	9.999999999999998	0.9999999999999999
6.0	3.0	354.866138834633	9.999999999999998	8.70535181129927	0.6529110682806801	10.41762026883434	9.999999999999998	0.9999999999999999	418.00000000000006	9.999999999999998	13.123973000042117	0.9843125719999378	15.462687599565022	9.999999999999998	0.9999999999999999	340.00000000000006	9.999999999999998	7.373556090360966	0.553024907934946	8.936563638732483	9.999999999999998	0.9999999999999999	324.4264940192695	9.999999999999998	8.487714034740714	0.6365879929735295	10.059539086097326	9.999999999999998	0.9999999999999999
6.5	3.0	359.99999999999994	9.999999999999998	8.76688988933941	0.5534803942084354	8.698359846940491	9.999999999999998	0.9999999999999999	423.99999999999994	9.999999999999998	10.283788005066116	0.6492467808819324	10.248763647906257	9.999999999999998	0.9999999999999999	346.6933476386261	9.999999999999998	9.008558196351522	0.5687376486648191	8.933722412107812	9.999999999999998	0.9999999999999999	323.1759355354495	9.999999999999998	11.260350244956049	0.7109001220697366	11.499558146227873	9.999999999999998	0.9999999999999999
7.0	3.0	359.99999999999994	9.999999999999998	6.924015910629829	0.5776834130264853	9.078728454870598	9.999999999999998	0.9999999999999999	423.99999999999994	9.999999999999998	10.755239430893326	0.8973294548351674	14.164902726845584	9.999999999999998	0.9999999999999999	344.6885401373715	9.999999999999998	7.0079616355206475	0.5846871596223678	9.189889448049744	9.999999999999998	0.9999999999999999	324.99999999999994	9.999999999999998	8.995142869506871	0.7504813536809026	12.19609560578711	9.999999999999998	0.9999999999999999
7.5	3.0	359.99999999999994	9.999999999999998	10.703253124604514	0.6735135791853932	10.584771447837696	9.999999999999998	0.9999999999999999	423.99999999999994	9.999999999999998	9.549873999074375	0.6009359718028503	9.486147523390306	9.999999999999998	0.9999999999999999	340.00000000000006	9.999999999999998	4.162332169053837	0.2619191758152068	4.232462858892237	9.999999999999998	0.9999999999999999	324.99999999999994	9.999999999999998	11.494957071936465	0.7233323915609484	11.754896985742995	9.999999999999998	0.9999999999999999
8.0	3.0	359.99999999999994	9.999999999999998	11.81893731751513	0.8145724299918533	12.801617169473884	9.999999999999998	0.9999999999999999	423.99999999999994	9.999999999999998	8.180549342255594	0.5638112613148535	8.900110912208989	9.999999999999998	0.9999999999999999	340.00000000000006	9.999999999999998	5.304164672415197	0.36556808706339594	5.907369500825509	9.999999999999998	0.9999999999999999	317.00000000000006	9.999999999999998	8.018261489017393	0.5526262277184323	8.77790945282491	9.999999999999998	0.9999999999999999
8.5	3.0	352.9621995974642	9.999999999999998	9.269763359423061	0.6947563601227965	11.073903194382885	9.999999999999998	0.9999999999999999	423.99999999999994	9.999999999999998	9.264172476258159	0.6943373309106246	10.96054598338494	9.999999999999998	0.9999999999999999	340.00000000000006	9.999999999999998	4.047702057540088	0.30336985307175435	4.902281902947434	9.999999999999998	0.9999999999999999	317.00000000000006	9.999999999999998	8.179956430524356	0.613076789048461	9.738105562079774	9.999999999999998	0.9999999999999999
9.0	3.0	354.594775795082	9.999999999999998	9.921254294782571	0.7512778925464614	11.861036561418992	9.999999999999998	0.9999999999999999	423.99999999999994	9.999999999999998	8.52789526481602	0.6457670564675649	10.19383403695885	9.999999999999998	0.9999999999999999	340.52276959964837	9.999999999999998	4.1923119534900195	0.3174589820736316	5.0402062253225	9.999999999999998	0.9999999999999999	317.00000000000006	9.999999999999998	12.37467008803922	0.9370605559005666	14.884260462027648	9.999999999999998	0.9999999999999999
9.5	3.0	359.99999999999994	9.999999999999998	9.643694985285384	0.7258256532777713	11.406894958546834	9.999999999999998	0.9999999999999999	418.88505257754736	9.999999999999998	6.908245776775395	0.5199440682831822	8.39892024443901	9.999999999999998	0.9999999999999999	343.02548286289306	9.999999999999998	5.493265752844218	0.41344663116889024	6.496886596498786	9.999999999999998	0.9999999999999999	317.00000000000006	9.999999999999998	7.7764753894319885	0.5852907353815433	9.296752164600768	9.999999999999998	0.9999999999999999
10.0	3.0	359.99999999999994	9.999999999999998	8.022542317746092	0.5507203662309931	8.654983935550257	9.999999999999998	0.9999999999999999	418.00000000000006	9.999999999999998	6.510982425997502	0.44695689772021097	7.02130103436167	9.999999999999998	0.9999999999999999	340.00000000000006	9.999999999999998	8.811393626531682	0.6048723375724484	9.774388206509002	9.999999999999998	0.9999999999999999	324.99999999999994	9.999999999999998	5.983408959771582	0.41074076559822786	6.674960839280415	9.999999999999998	0.9999999999999999
0.0	3.5	359.9999999999964	9.999999999999998	8.274678989631175	0.6908553975037613	10.857311139779224	9.999999999999998	0.9999999999999999	420.9498079524902	9.999999999999998	9.166551242919093	0.7653180758553796	12.352447275378971	9.999999999999998	0.9999999999999999	340.00000000000006	9.999999999999998	7.997430166058148	0.6677078111796263	10.78977322914255	9.999999999999998	0.9999999999999999	317.00000000000006	9.999999999999998	9.538561464772735	0.7963773193639445	12.649649345310957	9.999999999999998	0.9999999999999999
0.5	3.5	359.99999999999994	9.999999999999998	9.414590007229002	0.7051177651613015	11.081454953097602	9.999999999999998	0.9999999999999999	418.00000000000006	9.999999999999998	5.159111446733078	0.3863982532160449	6.06997781848681	9.999999999999998	0.9999999999999999	340.00000000000006	9.999999999999998	4.88067342617754	0.3655442813872872	5.906984814825916	9.999999999999998	0.9999999999999999	317.00000000000006	9.999999999999998	9.264423050900978	0.6938708188188919	11.021437119797712	9.999999999999998	0.9999999999999999
1.0	3.5	352.91511821069287	9.999999999999998	21.727572422674672	0.8618980337883886	13.70827909302213	9.999999999999998	0.9999999999999999	419.71617979202745	9.999999999999998	18.416883920834348	0.7305683180377167	11.493361717508973	9.999999999999998	0.9999999999999999	340.00000000000006	9.999999999999998	10.847701430694464	0.43031095938181696	6.953576986828945	9.999999999999998	0.9999999999999999	324.82891488143184	9.999999999999998	13.151025740648441	0.521680149427851	8.399024493580928	9.999999999999998	0.9999999999999999
1.5	3.5	351.9529232117606	9.999999999999998	256.0833730025635	0.9193100607784931	14.534087818984473	9.999999999999998	0.9999999999999999	419.53728754868297	4.549154902163092	222.51784522813165	0.7988136497207308	5.863163752406909	4.549154902163092	0.9999999999999999	344.2597904423724	9.999999999999998	76.02994027501059	0.2729388019053681	4.339701552852129	9.999999999999998	0.9999999999999999	322.71302278370274	9.999999999999998	85.01182916578944	0.30518275716600474	4.855345361711971	9.999999999999998	0.9999999999999999
2.0	3.5	352.5238634320981	9.999999999999998	280.6591368349539	0.9884705003325237	15.544469972025361	9.999999999999998	0.9999999999999999	419.4634588943741	9.351116202244556	66.85741161511855	0.23546918819534807	3.490582896432532	9.351116202244556	0.9999999999999999	344.14020762061097	9.999999999999998	62.67080929506784	0.2207241386072157	3.529809127893663	9.999999999999998	0.9999999999999999	323.2386074199248	9.999999999999998	78.84626904929844	0.2776934750652534	4.473793157966602	9.999999999999998	0.9999999999999999
2.5	3.5	352.53270981660665	9.999999999999998	131.98361271480059	1.0471157959335253	16.468724689972586	9.999999999999998	0.9999999999999999	419.7248003966031	9.999999999999998	26.04154442582922	0.20660528953480103	3.249902775784345	9.999999999999998	0.9999999999999999	340.76609308661176	9.999999999999998	22.3737601126717	0.17750626116766988	2.7966915713268268	9.999999999999998	0.9999999999999999	321.2027303718595	9.999999999999998	29.40880685655288	0.23332007334575264	3.795555000448931	9.999999999999998	0.9999999999999999
3.0	3.5	352.49476330979184	9.999999999999998	43.618817112121334	0.9962268800331159	15.660840487419758	9.999999999999998	0.9999999999999999	419.38966288385785	9.999999999999998	14.403735028085569	0.3289724242399459	5.2239054460056975	9.999999999999998	0.9999999999999999	340.00000000000006	9.999999999999998	12.919367275323783	0.29507038028138327	4.768167208121057	9.999999999999998	0.9999999999999999	317.00000000000045	9.999999999999998	13.330573365367483	0.3044620737581193	4.836072522836894	9.999999999999998	0.9999999999999999
3.5	3.5	359.6264033678402	9.999999999999998	11.99878502556937	0.6459628474407403	10.174678383982018	9.999999999999998	0.9999999999999999	419.22379714604307	9.999999999999998	11.510182179192912	0.6196585770299942	9.918034634094354	9.999999999999998	0.9999999999999999	349.99999999999994	9.999999999999998	12.956775166245878	0.6975369057952183	11.053989011426966	9.999999999999998	0.9999999999999999	320.75752952564045	9.999999999999998	12.198912146807325	0.6567368287071355	10.419848283705942	9.999999999999998	0.9999999999999999
4.0	3.5	355.1825379772217	9.999999999999998	12.24234116837246	0.7685609398402017	12.499680536868851	9.999999999999998	0.9999999999999999	421.1930719350541	9.999999999999998	13.679696307844326	0.8587965411588916	13.67538252400323	9.999999999999998	0.9999999999999999	341.20623775833616	9.999999999999998	6.6730335183817155	0.41892582815141705	6.587656962067175	9.999999999999998	0.9999999999999999	317.2025492920844	9.999999999999998	11.181428945660093	0.7019580177551465	11.262558344861638	9.999999999999998	0.9999999999999999
4.5	3.5	355.1344891060245	9.999999999999998	9.711407407277811	0.6655633626605085	10.790526882735222	9.999999999999998	0.9999999999999999	422.68121872618235	9.999999999999998	9.639426918697744	0.6606302387562026	10.714812817285027	9.999999999999998	0.9999999999999999	342.4140806626089	9.999999999999998	9.33300478295667	0.6396298483385782	10.153317214578285	9.999999999999998	0.9999999999999999	317.2909176614087	9.999999999999998	11.299268567187111	0.7743861283736695	12.491363793843353	9.999999999999998	0.9999999999999999
5.0	3.5	353.9696029505505	9.999999999999998	13.08453297391711	1.0947315612776378	17.245656975506208	9.999999999999998	0.9999999999999999	423.99999999999994	9.999999999999998	10.241805651332758	0.8568917143115353	13.526567879009917	9.999999999999998	0.9999999999999999	340.00000000000006	9.999999999999998	6.666409315022655	0.5577523242211496	9.012955960094995	9.999999999999998	0.9999999999999999	317.00000000000006	9.999999999999998	11.475308168098026	0.9600940325532451	15.250123973927384	9.999999999999998	0.9999999999999999
5.5	3.5	354.56403442990313	9.999999999999998	9.496900733979093	0.7860972189082602	12.400398568332985	9.999999999999998	0.9999999999999999	418.00000000000006	9.999999999999998	10.889368502779588	0.9013574570780688	14.159535467497205	9.999999999999998	0.9999999999999999	340.00000000000006	9.999999999999998	8.890179745568908	0.7358764474163502	11.891339084774406	9.999999999999998	0.9999999999999999	320.5269517739505	9.999999999999998	8.343729568809785	0.6906445368957596	10.880510089695392	9.999999999999998	0.9999999999999999
6.0	3.5	355.39395731474406	9.999999999999998	9.329311955015148	0.6959720467350626	11.16475541913877	9.999999999999998	0.9999999999999999	421.02985408395836	9.999999999999998	9.558434105906187	0.7130646911955423	11.452437509593834	9.999999999999998	0.9999999999999999	342.515319053345	9.999999999999998	8.459271409352995	0.6310665207727253	9.980210819635335	9.999999999999998	0.9999999999999999	317.00000000000006	9.999999999999998	11.722969289137216	0.8745402629169412	13.891188755966736	9.999999999999998	0.9999999999999999
6.5	3.5	350.6790592741843	9.999999999999998	10.915982028190511	0.7486435136929006	11.780085370646836	9.999999999999998	0.9999999999999999	418.00000000000006	9.999999999999998	7.346796858333632	0.5038604680922678	7.91520623987502	9.999999999999998	0.9999999999999999	340.00000000000006	9.999999999999998	7.759625223364993	0.5321732004649506	8.599612069086788	9.999999999999998	0.9999999999999999	318.7815293122354	9.999999999999998	12.217795510369227	0.8379249193377776	13.254192416333776	9.999999999999998	0.9999999999999999
7.0	3.5	359.99999999999994	9.999999999999998	10.991364445128065	0.7573574058525581	11.902440118538353	9.999999999999998	0.9999999999999999	418.00000000000006	9.999999999999998	9.89132378085222	0.6815593602152339	10.706700053779496	9.999999999999998	0.9999999999999999	342.11905193486797	9.999999999999998	8.607729545288922	0.5931135985205229	9.5603168582128	9.999999999999998	0.9999999999999999	317.00000000000006	9.999999999999998	11.020814778960098	0.7593866742426537	12.06209030958291	9.999999999999998	0.9999999999999999
7.5	3.5	359.99999999999994	9.999999999999998	8.235723177064795	0.6834491872925171	10.740916987080404	9.999999999999998	0.9999999999999999	423.5781594391103	9.999999999999998	8.988045100403394	0.7458813254343142	11.718591132487212	9.999999999999998	0.9999999999999999	340.00000000000006	9.999999999999998	7.44332044743495	0.6176909059697464	9.98152888063823	9.999999999999998	0.9999999999999999	317.370828160172	9.999999999999998	7.336200996344332	0.608801498176757	9.872959891209431	9.999999999999998	0.9999999999999999
8.0	3.5	351.5051178954734	9.999999999999998	7.5678658095136875	0.5206057776496124	8.414185846973742	9.999999999999998	0.9999999999999999	420.1891411397112	9.999999999999998	9.301279965809972	0.6398501521591365	10.08159709971656	9.999999999999998	0.9999999999999999	340.00000000000006	9.999999999999998	4.712272761446881	0.3241648949940598	5.238317790015748	9.999999999999998	0.9999999999999999	319.5623688545067	9.999999999999998	13.265362647091417	0.9125458366361983	14.60998654137885	9.999999999999998	0.9999999999999999
8.5	3.5	352.8998142025527	9.999999999999998	10.961108508503685	0.6884486153263288	10.94229975611529	9.999999999999998	0.9999999999999999	418.00000000000006	9.999999999999998	10.337348537055934	0.6492713105577425	10.19948309927222	9.999999999999998	0.9999999999999999	340.00000000000006	9.999999999999998	7.130251186800779	0.4478389710925339	7.236819549443676	9.999999999999998	0.9999999999999999	317.00000000000006	9.999999999999998	9.071394137607177	0.5697588641030228	9.050044077149568	9.999999999999998	0.9999999999999999
9.0	3.5	359.99999999999994	9.999999999999998	11.148266828976308	0.7006955246424257	11.011956123933262	9.999999999999998	0.9999999999999999	418.00000000000006	9.999999999999998	8.951365478884536	0.5626149630892036	8.83818784861534	9.999999999999998	0.9999999999999999	346.5193993240073	9.999999999999998	12.911032358233507	0.8114896001963094	12.763335619724339	9.999999999999998	0.9999999999999999	320.42117841205504	9.999999999999998	14.09521638690729	0.8859184295357799	13.93118730624384	9.999999999999998	0.9999999999999999
9.5	3.5	352.85185788664216	9.999999999999998	23.86405650998018	0.9990068297651387	15.847027877253014	9.999999999999998	0.9999999999999999	423.99999999999994	9.999999999999998	9.955072321876933	0.41674328235862923	6.578551528502635	9.999999999999998	0.9999999999999999	340.00000000000006	9.999999999999998	9.802886284262977	0.4103724086177103	6.631381503025352	9.999999999999998	0.9999999999999999	317.00000000000534	9.999999999999998	9.67125957935042	0.4048621980157478	6.430827088549629	9.999999999999998	0.9999999999999999
10.0	3.5	358.4083215125719	9.999999999999998	9.404768472044088	0.7890734030454448	12.475041908334749	9.999999999999998	0.9999999999999999	423.99999999999994	9.999999999999998	7.600517705591873	0.6376942067936981	10.066399091251226	9.999999999999998	0.9999999999999999	340.00000000000006	9.999999999999998	7.060926095956483	0.5924217060473587	9.573193180082702	9.999999999999998	0.9999999999999999	317.58911375375845	9.999999999999998	12.494869475795989	1.0483372564866662	16.862019129130825	9.999999999999998	0.9999999999999999
0.0	4.0	354.28817083084874	9.999999999999998	7.6188896073773344	0.4815689538520132	7.565220547476701	9.999999999999998	0.9999999999999999	423.99999999999994	9.999999999999998	12.128280013017555	0.7665950576626963	12.101179075490556	9.999999999999998	0.9999999999999999	340.00000000000006	9.999999999999998	4.23755390412937	0.267844069892694	4.328205730897636	9.999999999999998	0.9999999999999999	317.00000000000006	9.999999999999998	9.35969566339146	0.5916004931516812	9.396976293672957	9.999999999999998	0.9999999999999999
0.5	4.0	358.54172773775093	9.999999999999998	7.151214085479251	0.4928684938846529	7.83088587080686	9.999999999999998	0.9999999999999999	423.50256538558597	9.999999999999998	7.001765642925338	0.48256836471574444	7.586617982529949	9.999999999999998	0.9999999999999999	340.00000000000006	9.999999999999998	9.802448169603739	0.6755940750739234	10.917210706464122	9.999999999999998	0.9999999999999999	317.00000000000006	9.999999999999998	9.112051255476091	0.6280112614171985	9.975324571245743	9.999999999999998	0.9999999999999999
1.0	4.0	351.9878708494211	9.999999999999998	19.113225375823234	0.7583685435133038	11.976813416073869	9.999999999999998	0.9999999999999999	420.01744123248176	9.999999999999998	13.817957226269323	0.5482645597466905	8.61594155545458	9.999999999999998	0.9999999999999999	340.00000000000006	9.999999999999998	9.16424453555251	0.3636160116448881	5.87582508762676	9.999999999999998	0.9999999999999999	322.4430407546627	9.999999999999998	15.113634417827445	0.5996740317381763	9.452794393609516	9.999999999999998	0.9999999999999999
1.5	4.0	351.70345662332056	9.999999999999998	130.30055790339608	0.9011969552051312	14.396687979885808	9.999999999999998	0.9999999999999999	419.6523445561285	6.027748521684307	69.08825129811984	0.4778346517631433	4.55792258279412	6.027748521684307	0.9999999999999999	340.00000000000006	9.999999999999998	17.878652276735142	0.1236540138754468	1.9981775654716611	9.999999999999998	0.9999999999999999	322.07669636663445	9.999999999999998	32.55372327146944	0.22515111803733917	3.5373544860985553	9.999999999999998	0.9999999999999999
2.0	4.0	352.4036660671917	9.999999999999998	46.94665465611015	1.072232637025177	16.844155878090486	9.999999999999998	0.9999999999999999	419.72217497456467	9.999999999999998	16.07566750624113	0.36715833084207805	5.775631819745412	9.999999999999998	0.9999999999999999	340.00000000000006	9.999999999999998	14.479903552219202	0.3307120663526452	5.344116304079363	9.999999999999998	0.9999999999999999	317.00000000000006	9.999999999999998	17.84254128749711	0.4075126382500112	6.472926654619366	9.999999999999998	0.9999999999999999
2.5	4.0	352.9334901704968	9.999999999999998	19.121525001183972	0.9009537350485565	14.34128244484975	9.999999999999998	0.9999999999999999	418.00000000000006	9.999999999999998	7.922134358483113	0.37326921045209105	5.863732066359648	9.999999999999998	0.9999999999999999	340.00000000000006	9.999999999999998	9.336676362559032	0.43991854421999704	7.108830018092082	9.999999999999998	0.9999999999999999	317.00000000000006	9.999999999999998	13.244973248262726	0.6240667581639873	9.912670121173743	9.999999999999998	0.9999999999999999
3.0	4.0	359.99999999999994	9.999999999999998	12.038352694611559	0.7593045119606551	11.933040352558612	9.999999999999998	0.9999999999999999	418.00000000000006	9.999999999999998	7.8068285087822735	0.49240625035639257	7.735270520688405	9.999999999999998	0.9999999999999999	340.00000000000006	9.999999999999998	9.437926280094148	0.5952857662357068	9.619474741312752	9.999999999999998	0.9999999999999999	319.1473174688851	9.999999999999998	10.862426593341631	0.6851343977367862	11.026689137875797	9.999999999999998	0.9999999999999999
3.5	4.0	356.55670130083917	9.999999999999998	8.035176866263548	0.6012443793344444	9.515367162958547	9.999999999999998	0.9999999999999999	418.00000000000006	9.999999999999998	11.948391331281567	0.8940566274506963	14.044845834389768	9.999999999999998	0.9999999999999999	344.0289071023047	9.999999999999998	9.22011107604884	0.6899088910648251	11.103229527804524	9.999999999999998	0.9999999999999999	318.1244359139098	9.999999999999998	11.996037006346587	0.897621787845947	14.131984199939811	9.999999999999998	0.9999999999999999
4.0	4.0	350.0478593176991	9.999999999999998	12.560245132991426	0.6314055823390351	9.989028679320128	9.999999999999998	0.9999999999999999	418.00000000000006	9.999999999999998	12.990258783947008	0.653022439081916	10.258410039926105	9.999999999999998	0.9999999999999999	340.00000000000006	9.999999999999998	3.687859217984869	0.18538928758642279	2.9957839921565217	9.999999999999998	0.9999999999999999	321.2811788929638	9.999999999999998	10.483708999834247	0.5270177704355672	8.526314318706131	9.999999999999998	0.9999999999999999
4.5	4.0	351.41238497318363	9.999999999999998	11.651628541069288	0.7321616492477862	11.908707307846338	9.999999999999998	0.9999999999999999	418.00000000000006	9.999999999999998	13.31893357029383	0.8369312782909155	13.147456678545664	9.999999999999998	0.9999999999999999	340.00000000000006	9.999999999999998	8.598664830940809	0.5403204025737677	8.731266157498341	9.999999999999998	0.9999999999999999	317.00000000000006	9.999999999999998	11.291698982716872	0.7095445002263028	11.27039771791246	9.999999999999998	0.9999999999999999
5.0	4.0	353.427704322038	9.999999999999998	12.369945832479182	0.8475658001815577	13.663430704966931	9.999999999999998	0.9999999999999999	420.121618864185	9.999999999999998	11.489855742289587	0.7872636556430715	12.388020966814242	9.999999999999998	0.9999999999999999	340.00000000000006	9.999999999999998	7.5203657076897725	0.5152815432675627	8.326652628486206	9.999999999999998	0.9999999999999999	317.00000000000006	9.999999999999998	8.925176379907079	0.6115365711897682	9.71364075707577	9.999999999999998	0.9999999999999999
5.5	4.0	356.03236641132327	9.999999999999998	12.553388842453957	0.7929059458306905	12.459034123422883	9.999999999999998	0.9999999999999999	418.00000000000006	9.999999999999998	9.211469965785282	0.5818213231005288	9.139902926963357	9.999999999999998	0.9999999999999999	340.00000000000006	9.999999999999998	9.13983005606569	0.5772963529041676	9.328776194549151	9.999999999999998	0.9999999999999999	319.00697895855075	9.999999999999998	13.266093451168354	0.8379222939230445	13.380198758033679	9.999999999999998	0.9999999999999999
6.0	4.0	356.5997994334563	9.999999999999998	10.373016353690838	0.7807174929180792	12.374977844235126	9.999999999999998	0.9999999999999999	421.26043197589786	9.999999999999998	10.109704846827716	0.7608995448415283	12.080893134169818	9.999999999999998	0.9999999999999999	340.00000000000006	9.999999999999998	7.758610516771275	0.5839461488004173	9.436233061968236	9.999999999999998	0.9999999999999999	318.7638624202573	9.999999999999998	9.148159818867999	0.6885295612263527	10.884816882709796	9.999999999999998	0.9999999999999999
6.5	4.0	359.2160702744289	9.999999999999998	5.451816809144972	0.3716336047417339	5.943242694091719	9.999999999999998	0.9999999999999999	423.99999999999994	9.999999999999998	8.771482966623262	0.5979250491962446	9.438618240125592	9.999999999999998	0.9999999999999999	341.92018082214315	9.999999999999998	7.372851947198829	0.5025846689801627	8.138660331074766	9.999999999999998	0.9999999999999999	317.00000000000006	9.999999999999998	10.94714116552844	0.7462329853302627	11.853157246958848	9.999999999999998	0.9999999999999999
7.0	4.0	353.187109632122	9.999999999999998	8.83979417338894	0.6056863403828715	9.777306922033052	9.999999999999998	0.9999999999999999	423.99999999999994	9.999999999999998	6.981603429017621	0.4783665488112869	7.551313060300034	9.999999999999998	0.9999999999999999	340.00000000000006	9.999999999999998	8.798816776327174	0.602878644957171	9.742171283406883	9.999999999999998	0.9999999999999999	317.00000000000006	9.999999999999998	9.891631250772665	0.6777562706983783	10.76547379923825	9.999999999999998	0.9999999999999999
7.5	4.0	358.25377955160656	9.999999999999998	11.207231571488771	0.8358716507496449	13.162121906456939	9.999999999999998	0.9999999999999999	418.00000000000006	9.999999999999998	11.583480538740378	0.8639335180665948	13.571638193662901	9.999999999999998	0.9999999999999999	340.00000000000006	9.999999999999998	7.855151680141768	0.5858626691066695	9.467202925053972	9.999999999999998	0.9999999999999999	317.00000000000006	9.999999999999998	9.944024818678868	0.741657597352598	11.780481830257584	9.999999999999998	0.9999999999999999
8.0	4.0	359.99999999999994	9.999999999999998	9.105278949989858	0.627544507665286	9.86233298371921	9.999999999999998	0.9999999999999999	418.00000000000006	9.999999999999998	10.338738755658854	0.7125557336502222	11.193625907190938	9.999999999999998	0.9999999999999999	340.00000000000006	9.999999999999998	10.082528313617024	0.6948974656726086	11.229142368227091	9.999999999999998	0.9999999999999999	317.00000000000006	9.999999999999998	10.257163007504408	0.7069334553000277	11.228923906517863	9.999999999999998	0.9999999999999999
8.5	4.0	359.99999999999994	9.999999999999998	9.06156522574092	0.5723529348285581	8.994955988841062	9.999999999999998	0.9999999999999999	422.9939961268898	9.999999999999998	10.336489169680668	0.652880574680916	10.431117348912915	9.999999999999998	0.9999999999999999	340.00000000000006	9.999999999999998	5.632013530210686	0.3557331865639873	5.748443179546856	9.999999999999998	0.9999999999999999	317.00000000000006	9.999999999999998	12.461637715390113	0.7871106968267276	12.502458405964806	9.999999999999998	0.9999999999999999
9.0	4.0	352.9945258420093	9.999999999999998	39.26513187368537	0.9546488795822944	15.240553866071894	9.999999999999998	0.9999999999999999	418.32022002134585	9.999999999999998	14.999292274685558	0.36467616129801544	5.745932786940922	9.999999999999998	0.9999999999999999	340.00000000000006	9.999999999999998	12.323782140368406	0.2996267744717179	4.84179591102546	9.999999999999998	0.9999999999999999	321.3267494237804	9.999999999999998	19.00397653344396	0.4620416140106981	7.4528105086183505	9.999999999999998	0.9999999999999999
9.5	4.0	352.912979973733	9.999999999999998	62.58302896839403	0.9624035175154948	15.3053499545861	9.999999999999998	0.9999999999999999	418.00000000000006	9.999999999999998	17.63648211391159	0.27121430047113276	4.2605388979223076	9.999999999999998	0.9999999999999999	341.6654413041446	9.999999999999998	13.98995571924854	0.21513791863430662	3.4320843150881557	9.999999999999998	0.9999999999999999	321.93764958706504	9.999999999999998	19.201787970496216	0.2952856164044898	4.646427093934724	9.999999999999998	0.9999999999999999
10.0	4.0	354.54726277574446	9.999999999999998	17.48415605836008	0.9412715711206449	14.84192172969352	9.999999999999998	0.9999999999999999	423.7322482540825	9.999999999999998	9.539780681458243	0.5135806566934067	8.069572759041147	9.999999999999998	0.9999999999999999	340.00000000000006	9.999999999999998	7.449545688099771	0.4010514176702211	6.480759663786088	9.999999999999998	0.9999999999999999	318.59963436715975	9.999999999999998	12.23920926441421	0.6589062517593468	10.373202565232607	9.999999999999998	0.9999999999999999
0.0	4.5	356.6527460981965	9.999999999999998	9.63432470108922	0.603702370329991	9.589364010785928	9.999999999999998	0.9999999999999999	422.42262138467095	9.999999999999998	7.989581581676967	0.500640105918157	7.994222819285665	9.999999999999998	0.9999999999999999	340.00000000000006	9.999999999999998	5.609389399088581	0.3514934135394924	5.679930892119041	9.999999999999998	0.9999999999999999	317.00000000000006	9.999999999999998	10.445840741083874	0.6545532781108127	10.396917697930673	9.999999999999998	0.9999999999999999
0.5	4.5	358.376512196713	9.999999999999998	8.405408081558464	0.5284239397569787	8.346077711271075	9.999999999999998	0.9999999999999999	423.99999999999545	9.999999999999998	10.868985268725242	0.6833019838098632	10.78634617594722	9.999999999999998	0.9999999999999999	345.13220040532445	9.999999999999998	11.575218626948287	0.7277008529568362	11.477430780293192	9.999999999999998	0.9999999999999999	317.00000000000006	9.999999999999998	8.855310857565302	0.5567080391247103	8.842744904221677	9.999999999999998	0.9999999999999999
1.0	4.5	354.26130449584474	9.999999999999998	12.258378581734265	0.7697478065582428	12.091426637593264	9.999999999999998	0.9999999999999999	423.99999999999994	9.999999999999998	8.817664408516286	0.5536929531231566	8.740387133474947	9.999999999999998	0.9999999999999999	340.00000000000006	9.999999999999998	4.143195934105183	0.2601662170207911	4.20413605552841	9.999999999999998	0.9999999999999999	321.458217170508	9.999999999999998	9.762280699968528	0.6130088172512227	9.811577073449296	9.999999999999998	0.9999999999999999
1.5	4.5	354.5708424449105	9.999999999999998	12.134600809045347	0.7630462561017088	12.038926732462286	9.999999999999998	0.9999999999999999	422.1410454311275	9.999999999999998	9.770952780523148	0.6144156742401585	9.701737961116674	9.999999999999998	0.9999999999999999	341.85769070651384	9.999999999999998	9.764731947190558	0.6140244966761857	9.902388689219464	9.999999999999998	0.9999999999999999	317.0000000000066	9.999999999999998	13.611337227319797	0.8559061872148458	13.595205284600699	9.999999999999998	0.9999999999999999
2.0	4.5	359.99999999999994	9.999999999999998	7.581147801185831	0.5141436306278402	8.080153080416464	9.999999999999998	0.9999999999999999	420.70290351951866	9.999999999999998	11.38793500277681	0.7723150110285012	12.434955671290936	9.999999999999998	0.9999999999999999	341.6568280499431	9.999999999999998	8.56526114057508	0.5808849234415395	9.262928848739563	9.999999999999998	0.9999999999999999	322.13848815158104	9.999999999999998	9.918062474591196	0.6726301588108377	10.5656768500476	9.999999999999998	0.9999999999999999
2.5	4.5	359.99999999999994	9.999999999999998	7.652797880454042	0.4828042462431302	7.587631130926892	9.999999999999998	0.9999999999999999	423.99999999999994	9.999999999999998	8.121818384399928	0.5123940896464858	8.088458925029169	9.999999999999998	0.9999999999999999	340.00000000000006	9.999999999999998	7.800801084735445	0.49214156007277643	7.952723842544917	9.999999999999998	0.9999999999999999	317.00000000000006	9.999999999999998	10.145418193484531	0.6400601531940661	10.16670904726109	9.999999999999998	0.9999999999999999
3.0	4.5	355.98762334140577	9.999999999999998	9.097601668268817	0.6823302438290498	10.725880944961347	9.999999999999998	0.9999999999999999	423.548785656827	9.999999999999998	10.521980261157568	0.7891602225453638	12.40102376199298	9.999999999999998	0.9999999999999999	340.00000000000006	9.999999999999998	3.9017728355958643	0.2926373023742529	4.728850072051623	9.999999999999998	0.9999999999999999	317.00000000000006	9.999999999999998	10.460240741362286	0.7845296898916057	12.46146171772011	9.999999999999998	0.9999999999999999
3.5	4.5	354.71211135475653	9.999999999999998	10.445460666613515	0.7876425873204622	12.483371139760534	9.999999999999998	0.9999999999999999	422.5430796266671	9.999999999999998	6.522540741348761	0.49183382422181404	7.905983661742981	9.999999999999998	0.9999999999999999	340.46549867853173	9.999999999999998	9.252994076129935	0.6977243443056997	11.105032838524492	9.999999999999998	0.9999999999999999	318.89443998370126	9.999999999999998	7.989591363655767	0.6024571451804873	9.570170631984569	9.999999999999998	0.9999999999999999
4.0	4.5	354.12795505607806	9.999999999999998	11.288920639291135	0.7088720455617594	11.14035737270764	9.999999999999998	0.9999999999999999	418.754384352706	9.999999999999998	12.499137152031134	0.7848659055923399	12.57823189749226	9.999999999999998	0.9999999999999999	340.617682699365	9.999999999999998	6.924225318597723	0.4347970831189319	6.878735390543602	9.999999999999998	0.9999999999999999	317.81183639122764	9.999999999999998	11.900840959070505	0.7472967296093254	11.881292786583273	9.999999999999998	0.9999999999999999
4.5	4.5	359.99999999999994	9.999999999999998	11.771001381543716	0.7391436342109978	11.616197025619279	9.999999999999998	0.9999999999999999	418.34145412041227	9.999999999999998	10.428064537867996	0.654815785884797	10.322478315084506	9.999999999999998	0.9999999999999999	341.4319213008181	9.999999999999998	9.508549341518476	0.5970761100567333	9.436175852612452	9.999999999999998	0.9999999999999999	321.155297877177	9.999999999999998	14.043596942907353	0.8818481066573179	14.300283854386617	9.999999999999998	0.9999999999999999
5.0	4.5	351.4890225979479	9.999999999999998	12.43635439550155	0.7812890984391987	12.640992106476826	9.999999999999998	0.9999999999999999	423.99999999999994	9.999999999999998	11.881579242380617	0.7464364587158482	11.782963071710709	9.999999999999998	0.9999999999999999	340.00000000000006	9.999999999999998	6.647207260873072	0.41759750509076515	6.748134896047988	9.999999999999998	0.9999999999999999	317.00000000000006	9.999999999999998	9.252797309051315	0.5812884899970561	9.2331805390953	9.999999999999998	0.9999999999999999
5.5	4.5	356.9191425563894	9.999999999999998	10.769866978467029	0.9025496262825154	14.53661920926939	9.999999999999998	0.9999999999999999	418.00000000000006	9.999999999999998	10.550307098498864	0.8841497994315336	13.889218251119463	9.999999999999998	0.9999999999999999	340.00000000000006	9.999999999999998	10.041741612986499	0.8415303697016127	13.598645548979835	9.999999999999998	0.9999999999999999	321.39960965901093	9.999999999999998	11.521950344322029	0.9655766406498133	15.505667167171023	9.999999999999998	0.9999999999999999
6.0	4.5	354.5546924267127	9.999999999999998	9.329253438948056	0.7011756649298172	11.058148875034444	9.999999999999998	0.9999999999999999	419.81576886201924	9.999999999999998	10.246109867841195	0.7700855107584684	12.100965850761536	9.999999999999998	0.9999999999999999	340.00000000000006	9.999999999999998	6.047761272402802	0.4545425911370659	7.345146184064066	9.999999999999998	0.9999999999999999	317.00000000000006	9.999999999999998	12.057416370564948	0.9062211672448502	14.394407922241426	9.999999999999998	0.9999999999999999
6.5	4.5	356.09123823110707	9.999999999999998	10.261398371434233	0.6443502161371779	10.121839157154682	9.999999999999998	0.9999999999999999	423.99999999999994	9.999999999999998	9.933727239967363	0.6237745638975815	9.84666888340673	9.999999999999998	0.9999999999999999	341.20180795097207	9.999999999999998	7.943942322847509	0.4988287918883935	7.843687641816776	9.999999999999998	0.9999999999999999	320.8696346595771	9.999999999999998	11.325917021234046	0.7111951818282132	11.339767848286296	9.999999999999998	0.9999999999999999
7.0	4.5	359.99999999999994	9.999999999999998	5.999640612559366	0.4996278176938968	7.8520261843393415	9.999999999999998	0.9999999999999999	423.3202261883278	9.999999999999998	10.199026157563116	0.8493370704637031	13.398842159797939	9.999999999999998	0.9999999999999999	347.72001025100224	9.999999999999998	8.74674047958873	0.7283961056939965	11.784790048184906	9.999999999999998	0.9999999999999999	324.99999999999994	9.999999999999998	6.865933249122564	0.5717694554087142	9.291843039711965	9.999999999999998	0.9999999999999999
7.5	4.5	359.99999999999994	9.999999999999998	9.314507540730565	0.7789439823718279	12.241689371796298	9.999999999999998	0.9999999999999999	423.99999999999994	9.999999999999998	8.492332762638364	0.7101880021922702	11.210758673551183	9.999999999999998	0.9999999999999999	340.00000000000006	9.999999999999998	7.252174396709992	0.6064773237582477	9.800323857838416	9.999999999999998	0.9999999999999999	319.45002201196695	9.999999999999998	11.836763053501015	0.9898725521416705	15.952763179135577	9.999999999999998	0.9999999999999999
8.0	4.5	359.99999999999994	9.999999999999998	6.198675357920457	0.5144028696179134	8.084227215734732	9.999999999999998	0.9999999999999999	421.6612595925315	9.999999999999998	8.875337872875516	0.7365282107897573	11.575805823008777	9.999999999999998	0.9999999999999999	344.4602399635271	9.999999999999998	5.562654445443296	0.4616220795903783	7.28713361016087	9.999999999999998	0.9999999999999999	320.52178386140133	9.999999999999998	13.498692452080338	1.1202016128441514	17.64585866143794	9.999999999999998	0.9999999999999999
8.5	4.5	355.4745742177667	9.999999999999998	8.981556830594776	0.6747280202508964	10.776878576535733	9.999999999999998	0.9999999999999999	423.99999999999994	9.999999999999998	6.746628771820693	0.5068318956766943	8.000656238841389	9.999999999999998	0.9999999999999999	340.00000000000006	9.999999999999998	5.046831486199624	0.37913678902790615	6.1266319008747745	9.999999999999998	0.9999999999999999	317.00000000000006	9.999999999999998	11.881174907982313	0.8925581360917202	14.177384472579154	9.999999999999998	0.9999999999999999
9.0	4.5	353.52736775191596	9.999999999999998	26.09823481242505	0.8938921533646771	14.325081395084652	9.999999999999998	0.9999999999999999	423.99999999999994	9.999999999999998	14.047372552454712	0.481137371560909	7.595052218209365	9.999999999999998	0.9999999999999999	340.00000000000006	9.999999999999998	13.314637811368906	0.45604043147044476	7.3693504201985345	9.999999999999998	0.9999999999999999	317.00000000000006	9.999999999999998	15.59224346203047	0.5340508346344219	8.48285809557165	9.999999999999998	0.9999999999999999
9.5	4.5	352.6188137534123	9.999999999999998	34.23280806999409	1.0320502029444074	16.25637750377865	9.999999999999998	0.9999999999999999	418.0000000000003	9.999999999999998	13.716272897009715	0.4135179970645684	6.496005219577411	9.999999999999998	0.9999999999999999	340.00000000000006	9.999999999999998	9.159047492992888	0.2761268314475847	4.462050381794328	9.999999999999998	0.9999999999999999	323.160704448091	9.999999999999998	19.450419670265795	0.5863909711119171	9.495264277519114	9.999999999999998	0.9999999999999999
10.0	4.5	353.94142392699166	9.999999999999998	17.984279735435834	1.1290336338219535	17.7973335670966	9.999999999999998	0.9999999999999999	418.00000000000006	9.999999999999998	9.11314863298071	0.5721136163368531	8.987403364055295	9.999999999999998	0.9999999999999999	340.00000000000006	9.999999999999998	5.723278814891208	0.35930125491879916	5.806101106816697	9.999999999999998	0.9999999999999999	323.5453141319527	9.999999999999998	10.557681209046514	0.6627998093633228	10.512760197738093	9.999999999999998	0.9999999999999999
0.0	5.0	358.3058017558496	9.999999999999998	10.495199806012108	0.7849537464062077	12.374395655148133	9.999999999999998	0.9999999999999999	418.00000000000006	9.999999999999998	7.983492671934227	0.5970989212279174	9.379900600299509	9.999999999999998	0.9999999999999999	340.00000000000006	9.999999999999998	5.534777034170093	0.4139553366107532	6.689279553480956	9.999999999999998	0.9999999999999999	317.00000000000006	9.999999999999998	14.575987626336643	1.090162770251339	17.316134497660297	9.999999999999998	0.9999999999999999
0.5	5.0	359.571456323263	9.999999999999998	10.499811955143006	0.7891534598630848	12.445887784578055	9.999999999999998	0.9999999999999999	418.00000000000006	9.999999999999998	7.790956972107436	0.585559120148954	9.198620441820394	9.999999999999998	0.9999999999999999	341.13639975431295	9.999999999999998	9.375391948182777	0.7046433807661633	11.072540453586791	9.999999999999998	0.9999999999999999	317.00000000000006	9.999999999999998	9.713978343953656	0.7300911341951457	11.596760245589543	9.999999999999998	0.9999999999999999
1.0	5.0	356.47842608295224	9.999999999999998	8.629542699907494	0.5940583581088125	9.378587240599412	9.999999999999998	0.9999999999999999	418.00000000000006	9.999999999999998	9.290864886520183	0.6395838263777479	10.047301215425476	9.999999999999998	0.9999999999999999	340.49910003558597	9.999999999999998	7.0888637302628785	0.48799790381733893	7.755498461438105	9.999999999999998	0.9999999999999999	317.00000000000006	9.999999999999998	13.066722722193642	0.8995141592256883	14.28787387420205	9.999999999999998	0.9999999999999999
1.5	5.0	359.99999999999994	9.999999999999998	8.124737279544767	0.5530643965574875	8.691822131600814	9.999999999999998	0.9999999999999999	423.99999999999994	9.999999999999998	8.680404698207687	0.5908896030860958	9.327559353945905	9.999999999999998	0.9999999999999999	340.00000000000006	9.999999999999998	8.616154937584328	0.5865160148868093	9.477760616142639	9.999999999999998	0.9999999999999999	323.18803578220326	9.999999999999998	9.244456657479311	0.6292855592565222	10.171155551072676	9.999999999999998	0.9999999999999999
2.0	5.0	359.99999999999994	9.999999999999998	8.589349593300607	0.6505733202936836	10.22424805999946	9.999999999999998	0.9999999999999999	423.99999999999994	9.999999999999998	9.253245842733044	0.7008580575292783	11.063479702727241	9.999999999999998	0.9999999999999999	340.00000000000006	9.999999999999998	10.509790920580988	0.7960311197634461	12.86340390479181	9.999999999999998	0.9999999999999999	317.00000000000006	9.999999999999998	7.297463047053808	0.5527234294835512	8.779453404686175	9.999999999999998	0.9999999999999999
2.5	5.0	359.23653852745593	9.999999999999998	7.376924740364821	0.5563890604910241	8.888411638583955	9.999999999999998	0.9999999999999999	423.99999999999994	9.999999999999998	11.963129820389888	0.9022939497915643	14.243270362908747	9.999999999999998	0.9999999999999999	348.4646022015458	9.999999999999998	8.306365160011437	0.6264901527578255	9.846679507442142	9.999999999999998	0.9999999999999999	324.99999999999994	9.999999999999998	11.027646608604792	0.831737092614722	13.516585123208358	9.999999999999998	0.9999999999999999
3.0	5.0	356.3508067636103	9.999999999999998	10.32968567526644	0.8566208804011785	13.483689812117511	9.999999999999998	0.9999999999999999	419.7020404179724	9.999999999999998	11.816708677466858	0.9799368256648149	15.419982417388393	9.999999999999998	0.9999999999999999	340.00000000000006	9.999999999999998	4.984753405873725	0.41337597148251887	6.679917347069926	9.999999999999998	0.9999999999999999	317.00000000000006	9.999999999999998	10.74287521900752	0.8908858911535908	14.150822550770906	9.999999999999998	0.9999999999999999
3.5	5.0	357.0511612559759	9.999999999999998	10.931119580519201	0.749155338720758	12.173170830678416	9.999999999999998	0.9999999999999999	418.0299606884045	9.999999999999998	13.885962677384223	0.9516630932826624	14.948790091253354	9.999999999999998	0.9999999999999999	340.51208570243807	9.999999999999998	8.846627791363275	0.6062963990794104	9.6302579868618	9.999999999999998	0.9999999999999999	322.9575315857352	9.999999999999998	11.841547488689828	0.8115507706710141	13.083228829504487	9.999999999999998	0.9999999999999999
4.0	5.0	352.6897644654156	9.999999999999998	13.874948497995824	0.8643732109723922	13.638236232320065	9.999999999999998	0.9999999999999999	418.00000000000006	9.999999999999998	18.776330298038683	1.1697165515488743	18.37522158219664	9.999999999999998	0.9999999999999999	340.93804651616927	9.999999999999998	6.6308685370680776	0.4130858669312711	6.491489533546908	9.999999999999998	0.9999999999999999	317.00000000000006	9.999999999999998	11.564551841123235	0.7204415072108031	11.443485667450533	9.999999999999998	0.9999999999999999
4.5	5.0	353.2912566471835	9.999999999999998	12.958940460665696	0.8073082922364466	13.125364475032917	9.999999999999998	0.9999999999999999	418.1990321935405	9.999999999999998	15.533187239162654	0.9676771724586802	15.215046037007587	9.999999999999998	0.9999999999999999	340.00000000000006	9.999999999999998	9.057979355046491	0.56428855942594	9.118577752219057	9.999999999999998	0.9999999999999999	317.00000000000006	9.999999999999998	13.724412524681586	0.8549952112890581	13.580735352137777	9.999999999999998	0.9999999999999999
5.0	5.0	349.77183101126934	9.999999999999998	8.569706039011459	0.5407776158669924	8.660471323546842	9.999999999999998	0.9999999999999999	418.00000000000006	9.999999999999998	13.698069660621965	0.8643948134661591	13.578884739991256	9.999999999999998	0.9999999999999999	340.00000000000006	9.999999999999998	5.843275280024437	0.36873055626429074	5.958473179636035	9.999999999999998	0.9999999999999999	317.00000000000006	9.999999999999998	11.239621349324459	0.7092583583224704	11.265852642784791	9.999999999999998	0.9999999999999999
5.5	5.0	358.63279090717134	9.999999999999998	7.269470527164872	0.45626277205995147	7.279635826426248	9.999999999999998	0.9999999999999999	418.00000000000006	9.999999999999998	11.148318643500737	0.6997157150694259	10.991920471605505	9.999999999999998	0.9999999999999999	349.91709042547143	9.999999999999998	7.015592781294352	0.44032832901319063	7.001455893677043	9.999999999999998	0.9999999999999999	321.82068805588256	9.999999999999998	10.181865502079592	0.639057020915144	10.080904051688952	9.999999999999998	0.9999999999999999
6.0	5.0	353.5159461832062	9.999999999999998	9.894732989280007	0.6162726826955816	9.882425324239087	9.999999999999998	0.9999999999999999	419.6265633171992	9.999999999999998	8.64040376233131	0.5381494186810165	8.480801194356514	9.999999999999998	0.9999999999999999	340.00000000000006	9.999999999999998	6.128842999859588	0.38172212645207937	6.168409462946967	9.999999999999998	0.9999999999999999	317.00000000000006	9.999999999999998	8.955458997863046	0.5577719729640664	8.85964441864433	9.999999999999998	0.9999999999999999
6.5	5.0	354.05718886854095	9.999999999999998	7.9588217410611835	0.5451961295846526	8.575154740426372	9.999999999999998	0.9999999999999999	419.1733523984699	9.999999999999998	10.2978176299474	0.705422297128537	11.322645511607742	9.999999999999998	0.9999999999999999	340.00000000000006	9.999999999999998	6.592439355561766	0.4515960450063542	7.297531697566716	9.999999999999998	0.9999999999999999	317.00000000000006	9.999999999999998	11.265750180243732	0.7717277249028498	12.258115434367832	9.999999999999998	0.9999999999999999
7.0	5.0	359.14603113368565	9.999999999999998	10.496185606899877	0.720021442161463	11.559577426362742	9.999999999999998	0.9999999999999999	418.00000000000006	9.999999999999998	8.516794044386808	0.5842383662118528	9.177872555319466	9.999999999999998	0.9999999999999999	341.79712809213254	9.999999999999998	8.083106006040188	0.5544880646724788	8.909057758283657	9.999999999999998	0.9999999999999999	317.32822061110863	9.999999999999998	12.56817474264813	0.862156562626904	13.941061834967444	9.999999999999998	0.9999999999999999
7.5	5.0	357.5449446113896	9.999999999999998	6.393022536273473	0.48285843438635684	7.649175223302303	9.999999999999998	0.9999999999999999	423.99999999999994	9.999999999999998	9.245160528386329	0.698277491289639	11.022743861985907	9.999999999999998	0.9999999999999999	340.00000000000006	9.999999999999998	7.880424900416862	0.5952004092156037	9.618095421084641	9.999999999999998	0.9999999999999999	317.00000000000006	9.999999999999998	9.848071275620562	0.7438147215797619	11.814745569824767	9.999999999999998	0.9999999999999999
8.0	5.0	359.99999999999994	9.999999999999998	8.632248937362101	0.54562059622578	8.57483722194278	9.999999999999998	0.9999999999999999	423.99999999999994	9.999999999999998	7.345637815945333	0.46429746336989886	7.329223809067835	9.999999999999998	0.9999999999999999	340.00000000000006	9.999999999999998	8.439785927869742	0.5334555413539126	8.6203339584562	9.999999999999998	0.9999999999999999	317.00000000000006	9.999999999999998	11.126846135188995	0.7032971901583692	11.171165507515122	9.999999999999998	0.9999999999999999
8.5	5.0	351.61850549395405	9.999999999999998	6.87167915867644	0.43362634091712704	6.959361241849834	9.999999999999998	0.9999999999999999	420.8208199513137	9.999999999999998	8.787973381738533	0.5545510280102153	8.998588832421829	9.999999999999998	0.9999999999999999	340.00000000000006	9.999999999999998	8.333669403165263	0.5258829008547029	8.497964454364368	9.999999999999998	0.9999999999999999	317.00000000000006	9.999999999999998	11.34805894561626	0.7161011396881417	11.374543313296984	9.999999999999998	0.9999999999999999
9.0	5.0	359.99999999999994	9.999999999999998	8.121260950584013	0.614686420042605	9.660258485225858	9.999999999999998	0.9999999999999999	423.99999999999994	9.999999999999998	8.69964329320988	0.6584633376626432	10.394252720589375	9.999999999999998	0.9999999999999999	345.7739277855593	9.999999999999998	6.409914987073084	0.4851571350995755	7.881817492446499	9.999999999999998	0.9999999999999999	317.8303110858707	9.999999999999998	11.93409754099311	0.9032744716058885	14.349817203258018	9.999999999999998	0.9999999999999999
9.5	5.0	356.2848935497765	9.999999999999998	8.4509859513581	0.5789104193757679	9.103031538226192	9.999999999999998	0.9999999999999999	423.99999999999994	9.999999999999998	11.207919543834851	0.7677662039431737	12.119666346862827	9.999999999999998	0.9999999999999999	342.9932487314005	9.999999999999998	5.599485988978107	0.3835766383740251	6.026242185235046	9.999999999999998	0.9999999999999999	322.0297425875698	9.999999999999998	12.459718488820053	0.8535170803955324	13.414323725272938	9.999999999999998	0.9999999999999999
10.0	5.0	356.0799082287497	9.999999999999998	9.358728886940883	0.5827532428510184	9.154547925862719	9.999999999999998	0.9999999999999999	421.0250979863738	9.999999999999998	9.621537370129959	0.5991179113521969	9.625045454616368	9.999999999999998	0.9999999999999999	340.00000000000006	9.999999999999998	5.27369783649277	0.3283848216097997	5.306509370921497	9.999999999999998	0.9999999999999999	320.03586410643334	9.999999999999998	8.745188467090152	0.5445490514904692	8.570315858698413	9.999999999999998	0.9999999999999999
0.0	5.5	354.01099108487506	9.999999999999998	7.952924206843312	0.5938446670213156	9.347366087710332	9.999999999999998	0.9999999999999999	423.99999999999994	9.999999999999998	9.697384389212157	0.7241034685875833	11.430422952736699	9.999999999999998	0.9999999999999999	340.00000000000006	9.999999999999998	6.9521308157309925	0.5191154475990013	8.38860631185763	9.999999999999998	0.9999999999999999	317.00000000000006	9.999999999999998	10.674739132172975	0.7970825246932423	12.660850819681407	9.999999999999998	0.9999999999999999
0.5	5.5	359.99999999999994	9.999999999999998	10.36696792166965	0.7739212610780206	12.162753536522658	9.999999999999998	0.9999999999999999	419.8930057655014	9.999999999999998	10.959449916008527	0.8181515910731881	12.851682745236053	9.999999999999998	0.9999999999999999	340.00000000000006	9.999999999999998	6.5229049652234306	0.48695191059921406	7.868862099397788	9.999999999999998	0.9999999999999999	324.99999999999994	9.999999999999998	8.385192704105082	0.6259765594893497	10.172764358593104	9.999999999999998	0.9999999999999999
1.0	5.5	359.99999999999994	9.999999999999998	8.688465049157806	0.6542368179741707	10.281822675933025	9.999999999999998	0.9999999999999999	418.00000000000006	9.999999999999998	8.125309471358461	0.6118315011363522	9.611336515211068	9.999999999999998	0.9999999999999999	343.25510051128595	9.999999999999998	6.64509539242643	0.5003721647124887	7.893520648314562	9.999999999999998	0.9999999999999999	317.00000000000034	9.999999999999998	11.055905454588606	0.8325038270292008	13.223482430363275	9.999999999999998	0.9999999999999999
1.5	5.5	354.7266513685183	9.999999999999998	9.150418324612255	0.5778293911775618	9.163114830367645	9.999999999999998	0.9999999999999999	418.00000000000006	9.999999999999998	11.351301736130468	0.716810482163285	11.260464276367237	9.999999999999998	0.9999999999999999	340.00000000000006	9.999999999999998	4.258259931177587	0.26890002797903956	4.34526940470882	9.999999999999998	0.9999999999999999	317.00000000000006	9.999999999999998	8.498128625642906	0.5366386886046469	8.523963542053178	9.999999999999998	0.9999999999999999
2.0	5.5	359.28750491798087	9.999999999999998	6.8399057863903225	0.5155234371638351	8.214885901088207	9.999999999999998	0.9999999999999999	418.00000000000006	9.999999999999998	10.330792872894351	0.7786314631787867	12.231617692196414	9.999999999999998	0.9999999999999999	349.5385501391804	9.999999999999998	7.148064234576715	0.538749327601715	8.75678578409067	9.999999999999998	0.9999999999999999	324.14175989469965	9.999999999999998	11.27405188772322	0.8497248590012714	13.353077763071825	9.999999999999998	0.9999999999999999
2.5	5.5	352.7355841299009	9.999999999999998	11.005165650089658	0.7540535873534538	11.913102279794321	9.999999999999998	0.9999999999999999	420.51901988548207	9.999999999999998	10.851451208330872	0.7435213582238267	11.851283107940192	9.999999999999998	0.9999999999999999	340.00000000000006	9.999999999999998	4.876953595315432	0.3341598364649755	5.399830281114524	9.999999999999998	0.9999999999999999	322.4261839652241	9.999999999999998	11.775855817751909	0.806859851624362	12.713785726717944	9.999999999999998	0.9999999999999999
3.0	5.5	359.99999999999994	9.999999999999998	11.44877458276615	0.7780678662308632	12.227920549013113	9.999999999999998	0.9999999999999999	418.78859189163717	9.999999999999998	10.276005224259343	0.6983655237873403	11.213850329200982	9.999999999999998	0.9999999999999999	342.260562298086	9.999999999999998	7.612369626655357	0.5173427207911119	8.27108892844096	9.999999999999998	0.9999999999999999	317.9663488835099	9.999999999999998	9.99659637134935	0.6793766749443433	10.738878692569124	9.999999999999998	0.9999999999999999
3.5	5.5	352.2786191888854	9.999999999999998	10.391394108164192	0.6554245943817675	10.297817575623359	9.999999999999998	0.9999999999999999	418.00000000000006	9.999999999999998	16.12503309999592	1.0170669275890394	15.977229811466568	9.999999999999998	0.9999999999999999	340.00000000000006	9.999999999999998	5.979096640539372	0.3771242770318942	6.094110867431216	9.999999999999998	0.9999999999999999	319.5439014748626	9.999999999999998	11.339369039593523	0.7152169647267624	11.462387429881192	9.999999999999998	0.9999999999999999
4.0	5.5	350.6432916111275	9.999999999999998	12.784965772861572	0.6446630659092848	10.13840900870269	9.999999999999998	0.9999999999999999	418.00000000000006	9.999999999999998	12.236679712681573	0.6170165489900731	9.692789071473742	9.999999999999998	0.9999999999999999	340.00000000000006	9.999999999999998	7.296503149774661	0.36791542304596014	5.945301096832645	9.999999999999998	0.9999999999999999	322.75176650263546	9.999999999999998	12.798250539297419	0.6453329306873823	10.285418276465737	9.999999999999998	0.9999999999999999
4.5	5.5	351.12841400305115	9.999999999999998	12.621294894076575	0.7927221034908306	12.667511782055993	9.999999999999998	0.9999999999999999	418.00000000000006	9.999999999999998	12.889096432293588	0.8095422634249039	12.717199265829201	9.999999999999998	0.9999999999999999	340.00000000000006	9.999999999999998	10.272195388570767	0.645179151920323	10.425723085510022	9.999999999999998	0.9999999999999999	317.00000000000006	9.999999999999998	9.894739034771877	0.6214717591947269	9.871451183599271	9.999999999999998	0.9999999999999999
5.0	5.5	356.23932116304604	9.999999999999998	6.030512418764788	0.3809034527054209	5.986453098334441	9.999999999999998	0.9999999999999999	422.9960397353032	9.999999999999998	12.857638277994083	0.8121231619532048	12.973984230118456	9.999999999999998	0.9999999999999999	344.70678766012196	9.999999999999998	8.295213567584424	0.5239480941934527	8.233836330794823	9.999999999999998	0.9999999999999999	317.00000000000006	9.999999999999998	14.344460816860126	0.9060348893964784	14.391449086768077	9.999999999999998	0.9999999999999999
5.5	5.5	355.4154864708617	9.999999999999998	9.912241288126525	0.6265253748826778	10.038518946656612	9.999999999999998	0.9999999999999999	418.00000000000006	9.999999999999998	11.916542130825851	0.7532116913622886	11.832295361433008	9.999999999999998	0.9999999999999999	340.00000000000006	9.999999999999998	4.702774792271449	0.297249396384858	4.803378851935146	9.999999999999998	0.9999999999999999	317.00000000000006	9.999999999999998	12.226640036401703	0.7728121228786167	12.275340000927779	9.999999999999998	0.9999999999999999
6.0	5.5	359.7032890408865	9.999999999999998	9.366163153914801	0.5877226053714856	9.244615964076937	9.999999999999998	0.9999999999999999	418.00000000000006	9.999999999999998	9.240934317659525	0.5798645511499095	9.109163755041028	9.999999999999998	0.9999999999999999	342.31779994282476	9.999999999999998	9.117076862629999	0.5720925504951687	9.120133724808532	9.999999999999998	0.9999999999999999	320.76422128497376	9.999999999999998	10.16433264827001	0.6378073889740873	10.122220612862082	9.999999999999998	0.9999999999999999
6.5	5.5	352.54692451707103	9.999999999999998	11.250249783142495	0.7708462986681079	12.126178868458663	9.999999999999998	0.9999999999999999	423.99999999999994	9.999999999999998	8.071418562623254	0.5530386652678634	8.730058793336724	9.999999999999998	0.9999999999999999	340.00000000000006	9.999999999999998	5.826759977126872	0.3992388123084955	6.451469006286671	9.999999999999998	0.9999999999999999	321.64106478834236	9.999999999999998	11.276026916013924	0.7726125001167186	12.260175639150557	9.999999999999998	0.9999999999999999
7.0	5.5	357.9400456063573	9.999999999999998	7.798994284352491	0.5373878838194879	8.442731657809516	9.999999999999998	0.9999999999999999	423.1637125001112	9.999999999999998	11.373660788738917	0.7836994463252829	12.426018622827483	9.999999999999998	0.9999999999999999	341.0518585180062	9.999999999999998	9.87847168906796	0.6806737898256704	10.692049169654851	9.999999999999998	0.9999999999999999	317.00000000000006	9.999999999999998	11.679597170347614	0.8047799214098649	12.783116191847945	9.999999999999998	0.9999999999999999
7.5	5.5	359.99999999999994	9.999999999999998	10.904233557411084	0.9118879419851885	14.331003487155272	9.999999999999998	0.9999999999999999	423.99999999999994	9.999999999999998	9.261798610042456	0.7745360945476761	12.22653327446388	9.999999999999998	0.9999999999999999	341.27542279847245	9.999999999999998	6.949960739843583	0.5812041132984052	9.149598379396616	9.999999999999998	0.9999999999999999	319.2046526779758	9.999999999999998	9.17962895961064	0.7676644961880662	12.399895492961674	9.999999999999998	0.9999999999999999
8.0	5.5	359.99999999999994	9.999999999999998	7.348314315694522	0.5066908856258764	7.963027598551327	9.999999999999998	0.9999999999999999	420.2064997585684	9.999999999999998	8.87306409245458	0.6118274899616957	9.643879987199027	9.999999999999998	0.9999999999999999	340.00000000000006	9.999999999999998	7.329941100364204	0.5054239908868162	8.167360265866181	9.999999999999998	0.9999999999999999	317.84328357772205	9.999999999999998	10.49725677306173	0.7238210156069199	11.492728083216019	9.999999999999998	0.9999999999999999
8.5	5.5	359.99999999999994	9.999999999999998	9.050727169898284	0.7609729558904325	11.95926120127793	9.999999999999998	0.9999999999999999	423.99999999999994	9.999999999999998	7.4654581903628365	0.6276856742617613	9.908408189482158	9.999999999999998	0.9999999999999999	343.74693434006434	9.999999999999998	7.006231987910672	0.5890745533935262	9.501549086844479	9.999999999999998	0.9999999999999999	320.492048132262	9.999999999999998	10.010464010028745	0.8416663373614848	13.250365015124462	9.999999999999998	0.9999999999999999
9.0	5.5	353.0141304329591	9.999999999999998	9.458346409389584	0.6514190887715828	10.410035300374679	9.999999999999998	0.9999999999999999	418.00000000336684	9.999999999999998	10.261234201685303	0.7067159040292573	11.101887303256767	9.999999999999998	0.9999999999999999	340.00000000000006	9.999999999999998	4.23317697995566	0.29154909024626463	4.711265191525136	9.999999999999998	0.9999999999999999	317.00000000000006	9.999999999999998	11.316171175648428	0.7793719532524387	12.379536280726208	9.999999999999998	0.9999999999999999
9.5	5.5	359.99999999999994	9.999999999999998	8.987117757895838	0.6140555921936012	9.650344552068471	9.999999999999998	0.9999999999999999	418.00000000000006	9.999999999999998	8.60674160947258	0.5880659359580239	9.238000320558042	9.999999999999998	0.9999999999999999	340.7261512463121	9.999999999999998	8.03801544121703	0.5492070388731007	8.661134776925683	9.999999999999998	0.9999999999999999	317.00000000000006	9.999999999999998	11.15538705749351	0.7622051908377145	12.106859598881526	9.999999999999998	0.9999999999999999
10.0	5.5	357.1820075978797	9.999999999999998	9.073302442009552	0.5712148516945682	9.216222043566068	9.999999999999998	0.9999999999999999	420.58690815696133	9.999999999999998	10.621991222802786	0.668713423785142	10.695449473638122	9.999999999999998	0.9999999999999999	340.00000000000006	9.999999999999998	7.936716033221844	0.49966041591077204	8.0742242175237	9.999999999999998	0.9999999999999999	320.9970439166572	9.999999999999998	11.467983127616822	0.7219733193448591	11.589933642671589	9.999999999999998	0.9999999999999999
0.0	6.0	359.99999999999994	9.999999999999998	11.409666214166547	0.8597448942841374	13.511536353059968	9.999999999999998	0.9999999999999999	418.00000000000006	9.999999999999998	10.262309484993638	0.7732888953694476	12.147690635522277	9.999999999999998	0.9999999999999999	340.00000000000006	9.999999999999998	6.912074862873129	0.520840922137265	8.41648898548943	9.999999999999998	0.9999999999999999	317.00000000000006	9.999999999999998	10.748290602347323	0.8099087032166353	12.864581710574765	9.999999999999998	0.9999999999999999
0.5	6.0	359.99999999999994	9.999999999999998	9.539741050768185	0.7992739369681545	12.561189868293045	9.999999999999998	0.9999999999999999	418.00000000000006	9.999999999999998	8.050843353085302	0.6745287139860284	10.596254764998534	9.999999999999998	0.9999999999999999	340.00000000000006	9.999999999999998	8.107364633649153	0.6792642708736143	10.976518954356647	9.999999999999998	0.9999999999999999	317.00000000000006	9.999999999999998	8.954999604445936	0.7502821880911971	11.917474742960358	9.999999999999998	0.9999999999999999
1.0	6.0	348.59731740421347	9.999999999999998	6.127923537383092	0.46294425312555865	7.2719489923507155	9.999999999999998	0.9999999999999999	422.2922092295241	9.999999999999998	10.71542550230075	0.8095147770403823	12.849639121646911	9.999999999999998	0.9999999999999999	340.00000000000006	9.999999999999998	5.54234525419069	0.41870576037915247	6.766043662489663	9.999999999999998	0.9999999999999999	322.31895831545734	9.999999999999998	10.247807957296022	0.774187825945123	12.175384087249277	9.999999999999998	0.9999999999999999
1.5	6.0	358.9088746176497	9.999999999999998	10.804375289553377	0.8067624535736463	13.085942861195266	9.999999999999998	0.9999999999999999	423.99999999999994	9.999999999999998	10.31118608528723	0.7699360270708108	12.15391835249111	9.999999999999998	0.9999999999999999	340.00000000000006	9.999999999999998	6.978510034521254	0.521085183257403	8.420436104350193	9.999999999999998	0.9999999999999999	317.00000000000006	9.999999999999998	12.483215650815893	0.9321214246119989	14.805807350227909	9.999999999999998	0.9999999999999999
2.0	6.0	358.37373509942887	9.999999999999998	8.053404094216974	0.756252132649644	11.943486313070059	9.999999999999998	0.9999999999999999	419.62970064653575	9.999999999999998	8.350670618240935	0.7841668430166425	12.356959624851411	9.999999999999998	0.9999999999999999	342.5566734508761	9.999999999999998	7.245272367092319	0.6803648016589243	10.74600421436838	9.999999999999998	0.9999999999999999	319.6685147985658	9.999999999999998	8.835141030658628	0.8296608699287685	13.212114232516313	9.999999999999998	0.9999999999999999
2.5	6.0	349.39141257124413	9.999999999999998	9.592564775323902	0.7172771555806372	11.559358976052271	9.999999999999998	0.9999999999999999	418.00000000000006	9.999999999999998	11.360386169046187	0.8494647332059237	13.344346267693387	9.999999999999998	0.9999999999999999	340.00000000000006	9.999999999999998	3.0748156678934646	0.2299171376851016	3.7153283750464023	9.999999999999998	0.9999999999999999	319.925120735421	9.999999999999998	10.927453741929808	0.8170925212736699	12.891018518788034	9.999999999999998	0.9999999999999999
3.0	6.0	359.99999999999994	9.999999999999998	7.774332233373307	0.5859511226860474	9.208661718056458	9.999999999999998	0.9999999999999999	422.01108652876815	9.999999999999998	13.018170408128256	0.9811790050875165	15.44544574494722	9.999999999999998	0.9999999999999999	340.00000000000006	9.999999999999998	9.503660278658899	0.7162905112289893	11.574841649213887	9.999999999999998	0.9999999999999999	317.00000000000006	9.999999999999998	11.065615419008576	0.8340150103370002	13.24748605085223	9.999999999999998	0.9999999999999999
3.5	6.0	351.75657725899555	9.999999999999998	14.919058758933833	0.7498080377133468	11.946933589140471	9.999999999999998	0.9999999999999999	418.00000000000006	9.999999999999998	18.11230503536134	0.9102954895795574	14.29994412248824	9.999999999999998	0.9999999999999999	340.00000000000006	9.999999999999998	5.756137150853851	0.2892942491634142	4.674828259764927	9.999999999999998	0.9999999999999999	317.00000000000006	9.999999999999998	13.23164745846162	0.6650014439150116	10.562876258667115	9.999999999999998	0.9999999999999999
4.0	6.0	354.7148096996066	9.999999999999998	8.837743392529635	0.5580846364316697	8.845999465164217	9.999999999999998	0.9999999999999999	418.00000000000006	9.999999999999998	13.88883644218755	0.8770503840209991	13.777692658786949	9.999999999999998	0.9999999999999999	346.4070784084146	9.999999999999998	11.890771863841154	0.7508768695562085	11.835011652579656	9.999999999999998	0.9999999999999999	317.00000000000006	9.999999999999998	12.668683905461965	0.8000003550028145	12.707197607024229	9.999999999999998	0.9999999999999999
4.5	6.0	352.135206888563	9.999999999999998	12.847632927370775	0.8071268498535307	12.702922601604762	9.999999999999998	0.9999999999999999	418.00000000000006	9.999999999999998	10.774260451499805	0.6768713697597962	10.633055833493971	9.999999999999998	0.9999999999999999	340.00000000000006	9.999999999999998	6.413208680813624	0.40289701217808105	6.510583406865532	9.999999999999998	0.9999999999999999	317.00000000000006	9.999999999999998	12.316972209649535	0.7737891513174152	12.29085911084049	9.999999999999998	0.9999999999999999
5.0	6.0	355.6750974637572	9.999999999999998	11.048460554010198	0.7570200740610066	11.986686763190413	9.999999999999998	0.9999999999999999	420.7471561752097	9.999999999999998	10.347034141580844	0.7089596341390951	11.446927309773244	9.999999999999998	0.9999999999999999	340.0416999847578	9.999999999999998	9.244046822092706	0.6333849838785036	10.263962268865196	9.999999999999998	0.9999999999999999	317.00000000000006	9.999999999999998	10.083814071834235	0.6909242819993261	10.974634358538356	9.999999999999998	0.9999999999999999
5.5	6.0	354.353307203656	9.999999999999998	10.447078153689409	0.7156469588299149	11.247305503961226	9.999999999999998	0.9999999999999999	418.00000000000006	9.999999999999998	11.684851751835419	0.8004370693471151	12.574164649018206	9.999999999999998	0.9999999999999999	340.00000000000006	9.999999999999998	6.059975026525824	0.41512111180932315	6.708117808505271	9.999999999999998	0.9999999999999999	318.19547786359186	9.999999999999998	12.687712889360807	0.8691351792531176	13.667720365249364	9.999999999999998	0.9999999999999999
6.0	6.0	357.3441391603103	9.999999999999998	9.263024173275252	0.5773310250864049	9.227532227874327	9.999999999999998	0.9999999999999999	418.00000000000006	9.999999999999998	11.607874087094773	0.7234770978047412	11.365190963745377	9.999999999999998	0.9999999999999999	340.00000000000006	9.999999999999998	5.604899597835212	0.3493332598289471	5.645024053698657	9.999999999999998	0.9999999999999999	317.00000000000006	9.999999999999998	12.064316994295734	0.7519255447242718	11.943577803221151	9.999999999999998	0.9999999999999999
6.5	6.0	359.47786327280676	9.999999999999998	8.888248018313696	0.6702205761270903	10.598868614968817	9.999999999999998	0.9999999999999999	419.7850658521434	9.999999999999998	10.128210291389946	0.7637202430271022	12.004234485303716	9.999999999999998	0.9999999999999999	340.7148222770762	9.999999999999998	8.358593900995082	0.6302818742675178	9.942581653093844	9.999999999999998	0.9999999999999999	317.00000000000006	9.999999999999998	11.036420788353112	0.8322040838543532	13.218721312783199	9.999999999999998	0.9999999999999999
7.0	6.0	359.99999999999994	9.999999999999998	8.237537009137645	0.5652141592244959	8.882764771734807	9.999999999999998	0.9999999999999999	418.00000000000006	9.999999999999998	9.303729177425115	0.6383703598342011	10.02823871982282	9.999999999999998	0.9999999999999999	341.004513041755	9.999999999999998	8.679159452540276	0.5955158450033396	9.354839582189935	9.999999999999998	0.9999999999999999	317.00000000000006	9.999999999999998	9.27929169263589	0.6366935949949802	10.113234670626369	9.999999999999998	0.9999999999999999
7.5	6.0	353.4158354959281	9.999999999999998	5.137800780450847	0.3482771076224928	5.618743646630424	9.999999999999998	0.9999999999999999	423.99999999999994	9.999999999999998	9.564352618800289	0.6483406439252938	10.234459713293585	9.999999999999998	0.9999999999999999	340.00000000000006	9.999999999999998	6.331172704262256	0.4291724439158662	6.935179233365828	9.999999999999998	0.9999999999999999	317.00000000000006	9.999999999999998	11.369144383515081	0.7706824167062549	12.2415117694678	9.999999999999998	0.9999999999999999
8.0	6.0	354.9483722231197	9.999999999999998	11.702100158625276	0.739483652011253	11.850062697921974	9.999999999999998	0.9999999999999999	420.68969853386557	9.999999999999998	9.35066229619607	0.5908906785777597	9.506174112958044	9.999999999999998	0.9999999999999999	342.09590129849846	0.6852758994729234	7.095909941969991	0.4484074932791691	7.603777738815987	0.6852758994729234	0.32153996049884037	317.00000000000006	9.999999999999998	10.17766815906202	0.6431511538272446	10.215806470285482	9.999999999999998	0.9999999999999999
8.5	6.0	359.99999999999994	9.999999999999998	5.71555759594135	0.3901577819584795	6.13162240265543	9.999999999999998	0.9999999999999999	423.99999999999994	9.999999999999998	9.981579640984986	0.6813667621745334	10.755797500574525	9.999999999999998	0.9999999999999999	340.00000000000006	9.999999999999998	7.873718043587404	0.5374790326378583	8.68535125766453	9.999999999999998	0.9999999999999999	317.00000000000006	9.999999999999998	11.847663818998662	0.8087501804360575	12.846179746359399	9.999999999999998	0.9999999999999999
9.0	6.0	350.7340776268455	9.999999999999998	5.433214228984274	0.41210216004232275	6.4912466629246435	9.999999999999998	0.9999999999999999	423.9999999999611	9.999999999999998	9.180396936201296	0.6963210445986311	10.991860135914312	9.999999999999998	0.9999999999999999	340.00000000000006	9.999999999999998	4.209378960836384	0.31927586306893674	5.159313853115682	9.999999999999998	0.9999999999999999	317.00000000000006	9.999999999999998	8.065471256313574	0.6117553967879279	9.717116580679976	9.999999999999998	0.9999999999999999
9.5	6.0	359.99999999999994	9.999999999999998	6.850138246395484	0.4295417624261419	6.750571218001529	9.999999999999998	0.9999999999999999	423.99999999999994	9.999999999999998	11.16593961949915	0.7001665091689662	11.05256318237683	9.999999999999998	0.9999999999999999	340.1733243819746	9.999999999999998	9.253887758484812	0.5802702243512908	9.389362253687441	9.999999999999998	0.9999999999999999	317.00000000000006	9.999999999999998	7.657765940243314	0.48018451013741614	7.627245938068127	9.999999999999998	0.9999999999999999
10.0	6.0	356.3211000516734	9.999999999999998	10.674203868254528	0.6690191619658213	10.525416955960477	9.999999999999998	0.9999999999999999	422.9692549463391	9.999999999999998	9.685414564360814	0.6070455478568457	9.711393057723793	9.999999999999998	0.9999999999999999	340.98595655978795	9.999999999999998	7.352325194153076	0.460816235159356	7.239362233979262	9.999999999999998	0.9999999999999999	317.00000000000006	9.999999999999998	10.946218982576012	0.6860680516133782	10.897498043843525	9.999999999999998	0.9999999999999999
0.0	6.5	354.65086651339044	9.999999999999998	7.000486447429233	0.5309776984206862	8.397369713392065	9.999999999999998	0.9999999999999999	422.9348249310405	9.999999999999998	9.103947923147555	0.6905224874122637	11.067646103934287	9.999999999999998	0.9999999999999999	340.00000000000006	9.999999999999998	9.691569252671664	0.7350927931241182	11.878675683266062	9.999999999999998	0.9999999999999999	317.00000000000006	9.999999999999998	9.103349530276894	0.6904771000993104	10.967531325728123	9.999999999999998	0.9999999999999999
0.5	6.5	356.7146333999957	9.999999999999998	8.302973523712643	0.5710410256925215	9.095460828985686	9.999999999999998	0.9999999999999999	418.00000000000006	9.999999999999998	9.340042305560997	0.642365933475146	10.091005678966152	9.999999999999998	0.9999999999999999	340.00000000000006	9.999999999999998	7.297210980121848	0.5018692196094404	8.109917211700626	9.999999999999998	0.9999999999999999	317.00000000000006	9.999999999999998	12.241050677189945	0.8418841893561844	13.372480011387996	9.999999999999998	0.9999999999999999
1.0	6.5	359.99999999999994	9.999999999999998	8.908708035557707	0.612700710136113	9.629051563537145	9.999999999999998	0.9999999999999999	418.7514469699034	9.999999999999998	10.552165596565352	0.7257302999137637	11.628625044505542	9.999999999999998	0.9999999999999999	341.4355566070168	9.999999999999998	6.60577683978405	0.45431550170708906	7.180805852920935	9.999999999999998	0.9999999999999999	319.15979696981395	9.999999999999998	13.69424863889675	0.9418285830384465	15.169648697425627	9.999999999999998	0.9999999999999999
1.5	6.5	353.44823177518913	9.999999999999998	7.44704727568336	0.40261154468749455	6.482104642820308	9.999999999999998	0.9999999999999999	423.99999999999994	9.999999999999998	8.146977456986482	0.44045204187192927	6.952809021634586	9.999999999999998	0.9999999999999999	340.00000000000006	9.999999999999998	4.299241813295313	0.23243096536903038	3.7559503809486747	9.999999999999998	0.9999999999999999	317.5569303829922	9.999999999999998	12.965751923118662	0.7009706285666949	11.297191072888616	9.999999999999998	0.9999999999999999
2.0	6.5	359.99999999999994	9.999999999999998	6.189359735590239	0.5132716476084022	8.066449212740462	9.999999999999998	0.9999999999999999	423.99999999999994	9.999999999999998	11.70151318414911	0.9703838859136689	15.318112291533401	9.999999999999998	0.9999999999999999	342.47921982194407	9.999999999999998	10.873997249767829	0.9017595878914143	14.278785187381901	9.999999999999998	0.9999999999999999	317.00000000000006	9.999999999999998	12.239839849189813	1.0150262764226814	16.12266718404098	9.999999999999998	0.9999999999999999
2.5	6.5	356.116352027774	9.999999999999998	8.743043651972712	0.5460661857011831	8.577602965098237	9.999999999999998	0.9999999999999999	419.5395400370379	9.999999999999998	8.467909496880676	0.5288820717235151	8.353786913966102	9.999999999999998	0.9999999999999999	340.00000000000006	9.999999999999998	8.778034031731572	0.5482515874870755	8.859429532585722	9.999999999999998	0.9999999999999999	317.00000000000006	9.999999999999998	9.626723616593305	0.6012583781308807	9.550382041719365	9.999999999999998	0.9999999999999999
3.0	6.5	348.15443677006436	9.999999999999998	7.6507744948056535	0.579347889694604	9.16815237463689	9.999999999999998	0.9999999999999999	418.00000000000006	9.999999999999998	11.53116761633876	0.8731871039691804	13.717003915952414	9.999999999999998	0.9999999999999999	340.00000000000006	9.999999999999998	6.2357708103999325	0.47219803198711086	7.630447928094848	9.999999999999998	0.9999999999999999	317.00000000000006	9.999999999999998	12.524322471554244	0.9483928455447145	15.064262436961414	9.999999999999998	0.9999999999999999
3.5	6.5	350.2511834279494	9.999999999999998	19.041305925733127	0.7555149461982162	11.890476487588561	9.999999999999998	0.9999999999999999	418.00000000000006	9.999999999999998	15.290893579188436	0.6067072649775942	9.530839257365137	9.999999999999998	0.9999999999999999	340.00000000000006	9.999999999999998	7.62057280816139	0.3023666904787661	4.886071373867087	9.999999999999998	0.9999999999999999	317.00000000000006	9.999999999999998	13.408059222198876	0.5320007556935493	8.450294662257203	9.999999999999998	0.9999999999999999
4.0	6.5	349.2647122138336	9.999999999999998	10.825664936843483	0.7360634143463703	11.775138901962597	9.999999999999998	0.9999999999999999	418.00000000000006	9.999999999999998	10.062714890370183	0.684188576222422	10.748002732326334	9.999999999999998	0.9999999999999999	340.00000000000006	9.999999999999998	7.41058399618832	0.5038637155645609	8.142147116311406	9.999999999999998	0.9999999999999999	318.64676037244664	9.999999999999998	10.241586071327983	0.6963504649333759	10.973407608276304	9.999999999999998	0.9999999999999999
4.5	6.5	350.87707666185077	9.999999999999998	16.63387692996416	1.0362472779592327	16.384855380190945	9.999999999999998	0.9999999999999999	418.00000000000006	9.999999999999998	13.147640443306443	0.8190638104590315	12.866774422584683	9.999999999999998	0.9999999999999999	340.00000000000006	9.999999999999998	3.3471620298516442	0.20851949049076798	3.369554734243587	9.999999999999998	0.9999999999999999	317.00000000000006	9.999999999999998	11.323244868613791	0.7054087103187539	11.20470487254344	9.999999999999998	0.9999999999999999
5.0	6.5	354.2588378566818	9.999999999999998	11.08754453931817	0.7533430984855611	11.833685740146873	9.999999999999998	0.9999999999999999	418.65686586117886	9.999999999999998	12.572796423526865	0.8542585223211532	13.620944947359275	9.999999999999998	0.9999999999999999	340.00000000000006	9.999999999999998	9.293798052570038	0.6314670120867663	10.204142812203067	9.999999999999998	0.9999999999999999	317.00000000000006	9.999999999999998	10.285145012362994	0.6988240709663325	11.100114527178015	9.999999999999998	0.9999999999999999
5.5	6.5	359.99999999999994	9.999999999999998	8.597164406396635	0.5423830010799044	8.523955984030442	9.999999999999998	0.9999999999999999	418.00000000000006	9.999999999999998	13.440610087180676	0.8479491714740118	13.320538121516005	9.999999999999998	0.9999999999999999	347.7814395068836	9.999999999999998	10.540240881496237	0.6649689608305575	10.715723256396274	9.999999999999998	0.9999999999999999	317.00000000000006	9.999999999999998	12.613020016733023	0.7957376788405396	12.639489301659053	9.999999999999998	0.9999999999999999
6.0	6.5	355.3953220081444	9.999999999999998	11.593030945579791	0.7279682286055964	11.677127523197974	9.999999999999998	0.9999999999999999	418.00000000000006	9.999999999999998	12.088445862917562	0.7590771182041938	11.924436075139639	9.999999999999998	0.9999999999999999	340.00000000000006	9.999999999999998	9.825837576253386	0.6169997827598961	9.97036072806786	9.999999999999998	0.9999999999999999	317.00000000000006	9.999999999999998	10.003520846658084	0.6281571562040406	9.977641962575188	9.999999999999998	0.9999999999999999
6.5	6.5	358.12164002432786	9.999999999999998	7.119220824324895	0.5980131417187686	9.398605354931961	9.999999999999998	0.9999999999999999	423.99999999999994	9.999999999999998	8.916330437473363	0.7489699939208954	11.8229564983626	9.999999999999998	0.9999999999999999	340.00000000000006	9.999999999999998	7.3662598782019675	0.6187643734029283	9.998875495398421	9.999999999999998	0.9999999999999999	319.9146233246958	9.999999999999998	11.302743113205283	0.9494281868703	14.983045807648045	9.999999999999998	0.9999999999999999
7.0	6.5	359.1220574760533	9.999999999999998	7.72271129699591	0.7228344886247219	11.621172410340254	9.999999999999998	0.9999999999999999	421.9473267491297	9.999999999999998	6.971034671028329	0.6524786552072811	10.260685700656971	9.999999999999998	0.9999999999999999	343.31861181166647	9.999999999999998	8.078854063323485	0.7561689309566431	11.950464310727284	9.999999999999998	0.9999999999999999	317.00000000000006	9.999999999999998	7.758222468164429	0.726158282337177	11.5342908661626	9.999999999999998	0.9999999999999999
7.5	6.5	359.99999999999994	9.999999999999998	9.119426617588019	0.7631651397607853	11.993713016291645	9.999999999999998	0.9999999999999999	423.18364572555043	9.999999999999998	10.706290292810717	0.8959628571246154	14.195366536435735	9.999999999999998	0.9999999999999999	340.00000000000006	9.999999999999998	6.166763833835276	0.5160696368830922	8.339387766899332	9.999999999999998	0.9999999999999999	319.6043560092918	9.999999999999998	9.841676183177796	0.8236070637741257	13.15684054220685	9.999999999999998	0.9999999999999999
8.0	6.5	359.9999999999976	9.999999999999998	5.160865905008003	0.43432622454594266	6.825762631514059	9.999999999999998	0.9999999999999999	423.99999999999994	9.999999999999998	9.664770816021996	0.8133641712239243	12.839458578794371	9.999999999999998	0.9999999999999999	343.91941598923796	9.999999999999998	7.7916025887427995	0.6557227794365267	10.628682354069678	9.999999999999998	0.9999999999999999	322.17652396565774	9.999999999999998	9.930824284874609	0.8357545996483435	13.128476408601552	9.999999999999998	0.9999999999999999
8.5	6.5	354.80609371458	9.999999999999998	9.392515165719345	0.7109058011486161	11.310895235577306	9.999999999999998	0.9999999999999999	418.00000000000006	9.999999999999998	11.442677883086143	0.8660796330093435	13.605351778002333	9.999999999999998	0.9999999999999999	343.85694651751163	1.3747942753276474	6.050693156117069	0.4579681575977968	2.3895327452396797	1.3747942753276474	0.031209963075197248	317.54967767957316	9.999999999999998	10.900698836420043	0.8250580278718641	13.303135976907992	9.999999999999998	0.9999999999999999
9.0	6.5	359.99999999999994	9.999999999999998	4.211731965835281	0.35041062011408275	5.506965919363728	9.999999999999998	0.9999999999999999	418.00000000000006	9.999999999999998	10.21208441695331	0.8496321376168791	13.346976044232896	9.999999999999998	0.9999999999999999	348.26164907988374	9.999999999999998	5.901064899565223	0.49096092238623895	7.744436794474464	9.999999999999998	0.9999999999999999	324.75423172563836	9.999999999999998	8.855094579776743	0.7367323486011633	11.809324077362385	9.999999999999998	0.9999999999999999
9.5	6.5	359.99999999999994	9.999999999999998	7.117419226484943	0.5385807154171085	8.464200210778236	9.999999999999998	0.9999999999999999	423.99999999999994	9.999999999999998	8.249764810826507	0.6242661971215876	9.854429619174187	9.999999999999998	0.9999999999999999	342.4594707866831	9.999999999999998	8.347873548183319	0.6316901625046689	10.009595022891133	9.999999999999998	0.9999999999999999	320.41498939611665	9.999999999999998	11.355246684432377	0.8592604550090116	13.510902937206245	9.999999999999998	0.9999999999999999
10.0	6.5	356.83632320754833	9.999999999999998	11.652164996156388	0.7315103179573957	11.72437566996935	9.999999999999998	0.9999999999999999	423.99999999999994	9.999999999999998	8.59497667478556	0.53958334114585	8.517658145704456	9.999999999999998	0.9999999999999999	340.00000000000006	9.999999999999998	5.541509897026225	0.3478899988178045	5.621701787941155	9.999999999999998	0.9999999999999999	317.00000000000006	9.999999999999998	9.710856542283432	0.6096370725292354	9.683469139422447	9.999999999999998	0.9999999999999999
0.0	7.0	353.3564240663011	9.999999999999998	6.099497836793806	0.4605808613288519	7.459838937288999	9.999999999999998	0.9999999999999999	418.00000000000006	9.999999999999998	9.056768891699473	0.6838881705691321	10.743283622866494	9.999999999999998	0.9999999999999999	340.00000000000006	9.999999999999998	6.211517439877889	0.46903960443438325	7.579409559988297	9.999999999999998	0.9999999999999999	317.00000000000006	9.999999999999998	10.097644786471777	0.7624860369801589	12.111320556188474	9.999999999999998	0.9999999999999999
0.5	7.0	359.99999999999994	9.999999999999998	7.061699068053781	0.44614079539392043	7.0114374806113515	9.999999999999998	0.9999999999999999	423.3397253113665	9.999999999999998	9.908664880769914	0.6260050999903113	9.870750787538972	9.999999999999998	0.9999999999999999	340.00000000000006	9.999999999999998	5.984780268874881	0.37810371182378255	6.109937968927209	9.999999999999998	0.9999999999999999	317.00000000000006	9.999999999999998	10.71086939633101	0.6766864101384735	10.748480144845905	9.999999999999998	0.9999999999999999
1.0	7.0	359.2870009368409	9.999999999999998	7.165635355216151	0.5426111727883277	8.64673669143412	9.999999999999998	0.9999999999999999	423.99999999999994	9.999999999999998	9.448145052423053	0.7154521285872582	11.293856177957212	9.999999999999998	0.9999999999999999	342.1148815126355	9.999999999999998	7.567588307601554	0.5730486918759837	9.239328257712863	9.999999999999998	0.9999999999999999	317.00000000000006	9.999999999999998	10.73547372064138	0.8129339126578784	12.912634106966982	9.999999999999998	0.9999999999999999
1.5	7.0	349.89960011207114	9.999999999999998	7.5161408683288204	0.517897935099684	8.24125535452676	9.999999999999998	0.9999999999999999	423.99999999999994	9.999999999999998	7.147772553891108	0.49251560223158525	7.774664655743074	9.999999999999998	0.9999999999999999	340.00000000000006	9.999999999999998	5.25256521080237	0.3619267818826589	5.848528108676983	9.999999999999998	0.9999999999999999	317.00000000000006	9.999999999999998	11.685422208368102	0.8051812942972996	12.789491594762257	9.999999999999998	0.9999999999999999
2.0	7.0	359.99999999999994	9.999999999999998	9.091652534408444	0.6261639987633336	9.840637250091174	9.999999999999998	0.9999999999999999	423.99999998812723	9.999999999999998	9.142326874650383	0.62965406257742	9.939480418200546	9.999999999999998	0.9999999999999999	347.106393776519	9.999999999999998	5.103156394932572	0.35146666708524504	5.557437734585898	9.999999999999998	0.9999999999999999	317.00000000000006	9.999999999999998	10.95953485732683	0.7548095513855249	11.989387336073657	9.999999999999998	0.9999999999999999
2.5	7.0	356.8798819908715	9.999999999999998	6.756062997246024	0.568707733803931	9.137918375051672	9.999999999999998	0.9999999999999999	418.00000000000006	9.999999999999998	10.57727605357505	0.8903674664814855	13.986892349699932	9.999999999999998	0.9999999999999999	343.8524687237753	9.999999999999998	6.262221962631248	0.5271374856032198	8.563485280065242	9.999999999999998	0.9999999999999999	317.00000000000006	9.999999999999998	9.81069973786642	0.825839074802466	13.117619572906415	9.999999999999998	0.9999999999999999
3.0	7.0	359.26141307025324	9.999999999999998	9.118705048135238	0.6181314447829723	9.86239689568494	9.999999999999998	0.9999999999999999	418.00000000000006	9.999999999999998	13.289581045181068	0.9008634327631939	14.151774778601423	9.999999999999998	0.9999999999999999	343.21988516562953	9.999999999999998	7.950389726726326	0.5389346253034063	8.494467443866569	9.999999999999998	0.9999999999999999	318.9076252264537	9.999999999999998	12.847624904316124	0.8709044652956125	13.842277986554121	9.999999999999998	0.9999999999999999
3.5	7.0	350.4773880844406	9.999999999999998	18.137048136717382	0.9041231616085899	14.201958798877463	9.999999999999998	0.9999999999999999	418.00000000000006	9.999999999999998	18.976650114309443	0.9459769180055085	14.860468082611709	9.999999999999998	0.9999999999999999	340.00000000000006	9.999999999999998	6.204510874570532	0.30929189501323523	4.997978686079509	9.999999999999998	0.9999999999999999	323.55789627802613	9.999999999999998	13.660654656673156	0.6809770909098897	10.795824113599965	9.999999999999998	0.9999999999999999
4.0	7.0	351.7035248790184	9.999999999999998	12.095403550971314	0.7536876271767947	12.040173412463632	9.999999999999998	0.9999999999999999	418.00000000000006	9.999999999999998	18.45517575681981	1.1499771435217008	18.065132786821028	9.999999999999998	0.9999999999999999	340.00000000000006	9.999999999999998	3.8400002634543644	0.23927772849619164	3.8665901252482224	9.999999999999998	0.9999999999999999	322.92935966768135	9.999999999999998	13.304330837614271	0.8290181884316974	13.34143592587852	9.999999999999998	0.9999999999999999
4.5	7.0	351.6480248933044	9.999999999999998	12.652256160413142	0.5610725005631667	8.989740445126946	9.999999999999998	0.9999999999999999	418.00000000000006	9.999999999999998	13.214147299515284	0.5859899273416987	9.205388045147377	9.999999999999998	0.9999999999999999	341.7169788348673	9.999999999999998	6.586403553067767	0.29207833483488277	4.671810053717015	9.999999999999998	0.9999999999999999	319.4111178861135	9.999999999999998	13.854822557348708	0.6144010869328441	9.926462993665949	9.999999999999998	0.9999999999999999
5.0	7.0	355.25572733617776	9.999999999999998	12.507340997849404	0.7857486897941763	12.713894364038866	9.999999999999998	0.9999999999999999	418.3334582014228	9.999999999999998	13.36106652916013	0.8393822892767989	13.229490306657885	9.999999999999998	0.9999999999999999	340.00000000000006	9.999999999999998	11.529451516212692	0.7243147383978187	11.704508533502443	9.999999999999998	0.9999999999999999	317.00000000000006	9.999999999999998	10.782782716022735	0.6774067639882037	10.759922238162813	9.999999999999998	0.9999999999999999
5.5	7.0	359.99999999999994	9.999999999999998	8.762105428552578	0.6559433894616188	10.308642727840342	9.999999999999998	0.9999999999999999	418.00000000000006	9.999999999999998	10.658933700617437	0.7979425900133955	12.53497856549343	9.999999999999998	0.9999999999999999	340.00000000000006	9.999999999999998	10.211762568000516	0.7644667375724614	12.353341688570275	9.999999999999998	0.9999999999999999	317.00000000000006	9.999999999999998	9.838191823210568	0.7365007124499243	11.698569922237587	9.999999999999998	0.9999999999999999
6.0	7.0	353.68606086390406	9.999999999999998	10.17804736733331	0.7687374773068553	12.222593288664035	9.999999999999998	0.9999999999999999	423.81722061987136	9.999999999999998	7.800393531470627	0.5891557220129677	9.264981960223242	9.999999999999998	0.9999999999999999	340.00000000000006	9.999999999999998	5.680293043065206	0.42902670686172173	6.932824206602663	9.999999999999998	0.9999999999999999	317.00000000000006	9.999999999999998	9.924839553531191	0.7496129508636634	11.90684458555722	9.999999999999998	0.9999999999999999
6.5	7.0	359.99999999999994	9.999999999999998	9.11980911762609	0.7662418292507619	12.042065501042961	9.999999999999998	0.9999999999999999	418.00000000000006	9.999999999999998	8.912047711223725	0.7487858191483378	11.762768788932904	9.999999999999998	0.9999999999999999	345.4399230824777	9.999999999999998	5.725443642346502	0.4810489291168075	7.6752833304953825	9.999999999999998	0.9999999999999999	322.5318979604861	9.999999999999998	10.134736481652379	0.851515521927631	13.455048797355415	9.999999999999998	0.9999999999999999
7.0	7.0	358.9897828261566	9.999999999999998	5.17022344400998	0.4292555131734396	6.960655272244071	9.999999999999998	0.9999999999999999	420.195825870978	9.999999999999998	10.444606866915404	0.867158862494986	13.665157447161137	9.999999999999998	0.9999999999999999	346.3304431096348	9.999999999999998	5.728960818846283	0.4756444364302107	7.512048428134178	9.999999999999998	0.9999999999999999	317.00000000000006	9.999999999999998	12.119171188978845	1.0061888241965575	15.982293181607446	9.999999999999998	0.9999999999999999
7.5	7.0	352.86868929994614	9.999999999999998	6.94179296400703	0.5238154023964858	8.314762542157949	9.999999999999998	0.9999999999999999	423.99999999999994	9.999999999999998	10.218317584740811	0.7710561471969412	12.171600144327458	9.999999999999998	0.9999999999999999	342.4833333459371	3.2488380469303455	10.847379088526573	0.8185240141365325	4.48977514815945	3.2488380469303455	0.9999999999999999	324.99999999999994	9.999999999999998	10.180181864810827	0.7681784933135166	12.483692367318504	9.999999999999998	0.9999999999999999
8.0	7.0	350.66402221023486	9.999999999999998	8.912332413610438	0.6142464483918708	9.662984192859227	9.999999999999998	0.9999999999999999	423.39219160576107	9.999999999999998	8.544569884009693	0.5888999041680614	9.274714085780726	9.999999999999998	0.9999999999999999	340.00000000000006	9.999999999999998	3.410640297050926	0.2350645815237316	3.7985080994687412	9.999999999999998	0.9999999999999999	317.00000000000006	9.999999999999998	11.574352725985351	0.7977154267174791	12.670903829080176	9.999999999999998	0.9999999999999999
8.5	7.0	349.2088281472128	9.999999999999998	3.8792550837777178	0.24519699177830837	3.9113202082898533	9.999999999999998	0.9999999999999999	418.00000000000006	9.999999999999998	10.36779550584788	0.655319697855742	10.294497961350146	9.999999999999998	0.9999999999999999	340.00000000000006	9.999999999999998	8.303687601809667	0.5248531423326303	8.481324150405198	9.999999999999998	0.9999999999999999	320.9844049612389	9.999999999999998	10.173675250191778	0.64304989303441	10.315460000597692	9.999999999999998	0.9999999999999999
9.0	7.0	359.99999999999994	9.999999999999998	6.874538303564981	0.5774598583505456	9.0752151253342	9.999999999999998	0.9999999999999999	423.99999999999994	9.999999999999998	9.820125896668195	0.8248886338059718	13.021379377865722	9.999999999999998	0.9999999999999999	340.00000000000006	9.999999999999998	7.4687186795190295	0.6273708924566712	10.13795188079838	9.999999999999998	0.9999999999999999	317.00000000000006	9.999999999999998	9.765174323164265	0.820272712495989	13.029203529915478	9.999999999999998	0.9999999999999999
9.5	7.0	355.0508078669673	9.999999999999998	5.675691695897286	0.47221016505054103	7.613340061751975	9.999999999999998	0.9999999999999999	418.910181625081	9.999999999999998	10.767854067363565	0.8958714494773198	14.495643824957456	9.999999999999998	0.9999999999999999	340.00000000000006	9.999999999997708	7.745751950028876	0.6444364850556672	10.41372201719575	9.999999999997708	0.9999999999999999	323.71563500998377	9.999999999999998	9.652442292107724	0.8030706409214898	12.667386327973903	9.999999999999998	0.9999999999999999
10.0	7.0	359.99999999999994	9.999999999999998	9.315950263667503	0.701486122396067	11.024380961068081	9.999999999999998	0.9999999999999999	418.00000000000006	9.999999999999998	6.550779193301717	0.49327020485540757	7.7488424884743745	9.999999999999998	0.9999999999999999	340.00000000000006	9.999999999999998	8.302440167673454	0.6251693487845859	10.10237620446491	9.999999999999998	0.9999999999999999	317.80224164228156	9.999999999999998	10.856951585974377	0.8175227060614135	13.003300522709779	9.999999999999998	0.9999999999999999
0.0	7.5	358.1151252259202	9.999999999999998	8.688513323074957	0.5889699540733271	9.255936569325865	9.999999999999998	0.9999999999999999	422.67484081854565	9.999999999999998	7.4997578534706735	0.5083875542653167	8.241915009968567	9.999999999999998	0.9999999999999999	347.8257225719395	9.999999999999998	7.032255287322384	0.47669686626438335	7.6610360219565194	9.999999999999998	0.9999999999999999	317.00000000000006	9.999999999999998	13.2565440834482	0.898623949768692	14.27373379612464	9.999999999999998	0.9999999999999999
0.5	7.5	355.85621543204223	9.999999999999998	7.102152350761301	0.48914233127019313	7.70531187887002	9.999999999999998	0.9999999999999999	418.00000000000006	9.999999999999998	9.797667203330246	0.6747889287861801	10.60034251138925	9.999999999999998	0.9999999999999999	340.00000000000006	9.999999999999998	5.120479375254149	0.35265974244614395	5.698778094746686	9.999999999999998	0.9999999999999999	320.31705812711203	9.999999999999998	10.307133250746976	0.7098770820429485	11.152393635940527	9.999999999999998	0.9999999999999999
1.0	7.5	359.99999999999994	9.999999999999998	10.38873179676924	0.6563345481418414	10.31479008011051	9.999999999999998	0.9999999999999999	423.22412722867745	9.999999999999998	8.514760073510393	0.5379416193150348	8.510820212011158	9.999999999999998	0.9999999999999999	343.7592422727348	9.999999999999998	7.19158531387573	0.45434668925364063	7.33423967344302	9.999999999999998	0.9999999999999999	317.00000000000006	9.999999999999998	10.022485553088291	0.6331960103917632	10.057679071903907	9.999999999999998	0.9999999999999999
1.5	7.5	359.99999999999994	9.999999999999998	8.246524298003854	0.41669818869392344	6.548724816191176	9.999999999999998	0.9999999999999999	421.4132890497071	9.999999999999998	6.215964843577912	0.31409369544099935	4.960209696859452	9.999999999999998	0.9999999999999999	340.00000000000006	9.999999999999998	5.538133623294772	0.27984277571709265	4.522097898580584	9.999999999999998	0.9999999999999999	323.39527612661146	9.999999999999998	9.712737251932055	0.49078616322270024	7.837058347357104	9.999999999999998	0.9999999999999999
2.0	7.5	359.99999999999994	9.999999999999998	8.630264947585484	0.7191993768027212	11.302758049943714	9.999999999999998	0.9999999999999999	418.00000000000006	9.999999999999998	9.331483940367956	0.7776351566628146	12.215966590251645	9.999999999999998	0.9999999999999999	340.00000000000006	9.999999999999998	7.385779748665675	0.6154907438767131	9.945975529825626	9.999999999999998	0.9999999999999999	317.00000000000006	9.999999999999998	10.131561026961617	0.8443092327852728	13.410999376868698	9.999999999999998	0.9999999999999999
2.5	7.5	359.99999999999994	9.999999999999998	6.950458114747381	0.5243464750931337	8.240498439620039	9.999999999999998	0.9999999999999999	418.00000000000006	9.999999999999998	9.897330785000555	0.7466602091931921	11.729377319972835	9.999999999999998	0.9999999999999999	346.49742764833763	9.999999999999998	10.691266071651427	0.8065551344103009	12.689974065294692	9.999999999999998	0.9999999999999999	323.5722442453859	9.999999999999998	11.213037779337915	0.8459178859314183	13.403472460803686	9.999999999999998	0.9999999999999999
3.0	7.5	353.70622051934936	9.999999999999998	14.948630233446229	0.939117804669086	14.918668700972912	9.999999999999998	0.9999999999999999	418.00000000000006	9.999999999999998	15.621548470719436	0.9813925474275144	15.416816573398306	9.999999999999998	0.9999999999999999	340.00000000000006	9.999999999999998	6.594352705778643	0.4142770233495028	6.694477825694964	9.999999999999998	0.9999999999999999	320.77631613600107	9.999999999999998	12.863593103635766	0.808129516015048	12.831609110151339	9.999999999999998	0.9999999999999999
3.5	7.5	349.50659073360407	9.999999999999998	22.097266431235393	0.8329299380888383	13.52722160493009	9.999999999999998	0.9999999999999999	418.00000000000006	9.999999999999998	19.105481402240855	0.7201581920119994	11.313053863290301	9.999999999999998	0.9999999999999999	340.00000000000006	9.999999999999998	7.519806307419807	0.2834500738618765	4.580389756636522	9.999999999999998	0.9999999999999999	317.00000000000006	9.999999999999998	13.433689699092566	0.5063668107632204	8.043125338343442	9.999999999999998	0.9999999999999999
4.0	7.5	351.7847802745146	9.999999999999998	17.08179808462839	0.8046590276877958	12.804215151689043	9.999999999999998	0.9999999999999999	418.00000000000006	9.999999999999998	14.484071091458889	0.6822899148949734	10.71817642735081	9.999999999999998	0.9999999999999999	340.00000000000006	9.999999999999998	8.478690305236437	0.39939909506464083	6.454059083207135	9.999999999999998	0.9999999999999999	317.00000000000006	9.999999999999998	12.702640203331864	0.5983734302701358	9.504557558863581	9.999999999999998	0.9999999999999999
4.5	7.5	359.99999999999994	9.999999999999998	11.612986408483458	0.723458854807968	11.369698944034015	9.999999999999998	0.9999999999999999	418.63658941322234	9.999999999999998	14.717431728885753	0.9168577254612144	14.604969249123794	9.999999999999998	0.9999999999999999	340.00000000000006	9.999999999999998	12.120688643104813	0.7550873837946456	12.20177673964487	9.999999999999998	0.9999999999999999	317.00000000000006	9.999999999999998	12.387542956526811	0.7717117135921742	12.257861110869811	9.999999999999998	0.9999999999999999
5.0	7.5	351.3374063237661	9.999999999999998	10.70182146650531	0.6750044239318638	10.921531136398283	9.999999999999998	0.9999999999999999	423.99999999999994	9.999999999999998	9.833313544890636	0.6202243389580474	9.790626377885545	9.999999999999998	0.9999999999999999	340.00000000000006	9.999999999999998	7.666042178063609	0.4835263231064694	7.81350658070466	9.999999999999998	0.9999999999999999	317.00000000000006	9.999999999999998	13.396358978802608	0.8449591131353433	13.42132206982455	9.999999999999998	0.9999999999999999
5.5	7.5	350.25508519830095	9.999999999999998	11.305798548206688	0.9417245545260909	14.820083628096105	9.999999999999998	0.9999999999999999	423.15924160217713	9.999999999999998	9.500916458007838	0.7913856133962549	12.55005249384398	9.999999999999998	0.9999999999999999	340.00000000000006	9.999999999999998	5.594674773836661	0.46601242598165643	7.530492101659682	9.999999999999998	0.9999999999999999	317.00000000000006	9.999999999999998	8.487960340083161	0.7070107110096909	11.230151035434524	9.999999999999998	0.9999999999999999
6.0	7.5	353.08400181050484	9.999999999999998	8.034405198236126	0.6729939627301271	10.795798919557102	9.999999999999998	0.9999999999999999	423.99999999999994	9.999999999999998	8.36344567341357	0.7005557109646932	11.05870697443434	9.999999999999998	0.9999999999999999	343.1822237893234	9.999999999999998	6.18096573172165	0.5177424487134039	8.153747840923819	9.999999999999998	0.9999999999999999	317.00000000000006	9.999999999999998	8.808932400977337	0.7378714637465713	11.720342922071465	9.999999999999998	0.9999999999999999
6.5	7.5	350.73001383617003	9.999999999999998	7.799573773563426	0.49033687143568383	7.722910015263423	9.999999999999998	0.9999999999999999	423.99999999999994	9.999999999999998	12.069973628269	0.7588046833093401	11.978203178147174	9.999999999999998	0.9999999999999999	340.00000000000006	9.999999999999998	6.838978234202778	0.42994698024936345	6.947695293918426	9.999999999999998	0.9999999999999999	317.00000000000006	9.999999999999998	10.99766637280108	0.6913917963838917	10.982060352329047	9.999999999999998	0.9999999999999999
7.0	7.5	357.01216173449416	9.999999999999998	7.502017504324302	0.473625157617312	7.674936977381084	9.999999999999998	0.9999999999999999	423.99999999999994	9.999999999999998	11.068069300655589	0.6987608418696282	11.030373851073659	9.999999999999998	0.9999999999999999	340.00000000000006	9.999999999999998	6.534863783805726	0.41256580484230965	6.666825521305254	9.999999999999998	0.9999999999999999	317.00000000000006	9.999999999999998	10.736473935570842	0.6778262190214536	10.76658485769971	9.999999999999998	0.9999999999999999
7.5	7.5	353.6227049654501	9.999999999999998	6.094360443851706	0.41904430547376265	6.682103384926664	9.999999999999998	0.9999999999999999	423.99999999999994	9.999999999999998	10.17162096730853	0.6993941174070604	11.040370498724846	9.999999999999998	0.9999999999999999	340.00000000000006	9.999999999999998	2.01885173088777	0.13881494690354987	2.2431695014300717	9.999999999999998	0.9999999999999999	321.5960298907056	9.999999999999998	12.159294278632515	0.8360652562289835	13.292052941512596	9.999999999999998	0.9999999999999999
8.0	7.5	358.504048493238	9.999999999999998	5.737256893548236	0.43465255029300887	6.895287700576689	9.999999999999998	0.9999999999999999	423.99999999999994	9.999999999999998	10.863549797826307	0.8230186851438059	12.991861076910538	9.999999999999998	0.9999999999999999	341.064552175792	9.999999999999998	7.375622726648911	0.5587745655492796	8.777404842888211	9.999999999999998	0.9999999999999999	317.00000000000006	9.999999999999998	12.165068755442194	0.9216213004142856	14.639023482890538	9.999999999999998	0.9999999999999999
8.5	7.5	357.4484892012389	9.999999999999998	9.994778785268881	0.6822677676794402	10.850211870174288	9.999999999999998	0.9999999999999999	423.99999999999994	9.999999999999998	6.569637543707397	0.4484593443943546	7.079209264848953	9.999999999999998	0.9999999999999999	340.00000000000006	9.999999999999998	7.485709778819738	0.5109926502644553	8.257346590526534	9.999999999999998	0.9999999999999999	323.27473257556994	9.999999999999998	9.585280020567088	0.6543143918155976	10.518121580506834	9.999999999999998	0.9999999999999999
9.0	7.5	353.3805135608481	9.999999999999998	9.109877353607144	0.6227341513985258	10.069772085578975	9.999999999999998	0.9999999999999999	420.68273217842415	9.999999999999998	10.240419342907643	0.7000158840717633	11.257022773063667	9.999999999999998	0.9999999999999999	340.00000000000006	9.999999999999998	5.911221271971582	0.40408001333547733	6.529700023452013	9.999999999999998	0.9999999999999999	317.00000000000006	9.999999999999998	10.107218342864787	0.6909105132190724	10.974415655371041	9.999999999999998	0.9999999999999999
9.5	7.5	359.99999999999994	9.999999999999998	5.595673627316816	0.4240258187895898	6.663884023390434	9.999999999999998	0.9999999999999999	421.30093810439485	9.999999999999998	10.297911766871465	0.7803493841123906	12.369895221202098	9.999999999999998	0.9999999999999999	340.00000000000006	9.999999999999998	5.996900732217851	0.45442978138771173	7.343323243560468	9.999999999999998	0.9999999999999999	317.00000000000006	9.999999999999998	12.390085939577839	0.9388889855468731	14.913303220172518	9.999999999999998	0.9999999999999999
10.0	7.5	356.6775813336985	9.999999999999998	7.618894069566782	0.3851648640803548	6.124574498981452	9.999999999999998	0.9999999999999999	421.7850977271187	9.999999999999998	10.622057512065084	0.5369865101853151	8.434975730798385	9.999999999999998	0.9999999999999999	344.9344833597283	9.999999999999998	7.534122329139842	0.38087932137805885	5.98639936079074	9.999999999999998	0.9999999999999999	317.0000000000001	9.999999999999998	11.32411299342173	0.5724781578686351	9.093237312021422	9.999999999999998	0.9999999999999999
0.0	8.0	359.99999999999994	9.999999999999998	7.557105801566183	0.5202317226590827	8.175832016514596	9.999999999999998	0.9999999999999999	420.5657772065984	9.999999999999998	9.570567867065787	0.6588386002585057	10.525890251799726	9.999999999999998	0.9999999999999999	343.0275092212797	9.999999999999998	7.866253998076244	0.5415135073859879	8.50946140868474	9.999999999999998	0.9999999999999999	317.00000000000006	9.999999999999998	12.227226736560805	0.8417231934460847	13.369922753968341	9.999999999999998	0.9999999999999999
0.5	8.0	356.7374001843583	9.999999999999998	8.96616571962284	0.6117665200094142	9.75468416461145	9.999999999999998	0.9999999999999999	423.4258520458822	9.999999999999998	9.58061222317873	0.6536905498530373	10.288496265788536	9.999999999999998	0.9999999999999999	340.00000000000006	9.999999999999998	5.892411592902976	0.40204255055917226	6.496775799785507	9.999999999999998	0.9999999999999999	317.000000000001	9.999999999999998	11.476349468905497	0.783037766259303	12.43776401772373	9.999999999999998	0.9999999999999999
1.0	8.0	359.99999999999994	9.999999999999998	9.603906071172823	0.724524083507558	11.386439812627156	9.999999999999998	0.9999999999999999	418.00000000000006	9.999999999999998	9.164367491217075	0.6913650454610977	10.860738772749007	9.999999999999998	0.9999999999999999	340.0849215348318	9.999999999999998	8.553253739033227	0.6452622797802796	10.488359412382415	9.999999999999998	0.9999999999999999	317.00000000000006	9.999999999999998	9.580812880395024	0.7227819201878052	11.480660763679966	9.999999999999998	0.9999999999999999
1.5	8.0	352.7238462388802	9.999999999999998	5.425653016457464	0.405888233055372	6.410285136459663	9.999999999999998	0.9999999999999999	419.25944996820675	9.999999999999998	8.671791376331429	0.6487289305983156	10.36383684361827	9.999999999999998	0.9999999999999999	341.2124162064888	9.999999999999998	6.266684863010314	0.4688050707346672	7.372626429614903	9.999999999999998	0.9999999999999999	317.00000000000006	9.999999999999998	10.202384409872838	0.7632312218481554	12.123157065150226	9.999999999999998	0.9999999999999999
2.0	8.0	359.99999999999994	9.999999999999998	10.499117817698586	0.7894700659665983	12.407114676548483	9.999999999999998	0.9999999999999999	423.95233940930876	9.999999999999998	11.476375056888212	0.8629538910351017	13.605324562645709	9.999999999999998	0.9999999999999999	340.00000000000006	9.999999999999998	6.452231770996354	0.48516874753929057	7.8400472125190985	9.999999999999998	0.9999999999999999	317.00000000000006	9.999999999999998	12.041211026625446	0.9054261347065712	14.381779633385365	9.999999999999998	0.9999999999999999
2.5	8.0	352.0658273581655	9.999999999999998	9.266978071593497	0.6379394562704017	10.054355962452819	9.999999999999998	0.9999999999999999	418.00000000000006	9.999999999999998	13.24432456534954	0.9117402832523327	14.322640564496048	9.999999999999998	0.9999999999999999	340.00000000000006	9.999999999999998	8.962073398519975	0.6169497960109186	9.969552971026683	9.999999999999998	0.9999999999999999	317.00000000000006	9.999999999999998	14.122551849523235	0.9721975144898789	15.442375559492385	9.999999999999998	0.9999999999999999
3.0	8.0	349.3137735402074	9.999999999999998	29.717513271390068	0.8618678832948505	13.825060734237502	9.999999999999998	0.9999999999999999	418.00000000000006	9.999999999999998	25.852071577024095	0.7497622699920647	11.778107975673356	9.999999999999998	0.9999999999999999	340.00000000000006	9.999999999999998	7.067271905734542	0.20496515379463576	3.312118702660351	9.999999999999998	0.9999999999999999	323.06272360677656	9.999999999999998	14.809897392914738	0.42951692496201566	6.973393305617209	9.999999999999998	0.9999999999999999
3.5	8.0	349.78110982397743	9.999999999999998	23.080895291951315	0.7911002975541843	12.662947206718833	9.999999999999998	0.9999999999999999	418.00000000000006	9.999999999999998	23.032104198489307	0.7894279773054439	12.401221464264054	9.999999999999998	0.9999999999999999	340.00000000000006	9.999999999999998	9.317235204110439	0.3193492907930842	5.160500402799568	9.999999999999998	0.9999999999999999	317.00000000000006	9.999999999999998	13.740204260309142	0.47094705561860667	7.4805183032335165	9.999999999999998	0.9999999999999999
4.0	8.0	352.673859717685	9.999999999999998	14.459333179471857	0.6359918969674192	10.030646487443098	9.999999999999998	0.9999999999999999	418.00000000000006	9.999999999999998	23.333927021323053	1.0263397575663737	16.12289784129989	9.999999999999998	0.9999999999999999	340.00000000000006	9.999999999999998	9.95436828983841	0.4378415998294258	7.075267794304085	9.999999999999998	0.9999999999999999	324.99999999999994	9.999999999999998	11.808291888001209	0.5193861891540691	8.440560965545076	9.999999999999998	0.9999999999999999
4.5	8.0	359.99999999999994	9.999999999999998	9.776998050592933	0.6162383907705029	9.68464887015084	9.999999999999998	0.9999999999999999	419.41825442508406	9.999999999999998	14.386626835493542	0.9067805602336816	14.382632880115551	9.999999999999998	0.9999999999999999	341.6251871682054	9.999999999999998	12.028148380954848	0.7581270614837574	12.071187906239224	9.999999999999998	0.9999999999999999	317.00000000000006	9.999999999999998	14.448216205948606	0.910662501739796	14.464954034769049	9.999999999999998	0.9999999999999999
5.0	8.0	354.2044238397169	9.999999999999998	9.300625152426715	0.5877287119812337	9.232444334896025	9.999999999999998	0.9999999999999999	423.4327259725565	9.999999999999998	8.286219809218858	0.523626016085047	8.240407260982542	9.999999999999998	0.9999999999999999	341.57838020165104	9.999999999999998	6.533378614426106	0.4128597954450943	6.560093178367714	9.999999999999998	0.9999999999999999	317.00000000000006	9.999999999999998	11.531780947296905	0.7287207743488235	11.574993463548696	9.999999999999998	0.9999999999999999
5.5	8.0	350.4847256769733	9.999999999999998	7.837996064113537	0.6602470829716076	10.371218498969316	9.999999999999998	0.9999999999999999	418.00000000000006	9.999999999999998	5.788580956794336	0.4876110755869213	7.659942528793514	9.999999999999998	0.9999999999999999	340.00000000000006	9.999999999999998	2.79573228788545	0.23550331905591124	3.8055978450132315	9.999999999999998	0.9999999999999999	318.28531462882665	9.999999999999998	11.257589882910327	0.9483024513770103	14.899522037465845	9.999999999999998	0.9999999999999999
6.0	8.0	359.99999999999994	9.999999999999998	6.390221772309825	0.4845760414631734	7.615476222750002	9.999999999999998	0.9999999999999999	418.00000000000006	9.999999999999998	11.46413713189834	0.869335429677625	13.65649748943732	9.999999999999998	0.9999999999999999	340.00000000000006	9.999999999999998	8.009993393854506	0.6074047238484475	9.815310108558268	9.999999999999998	0.9999999999999999	318.5371504166328	9.999999999999998	12.192954729972968	0.9246022982163743	14.54118118084508	9.999999999999998	0.9999999999999999
6.5	8.0	359.80511362511027	9.999999999999998	9.007119822912308	0.612844031114431	9.629220020184704	9.999999999999998	0.9999999999999999	423.99999999999994	9.999999999999998	8.37928374957169	0.5701260926801766	8.999794447107178	9.999999999999998	0.9999999999999999	340.00000000000006	9.999999999999998	8.174955646641298	0.5562236176679881	8.988252943646263	9.999999999999998	0.9999999999999999	319.91732891588686	9.999999999999998	8.730000440671208	0.5939888407037782	9.373126309945349	9.999999999999998	0.9999999999999999
7.0	8.0	350.324449807815	9.999999999999998	27.656002299446868	0.8341631101980492	13.114214441443545	9.999999999999998	0.9999999999999999	418.6330133159371	9.999999999999998	18.388558472829484	0.554637541668881	8.833553495182507	9.999999999999998	0.9999999999999999	340.00000000000006	9.999999999999998	12.397739163503468	0.3739418498768006	6.042684679588571	9.999999999999998	0.9999999999999999	317.2284105042368	9.999999999999998	15.774692467331203	0.4757978535180377	7.645450018743777	9.999999999999998	0.9999999999999999
7.5	8.0	351.0942131326151	9.999999999999998	23.312938826734023	0.9252199540936749	14.759322758859556	9.999999999999998	0.9999999999999999	420.2147808441052	9.999999999999998	14.74855470534506	0.5853254799338856	9.227962632453558	9.999999999999998	0.9999999999999999	340.00000000000006	9.999999999999998	7.047146081850295	0.2796798903304281	4.519465764651602	9.999999999999998	0.9999999999999999	324.99999999999994	9.999999999999998	8.063974234892552	0.3200347209277643	5.20089411210875	9.999999999999998	0.9999999999999999
8.0	8.0	359.99999999999994	9.999999999999998	10.272461189705	0.646254132554788	10.15636878262571	9.999999999999998	0.9999999999999999	420.02444252866036	9.999999999999998	11.403433058803687	0.7174050700672838	11.27466049704652	9.999999999999998	0.9999999999999999	341.15239543293404	9.999999999999998	11.965638661250203	0.7527741687883032	11.830416551933268	9.999999999999998	0.9999999999999999	317.6574230475114	9.999999999999998	10.295554147168211	0.6477069410802141	10.376922006583719	9.999999999999998	0.9999999999999999
8.5	8.0	359.99999999999994	9.999999999999998	7.39317819517361	0.46500568242724505	7.307913340650476	9.999999999999998	0.9999999999999999	422.6516649216028	9.999999999999998	9.400231200619526	0.5912424682623679	9.569927459670774	9.999999999999998	0.9999999999999999	340.00000000000006	9.999999999999998	7.414180855970411	0.46632667812879325	7.535570235160003	9.999999999999998	0.9999999999999999	317.00000000000006	9.999999999999998	13.754635461461897	0.8651196387327007	13.74155165600541	9.999999999999998	0.9999999999999999
9.0	8.0	359.99999999999994	9.999999999999998	7.411580751663279	0.5556176060399867	8.731947735101476	9.999999999999998	0.9999999999999999	419.8428045490178	9.999999999999998	6.2564726865766245	0.4690236122152687	7.368821145284512	9.999999999999998	0.9999999999999999	340.00000000000006	9.999999999999998	10.136514873717063	0.7598954010532064	12.27947152624625	9.999999999999998	0.9999999999999999	322.4948080155417	9.999999999999998	9.137591409458343	0.6850099640020018	10.812332049060984	9.999999999999998	0.9999999999999999
9.5	8.0	359.99999999999994	9.999999999999998	8.030604128001228	0.6759952766239371	10.623773185889423	9.999999999999998	0.9999999999999999	418.00000000000006	9.999999999999998	8.872223080492658	0.7468405614285556	11.73221049548297	9.999999999999998	0.9999999999999999	345.18893098319097	9.999999999999998	7.9526708849811785	0.6694350598166057	10.575063084615095	9.999999999999998	0.9999999999999999	317.00000000000006	9.999999999999998	8.468369350728594	0.7128452094704688	11.322826150408345	9.999999999999998	0.9999999999999999
10.0	8.0	358.2635184330927	9.999999999999998	3.7489084816201514	0.23640237414304216	3.723260845211048	9.999999999999998	0.9999999999999999	423.61867649306384	9.999999999999998	9.31881683332771	0.5876351568472429	9.230878485162885	9.999999999999998	0.9999999999999999	344.2145110191701	9.999999999999998	5.853158286198759	0.36909423686289033	5.880647154908646	9.999999999999998	0.9999999999999999	321.34572049028765	9.999999999999998	12.488007821401556	0.7874811326470069	12.686994685800595	9.999999999999998	0.9999999999999999
0.0	8.5	357.420514812691	9.999999999999998	8.614021408765657	0.5407789489503902	8.610954586779565	9.999999999999998	0.9999999999999999	421.1899323482611	9.999999999999998	11.547741950909392	0.7249547520985269	11.545781660308883	9.999999999999998	0.9999999999999999	345.8025884265283	9.999999999999998	6.2647543604515645	0.3932945041243903	6.376522101404702	9.999999999999998	0.9999999999999999	317.00000000000006	9.999999999999998	10.149722392309974	0.6371885960100182	10.121097261779523	9.999999999999998	0.9999999999999999
0.5	8.5	357.59508492279497	9.999999999999998	9.741737517856988	0.6704645280612812	10.60271465154857	9.999999999999998	0.9999999999999999	418.00000000000006	9.999999999999998	10.099951903005302	0.6951182449411483	10.919698246304199	9.999999999999998	0.9999999999999999	340.00000000000006	9.999999999999998	6.837904635169193	0.4706113766402613	7.604808492553325	9.999999999999998	0.9999999999999999	317.00000000000006	9.999999999999998	11.933879178205856	0.8213363023269254	13.046097580111846	9.999999999999998	0.9999999999999999
1.0	8.5	350.91278732189335	9.999999999999998	8.733765666554822	0.6584176299420423	10.42325204537049	9.999999999999998	0.9999999999999999	418.00000000000006	9.999999999999998	8.444508852281944	0.6366112530172008	10.000604693864709	9.999999999999998	0.9999999999999999	340.00000000000006	9.999999999999998	5.195638033887426	0.3916866802837317	6.3294309073167225	9.999999999999998	0.9999999999999999	317.00000000000006	9.999999999999998	9.185167147339572	0.6924477040793374	10.998832379562408	9.999999999999998	0.9999999999999999
1.5	8.5	359.99999999999994	9.999999999999998	6.225701818709112	0.3935094044317524	6.184295665608699	9.999999999999998	0.9999999999999999	418.9823504087036	9.999999999999998	9.083931286406749	0.574170189081441	9.330905377430001	9.999999999999998	0.9999999999999999	340.00000000000006	9.999999999999998	7.218792858006417	0.45627994417170775	7.373220807348209	9.999999999999998	0.9999999999999999	317.00000000000006	9.999999999999998	10.0253025559315	0.6336716651249334	10.065234366910106	9.999999999999998	0.9999999999999999
2.0	8.5	352.28317266118887	9.999999999999998	7.01009077025182	0.4413242019967307	6.933753684010106	9.999999999999998	0.9999999999999999	421.6448577859157	9.999999999999998	9.04293761960937	0.569303217244498	8.949059115602045	9.999999999999998	0.9999999999999999	340.00000000000006	9.999999999999998	7.949904980316924	0.5004907334833509	8.087641670736462	9.999999999999998	0.9999999999999999	319.0251723894678	9.999999999999998	9.652202549025725	0.6076598330989326	9.712366595373055	9.999999999999998	0.9999999999999999
2.5	8.5	355.56735814870336	9.999999999999998	8.981248524050786	0.5596386975144241	8.89936433893908	9.999999999999998	0.9999999999999999	418.00000000000006	9.999999999999998	17.486548310568324	1.0896201228975337	17.116976905345545	9.999999999999998	0.9999999999999999	342.9121619829974	9.999999999999998	6.206282261405723	0.38672526563304943	6.074725191466969	9.999999999999998	0.9999999999999999	324.99999999999994	9.999999999999998	13.671709038502518	0.8519102236860074	13.844419297910697	9.999999999999998	0.9999999999999999
3.0	8.5	348.00000000000006	9.999999999999998	42.88987634799779	0.8512839112783377	13.555572010275299	9.999999999999998	0.9999999999999999	418.00000000000006	9.999999999999998	31.59589043380954	0.627119392244898	9.851495882257767	9.999999999999998	0.9999999999999999	340.00000000000006	9.999999999999998	17.85125263259024	0.35431401198242324	5.725510136603136	9.999999999999998	0.9999999999999999	317.00000000000006	9.999999999999998	18.01976172507218	0.35765860263057714	5.681045653364629	9.999999999999998	0.9999999999999999
3.5	8.5	350.78218752146034	9.999999999999998	22.40335754997171	0.5776534110061396	9.108972921903968	9.999999999999998	0.9999999999999999	418.00000000000006	9.999999999999998	30.845853415388863	0.795336699021583	12.494042302490055	9.999999999999998	0.9999999999999999	340.00000000000006	9.999999999999998	12.92226651708165	0.3331907422747922	5.384170277779705	9.999999999999998	0.9999999999999999	317.19763343464166	9.999999999999998	13.53281356335054	0.34893323011708405	5.596883486886899	9.999999999999998	0.9999999999999999
4.0	8.5	352.19665186755066	9.999999999999998	18.495328424268084	0.8714490723811146	13.70250070365278	9.999999999999998	0.9999999999999999	418.00000000000006	9.999999999999998	16.14628917799859	0.7607687954381874	11.951010841461471	9.999999999999998	0.9999999999999999	340.00000000000006	9.999999999999998	8.04062383681064	0.37885210920397044	6.122031639066017	9.999999999999998	0.9999999999999999	319.0040719871988	9.999999999999998	16.64985411291526	0.7844953919792357	12.525221169564826	9.999999999999998	0.9999999999999999
4.5	8.5	352.1031493392423	9.999999999999998	12.496028216558154	0.8608336828344381	13.556378898034366	9.999999999999998	0.9999999999999999	418.04691271857695	9.999999999999998	9.757532184624012	0.6721825703574633	10.55862569405613	9.999999999999998	0.9999999999999999	340.00000000000006	9.999999999999998	4.286849410315854	0.2953149834240103	4.772119853868033	9.999999999999998	0.9999999999999999	317.00000000000006	9.999999999999998	10.61879905675962	0.7315140251681506	11.619361431519216	9.999999999999998	0.9999999999999999
5.0	8.5	359.99999999999994	9.999999999999998	5.870438508039294	0.4943903560488527	7.769715543258194	9.999999999999998	0.9999999999999999	423.99999999999994	9.999999999999998	8.530292175791256	0.7183950875585856	11.340312613030557	9.999999999999998	0.9999999999999999	342.5026360618104	9.999999999999998	7.528351885181911	0.6340147441931475	10.031067961941053	9.999999999999998	0.9999999999999999	317.00000000000006	9.999999999999998	9.885840308063177	0.8325552006127476	13.224298447848392	9.999999999999998	0.9999999999999999
5.5	8.5	351.94963608057554	9.999999999999998	10.706641965606172	0.7303497713870722	11.547887014124589	9.999999999999998	0.9999999999999999	421.874213381742	9.999999999999998	11.9356979340755	0.8141893868778167	12.793865792160267	9.999999999999998	0.9999999999999999	340.00000000000006	9.999999999999998	3.016040982133961	0.20573816224281172	3.324610073467134	9.999999999999998	0.9999999999999999	317.00000000000006	9.999999999999998	13.909527606226558	0.9488334755139615	15.0712613989691	9.999999999999998	0.9999999999999999
6.0	8.5	354.97280174820804	9.999999999999998	5.972253157412118	0.44553352633359367	7.149455962111513	9.999999999999998	0.9999999999999999	418.00000000000006	9.999999999999998	9.078638354814505	0.6772716517396628	10.639343912486842	9.999999999999998	0.9999999999999999	342.3389375044181	9.999999999999998	9.405092762562555	0.7016253386376506	11.173937688689275	9.999999999999998	0.9999999999999999	317.00000000000006	9.999999999999998	8.075499637057657	0.6024369254572908	9.569102075619687	9.999999999999998	0.9999999999999999
6.5	8.5	354.73922106766287	1.7937663194217612	13.168396986353088	0.9020630569917315	3.334596898932137	1.7937663194217612	0.9999999999999999	421.2270617603717	9.999999999999998	10.53715561862501	0.7218174557757528	11.476592624245276	9.999999999999998	0.9999999999999999	340.00000000000006	9.999999999999998	9.61924333510251	0.6589385221149078	10.648066574218218	9.999999999999998	0.9999999999999999	317.00000000000006	9.999999999999998	8.89912633904494	0.6096089841666982	9.683022984153908	9.999999999999998	0.9999999999999999
7.0	8.5	350.9566365162561	9.999999999999998	37.04570420559764	0.8214078829194117	13.024513564740468	9.999999999999998	0.9999999999999999	421.3709825374957	9.999999999999998	27.749761834871123	0.6152905879126251	9.729415883593063	9.999999999999998	0.9999999999999999	340.22286972872354	9.999999999999982	20.765477947567867	0.4604292898323184	7.426050496641814	9.999999999999982	0.9999999999999999	323.1429146151436	9.999999999999998	12.46754567762466	0.27644069723774667	4.48180972118496	9.999999999999998	0.9999999999999999
7.5	8.5	351.4297573773168	9.999999999999998	193.95927360899847	0.8755763210545591	14.22495922044519	9.999999999999998	0.9999999999999999	420.66135615328017	4.737950309207666	186.37883684880626	0.8413565036311558	6.8880267753610385	4.737950309207666	0.9999999999999999	343.7585055425579	9.999999999999998	75.9143290096461	0.3426945650641351	5.531644284260895	9.999999999999998	0.9999999999999999	322.57698646608986	9.999999999999998	77.8513984424118	0.35143893750897787	5.561314128650281	9.999999999999998	0.9999999999999999
8.0	8.5	353.0632847664749	9.999999999999998	43.31543088863788	0.7962639724496836	12.75834100052579	9.999999999999998	0.9999999999999999	421.1346889713306	4.681499508457938	50.24486672851301	0.9236472166076339	7.307308972706165	4.681499508457938	0.9999999999999999	345.53635620435324	9.999999999999998	34.5432736448355	0.6350061336009517	10.183708903331762	9.999999999999998	0.9999999999999999	323.8722768024863	9.999999999999998	20.66320704741593	0.37985002087192926	5.973309281666143	9.999999999999998	0.9999999999999999
8.5	8.5	351.30716571376206	9.999999999999998	14.618672535065302	0.9218386927961507	14.88546282423619	9.999999999999998	0.9999999999999999	420.130990444146	9.999999999999998	9.378562717917589	0.5914026718536961	9.307533886974682	9.999999999999998	0.9999999999999999	340.00000000000006	2.3643541368306624	10.971289585485783	0.6918384159377476	3.890458264447283	2.3643541368306624	0.9999999999999916	317.0000000002263	9.999999999999998	13.209225211524194	0.8329603712398245	13.230734174146393	9.999999999999998	0.9999999999999999
9.0	8.5	355.60832922634756	9.999999999999998	9.845538950467368	0.7341416055551576	11.654076863690257	9.999999999999998	0.9999999999999999	418.00000000000006	9.999999999999998	7.510796047606836	0.5600493682598925	8.797884602998865	9.999999999999998	0.9999999999999999	340.5746281879254	9.999999999999998	8.562169056152266	0.6384459570514344	10.11594212338699	9.999999999999998	0.9999999999999999	317.00000000000006	9.999999999999998	8.692171299494921	0.6481396930808692	10.295044377706137	9.999999999999998	0.9999999999999999
9.5	8.5	359.9999999999999	9.999999999999998	8.68231653162255	0.7216847866890311	11.34181813189871	9.999999999999998	0.9999999999999999	418.00000000000006	9.999999999999998	8.221575072805084	0.6833873921844176	10.735416833454547	9.999999999999998	0.9999999999999999	340.00000000000006	9.999999999999998	9.781904409427296	0.8130838781813868	13.138966648225756	9.999999999999998	0.9999999999999999	317.00000000000006	9.999999999999998	9.653275815424815	0.8023921118668681	12.745188249040106	9.999999999999998	0.9999999999999999
10.0	8.5	359.99999999999994	9.999999999999998	5.514233058660399	0.3471516395428747	5.4557485934400205	9.999999999999998	0.9999999999999999	418.00000000000006	9.999999999999998	8.230458325522122	0.5181531269170596	8.13973138022336	9.999999999999998	0.9999999999999999	340.00000000000006	9.999999999999998	9.641376789760569	0.6069782913435849	9.80841920516016	9.999999999999998	0.9999999999999999	317.00000000000006	9.999999999999998	11.67864527047719	0.7352356728771848	11.678476046364933	9.999999999999998	0.9999999999999999
0.0	9.0	359.26589026750196	9.999999999999998	6.8687809650032525	0.5201321460397045	8.296971650485975	9.999999999999998	0.9999999999999999	423.99999999999994	9.999999999999998	6.348956576489373	0.4807689204340131	7.5892359883464575	9.999999999999998	0.9999999999999999	343.80414844190346	9.999999999999998	6.183211344410758	0.46821801457515116	7.580719231170781	9.999999999999998	0.9999999999999999	321.18748245295984	9.999999999999998	9.943919720538515	0.7529942111478856	12.23863664567398	9.999999999999998	0.9999999999999999
0.5	9.0	352.6398152728414	9.999999999999998	9.29593868503825	0.5874325629163242	9.257211519426317	9.999999999999998	0.9999999999999999	423.2548508884908	9.999999999999998	10.128446547459339	0.6400407226557081	10.116033301426404	9.999999999999998	0.9999999999999999	340.00000000000006	1.3157767717219142	12.416856710116301	0.7846508252392118	3.9363946342866156	1.3157767717219142	0.6037521344062785	323.7491122943647	9.999999999999998	10.354486064077014	0.6543246994617085	10.31267202837488	9.999999999999998	0.9999999999999999
1.0	9.0	359.99999999999994	9.999999999999998	8.898155056759963	0.5622956655934362	8.83689845365092	9.999999999999998	0.9999999999999999	418.00000000000006	9.999999999999998	6.669356878162757	0.42145258662779606	6.6206506656857345	9.999999999999998	0.9999999999999999	340.00000000000006	9.999999999999998	8.30046161148608	0.5245259895777559	8.476037550522312	9.999999999999998	0.9999999999999999	317.00000000000006	9.999999999999998	13.162000604386657	0.831738247218145	13.211321968330573	9.999999999999998	0.9999999999999999
1.5	9.0	359.22512774143405	9.999999999999998	9.252847922261287	0.6317692177217735	10.098582121266746	9.999999999999998	0.9999999999999999	422.3222659757336	9.999999999999998	9.671476595185728	0.6603524940742442	10.495115100622847	9.999999999999998	0.9999999999999999	340.86503848047204	3.226418121434321	9.367726525631056	0.6396129395675934	2.2148903280015424	3.226418121434321	2.4918997657575925e-11	324.99999999998334	9.999999999999998	9.830791009677382	0.6712302199226333	10.90818298886142	9.999999999999998	0.9999999999999999
2.0	9.0	354.9191143687339	9.999999999999998	10.472422542262889	0.7175510153461593	11.480249454587153	9.999999999999998	0.9999999999999999	423.99999999998	9.999999999999998	7.922228422234239	0.5428164328967237	8.568694506883762	9.999999999999998	0.9999999999999999	340.00000000000006	9.999999999999998	9.102288598262911	0.6236719726786368	10.078179469978034	9.999999999999998	0.9999999999999999	317.00000000000006	9.999999999999998	9.598624143344198	0.6576799658519633	10.446581974619804	9.999999999999998	0.9999999999999999
2.5	9.0	350.89075719223905	9.999999999999998	23.984229382680844	0.9040567419047943	14.301117374323875	9.999999999999998	0.9999999999999999	418.00000000000006	9.999999999999998	23.908657977301147	0.9012081684760366	14.15719027443449	9.999999999999998	0.9999999999999999	340.00000000000006	9.999999999999998	11.859690283972423	0.44703679184582656	7.223856795352474	9.999999999999998	0.9999999999999999	317.0000000000001	9.999999999999998	13.761367322186237	0.5187182255034033	8.23931508607084	9.999999999999998	0.9999999999999999
3.0	9.0	349.0375388532155	9.999999999999998	58.04970462635756	0.8754505013576924	13.86372599662254	9.999999999999998	0.9999999999999999	418.00000000000006	9.999999999999998	43.51170454291279	0.656202194347168	10.308361207581887	9.999999999999998	0.9999999999999999	340.889807419375	9.999999999999998	16.32314506411204	0.24617016782584594	3.8703683915551093	9.999999999999998	0.9999999999999999	317.00000000000006	9.999999999999998	19.501185839466935	0.29409835984728067	4.671455395126628	9.999999999999998	0.9999999999999999
3.5	9.0	352.27709436804696	9.999999999999998	27.19084086770377	0.7882202354518776	12.3843766210858	9.999999999999998	0.9999999999999999	418.00000000000006	9.999999999999998	30.95220561488265	0.8972563561465923	14.09511076713108	9.999999999999998	0.9999999999999999	340.8437141451892	9.999999999999998	13.92067853467525	0.4035388447763823	6.348643549734419	9.999999999999998	0.9999999999999999	317.00000000000006	9.999999999999998	15.703499082529142	0.45522004282520573	7.230710589919139	9.999999999999998	0.9999999999999999
4.0	9.0	359.99999999999994	9.999999999999998	11.177735471947551	0.6963438532894668	10.943566342181745	9.999999999999998	0.9999999999999999	418.08019554074957	9.999999999999998	14.180454261020852	0.8834054255708578	13.877269196564516	9.999999999999998	0.9999999999999999	346.54967970672493	9.999999999999998	15.384912725201193	0.9584400558123192	15.06860766903737	9.999999999999998	0.9999999999999999	317.00000000000006	9.999999999999998	12.84673928512501	0.8003184507684953	12.712250236972688	9.999999999999998	0.9999999999999999
4.5	9.0	351.0451761053833	9.999999999999998	12.772885747379359	0.8026188838317173	12.773936735453624	9.999999999999998	0.9999999999999999	418.00000000000006	9.999999999999998	8.839241960302509	0.5554377183364444	8.725439625546276	9.999999999999998	0.9999999999999999	340.00000000000006	9.999999999999998	5.104185151350104	0.3207353036793254	5.182897571867864	9.999999999999998	0.9999999999999999	317.00000000000006	9.999999999999998	9.770449633461626	0.6139526755691783	9.752018134781126	9.999999999999998	0.9999999999999999
5.0	9.0	359.99999999999994	9.999999999999998	9.223189833848343	0.6995668296554289	10.994217834994634	9.999999999999998	0.9999999999999999	418.43516104293167	9.999999999999998	10.61519614283019	0.8051486790998603	12.725059217626155	9.999999999999998	0.9999999999999999	345.724114860788	9.999999999999998	8.111583877560976	0.6152529785177064	9.98563098785696	9.999999999999998	0.9999999999999999	324.43851596752137	9.999999999999998	10.867253184857395	0.824266874535476	13.030191846853727	9.999999999999998	0.9999999999999999
5.5	9.0	359.99999999999994	9.999999999999998	11.784662878506712	0.893851194325371	14.047542458986548	9.999999999999998	0.9999999999999999	423.9999999999937	9.999999999999998	11.194558419949288	0.8490925465391632	13.403453172083907	9.999999999999998	0.9999999999999999	340.599013993396	9.999999999999998	5.269240644398248	0.3996649791122388	6.326982378061657	9.999999999999998	0.9999999999999999	321.5709509513736	9.999999999999998	10.926849980452019	0.8287872131713293	13.1910491364523	9.999999999999998	0.9999999999999999
6.0	9.0	359.99999999999994	9.999999999999998	10.3504164030656	0.6528399752764408	10.259870244443915	9.999999999999998	0.9999999999999999	423.99999999999994	9.999999999999998	8.711435339599346	0.5494632302949585	8.673618331782206	9.999999999999998	0.9999999999999999	340.00000000000006	9.999999999999998	6.878199044554192	0.433834071918424	7.0105084539980655	9.999999999999998	0.9999999999999999	318.7637739102275	9.999999999999998	13.055321675562084	0.8234485983941252	13.017686461547834	9.999999999999998	0.9999999999999999
6.5	9.0	359.99999999999994	9.999999999999998	10.905273150604874	0.9124014381039693	14.339073464100979	9.999999999999998	0.9999999999999999	423.99999999999994	9.999999999999998	8.943845883090253	0.7482965106159847	11.81232514613092	9.999999999999998	0.9999999999999999	340.00000000000006	9.999999999999998	8.895125750679707	0.7442202881993519	12.026170740779165	9.999999999999998	0.9999999999999999	317.00000000000006	9.999999999999998	10.4699015736282	0.8759756056230033	13.91398772509928	9.999999999999998	0.9999999999999999
7.0	9.0	351.0075584042604	9.999999999999998	9.701647150789698	0.661331484310421	10.507931142265916	9.999999999999998	0.9999999999999999	421.6170949791672	9.999999999999998	10.900537809412034	0.7430561777021065	11.684182397585923	9.999999999999998	0.9999999999999999	340.00000000000006	9.999999999999998	8.630686135821472	0.5883273617465653	9.507030936975879	9.999999999999998	0.9999999999999999	319.7241857388246	9.999999999999998	8.493552204974067	0.5789793629349146	9.197419731147845	9.999999999999998	0.9999999999999999
7.5	9.0	350.6344205564109	9.999999999999998	72.24708216714038	1.0474104231267478	16.470323966495027	9.999999999999998	0.9999999999999999	421.53649685852224	7.581859576750908	44.41852589788934	0.64396271253893	7.700771000303268	7.581859576750908	0.9999999999999999	340.00000000000006	9.999999999999998	14.399999689733493	0.20876565967267194	3.3735326862823007	9.999999999999998	0.9999999999999999	319.0963464784323	9.999999999999998	24.713092825080565	0.35828091925989514	5.7488366133483	9.999999999999998	0.9999999999999999
8.0	9.0	351.52679028198054	9.999999999999998	258.5745016626471	0.6976796054313661	11.260154385696158	9.999999999999998	0.9999999999999999	420.08183749745274	5.33616466066627	371.06519398980146	1.0011993312081309	8.426041546012684	5.33616466066627	0.9999999999999999	342.27478452541476	9.999999999999998	82.36331255894929	0.22223074216002245	3.5503234005793796	9.999999999999998	0.9999999999999999	319.73627134232635	9.999999999999998	92.09424789817875	0.24848652176821137	3.9453674870638977	9.999999999999998	0.9999999999999999
8.5	9.0	350.57086555150613	9.999999999999998	87.88546300382677	1.0519087564254062	16.529974932876442	9.999999999999998	0.9999999999999999	420.5341083361781	4.616980255588609	75.97754295024086	0.9093818248140282	7.073934817376463	4.616980255588609	0.9999999999999999	340.00000000000017	9.999999999999998	21.79855079527788	0.2609087518596604	4.216134990379875	9.999999999999998	0.9999999999999999	319.38560247431724	9.999999999999998	28.94028353312167	0.34638877263011203	5.605893015674128	9.999999999999998	0.9999999999999999
9.0	9.0	351.78364033886845	9.999999999999998	17.546785914961873	0.8818734028509169	14.033618071221053	9.999999999999998	0.9999999999999999	421.0913499014914	9.999999999999998	12.346037511267058	0.6204921040555023	9.931179790401835	9.999999999999998	0.9999999999999999	340.00000000000006	9.999999999999998	7.905741707547225	0.3973299369743999	6.4206226815429055	9.999999999999998	0.9999999999999999	317.130658333231	9.999999999999998	12.422901344626984	0.6243551574152338	9.978207914630108	9.999999999999998	0.9999999999999999
9.5	9.0	358.2103498901118	9.999999999999998	10.004336834111648	0.93269479548136	14.675241211284195	9.999999999999998	0.9999999999999999	418.68478739135537	9.999999999999998	7.754211980839914	0.7229177983021001	11.542674687930202	9.999999999999998	0.9999999999999999	340.00000000000006	9.999999999999998	7.266337122264422	0.6774336898614458	10.946937820710811	9.999999999999998	0.9999999999999999	317.00000000000006	9.999999999999998	9.542935568667973	0.8896787949164368	14.13164904625895	9.999999999999998	0.9999999999999999
10.0	9.0	351.63045512815694	9.999999999999998	6.139305846078972	0.3879573962222733	6.22215212574811	9.999999999999998	0.9999999999999999	422.91876740159745	9.999999999999998	7.513838244868225	0.4748173806939729	7.6172538639908485	9.999999999999998	0.9999999999999999	340.00000000000006	9.999999999999998	5.985304770082985	0.378225700496935	6.111909235546831	9.999999999999998	0.9999999999999999	318.454186306809	9.999999999999998	12.880013956768785	0.8139188376102742	12.789233277846622	9.999999999999998	0.9999999999999999
0.0	9.5	349.61193848242453	9.999999999999998	6.106409117374742	0.5139008969228742	8.31046281663469	9.999999999999998	0.9999999999999999	423.99999999999994	9.999999999999998	8.556174107517904	0.7200673036417983	11.366709582426067	9.999999999999998	0.9999999999999999	340.00000000000006	9.999999999999998	3.6156630757400388	0.30428562218454047	4.9170802037786885	9.999999999999998	0.9999999999999999	317.00000000000006	9.999999999999998	11.099329351985542	0.9340932124901565	14.837127209088218	9.999999999999998	0.9999999999999999
0.5	9.5	356.61726381468674	9.999999999999998	10.44330189392551	0.6559260610119912	10.40392550526777	9.999999999999998	0.9999999999999999	418.3500584091771	9.999999999999998	8.295029133764885	0.5209966963470528	8.21466757975625	9.999999999999998	0.9999999999999999	340.5012523464068	9.999999999999998	2.7690872143777243	0.17392166649725346	2.7637927418491204	9.999999999999998	0.9999999999999999	317.00000000000006	9.999999999999998	10.803064481064068	0.67852213829465	10.777638832448277	9.999999999999998	0.9999999999999999
1.0	9.5	354.30002642793056	9.999999999999998	6.5039841837045085	0.48689729486268474	7.649331158005982	9.999999999999998	0.9999999999999999	423.99999999999994	9.999999999999998	9.915798508849614	0.74231045679026	11.71783156888105	9.999999999999998	0.9999999999999999	340.00000000000006	9.999999999999998	7.978192643461401	0.5972585889318965	9.651354418555986	9.999999999999998	0.9999999999999999	317.00000000000006	9.999999999999998	8.466410741441441	0.6338072742446723	10.067388380806548	9.999999999999998	0.9999999999999999
1.5	9.5	359.99999999999994	9.999999999999998	7.350043999623833	0.5055028361157058	7.94435650872849	9.999999999999998	0.9999999999999999	418.00000000000006	9.999999999999998	7.425426291546475	0.5106872897545884	8.022449623394877	9.999999999999998	0.9999999999999999	346.56894908223364	9.999999999999998	6.9651416190611535	0.4790309884625381	7.5297089263390475	9.999999999999998	0.9999999999999999	320.9339442702543	9.999999999999998	13.595828245075124	0.9350596727828069	14.958022023452724	9.999999999999998	0.9999999999999999
2.0	9.5	359.99999999999994	9.999999999999998	9.656147663278833	0.6066281695034182	9.533617029340338	9.999999999999998	0.9999999999999999	418.00000000000006	9.999999999999998	10.321729597161367	0.6484420236702472	10.186455729271549	9.999999999999998	0.9999999999999999	348.32156219884826	9.999999999999998	12.825919323895615	0.8057627361314973	12.692277244520305	9.999999999999998	0.9999999999999999	324.1477597615054	9.999999999999998	10.16487194016992	0.6385877550062357	10.035653646463828	9.999999999999998	0.9999999999999999
2.5	9.5	348.00000000000006	9.999999999999998	54.48525526583205	0.8218872088581328	13.087468347980863	9.999999999999998	0.9999999999999999	418.00000000000006	9.999999999999998	36.387421365382	0.5488889799199126	8.622564686033558	9.999999999999998	0.9999999999999999	340.00000000000006	9.999999999999998	18.700347533410827	0.2820868942234804	4.55836155968778	9.999999999999998	0.9999999999999999	317.00000000000006	9.999999999999998	21.327024559089566	0.3217092147700943	5.110025937513245	9.999999999999998	0.9999999999999999
3.0	9.5	351.0028911183915	9.999999999999998	32.246589997223396	0.6516798927301819	10.352533464186868	9.999999999999998	0.9999999999999999	418.00000000000006	9.999999999999998	41.67817585477829	0.8422853136585998	13.231563880508265	9.999999999999998	0.9999999999999999	340.00000000000006	9.999999999999998	15.4779832075448	0.3127986691690771	5.054646134436157	9.999999999999998	0.9999999999999999	317.00000000000006	9.999999999999998	18.968063285003296	0.38333062342203034	6.088819773874217	9.999999999999998	0.9999999999999999
3.5	9.5	351.5573753216945	9.999999999999998	26.970499487569985	0.8840179572591724	14.239913940137475	9.999999999999998	0.9999999999999999	418.9953282868614	9.999999999999998	14.344545388192682	0.4701742998021171	7.633776815672682	9.999999999999998	0.9999999999999999	340.00000000000006	9.999999999999998	5.934971563520694	0.19453186027914962	3.143522695274578	9.999999999999998	0.9999999999999999	317.94894450602715	9.999999999999998	16.03341627813381	0.5255307901366146	8.31170553796682	9.999999999999998	0.9999999999999999
4.0	9.5	353.3904093984197	9.999999999999998	12.497813778740573	0.8561266883621136	13.834710283658659	9.999999999999998	0.9999999999999999	420.7873098608793	9.999999999999998	9.933952274524852	0.6804967503679098	11.016725288518364	9.999999999999998	0.9999999999999999	344.88350410437874	9.999999999999998	8.170228273996917	0.5596779244125016	8.793173181464368	9.999999999999998	0.9999999999999999	317.00000000000006	9.999999999999998	13.696537039684607	0.9382417681531382	14.903022825588366	9.999999999999998	0.9999999999999999
4.5	9.5	353.2192693889274	9.999999999999998	7.998947139896462	0.549615639217203	8.891013538903678	9.999999999999998	0.9999999999999999	423.1733425962018	9.999999999999998	10.778173679050646	0.7405790677949313	11.738018474554135	9.999999999999998	0.9999999999999999	340.00000000000006	9.999999999999998	5.060517412689773	0.34771320073772577	5.618844832908644	9.999999999999998	0.9999999999999999	324.99999999999994	9.999999999999998	6.675763827869614	0.45869839359447656	7.454321729727954	9.999999999999998	0.9999999999999999
5.0	9.5	353.47745748915355	9.999999999999998	8.8658849410527	0.6090410453831876	9.788304995978802	9.999999999999998	0.9999999999999999	418.00000000000006	9.999999999999998	8.932798693762853	0.6136376786772201	9.639709980976162	9.999999999999998	0.9999999999999999	340.00000000000006	9.999999999999998	6.0477426524749465	0.4154490535080743	6.713417157266301	9.999999999999998	0.9999999999999999	317.44253590024374	9.999999999999998	11.974193266521954	0.8225659630314288	13.358992849112056	9.999999999999998	0.9999999999999999
5.5	9.5	352.7557390922874	9.999999999999998	6.506041513796726	0.4479815510417201	7.081974662344078	9.999999999999998	0.9999999999999999	423.99999999999994	9.999999999999998	9.423327787203704	0.6488549126429615	10.242577764386159	9.999999999999998	0.9999999999999999	340.00000000000006	9.999999999999998	6.745959666698423	0.46450141277823787	7.506074999540833	9.999999999999998	0.9999999999999999	317.00000000000006	9.999999999999998	9.618294934638177	0.6622796171925187	10.519642790333624	9.999999999999998	0.9999999999999999
6.0	9.5	352.21610710415877	9.999999999999998	6.729924707753204	0.5059313721564023	7.953325287490368	9.999999999999998	0.9999999999999999	420.5616967141894	9.999999999999998	7.066574829925758	0.5312395094155251	8.485536966664009	9.999999999999998	0.9999999999999999	340.00000000000006	9.999999999999998	6.681325609401967	0.5022778679075243	8.116520732571546	9.999999999999998	0.9999999999999999	324.99999999999994	9.999999999999998	9.754428642660017	0.7333026270111536	11.916923589290846	9.999999999999998	0.9999999999999999
6.5	9.5	353.96320749165926	9.999999999999998	8.447971626259452	0.7879625418151273	12.414748042620598	9.999999999999998	0.9999999999999999	423.99999999999994	9.999999999999998	9.578549981050424	0.8934142920782501	14.103099451234078	9.999999999999998	0.9999999999999999	340.00000000000006	9.999999999999998	4.898886975971262	0.45693091838194416	7.383740175234682	9.999999999999998	0.9999999999999999	317.00000000000006	9.999999999999998	9.53161764712559	0.8890368009160191	14.121451620001807	9.999999999999998	0.9999999999999999
7.0	9.5	352.645862799569	9.999999999999998	6.75031368363852	0.5601810917953353	8.828985369471312	9.999999999999998	0.9999999999999999	423.99999999999994	9.999999999999998	11.160662829463627	0.9261780388253946	14.620295541409847	9.999999999999998	0.9999999999999999	340.00000000000006	9.999999999999998	4.483188302923495	0.37204157257801374	6.011977294137777	9.999999999999998	0.9999999999999999	318.6096215227634	9.999999999999998	11.557403446993126	0.9591019298774377	15.102107085532579	9.999999999999998	0.9999999999999999
7.5	9.5	352.46582299978917	9.999999999999998	10.838490576432124	0.5447252056717511	8.560691596244244	9.999999999999998	0.9999999999999999	423.99999999999994	9.999999999999998	10.662393147169924	0.5358748304560635	8.45911700131291	9.999999999999998	0.9999999999999999	340.00000000000006	9.999999999999998	8.142677379725736	0.409237944998973	6.613049225076915	9.999999999999998	0.9999999999999999	317.00000000000006	9.999999999999998	14.731681872275287	0.7403907750047226	11.76035963680257	9.999999999999998	0.9999999999999999
8.0	9.5	353.8541938492473	9.999999999999998	66.53412361431187	0.660134477828084	10.430556995922151	9.999999999999998	0.9999999999999999	421.2035933517846	5.30316461856885	87.28614142765318	0.8660306661133746	7.554277156435736	5.30316461856885	0.9999999999999999	346.87410518405295	9.999999999999998	69.23637997024404	0.6869455710172214	10.803717027944268	9.999999999999998	0.9999999999999999	321.25981779862997	9.999999999999998	38.60051634212564	0.38298440432034647	6.205087748291186	9.999999999999998	0.9999999999999999
8.5	9.5	351.3912205661136	9.999999999999998	327.23333686362474	0.6870014593934515	11.157158205326839	9.999999999999998	0.9999999999999999	419.95034218886076	5.0421593446288355	465.1302129257491	0.9765054445572814	7.735902405203102	5.0421593446288355	0.9999999999999999	343.1346763143945	9.999999999999998	126.50418418933202	0.26558589656673165	4.1789598186674155	9.999999999999998	0.9999999999999999	321.351947448047	9.999999999999998	110.67071115618866	0.23234472625904498	3.741822084829574	9.999999999999998	0.9999999999999999
9.0	9.5	350.05680493876605	9.999999999999998	66.6349186097912	0.9133539755780613	14.445242587445401	9.999999999999998	0.9999999999999999	420.01305608083123	9.999999999999998	40.25914858139072	0.5518255920072219	8.671589311560208	9.999999999999998	0.9999999999999999	340.00000000000006	9.999999999999998	16.211616964776457	0.22220999311240427	3.5907853626818973	9.999999999999998	0.9999999999999999	317.4891571997013	9.999999999999998	26.254972742392923	0.35987263484755916	5.8256387141832615	9.999999999999998	0.9999999999999999
9.5	9.5	359.99999999999994	9.999999999999998	8.347207587709498	0.5727391468258133	9.00102560027533	9.999999999999998	0.9999999999999999	423.99999999999994	9.999999999999998	8.20151098627047	0.5627422530949714	8.883235953555582	9.999999999999998	0.9999999999999999	343.68121377290976	9.999999999999998	11.566632020739394	0.7936382180024641	12.749543455057985	9.999999999999998	0.9999999999999999	319.8503114644299	9.999999999999998	11.170015679805617	0.7664246016718895	12.118171033537699	9.999999999999998	0.9999999999999999
10.0	9.5	359.99999999999994	9.999999999999998	8.343630677885791	0.527377833770735	8.288138516628786	9.999999999999998	0.9999999999999999	423.9999999999996	9.999999999999998	5.985826854614805	0.3783475709537702	5.972451378499401	9.999999999999998	0.9999999999999999	340.00000000000006	9.999999999999998	6.091906604966946	0.38505257877439775	6.222227652140831	9.999999999999998	0.9999999999999999	324.99999999999994	9.999999999999998	9.719117316142322	0.6143185423985683	9.983309563592927	9.999999999999998	0.9999999999999999
0.0	10.0	359.99999999999994	9.999999999999998	9.229740986073748	0.6890242969147009	10.82853401956671	9.999999999999998	0.9999999999999999	423.99999999999994	9.999999999999998	9.707583663730956	0.7246965021808482	11.43978435630713	9.999999999999998	0.9999999999999999	340.00000000000006	9.999999999999998	8.232213884365466	0.6145562906136607	9.930875303899326	9.999999999999998	0.9999999999999999	317.00000000000006	9.999999999999998	9.266258514073787	0.6917504258595168	10.98775681931931	9.999999999999998	0.9999999999999999
0.5	10.0	359.99999999999994	9.999999999999998	10.282360097193928	0.7080046469027721	11.126824466608168	9.999999999999998	0.9999999999999999	418.00000000000006	9.999999999999998	8.313345614761	0.5724257146144723	8.992306154392903	9.999999999999998	0.9999999999999999	340.00000000000006	9.999999999999998	8.463570904543436	0.5827696631090701	9.4172217315563	9.999999999999998	0.9999999999999999	317.00000000000006	9.999999999999998	8.631873130721951	0.5943583214610557	9.440781610851028	9.999999999999998	0.9999999999999999
1.0	10.0	359.99999999999994	9.999999999999998	9.16699171743298	0.5792840961259217	9.103884391278656	9.999999999999998	0.9999999999999999	418.00000000000006	9.999999999999998	9.208974999194947	0.5819371199506985	9.141721993965163	9.999999999999998	0.9999999999999999	343.8820958466588	9.999999999999998	4.295753938301828	0.2714589490242698	4.411715113014419	9.999999999999998	0.9999999999999999	317.00000000000006	9.999999999999998	12.790115811934356	0.8082379591739193	12.838043628974193	9.999999999999998	0.9999999999999999
1.5	10.0	359.99999999999994	9.999999999999998	8.565853298060787	0.6463641188173633	10.158097299299671	9.999999999999998	0.9999999999999999	420.01337708576244	9.999999999999998	12.49055190402556	0.9425149245569916	14.811062909638478	9.999999999999998	0.9999999999999999	341.6964962844177	9.999999999999998	10.158236334626775	0.7665225224737398	12.24743814862108	9.999999999999998	0.9999999999999999	317.0000000000005	9.999999999999998	10.760339031345731	0.8119561255790383	12.897102946823713	9.999999999999998	0.9999999999999999
2.0	10.0	352.90142231239497	9.999999999999998	33.468021697657406	0.8698218883010429	13.82603046780571	9.999999999999998	0.9999999999999999	420.41469851805533	9.999999999999998	15.956306188055198	0.4146986787622185	6.579888710653023	9.999999999999998	0.9999999999999999	340.00000000000006	9.999999999999998	10.02762583032173	0.26061440122459567	4.21137845383942	9.999999999999998	0.9999999999999999	319.27498529088035	9.999999999999998	13.50471490560312	0.3509827000315694	5.6965279490944045	9.999999999999998	0.9999999999999999
2.5	10.0	348.2067963824187	9.999999999999998	102.05588144633384	0.8746989362917292	13.818741153363431	9.999999999999998	0.9999999999999999	418.00000000000006	9.999999999999998	88.96491270576583	0.7624990682378292	11.978191910284481	9.999999999999998	0.9999999999999999	340.00000000000006	9.999999999999998	47.811527839050044	0.40978228741565387	6.621845484663295	9.999999999999998	0.9999999999999999	317.00000000000006	9.999999999999998	43.52267849862573	0.3730234852494374	5.9251012946223165	9.999999999999998	0.9999999999999999
3.0	10.0	351.89421764044425	9.999999999999998	50.17921453910863	0.9004775132634533	14.265040287261998	9.999999999999998	0.9999999999999999	418.00000000000006	9.999999999999998	41.721330520573375	0.748698844776216	11.761402497793744	9.999999999999998	0.9999999999999999	340.12756815166296	9.999999999999998	17.207338802618747	0.30878964123257685	5.012342512214766	9.999999999999998	0.9999999999999999	317.00000000000114	9.999999999999998	18.512110719325968	0.33220407252099016	5.276726152662482	9.999999999999998	0.9999999999999999
3.5	10.0	351.11875046067337	9.999999999999998	17.26490399764119	0.8677064684143505	13.858864784172921	9.999999999999998	0.9999999999999999	418.00000000000614	9.999999999999998	12.334884483093878	0.6199315706931623	9.738581506948826	9.999999999999998	0.9999999999999999	340.00000000000006	9.999999999999998	3.3694678002867224	0.16934406387791742	2.736502428683752	9.999999999999998	0.9999999999999999	317.00000000000006	9.999999999999998	13.667785841104532	0.6869210616432498	10.911047246593958	9.999999999999998	0.9999999999999999
4.0	10.0	355.1122571185385	9.999999999999998	11.370042155665995	0.8571601866011347	13.875618422307843	9.999999999999998	0.9999999999999999	418.00000000000006	9.999999999999998	9.520341961883785	0.7177157288276494	11.274684907871693	9.999999999999998	0.9999999999999999	340.00000000000006	9.999999999999998	3.741830232163778	0.2820875996869514	4.558372959570702	9.999999999999998	0.9999999999999999	317.00000000000006	9.999999999999998	8.996745625484065	0.6782430578148685	10.773205920909337	9.999999999999998	0.9999999999999999
4.5	10.0	351.15806831380314	9.999999999999998	10.12844164485792	0.6400404128486178	10.243735115079122	9.999999999999998	0.9999999999999999	418.7457381143481	9.999999999999998	6.990838255903572	0.4417677625400585	7.0763598155892735	9.999999999999998	0.9999999999999999	340.00000000000006	9.999999999999998	5.0673491449250525	0.320217892592836	5.1745365070488045	9.999999999999998	0.9999999999999999	317.00000000000006	9.999999999999998	10.771463138501344	0.6806744764778451	10.81182655054111	9.999999999999998	0.9999999999999999
5.0	10.0	355.2012994298608	9.999999999999998	7.138325118294038	0.5355071912652113	8.697597605433375	9.999999999999998	0.9999999999999999	421.6308066783385	9.999999999999998	10.239066548713962	0.7681204873433642	12.076249947904113	9.999999999999998	0.9999999999999999	340.00000000000006	9.999999999999998	2.907859355395291	0.21814355191125628	3.5250740175764474	9.999999999999998	0.9999999999999999	322.45799820851164	9.999999999999998	10.486822952211707	0.7867068270738184	12.405529484041963	9.999999999999998	0.9999999999999999
5.5	10.0	359.99999999999994	9.999999999999998	9.561564203449299	0.6035088865450895	9.484595156262474	9.999999999999998	0.9999999999999999	423.8802942988983	9.999999999999998	10.237203490269911	0.6461540338263398	10.171588896470839	9.999999999999998	0.9999999999999999	340.00000000000006	9.999999999999998	9.654932133081225	0.6094021038108227	9.84758661706337	9.999999999999998	0.9999999999999999	317.00000000000006	9.999999999999998	12.556190799301246	0.792524378573993	12.588449272486109	9.999999999999998	0.9999999999999999
6.0	10.0	359.99999999999994	9.999999999999998	7.829987493749012	0.5333730325608835	8.382357565715854	9.999999999999998	0.9999999999999999	418.00000000000006	9.999999999999998	8.062871986960612	0.5492369542440076	8.62803105761024	9.999999999999998	0.9999999999999999	340.00000000000006	9.999999999999998	5.951884266404774	0.40543801163898563	6.551644493016519	9.999999999999998	0.9999999999999999	317.00000000000006	9.999999999999998	9.232958063233689	0.6289423636533168	9.99011418981617	9.999999999999998	0.9999999999999999
6.5	10.0	357.48206388587704	9.999999999999998	8.769918717072471	0.6633153648161311	10.53368003243172	9.999999999999998	0.9999999999999999	418.67897706866063	9.999999999999998	9.971288369445512	0.7541813095245519	12.038334260423719	9.999999999999998	0.9999999999999999	340.00000000000006	9.999999999999998	3.552642006587749	0.26870511628270904	4.342119744081968	9.999999999999998	0.9999999999999999	322.23041493348177	9.999999999999998	10.28747138338736	0.7780959041756083	12.225745803072053	9.999999999999998	0.9999999999999999
7.0	10.0	351.429571508474	9.999999999999998	6.053816229182615	0.4565963789368487	7.418144099860217	9.999999999999998	0.9999999999999999	418.00000000000006	9.999999999999998	9.291293869314485	0.7007763327728135	11.008581845925585	9.999999999999998	0.9999999999999999	340.00000000000006	9.999999999999998	5.522430083156404	0.41651769453226195	6.730685780040045	9.999999999999998	0.9999999999999999	317.79438832820034	9.999999999999998	12.664570149428863	0.9551986139165787	15.19846292654614	9.999999999999998	0.9999999999999999
7.5	10.0	359.99999999999994	9.999999999999998	4.794407791442914	0.32773673580583274	5.15062880804993	9.999999999999998	0.9999999999999999	420.5973761160141	9.999999999999998	10.268381726870578	0.7019273402607253	11.232954235874768	9.999999999999998	0.9999999999999999	340.00000000000006	9.999999999999998	7.563347500627529	0.5170162675867961	8.354684773245063	9.999999999999998	0.9999999999999999	319.4448984590754	9.999999999999998	11.148898299923612	0.7621178038233773	12.286239614642955	9.999999999999998	0.9999999999999999
8.0	10.0	356.7346447176287	9.999999999999998	7.772953281682157	0.39083914927752944	6.231143484399114	9.999999999999998	0.9999999999999999	420.5693035057226	9.999999999999998	14.717544412033012	0.7400266448286691	11.825134875452159	9.999999999999998	0.9999999999999999	346.95545770046067	9.999999999999996	15.759964237539036	0.79244153309912	12.480334185382194	9.999999999999996	0.9999999999999999	323.63050825510226	9.999999999999998	13.043975246689756	0.6558763450473344	10.371267731963359	9.999999999999998	0.9999999999999999
8.5	10.0	352.14273546192186	9.999999999999998	158.89394447509645	0.761259742861352	11.97948637647314	9.999999999999998	0.9999999999999999	420.36283906958073	4.797139432627256	204.41979730864267	0.9793737756905954	7.64050597058252	4.797139432627256	0.9999999999999999	344.02511728413356	9.999999999999998	58.62007918405893	0.28084837690691805	4.520957554931612	9.999999999999998	0.9999999999999999	321.2971902499065	9.999999999999998	63.48502680842185	0.3041563059144764	4.915521688949307	9.999999999999998	0.9999999999999999
9.0	10.0	351.28516605368674	9.999999999999998	195.38516148881644	0.8136006531883524	13.119113868072152	9.999999999999998	0.9999999999999999	420.2178548508221	5.232336628983134	230.8387851967675	0.9612325981471516	8.008211206785651	5.232336628983134	0.9999999999999999	344.0973071971742	9.999999999999998	97.90419403750975	0.4076815025861443	6.534868949078809	9.999999999999998	0.9999999999999999	321.2698420241729	9.999999999999998	69.03553169375557	0.2874699043225945	4.654375545183933	9.999999999999998	0.9999999999999999
9.5	10.0	353.9601261619829	9.999999999999998	16.91837842433988	0.6717536677810156	10.584538009618553	9.999999999999998	0.9999999999999999	419.1110905220966	9.999999999999998	17.50649942493038	0.6951053406976901	11.198920025318122	9.999999999999998	0.9999999999999999	344.96316479390526	9.999999999999998	18.094036184216485	0.7184338159869532	11.295378837710851	9.999999999999998	0.9999999999999999	318.9336475007125	9.999999999999998	16.742785980602697	0.664781671697432	10.578249524132179	9.999999999999998	0.9999999999999999
10.0	10.0	358.96939337590953	9.999999999999998	9.58816257985535	0.7144521026294245	11.601943589919296	9.999999999999998	0.9999999999999999	423.99999999999994	9.999999999999998	11.329887601065646	0.8442349565643803	13.32677309755071	9.999999999999998	0.9999999999999999	341.5758478096014	9.999999999999998	7.5012430859469825	0.5589474365348222	8.880384120389655	9.999999999999998	0.9999999999999999	317.00000000000006	9.999999999999998	10.170475819258998	0.7578425765409719	12.037563877191824	9.999999999999998	0.9999999999999999
0.0	10.5	349.79373314216446	9.999999999999998	8.779441311371334	0.5983280225206768	9.570803792757456	9.999999999999998	0.9999999999999999	420.9949249941393	9.999999999999998	12.217978240327758	0.8326678771993637	13.401397703269488	9.999999999999998	0.9999999999999999	340.00000000000006	9.999999999999998	2.943659576455073	0.20061345031980274	3.241797683694035	9.999999999999998	0.9999999999999999	322.78834161751587	9.999999999999998	7.336685400397634	0.5000027122216238	7.983452499789609	9.999999999999998	0.9999999999999999
0.5	10.5	351.86527368493967	9.999999999999998	8.648932879687	0.5423361892296145	8.60087853980842	9.999999999999998	0.9999999999999999	418.00000000000006	9.999999999999998	6.658728911536576	0.4175393326819869	6.559176876786678	9.999999999999998	0.9999999999999999	340.00000000000006	9.999999999999998	7.22107699033822	0.452801684502772	7.317014136658545	9.999999999999998	0.9999999999999999	319.6064861416479	9.999999999999998	11.335952930362456	0.7108272892229387	11.353984682327292	9.999999999999998	0.9999999999999999
1.0	10.5	359.99999999999994	9.999999999999998	9.458348290813209	0.7170662452042051	11.26923428570757	9.999999999999998	0.9999999999999999	423.43777531382324	9.999999999999998	9.738115863376203	0.7382762785651561	11.617402664729285	9.999999999999998	0.9999999999999999	340.00000000000006	9.999999999999998	8.811041271841436	0.6679919248982747	10.79436434301628	9.999999999999998	0.9999999999999999	317.00000000000006	9.999999999999998	7.852923925002049	0.5953541252276449	9.456598947881862	9.999999999999998	0.9999999999999999
1.5	10.5	359.9999999999961	9.999999999999998	8.15858647816413	0.6111901772120745	9.605312404803414	9.999999999999998	0.9999999999999999	422.55920615960525	9.999999999999998	9.226701226451219	0.6912066413429193	11.121613943730244	9.999999999999998	0.9999999999999999	340.84485453433564	9.999999999999998	8.868235611184273	0.664352643593944	10.451689094491895	9.999999999999998	0.9999999999999999	317.00000000000006	9.999999999999998	10.16109061823048	0.7612052396877588	12.090976384854933	9.999999999999998	0.9999999999999999
2.0	10.5	352.8619090045052	9.999999999999998	79.65321880530688	1.0348371760528647	16.421950662785544	9.999999999999998	0.9999999999999999	419.5410029151442	9.999999999999998	35.161707251370956	0.45681320080918064	7.215133952636068	9.999999999999998	0.9999999999999999	340.8671068588169	9.999999999999998	17.66204685934884	0.22946144511644265	3.6087324136462247	9.999999999999998	0.9999999999999999	321.18651324727455	9.999999999999998	22.64571812315259	0.2942082108386947	4.781519032467194	9.999999999999998	0.9999999999999999
2.5	10.5	351.9689004395818	9.999999999999998	253.03372936408533	0.7058213678044504	11.153287675353402	9.999999999999998	0.9999999999999999	418.4434719465413	5.2676077683448534	356.10565114139376	0.9933338863683848	8.409233783471533	5.2676077683448534	0.9999999999999999	344.6282579707165	9.999999999999998	81.05918990746292	0.22610941409824087	3.5565409122059894	9.999999999999998	0.9999999999999999	321.0085676047597	9.999999999999998	81.39350722676858	0.22704197082965394	3.647190752948112	9.999999999999998	0.9999999999999999
3.0	10.5	352.7023629883229	9.999999999999998	104.99748919765547	0.9096157036690102	14.356985281598647	9.999999999999998	0.9999999999999999	418.6893733154638	9.999999999999998	37.09234228506522	0.32133889377913594	5.131942535731683	9.999999999999998	0.9999999999999999	347.20875584725786	9.999999999999998	30.89271350630479	0.2676301838169101	4.247583372385001	9.999999999999998	0.9999999999999999	323.92452031440206	9.999999999999998	38.80324034026661	0.33616076952378665	5.283172155732749	9.999999999999998	0.9999999999999999
3.5	10.5	354.9100054567671	9.999999999999998	17.46356550803278	0.8224502260249317	13.152187305638124	9.999999999999998	0.9999999999999999	418.0000000000003	9.999999999999998	16.159997317956	0.761058412762376	11.955560475728806	9.999999999999998	0.9999999999999999	340.00000000000006	9.999999999999998	10.572426824205662	0.4979106258226816	8.045948618627017	9.999999999999998	0.9999999999999999	317.00000000000006	9.999999999999998	12.390764358956284	0.5835456077373071	9.269032574620446	9.999999999999998	0.9999999999999999
4.0	10.5	359.99999999999994	9.999999999999998	8.761288028141744	0.6626625801368894	10.41423985284293	9.999999999999998	0.9999999999999999	418.00000000000006	9.999999999999998	10.348569690365215	0.7827170924773618	12.295799346773006	9.999999999999998	0.9999999999999999	346.1285583027495	5.574704072812601	9.060958079826856	0.6853282120624191	6.252773450897454	5.574704072812601	0.9999999999999999	324.99999999999994	9.999999999999998	9.622506647587397	0.7278011020746085	11.827518138009966	9.999999999999998	0.9999999999999999
4.5	10.5	359.99999999999994	9.999999999999998	5.049471848029692	0.3774827765082049	5.932425177926091	9.999999999999998	0.9999999999999999	423.99999999999994	9.999999999999998	11.269897965164144	0.8425024443921435	13.29942431694335	9.999999999999998	0.9999999999999999	340.00000000000006	9.999999999999998	9.446604253953481	0.7061986896209765	11.411763630960593	9.999999999999998	0.9999999999999999	323.7829978970089	9.999999999999998	10.279822685615631	0.7684875024884784	12.103033815490717	9.999999999999998	0.9999999999999999
5.0	10.5	359.99999999999994	9.999999999999998	12.667382328891062	0.8710010638665029	13.68843550712238	9.999999999999998	0.9999999999999999	419.2609041884005	9.999999999999998	10.150023994287434	0.6979091234288832	11.148688694991534	9.999999999999998	0.9999999999999999	340.00000000000006	9.999999999999998	6.227760233323026	0.4282167892223651	6.919736404548196	9.999999999999998	0.9999999999999999	317.6671798057179	9.999999999999998	11.287979938709906	0.7761542424669816	12.428107365061559	9.999999999999998	0.9999999999999999
5.5	10.5	350.77420515104075	9.999999999999998	9.844502936244531	0.7342349328323314	11.575830381110123	9.999999999999998	0.9999999999999999	418.00000000000006	9.999999999999998	9.820574765850267	0.7324502923384423	11.506151983437354	9.999999999999998	0.9999999999999999	340.00000000000006	9.999999999999998	4.568051913333587	0.3407001157379489	5.505517423048618	9.999999999999998	0.9999999999999999	317.00000000000006	9.999999999999998	11.001074309513621	0.8204957740416468	13.032746637267213	9.999999999999998	0.9999999999999999
6.0	10.5	357.3513054431923	9.999999999999998	9.437419080389835	0.5111769017729495	8.167155451108394	9.999999999999998	0.9999999999999999	423.99999999999994	9.999999999999998	8.95223148319853	0.4848967619806761	7.654396530737273	9.999999999999998	0.9999999999999999	343.22089748385645	9.999999999999998	7.488106032420607	0.4055925469871139	6.392935066692539	9.999999999999998	0.9999999999999999	317.00000000000006	9.999999999999998	11.732380396900242	0.6354832619620638	10.094009752883021	9.999999999999998	0.9999999999999999
6.5	10.5	359.99999999999994	9.999999999999998	10.97809652460002	0.830526296370937	13.05234415486917	9.999999999999998	0.9999999999999999	418.9831569399339	9.999999999999998	7.235460743842156	0.547384548920194	8.895093285974752	9.999999999999998	0.9999999999999999	340.00000000000006	9.999999999999998	6.257960753054738	0.4734337100628286	7.650415773307957	9.999999999999998	0.9999999999999999	317.00000000000006	9.999999999999998	13.182573927129837	0.9973016975940757	15.841130151878565	9.999999999999998	0.9999999999999999
7.0	10.5	359.99999999999994	9.999999999999998	9.061527002262235	0.5706072341570042	8.96752099243448	9.999999999999998	0.9999999999999999	420.3856956985889	9.999999999999998	9.499580936086286	0.598191629538548	9.480670383397673	9.999999999999998	0.9999999999999999	340.00000000000006	9.999999999999998	9.226174416756189	0.5809751341557619	9.388223178394073	9.999999999999998	0.9999999999999999	317.1654509223881	9.999999999999998	10.799532243905366	0.6800499763832071	10.888441072950853	9.999999999999998	0.9999999999999999
7.5	10.5	354.40402932599613	9.999999999999998	7.182560839205714	0.5395807371457626	8.485028336201655	9.999999999999998	0.9999999999999999	423.99999999999994	9.999999999999998	7.733956952035001	0.5810036680029186	9.17150372904408	9.999999999999998	0.9999999999999999	340.00000000000006	9.999999999999998	7.506751901026974	0.5639351778570406	9.11286730982503	9.999999999999998	0.9999999999999999	317.00000000000006	9.999999999999998	11.083004423349472	0.8325965947824779	13.224955952424802	9.999999999999998	0.9999999999999999
8.0	10.5	359.99999999999994	9.999999999999998	8.680406865819682	0.5484067766324345	8.61862413838855	9.999999999999998	0.9999999999999999	423.99999999999994	9.999999999999998	7.930679175061911	0.5010408233313823	7.909240565352171	9.999999999999998	0.9999999999999999	340.00000000000006	9.999999999999998	7.070174199094227	0.4466762333483013	7.218030377930061	9.999999999999998	0.9999999999999999	317.00000000000006	9.999999999999998	10.051289861039692	0.6350157957913344	10.08658452492042	9.999999999999998	0.9999999999999999
8.5	10.5	351.64366994729176	9.999999999999998	29.665258425089398	1.016066485887318	16.283791998782092	9.999999999999998	0.9999999999999999	421.36270721438075	9.999999999999998	18.364909517399568	0.629017580416595	9.949174862206617	9.999999999999998	0.9999999999999999	341.2183125417771	9.999999999999998	10.130712552976386	0.34698762288655965	5.457322079113046	9.999999999999998	0.9999999999999999	321.9481187107542	9.999999999999998	12.44165136235389	0.4261397220018987	6.7043228364292355	9.999999999999998	0.9999999999999999
9.0	10.5	350.9713596721118	9.999999999999998	234.43676370585194	0.8894255793362785	14.111142120455153	9.999999999999998	0.9999999999999999	420.59102530984393	4.6489151240217	264.83731570592875	1.004761707285634	7.96319765027561	4.6489151240217	0.9999999999999999	342.8841310508983	9.999999999999998	64.69007727599265	0.2454265642853701	3.855444641022168	9.999999999999998	0.9999999999999999	321.78510311241064	9.999999999999998	82.5521627626321	0.3131932211909476	4.945327043804065	9.999999999999998	0.9999999999999999
9.5	10.5	350.12359495672433	9.999999999999998	48.25072429493762	0.9095894986523414	14.356656524000124	9.999999999999998	0.9999999999999999	420.3683513386262	9.999999999999998	37.27941989974887	0.702766007187593	11.130936500685408	9.999999999999998	0.9999999999999999	340.25927213066143	9.999999999999998	15.550908025423139	0.2931550322016071	4.717434099095451	9.999999999999998	0.9999999999999999	322.33642247447517	9.999999999999998	21.923910683098345	0.41329449905957966	6.501383172195318	9.999999999999998	0.9999999999999999
10.0	10.5	348.63000033530454	9.999999999999998	11.704530166316243	0.7276372447759798	11.430586759061079	9.999999999999998	0.9999999999999999	418.00000000000006	9.999999999999998	7.880060468210017	0.4898808757191709	7.695599099030259	9.999999999999998	0.9999999999999999	340.00000000000006	9.999999999999998	5.055529502746404	0.31428784462006576	5.078710351067361	9.999999999999998	0.9999999999999999	322.7269131152315	9.999999999999998	7.736147555530503	0.4809342205538773	7.656300724630869	9.999999999999998	0.9999999999999999
0.0	11.0	359.99999999999994	9.999999999999998	5.666998314985378	0.3865722732763638	6.075273442371162	9.999999999999998	0.9999999999999999	422.62596615045015	9.999999999999998	10.684057740801137	0.7288091965293065	11.776370618631393	9.999999999999998	0.9999999999999999	340.00000000000006	9.999999999999998	6.696487974545758	0.45679854402685954	7.38160108198341	9.999999999999998	0.9999999999999999	324.4296408481974	9.999999999999998	8.634137205208733	0.5889745967228477	9.30804507652165	9.999999999999998	0.9999999999999999
0.5	11.0	359.99999999999994	9.999999999999998	9.97867259818358	0.6835601871636762	10.74266143337409	9.999999999999998	0.9999999999999999	421.0613213626902	9.999999999999998	6.890472712687488	0.4720119605876471	7.567227053707768	9.999999999999998	0.9999999999999999	340.00000000000006	9.999999999999998	6.555164656244382	0.44904264923240134	7.256270294144567	9.999999999999998	0.9999999999999999	317.00000000000006	9.999999999999998	13.734891622477429	0.9408691382301181	14.944755945512854	9.999999999999998	0.9999999999999999
1.0	11.0	353.9901609714221	9.999999999999998	10.225322322518414	0.6458589763539282	10.170111933058356	9.999999999999998	0.9999999999999999	418.94488485559583	9.999999999999998	8.472857435671761	0.5351685607156447	8.679936695398561	9.999999999999998	0.9999999999999999	340.00000000000006	9.999999999999998	2.733501869437179	0.1726553612269337	2.790011084553789	9.999999999999998	0.9999999999999999	321.43543025900703	9.999999999999998	12.036260347849456	0.7602427133540783	12.183375909658864	9.999999999999998	0.9999999999999999
1.5	11.0	359.99999999999994	9.999999999999998	6.896687393472391	0.47288015479473067	7.43166658462064	9.999999999999998	0.9999999999999999	418.00000000000006	9.999999999999998	8.740038878575907	0.5992718970740579	9.41403614588337	9.999999999999998	0.9999999999999999	345.2245474725491	9.999999999999998	8.88345160462779	0.6091051732870898	9.63277973705857	9.999999999999998	0.9999999999999999	319.4894528741099	9.999999999999998	12.510365315865075	0.8577891311565345	13.790696732327284	9.999999999999998	0.9999999999999999
2.0	11.0	353.73343803055	9.999999999999998	28.188905419968954	0.9235215851455167	14.6545335334001	9.999999999999998	0.9999999999999999	422.5513807323607	9.999999999999998	12.935081369035398	0.42377760583266266	6.815408607257523	9.999999999999998	0.9999999999999999	340.00000000000006	9.999999999999998	10.428495661282854	0.341657141357768	5.520982405245074	9.999999999999998	0.9999999999999999	317.00000000000006	9.999999999999998	16.011231261897557	0.5245580647712631	8.332075034370709	9.999999999999998	0.9999999999999999
2.5	11.0	352.7953934774594	9.999999999999998	96.77838474611863	0.9857004297584693	15.60320815532242	9.999999999999998	0.9999999999999999	419.8445780497739	9.999999999999998	23.138289146091164	0.2356664829136084	3.702515743851631	9.999999999999998	0.9999999999999999	340.00000000000006	9.999999999999998	19.06298851445475	0.19415901619428932	3.1374977498446857	9.999999999999998	0.9999999999999999	319.97132535253553	9.999999999999998	23.879622515238015	0.243217059651165	3.8328167074503052	9.999999999999998	0.9999999999999999
3.0	11.0	352.320537808341	9.999999999999998	42.43551784265809	0.9406951122474839	14.77712545893549	9.999999999999998	0.9999999999999999	421.1639640957535	9.999999999999998	14.534661538617488	0.3221990861109409	5.137743547880543	9.999999999999998	0.9999999999999999	343.8931787477229	9.999999999999998	13.327640208209797	0.29544227663584655	4.797683483773587	9.999999999999998	0.9999999999999999	322.5814901570039	9.999999999999998	17.668910190161643	0.3916779692957248	6.199032386147287	9.999999999999998	0.9999999999999999
3.5	11.0	352.4368280355951	9.999999999999998	8.31112645659185	0.6295001822329954	9.890783862294118	9.999999999999998	0.9999999999999999	423.99999999999994	9.999999999999998	7.401034253494234	0.5605681053730184	8.848915681520252	9.999999999999998	0.9999999999999999	340.00000000000006	9.999999999999998	4.6475975706326285	0.3520176877273259	5.688402860698564	9.999999999999998	0.9999999999999999	317.00000000000006	9.999999999999998	9.633823726527853	0.7296837345844824	11.590289114263976	9.999999999999998	0.9999999999999999
4.0	11.0	359.99999999999994	9.999999999999998	8.310446555092144	0.6885289646595338	10.820749501371804	9.999999999999998	0.9999999999999999	423.99999999999994	9.999999999999998	9.437740336658097	0.7819264030695243	12.34319388419789	9.999999999999998	0.9999999999999999	341.6254074647735	9.999999999999998	7.646038246967285	0.6334820593612747	10.086645159536838	9.999999999999998	0.9999999999999999	317.000000001752	9.999999999999998	12.963918579207878	1.0740738633116118	17.06057846261063	9.999999999999998	0.9999999999999999
4.5	11.0	359.99999999999994	9.999999999999998	5.448563498027676	0.4057114369892104	6.376059766305793	9.999999999999998	0.9999999999999999	423.99999999999994	9.999999999999998	11.618361173062558	0.8651274796905957	13.656574550302057	9.999999999999998	0.9999999999999999	340.39963577916905	9.999999999999998	6.4090801704258675	0.4772335179105083	7.619717214467944	9.999999999999998	0.9999999999999999	317.0000000000546	9.999999999999998	9.378470578044226	0.6983405399160179	11.092434124854718	9.999999999999998	0.9999999999999999
5.0	11.0	357.96496132445213	9.999999999999998	11.080209923424725	0.7588403000227881	11.920633067772046	9.999999999999998	0.9999999999999999	421.61805349377477	9.999999999999998	9.469003772399663	0.6484950838678475	10.197130722204278	9.999999999999998	0.9999999999999999	343.80596445436487	1.2254966199633825	11.720858970142418	0.8027158509537136	4.34906320027094	1.2254966199633825	1.2011350533065134e-14	317.00000000000006	9.999999999999998	10.629586196439512	0.727978841030037	11.563208602161948	9.999999999999998	0.9999999999999999
5.5	11.0	359.99999999999994	9.999999999999998	11.346505592719256	0.7171812573410885	11.271041787768791	9.999999999999998	0.9999999999999999	418.56030234949907	9.999999999999998	8.815252985941992	0.5571877763224657	8.845981505511222	9.999999999999998	0.9999999999999999	343.6628282961632	9.999999999999998	7.406088579429224	0.4681183890468249	7.512122077457696	9.999999999999998	0.9999999999999999	323.7012858439288	9.999999999999998	9.074308597693667	0.5735619655245181	9.050607102366897	9.999999999999998	0.9999999999999999
6.0	11.0	359.99999999999994	9.999999999999998	5.641001944186728	0.4674713513408831	7.3466631784020215	9.999999999999998	0.9999999999999999	423.99999999999994	9.999999999999998	8.4221073213302	0.697942303440881	11.017452713626414	9.999999999999998	0.9999999999999999	342.3594618286931	9.999999999999998	6.692993560245679	0.5546501800709727	8.824966071739887	9.999999999999998	0.9999999999999999	317.00000000000006	9.999999999999998	7.578005046176236	0.6279913204168845	9.97500782859696	9.999999999999998	0.9999999999999999
6.5	11.0	351.2623789621205	9.999999999999998	7.100929674102089	0.5895515434244187	9.492818817938149	9.999999999999998	0.9999999999999999	423.3758582906279	9.999999999999998	8.369312230341222	0.6948584437885527	10.947249478609704	9.999999999999998	0.9999999999999999	340.00000000000006	9.999999999999998	5.0607697244848335	0.4201681665524842	6.789675303029064	9.999999999999998	0.9999999999999999	323.636713516071	9.999999999999998	7.538008280031026	0.6258398012370525	9.894326004912232	9.999999999999998	0.9999999999999999
7.0	11.0	359.99999999999994	9.999999999999998	7.9973106654980235	0.5487311582142148	8.623722038432652	9.999999999999998	0.9999999999999999	418.00000000000006	9.999999999999998	5.942367481705493	0.4077323399275101	6.4051176180030955	9.999999999999998	0.9999999999999999	342.90439191901635	9.999999999999998	9.748116983162472	0.6688617894582306	10.506685406366419	9.999999999999998	0.9999999999999806	321.5429558655714	9.999999999999998	7.434493157759872	0.5101137384587499	8.12959398962269	9.999999999999998	0.9999999999999999
7.5	11.0	359.99999999999994	9.999999999999998	7.676056741944612	0.5770581527796872	9.068902020761012	9.999999999999998	0.9999999999999999	418.00000000000006	9.999999999999998	9.734038313925842	0.7317697559251938	11.495461352983646	9.999999999999998	0.9999999999999999	345.70866031050144	9.999999999999998	9.264034788763716	0.6964365926686013	11.291025584814602	9.999999999999998	0.9999999999999999	319.4541823902017	9.999999999999998	12.332817061828202	0.9271365326652693	14.937815007963644	9.999999999999998	0.9999999999999999
8.0	11.0	354.8875600549494	9.999999999999998	10.783481438532474	0.6815940567255809	10.886992193937335	9.999999999999998	0.9999999999999999	418.88035465401674	9.999999999999998	9.680831155801174	0.6118985800244391	9.881274656660494	9.999999999999998	0.9999999999999999	340.31375645657016	9.999999999999998	8.55627534304368	0.5408185153161323	8.674882926799889	9.999999999999998	0.9999999999999999	317.00000000000006	9.999999999999998	8.349532806264364	0.5277508909923565	8.382789854011232	9.999999999999998	0.9999999999999999
8.5	11.0	356.5429482070394	9.999999999999998	9.41271504780549	0.7017046747338033	11.10008842864081	9.999999999999998	0.9999999999999999	418.7868245969097	9.999999999999998	9.746596261862614	0.7265950498827146	11.665937962408316	9.999999999999998	0.9999999999999999	340.00000000000006	9.999999999999998	8.238652814438758	0.6141799856937459	9.924794433370467	9.999999999999998	0.9999999999999999	320.6577405134731	9.999999999999998	10.806706108601203	0.805624748690099	12.736477753980987	9.999999999999998	0.9999999999999999
9.0	11.0	350.7337641964438	9.999999999999998	104.57349468184141	1.028151448534757	16.194869572960574	9.999999999999998	0.9999999999999999	420.90177311722647	4.5694934286749485	93.21498226131315	0.9164762000992275	7.548631039688222	4.5694934286749485	0.9999999999999999	340.00000000000006	9.999999999999998	20.596957745083657	0.20250630435031422	3.2723851134097446	9.999999999999998	0.9999999999999999	320.75274962658693	9.999999999999998	31.431358017893206	0.30902855808569407	4.902149394481813	9.999999999999998	0.9999999999999999
9.5	11.0	352.5083121730364	9.999999999999998	33.771183233357284	0.771312995974044	12.127077710345612	9.999999999999998	0.9999999999999999	420.4822864648723	5.125022533019307	40.68669443505322	0.929259006536194	7.851249557517565	5.125022533019307	0.9999999999999999	344.1992271898261	9.999999999999998	28.07843995913621	0.6412942507080068	10.224972589122494	9.999999999999998	0.9999999999999999	322.11322471494736	9.999999999999998	24.52592461052711	0.5601569912331021	8.799314779182506	9.999999999999998	0.9999999999999999
10.0	11.0	350.53861253754934	9.999999999999998	15.17984975349498	0.9536437086933213	14.98256363367282	9.999999999999998	0.9999999999999999	418.00000000000006	9.999999999999998	9.686979575019288	0.6085651227101853	9.560024573636293	9.999999999999998	0.9999999999999999	340.00000000000006	9.999999999999998	3.045052295577319	0.19129932189552	3.091286738872864	9.999999999999998	0.9999999999999999	317.00000000000006	9.999999999999998	13.383432432630864	0.8407873824417821	13.355058341371349	9.999999999999998	0.9999999999999999
0.0	11.5	359.99999999999994	9.999999999999998	9.219969566331834	0.8621720613056622	13.549681104676768	9.999999999999998	0.9999999999999999	418.00000000000006	9.999999999999998	7.865213445293985	0.7354869492737395	11.553855201777997	9.999999999999998	0.9999999999999999	340.00000000000006	9.999999999999998	7.336678672257093	0.6860629342092046	11.08638143375869	9.999999999999998	0.9999999999999999	318.93694344782114	9.999999999999998	10.435315030185597	0.9758206906455708	15.529928241594256	9.999999999999998	0.9999999999999999
0.5	11.5	359.99999999999994	9.999999999999998	10.287800912065716	0.7744848737969753	12.171611133458484	9.999999999999998	0.9999999999999999	423.99999999999994	9.999999999999998	9.45149532377476	0.7115262266050778	11.23188337700538	9.999999999999998	0.9999999999999999	340.00000000000006	9.999999999999998	6.177816742234397	0.4650775866335782	7.515385636821981	9.999999999999998	0.9999999999999999	317.00000000000006	9.999999999999998	8.667484036372585	0.6525043920877577	10.364373212910865	9.999999999999998	0.9999999999999999
1.0	11.5	359.99999999999994	9.999999999999998	8.873093485279396	0.6730124816419575	10.57689632381012	9.999999999999998	0.9999999999999999	422.1749855208023	9.999999999999998	9.906885560234809	0.7514242521278427	11.877266303343072	9.999999999999998	0.9999999999999999	340.00000000000006	9.999999999999998	6.9984298333574015	0.5308217069457222	7.068986527093036	9.999999999999998	0.5627475664997472	317.00000000000006	9.999999999999998	9.90918636704856	0.7515987653014129	11.93838724214926	9.999999999999998	0.9999999999999999
1.5	11.5	359.99999999999994	9.999999999999998	9.198673995874419	0.6920078694540963	10.87542310154445	9.999999999999998	0.9999999999999999	423.9999999999995	9.999999999999998	9.117031730908455	0.6858659961947718	10.826820703812153	9.999999999999998	0.9999999999999999	340.00000000000006	9.999999999999998	4.795576395534633	0.3607668459352564	5.829784212584629	9.999999999999998	0.9999999999999999	317.00000000000006	9.999999999999998	8.036320568698489	0.6045650794331178	9.602905652005491	9.999999999999998	0.9999999999999999
2.0	11.5	359.0084544001191	9.999999999999998	10.291173949029966	0.7028284759718577	11.38214809045467	9.999999999999998	0.9999999999999999	418.00000000000006	9.999999999999998	5.924695676000357	0.4046229179667966	6.356271324903282	9.999999999999998	0.9999999999999999	344.95010300279233	9.999999999999998	7.473469148556239	0.5103953113529462	8.02334295112659	9.999999999999998	0.9999999999999999	324.7999983901042	9.999999999999998	7.065736312132101	0.48254948448742413	7.755426460211027	9.999999999999998	0.9999999999999999
2.5	11.5	359.99999999999994	9.999999999999998	13.453093031942005	0.9226445052273557	14.500050952568309	9.999999999999998	0.9999999999999999	423.99999999999994	9.999999999999998	10.116303761175166	0.6937997125492067	10.952059343664581	9.999999999999998	0.9999999999999999	343.36557667413115	9.999999999999998	11.248738802253007	0.771464749555686	12.211064695320967	9.999999999999998	0.9999999999999999	317.00000000000006	9.999999999999998	12.786281267759273	0.8769129988159007	13.928877269164026	9.999999999999998	0.9999999999999999
3.0	11.5	358.13234986965705	9.999999999999998	14.198740772303415	0.8922163476503532	14.023871066230901	9.999999999999998	0.9999999999999999	423.99999999999994	9.999999999999998	6.637152405650291	0.4170634546493933	6.5836056469538535	9.999999999999998	0.9999999999999999	340.00000000000006	9.999999999999998	7.463051779325055	0.4689610795531594	7.578140643185072	9.999999999999998	0.9999999999999999	322.3507191153063	9.999999999999998	11.477821857597945	0.7212400353659049	11.348114469086322	9.999999999999998	0.9999999999999999
3.5	11.5	359.1940644063724	9.999999999999998	7.735663596543417	0.4809041342044943	7.699810964284502	9.999999999999998	0.9999999999999999	423.99999999999994	9.999999999999998	10.651637265825034	0.6621818972933106	10.452952493753575	9.999999999999998	0.9999999999999999	341.01284707550207	9.999999999999998	7.086299720119932	0.4405350347888153	6.9201277735076125	9.999999999999998	0.9999999999999999	317.00000000000006	9.999999999999998	10.129063420647716	0.6296949723596559	10.00206861895162	9.999999999999998	0.9999999999999999
4.0	11.5	359.99999999999994	9.999999999999998	8.270081310374122	0.6904715359020356	10.851278466575286	9.999999999999998	0.9999999999999999	418.00000000000006	9.999999999999998	8.982304466662747	0.7499352579830649	11.780825465360477	9.999999999999998	0.9999999999999999	340.00000000000006	9.999999999999998	6.14841413610489	0.5133329156743298	8.295163930155887	9.999999999999998	0.9999999999999999	317.00000000000006	9.999999999999998	10.30994354346925	0.8607802373832346	13.672624648537195	9.999999999999998	0.9999999999999999
4.5	11.5	359.99999999999994	9.999999999999998	8.189702610648112	0.5174052875296482	8.131412466884449	9.999999999999998	0.9999999999999999	422.2375346421351	9.999999999999998	7.957758268920253	0.5027516139436814	7.96353466437932	9.999999999999998	0.9999999999999999	344.0579662856266	9.999999999999998	8.522838644363555	0.5384520035711949	8.650596659362563	9.999999999999998	0.9999999999999999	317.00000000000006	9.999999999999998	8.604148641854566	0.5435889694209894	8.634361732760558	9.999999999999998	0.9999999999999999
5.0	11.5	355.9299998224308	9.999999999999998	8.855840736185144	0.559753215832821	8.805689938832453	9.999999999999998	0.9999999999999999	423.0297958725952	9.999999999999998	9.571728879989154	0.6050025267236019	9.648841501237637	9.999999999999998	0.9999999999999999	341.15691698617513	9.999999999999998	7.702777066884019	0.4868712483066829	7.651865015104834	9.999999999999998	0.9999999999999999	317.00000000000006	9.999999999999998	9.008093976059444	0.5693767223049256	9.04397414066522	9.999999999999998	0.9999999999999999
5.5	11.5	356.38672460243595	9.999999999999998	9.340585884977319	0.6431576164272957	10.130792193969555	9.999999999999998	0.9999999999999999	418.00000000000006	9.999999999999998	8.500761828454156	0.5853304902637797	9.195028866754772	9.999999999999998	0.9999999999999999	343.88604903023503	1.1451488950552202	8.730614273006948	0.6011572651780087	4.498827347891963	1.1451488950552202	1.047397415474101e-28	317.00000000000006	9.999999999999998	11.406659609703778	0.7854196831243422	12.47559836129355	9.999999999999998	0.9999999999999999
6.0	11.5	359.99999999999994	9.999999999999998	9.941552364427855	0.6280828503980048	9.870793443853248	9.999999999999998	0.9999999999999999	418.00000000000006	9.999999999999998	8.604492152739507	0.5436106715946387	8.539647089520427	9.999999999999998	0.9999999999999999	340.00000000000006	9.999999999999998	7.056685030228179	0.44582402080439293	7.204259114605229	9.999999999999998	0.9999999999999999	317.00000000000006	9.999999999999998	12.157063724880645	0.7680534142851301	12.199752721405302	9.999999999999998	0.9999999999999999
6.5	11.5	356.79232785320016	9.999999999999998	8.13731953849294	0.6812955535481596	10.893514211487505	9.999999999999998	0.9999999999999999	418.575180269893	9.999999999999998	9.188270592128013	0.7692862335812232	12.220830277996054	9.999999999999998	0.9999999999999999	340.00000000000006	9.999999999999998	7.664978080258293	0.6417488534671992	10.3702914404135	9.999999999999998	0.9999999999999999	317.00000000000006	9.999999999999998	10.70260725586795	0.8960737869887729	14.23322703613152	9.999999999999998	0.9999999999999999
7.0	11.5	359.99999999999994	9.999999999999998	5.010595961386011	0.37414108482352443	5.8799079847697735	9.999999999999998	0.9999999999999999	423.99999999999994	9.999999999999998	11.799435834815853	0.881063601528631	13.90813613056958	9.999999999999998	0.9999999999999999	340.00000000000006	9.999999999999998	5.906540484182972	0.441041241667986	7.126972161505586	9.999999999999998	0.9999999999999999	317.00000000000006	9.999999999999998	9.686785161223542	0.7233120244782372	11.489080934907047	9.999999999999998	0.9999999999999999
7.5	11.5	359.99999999999994	9.999999999999998	7.3483394828605	0.5474268519539685	8.603223886518045	9.999999999999998	0.9999999999999999	420.9581519964767	9.999999999999998	6.441826145482988	0.4798946232521882	7.741480199206781	9.999999999999998	0.9999999999999999	340.00000000000006	9.999999999999998	9.900545545707383	0.7375577153661514	11.91850740542612	9.999999999999998	0.9999999999999999	317.00000000000006	9.999999999999998	9.420994207566842	0.7018327355933881	11.147904125907788	9.999999999999998	0.9999999999999999
8.0	11.5	359.99999999999994	9.999999999999998	6.3311177692316045	0.39998446408960736	6.286056088423639	9.999999999999998	0.9999999999999999	418.00000000000006	9.999999999999998	9.431817411145166	0.5958790485500316	9.360737469942384	9.999999999999998	0.9999999999999999	343.8676541446516	9.999999999999998	7.0368150588979335	0.4445686848394503	7.230043085419659	9.999999999999998	0.9999999999999999	323.049091454472	9.999999999999998	11.20284611165715	0.7077682901471871	11.47989839277443	9.999999999999998	0.9999999999999999
8.5	11.5	359.00661590886483	9.999999999999998	10.306338843411245	0.8550823422091415	13.849605688045738	9.999999999999998	0.9999999999999999	423.99999999999994	9.999999999999998	10.246881454210165	0.850149362186638	13.420135663412072	9.999999999999998	0.9999999999999999	340.00000000000006	9.999999999999998	5.342143760037108	0.4432197376928613	7.162175401149385	9.999999999999998	0.9999999999999999	317.00000000000006	9.999999999999998	10.853808526528034	0.9005040643202161	14.303597516785084	9.999999999999998	0.9999999999999999
9.0	11.5	352.4605185424373	9.999999999999998	43.704264400051045	0.9688202240852993	15.22491008268419	9.999999999999998	0.9999999999999999	421.42481255450787	9.999999999999998	30.017610987027773	0.6654194734123845	10.504922150034835	9.999999999999998	0.9999999999999999	340.9697057560265	9.999999999999973	13.754394942577319	0.30490242024093883	4.7903701992653245	9.999999999999973	0.9999999999999999	322.44213173044693	9.999999999999998	21.35071287517253	0.4732948309749237	7.460491012596637	9.999999999999998	0.9999999999999999
9.5	11.5	352.76980077459706	9.999999999999998	36.75871482160711	0.8146631901043535	12.88457236728891	9.999999999999998	0.9999999999999999	421.1443422595643	4.547537347807568	39.44080925690382	0.8741049747103699	6.730869026053265	4.547537347807568	0.9999999999999999	344.5140637935895	9.999999999999998	27.050549189978724	0.5995064518476909	9.450574106032919	9.999999999999998	0.9999999999999999	319.6686370351275	9.999999999999998	18.693181101988507	0.41428669700913573	6.597360870259405	9.999999999999998	0.9999999999999999
10.0	11.5	359.99999999999994	9.999999999999998	8.95862469796011	0.5633349743572285	8.853231970997042	9.999999999999998	0.9999999999999999	420.9601692021242	9.999999999999998	10.091329666851502	0.6345615684068745	10.235190161826063	9.999999999999998	0.9999999999999999	343.2816776612434	9.999999999999998	9.730248382791453	0.6118561060446484	9.65917435308743	9.999999999999998	0.9999999999999999	317.00000000000006	9.999999999999998	10.426822508224124	0.6556579819260963	10.414464802241637	9.999999999999998	0.9999999999999999
0.0	12.0	348.2676303160278	9.999999999998655	2.5939462997330667	0.19605590487227373	3.0921200468379544	9.999999999998655	0.9999999999999999	420.668798850579	9.999999999999998	9.1754219609952	0.6934976469377812	11.142929645830245	9.999999999999998	0.9999999999999999	340.00000000000006	9.999999999999998	7.226457953949786	0.546190857277524	8.826129320613928	9.999999999999998	0.9999999999999999	317.00000000000006	9.999999999999998	6.792984302006831	0.5134280089954641	8.155285340171408	9.999999999999998	0.9999999999999999
0.5	12.0	359.5969811787559	9.999999999999998	7.043825630388388	0.48523916988408994	7.648059707878124	9.999999999999998	0.9999999999999999	423.24979294560194	9.999999999999998	11.11271151766518	0.7655389549579027	12.101497460223833	9.999999999999998	0.9999999999999999	347.3225672003355	9.999999999999998	6.347910727601604	0.4372985780157465	6.9758327382917535	9.999999999999998	0.9999999999999999	324.99999999999994	9.999999999999998	12.238670787815323	0.8431046941229743	13.701320365627296	9.999999999999998	0.9999999999999999
1.0	12.0	359.99999999999994	9.999999999999998	10.069595086750736	0.8418928637755299	13.230978293574395	9.999999999999998	0.9999999999999999	423.99999999999994	9.999999999999998	8.67214110526118	0.7250553420743077	11.44544886688123	9.999999999999998	0.9999999999999999	340.00000000000006	9.999999999999998	6.406363162468928	0.5356194944058466	8.655302192042727	9.999999999999998	0.9999999999999999	317.4163560436103	9.999999999999998	8.90630867957206	0.7446334887665568	12.115069989716986	9.999999999999998	0.9999999999999999
1.5	12.0	357.9345644740027	9.999999999999998	8.029920394887405	0.6014111627716726	9.448865192482087	9.999999999999998	0.9999999999999999	418.00000000000006	9.999999999999998	9.539671645929795	0.7144859145417519	11.223947356886264	9.999999999999998	0.9999999999999999	340.00000000000006	9.999999999999998	9.691171908687588	0.72583272057527	11.729038250223361	9.999999999999998	0.9999999999999999	317.00000000000006	9.999999999999998	11.622930026546317	0.8705142166203285	13.827239077012026	9.999999999999998	0.9999999999999999
2.0	12.0	351.0307597415676	9.999999999999998	8.76919842575788	0.7306069771857412	11.620335975079803	9.999999999999998	0.9999999999999999	418.00000000000006	9.999999999999998	8.744857333767014	0.728578995746912	11.445337307791723	9.999999999999998	0.9999999999999999	340.00000000000006	9.999999999999998	3.8601493670257434	0.32160887729991006	5.197014017875014	9.999999999999998	0.9999999999999999	317.00000000000006	9.999999999999998	10.741026130230665	0.8948900745398136	14.214424959476483	9.999999999999998	0.9999999999999999
2.5	12.0	358.3484586729309	9.999999999999998	9.584510686749574	0.723908260655197	11.424511468673918	9.999999999999998	0.9999999999999999	422.3938105515155	9.999999999999998	7.974358986084848	0.6022951543512273	9.60373677964674	9.999999999999998	0.9999999999999999	340.00000000000006	9.999999999999998	7.520209223618327	0.5679936886458763	9.178450504040176	9.999999999999998	0.9999999999999999	324.9999999999993	9.999999999999998	10.732016208618383	0.8105781756438355	13.172730911473844	9.999999999999998	0.9999999999999999
3.0	12.0	356.81949329524747	9.999999999999998	9.020705937550433	0.5610522671810809	8.983973639794932	9.999999999999998	0.9999999999999999	423.99999999999994	9.999999999999998	9.82184859714076	0.6108801751752406	9.643122949424608	9.999999999999998	0.9999999999999999	340.00000000000006	9.999999999999998	8.800587457526378	0.5473617674440409	8.845050553759448	9.999999999999998	0.9999999999999999	320.76261496848014	9.999999999999998	10.573006519468567	0.6575992300087129	10.435650140469106	9.999999999999998	0.9999999999999999
3.5	12.0	358.7652344798666	9.999999999999998	7.385954299626743	0.46455132404579186	7.465471475019185	9.999999999999998	0.9999999999999999	418.00000000000006	9.999999999999998	9.209264684468701	0.5792313259877995	9.099216342866866	9.999999999999998	0.9999999999999999	340.00000000000006	9.999999999999998	11.900254031480795	0.7484853740680542	12.095092069174015	9.999999999999998	0.9999999999999999	317.00000000000006	9.999999999999998	7.117236424601146	0.44764988659115973	7.1104663043003775	9.999999999999998	0.9999999999999999
4.0	12.0	359.99999999999994	9.999999999999998	8.422171043495851	0.7884865962612346	12.391658711919325	9.999999999999998	0.9999999999999999	423.9999999999999	9.999999999999998	8.45037352793781	0.7911269227101878	12.48842980066555	9.999999999999998	0.9999999999999999	340.00000000000006	9.999999999999998	7.8131674936578195	0.731471471106108	11.820157207504932	9.999999999999998	0.9999999999999999	317.00000000000006	9.999999999999998	8.135795813538337	0.7616760471573776	12.098454685975549	9.999999999999998	0.9999999999999999
4.5	12.0	359.99999999999994	9.999999999999998	8.307311122734136	0.4199670359300652	6.600097204160405	9.999999999999998	0.9999999999999999	423.3665742004525	9.999999999999998	10.571900717057028	0.5344508882229162	8.421813625102079	9.999999999999998	0.9999999999999999	342.6095914813677	9.999999999999998	8.811212974304617	0.4454412433934876	7.025302613208583	9.999999999999998	0.9999999999999999	317.1587615332345	9.999999999999998	10.01248166340174	0.5061700692749568	8.101466865643554	9.999999999999998	0.9999999999999999
5.0	12.0	359.26877102059046	9.999999999999998	11.143739494060455	0.8444440433908351	13.468385681602214	9.999999999999998	0.9999999999999999	421.8170606918535	9.999999999999998	11.047990986238542	0.8371884666486769	13.151275844139207	9.999999999999998	0.9999999999999999	342.89888328626137	9.999999999999998	6.980529692859217	0.5289666652733261	8.309265599300307	9.999999999999998	0.9999999999999999	324.99999999999994	9.999999999999998	7.1860328083671146	0.544539165140305	8.849322753421067	9.999999999999998	0.9999999999999999
5.5	12.0	350.8588416498692	9.999999999999998	8.554178507687027	0.5863908723785644	9.266512365848524	9.999999999999998	0.9999999999999999	418.00000000000006	9.999999999999998	3.48488209945008	0.23888945649154103	3.752743936870912	9.999999999999998	0.9999999999999999	340.00000000000006	9.999999999999998	6.033885051823955	0.4136241856762152	6.683928345320052	9.999999999999998	0.9999999999999999	317.00000000000006	9.999999999999998	13.656759873629321	0.9361739796481539	14.870178093735369	9.999999999999998	0.9999999999999999
6.0	12.0	359.99999999999994	9.999999999999998	9.94980001646688	0.6801496913003051	10.689062930904043	9.999999999999998	0.9999999999999999	418.00000000000006	9.999999999999998	9.842860193146999	0.6728394852963302	10.569718463161045	9.999999999999998	0.9999999999999999	340.00000000000006	9.999999999999998	2.826802083026873	0.19323489526983573	3.1225644885525283	9.999999999999998	0.9999999999999999	317.00000000000006	9.999999999999998	11.348575072015763	0.7757673339318772	12.322280543628054	9.999999999999998	0.9999999999999999
6.5	12.0	353.7838915217354	9.999999999999998	9.022015222855003	0.5619172877866414	8.899473051886728	9.999999999999998	0.9999999999999999	419.18365669636535	9.999999999999998	10.230373737183632	0.6371773624233333	10.221201833903706	9.999999999999998	0.9999999999999999	340.00000000000006	9.999999999999998	5.242263819174063	0.32650340244052056	5.276106721969975	9.999999999999998	0.9999999999999999	317.00000000000006	9.999999999999998	9.152435117287622	0.5700402172589114	9.054513087852976	9.999999999999998	0.9999999999999999
7.0	12.0	359.99999999999994	9.999999999999998	10.33049259288063	0.64975273571764	10.211351957441963	9.999999999999998	0.9999999999999999	423.99999999999994	9.999999999999998	8.845466982630544	0.5563496918457803	8.782325404166754	9.999999999999998	0.9999999999999999	340.0134345418989	9.999999999999998	10.464214439566959	0.6581633836057703	10.64503401766853	9.999999999999998	0.9999999999999999	317.00000000000006	9.999999999999998	6.867241385403517	0.43192605162646097	6.8607090675852	9.999999999999998	0.9999999999999999
7.5	12.0	350.40226674298765	9.999999999999998	5.486288145061149	0.34628472697981144	5.440446802400605	9.999999999999998	0.9999999999999999	423.99999999999994	9.999999999999998	8.431567607940346	0.5321855159495823	8.400878880596538	9.999999999999998	0.9999999999999999	340.00000000000006	9.999999999999998	4.031391877934209	0.25445426832999807	4.111834258187935	9.999999999999998	0.9999999999999999	318.5275847971422	9.999999999999998	14.35623324702669	0.9061398488302913	14.248981287970908	9.999999999999998	0.9999999999999999
8.0	12.0	359.37724178932973	9.999999999999998	9.664177061659162	0.6615521962830614	10.500359372748456	9.999999999999998	0.9999999999999999	423.99999999999875	9.999999999999998	9.76042645349326	0.6681408583235544	10.547018394400572	9.999999999999998	0.9999999999999999	340.00000000000006	9.999999999999998	5.4127508374129425	0.3705247929106911	5.987467009287174	9.999999999999998	0.9999999999999999	317.00000000000006	9.999999999999998	12.256034745750558	0.8389753883897485	13.326276646040897	9.999999999999998	0.9999999999999999
8.5	12.0	358.0011272826453	9.999999999999998	8.854255901789147	0.7446286189739839	11.696609471843287	9.999999999999998	0.9999999999999999	423.99999999999994	9.999999999999998	8.3403854842535	0.7014129469191663	11.07223897635809	9.999999999999998	0.9999999999999999	340.00000000000006	9.999999999999998	5.308821784522121	0.4464633366863634	7.214590090629104	9.999999999999998	0.9999999999999999	317.00000000000006	9.999999999999998	9.305417931672718	0.7825706169207362	12.430343822319514	9.999999999999998	0.9999999999999999
9.0	12.0	350.9947763206126	9.999999999999998	54.93774479011381	1.0356486140037642	16.446651636788474	9.999999999999998	0.9999999999999999	421.1094206775193	6.555360141183419	35.28531945454395	0.665174595851895	7.135486576721609	6.555360141183419	0.9999999999999999	340.00000000000006	9.999999999999998	10.771224610544545	0.20305172485058215	3.2811987942052703	9.999999999999998	0.9999999999999999	321.4369760466298	9.999999999999998	21.861293167367755	0.41211407668100375	6.603823162074585	9.999999999999998	0.9999999999999999
9.5	12.0	353.1752683257784	2.529323087807261	35.736219317436195	0.5985416720761813	3.0951491546192638	2.529323087807261	0.8389884742396174	420.68371463339423	5.363369084088562	42.79555945586783	0.716777717492149	6.538619593613645	5.363369084088562	0.9999999999999999	347.01559457908604	9.999999999999998	49.640673891845054	0.8314257221864674	13.112293653683215	9.999999999999998	0.9999999999999999	323.5877435496672	9.999999999999998	20.503583633012813	0.3434120750783929	5.438254634478599	9.999999999999998	0.9999999999999999
10.0	12.0	350.8890634704663	9.999999999999998	12.15790618466045	0.7637961463495782	12.081677763140425	9.999999999999998	0.9999999999999999	418.00000000000006	9.999999999999998	10.349003247010524	0.6501554361884286	10.213371937853537	9.999999999999998	0.9999999999999999	340.00000000000006	9.999999999999998	5.645443924029287	0.3546637264767343	5.731161321186246	9.999999999999998	0.9999999999999999	319.7869490029289	9.999999999999998	12.261172557591268	0.7702836497481134	12.206004083732099	9.999999999999998	0.9999999999999999
0.0	12.5	351.7450186446044	9.999999999999998	8.178710957777831	0.5639495155540082	8.990542813601081	9.999999999999998	0.9999999999999999	418.00000000000006	9.999999999999998	9.52146436357562	0.6565368605057244	10.313618519544681	9.999999999999998	0.9999999999999999	340.00000000000006	9.999999999999998	7.0423371706709466	0.4855927365902333	7.846898631110756	9.999999999999998	0.9999999999999999	324.1905894153214	9.999999999999998	8.779147844958052	0.6053516501194831	9.517574558737289	9.999999999999998	0.9999999999999999
0.5	12.5	351.58658181833346	9.999999999999998	9.152896225942753	0.5785292722938639	9.302413466020534	9.999999999999998	0.9999999999999999	423.99999999999994	9.999999999999998	8.563889878939356	0.5412998090839012	8.544753658111	9.999999999999998	0.9999999999999999	341.7032520282338	9.999999999999998	5.094577585865928	0.32201416804461425	5.146918862076933	9.999999999999998	0.9999999999999999	317.000000000001	9.999999999999998	11.456070788087153	0.7241065705075661	11.501701496060294	9.999999999999998	0.9999999999999999
1.0	12.5	351.4432633946701	9.999999999999998	7.247228659914289	0.4980810919365304	8.084253994561399	9.999999999999998	0.9999999999999999	423.99999999999994	9.999999999999998	8.29111524927306	0.5698244019222631	8.995032071129877	9.999999999999998	0.9999999999999999	340.00000000000006	9.999999999999998	4.315258755227165	0.2965752694793045	4.792485349842164	9.999999999999998	0.9999999999999999	324.99999999999994	9.999999999999998	10.495139486071029	0.7213006213205749	11.721878624954881	9.999999999999998	0.9999999999999999
1.5	12.5	359.99999999999994	9.999999999999998	11.131714066729225	0.7652300105257479	12.026164010290735	9.999999999999998	0.9999999999999999	419.6485102244791	9.999999999999998	8.653204597584153	0.5948492573198468	9.36984045467979	9.999999999999998	0.9999999999999999	340.00000000000006	9.999999999999998	7.370599920618677	0.5066788655391091	8.18763831668802	9.999999999999998	0.9999999999999999	324.99999999999994	9.999999999999998	8.945749876037038	0.6149597654740987	9.993730099553547	9.999999999999998	0.9999999999999999
2.0	12.5	357.41107457899244	9.999999999999998	8.119744202459959	0.6094161950779312	9.708147988619649	9.999999999999998	0.9999999999999999	419.6641196572621	9.999999999999998	9.635121966388795	0.7231507817807281	11.387169113398244	9.999999999999998	0.9999999999999999	340.00000000000006	9.999999999999998	6.4044207725359295	0.4806749623583549	7.767430235106304	9.999999999999998	0.9999999999999999	317.00000000000006	9.999999999999998	9.951542187128034	0.746899264757594	11.863740422693269	9.999999999999998	0.9999999999999999
2.5	12.5	353.39620302381167	9.999999999999998	7.55123716301437	0.56740955892834	9.165651025555187	9.999999999999998	0.9999999999999999	423.1354795032325	9.999999999999998	7.000771974935748	0.5260469049909269	8.35009515589446	9.999999999999998	0.9999999999999999	340.00000000000006	9.999999999999998	4.660640059391034	0.35020641827744786	5.6591337907643195	9.999999999999998	0.9999999999999999	317.0000000000003	9.999999999999998	10.8976942762461	0.8188666001522229	13.006868855564301	9.999999999999998	0.9999999999999999
3.0	12.5	353.1094319099184	9.999999999999998	9.088512802135481	0.6236034043139116	10.018274436066664	9.999999999999998	0.9999999999999999	423.9999999999993	9.999999999999998	9.810370079764057	0.6731332521072912	10.625826430779899	9.999999999999998	0.9999999999999999	341.10133271005884	3.139297554477598	12.898116581677662	0.8849973130567641	2.960405197848186	3.139297554477598	6.095314733947722e-17	317.00000000000006	9.999999999999998	13.350948658958433	0.9160681418185916	14.550817167509114	9.999999999999998	0.9999999999999999
3.5	12.5	357.12607224609286	9.999999999999998	9.47071476908772	0.7910822662014743	12.811021775563578	9.999999999999998	0.9999999999999999	418.00000000000006	9.999999999999998	7.763127493681737	0.6484486799832413	10.18656029411337	9.999999999999998	0.9999999999999999	344.36226083843314	9.999999999999998	5.795569886361451	0.4840999514204008	7.665883959765132	9.999999999999998	0.9999999999999999	322.8988293134847	9.999999999999998	9.314783446975694	0.7780574305184484	12.498407969454894	9.999999999999998	0.9999999999999999
4.0	12.5	359.99999999999994	9.999999999999998	9.524654662071747	0.652306395937488	10.251484644618394	9.999999999999998	0.9999999999999999	423.04497820943817	9.999999999999998	7.970765632679027	0.5458866055710946	8.699671299686731	9.999999999999998	0.9999999999999999	340.00000000000006	9.999999999999998	6.232474119471676	0.42683780933658944	6.897452884712203	9.999999999999998	0.9999999999999999	318.95761458005785	9.999999999999998	13.483663916140685	0.923443476454289	14.71036735750232	9.999999999999998	0.9999999999999999
4.5	12.5	357.6507521261336	9.999999999999998	9.647819414064985	0.6082390353236925	9.602388234390796	9.999999999999998	0.9999999999999999	423.99999999999994	9.999999999999998	6.832249167794589	0.430733667843349	6.799398452042586	9.999999999999998	0.9999999999999999	343.45862856535126	9.999999999999998	3.213257971233161	0.20257727106912643	3.21795088851873	9.999999999999998	0.9999999999999999	318.93305194687133	9.999999999999998	11.63948413837889	0.7338019401225611	11.67621225647463	9.999999999999998	0.9999999999999999
5.0	12.5	359.99999999999994	9.999999999999998	7.316352980595746	0.6935067020187975	10.898978380348373	9.999999999999998	0.9999999999999999	423.99999999999994	9.999999999999998	7.638187922129311	0.7240129787784491	11.42899451490124	9.999999999999998	0.9999999999999999	340.00000000000006	9.999999999999998	8.236273924747202	0.7807047010476178	12.615737815538608	9.999999999999998	0.9999999999999999	319.9348341349426	9.999999999999998	9.94749605229809	0.9429090147605922	14.87223612196977	9.999999999999998	0.9999999999999999
5.5	12.5	354.9678931573755	9.999999999999998	7.436535432202546	0.615981397842787	9.881843564376899	9.999999999999998	0.9999999999999999	422.03636213759205	9.999999999999998	7.919012955117053	0.6559458653965414	10.330809015691884	9.999999999999998	0.9999999999999999	340.00000000000006	9.999999999999998	5.062835417039423	0.41936362243785424	6.776674334035812	9.999999999999998	0.9999999999999999	321.61953912447603	9.999999999999998	9.838115333691368	0.8149085135994427	12.942726844519278	9.999999999999998	0.9999999999999999
6.0	12.5	358.4658264363969	9.999999999999998	7.379312187560104	0.5589228356811866	8.853838752091727	9.999999999999998	0.9999999999999999	423.99999999999994	9.999999999999998	9.098942175860637	0.689170810689428	10.878989253050067	9.999999999999998	0.9999999999999999	340.00000000000006	9.999999999999998	6.732294100853077	0.5099164818954041	8.239956330200052	9.999999999999998	0.9999999999999999	317.00000000000006	9.999999999999998	10.824481217895759	0.8198663484224308	13.02274884705089	9.999999999999998	0.9999999999999999
6.5	12.5	359.99999999999994	9.999999999999998	8.735520123491309	0.6625777229212888	10.412906258004474	9.999999999999998	0.9999999999999999	423.51080740596467	9.999999999999998	9.112432335288227	0.6911660189246434	10.865036444034954	9.999999999999998	0.9999999999999999	340.00000000000006	9.999999999999998	4.761298328900124	0.36113822191628553	5.835785434303117	9.999999999999998	0.9999999999999999	317.00000000000006	9.999999999999998	8.369748293185623	0.6348344102156187	10.083703398256826	9.999999999999998	0.9999999999999999
7.0	12.5	359.56519832828366	9.999999999999998	7.783582603473652	0.4907097211207399	7.740311589963918	9.999999999999998	0.9999999999999999	423.99999999997556	9.999999999999998	8.092860542797226	0.5102079006976532	8.053948574743897	9.999999999999998	0.9999999999999999	343.97297362816914	9.999999999999998	7.12147935433644	0.4489679529287686	7.251193865311194	9.999999999999998	0.9999999999999999	319.85050478013164	9.999999999999998	12.56035301378972	0.7918573796370018	12.520218378901967	9.999999999999998	0.9999999999999999
7.5	12.5	359.99999999999994	9.999999999999998	5.352139127843564	0.33781748016857355	5.309055272491442	9.999999999999998	0.9999999999999999	423.99999999999994	9.999999999999998	5.17453550774677	0.32660745629273874	5.1557015356182	9.999999999999998	0.9999999999999999	346.7665981701129	7.976871971630957	9.946791951516843	0.6278237752343948	7.630871498470193	7.976871971630957	0.9344396437434742	317.00000000000006	9.999999999999998	11.108454826833679	0.7011458649579906	11.136993879631174	9.999999999999998	0.9999999999999999
8.0	12.5	359.99999999999994	9.999999999999998	5.968152675096802	0.40484646904917165	6.362466145868191	9.999999999999998	0.9999999999999999	423.99999999999994	9.999999999999998	8.454884765847524	0.5735326205634448	9.05356860535282	9.999999999999998	0.9999999999999999	340.00000000000006	9.999999999999998	8.75132934572926	0.5936417812983349	9.592908892644559	9.999999999999998	0.9999999999999999	317.00000000000006	9.999999999999998	10.398825455381099	0.7053988054689633	11.204547544008808	9.999999999999998	0.9999999999999999
8.5	12.5	359.99999999999994	9.999999999999998	8.328361758896765	0.6909762222804429	10.859209991838279	9.999999999999998	0.9999999999999999	423.99999999999994	9.999999999999998	9.58182034636114	0.7949714742429183	12.549118434250518	9.999999999999998	0.9999999999999999	343.6162268525333	9.999999999999998	6.504654467071937	0.5396693492685597	8.637839673987264	9.999999999999998	0.9999999999999999	317.00000000000006	9.999999999999998	10.923747282199384	0.9063066481396762	14.395765699916629	9.999999999999998	0.9999999999999999
9.0	12.5	351.35775963202235	9.999999999999998	90.63138284529191	0.899010874061075	14.56610483492462	9.999999999999998	0.9999999999999999	420.96263513521075	4.256905022573129	90.47999463683185	0.8975091906337953	6.884907771205558	4.256905022573129	0.9999999999999999	343.21547354337264	9.999999999999998	27.75976746237453	0.2753608300634899	4.3396823214477225	9.999999999999998	0.9999999999999999	323.1159940310286	9.999999999999998	36.78919966008739	0.36492757259237474	5.927637332393654	9.999999999999998	0.9999999999999999
9.5	12.5	349.68295410806104	9.999999999999998	129.60521346771503	0.8884467059332801	14.302095485684791	9.999999999999998	0.9999999999999999	420.5262832770363	4.190553932911211	114.53055136657208	0.7851095520605776	5.612028208432399	4.190553932911211	0.9999999999999999	340.00000000000006	9.999999999999998	19.65137109521368	0.13471059882142933	2.1768456029851677	9.999999999999998	0.9999999999999999	321.0291357532078	9.999999999999998	39.92318020379981	0.27367431443089474	4.401687450458117	9.999999999999998	0.9999999999999999
10.0	12.5	349.88073250099796	9.999999999999998	20.654352484654826	0.8197087119609651	13.05522127342878	9.999999999999998	0.9999999999999999	420.0840718557205	9.999999999999998	14.365500827484139	0.5701232313489295	8.966067703968072	9.999999999999998	0.9999999999999999	340.00000000000006	9.999999999999998	8.98464843813611	0.35657349239673963	5.762022037284802	9.999999999999998	0.9999999999999999	320.26958609214336	9.999999999999998	13.021131963052902	0.5167693016587066	8.117454388525042	9.999999999999998	0.9999999999999999
0.0	13.0	359.99999999999994	9.999999999999998	7.457820881874666	0.47072435855727746	7.3977866285711285	9.999999999999998	0.9999999999999999	418.00000000000006	9.999999999999998	7.962177293499518	0.5025584361124735	7.894752458910609	9.999999999999998	0.9999999999999999	340.00000000000006	9.999999999999998	7.697296834564387	0.4858396537628424	7.850888670247975	9.999999999999998	0.9999999999999999	317.00000000000006	9.999999999999998	10.869016733535153	0.6860329593697037	10.896940638997316	9.999999999999998	0.9999999999999999
0.5	13.0	359.99999999999994	9.999999999999998	10.784122437282697	0.6806745827364259	10.697311993815271	9.999999999999998	0.9999999999999999	423.99999999999994	9.999999999999998	10.455195115169753	0.6599132765632132	10.417140906612664	9.999999999999998	0.9999999999999999	340.00000000000006	9.999999999999998	7.232734152857896	0.4565172854974132	7.377056106320887	9.999999999999998	0.9999999999999999	317.00000000000006	9.999999999999998	11.156083546711226	0.7041521048460726	11.184744963831433	9.999999999999998	0.9999999999999999
1.0	13.0	349.8699447324933	9.999999999999998	8.1175256999345	0.6154143931931912	9.806462264339514	9.999999999999998	0.9999999999999999	423.99999999999994	9.999999999999998	10.099814366053952	0.7656977457427849	12.087014449563373	9.999999999999998	0.9999999999999999	340.00000000000006	9.999999999999998	0.5446781668705647	0.04129371386565898	0.667282606163339	9.999999999999998	0.9999999999999999	323.4391347702067	9.999999999999998	8.688559851913285	0.6587062347127627	10.495893288283202	9.999999999999998	0.9999999999999999
1.5	13.0	359.99999999999994	9.999999999999998	8.4765461507225	0.5829785671861543	9.161945777124075	9.999999999999998	0.9999999999999999	418.00000000000006	9.999999999999998	10.434769548180665	0.717656329824568	11.273751801605957	9.999999999999998	0.9999999999999999	341.10037017849413	9.999999999999998	6.163413098968487	0.4238917211707461	6.659413888268198	9.999999999999998	0.9999999999999999	317.00000000000006	9.999999999999998	14.285237905949668	0.9824741561295031	15.605609632120787	9.999999999999998	0.9999999999999999
2.0	13.0	352.5542601835849	9.999999999999998	10.0017532609633	0.8307776590016561	13.070453088510472	9.999999999999998	0.9999999999999999	418.00000000000006	9.999999999999998	10.457913175853063	0.8686677624999714	13.646009023392876	9.999999999999998	0.9999999999999999	340.00000000000006	9.999999999999998	5.004354015117908	0.41567767220592	6.717111503602222	9.999999999999998	0.9999999999999999	317.00000000000006	9.999999999999998	7.919504893080921	0.6578194406379758	10.448797390720527	9.999999999999998	0.9999999999999999
2.5	13.0	348.5694768627317	9.999999999999998	5.956133025021057	0.40676990957438636	6.389596048452035	9.999999999999998	0.9999999999999999	418.00000000000006	9.999999999999998	10.095156240485966	0.6894415846374186	10.830522889428405	9.999999999999998	0.9999999999999999	340.00000000000006	9.999999999999998	6.411396515096722	0.4378618089514899	7.075594362064087	9.999999999999998	0.9999999999999999	317.00000000000006	9.999999999999998	10.424817619614313	0.7119555763187463	11.30869522635812	9.999999999999998	0.9999999999999999
3.0	13.0	359.99999999999994	9.999999999999998	9.115838432108905	0.6262115744958712	9.841384938439168	9.999999999999998	0.9999999999999999	418.2141911485719	9.999999999999998	9.460764741993506	0.6499062515358982	10.220675114013506	9.999999999999998	0.9999999999999999	340.00000000000006	9.999999999999998	8.439345835662055	0.5797399858306278	9.368263893644944	9.999999999999998	0.9999999999999999	317.00000000000006	9.999999999999998	13.390287673915267	0.9198444212986421	14.61079955285716	9.999999999999998	0.9999999999999999
3.5	13.0	359.99999999999994	9.999999999999998	11.54228180157446	0.7290416941416694	11.457437454738878	9.999999999999998	0.9999999999999999	423.99999999999994	9.999999999999998	10.449191762705693	0.6599991748646262	10.418496864647208	9.999999999999998	0.9999999999999999	344.7971985480647	9.999999999999998	9.062693834181292	0.5724242207860089	8.991702843691558	9.999999999999998	0.9999999999999999	317.00000000000006	9.999999999999998	11.801260996616973	0.7453995196000189	11.839918485667482	9.999999999999998	0.9999999999999999
4.0	13.0	359.99999999999994	9.999999999999998	7.911428477559212	0.5969823809195787	9.382026221449589	9.999999999999998	0.9999999999999999	423.99999999999994	9.999999999999998	7.18774250710257	0.5423743193151858	8.561715469431395	9.999999999999998	0.9999999999999999	343.1321978371543	9.999999999999998	9.351055031676756	0.7056140509586772	11.102293992866791	9.999999999999998	0.9999999999999999	317.00000000000006	9.999999999999998	9.818925405599154	0.7409187207257353	11.768745521334667	9.999999999999998	0.9999999999999999
4.5	13.0	358.48334179944595	9.999999999999998	9.91927939781792	0.6256465309853212	9.917256596804311	9.999999999999998	0.9999999999999999	419.7952121611935	9.999999999999998	10.677334634553992	0.6734599466718995	10.584466395968615	9.999999999999998	0.9999999999999999	340.50711894386757	9.999999999999998	8.372993768837173	0.5281164382351282	8.390218989363007	9.999999999999998	0.9999999999999999	318.5919925816089	9.999999999999998	13.001264223973847	0.8200389901248464	12.90809425681356	9.999999999999998	0.9999999999999999
5.0	13.0	359.99999999999994	9.999999999999998	10.711296456536463	0.8005567879282475	12.581350834061022	9.999999999999998	0.9999999999999999	420.5802737587827	9.999999999999998	11.170954748135879	0.8349114122223829	13.348957805462755	9.999999999999998	0.9999999999999999	343.6286150292956	9.999999999999998	6.818143025571375	0.5095845028970254	8.161818537705196	9.999999999999998	0.9999999999999999	317.00000000000006	9.999999999999998	12.196910003966737	0.9115907803547851	14.47969880296981	9.999999999999998	0.9999999999999999
5.5	13.0	359.093934151145	9.999999999999998	6.695722171765103	0.5011343245600187	8.070675241274857	9.999999999999998	0.9999999999999999	418.00000000000006	9.999999999999998	10.958915201751973	0.8202085490791418	12.88475726276111	9.999999999999998	0.9999999999999999	340.00000000000006	9.999999999999998	8.720876797029234	0.6527049048838137	10.54733491405993	9.999999999999998	0.9999999999999999	320.22208092577284	9.999999999999998	8.88381867102818	0.6649001190630006	10.444703314762714	9.999999999999998	0.9999999999999999
6.0	13.0	351.3456937640934	9.999999999999998	6.973088307158858	0.4727959218994756	7.6540976003815056	9.999999999999998	0.9999999999999999	418.00000000000006	9.999999999999998	9.255689373763865	0.6275629961248637	9.858464510322657	9.999999999999998	0.9999999999999999	340.00000000000006	9.999999999999998	6.817142577232721	0.4622223421742597	7.469246532689914	9.999999999999998	0.9999999999999999	323.9025373139632	9.999999999999998	10.120730476527408	0.6862153303054224	10.787081681790601	9.999999999999998	0.9999999999999999
6.5	13.0	353.41064869332973	9.999999999999998	9.547446203175607	0.6557070822346875	10.582027873466027	9.999999999999998	0.9999999999999999	418.00000000000006	9.999999999999998	10.198630639352338	0.700429643384083	11.003135659557028	9.999999999999998	0.9999999999999999	340.00000000000006	9.999999999999998	5.382887370712713	0.369690207908581	5.9739805968737825	9.999999999999998	0.9999999999999999	317.00000000000006	9.999999999999998	13.574132064350204	0.9322550072942974	14.807929176212397	9.999999999999998	0.9999999999999999
7.0	13.0	357.94280142212966	9.999999999999998	9.624887535696523	0.6067933134482747	9.533003083031915	9.999999999999998	0.9999999999999999	418.00000000000006	9.999999999999998	11.67310903431641	0.7359217947125092	11.560686242409867	9.999999999999998	0.9999999999999999	340.00000000000006	9.999999999999998	6.31275554431901	0.3979826090974782	6.431169486721891	9.999999999999998	0.9999999999999999	321.69160232039656	9.999999999999998	12.794175238516171	0.8065985142189284	12.77488587953644	9.999999999999998	0.9999999999999999
7.5	13.0	359.99999999999994	9.999999999999998	8.973198633100408	0.6187321019450467	9.723839413081526	9.999999999999998	0.9999999999999999	421.38394762175716	9.999999999999998	8.414312393838559	0.5801950237295871	9.170661237838829	9.999999999999998	0.9999999999999999	343.94210826529604	9.999999999999998	6.746999359633995	0.4652282052699672	7.529237425499864	9.999999999999998	0.9999999999999999	317.00000000000006	9.999999999999998	12.662547152056364	0.8731250399906789	13.868709369214537	9.999999999999998	0.9999999999999999
8.0	13.0	359.99999999999994	9.999999999999998	8.01456379315621	0.5063404473846372	7.957520198545251	9.999999999999998	0.9999999999999999	423.99999999999994	9.999999999999998	11.536798289981412	0.7288665681997212	11.505611438215091	9.999999999999998	0.9999999999999999	343.69199532277537	9.999999999999998	7.889979882745727	0.498469542047526	8.012878374406474	9.999999999999998	0.9999999999999999	320.4246202300757	9.999999999999998	8.004741235460331	0.5057198823250092	7.952879017689276	9.999999999999998	0.9999999999999999
8.5	13.0	359.9999999999979	9.999999999999998	6.991376742622785	0.4795971940138147	7.5372298978742	9.999999999999998	0.9999999999999999	423.99999999999994	9.999999999999998	8.320603900254701	0.570780038033757	9.010117380643157	9.999999999999998	0.9999999999999999	343.0740187003333	9.999999999999998	9.306316738902543	0.6383983525549608	10.036521427604916	9.999999999999998	0.9999999999999999	317.1735919769858	9.999999999999998	12.224523747155933	0.8385826573396482	13.432740495688732	9.999999999999998	0.9999999999999999
9.0	13.0	350.8989921907721	9.999999999999998	191.4075026585887	0.9369969365714046	14.826305568522507	9.999999999999998	0.9999999999999999	420.8659790468739	4.618931287136797	167.32685519181575	0.819114969597161	6.872459282269144	4.618931287136797	0.9999999999999999	342.9750316064665	9.999999999999998	54.07595418481028	0.2647179588551477	4.1585520526816895	9.999999999999998	0.9999999999999999	322.5763563623855	9.999999999999998	66.02404832557076	0.3232074509192508	5.114457393302744	9.999999999999998	0.9999999999999999
9.5	13.0	350.1125651183783	9.999999999999998	160.0694562726473	1.0142921883244047	16.014206157409564	9.999999999999998	0.9999999999999999	420.5575286097788	3.9216821524612038	141.5134426463791	0.8967106077666077	6.122355996051746	3.9216821524612038	0.9999999999999999	340.00000000000006	9.999999999999998	28.947051878584116	0.1834251785391135	2.964045122454916	9.999999999999998	0.9999999999999999	322.2891312977917	9.999999999999998	46.202525998637505	0.2927657923785999	4.602497357501163	9.999999999999998	0.9999999999999999
10.0	13.0	351.81706972902145	9.999999999999998	18.65060958800624	0.740013019821483	11.758878046984439	9.999999999999998	0.9999999999999999	419.8132242574877	9.999999999999998	17.72686051614513	0.7033607947561517	11.052686882630683	9.999999999999998	0.9999999999999999	342.7304471667247	9.999999999999998	13.171104677511352	0.5225989478144437	8.221745529328873	9.999999999999998	0.9999999999999999	323.27144020720107	9.999999999999998	13.712035377354727	0.5440618259480713	8.747532772981996	9.999999999999998	0.9999999999999999
0.0	13.5	353.7318174183767	9.999999999999998	9.531978884758276	0.6013591306802042	9.543046520728513	9.999999999999998	0.9999999999999999	418.00000000000006	9.999999999999998	12.18578839650445	0.7687842372891145	12.076926406129655	9.999999999999998	0.9999999999999999	340.00000000000006	9.999999999999998	3.733099936769235	0.2355160203205593	3.8058030901264104	9.999999999999998	0.9999999999999999	317.00000000000006	9.999999999999998	12.617536935967808	0.7960226449170723	12.644015699957698	9.999999999999998	0.9999999999999999
0.5	13.5	359.99999999999994	9.999999999999998	10.08477042409067	0.7516308787636493	11.812443446905892	9.999999999999998	0.9999999999999999	423.99999999999994	9.999999999999998	9.405749097608656	0.7010225480966717	11.066076288489645	9.999999999999998	0.9999999999999999	342.89784864408244	9.999999999999998	6.564349131577582	0.48924936302890054	7.685385583726742	9.999999999999998	0.9999999999999999	317.00000000000006	9.999999999999998	9.180137939940389	0.684207459049925	10.867944410245602	9.999999999999998	0.9999999999999999
1.0	13.5	352.07224621132394	9.999999999999998	9.252146953615217	0.6373672976868272	10.043865778528113	9.999999999999998	0.9999999999999999	419.4198864177454	9.999999999999998	8.163394141000571	0.5623646586772968	8.91921283436177	9.999999999999998	0.9999999999999999	340.00000000000006	9.999999999999998	5.569602319530734	0.3836820142812902	6.20008012019805	9.999999999999998	0.9999999999999999	317.00000000000006	9.999999999999998	12.282447451404071	0.8461204064666269	13.43976804143951	9.999999999999998	0.9999999999999999
1.5	13.5	351.86455708477035	9.999999999999998	8.69804019904322	0.5898898273139422	9.355289542261174	9.999999999999998	0.9999999999999999	423.55633726115855	9.999999999999998	10.87568798649789	0.7375750814512508	11.589733328186266	9.999999999999998	0.9999999999999999	340.00000000000006	9.999999999999998	5.544851910242924	0.37604467914213285	6.0766651880275155	9.999999999999998	0.9999999999999999	317.00000000000006	9.999999999999998	13.232866214595319	0.8974358576837552	14.254862153375708	9.999999999999998	0.9999999999999999
2.0	13.5	359.99999999999994	9.999999999999998	9.907646214960634	0.6256467166090977	9.832507772756424	9.999999999999998	0.9999999999999999	418.00000000000006	9.999999999999998	9.57939857969602	0.6049185788877588	9.502740566961727	9.999999999999998	0.9999999999999999	340.90764778586606	9.999999999999998	9.538499366576332	0.6023358808538312	9.468201530643839	9.999999999999998	0.9999999999999999	317.00000000000006	9.999999999999998	10.660314253342229	0.6731760971191714	10.692722368090136	9.999999999999998	0.9999999999999999
2.5	13.5	353.67837874044966	9.999999999999998	7.706304466085459	0.4870942054606507	7.7472018518343155	9.999999999999998	0.9999999999999999	418.00000000000006	9.999999999999998	8.693766785470721	0.5495089693724665	8.632304176813797	9.999999999999998	0.9999999999999999	340.00000000000006	9.999999999999998	3.739405825214893	0.23635750668091735	3.819401024509774	9.999999999999998	0.9999999999999999	317.00000000000006	9.999999999999998	11.320401683957448	0.7155313014181546	11.365492007937569	9.999999999999998	0.9999999999999999
3.0	13.5	353.96431938610164	9.999999999999998	9.23327932480695	0.5789779609539077	9.121868282711372	9.999999999999998	0.9999999999999999	423.99999999999994	9.999999999999998	8.968093271957478	0.5623493207112481	8.877033271849685	9.999999999999998	0.9999999999999999	340.00000000000006	9.999999999999998	4.998965516315346	0.3134629376736279	5.065380330453277	9.999999999999998	0.9999999999999999	319.61656857074263	9.999999999999998	9.536091872896721	0.5979659916932397	9.546379051884367	9.999999999999998	0.9999999999999999
3.5	13.5	359.99999999999994	9.999999999999998	7.8187465375071294	0.5886098474407438	9.250445573261288	9.999999999999998	0.9999999999999999	419.68300520480796	9.999999999999998	10.821278590456556	0.8146460701453085	12.823297277028253	9.999999999999998	0.9999999999999999	345.4402995160643	9.999999999999998	8.325712841251297	0.6267752179733451	10.000577082923478	9.999999999999998	0.9999999999999999	317.00000000000006	9.999999999999998	11.558551675720285	0.8701493654826724	13.82144378520453	9.999999999999998	0.9999999999999999
4.0	13.5	359.99999999999994	9.999999999999998	6.849743200108659	0.4286150193641019	6.736006755152203	9.999999999999998	0.9999999999999999	418.00000000000006	9.999999999999998	9.63206370820914	0.602715613155371	9.468133906555828	9.999999999999998	0.9999999999999999	340.00000000000006	9.999999999999998	7.211960117812494	0.4512803378527092	7.292430052000178	9.999999999999998	0.9999999999999999	317.00000000000006	9.999999999999998	12.696609415720792	0.7944761331331778	12.61945092230898	9.999999999999998	0.9999999999999999
4.5	13.5	352.6905587468015	9.999999999999998	9.764784907199337	0.74012422715611	11.678060632689963	9.999999999999998	0.9999999999999999	423.99999999999994	9.999999999999998	6.417607284125745	0.48642409192782715	7.6785063824941915	9.999999999999998	0.9999999999999999	340.00000000000006	9.999999999999998	6.203800998731185	0.4702185929595807	7.5984613347521215	9.999999999999998	0.9999999999999999	324.99999999999994	9.999999999999998	5.7725851487204665	0.43753448360543157	7.110386376300886	9.999999999999998	0.9999999999999999
5.0	13.5	359.99999999999994	9.999999999999998	6.423855548954117	0.487012090969076	7.6537605692761455	9.999999999999998	0.9999999999999999	420.89733344793717	9.999999999999998	7.236956185410531	0.5486557313204529	8.886416013087395	9.999999999999998	0.9999999999999999	340.00000000000006	9.999999999999998	6.114353416672502	0.46354778990358925	7.490665003744313	9.999999999999998	0.9999999999999999	317.00000000000006	9.999999999999998	11.095779538000539	0.8412049045239399	13.361690257932509	9.999999999999998	0.9999999999999999
5.5	13.5	359.99999999999994	9.999999999999998	7.979701041372147	0.5499686048970123	8.64316944190169	9.999999999999998	0.9999999999999999	423.99999999999994	9.999999999999998	7.494293333459213	0.5165138428021622	8.153491787145002	9.999999999999998	0.9999999999999999	340.00000000000006	9.999999999999998	8.683484095546293	0.5984740040902328	9.670994826707782	9.999999999999998	0.9999999999999999	317.00000000000006	9.999999999999998	14.269386788123189	0.9834597441573472	15.62126470245996	9.999999999999998	0.9999999999999999
6.0	13.5	359.99999999999994	9.999999999999998	7.069068060946622	0.5356758760892111	8.418548480317696	9.999999999999998	0.9999999999999999	418.5690980449331	9.999999999999998	8.091538135988092	0.6131560401646856	9.73807641425925	9.999999999999998	0.9999999999999999	342.47728911443284	9.999999999999998	7.422051896812282	0.5624240872950524	8.90623833537795	9.999999999999998	0.9999999999999999	320.58045773343844	9.999999999999998	9.771506030131079	0.7404597053349828	11.680133923870667	9.999999999999998	0.9999999999999999
6.5	13.5	356.43744173914445	9.999999999999998	9.36815011500703	0.5914397789988199	9.32704604541061	9.999999999999998	0.9999999999999999	418.7359981743341	9.999999999999998	8.966925889459906	0.566109274643811	9.063261301557862	9.999999999999998	0.9999999999999999	340.00000000000006	9.999999999999998	5.014401426325259	0.316574396758047	5.115659715193927	9.999999999999998	0.9999999999999999	317.00000000000006	9.999999999999998	10.212479250993136	0.6447448425876214	10.241120606554997	9.999999999999998	0.9999999999999999
7.0	13.5	359.99999999999994	9.999999999999998	7.168372738307668	0.4940510845993966	7.764383637766975	9.999999999999998	0.9999999999999999	423.99999999999994	9.999999999999998	12.636205912997339	0.8708993609073256	13.747687279908048	9.999999999999998	0.9999999999999999	341.43111250235825	9.999999999999998	6.702432810726441	0.461938060488709	7.300274170491353	9.999999999999998	0.9999999999999999	320.7751372937494	9.999999999999998	11.311459238490398	0.7795965568745498	12.377957859977705	9.999999999999998	0.9999999999999999
7.5	13.5	359.99999999999994	9.999999999999998	6.716247011623521	0.46093961621394164	7.244012058048802	9.999999999999998	0.9999999999999999	420.62511308789215	9.999999999999998	9.42974142588587	0.6471681857921794	10.37241319310521	9.999999999999998	0.9999999999999999	340.00000000000006	9.999999999999998	11.02697690715816	0.756787309160748	12.229246553386165	9.999999999999998	0.9999999999999999	317.00000000000006	9.999999999999998	13.099390786113522	0.8990181795186886	14.2799957375156	9.999999999999998	0.9999999999999999
8.0	13.5	355.3568482900355	9.999999999999998	11.573034388641227	0.7900033114543042	12.700744288711634	9.999999999999998	0.9999999999999999	423.99999999999994	9.999999999999998	11.95681067591826	0.8162008088110966	12.884236664788425	9.999999999999998	0.9999999999999999	340.00000000000006	9.999999999999998	4.88381157932936	0.33338078766756857	5.387241301747027	9.999999999999998	0.9999999999999999	320.0935775317154	9.999999999999998	11.858163538084167	0.809466916649598	12.728470856777635	9.999999999999998	0.9999999999999999
8.5	13.5	352.8395095206191	9.999999999999998	13.009723772401566	0.6165866143625496	9.776088952022828	9.999999999999998	0.9999999999999999	422.0117211015431	9.999999999999998	13.218809563015974	0.6264960868464882	9.862242305861617	9.999999999999998	0.9999999999999999	340.00000000000006	9.999999999999998	5.645084148333427	0.26754475219500207	4.32336892948916	9.999999999999998	0.9999999999999999	317.00000000000006	9.999999999999998	10.912358218078294	0.5171834641616061	8.214936952326404	9.999999999999998	0.9999999999999999
9.0	13.5	352.0442218128027	9.999999999999998	252.5665937791681	0.6148761599983551	9.69587850468384	9.999999999999998	0.9999999999999999	420.56386999769967	3.9192037444623082	410.61575111183737	0.9996485778291058	6.834885557553214	3.9192037444623082	0.9999999999999999	346.983814102589	9.999999999999998	203.40192155782879	0.49518422287120395	7.803535684364587	9.999999999999998	0.9999999999999999	322.4448428491515	9.999999999999998	121.85780398697467	0.296664168685967	4.676582742570547	9.999999999999998	0.9999999999999999
9.5	13.5	350.17488164424026	9.999999999999998	148.37867862415263	0.9899038321668203	15.603802276593346	9.999999999999998	0.9999999999999999	420.77454222792454	3.8027190201707826	118.64459985374586	0.7915338318830694	5.700826703008366	3.8027190201707826	0.9999999999999999	340.4419021655832	9.999999999999995	29.46648253972945	0.1965847401865651	3.132280991322535	9.999999999999995	0.9999999999999999	321.47308286315854	9.999999999999998	52.411189710329424	0.34965965476816235	5.592067213710732	9.999999999999998	0.9999999999999999
10.0	13.5	350.2984139272802	9.999999999999998	23.407640092582387	0.8823229006082288	13.875951684368696	9.999999999999998	0.9999999999999999	418.7815062485503	9.999999999999998	14.930765255230284	0.5627972771364491	9.033274409158055	9.999999999999998	0.9999999999999999	340.00000000000006	9.999999999999998	9.394078120999056	0.35409850046723645	5.722027594781397	9.999999999999998	0.9999999999999999	317.00000000000006	9.999999999999998	12.442574694096184	0.469007920136657	7.449717094706753	9.999999999999998	0.9999999999999999
0.0	14.0	359.99999999999994	9.999999999999998	8.86138048287258	0.7431341140922448	11.678910412276279	9.999999999999998	0.9999999999999999	418.4416957319153	9.999999999999998	8.734086172533493	0.7324589439282215	11.578605044527574	9.999999999999998	0.9999999999999999	341.22922213774075	9.999999999999998	7.045792494152781	0.5908750643695055	9.294594384608502	9.999999999999998	0.9999999999999999	317.00000000000006	9.999999999999998	11.292840051864196	0.947041457451003	15.042797002048562	9.999999999999998	0.9999999999999999
0.5	14.0	359.9999999999997	9.999999999999998	7.364594129460379	0.6097391077757334	9.582507759413815	9.999999999999998	0.9999999999999999	423.99999999999994	9.999999999999998	11.396036873517133	0.9435155873208774	14.89397951181467	9.999999999999998	0.9999999999999999	344.63307462099283	9.999999999999998	9.858490370091298	0.8162170265743586	12.837617307412923	9.999999999999998	0.9999999999999999	322.66913340121505	9.999999999999998	12.24265730642662	1.013610093319779	16.095718801005674	9.999999999999998	0.9999999999999999
1.0	14.0	359.99999999999994	9.999999999999998	7.277704519846223	0.49333518145496613	7.7531326824829705	9.999999999999998	0.9999999999999999	423.99999999999994	9.999999999999998	4.597388987010202	0.31164410755352634	4.919495782851793	9.999999999999998	0.9999999999999999	340.00000000000006	9.999999999999998	6.889366951456132	0.46701086665968045	7.546626327316858	9.999999999999998	0.9999999999999999	317.00000000000006	9.999999999999998	11.919800079410676	0.8080098221969637	12.83441990352268	9.999999999999998	0.9999999999999999
1.5	14.0	359.9999999999991	9.999999999999998	6.429057587554577	0.4816247099618063	7.569093832885501	9.999999999999998	0.9999999999999999	418.00000000000006	9.999999999999998	9.579608090552899	0.7176442122857475	11.273561445694039	9.999999999999998	0.9999999999999999	342.72907369645014	9.999999999999998	8.098061660376327	0.6066560371121364	9.544374154780956	9.999999999999998	0.9999999999999999	317.00000000000006	9.999999999999998	7.490820357426711	0.5611653236713221	8.91354436720983	9.999999999999998	0.9999999999999999
2.0	14.0	359.99999999999994	9.999999999999998	8.352538272523137	0.7004615298451692	11.008278720053836	9.999999999999998	0.9999999999999999	423.99999999999994	9.999999999999998	8.528223461243503	0.7151948614441431	11.28979505632858	9.999999999999998	0.9999999999999999	341.0324974939026	9.999999999999998	9.314982497256057	0.7811741386415632	12.270690289293405	9.999999999999998	0.9999999999999999	324.3829136397976	9.999999999999998	8.930501671285933	0.7489307631827383	11.819813760818441	9.999999999999998	0.9999999999999999
2.5	14.0	359.99999999999994	9.999999999999998	9.206047394614766	0.5816154536587342	9.140523424864083	9.999999999999998	0.9999999999999999	423.99999999999994	9.999999999999998	8.441782335482046	0.5333310651443953	8.418962086074647	9.999999999999998	0.9999999999999999	342.9402626856136	9.999999999999998	6.988674830951208	0.4415273035260271	6.9355382089955055	9.999999999999998	0.9999999999999999	317.00000000000006	9.999999999999998	9.775256245616697	0.6175766702277163	9.809581629553175	9.999999999999998	0.9999999999999999
3.0	14.0	348.00000000000006	9.999999999999998	7.126193947830254	0.6004282463798486	9.561026847768256	9.999999999999998	0.9999999999999999	421.23161350447094	9.999999999999998	9.574205424759786	0.8066891549337164	12.823479180527745	9.999999999999998	0.9999999999999999	340.00000000000006	9.999999999999998	4.371817817818431	0.3683541207356743	5.952390198545866	9.999999999999998	0.9999999999999999	317.00000000000006	9.999999999999998	9.576636841001113	0.8068940175856014	12.816696474278249	9.999999999999998	0.9999999999999999
3.5	14.0	355.54038808164046	9.999999999999998	5.013689772374774	0.37682299906444633	5.999501435163872	9.999999999999998	0.9999999999999999	418.52839039459013	9.999999999999998	8.778080772520152	0.65975017859237	10.461009773940495	9.999999999999998	0.9999999999999999	340.00000000000006	9.999999999999998	7.306456787865884	0.5491446587917443	8.873861049925331	9.999999999999998	0.9999999999999999	323.3238828260498	9.999999999999998	11.010929843957083	0.8275684764442128	13.265373888056038	9.999999999999998	0.9999999999999999
4.0	14.0	359.99999999999994	9.999999999999998	9.182504666086624	0.5799917965366608	9.115006434445586	9.999999999999998	0.9999999999999999	421.5387153077797	9.999999999999998	13.494730378956486	0.8523636198275351	13.41989413133131	9.999999999999998	0.9999999999999999	340.00000000000006	9.999999999999998	8.712908695201971	0.5503308466429275	8.893029161645963	9.999999999999998	0.9999999999999999	317.00000000000006	9.999999999999998	10.143026631852504	0.6406609582518705	10.176252228767297	9.999999999999998	0.9999999999999999
4.5	14.0	359.99999999999994	9.999999999999998	4.420048804223569	0.279182220969553	4.387558161539331	9.999999999999998	0.9999999999999999	423.99999999999994	9.999999999999998	7.2415727424572935	0.45739729380814864	7.220300347217486	9.999999999999998	0.9999999999999999	341.5270033572398	9.999999999999998	9.28069542002298	0.5861937897672406	9.294900991021457	9.999999999999998	0.9999999999999999	317.00000000000006	9.999999999999998	12.629231156974384	0.7976963512649137	12.67060083478314	9.999999999999998	0.9999999999999999
5.0	14.0	359.99999999999994	9.999999999999998	6.975852002332128	0.48055656293400695	7.55230710057406	9.999999999999998	0.9999999999999999	418.00000000000006	9.999999999999998	6.196583636675392	0.42687386908126934	6.705814260413311	9.999999999999998	0.9999999999999999	342.7276552783853	9.999999999999998	6.454439318183527	0.44463718171994476	6.995528310006027	9.999999999999998	0.9999999999999999	317.00000000000006	9.999999999999998	10.25469828916975	0.7064316390487022	11.220953062219944	9.999999999999998	0.9999999999999999
5.5	14.0	359.6580376230572	9.999999999999998	9.038998899555143	0.7499354006974653	11.805021782477061	9.999999999999998	0.9999999999999999	423.99999999999994	9.999999999999998	11.174005962797837	0.9270697709144623	14.634372086241838	9.999999999999998	0.9999999999999999	342.4521158836836	9.999999999999998	7.421194779074	0.6157116227298912	9.759088978696775	9.999999999999998	0.9999999999999999	317.00000000000006	9.999999999999998	11.130734697123037	0.9234796992347197	14.668542271096369	9.999999999999998	0.9999999999999999
6.0	14.0	359.99999999999994	9.999999999999998	7.862931991373607	0.48949844692808286	7.692835519473717	9.999999999999998	0.9999999999999999	423.3656993894812	9.999999999999998	12.693585835868756	0.7902256511213455	12.452527200647937	9.999999999999998	0.9999999999999999	345.2054071020961	9.999999999999998	7.221774881832001	0.44958389473535965	7.105655726373881	9.999999999999998	0.9999999999999999	317.00000000000006	9.999999999999998	10.611215194849926	0.6605898872834232	10.492803137422094	9.999999999999998	0.9999999999999999
6.5	14.0	353.03650472630113	9.999999999999998	8.796676406450901	0.6007628189927006	9.611834845539372	9.999999999999998	0.9999999999999999	423.99999999999994	9.999999999999998	11.339341220100176	0.7744123214435685	12.224579439146831	9.999999999999998	0.9999999999999999	340.00000000000006	9.999999999999998	8.80690255643342	0.601461206702681	9.719266298507515	9.999999999999998	0.9999999999999999	317.00000000000006	9.999999999999998	8.28677401057163	0.5659393940301862	8.989375652859334	9.999999999999998	0.9999999999999999
7.0	14.0	354.8714883630539	9.999999999999998	10.848259286146394	0.7433026536217985	11.863027374695594	9.999999999999998	0.9999999999999999	418.5303918677439	9.999999999999998	7.430921309036984	0.5091529785719229	8.073760977215132	9.999999999999998	0.9999999999999999	340.00000000000006	9.999999999999998	2.2130484549697376	0.1516339853042879	2.450317770543887	9.999999999999998	0.9999999999999999	317.0000000000341	9.999999999999998	10.143498567049622	0.6950137531765433	11.03959147767556	9.999999999999998	0.9999999999999999
7.5	14.0	356.84425757968205	9.999999999999998	10.555996861280393	0.6631593961217412	10.633614978676313	9.999999999999998	0.9999999999999999	420.80478427651127	9.999999999999998	9.006640559623865	0.565824184404055	9.171246449648038	9.999999999999998	0.9999999999999999	340.00000000000006	9.999999999999998	9.002489773124205	0.5655634195417008	9.139178756606942	9.999999999999998	0.9999999999999999	317.00000000000006	9.999999999999998	10.022769386023338	0.6296604461756631	10.001520205391715	9.999999999999998	0.9999999999999999
8.0	14.0	357.6296616766834	9.999999999999998	10.00893310419679	0.6321912488602476	9.986653002893094	9.999999999999998	0.9999999999999999	420.03681832014433	9.999999999999998	14.34296946535226	0.9059406916071204	14.239335788354788	9.999999999999998	0.9999999999999999	344.90885207982706	9.999999999999998	7.116274263948332	0.4494831034759488	7.063085974755381	9.999999999999998	0.9999999999999999	317.00000000000006	9.999999999999998	16.41848949340623	1.0370361425318264	16.472271676344068	9.999999999999998	0.9999999999999999
8.5	14.0	351.0201935756134	9.999999999999998	62.8467139792291	1.052858450990405	16.738004224256105	9.999999999999998	0.9999999999999999	421.13024258597403	8.60995672745305	29.878550694904096	0.5005493940840229	6.923556497863861	8.60995672745305	0.9999999999999999	340.00000000000006	9.999999999999998	9.97114340391898	0.1670445745552106	2.699344007111585	9.999999999999998	0.9999999999999999	322.77330098342554	9.999999999999998	22.98009554403153	0.3849809523230912	6.142305273514936	9.999999999999998	0.9999999999999999
9.0	14.0	350.47632508859203	9.999999999999998	241.8278791587264	1.04774853507593	16.38767285935821	9.999999999999998	0.9909758770151422	420.8749528892269	4.16441369781314	171.4059354268937	0.7426369464579856	5.774287180280017	4.16441369781314	0.9999999999999999	340.00000000000006	9.999999999999998	32.84844685225724	0.14231986894439966	2.2998070206763748	9.999999999999998	0.9999999999999999	321.9269597746253	9.999999999999998	67.55371434722707	0.2926846379022669	4.606341835950832	9.999999999999998	0.9999999999999999
9.5	14.0	349.7159120044239	9.999999999999998	65.69511476033226	0.8540959199451554	13.721838762761148	9.999999999999998	0.9999999999999999	420.57614359171436	5.971222570883122	43.63100255891463	0.5672425020434982	5.5836814215481105	5.971222570883122	0.9999999999999999	340.00000000000006	9.999999999999998	11.435483711859241	0.14867163283799797	2.4024478627775077	9.999999999999998	0.9999999999999999	319.8729547020864	9.999999999999998	20.944050846818147	0.27229160707992933	4.302230485035953	9.999999999999998	0.9999999999999999
10.0	14.0	350.8539242975919	9.999999999999998	11.65832738888494	0.7989939310061732	12.62429360268195	9.999999999999998	0.9999999999999999	421.23233451292845	9.999999999999998	9.159611152041704	0.6277464576809898	9.978617488229052	9.999999999999998	0.9999999999999999	340.00000000000006	9.999999999999998	9.025575177497858	0.6185604118079656	9.995579593627832	9.999999999999998	0.9999999999999999	317.99999818170585	9.999999999999998	11.949128563456503	0.8189237516280976	12.931531069886633	9.999999999999998	0.9999999999999999
0.0	14.5	358.74247220658856	9.999999999999998	5.981837399155656	0.44666366057161516	7.168455034225497	9.999999999999998	0.9999999999999999	423.99999999999994	9.999999999999998	9.912007217797344	0.7401293502458888	11.683401447512104	9.999999999999998	0.9999999999999999	340.00000000000006	9.999999999999998	5.7065600170145405	0.4261087047988158	6.885670975782581	9.999999999999998	0.9999999999999999	317.0000000000001	9.999999999999998	9.983609324224597	0.7454758778806836	11.841131359830966	9.999999999999998	0.9999999999999999
0.5	14.5	348.00000000000006	9.999999999999998	4.389313066326334	0.3024445940250066	4.8160307261862165	9.999999999999998	0.9999999999999999	418.00000000000006	9.999999999999998	10.809478279597474	0.7448245820003041	11.700541225991811	9.999999999999998	0.9999999999999999	340.9476744381217	9.999999999999998	6.675892021168697	0.4600007840832908	7.228193589795382	9.999999999999998	0.9999999999999999	317.00000000000006	9.999999999999998	11.716019888673175	0.8072896203287622	12.822980224278844	9.999999999999998	0.9999999999999999
1.0	14.5	357.0423322578755	9.999999999999998	6.8091677901477246	0.5129666470498302	8.330037794097224	9.999999999999998	0.9999999999999999	423.99999999999994	9.999999999999998	7.524263021512338	0.5668381353813683	8.947891999174946	9.999999999999998	0.9999999999999999	341.7214547038877	9.999999999999998	4.168647133241487	0.3140438022054352	5.024346931912558	9.999999999999998	0.9999999999999999	321.1031027179033	9.999999999999998	9.118181458475906	0.6869155106904542	11.099856527632424	9.999999999999998	0.9999999999999999
1.5	14.5	359.99999999999994	9.999999999999998	5.211188325177948	0.3590757172204676	5.643144424562295	9.999999999999998	0.9999999999999999	423.99999999999994	9.999999999999998	9.704551010257067	0.6686898259796968	10.555684189786938	9.999999999999998	0.9999999999999999	340.00000000000006	9.999999999999998	3.1884683946913963	0.21970067175024055	3.550236176341008	9.999999999999998	0.9999999999999999	317.00000000000006	9.999999999999998	12.09769992970945	0.8335891946161984	13.240722398218118	9.999999999999998	0.9999999999999999
2.0	14.5	359.99999999999994	9.999999999999998	9.743630332530934	0.7272183870559564	11.428782815281071	9.999999999999998	0.9999999999999999	422.13191911308496	9.999999999999998	12.60922272019638	0.9410926210937938	14.856172748020203	9.999999999999998	0.9999999999999999	341.89471056427016	9.999999999999998	8.805854074611316	0.6572272118543689	10.62465538684757	9.999999999999998	0.9999999999999999	317.00000000000006	9.999999999999998	12.366556133975122	0.9229811372421318	14.660623117411564	9.999999999999998	0.9999999999999999
2.5	14.5	355.3658888729686	9.999999999999998	8.254940394208559	0.6929258790703317	11.134051440813346	9.999999999999998	0.9999999999999999	418.00000000000006	9.999999999999998	9.79144741486668	0.8219014291220581	12.911350924156661	9.999999999999998	0.9999999999999999	340.00000000000006	9.999999999999998	8.170639275390991	0.6858495800210669	11.082933753098153	9.999999999999998	0.9999999999999999	321.3081073923931	9.999999999999998	8.39844310356937	0.7049716039677005	11.38500466500874	9.999999999999998	0.9999999999999999
3.0	14.5	359.99999999999994	9.999999999999998	9.738897966911846	0.6713718480668694	10.55111253568968	9.999999999999998	0.9999999999999999	418.79446079450304	9.999999999999998	9.305361946554461	0.641485111376559	10.30404708490126	9.999999999999998	0.9999999999999999	345.06121293699476	9.999999999999998	7.101010664471745	0.48952342135079036	7.708442035437369	9.999999999999998	0.9999999999999999	318.54953866438876	9.999999999999998	9.918862662914188	0.6837781009049609	10.755665956636568	9.999999999999998	0.9999999999999999
3.5	14.5	359.99999999999994	9.999999999999998	7.107544198221936	0.4854047246193717	7.628499600573565	9.999999999999998	0.9999999999999999	418.00000000000006	9.999999999999998	8.512912020246363	0.5813833301142696	9.133022441119753	9.999999999999998	0.9999999999999999	340.00000000000006	9.999999999999998	8.164777757465476	0.5576077458557857	9.010619657074425	9.999999999999998	0.9999999999999999	317.00000000000006	9.999999999999998	9.740768038132842	0.6652388919809865	10.56664788136313	9.999999999999998	0.9999999999999999
4.0	14.5	359.99999999999994	9.999999999999998	9.08843267163129	0.5740499552796187	9.021625939042373	9.999999999999998	0.9999999999999999	418.00000000000006	9.999999999999998	10.268607242604954	0.6485929688186047	10.188826945224811	9.999999999999998	0.9999999999999999	340.00000000000006	9.999999999999998	7.379395726813158	0.46610256575816755	7.531948708473616	9.999999999999998	0.9999999999999999	317.00000000000006	9.999999999999998	10.178648634241808	0.6429109401373478	10.211990918446858	9.999999999999998	0.9999999999999999
4.5	14.5	357.592397717937	9.999999999999998	7.670970731989539	0.47933098897475357	7.580799177376841	9.999999999999998	0.9999999999999999	420.1589387624031	9.999999999999998	10.534250732778906	0.6582469153211497	10.36491615591535	9.999999999999998	0.9999999999999999	340.00000000000006	9.999999999999998	5.530596159934298	0.34558678680732274	5.584483209881043	9.999999999999998	0.9999999999999999	321.7271298242932	9.999999999999998	12.245256106042492	0.7651614019437366	12.1036736975987	9.999999999999998	0.9999999999999999
5.0	14.5	359.99999999999994	9.999999999999998	8.766998481029976	0.6558512886597683	10.307195294606807	9.999999999999998	0.9999999999999999	420.21163834214695	9.999999999999998	10.987617785932946	0.8219738260247195	12.957870343630873	9.999999999999998	0.9999999999999999	343.4407278867458	2.8908647290453358	7.77561211904471	0.5816865646125744	2.974124496614153	2.8908647290453358	0.9999999999999999	317.00000000000006	9.999999999999998	13.025916603076288	0.974457131318972	15.478267290519605	9.999999999999998	0.9999999999999999
5.5	14.5	352.75926339072896	9.999999999999998	7.459932219947948	0.5655602248895433	8.94173941676789	9.999999999999998	0.9999999999999999	418.00000000000006	9.999999999999998	10.039783294883232	0.7611466070580545	11.956945930797595	9.999999999999998	0.9999999999999999	340.30309424377714	9.999999999999998	7.578002557067591	0.5745114974273299	9.220967145013992	9.999999999999998	0.9999999999999999	317.9662000539313	9.999999999999998	10.975548281940002	0.8320898061273994	13.152870554199612	9.999999999999998	0.9999999999999999
6.0	14.5	356.46971307709373	9.999999999999998	9.293229224452526	0.6379487199011673	10.069046389771545	9.999999999999998	0.9999999999999999	420.0408913384418	9.999999999999998	8.76245713783362	0.6015130133195564	9.454812404902508	9.999999999999998	0.9999999999999999	340.00000000000006	9.999999999999998	7.733013832100356	0.5308452160187694	8.578152606150732	9.999999999999998	0.9999999999999999	317.00000000000006	9.999999999999998	9.86827103514551	0.6774233931456389	10.760186375532562	9.999999999999998	0.9999999999999999
6.5	14.5	356.04018297150407	9.999999999999998	10.91925396724839	0.6895275875024734	10.834048847673515	9.999999999999998	0.9999999999999999	423.99999999999994	9.999999999999998	9.968532853359122	0.6294915778983369	9.936915499933534	9.999999999999998	0.9999999999999999	340.00000000000006	9.999999999999998	9.80208965588628	0.618981045150048	10.002376785899207	9.999999999999998	0.9999999999999999	317.00000000000006	9.999999999999998	9.867932855069064	0.6231389026760409	9.897932073918684	9.999999999999998	0.9999999999999999
7.0	14.5	353.734384865953	9.999999999999998	12.624272511128547	0.8563608253138421	13.588305917995823	9.999999999999998	0.9999999999999999	423.99999999999994	9.999999999999998	12.133703406347932	0.823083330466272	12.992881543473342	9.999999999999998	0.9999999999999999	341.0204357264036	9.999999999999998	7.954797601928889	0.5396094732260671	8.47630938164694	9.999999999999998	0.9999999999999999	320.9962201970977	9.999999999999998	10.827315384480595	0.7344651923834448	11.789904163017134	9.999999999999998	0.9999999999999999
7.5	14.5	354.6436273609039	9.999999999999998	17.850085908248595	0.7910181731484178	12.506946095691251	9.999999999999998	0.9999999999999999	422.7166477787383	9.999999999999998	8.781976232810562	0.38916915201514723	6.325356755461335	9.999999999999998	0.9999999999999999	345.3770523136526	9.999999999999998	10.626025158280388	0.47088731402955997	7.490979231448961	9.999999999999998	0.9999999999999999	317.00000000000006	9.999999999999998	13.405609381266226	0.5940632833486988	9.436095228436473	9.999999999999998	0.9999999999999999
8.0	14.5	351.2862173257677	9.999999999999998	32.33293112847501	0.8405179527557143	13.554053764860642	9.999999999999998	0.9999999999999999	420.57948558371334	9.999999999999998	15.373286209825835	0.3996397048218966	6.3893639445602535	9.999999999999998	0.9999999999999999	340.00000000000006	9.999999999999998	9.001744394223794	0.23400686252041844	3.7814159702547054	9.999999999999998	0.9999999999999999	321.3424261026132	9.999999999999998	14.200318978712493	0.3691475724560604	5.948509430995457	9.999999999999998	0.9999999999999999
8.5	14.5	352.1737223360448	9.999999999999998	74.3450418594209	0.6314216370541302	9.931452700504662	9.999999999999998	0.9999999999999999	420.42475842410283	4.727607386367606	118.55858580847614	1.0069327350647574	7.829297121810265	4.727607386367606	0.9999999999999999	345.16515563035654	9.999999999999998	39.39766272065534	0.3346092230094071	5.282176236823389	9.999999999999998	0.9999999999999999	322.3614723046463	9.999999999999998	30.384469055277968	0.2580590542699792	4.061076377280488	9.999999999999998	0.9999999999999999
9.0	14.5	350.5703608604764	9.999999999999998	61.50050078210939	1.078226834909864	16.94347592086758	9.999999999999998	0.9999999999999999	420.8735372512597	5.363452446689432	39.347473562142916	0.6898399418066294	6.474820726689883	5.363452446689432	0.9999999999999999	340.00000000000006	9.999999999999998	14.643813041292162	0.25673534338304754	4.148695115780084	9.999999999999998	0.9999999999999999	320.94665924115094	9.999999999999998	21.216378048947924	0.37196555899627615	5.954350152556873	9.999999999999998	0.9999999999999999
9.5	14.5	354.33196847806937	9.999999999999998	13.968845008070748	0.8771541630421158	13.78314282436732	9.999999999999998	0.9999999999999999	418.00000000000006	9.999999999999998	12.239528589471577	0.7685641475530083	12.07346898931909	9.999999999999998	0.9999999999999999	344.3092708417367	9.999999999999998	11.471078761626796	0.7203104110992354	11.429221759753416	9.999999999999998	0.9999999999999999	320.25686166357815	9.999999999999998	9.618427326427907	0.603975745054065	9.487229199269482	9.999999999999998	0.9999999999999999
10.0	14.5	358.7611139108222	9.999999999999998	7.091048999816568	0.5288734149209626	8.497071774790825	9.999999999999998	0.9999999999999999	423.99999999999994	9.999999999999998	9.910783599119997	0.7391783594704888	11.668389467514029	9.999999999999998	0.9999999999999999	340.00000000000006	9.999999999999998	8.785602369936903	0.6552586969355914	10.588602721103234	9.999999999999998	0.9999999999999999	322.7029162229147	9.999999999999998	6.793052388001768	0.5066478618709912	8.056968125160287	9.999999999999998	0.9999999999999999
0.0	15.0	359.99999999999994	9.999999999999998	9.176849486289962	0.577869127613896	9.081647099012338	9.999999999999998	0.9999999999999999	422.9829471154532	9.999999999999998	10.343972010318746	0.6513632037439064	10.412842886054783	9.999999999999998	0.9999999999999999	345.64631437355496	9.999999999999998	5.962676534770696	0.37547163572198944	6.061914265585526	9.999999999999998	0.9999999999999999	317.00000000000006	9.999999999999998	11.449052171582561	0.7209504525799028	11.451569750583605	9.999999999999998	0.9999999999999999
0.5	15.0	359.0209651543696	9.999999999999998	12.255596836267076	0.9226242274877999	14.92901370356849	9.999999999999998	0.9999999999999999	418.00000000000006	9.999999999999998	6.061875818483788	0.4563493372762658	7.1688480258198695	9.999999999999998	0.9999999999999999	344.4872909204214	2.5972555172180303	8.602483526526058	0.6476110322632898	2.1648904837902654	2.5972555172180303	0.4078426655979928	321.14373862323833	9.999999999999998	13.500530711120817	1.0163451755497779	16.46813088180591	9.999999999999998	0.9999999999999999
1.0	15.0	359.99999999999994	9.999999999999998	5.35718477276115	0.44384821689502546	6.9754078886521516	9.999999999999998	0.9999999999999999	423.99999999999994	9.999999999999998	8.890264213634076	0.7365674484498631	11.62717461555934	9.999999999999998	0.9999999999999999	340.8441850117825	9.999999999999998	5.30486826407971	0.4395137408451239	6.914564559714875	9.999999999999998	0.9999999999999999	317.00000000000006	9.999999999999998	13.174742359374218	1.0915408283081673	17.338023557999538	9.999999999999998	0.9999999999999999
1.5	15.0	355.4884124673669	9.999999999999998	7.555312769940432	0.7066722568163031	11.27921381347929	9.999999999999998	0.9999999999999999	418.4179679827542	9.999999999999998	10.854229122843002	1.015230318559159	16.036903188480537	9.999999999999998	0.9999999999999999	340.00000000000006	9.999999999999998	8.921553171471327	0.8344610350313791	13.484409176878723	9.999999999999998	0.9999999999999999	317.00000000000006	9.999999999999998	8.219807475673182	0.7688245445694876	12.212001347100045	9.999999999999998	0.9999999999999999
2.0	15.0	352.6186439720944	9.999999999999998	9.159339613044699	0.5760912093431197	9.074289946672623	9.999999999999998	0.9999999999999999	423.99999999999994	9.999999999999998	8.44103411337841	0.5309122443234998	8.380779497219422	9.999999999999998	0.9999999999999999	341.24792386814664	1.4737892771558017	13.869832340407353	0.8723651293584359	2.114062960743464	1.4737892771558017	0.9396742062143824	317.0000000599126	9.999999999999998	12.585174569445329	0.7915645389084945	12.573203220419684	9.999999999999998	0.9999999999999999
2.5	15.0	357.60448280641486	9.999999999999998	9.385226491982454	0.6469907453447126	10.22839791484881	9.999999999999998	0.9999999999999999	418.9237778200058	9.999999999999998	10.617762624472357	0.7319582708173438	11.854377658409051	9.999999999999998	0.9999999999999999	340.00000000000006	9.999999999999998	5.998470292942951	0.4135174328584048	6.682203281337784	9.999999999999998	0.9999999999999999	318.7511992369312	9.999999999999998	10.429451846200806	0.7189766628727262	11.361637967935659	9.999999999999998	0.9999999999999999
3.0	15.0	359.99999999999994	9.999999999999998	7.870070140140966	0.5421579837604523	8.520419667953362	9.999999999999998	0.9999999999999999	418.00000000000006	9.999999999999998	8.184669087720945	0.5638302596202538	8.8572790917174	9.999999999999998	0.9999999999999999	340.00000000000006	9.999999999999998	6.911204781778636	0.47610310748483214	7.693551696476193	9.999999999999998	0.9999999999999999	317.00000000000006	9.999999999999998	11.91723503231423	0.8209614402500337	13.040143274646036	9.999999999999998	0.9999999999999999
3.5	15.0	359.99999999999994	9.999999999999998	8.299267316383625	0.6293406154766683	9.890560166164663	9.999999999999998	0.9999999999999999	420.8238083336182	9.999999999999998	9.316430676711345	0.7064729924474951	11.466211020133015	9.999999999999998	0.9999999999999999	340.8681755523816	9.999999999999998	8.117441627278506	0.6155526162800419	9.680631927702679	9.999999999999998	0.9999999999999999	324.99999999999994	9.999999999999998	10.477177590693312	0.7944934344226512	12.911337286214282	9.999999999999998	0.9999999999999999
4.0	15.0	359.99999999999994	9.999999999999998	12.528691781018704	0.9401043068016337	14.774444839937072	9.999999999999998	0.9999999999999999	422.7189625480282	9.999999999999998	10.118295215099776	0.7592375225972894	12.338203867740505	9.999999999999998	0.9999999999999999	340.00000000000006	9.999999999999998	6.4189202203683	0.48165080996937665	7.783199369827859	9.999999999999998	0.9999999999999999	324.06048802765105	9.999999999999998	9.622360971270826	0.7220245456430349	11.341743296252416	9.999999999999998	0.9999999999999999
4.5	15.0	357.0265007975262	9.999999999999998	8.803861575351348	0.606913106190266	9.844625257709396	9.999999999999998	0.9999999999999999	421.859390204986	9.999999999999998	11.57589326395967	0.7980090642754525	12.53831354570908	9.999999999999998	0.9999999999999999	340.00000000000006	9.999999999999998	5.0965089336791	0.35133878937007035	5.6774322546972895	9.999999999999998	0.9999999999999999	321.10809571239133	9.999999999999998	8.520219030095896	0.5873595981398138	9.494265723261766	9.999999999999998	0.9999999999999999
5.0	15.0	351.50734067921843	9.999999999999998	7.193848818146759	0.5409338574563182	8.741451173819746	9.999999999999998	0.9999999999999999	423.99999999999994	9.999999999999998	8.8105652655964	0.6625011417347919	10.45799196552763	9.999999999999998	0.9999999999999999	341.47913239255394	9.999999999999998	9.202433353046956	0.6919672483374139	10.9528497351175	9.999999999999998	0.9999999999999999	317.00000000000006	9.999999999999998	12.166864620548978	0.9148745238766144	14.53185775210243	9.999999999999998	0.9999999999999999
5.5	15.0	359.99999999999994	9.999999999999998	6.955246982156428	0.4395186649649646	6.907365730234698	9.999999999999998	0.9999999999999999	418.00000000000006	9.999999999999998	8.030114153128087	0.507442088131982	7.971470350839201	9.999999999999998	0.9999999999999999	347.53974811330613	9.999999999999998	10.94467810418818	0.6916203437728445	11.170957581503878	9.999999999999998	0.9999999999999999	317.00000000000006	9.999999999999998	12.957775004478998	0.8188327438976499	13.006331083156452	9.999999999999998	0.9999999999999999
6.0	15.0	356.52051106620496	9.999999999999998	9.693285134942057	0.6119665406299241	9.673491965873223	9.999999999999998	0.9999999999999999	420.10209210787434	9.999999999999998	8.952429972554869	0.5651941033682177	8.890865786562324	9.999999999999998	0.9999999999999999	340.00000000020214	9.999999999999998	9.019188797543562	0.5694087908158797	9.201317739283791	9.999999999999998	0.9999999999999999	317.00000000000006	9.999999999999998	12.212661710833473	0.7710224382156241	12.246912667708873	9.999999999999998	0.9999999999999999
6.5	15.0	354.31247933417177	9.999999999999998	14.148593345496998	0.8808055921679042	13.838708697576106	9.999999999999998	0.9999999999999999	423.1900752391927	9.999999999999998	13.985854018659282	0.8706744289035419	13.791457229047158	9.999999999999998	0.9999999999999999	340.00000000000006	9.999999999999998	11.246734950593408	0.700153492026519	11.314076723487815	9.999999999999998	0.9999999999999999	317.00000000000006	9.999999999999998	12.682658168592027	0.7895453608471356	12.541130584821435	9.999999999999998	0.9999999999999999
7.0	15.0	352.7942281566197	9.999999999999998	23.31436191842414	1.0334067743057436	16.357713936357975	9.999999999999998	0.9999999999999999	419.75517493630844	9.999999999999998	12.100839575711362	0.5363685112241924	8.4335569023305	9.999999999999998	0.9999999999999999	340.00000000000006	9.999999999999998	9.012691121713443	0.39948663799988904	6.4554737265635955	9.999999999999998	0.9999999999999999	317.00000000000006	9.999999999999998	13.203509118694889	0.5852442290983025	9.296013459264685	9.999999999999998	0.9999999999999999
7.5	15.0	352.78871182168325	9.999999999999998	91.9726203493496	0.9763342529797303	15.451366671767632	9.999999999999998	0.9999999999999999	420.1259920504448	9.999999999999998	27.350229864950254	0.29033603851441153	4.568932937684512	9.999999999999998	0.9999999999999999	340.71802363780694	9.999999999999998	20.64926928998637	0.21920207155388172	3.4575864753110896	9.999999999999998	0.9999999999999999	321.53878278946144	9.999999999999998	25.24528360902618	0.26799100667195797	4.271777200033369	9.999999999999998	0.9999999999999999
8.0	15.0	352.9442141981216	9.99450738913212	152.19210795035576	0.9477710496831263	14.410590637146868	9.99450738913212	0.9027395090880888	419.92908131854614	5.442144141830969	115.90852051573141	0.7218162731029848	6.17068647960584	5.442144141830969	0.9999999999999999	343.54949121472936	9.999999999999998	42.60356125032171	0.26531219332100975	4.231957553950154	9.999999999999998	0.9999999999999999	323.4310995699251	9.999999999999998	40.77702778420012	0.2539375197996199	4.047815281608931	9.999999999999998	0.9999999999999999
8.5	15.0	352.5213180931699	9.999999999999998	143.24881132818902	0.9552328660325342	14.314500130223301	9.999999999999998	0.8963073244194015	421.00069450938275	5.30538728997988	73.65640362902543	0.49116650175202964	4.445858861699849	5.30538728997988	0.9999999999999999	342.3477391271253	9.999999999999998	44.23602841331386	0.2949812135357746	4.695902148791841	9.999999999999998	0.9999999999999999	323.65966087099025	9.999999999999998	42.19537941090648	0.28137345667509034	4.445252374435367	9.999999999999998	0.9999999999999999
9.0	15.0	352.4356371113737	9.999999999999998	26.66370381190662	0.9136875648290225	14.355860343337275	9.999999999999998	0.9999999999999999	420.1212282124549	9.999999999999998	15.879499991252572	0.5441442711807776	8.562349568431664	9.999999999999998	0.9999999999999999	340.00000000000006	9.999999999999998	10.844358955396459	0.371604635124376	6.004916636824602	9.999999999999998	0.9999999999999999	317.00000000000006	9.999999999999998	11.892532670297237	0.4075224991931264	6.473083285740805	9.999999999999998	0.9999999999999999
9.5	15.0	355.41339278621854	9.999999999999998	9.43906785641369	0.643432260415772	10.310609536245217	9.999999999999998	0.9999999999999999	423.6316439193032	9.999999999999998	10.193568954246297	0.6948642825443921	10.915025757150907	9.999999999999998	0.9999999999999999	340.00000000000006	9.999999999999998	9.689489306976556	0.6605027214446941	10.673343133472114	9.999999999999998	0.9999999999999999	317.00000000000006	9.999999999999998	9.555897820283898	0.651396200169232	10.346770703603026	9.999999999999998	0.9999999999999999
10.0	15.0	354.1853045951863	9.999999999999998	6.3234030885958905	0.39837347289914016	6.2583383679254965	9.999999999999998	0.9999999999999999	423.9999999764271	9.999999999999998	10.942255285208818	0.6893604880541541	10.881983420871395	9.999999999999998	0.9999999999999999	344.0107703430157	9.999999999999998	4.255167588108105	0.26807493782891045	4.319177248719917	9.999999999999998	0.9999999999999999	324.99999999999994	9.999999999999998	9.541034936772931	0.601083810340841	9.768231525076267	9.999999999999998	0.9999999999999999
0.0	15.5	359.99999999999994	9.999999999999998	4.869216452117839	0.30769741462103284	4.8356958337697895	9.999999999999998	0.9999999999999999	423.99999999999994	9.999999999999998	9.799001334274312	0.6192222929651945	9.774808459572373	9.999999999999998	0.9999999999999999	340.00000000000006	9.999999999999998	6.527433265617201	0.4124840946571935	6.665505131827772	9.999999999999998	0.9999999999999999	317.00000000000006	9.999999999999998	13.427500041117067	0.8485157906008706	13.477816298978668	9.999999999999998	0.9999999999999999
0.5	15.5	359.99999999999994	9.999999999999998	7.090921779867102	0.4803388650139263	7.54888581435217	9.999999999999998	0.9999999999999999	418.00000000000006	9.999999999999998	9.726095285074503	0.6588454527187785	10.349884479363435	9.999999999999998	0.9999999999999999	340.00000000000006	9.999999999999998	6.36495307232818	0.43116176282039337	6.9673254798241	9.999999999999998	0.9999999999999999	322.2403043518928	9.999999999999998	9.434245526480645	0.6390755573300594	10.042109837120222	9.999999999999998	0.9999999999999999
1.0	15.5	352.5774206732213	9.999999999999998	7.536563174086419	0.4762534232352411	7.495712579065816	9.999999999999998	0.9999999999999999	423.99999999999994	9.999999999999998	8.715918057156205	0.5507796744318642	8.694399220054754	9.999999999999998	0.9999999999999999	340.00000000000006	9.999999999999998	7.52219383743926	0.4753453905405296	7.681307427554942	9.999999999999998	0.9999999999999999	317.00000000000006	9.999999999999998	11.590738885447344	0.7324464672439066	11.634172332088998	9.999999999999998	0.9999999999999999
1.5	15.5	359.99999999999994	9.999999999999998	9.917326012249541	0.821660564945361	12.913012530744924	9.999999999999998	0.9999999999999999	418.00000000000006	9.999999999999998	7.464093056710326	0.6184077149633018	9.714643069334883	9.999999999999998	0.9999999999999999	340.00000000000006	9.999999999999998	8.414461030756112	0.6971466699493457	11.265488212450686	9.999999999999998	0.9999999999999999	317.00000000000006	9.999999999999998	10.080224578060008	0.8351568771012076	13.26562345107079	9.999999999999998	0.9999999999999999
2.0	15.5	357.4642930833139	9.999999999999998	6.750123361104119	0.5650205822087057	8.979445722203838	9.999999999999998	0.9999999999999999	420.2198971907926	9.999999999999998	8.773149281009546	0.7343584182658673	11.578986064790584	9.999999999999998	0.9999999999999999	345.38419060395245	9.999999999999998	8.480725414145383	0.7098810132365931	11.296561386844399	9.999999999999998	0.9999999999999999	317.00000000000006	9.999999999999998	10.332220207268426	0.8648607980498373	13.737440233197514	9.999999999999998	0.9999999999999999
2.5	15.5	350.75076510754553	9.999999999999998	3.6707396858902	0.2506905812593716	3.9501929713327844	9.999999999999998	0.9999999999999999	423.2621660287372	9.999999999999998	10.66848751252904	0.7285968400196311	11.513077388151215	9.999999999999998	0.9999999999999999	340.00000000000006	9.999999999999998	3.2307561342636952	0.2206422145158001	3.5654509645400254	9.999999999999998	0.9999999999999999	324.9999999999998	9.999999999999998	10.735036796504216	0.7331417764928602	11.914309602561374	9.999999999999998	0.9999999999999999
3.0	15.5	359.99999999999994	9.999999999999998	4.753180501045823	0.36043778660974074	5.66455036740756	9.999999999999998	0.9999999999999999	418.00000000000006	9.999999999999998	8.66818588230317	0.6573160292675023	10.325858577726843	9.999999999999998	0.9999999999999999	340.00000000000006	9.999999999999998	7.8800266536407575	0.5975492335793068	9.656051068472781	9.999999999999998	0.9999999999999999	317.79574628275566	9.999999999999998	9.984933458032184	0.7571661362884922	12.046772266333457	9.999999999999998	0.9999999999999999
3.5	15.5	351.72295077265824	9.999999999999998	8.617720726986969	0.6476977070531699	10.336828126267395	9.999999999999998	0.9999999999999999	421.83655442158187	9.999999999999998	10.54726814689277	0.7927202111602745	12.453652880024796	9.999999999999998	0.9999999999999999	340.1428239264516	1.1518237531381863	8.127085536071185	0.6108221458435117	4.0424366094459225	1.1518237531381863	1.2126422083134455e-32	324.3705700763062	9.999999999999998	10.34346793083361	0.7774028277336928	12.265095111106326	9.999999999999998	0.9999999999999999
4.0	15.5	359.02633199004043	9.999999999999998	6.84279028276342	0.5173137485126397	8.367653254643486	9.999999999999998	0.9999999999999999	423.99999999999994	9.999999999999998	10.373315106410047	0.7842208076604449	12.379412485594841	9.999999999999998	0.9999999999999999	346.8455003583055	9.999999999999998	6.005385602921583	0.4540061011860491	7.137615252013045	9.999999999999998	0.9999999999999999	324.99999999999994	9.999999999999998	11.19046364538637	0.8459970942805799	13.748324849721849	9.999999999999998	0.9999999999999999
4.5	15.5	351.5188560690529	9.999999999999998	9.402580927770039	0.7088380071276484	11.446129333879282	9.999999999999998	0.9999999999999999	423.99999999999994	9.999999999999998	5.329509794663399	0.4017789509962174	6.342330264418771	9.999999999999998	0.9999999999999999	340.2549144502096	9.999999999999998	5.764853074918709	0.4345984359401001	6.995398938586857	9.999999999999998	0.9999999999999999	317.00000000000006	9.999999999999998	11.967624138981849	0.9022104579471594	14.330701856023605	9.999999999999998	0.9999999999999999
5.0	15.5	358.1661907803142	9.999999999999998	7.386995723190212	0.4666922387594541	7.338322396548971	9.999999999999998	0.9999999999999999	423.4816730197494	9.999999999999998	9.050514765268606	0.5717892843052266	8.991636397641274	9.999999999999998	0.9999999999999999	346.1339625030582	9.999999999999998	5.01859305994695	0.3170623780404471	5.044056666907373	9.999999999999998	0.9999999999999999	317.3831960192811	9.999999999999998	12.802665401935641	0.8088409418947351	13.128401240966177	9.999999999999998	0.9999999999999999
5.5	15.5	359.99999999999994	9.999999999999998	7.075095275911747	0.5927770183182709	9.315935791552146	9.999999999999998	0.9999999999999999	421.44280491363054	9.999999999999998	9.15466690508786	0.7670110351970651	12.102748266270364	9.999999999999998	0.9999999999999999	347.2756166596256	9.999999999999998	10.127851662887702	0.8485479667159186	13.506093937370888	9.999999999999998	0.9999999999999999	322.1791631755723	9.999999999999998	8.892896956794955	0.745079004124254	11.704173564502282	9.999999999999998	0.9999999999999999
6.0	15.5	353.98352438112704	9.999999999999998	18.84081953309408	1.0140711743144153	15.970345099229668	9.999999999999998	0.9999999999999999	419.84941010213504	9.999999999999998	9.781884610131813	0.5264912811345988	8.271406162148484	9.999999999999998	0.9999999999999999	340.15689018055485	9.999999999999998	11.330704439079481	0.6098535542025837	9.879082317588816	9.999999999999998	0.9999999999999999	317.00000000000006	9.999999999999998	13.156994546951317	0.7081501357857445	11.248249647137765	9.999999999999998	0.9999999999999999
6.5	15.5	352.3771324985132	9.999999999999998	40.76336176090687	0.9913071446827936	15.571708533769094	9.999999999999998	0.9999999999999999	420.2513418348524	9.999999999999998	14.467644155753492	0.3518325868815103	5.55201297782993	9.999999999999998	0.9999999999999999	340.0764471571376	9.999999999999998	15.10654810483355	0.3673698247865673	5.96774890031708	9.999999999999998	0.9999999999999999	317.00000000000006	9.999999999999998	14.123063707250376	0.3434528790810921	5.4554020831271774	9.999999999999998	0.9999999999999999
7.0	15.5	351.75063731590626	9.999999999999998	96.06670189236617	0.9529260938658104	15.187560194057859	9.999999999999998	0.9999999999999999	420.67201363518603	9.999999999999998	39.035166275412756	0.3872062617899383	6.222709986069867	9.999999999999998	0.9999999999999999	341.0329429062684	9.999999999999998	18.9751408369286	0.1882224171549794	2.956598521972551	9.999999999999998	0.9999999999999999	323.7509050520671	9.999999999999998	27.449202274734073	0.2722802031103495	4.291172899874111	9.999999999999998	0.9999999999999999
7.5	15.5	352.63128411590935	8.391178631827344	481.17693687644095	0.9204641051455074	11.792269696963606	8.391178631827344	0.930284187242101	419.94221335927114	5.181171395583826	421.58921430125037	0.8064761819215067	6.56444514660054	5.181171395583826	0.9999999999999999	345.06446747787	9.999999999999998	151.03368644272973	0.2889188495624696	4.549851776891163	9.999999999999998	0.9999999999999999	322.78025171415464	9.999999999999998	122.37032381316634	0.2340874675669997	3.7361142477727145	9.999999999999998	0.9999999999999999
8.0	15.5	351.99229653349613	9.999999999999998	438.8063472568433	0.9843100674535805	14.640516078166547	9.999999999999998	0.8710382999721228	420.2722294299355	4.779930821562485	248.95772525525615	0.5584504346188431	4.288212278920059	4.779930821562485	0.9999999999999999	341.2579690883039	9.999999999999998	76.98681079335765	0.17269324702974453	2.717766446032872	9.999999999999998	0.9999999999999999	322.20561366165896	9.999999999999998	107.29541591426549	0.24068010578300403	3.781122980481599	9.999999999999998	0.9999999999999999
8.5	15.5	352.3371491796375	9.999999999999998	181.86795755305465	0.9788696120605409	13.880765921796915	9.999999999999998	0.7735026043400782	420.52207935923013	6.213077748729962	61.543443031617144	0.3312458500978928	3.3574222771105653	6.213077748729962	0.9999999999999999	340.000000000005	9.999999999999998	30.40922993365752	0.16367188320974888	2.6448432596595555	9.999999999999998	0.9999999999999999	322.54836404032153	9.999999999999998	45.95017489662217	0.24731805690427452	3.909960297034684	9.999999999999998	0.9999999999999999
9.0	15.5	352.7657763931788	9.999999999999998	28.05078776917366	0.9192116463705735	14.536175981538616	9.999999999999998	0.9999999999999999	419.0987452314146	9.999999999999998	13.331555121146325	0.4368690402718756	7.04391670699526	9.999999999999998	0.9999999999999999	340.00000000000006	9.999999999999998	8.476235780861085	0.27776241834152265	4.488480522922931	9.999999999999998	0.9999999999999999	317.00000000000006	9.999999999999998	12.352809640984448	0.4047959929264442	6.429775487574393	9.999999999999998	0.9999999999999999
9.5	15.5	359.99999999999994	9.999999999999998	8.20421316272807	0.5633234439134648	8.853050761418347	9.999999999999998	0.9999999999999999	418.00000000000006	9.999999999999998	7.803120549264595	0.53578334130241	8.41668659252969	9.999999999999998	0.9999999999999999	340.00000000000006	9.999999999999998	7.107181610217678	0.48799829328849037	7.885771040313495	9.999999999999998	0.9999999999999999	317.00000000000006	9.999999999999998	12.862841706861017	0.8831974675817995	14.028699707946778	9.999999999999998	0.9999999999999999
10.0	15.5	359.99999999999994	9.999999999999998	10.066118173517605	0.6939294757964258	10.905622587605109	9.999999999999998	0.9999999999999999	423.99999999999994	9.999999999999998	9.501250345519733	0.6549890988785326	10.339409703722398	9.999999999999998	0.9999999999999999	340.00000000000006	9.999999999999998	10.412294932196065	0.717793914157048	11.599135773670994	9.999999999999998	0.9999999999999999	317.00000000000006	9.999999999999998	10.846111910877225	0.747700019312836	11.876459600009321	9.999999999999998	0.9999999999999999
0.0	16.0	359.99999999999994	9.999999999999998	7.922933133276595	0.5005514474446514	7.866541719164913	9.999999999999998	0.9999999999999999	418.00000000000006	9.999999999999998	9.981927588953504	0.6306336578751416	9.906701914496018	9.999999999999998	0.9999999999999999	340.00000000000006	9.999999999999998	9.408981646802948	0.594436341070021	9.605748520412796	9.999999999999998	0.9999999999999999	317.00000000000006	9.999999999999998	9.420148369106427	0.5951418271467294	9.45322680729603	9.999999999999998	0.9999999999999999
0.5	16.0	359.99999999999994	9.999999999999998	7.727173751486043	0.647107564797237	10.169781110916794	9.999999999999998	0.9999999999999999	423.99999999999994	9.999999999999998	9.61077952791002	0.8048490089811883	12.705041454490988	9.999999999999998	0.9999999999999999	340.00000000000006	9.999999999999998	5.337136259833602	0.4469552981680735	7.222539904509141	9.999999999999998	0.9999999999999999	317.00000000000006	9.999999999999998	8.667930462709853	0.7258906754202668	11.530040200581116	9.999999999999998	0.9999999999999999
1.0	16.0	355.45674133058776	9.999999999999998	6.46957893374466	0.4389624848710263	7.017655274120181	9.999999999999998	0.9999999999999999	422.80674782910825	9.999999999999998	9.690258474449193	0.6574863654263625	10.62043656050507	9.999999999999998	0.9999999999999999	341.0336505997761	9.999999999999998	6.719830679386925	0.45594212593197214	7.161937705986639	9.999999999999998	0.9999999999999999	318.46099069929693	9.999999999999998	10.376664751546075	0.7040591962258962	11.063559392382942	9.999999999999998	0.9999999999999999
1.5	16.0	351.2880232289857	9.999999999999998	7.528339164912631	0.5184948432320425	8.36212289639136	9.999999999999998	0.9999999999999999	423.99999999999994	9.999999999999998	9.152521648016263	0.6303562011636787	9.9505641151472	9.999999999999998	0.9999999999999999	340.00000000000006	9.999999999999998	6.722554625804155	0.4629985220472754	7.481789151893466	9.999999999999998	0.9999999999999999	317.3723650825431	9.999999999999998	10.940733902701488	0.7535146843760107	12.221090884210675	9.999999999999998	0.9999999999999999
2.0	16.0	359.99999999999994	9.999999999999998	10.769592389347702	0.5444449746864369	8.556361447010145	9.999999999999998	0.9999999999999999	418.00000000000006	9.999999999999998	8.964769315063249	0.4532041164006376	7.119439363150191	9.999999999999998	0.9999999999999999	340.00000000000006	9.999999999999998	6.099574479783363	0.30835732246732045	4.982876532610931	9.999999999999998	0.9999999999999999	317.00000000000006	9.999999999999998	8.711015362307132	0.4403758626106857	6.994925780424246	9.999999999999998	0.9999999999999999
2.5	16.0	359.4737520870333	9.999999999999998	8.079243281380831	0.6710878227727812	10.614014662319322	9.999999999999998	0.9999999999999999	418.00000000000006	9.999999999999998	10.147753821089557	0.8429049331294863	13.241297559200856	9.999999999999998	0.9999999999999999	341.5520590226348	9.999999999999998	7.7153752515896015	0.6408637788388691	10.171827259842678	9.999999999999998	0.9999999999999999	317.00000000000006	9.999999999999998	9.957454179187415	0.8270980353903306	13.137616890244345	9.999999999999998	0.9999999999999999
3.0	16.0	358.3533331988023	9.999999999999998	4.728469688970785	0.44042132986274185	6.951533296926972	9.999999999999998	0.9999999999999999	423.99999999999994	9.999999999999998	8.866357044449737	0.8258343644800658	13.03630832389792	9.999999999999998	0.9999999999999999	343.77739996839836	9.999999999999998	8.16647695257202	0.7606458064296208	12.293227618563964	9.999999999999998	0.9999999999999999	319.47684062632715	9.999999999999998	10.701589033734118	0.9967723986632148	16.037341314320997	9.999999999999998	0.9999999999999999
3.5	16.0	358.04677738692163	9.999999999999998	7.633011450981333	0.5261980381735013	8.266053006936453	9.999999999999998	0.9999999999999999	418.00000000000006	9.999999999999998	10.358655916725281	0.7140961934223757	11.217825179753422	9.999999999999998	0.9999999999999999	344.6455852065871	3.2773870351850865	10.244301245543756	0.7062129085592358	3.673380483242454	3.2773870351850865	0.9999999999999999	320.06800449379875	9.999999999999998	12.200854894516974	0.8410921365392424	13.230493937970985	9.999999999999998	0.9999999999999999
4.0	16.0	357.7895949004435	9.999999999999998	8.365970500481172	0.6343987755929634	9.98375552574974	9.999999999999998	0.9999999999999999	423.99999999954906	9.999999999999998	9.477919762651075	0.7187188494447077	11.345423395330638	9.999999999999998	0.9999999999999999	340.00000000000006	9.999999999999998	7.3553707755896705	0.5577641247716535	9.013146650186954	9.999999999999998	0.9999999999999999	320.47844146002365	9.999999999999998	8.790180824202281	0.666567011178672	10.49115945815426	9.999999999999998	0.9999999999999999
4.5	16.0	355.590252050066	9.999999999999998	8.667667617958612	0.5896104080553247	9.36674212576262	9.999999999999998	0.9999999999999999	418.00000000000006	9.999999999999998	10.297560415038449	0.7004824210962458	11.003964751147047	9.999999999999998	0.9999999999999999	340.00000000000006	9.999999999999998	6.596403497973315	0.4487145019358296	7.250967623041305	9.999999999999998	0.9999999999999999	317.00000000000006	9.999999999999998	10.023864557691324	0.6818645029611367	10.83072891925409	9.999999999999998	0.9999999999999999
5.0	16.0	359.99999999999994	9.999999999999998	10.075338681204258	0.7588450991838214	11.925820335927495	9.999999999999998	0.9999999999999999	422.99925749755715	9.999999999999998	10.504675873566711	0.7911815232614929	12.63735138813641	9.999999999999998	0.9999999999999999	345.16643191862636	9.999999999999998	7.7870178987891325	0.5864954575449111	9.25881103646508	9.999999999999998	0.9999999999999999	317.00000000000006	9.999999999999998	11.584094287722149	0.8724801673535962	13.858466218721507	9.999999999999998	0.9999999999999999
5.5	16.0	351.76790451184746	9.999999999999998	19.932452346128947	0.8348110258551401	13.294264377414315	9.999999999999998	0.9999999999999999	420.9029020615201	9.999999999999998	18.289647838551613	0.7660070827961001	12.402079454296347	9.999999999999998	0.9999999999999999	340.00000000000006	9.999999999999998	9.224657579786369	0.3863471349946271	6.243146934220179	9.999999999999998	0.9999999999999999	317.00000000000006	9.999999999999998	10.956112225525306	0.4588639233923019	7.288589952263077	9.999999999999998	0.9999999999999999
6.0	16.0	352.5297599298545	9.999999999999998	51.93804426597487	0.8155350946012384	12.825961177697225	9.999999999999998	0.9999999999999999	419.88730625927656	5.659041980408262	57.746849791474425	0.9067453977751283	8.060862674272467	5.659041980408262	0.9999999999999999	345.9831205037264	9.999999999999998	32.36453922129731	0.5081904397554963	8.146375551794012	9.999999999999998	0.9999999999999999	317.00000000000006	9.999999999999998	22.992502341352058	0.361030008678202	5.734597033176874	9.999999999999998	0.9999999999999999
6.5	16.0	351.1047986443492	9.999999999999998	154.72754134910414	0.7227660536302574	11.535776824077965	9.999999999999998	0.9999999999999999	419.68380524591055	4.366696919100718	207.6753737816269	0.970096913811034	6.7268365972235475	4.366696919100718	0.9999999999999999	342.7969950124353	9.999999999999998	41.70709830196541	0.1948229422198809	3.0623639622384538	9.999999999999998	0.9999999999999999	322.2389332362731	9.999999999999998	57.53709829904957	0.2687683208325021	4.223246226070828	9.999999999999998	0.9999999999999999
7.0	16.0	351.6137360139068	9.999999999999998	106.81931676955399	0.6188853171427204	9.935364355803852	9.999999999999998	0.9999999999999999	419.46708652521784	4.967141845270189	169.55545474397414	0.9823633454694747	7.910859622332767	4.967141845270189	0.9999999999999999	342.0576601826554	9.999999999999998	34.384132477021744	0.1992133574363412	3.22399301268985	9.999999999999998	0.9999999999999999	319.4951774082778	9.999999999999998	34.35466501919353	0.19904263010410458	3.198919929785403	9.999999999999998	0.9999999999999999
7.5	16.0	351.8449275075651	9.999999999999998	301.02251846411195	1.0083580724548602	14.959359667989172	9.999999999999998	0.8545570988866737	420.22131855713116	5.445726574619952	203.36017974612028	0.681211093140592	5.902313212528766	5.445726574619952	0.9999999999999999	340.00000000000006	9.999999999999998	54.83224819532672	0.1836757608059076	2.9680943874008756	9.999999999999998	0.9999999999999999	321.3692793842961	9.999999999999998	67.060406340076	0.22463735410937544	3.613852887678653	9.999999999999998	0.9999999999999999
8.0	16.0	354.2479999176208	5.376531782816684	138.9355425718445	0.6016733815442543	4.534489214083208	5.376531782816684	0.7464112196454035	420.40289905780816	5.6984107763629135	93.3657323812238	0.4043290498766216	3.7265536462981173	5.6984107763629135	0.9999999999999999	349.4338889153197	9.999999999999998	171.33955375367506	0.7420019873312722	11.990557610536937	9.999999999999998	0.9999999999999999	323.3628045680533	9.999999999999998	61.65877315707964	0.2670190928869504	4.271052875164825	9.999999999999998	0.9999999999999999
8.5	16.0	353.2854455898859	9.999999999999998	48.95283596074009	0.8786754620375262	14.279679075997546	9.999999999999998	0.9999999999999999	418.00000000000006	9.999999999999998	17.40843812314729	0.3124715271547442	4.908653760599447	9.999999999999998	0.9999999999999999	345.2159353039472	9.999999999999998	18.529629296278127	0.33259626870951803	5.258422979920736	9.999999999999998	0.9999999999999999	317.92815414808376	9.999999999999998	23.192041977856874	0.4162839149264072	6.588494854195694	9.999999999999998	0.9999999999999999
9.0	16.0	355.20135031689983	9.999999999999998	13.35518974417854	0.8386205355958407	13.620652741202132	9.999999999999998	0.9999999999999999	420.0446793632688	9.999999999999998	9.309333277865823	0.584566614856749	9.18880603373001	9.999999999999998	0.9999999999999999	340.00000000000006	9.999999999999998	6.812026070994371	0.4277516876643605	6.912220631547839	9.999999999999998	0.9999999999999999	317.00000000000006	9.999999999999998	10.050389235443555	0.6311001913880161	10.024389103889982	9.999999999999998	0.9999999999999999
9.5	16.0	358.5072935981412	9.999999999999998	8.817023367160703	0.5569070105362267	8.835856189774443	9.999999999999998	0.9999999999999999	423.8106889451541	9.999999999999998	10.98475347544723	0.693826699186658	10.910080767164148	9.999999999999998	0.9999999999999999	346.0052113784821	9.999999999999998	7.1695457865373715	0.45284787672836774	7.25036192241645	9.999999999999998	0.9999999999999999	317.00000000000006	9.999999999999998	11.13534777170217	0.7033386416913712	11.171823923249159	9.999999999999998	0.9999999999999999
10.0	16.0	358.79030345922354	9.999999999999998	11.529724847307165	0.794266412524867	12.783400727229818	9.999999999999998	0.9999999999999999	423.99999999999994	9.999999999999998	7.697211763354593	0.5302500150427903	8.370325796749016	9.999999999999998	0.9999999999999999	340.00000000000006	9.999999999999998	6.899208949577599	0.47527673159696404	7.680197938615587	9.999999999999998	0.9999999999999999	317.00000000000006	9.999999999999998	11.166525186259062	0.769246102358636	12.218697366790524	9.999999999999998	0.9999999999999999
0.0	16.5	359.99999999999994	9.999999999999998	10.20786868419699	0.7691866543707105	12.088345638239613	9.999999999999998	0.9999999999999999	418.00000000000006	9.999999999999998	8.540592635180744	0.6435535250926464	10.109661702164107	9.999999999999998	0.9999999999999999	344.0555611476382	9.999999999999998	6.791504057406672	0.5117556314325461	8.222870247855342	9.999999999999998	0.9999999999999999	317.00000000000006	9.999999999999998	11.79549455521786	0.888817957427485	14.117975512227074	9.999999999999998	0.9999999999999999
0.5	16.5	359.99999999999994	9.999999999999998	7.292441316939089	0.45356103640650236	7.1280521378852955	9.999999999999998	0.9999999999999999	418.00000000000006	9.999999999999998	9.195603743306815	0.5719302196521999	8.984522362915762	9.999999999999998	0.9999999999999999	340.00000000000006	9.999999999999998	8.176391994657056	0.5085392759415549	8.217701476081144	9.999999999999998	0.9999999999999999	317.9194351744611	9.999999999999998	9.956670082044047	0.6192655388367292	9.804051994529276	9.999999999999998	0.9999999999999999
1.0	16.5	356.95212568381703	9.999999999999998	7.276587719319073	0.6048388856723041	9.76200987267226	9.999999999999998	0.9999999999999999	418.00000000000006	9.999999999999998	9.73103926250937	0.808855904855412	12.706417174404956	9.999999999999998	0.9999999999999999	340.00000000000006	9.999999999999998	4.603314934219507	0.38263317678695535	6.183131511048035	9.999999999999998	0.9999999999999999	317.00000000000006	9.999999999999998	11.55236451555476	0.9602466911678029	15.252548801828357	9.999999999999998	0.9999999999999999
1.5	16.5	359.99999999999994	9.999999999999998	8.299497403298881	0.5224995208376227	8.211472167138883	9.999999999999998	0.9999999999999999	420.9999827792534	9.999999999999998	5.876721528383673	0.3699723047634326	5.95269168837041	9.999999999999998	0.9999999999999999	340.00000000000006	9.999999999999998	5.175361166531496	0.32581776923016	5.265027284625832	9.999999999999998	0.9999999999999999	317.00000000000006	9.999999999999998	7.243836964762668	0.45603982496698325	7.243732001228687	9.999999999999998	0.9999999999999999
2.0	16.5	358.7443434976634	9.999999999999998	6.777570240006679	0.4629774875250978	7.43107678914915	9.999999999999998	0.9999999999999999	423.99999999999994	9.999999999999998	10.271210077124978	0.7016288827639066	11.075647657773263	9.999999999999998	0.9999999999999999	342.6779494090018	9.999999999999998	8.952091505243118	0.61151956917058	9.629699954097418	9.999999999999998	0.9999999999999999	317.00000000000006	9.999999999999998	10.786177156778583	0.7368064104402451	11.703425626046698	9.999999999999998	0.9999999999999999
2.5	16.5	355.0094052110811	9.999999999999998	8.10883439782982	0.3843124446954742	6.18035196814485	9.999999999999998	0.9999999999999999	423.99999999999994	9.999999999999998	9.245353648100348	0.4381769670282807	6.916895552302973	9.999999999999998	0.9999999999999999	340.00000000000006	9.999999999999998	4.566928246715347	0.21644631930252736	3.4976477172416676	9.999999999999998	0.9999999999999999	317.00000000000006	9.999999999999998	13.200556627586742	0.625631001941122	9.937516553625064	9.999999999999998	0.9999999999999999
3.0	16.5	357.5686694286865	9.999999999999998	8.164583239609748	0.5159395108002355	8.16631996548204	9.999999999999998	0.9999999999999999	418.00000000000006	9.999999999999998	10.13106066416804	0.6402059149326781	10.05707368126385	9.999999999999998	0.9999999999999999	340.00000000000006	9.999999999999998	6.731516534757569	0.4253806037566374	6.873905282763161	9.999999999999998	0.9999999999999999	317.00000000000006	9.999999999999998	10.912954603334017	0.6896156600025618	10.95384821988005	9.999999999999998	0.9999999999999999
3.5	16.5	359.99999999999994	9.999999999999998	7.570261683748536	0.5167643677449701	8.12133993138276	9.999999999999998	0.9999999999999999	418.00000000000006	9.999999999999998	7.644025482422618	0.5217996630064418	8.19701526541858	9.999999999999998	0.9999999999999999	340.00000000000006	9.999999999999998	5.63267792967712	0.38450021553275177	6.213301780647813	9.999999999999998	0.9999999999999999	317.00000000000006	9.999999999999998	12.598261068591944	0.8599877636691274	13.660037004018589	9.999999999999998	0.9999999999999999
4.0	16.5	359.99999999999994	9.999999999999998	10.14284910617683	0.6922138091951245	10.878659599156641	9.999999999999998	0.9999999999999999	423.99999999999994	9.999999999999998	8.60138764269664	0.5870144810582881	9.266388146110499	9.999999999999998	0.9999999999999999	340.00000000000006	9.999999999999998	5.399104823326083	0.36846993156216246	5.9542616347255315	9.999999999999998	0.9999999999999999	323.74334757563514	9.999999999999998	8.429913152296226	0.5753119496553928	9.06858935521369	9.999999999999998	0.9999999999999999
4.5	16.5	354.77326886292855	9.999999999999998	8.921610212377384	0.6666414178720325	10.591462460090947	9.999999999999998	0.9999999999999999	421.085259024135	9.999999999999998	10.857623094451876	0.8113043589781246	12.989483445334868	9.999999999999998	0.9999999999999999	343.69818018987365	9.999999999999998	9.192862036950217	0.6869099228424399	11.046146830679627	9.999999999999998	0.9999999999999999	317.00000000000006	9.999999999999998	12.263589888231024	0.9163611452055254	14.555471230365475	9.999999999999998	0.9999999999999999
5.0	16.5	354.751564275747	9.999999999999998	13.731748987655802	0.6414398989254781	10.18189606343105	9.999999999999998	0.9999999999999999	420.6426179455025	9.999999999999998	16.22665428096904	0.7579823583463507	12.160508740214672	9.999999999999998	0.9999999999999999	345.0723758574998	9.999999999999998	13.277255388423427	0.6202095131518988	9.768546086187834	9.999999999999998	0.9999999999999999	317.00000000000006	9.999999999999998	10.710537040247647	0.5003125095506769	7.946958878667349	9.999999999999998	0.9999999999999999
5.5	16.5	351.9451328166796	9.999999999999998	42.74211856240741	0.5236924679481342	8.281545307184777	9.999999999999998	0.9999999999999999	419.66081952430017	5.082184220058392	77.44433918963226	0.948877090863289	7.649036233096844	5.082184220058392	0.9999999999999999	344.4927813022801	9.999999999999998	17.051198876323046	0.20891768403987876	3.2950894105583135	9.999999999999998	0.9999999999999999	322.74041824010874	9.999999999999998	23.115149918338336	0.2832154866177485	4.511511483641101	9.999999999999998	0.9999999999999999
6.0	16.5	351.9592642255361	9.999999999999998	78.69244278573206	0.4985425080120349	7.880259748795915	9.999999999999998	0.9999999999999999	418.3446891531498	5.342463788282786	157.10561772742335	0.9953157623772579	8.459176246777133	5.342463788282786	0.9999999999999999	342.1367069630902	9.999999999999998	21.597217918230598	0.13682547911690143	2.203043113857195	9.999999999999998	0.9999999999999999	318.3315376372454	9.999999999999998	24.620355941691145	0.155978052844805	2.4501962790044267	9.999999999999998	0.9999999999999999
6.5	16.5	350.90001377100606	9.999999999999998	131.17695304451746	0.41729277129137454	6.603143653686124	9.999999999999998	0.9999999999999999	418.1907122319142	5.165574484715825	309.80532700827837	0.9855353434245532	8.022865025747143	5.165574484715825	0.9999999999999999	341.5779677345285	9.999999999999998	36.20441986268565	0.11517147141212708	1.829973161533316	9.999999999999998	0.9999999999999999	317.00000000000006	9.999999999999998	41.176416493840804	0.13098810844258166	2.0806137994080616	9.999999999999998	0.9999999999999999
7.0	16.5	351.5714145698054	9.999999999999998	109.29947665828277	0.6006607894853674	9.667164730849603	9.999999999999998	0.9999999999999999	419.52520851320526	4.996629585001123	172.862350394496	0.9499737696354812	7.634866179084062	4.996629585001123	0.9999999999999999	345.5541756327714	9.999999999999998	58.269325359647574	0.32022201792174204	5.140713128656093	9.999999999999998	0.9999999999999999	321.7445635741526	9.999999999999998	45.46544166758304	0.24985762897778555	3.950114703437886	9.999999999999998	0.9999999999999999
7.5	16.5	351.3740331131671	9.999999999999998	95.01209979521288	0.9424650513065588	15.287418705207337	9.999999999999998	0.9999999999999999	420.32632217012946	5.931331187523823	60.01293370289841	0.5952935759052554	5.654493281329708	5.931331187523823	0.9999999999999999	343.69825833736775	9.999999999999998	22.141132490268454	0.21962722235802598	3.5318254700967677	9.999999999999998	0.9999999999999999	323.28002510228555	9.999999999999998	31.576687416848635	0.3132224673547406	5.033472930496611	9.999999999999998	0.9999999999999999
8.0	16.5	352.03445966270857	9.999999999999998	39.46851672275399	0.9593692618776645	15.13185267404997	9.999999999999998	0.9999999999999999	420.0724488096302	9.999999999999998	19.915671154349063	0.48409426858777993	7.611954696641466	9.999999999999998	0.9999999999999999	343.7523878346837	4.288542284532757	17.13225234277399	0.41643714152838596	3.2202164913671107	4.288542284532757	0.9999999999999999	324.34647723044856	9.999999999999998	18.37359818709272	0.4466107873931265	7.041864921690989	9.999999999999998	0.9999999999999999
8.5	16.5	353.55325932074123	9.999999999999998	14.604359829701622	0.9174897049216056	14.682408752457965	9.999999999999998	0.9999999999999999	418.94356577262647	9.999999999999998	8.86495691448167	0.5569231926940758	9.031944603810818	9.999999999999998	0.9999999999999999	340.00000000000006	9.999999999999998	6.977577993089073	0.4383523857668178	7.083521800533784	9.999999999999998	0.9999999999999999	317.00000000000006	9.999999999999998	13.316262065354612	0.8365675384246258	13.288030381369213	9.999999999999998	0.9999999999999999
9.0	16.5	359.9999999999998	9.999999999999998	11.573665195618844	0.8676330144085579	13.63550408177459	9.999999999999998	0.9999999999999999	423.2325150302448	9.999999999999998	9.271271178686623	0.6950314204015595	10.993073604058981	9.999999999999998	0.9999999999999999	342.0185442725837	2.5952968118457203	10.203849672865479	0.7649432310856363	4.614085710034816	2.5952968118457203	0.9865137422788297	317.00000000000006	9.999999999999998	9.595702722585179	0.7193528011953016	11.426192672030695	9.999999999999998	0.9999999999999999
9.5	16.5	359.99999999999994	9.999999999999998	8.436669342283693	0.7068546079206859	11.108750740765535	9.999999999999998	0.9999999999999999	420.27228285740557	9.999999999999998	8.988761146131068	0.7531108519089238	11.891222596169046	9.999999999999998	0.9999999999999999	340.76552580456774	9.999999999999998	8.748529401393021	0.7329833692676581	11.548628892328484	9.999999999999998	0.9999999999999999	317.00000000000006	9.999999999999998	6.771411922321864	0.5673333308718561	9.011516931657578	9.999999999999998	0.9999999999999999
10.0	16.5	359.99999999999994	9.999999999999998	12.94186439038576	0.9745155363478086	15.315243141919161	9.999999999999998	0.9999999999999999	418.00000000000006	9.999999999999998	11.684593687348151	0.8798437180883562	13.821573488183455	9.999999999999998	0.9999999999999999	340.00000000000006	9.999999999999998	5.407366275604198	0.4071718175484921	6.579661796803744	9.999999999999998	0.9999999999999999	320.72855078335914	9.999999999999998	12.50541904064198	0.9416514325940999	14.923624288592743	9.999999999999998	0.9999999999999999
0.0	17.0	352.28104550602643	9.999999999999998	8.093585315386056	0.5115731575200188	8.037552714818093	9.999999999999998	0.9999999999999999	418.00000000000006	9.999999999999998	9.024153165827729	0.5703917793033806	8.96035481372351	9.999999999999998	0.9999999999999999	340.00000000000006	9.999999999999998	3.7754742058672237	0.23863728933074868	3.8562409976111165	9.999999999999998	0.9999999999999999	317.00000000000006	9.999999999999998	11.908719019441474	0.7527172141143712	11.956152671865292	9.999999999999998	0.9999999999999999
0.5	17.0	359.99999999999994	9.999999999999998	6.426600306794889	0.4843726189956027	7.612279285979707	9.999999999999998	0.9999999999999999	418.00000000000006	9.999999999999998	7.62777924218737	0.5749054293530861	9.031260299072082	9.999999999999998	0.9999999999999999	346.72919488098137	9.999999999999998	10.664647943958567	0.8037941070988325	12.626422121162435	9.999999999999998	0.9999999999999999	317.00000000000006	9.999999999999998	10.641330287287198	0.8020366562085368	12.739542194931873	9.999999999999998	0.9999999999999999
1.0	17.0	359.99999999999994	9.999999999999998	8.593669224714512	0.7195033455139445	11.30753514640476	9.999999999999998	0.9999999999999999	423.99999999999994	9.999999999999998	7.50745056692896	0.6285598919320043	9.92220825833575	9.999999999999998	0.9999999999999999	340.00000000000006	9.999999999999998	7.688940526048878	0.6437551047508114	10.402711304354597	9.999999999999998	0.9999999999999999	317.00000000000006	9.999999999999998	9.990663012502388	0.8364663886207107	13.28642371889935	9.999999999999998	0.9999999999999999
1.5	17.0	353.85384631967855	9.999999999999998	8.21847943875584	0.5664254397342825	8.949987888859427	9.999999999999998	0.9999999999999999	418.00000000000006	9.999999999999998	8.376663239377475	0.5773276181109084	9.069310761023704	9.999999999999998	0.9999999999999999	340.00000000000006	9.999999999999998	4.914751098297553	0.3387293322059065	5.473670697522226	9.999999999999998	0.9999999999999999	317.00000000000006	9.999999999999998	8.240893890917063	0.5679702651507642	9.021633989349063	9.999999999999998	0.9999999999999999
2.0	17.0	359.99999999999994	9.999999999999998	9.323909713982909	0.7795480337653289	12.251182492856588	9.999999999999998	0.9999999999999999	418.3707405096737	9.999999999999998	8.159592722406826	0.682202494253988	10.762062421099573	9.999999999999998	0.9999999999999999	347.0030617900073	9.999999999999998	7.2360645015289355	0.6049886825809215	9.538233424310503	9.999999999999998	0.9999999999999999	318.9432917805767	9.999999999999998	12.29876809212141	1.028268267073718	16.369349375304687	9.999999999999998	0.9999999999999999
2.5	17.0	358.1398436442327	9.999999999999998	8.160163308177195	0.6086114248004846	9.566910700538577	9.999999999999998	0.9999999999999999	418.00000000000006	9.999999999999998	12.445724944203548	0.928242500168622	14.58187592543265	9.999999999999998	0.9999999999999999	341.87566600468347	9.999999999999998	7.922582260137121	0.5908918602902541	9.54034845551901	9.999999999999998	0.9999999999999999	321.1408013669813	9.999999999999998	9.011549793037341	0.6721105879958296	10.888200625363122	9.999999999999998	0.9999999999999999
3.0	17.0	354.2177212173766	9.999999999999998	11.431620843951583	0.7158220838449008	11.244297121503672	9.999999999999998	0.9999999999999999	420.96489443177956	9.999999999999998	12.025821838036084	0.75302959795112	12.142373628421703	9.999999999999998	0.9999999999999999	340.00000000000006	9.999999999999998	3.083111243971444	0.19305741027554943	3.119696433382496	9.999999999999998	0.9999999999999999	317.00000000000006	9.999999999999998	12.062263960725764	0.7553115207475064	11.997360612379701	9.999999999999998	0.9999999999999999
3.5	17.0	359.99999999999994	9.999999999999998	11.561967936139677	0.7238150730663236	11.375297181347658	9.999999999999998	0.9999999999999999	423.99999999999994	9.999999999999998	8.553321659824586	0.535464479434698	8.452639355594068	9.999999999999998	0.9999999999999999	343.458408092558	9.999999999999998	9.908601178986943	0.6203091831742347	9.853553646391852	9.999999999999998	0.9999999999999999	324.0548435310631	9.999999999999998	10.689223535429791	0.6691785651935155	10.511537032838573	9.999999999999998	0.9999999999999999
4.0	17.0	353.94310485218944	9.999999999999998	16.832273704646997	0.9063891452245462	14.287147520914134	9.999999999999998	0.9999999999999999	423.2446190281503	9.999999999999998	10.477031415683639	0.5641702194238033	8.919769681925112	9.999999999999998	0.9999999999999999	340.20473551081295	9.999999999999998	4.62004078184686	0.24878129292803938	4.017167790057014	9.999999999999998	0.9999999999999999	324.75897152954946	9.999999999999998	13.14687653411091	0.7079368119373946	11.350776582072433	9.999999999999998	0.9999999999999999
4.5	17.0	351.1380501841101	9.999999999999998	26.486652526314703	0.9076205323145792	14.510843060746895	9.999999999999998	0.9999999999999999	418.7265621724115	9.999999999999998	17.73731789025801	0.607806286181111	9.725858783515648	9.999999999999998	0.9999999999999999	341.1479648252985	9.999999999999998	8.002119761547387	0.27420936603464385	4.309241334513951	9.999999999999998	0.9999999999999999	319.15712834954587	9.999999999999998	16.851394744339213	0.5774482771239166	9.299183945061854	9.999999999999998	0.9999999999999999
5.0	17.0	350.15224166962116	9.999999999999998	40.212592163905754	0.7330410688519591	11.561293480422462	9.999999999999998	0.9999999999999999	418.6427814801682	8.733870908190216	46.238553130660236	0.8428891694152144	11.78186796678773	8.733870908190216	0.9999999999999999	340.00000000000006	9.999999999999998	6.220974072129331	0.11340302223111114	1.83252745120864	9.999999999999998	0.9999999999999999	321.4593160049736	9.999999999999998	15.322032321421297	0.27930750905335383	4.4702204637148375	9.999999999999998	0.9999999999999999
5.5	17.0	352.3637326656178	4.932060758913423	50.27085137425863	0.4944858084093739	3.8309545904075515	4.932060758913423	0.9999999999999999	418.16715361139995	4.987271125786295	97.4014220931297	0.9580824598607502	7.524220438743643	4.987271125786295	0.9999999999999999	345.2132752323849	9.999999999999998	19.69542291531513	0.19373268715379374	3.0626976333923452	9.999999999999998	0.9999999999999999	324.7642152002977	9.999999999999998	16.693079340621416	0.16420033890286848	2.6335045299881803	9.999999999999998	0.9999999999999999
6.0	17.0	351.0052691986666	9.999999999999998	63.2875531172831	0.4877505430193382	7.749142667988983	9.999999999999998	0.9999999999999999	418.0856900440801	5.619714634912582	131.93359899410711	1.0167984284779992	8.959562297041204	5.619714634912582	0.9957241557917264	340.1137232386987	9.999999999999998	16.62395834537689	0.12811910574362437	2.081709499272872	9.999999999999998	0.9999999999999999	318.3369029164698	9.999999999999998	22.929871086143446	0.17671811474372914	2.775958915343757	9.999999999999998	0.9999999999999999
6.5	17.0	351.733527797522	9.999999999999998	100.29578550316158	0.6145737821943914	9.80306855285995	9.999999999999998	0.9999999999999999	418.7394597300325	5.588186011709646	165.49063016673085	1.0140625749034589	9.454443371582652	5.588186011709646	0.9999999999999999	343.8210532436261	9.999999999999998	34.13295016984225	0.2091535170505384	3.390247402009983	9.999999999999998	0.9999999999999999	319.84888979573174	9.999999999999998	37.736706605348	0.23123594266359	3.656309210663754	9.999999999999998	0.9999999999999999
7.0	17.0	350.5712930306401	9.999999999999998	91.57038850812411	0.9587878179885237	15.066699352569259	9.999999999999998	0.9999999999999999	419.799017892175	5.856102211253001	73.27004627808435	0.7671740716558174	7.067565260304589	5.856102211253001	0.9999999999999999	340.00000000000006	9.999999999999998	18.171238159132965	0.1902619620664729	3.0745236021758915	9.999999999999998	0.9999999999999999	321.82789857450734	9.999999999999998	32.59501033302462	0.3412860788697147	5.382673819941832	9.999999999999998	0.9999999999999999
7.5	17.0	351.0887135205102	9.999999999999998	40.19168596016739	1.0445675125853737	16.658701340873378	9.999999999999998	0.9999999999999999	419.60343085673276	9.999999999999998	20.159053721812324	0.5239265808141959	8.261185773719998	9.999999999999998	0.9999999999999999	340.0000000000014	9.999999999999998	5.851695582486197	0.15208347082185875	2.4575811973352444	9.999999999999998	0.9999999999999999	324.1237774153481	9.999999999999998	17.69887792878279	0.4599874937305022	7.227540831473891	9.999999999999998	0.9999999999999999
8.0	17.0	350.5161875300631	9.999999999999998	9.83696858744774	0.6179878825133636	9.708134271686408	9.999999999999998	0.9999999999999999	419.24157946171744	9.999999999999998	11.878798709008313	0.7462617772664024	11.93307043593546	9.999999999999998	0.9999999999999999	343.0504422590535	9.999999999999998	10.989050021659525	0.6903650950338952	10.850760914357632	9.999999999999998	0.9999999999999999	317.7318084335728	9.999999999999998	10.841100934714975	0.6810704894704174	10.868870391972449	9.999999999999998	0.9999999999999999
8.5	17.0	354.95130706820936	9.999999999999998	7.501121577350901	0.4735685950254831	7.590075224573288	9.999999999999998	0.9999999999999999	423.12915942403197	9.999999999999998	8.487733494110307	0.5358564028469045	8.508000654707313	9.999999999999998	0.9999999999999999	340.00000000000006	9.999999999999998	4.706429073795784	0.29713116646373366	4.801468324581008	9.999999999999998	0.9999999999999999	317.00000000000006	9.999999999999998	10.511720832467377	0.6636368727794594	10.54120142445002	9.999999999999998	0.9999999999999999
9.0	17.0	359.9999999999994	9.999999999999998	7.958577125194916	0.4977666854333871	7.822777093867334	9.999999999999998	0.9999999999999999	423.99999999999994	9.999999999999998	10.420973589660182	0.6517764923446631	10.288696714410964	9.999999999999998	0.9999999999999999	345.28757111593586	9.999999999999998	5.608527215343844	0.35078355819493	5.559838748358448	9.999999999999998	0.9999999999999999	317.00000000000006	9.999999999999998	10.630105638151687	0.6648565900754444	10.560575401733733	9.999999999999998	0.9999999999999999
9.5	17.0	355.18899141438766	9.999999999999998	11.829183581110621	0.8152786122492841	13.25328799171369	9.999999999999998	0.9999999999999999	423.99999999999994	9.999999999999998	10.563809836113192	0.7280678471339688	11.493003130150198	9.999999999999998	0.9999999999999999	340.00000000000006	9.999999999999998	6.65851174258657	0.4589109785911248	7.415736806514708	9.999999999999998	0.9999999999999999	317.00000000000006	9.999999999999998	10.844487118936982	0.7474123931088817	11.87189094827342	9.999999999999998	0.9999999999999999
10.0	17.0	348.9414849356005	9.999999999999998	6.56103738206164	0.44475432584347185	7.02151066940147	9.999999999999998	0.9999999999999999	419.3658447904284	9.999999999999998	8.180852206305868	0.5545570305373491	8.814937242640681	9.999999999999998	0.9999999999999999	340.00000000000006	9.999999999999998	5.075893627557315	0.34408059532623153	5.560144024014804	9.999999999999998	0.9999999999999999	324.1802078217459	9.999999999999998	10.21183528172358	0.692231677991205	10.882214685942847	9.999999999999998	0.9999999999999999
0.0	17.5	359.99999999999994	9.999999999999998	11.803308604931761	0.8131132100479068	12.778684432739041	9.999999999999998	0.9999999999999999	418.00000000000006	9.999999999999998	8.634465273451992	0.5948160817052802	9.344039192670875	9.999999999999998	0.9999999999999999	340.00000000000006	9.999999999999998	5.684650583400731	0.3916075262099273	6.328151823124188	9.999999999999998	0.9999999999999999	317.00000000000006	9.999999999999998	11.476962010941829	0.7906316554678223	12.558385277670247	9.999999999999998	0.9999999999999999
0.5	17.5	359.99999999999994	9.999999999999998	8.068080511106713	0.6767648344180561	10.635867364267392	9.999999999999998	0.9999999999999999	418.053116810267	9.999999999999998	10.472767068859286	0.8784741874474933	13.799097110999295	9.999999999999998	0.9999999999999999	340.00000000000006	9.999999999999998	8.129192775300032	0.6818910390091939	11.018966012836268	9.999999999999998	0.9999999999999999	317.00000000000006	9.999999999999998	9.846640610535898	0.8259535949337398	13.11943860952181	9.999999999999998	0.9999999999999999
1.0	17.5	348.86726801870975	9.999999999999998	8.177992564570152	0.5607344757287891	8.835881558873352	9.999999999999998	0.9999999999999999	423.99999999999994	9.999999999999998	10.43210249923941	0.715290394246949	11.291303100951072	9.999999999999998	0.9999999999999999	340.00000000000006	9.999999999999998	9.06729905511618	0.6217109078790117	10.046489793563696	9.999999999999998	0.9999999999999999	317.00000000000006	9.999999999999998	10.033588873600259	0.6879657999557222	10.927641859460309	9.999999999999998	0.9999999999999999
1.5	17.5	358.48027274518694	9.999999999999998	10.518072763928165	0.786481352068412	12.465239996493883	9.999999999999998	0.9999999999999999	418.00000000000006	9.999999999999998	8.744522328373886	0.6538653894464427	10.271652051172728	9.999999999999998	0.9999999999999999	340.00000000000006	9.999999999999998	6.836021618710937	0.5111586168039359	8.260028514108434	9.999999999999998	0.9999999999999999	319.8264840461299	9.999999999999998	11.440983042337741	0.8554913066382942	13.537125105388215	9.999999999999998	0.9999999999999999
2.0	17.5	353.4753065405388	9.999999999999998	10.327465585561466	0.6527705550643229	10.492455428195091	9.999999999999998	0.9999999999999999	423.99999999999994	9.999999999999998	9.33796913693962	0.5902272194656942	9.317103217127606	9.999999999999998	0.9999999999999999	340.00000000000006	9.999999999999998	7.071011082248754	0.4469390665875123	7.2222776115263825	9.999999999999998	0.9999999999999999	317.00000000000006	9.999999999999998	10.617558551523214	0.6711065296402974	10.659849379033737	9.999999999999998	0.9999999999999999
2.5	17.5	359.99999999999994	9.999999999999998	9.134053423234004	0.45895552645326476	7.212830598167679	9.999999999999998	0.9999999999999999	418.00000000000006	9.999999999999998	13.38524307209102	0.6725635373699594	10.565383563150016	9.999999999999998	0.9999999999999999	346.8319721153036	9.999999999999998	15.70040578591475	0.7888926929938085	12.400632966274163	9.999999999999998	0.9999999999999999	317.22428823240756	9.999999999999998	7.840306204376312	0.39394907111352273	6.328704922817701	9.999999999999998	0.9999999999999999
3.0	17.5	353.7741751729493	9.999999999999998	14.976068721841111	0.9408415728393085	14.906034907828353	9.999999999999998	0.9999999999999999	421.68885434321584	9.999999999999998	13.891709865697438	0.8727188958747876	13.713121744064164	9.999999999999998	0.9999999999999999	342.2953677697405	9.999999999999998	11.2460012508244	0.7065075422328657	11.275309304606765	9.999999999999998	0.9999999999999999	317.00000000000006	9.999999999999998	13.03165574628429	0.8186877154986257	13.004027453522404	9.999999999999998	0.9999999999999999
3.5	17.5	351.7022785730564	9.999999999999998	18.466304608595546	0.9280869420865164	14.827154131779544	9.999999999999998	0.9999999999999999	419.4779409493295	9.999999999999998	16.91573322171879	0.8501577035390566	13.454938180683017	9.999999999999998	0.9999999999999999	340.00000000000006	9.999999999999998	9.482413280334324	0.47657092913162863	7.7011114245430266	9.999999999999998	0.9999999999999999	320.98244626497444	9.999999999999998	12.12285513198372	0.6092753145403844	9.772575309025477	9.999999999999998	0.9999999999999999
4.0	17.5	351.4404694758367	9.999999999999998	33.04822447528702	0.8302811774572892	13.478789961299588	9.999999999999998	0.9999999999999999	420.3236910718177	9.999999999999998	25.881317350804864	0.650224663665094	10.282912991674902	9.999999999999998	0.9999999999999999	340.00000000000006	9.999999999999998	8.594424891823161	0.2159205019951135	3.4891508127394855	9.999999999999998	0.9999999999999999	317.00000102304847	9.999999999999998	15.385432428910113	0.3865331694995426	6.1396892466388095	9.999999999999998	0.9999999999999999
4.5	17.5	352.1140494500067	9.999999999999998	26.36137211207888	0.42841171928259464	6.745164185931134	9.999999999999998	0.9999999999999999	418.61703981219284	5.220879419692366	58.49619267072963	0.9506506098015436	8.173267801281904	5.220879419692366	0.9999999999999999	340.00000000000006	9.999999999999998	7.623129436653856	0.12388725345499813	2.00194658259155	9.999999999999998	0.9999999999999999	320.27989589641004	9.999999999999998	17.96724179874241	0.2919945485780828	4.58674564154821	9.999999999999998	0.9999999999999999
5.0	17.5	351.14106283211186	9.999999999999998	28.12488802453756	0.38227798132199886	6.112746635570243	9.999999999999998	0.9999999999999999	418.00000000000006	4.538477186220671	74.90886543434382	1.0181732932191134	6.894521383254802	4.538477186220671	0.888233121168161	340.00000000000006	9.999999999999998	12.689716521849984	0.17248065881325372	2.787187994281922	9.999999999999998	0.9999999999999999	319.9468416660398	9.999999999999998	16.814630983549424	0.22854715664850364	3.6037230243537284	9.999999999999998	0.9999999999999999
5.5	17.5	352.41158412363444	9.999999999999998	36.60277166791318	0.5583005027634832	8.770868406587292	9.999999999999998	0.9999999999999999	418.7014110185709	6.113931352166901	64.45555238909127	0.9831377697627596	9.879835705615502	6.113931352166901	0.9999999999999999	343.48515198790705	9.999999999999998	14.693842742961499	0.22412455169657022	3.5642955265699756	9.999999999999998	0.9999999999999999	317.7263042203322	9.999999999999998	15.924466770315275	0.24289520708348802	3.8773111877528312	9.999999999999998	0.9999999999999999
6.0	17.5	351.2210718249228	9.999999999999998	49.57580885801162	0.8233934475521089	13.225131487421091	9.999999999999998	0.9999999999999999	419.0776418757357	7.084655113298552	52.67706938173744	0.8749015853557989	10.276691517637136	7.084655113298552	0.9999999999999999	343.59338907384216	9.999999999999998	17.424985097110035	0.2894076543208014	4.626577497695533	9.999999999999998	0.9999999999999999	321.1994683624579	9.999999999999998	23.515059909076314	0.39055633571976983	6.35334268983188	9.999999999999998	0.9999999999999999
6.5	17.5	352.61755855264886	9.999999999999998	36.09724153390237	0.6131566752110648	9.657906293378836	9.999999999999998	0.9999999999999999	419.60592376133565	4.931066381003147	54.02652939863209	0.9177079946163095	7.217917574581037	4.931066381003147	0.9999999999999999	346.61687720874005	9.999999999999998	36.30679232698179	0.6167161568255185	9.689981998919247	9.999999999999998	0.9999999999999999	321.2145972376312	9.999999999999998	23.447345124747713	0.39828240520024105	6.473524354206154	9.999999999999998	0.9999999999999999
7.0	17.5	350.53389849364976	9.999999999999998	29.039965365244676	0.9121888793682352	14.330918354428816	9.999999999999998	0.9999999999999999	420.19768053506124	9.999999999999998	15.729815625795771	0.49409710748264546	7.786576718208891	9.999999999999998	0.9999999999999999	340.00000000000006	9.999999999999998	7.359844951347861	0.23118377153881992	3.735796447782935	9.999999999999998	0.9999999999999999	320.0582704072633	9.999999999999998	16.759192807402826	0.5264313890813818	8.282078513858995	9.999999999999998	0.9999999999999999
7.5	17.5	355.65760943144426	9.999999999999998	8.399980036797896	0.528330082986011	8.37090260955316	9.999999999999998	0.9999999999999999	420.47262137669395	9.999999999999998	11.984462585726275	0.7537818048045261	11.98917430465938	9.999999999999998	0.9999999999999999	340.00000000000006	9.999999999999998	10.039232554896675	0.6314334731283884	10.203600841974202	9.999999999999998	0.9999999999999999	317.00000000000006	9.999999999999998	10.125461759146937	0.6368569958555598	10.115830128255302	9.999999999999998	0.9999999999999999
8.0	17.5	359.99999999999994	9.999999999999998	5.992030927296294	0.3767018280402744	5.920151986559139	9.999999999999998	0.9999999999999999	418.00000000000006	9.999999999999998	8.252740673304439	0.5188261769167571	8.150304405683215	9.999999999999998	0.9999999999999999	344.8693030037645	9.999999999999998	10.822211007971589	0.6803614199601563	10.6884715045096	9.999999999999998	0.9999999999999999	317.00000000000006	9.999999999999998	9.41665712589871	0.5919982717704547	9.403294605259939	9.999999999999998	0.9999999999999999
8.5	17.5	359.99999999999994	9.999999999999998	11.313084230104606	0.7149008065720965	11.2352027921883	9.999999999999998	0.9999999999999999	418.00000000000006	9.999999999999998	5.3164341015405565	0.33595816578160487	5.277608263652413	9.999999999999998	0.9999999999999999	340.00000000000006	9.999999999999998	2.036438890203281	0.12868743620479958	2.079514768048746	9.999999999999998	0.9999999999999999	317.00000000000006	9.999999999999998	7.720324211278495	0.48786572197120887	7.749254229718289	9.999999999999998	0.9999999999999999
9.0	17.5	359.99999999999994	9.999999999999998	11.584772576587017	0.7980585726181721	12.542089505259575	9.999999999999998	0.9999999999999999	418.00000000000006	9.999999999999998	8.43274614578004	0.5809199367412426	9.125742937467507	9.999999999999998	0.9999999999999999	340.00000000000006	9.999999999999998	7.287150448980498	0.5020014719598899	8.112054333427345	9.999999999999998	0.9999999999999999	317.00000000000006	9.999999999999998	9.419421382341884	0.6488905961324885	10.306971714239145	9.999999999999998	0.9999999999999999
9.5	17.5	359.99999999999994	9.999999999999998	6.001545830546063	0.4972341870763413	7.814408482483924	9.999999999999998	0.9999999999999999	423.99999999999994	9.999999999999998	9.86889031221484	0.8176476178460239	12.907075443938758	9.999999999999998	0.9999999999999999	340.00000000000006	9.999999999999998	8.860664580622815	0.734115088695614	11.86287654344463	9.999999999999998	0.9999999999999999	317.00000000000006	9.999999999999998	8.974496205991505	0.7435461548412223	11.81047965844616	9.999999999999998	0.9999999999999999
10.0	17.5	354.5339842557888	9.999999999999998	10.21751171987661	0.6430984519292727	10.137098908493885	9.999999999999998	0.9999999999999999	418.00000000000006	9.999999999999998	9.799951199668289	0.6168168550498325	9.689652054736069	9.999999999999998	0.9999999999999999	340.00000000000006	9.999999999999998	7.352228786523714	0.4627552265631593	7.477857637154033	9.999999999999998	0.9999999999999999	324.99999999999994	9.999999999999998	7.546208717083813	0.4749644802903529	7.718662405884552	9.999999999999998	0.9999999999999999
0.0	18.0	352.445592342819	9.999999999999998	9.590377330213352	0.6603573159429676	10.37623850876006	9.999999999999998	0.9999999999999999	423.99999999999994	9.999999999999998	11.531742007192022	0.7940323866117045	12.534294352775817	9.999999999999998	0.9999999999999999	340.00000000000006	9.999999999999998	6.883965151102593	0.4740039514301263	7.659630545003002	9.999999999999998	0.9999999999999999	317.00000000000006	9.999999999999998	12.012114836335684	0.8271090530642204	13.137791894865801	9.999999999999998	0.9999999999999999
0.5	18.0	355.2155618753149	9.999999999999998	5.871824354031136	0.4433889462567595	7.194163813222464	9.999999999999998	0.9999999999999999	423.4681547000237	9.999999999999998	9.332438570605673	0.704704339629306	11.083861028459411	9.999999999999998	0.9999999999999999	340.00000000000006	9.999999999999998	7.0862255861070365	0.535089932212408	8.646744772341684	9.999999999999998	0.9999999999999999	323.5365222057564	9.999999999999998	10.543534351640092	0.7961557267608379	12.63231874399324	9.999999999999998	0.9999999999999999
1.0	18.0	359.3393242963928	9.999999999999998	8.532068901091971	0.6424602708309066	10.213562890391412	9.999999999999998	0.9999999999999999	418.00000000000006	9.999999999999998	10.256580018160296	0.7723150448800036	12.132392298067986	9.999999999999998	0.9999999999999999	340.00000000000006	9.999999999999998	6.01390161782539	0.4528436076792623	7.317691591017776	9.999999999999998	0.9999999999999999	324.99999999999994	9.999999999999998	7.071892332687555	0.5325097483406367	8.653832330306576	9.999999999999998	0.9999999999999999
1.5	18.0	358.54061848861	9.999999999999998	8.241405979825997	0.5650824973095017	8.977828320380057	9.999999999999998	0.9999999999999999	421.4549240700925	9.999999999999998	6.2105796099111314	0.4258363007839774	6.71717311137803	9.999999999999998	0.9999999999999999	346.24184185445506	9.999999999999998	6.48121210708751	0.4443925626320029	7.0389131113849706	9.999999999999998	0.9999999999999999	317.87478490792444	9.999999999999998	13.661320436331549	0.9367058348544738	14.854185666788586	9.999999999999998	0.9999999999999999
2.0	18.0	355.550665945621	9.999999999999998	23.711962972569754	1.0505388063680694	16.718078050692323	9.999999999999998	0.9999999999999999	418.00000000000006	9.999999999999998	10.63621419580786	0.4712286274428238	7.402588630271663	9.999999999999998	0.9999999999999999	340.00000000000006	9.999999999999998	8.417218362645643	0.3729178618346519	6.0261376232577195	9.999999999999998	0.9999999999999999	317.00000000000006	9.999999999999998	11.487585243042611	0.5089479138963737	8.0841235545967	9.999999999999998	0.9999999999999999
2.5	18.0	352.25992542268426	9.999999999999998	34.32693229929407	0.9242232918404926	14.522966515909369	9.999999999999998	0.9999999999999999	420.24020409415414	9.999999999999998	22.0420726523071	0.5934639532621884	9.362249546695002	9.999999999999998	0.9999999999999999	343.10126112932863	9.999999999999998	21.813354090024358	0.5873059015989955	9.236491142713765	9.999999999999998	0.9999999999999999	317.56614500002587	9.999999999999998	18.454509092350666	0.49687187290497814	8.003221252050569	9.999999999999998	0.9999999999999999
3.0	18.0	351.4532274337198	9.999999999999998	51.52212906169584	0.7405264200048137	12.010923321670365	9.999999999999998	0.9999999999999999	419.8230218267502	4.575128773037753	66.98167023213195	0.9627260628835325	6.929216092612591	4.575128773037753	0.9999999999999999	341.3640891324163	9.999999999999998	18.209398180245675	0.26172327678291907	4.128303871199105	9.999999999999998	0.9999999999999999	320.12940700041304	9.999999999999998	20.08412791586033	0.28866872575551233	4.537297978394545	9.999999999999998	0.9999999999999999
3.5	18.0	351.98008490022755	9.999999999999998	35.46269774948659	0.5198197336333342	8.211333222264505	9.999999999999998	0.9999999999999999	418.41208372102966	5.678784584185492	67.97029681962073	0.9963230050163185	9.037606781824616	5.678784584185492	0.9999999999999999	340.1019359605721	9.999999999999998	12.176023161619822	0.1784787260489272	2.9024315585755844	9.999999999999998	0.9999999999999999	317.32856343003476	9.999999999999998	15.083732327979593	0.22110054278203864	3.575274962773322	9.999999999999998	0.9999999999999999
4.0	18.0	351.8818414423384	9.908090804509643	30.72137365136351	0.4503204009213629	7.072662989899086	9.908090804509643	0.9999999999999999	418.00000000000006	6.032571564977316	67.12003449740746	0.983859679835206	9.32488850725982	6.032571564977316	0.9999999999999999	340.00000000000006	9.999999999999998	6.8982381684306375	0.10111583592945428	1.6339736053506968	9.999999999999998	0.9999999999999999	323.5930681314776	9.999999999999998	12.679867266859299	0.18586417964381347	2.942776910113019	9.999999999999998	0.9999999999999999
4.5	18.0	352.1842434860483	9.999999999999998	24.565908816427616	0.3465039068296906	5.4492536237547196	9.999999999999998	0.9999999999999999	418.00000000000006	4.463585709777948	70.06869274574049	0.9883239396627767	6.932087319420991	4.463585709777948	0.9999999999999999	340.00000000000006	9.999999999999998	8.584294058718143	0.12108208375061819	1.956616657626245	9.999999999999998	0.9999999999999999	317.00000000000006	9.999999999999998	13.224564795683278	0.1865334355048304	2.9628952168010603	9.999999999999998	0.9999999999999999
5.0	18.0	353.66574443688626	9.999999999999998	26.325452688359555	0.49188769843283886	7.827863979895042	9.999999999999998	0.9999999999999999	419.55186844796225	6.070742574708636	50.75489747680409	0.9483487330532806	9.170736167530697	6.070742574708636	0.9999999999999999	344.0810004219615	9.999999999999998	16.93297630805712	0.3163904849951899	5.076223125154474	9.999999999999998	0.9999999999999999	318.2666260904284	9.999999999999998	15.937999789060706	0.29779947667645085	4.679571290977612	9.999999999999998	0.9999999999999999
5.5	18.0	350.11652771835264	9.999999999999998	29.613065462569935	0.8197279296559049	12.94086422452782	9.999999999999998	0.9999999999999999	420.34415335711697	9.999999999999998	26.331256613466067	0.7288832186683625	11.534756578237346	9.999999999999998	0.9999999999999999	340.00000000000006	9.999999999999998	14.407611786115462	0.3988213174230932	6.444722529665618	9.999999999999998	0.9999999999999999	320.0398302670883	9.999999999999998	11.970461179988288	0.33135783840078714	5.214673070829479	9.999999999999998	0.9999999999999999
6.0	18.0	359.99999999999994	9.999999999999998	13.695326110428518	0.5117908147292436	8.043176812505719	9.999999999999998	0.9999999999999999	420.4451820428751	9.999999999999998	16.866298909730677	0.6302892527623007	10.01309672261356	9.999999999999998	0.9999999999999999	347.4891244287773	9.999999999999998	22.547980361161322	0.8426122274482052	13.566059585070313	9.999999999999998	0.9999999999999999	321.43603980930834	9.999999999999998	17.498596839414116	0.6539180637869529	10.47909936280149	9.999999999999998	0.9999999999999999
6.5	18.0	351.29166684437814	9.999999999999998	14.987834749074647	0.9365351405793795	15.10765882560264	9.999999999999998	0.9999999999999999	418.3055090328866	9.999999999999998	13.697359211680125	0.8558980299451935	13.48148235787342	9.999999999999998	0.9999999999999999	340.68285845960696	9.999999999999998	6.980406075088584	0.4361801216975562	6.886656809355025	9.999999999999998	0.9999999999999999	317.00000000000006	9.999999999999998	12.93947234675154	0.8085404433776621	12.84284828502956	9.999999999999998	0.9999999999999999
7.0	18.0	352.57837962184243	9.999999999999998	12.576735945417905	0.8549239978390722	13.455806064202669	9.999999999999998	0.9999999999999999	418.00000000000006	9.999999999999998	13.187625935939595	0.8964502344717936	14.082447302313879	9.999999999999998	0.9999999999999999	340.00000000000006	9.999999999999998	9.279083172237858	0.6307607090042354	10.192729361642876	9.999999999999998	0.9999999999999999	317.00000000000006	9.999999999999998	10.295592097991596	0.6998595497858218	11.116562062350786	9.999999999999998	0.9999999999999999
7.5	18.0	359.9999999999994	9.999999999999998	9.33562627004683	0.7079286108850824	11.12562950351617	9.999999999999998	0.9999999999999999	418.00000000000006	9.999999999999998	8.384002301781308	0.6357661426743898	9.987328751252804	9.999999999999998	0.9999999999999999	343.43479776344964	9.999999999999998	7.188639107675043	0.5451207182509721	8.650799946652524	9.999999999999998	0.9999999999999999	318.92754323314045	9.999999999999998	10.07327427881745	0.7638650971009678	12.151577118042372	9.999999999999998	0.9999999999999999
8.0	18.0	357.3728010855184	9.999999999999998	9.037098460738308	0.6852909890222174	10.937086540647494	9.999999999999998	0.9999999999999999	423.99999999999994	9.999999999999998	7.754693275056323	0.5880450951281466	9.282657029261276	9.999999999999998	0.9999999999999999	340.00000000000006	9.999999999999998	7.4615225422536815	0.5658137050080176	9.143223225428322	9.999999999999998	0.9999999999999999	324.9999999999999	9.999999999999998	7.781798221897933	0.5901004866798908	9.589741193795923	9.999999999999998	0.9999999999999999
8.5	18.0	359.99999999999994	9.999999999999998	9.558865430364296	0.603763758954007	9.48860066748025	9.999999999999998	0.9999999999999999	423.99999999999994	9.999999999999998	10.99427127088238	0.6944278688537848	10.961975181045892	9.999999999999998	0.9999999999999999	340.00000000000006	9.999999999999998	6.8791088359343995	0.43450309446182767	7.021319472541877	9.999999999999998	0.9999999999999999	317.00000000000006	9.999999999999998	11.671940606246677	0.7372312944515252	11.710174479416123	9.999999999999998	0.9999999999999999
9.0	18.0	359.9999999999652	9.999999999999998	12.096491562194897	0.8245806712444355	12.958904193113158	9.999999999999998	0.9999999999999999	420.2007618805144	9.999999999999998	11.069965874573002	0.7546055684473291	11.892821411874547	9.999999999999998	0.9999999999999999	340.3106470199897	9.999999999999998	7.758874074652396	0.528898611608426	8.485190471420486	9.999999999999998	0.9999999999999999	317.00000000000006	9.999999999999998	12.174250813837356	0.8298812805645125	13.18182592864784	9.999999999999998	0.9999999999999999
9.5	18.0	352.0364150488475	9.999999999999998	10.412895402998595	0.6540162809419074	10.315094501457406	9.999999999999998	0.9999999999999999	418.00000000000006	9.999999999999998	8.472819460787946	0.5321634049297189	8.359820565564803	9.999999999999998	0.9999999999999999	340.00000000000006	9.999999999999998	5.418259789098421	0.3403116980722553	5.4992408175321685	9.999999999999998	0.9999999999999999	317.00000000000006	9.999999999999998	11.006927394054772	0.6913264217351395	10.981021942064615	9.999999999999998	0.9999999999999999
10.0	18.0	359.99999999999994	9.999999999999998	5.824644263781372	0.4379779683401454	6.883152526302136	9.999999999999998	0.9999999999999999	419.10699939811775	9.999999999999998	10.591908522929751	0.7964473649598953	12.834940946005469	9.999999999999998	0.9999999999999999	341.1412802717635	9.999999999999998	5.675769304324005	0.42678347313546683	6.70659489113007	9.999999999999998	0.9999999999999999	317.00000000000006	9.999999999999998	10.003315972265657	0.7521887702980736	11.947758875592688	9.999999999999998	0.9999999999999999
0.0	18.5	359.99999999999994	9.999999999999998	10.66196413586126	0.7985414466201696	12.54967823265454	9.999999999999998	0.9999999999999999	418.00000000000006	9.999999999999998	8.870768687744038	0.6643875715843248	10.436946308192342	9.999999999999998	0.9999999999999999	340.00000000000006	9.999999999999998	6.720081831875313	0.5033091275726892	8.13318529413753	9.999999999999998	0.9999999999999999	317.00000000000006	9.999999999999998	10.870173502614469	0.8141355535603488	12.931720958997593	9.999999999999998	0.9999999999999999
0.5	18.5	359.8207292769363	9.999999999999998	6.198590921725451	0.46435959146283856	7.295490253826884	9.999999999999998	0.9999999999999999	419.8736985034935	9.999999999999998	6.75727252878349	0.5062125167626836	7.952036887224397	9.999999999999998	0.9999999999999999	340.32507027206304	9.999999999999998	6.559108977018291	0.4913673451579573	7.8766310067574254	9.999999999999998	0.9999999999999999	323.10437997272817	9.999999999999998	10.015010513301732	0.7502618335649557	12.19691815920343	9.999999999999998	0.9999999999999999
1.0	18.5	359.99999999999994	9.999999999999998	7.434179207297003	0.46978353589514416	7.383000894237944	9.999999999999998	0.9999999999999999	423.99999999999994	9.999999999999998	9.13864650349083	0.5774928943724885	9.116083986938152	9.999999999999998	0.9999999999999999	346.8212379727203	9.999999999999998	10.71800439584982	0.6772962908776524	10.645281257243086	9.999999999999998	0.9999999999999999	317.00000000000006	9.999999999999998	9.208193433268917	0.5818877309335619	9.242698876114503	9.999999999999998	0.9999999999999999
1.5	18.5	359.99999999999994	9.999999999999998	9.143437960208187	0.6878525127825127	10.81011855236794	9.999999999999998	0.9999999999999999	418.00000000000006	9.999999999999998	7.431719650711677	0.5590815028530921	8.782680285946029	9.999999999999998	0.9999999999999999	344.3996928859982	9.999999999999998	12.812018657586359	0.9638364984582399	15.243107811540968	9.999999999999998	0.9999999999999999	317.00000000000006	9.999999999999998	9.729056629456156	0.7319080720729696	11.625620468599212	9.999999999999998	0.9999999999999999
2.0	18.5	351.4310155806171	9.999999999999998	257.3103183567781	1.0156024833635104	15.617501841115892	9.999999999999998	0.8849771261153382	420.2878085769218	4.597711835545824	201.13477585313052	0.7938779103446761	5.8865752039513595	4.597711835545824	0.9999999999999999	341.43990849214794	9.999999999999998	48.263562423294246	0.1904960289431636	3.0113495095232095	9.999999999999998	0.9999999999999999	322.5869341753828	9.999999999999998	67.17212856058563	0.2651280407820718	4.196938327050354	9.999999999999998	0.9999999999999999
2.5	18.5	352.33979519009614	6.9580628874643535	177.11413386633885	0.5034410904195806	5.5025715773055035	6.9580628874643535	0.9999999999999999	418.17522599712044	4.843874140708344	347.4550114896424	0.9876294231159506	7.537024080115791	4.843874140708344	0.9999999999999999	345.6681489728915	9.999999999999998	94.77450830353419	0.2693934174689767	4.355546674299228	9.999999999999998	0.9999999999999999	320.47307070798325	9.999999999999998	60.14534079581849	0.17096114969997264	2.6905195257072263	9.999999999999998	0.9999999999999999
3.0	18.5	352.5585567471441	7.210691296284982	68.42085599710728	0.42982601349000943	4.8838838321954	7.210691296284982	0.9999999999999999	418.00000000000006	5.272449179873835	160.38480401168005	1.0075518630698141	8.346704780983993	5.272449179873835	0.9999999999999999	344.8120019359937	9.999999999999998	34.21004221360492	0.21491058320902062	3.3758075804379453	9.999999999999998	0.9999999999999999	320.09628407015384	9.999999999999998	27.48701554130778	0.17267592082387512	2.7151497806380855	9.999999999999998	0.9999999999999999
3.5	18.5	350.9363976652779	9.999999999999998	50.03684761929574	0.6560926779888757	10.39528171044795	9.999999999999998	0.9999999999999999	418.89483869081863	5.0432702340679585	72.31321160938361	0.9481846062676584	8.368720637845385	5.0432702340679585	0.9999999999999999	340.00000000000006	9.999999999999998	10.956314814373068	0.14366128702079078	2.321483563330807	9.999999999999998	0.9999999999999999	321.1282695742979	9.999999999999998	17.87134830106387	0.2343325234101142	3.792947518603547	9.999999999999998	0.9999999999999999
4.0	18.5	350.99606697553645	9.999999999999998	26.94357003491962	0.6495963206685343	10.316488412731067	9.999999999999998	0.9999999999999999	419.4902861228323	6.593039256009301	36.229903435996256	0.8734852857174339	9.194213766975775	6.593039256009301	0.9999999999999999	343.38307464081873	9.999999999999998	13.743010382298195	0.3313372714781376	5.247797748274687	9.999999999999998	0.9999999999999999	318.8204132359446	9.999999999999998	17.935962783894606	0.43242730703338494	6.849329746330618	9.999999999999998	0.9999999999999999
4.5	18.5	350.858434042342	9.999999999999998	22.564058223122316	0.6486254182834797	10.249852385252733	9.999999999999998	0.9999999999999999	420.1179478265516	9.999999999999998	23.13620170339739	0.6650722294263129	10.464635385326922	9.999999999999998	0.9999999999999999	340.00000000000006	9.999999999999998	13.355464186912908	0.3839155819820302	6.203854439567153	9.999999999999998	0.9999999999999999	317.0000000000011	9.999999999999998	16.91937264937121	0.4863635367926243	7.725393535423617	9.999999999999998	0.9999999999999999
5.0	18.5	350.8351215868969	9.999999999999998	18.440386004040587	0.7723202990718591	12.196022231639668	9.999999999999998	0.9999999999999999	421.3985534809729	9.999999999999998	13.98463546914198	0.5857045424955895	9.253574062440286	9.999999999999998	0.9999999999999999	340.00000000000006	9.999999999999998	8.740283380211247	0.36606057339029946	5.915327795901248	9.999999999999998	0.9999999999999999	317.00000000000006	9.999999999999998	9.435840360477059	0.3951918928161891	6.277224057846308	9.999999999999998	0.9999999999999999
5.5	18.5	357.82254127006064	9.999999999999998	11.624198756746415	0.7898060637110068	12.422921373438355	9.999999999999998	0.9999999999999999	420.020302512508	9.999999999999998	12.125879652113356	0.8238927669324925	12.947737003866148	9.999999999999998	0.9999999999999999	342.88666755311004	9.999999999999998	11.119650039942051	0.7555245063917622	11.868551785270897	9.999999999999998	0.9999999999999999	317.0000000000052	9.999999999999998	13.878854893541455	0.9429986514917736	14.97858111278432	9.999999999999998	0.9999999999999999
6.0	18.5	359.99999999999994	9.999999999999998	10.729662399782457	0.7388042012666981	11.61086258211537	9.999999999999998	0.9999999999999999	418.00000000000006	9.999999999999998	7.778304160510995	0.5355847722321881	8.413567246513882	9.999999999999998	0.9999999999999999	340.00000000000006	9.999999999999998	7.307801558138694	0.5031877324756886	8.131223619366265	9.999999999999998	0.9999999999999999	317.44689980548156	9.999999999999998	12.817104258443708	0.8825375973062758	14.328524648479304	9.999999999999998	0.9999999999999999
6.5	18.5	359.99999999999994	9.999999999999998	6.145012952425829	0.4236196658268493	6.657501024715531	9.999999999999998	0.9999999999999999	423.1491234079018	9.999999999999998	8.566826231438707	0.5905725656649956	9.369204746527013	9.999999999999998	0.9999999999999999	342.51319722157865	9.999999999999998	10.295008342256123	0.7097085111772682	11.224703103304336	9.999999999999998	0.9999999999999999	317.00000000000006	9.999999999999998	10.655412193542906	0.7345537247230829	11.667643988731799	9.999999999999998	0.9999999999999999
7.0	18.5	357.93521683592974	9.999999999999998	7.207817720533651	0.455586236066786	7.157760370794368	9.999999999999998	0.9999999999999999	422.80170224335666	9.999999999999998	8.817911079099956	0.5573557870441438	9.006001657419953	9.999999999999998	0.9999999999999999	341.18742459001004	9.999999999999998	9.18503090481724	0.5805604165268728	9.127240903200164	9.999999999999998	0.9999999999999999	317.00000000000006	9.999999999999998	7.941074627606965	0.5019333784774255	7.97270474442663	9.999999999999998	0.9999999999999999
7.5	18.5	359.99999999999994	9.999999999999998	8.617846463688068	0.5929747653262983	9.319043534215622	9.999999999999998	0.9999999999999999	423.99999999999994	9.999999999999998	9.175429288003834	0.6313407939845903	9.966106524302068	9.999999999999998	0.9999999999999999	340.00000000000006	9.999999999999998	7.5897779071896	0.522235664369035	8.43902721574814	9.999999999999998	0.9999999999999999	317.00000000000006	9.999999999999998	10.599877765571197	0.7293539119095795	11.585050214207172	9.999999999999998	0.9999999999999999
8.0	18.5	359.9999999999999	9.999999999999998	6.037225333442004	0.37549156177576115	5.901131743765524	9.999999999999998	0.9999999999999999	418.2769777694166	9.999999999999998	10.982397710423744	0.6830617445213782	10.753010803663537	9.999999999999998	0.9999999999999999	344.26672090435727	9.999999999999998	8.075521479186337	0.5022655284335035	7.983572623313683	9.999999999999998	0.9999999999999999	317.00000000000006	9.999999999999998	14.423132113293907	0.8970618295327355	14.248921093980076	9.999999999999998	0.9999999999999999
8.5	18.5	359.9999999999999	9.999999999999998	9.483842160236014	0.5990250865758201	9.414128874127607	9.999999999999998	0.9999999999999999	418.00000000000006	9.999999999999998	6.735410461976119	0.4254267170351686	6.68308077042805	9.999999999999998	0.9999999999999999	344.1210484700132	9.999999999999998	8.266589744106291	0.5221401361899959	8.358610213492426	9.999999999999998	0.9999999999999999	317.00000000000006	9.999999999999998	8.26014201319205	0.5217328800902145	8.28719982926121	9.999999999999998	0.9999999999999999
9.0	18.5	356.3446899109875	9.999999999999998	8.09058802653022	0.5573491485835111	8.772023397093916	9.999999999999998	0.9999999999999999	423.99999999999994	9.999999999999998	7.570669776640606	0.5215327168286389	8.23271783060124	9.999999999999998	0.9999999999999999	340.00000000000006	9.999999999999998	7.710144010581447	0.5311408992353266	8.582930676439709	9.999999999999998	0.9999999999999999	317.00000000000006	9.999999999999998	10.926109975852972	0.7526842390692224	11.955628896579212	9.999999999999998	0.9999999999999999
9.5	18.5	358.51971934821745	9.999999999999998	5.862052104520794	0.4446289494101697	7.057983065071744	9.999999999999998	0.9999999999999999	423.99999999999994	9.999999999999998	10.746527860319652	0.815110017301979	12.867017843386025	9.999999999999998	0.9999999999999999	340.00000000000006	9.999999999999998	9.006044621760966	0.6830966506467161	11.038448001744408	9.999999999999998	0.9999999999999999	317.07796945518527	9.999999999999998	9.756777552641765	0.7400387569933526	11.795973424072603	9.999999999999998	0.9999999999999999
10.0	18.5	359.99999999999994	9.999999999999998	6.508388596576931	0.4487751939180946	7.0528390308438365	9.999999999999998	0.9999999999999999	418.00000000000006	9.999999999999998	8.195777257401753	0.5651262940775306	8.877638656860842	9.999999999999998	0.9999999999999999	340.00000000000006	9.999999999999998	6.862299094556779	0.4731785081953168	7.646291858278056	9.999999999999998	0.9999999999999999	319.81655537553746	9.999999999999998	11.899950289177609	0.820541431937567	12.988531835675454	9.999999999999998	0.9999999999999999
0.0	19.0	359.3811995181727	9.999999999999998	4.62527688149641	0.29228229065969574	4.638453605787757	9.999999999999998	0.9999999999999999	423.99999999999994	9.999999999999998	8.362893910200881	0.5284712356131908	8.342246658750119	9.999999999999998	0.9999999999999999	346.40589254103605	9.999999999999998	6.129707582083511	0.38735085900108057	6.105433520792757	9.999999999999998	0.9999999999999999	322.93542520081553	9.999999999999998	11.15018339676805	0.7046067139290247	11.343495955677518	9.999999999999998	0.9999999999999999
0.5	19.0	349.56652589573775	9.999999999999998	5.526624764008272	0.45788649281340144	7.427668279711116	9.999999999999998	0.9999999999999999	418.00000000000006	9.999999999999998	9.999067751012603	0.8284329512890907	13.013955411482529	9.999999999999998	0.9999999999999999	340.00000000000006	9.999999999999998	5.909751838956396	0.48962896134361905	7.912121695843136	9.999999999999998	0.9999999999999999	317.00000000000006	9.999999999999998	10.287737102952942	0.852349501224501	13.538710920034744	9.999999999999998	0.9999999999999999
1.0	19.0	359.99999999999994	9.999999999999998	9.623150112530794	0.6632366820089577	10.423262294693277	9.999999999999998	0.9999999999999999	423.99999999999994	9.999999999999998	9.88469367482926	0.68126251372011	10.754151873978437	9.999999999999998	0.9999999999999999	346.6305226752479	9.999999999999998	4.239691276899807	0.2922035656049682	4.590789296794043	9.999999999999998	0.9999999999999999	324.99999999999955	9.999999999999998	9.621124386206466	0.6630970670190329	10.776010870377968	9.999999999999998	0.9999999999999999
1.5	19.0	353.1145976204602	9.999999999999998	16.70814734004085	0.7414541511978698	11.915204215442687	9.999999999999998	0.9999999999999999	420.53983293906947	9.999999999999998	15.403242946854627	0.6835466669296651	10.906358877166149	9.999999999999998	0.9999999999999999	344.46385439702743	9.999999999999998	13.427639452716004	0.5958757012601394	9.405503323097472	9.999999999999998	0.9999999999999999	323.27873985029623	9.999999999999998	13.523235787234789	0.6001179608970526	9.644608728635335	9.999999999999998	0.9999999999999999
2.0	19.0	351.2529147708861	9.999999999999998	342.2949917942287	1.0079999873386478	15.43179368016996	9.999999999999998	0.8948272983980237	420.3612109298137	4.701415509051745	239.46480282003498	0.7051827341831324	5.397833115191303	4.701415509051745	0.9999999999999999	340.3993826030481	9.999999999999998	48.858447469784224	0.14387974002416842	2.297275662327649	9.999999999999998	0.9999999999999999	322.4194320947925	9.999999999999998	80.93583837794561	0.23834214936237222	3.755026527724512	9.999999999999998	0.9999999999999999
2.5	19.0	352.51624236348243	8.555579026980013	228.7657167958595	0.7629231253801132	10.26746130401053	8.555579026980013	0.9999999999999999	419.9193757077669	4.553995149589084	240.5643904171262	0.8022711582958547	5.739024027603359	4.553995149589084	0.9999999999999999	347.1589279873458	9.999999999999998	149.44505325587542	0.4983923670884305	7.894907616027156	9.999999999999998	0.9999999999999999	323.7828145165686	9.999999999999998	88.1877996158853	0.29410224856106626	4.631881181503819	9.999999999999998	0.9999999999999999
3.0	19.0	350.98827324677995	9.999999999999998	116.8127167041981	1.000707998215734	15.887516876863275	9.999999999999998	0.9999999999999999	419.9797361131187	4.2650006494640005	84.51485217498754	0.7240195325111461	4.855408810193254	4.2650006494640005	0.9999999999999999	340.00000000000006	9.999999999999998	19.25374421962483	0.16494245129979143	2.66537490738575	9.999999999999998	0.9999999999999999	320.88312704504347	9.999999999999998	31.302695991798114	0.26816308299747127	4.278591451615055	9.999999999999998	0.9999999999999999
3.5	19.0	351.4692806834701	9.999999999999998	31.71702174174794	0.7970233986795793	12.912895061218258	9.999999999999998	0.9999999999999999	419.6468721620978	9.999999999999998	22.98121725478672	0.5774996161791094	9.096869799419915	9.999999999999998	0.9999999999999999	340.00000000000006	9.999999999999998	14.013607871242213	0.3521507619550169	5.690553263487611	9.999999999999998	0.9999999999999999	317.0000000000001	9.999999999999998	20.30421212742662	0.5102286175883817	8.10446623918257	9.999999999999998	0.9999999999999999
4.0	19.0	352.0519293526133	9.999999999999998	12.720737498456169	0.7991548982590498	12.599359551827831	9.999999999999998	0.9999999999999999	420.6725952102662	9.999999999999998	11.44917337220017	0.7192714245161715	11.559658632117003	9.999999999999998	0.9999999999999999	340.00000000000006	9.999999999999998	6.966831602828969	0.43767726528610607	7.072612242839139	9.999999999999998	0.9999999999999999	322.7150645334168	9.999999999999998	9.314651283174019	0.5851743422444549	9.310760581584422	9.999999999999998	0.9999999999999999
4.5	19.0	351.76238951660514	9.999999999999998	11.855532932428709	0.813080106610123	12.951528543262544	9.999999999999998	0.9999999999999999	419.26126980235796	9.999999999999998	9.959045074756727	0.6830145449614449	10.910552249153039	9.999999999999998	0.9999999999999999	340.2379658650988	9.999999999999998	10.042950060420246	0.6887689446225355	11.098243467085435	9.999999999999998	0.9999999999999999	318.97963731264707	9.999999999999998	8.991015766638276	0.6166248366680505	9.83310551289386	9.999999999999998	0.9999999999999999
5.0	19.0	359.99999999999994	9.999999999999998	8.547026522448144	0.5883779383457302	9.246800947758171	9.999999999999998	0.9999999999999999	418.74389734053165	9.999999999999998	8.430509172101173	0.5803568753247368	9.29537684756359	9.999999999999998	0.9999999999999999	340.435450250975	9.999999999999998	8.608636707448309	0.5926191880407308	9.445386017561598	9.999999999999998	0.9999999999999999	317.00000000000006	9.999999999999998	11.38507788209999	0.783749603980032	12.44907084093258	9.999999999999998	0.9999999999999999
5.5	19.0	358.6926031956539	9.999999999999998	6.399098125163789	0.5301717997541392	8.48502271124123	9.999999999999998	0.9999999999999999	420.9045272676021	9.999999999999998	8.129318981858484	0.6735223606650169	10.903496125938537	9.999999999999998	0.9999999999999999	340.8763980699562	9.999999999999998	8.326006824718172	0.6898181488525141	10.847383515808936	9.999999999999998	0.9999999999999999	317.00000000000006	9.999999999999998	10.894400731614887	0.9026122009928137	14.337083138527362	9.999999999999998	0.9999999999999999
6.0	19.0	356.34614176293803	9.999999999999998	8.4669660125874	0.7057555529829427	11.108052865316203	9.999999999999998	0.9999999999999999	418.00000000000006	9.999999999999998	8.265317408788414	0.6889473336431201	10.822758639597598	9.999999999999998	0.9999999999999999	340.00000000000006	9.999999999999998	5.553142059790471	0.46287664783038546	7.479819734821051	9.999999999999998	0.9999999999999999	321.5670578181073	9.999999999999998	11.221509762497185	0.9353578148254011	14.889878625402794	9.999999999999998	0.9999999999999999
6.5	19.0	359.82617964968927	9.999999999999998	9.673853286221245	0.6025156538495782	9.465772187046444	9.999999999999998	0.9999999999999999	418.00000000000006	9.999999999999998	13.744377194141856	0.8560396945112629	13.447633145800737	9.999999999999998	0.9999999999999999	340.00000000000006	9.999999999999998	9.084728264387211	0.5658232379913538	9.14337727294233	9.999999999999998	0.9999999999999999	317.00000000000006	9.999999999999998	9.053573750693918	0.5638828444756679	8.956709440382705	9.999999999999998	0.9999999999999999
7.0	19.0	359.99999999999994	9.999999999999998	9.415531850664095	0.6445314210655169	10.12929507847478	9.999999999999998	0.9999999999999999	420.6322805524382	9.999999999999998	10.170911280578707	0.6962402129987293	11.16340312573028	9.999999999999998	0.9999999999999999	340.00000000000006	9.999999999999998	7.778144950659524	0.5324456332170511	8.604014425276333	9.999999999999998	0.9999999999999999	317.00000000000006	9.999999999999998	12.458506016251938	0.8528353697238875	13.546428450400976	9.999999999999998	0.9999999999999999
7.5	19.0	351.12728504013745	9.999999999999998	5.975330670764747	0.37372516413003676	5.971691338227765	9.999999999999998	0.9999999999999999	420.8338654372579	9.999999999999998	8.204272958038487	0.5131336534749696	8.334216330331937	9.999999999999998	0.9999999999999999	340.00000000000006	9.999999999999998	7.624538188625453	0.47687432595175394	7.70601414221801	9.999999999999998	0.9999999999999999	320.8562899897197	9.999999999999998	9.141324840711679	0.5717412666676264	9.110401340524337	9.999999999999998	0.9999999999999999
8.0	19.0	359.99999999999994	9.999999999999998	8.075158683734628	0.5101686836800298	8.017683805467708	9.999999999999998	0.9999999999999999	418.00000000000006	9.999999999999998	8.977254376323692	0.567160872944197	8.909600107224135	9.999999999999998	0.9999999999999999	340.00000000000006	9.999999999999998	7.868023282682565	0.49708237800641875	8.032564611482902	9.999999999999998	0.9999999999999999	317.00000000000006	9.999999999999998	10.084526903093485	0.6371156304395569	10.119938277390874	9.999999999999998	0.9999999999999999
8.5	19.0	350.0667364700614	9.999999999999998	9.469991390007715	0.7171064224872841	11.337809642237369	9.999999999999998	0.9999999999999999	418.00000000000006	9.999999999999998	10.07678627910622	0.7630554095755017	11.98693154497763	9.999999999999998	0.9999999999999999	340.00000000000006	9.999999999999998	3.431440128588355	0.25984266017260826	4.198907563424265	9.999999999999998	0.9999999999999999	317.00000000000006	9.999999999999998	12.683760861121462	0.9604661715321405	15.256035025731958	9.999999999999998	0.9999999999999999
9.0	19.0	359.99999999999994	9.999999999999998	9.308493016135419	0.6361625092566257	9.997771347548133	9.999999999999998	0.9999999999999999	423.99999999999994	9.999999999999998	6.980933913819097	0.47709209512987255	7.531195017445394	9.999999999999998	0.9999999999999999	340.00000000000006	9.999999999999998	3.4992373382730673	0.23914543436209906	3.864452328321925	9.999999999999998	0.9999999999999999	317.00000000000006	9.999999999999998	8.835341281546519	0.6038262982057669	9.591170858407464	9.999999999999998	0.9999999999999999
9.5	19.0	359.99999999999994	9.999999999999998	10.791879471742558	0.6757629348906424	10.620121761150974	9.999999999999998	0.9999999999999999	419.113229302431	9.999999999999998	8.66932156303923	0.5428531886674387	8.744801410522731	9.999999999999998	0.9999999999999999	340.00000000000006	9.999999999999998	9.346916437630574	0.5852826378027494	9.457829953627973	9.999999999999998	0.9999999999999999	317.00000000000006	9.999999999999998	11.550082981844294	0.7232399133513744	11.48793552249194	9.999999999999998	0.9999999999999999
10.0	19.0	354.27015369478653	9.999999999999998	10.227934811624843	0.6442073373376769	10.119596375922237	9.999999999999998	0.9999999999999999	423.99999999999994	9.999999999999998	7.750523563367516	0.4881673807751533	7.7060252796106425	9.999999999999998	0.9999999999999999	340.00000000000006	9.999999999999998	7.611839319798494	0.4794323419891468	7.747350206433311	9.999999999999998	0.9999999999999999	317.00000000029564	9.999999999999998	9.902856031346996	0.6237322229255522	9.907356366927736	9.999999999999998	0.9999999999999999
0.0	19.5	356.5782326607026	9.999999999999998	10.91625693482546	0.6854711473774141	10.856592906182405	9.999999999999998	0.9999999999999999	423.99999999999994	9.999999999999998	6.444527364414829	0.40467511832719677	6.388048064389492	9.999999999999998	0.9999999999999999	341.007365403463	9.999999999999998	6.241077624970611	0.39189977535358494	6.1562261003472205	9.999999999999998	0.9999999999999999	322.9153653915033	9.999999999999998	10.150705424136632	0.637399406711961	10.249007268358158	9.999999999999998	0.9999999999999999
0.5	19.5	354.32135887651924	9.999999999999998	8.04754851283622	0.5068755222860488	7.9641801951190425	9.999999999999998	0.9999999999999999	418.00000000000006	9.999999999999998	6.438377998517122	0.4055217816292757	6.370391685043837	9.999999999999998	0.9999999999999999	340.00000000000006	9.999999999999998	8.716644489214682	0.5490185888292786	8.871823832023672	9.999999999999998	0.9999999999999999	317.00000000000006	9.999999999999998	14.397086301252685	0.9068016957841096	14.403629031730633	9.999999999999998	0.9999999999999999
1.0	19.5	359.99999999999994	9.999999999999998	6.219434705256238	0.39302093017025663	6.176618925932066	9.999999999999998	0.9999999999999999	423.70099232951867	9.999999999999998	9.042295404145895	0.5714042383318567	8.976588414428374	9.999999999999998	0.9999999999999999	340.62927529170463	9.999999999999998	8.249019032045526	0.5212752101451819	8.243697517853636	9.999999999999998	0.9999999999999999	317.00000000000006	9.999999999999998	11.491774261291347	0.7261926563297301	11.534836862315204	9.999999999999998	0.9999999999999999
1.5	19.5	353.4242335460664	9.999999999999998	13.103801330394559	0.8978482210370435	14.477204068505591	9.999999999999998	0.9999999999999999	418.00000000000006	9.999999999999998	10.347542859445866	0.7089944905459196	11.137681900018448	9.999999999999998	0.9999999999999999	340.00000000000006	9.999999999999998	5.419528171874393	0.37133604251851476	6.000576335184057	9.999999999999998	0.9999999999999999	319.21340177764074	9.999999999999998	8.32981286996571	0.5707433650968663	9.224384034440984	9.999999999999998	0.9999999999999999
2.0	19.5	351.580314786358	9.999999999999998	39.740705281692286	1.0330884048745892	16.61774048340016	9.999999999999998	0.9999999999999999	420.3411947636573	9.999999999999998	20.37689102569343	0.5297120344699764	8.381975543785389	9.999999999999998	0.9999999999999999	340.00000000000006	9.999999999999998	11.046508226968422	0.2871619787002148	4.640371998544207	9.999999999999998	0.9999999999999999	317.00000000000006	9.999999999999998	13.741573932444975	0.35722216286070135	5.674113248441688	9.999999999999998	0.9999999999999999
2.5	19.5	351.6503574581112	9.999999999999998	42.34062352770675	0.8399889700659451	13.456918884332495	9.999999999999998	0.9999999999999999	420.7437363121735	9.999999999979371	24.48213192884349	0.4856971643431454	7.840371563847795	9.999999999979371	0.9999999999999999	343.75855154852985	9.999999999999998	13.89346687567009	0.2756303039302816	4.449131931348913	9.999999999999998	0.9999999999999999	318.9146710754027	9.999999999999998	21.371916941428644	0.42399409843877417	6.741078531309589	9.999999999999998	0.9999999999999999
3.0	19.5	351.3115267256869	9.999999999999998	24.364249277212405	0.9669432826692372	15.618236751076015	9.999999999999998	0.9999999999999999	420.64122937270724	9.999999999999998	14.9269494929385	0.5924054289019015	9.503360446152957	9.999999999999998	0.9999999999999999	340.01765904163886	9.999999999999998	9.592897776252396	0.3807130669425326	6.159339582642726	9.999999999999998	0.9999999999999999	317.00000000000006	9.999999999999998	16.288864891223582	0.6464557273926183	10.26829628362063	9.999999999999998	0.9999999999999999
3.5	19.5	351.3385391807905	9.999999999999998	11.13182577624967	0.7027859818782944	11.371902764649501	9.999999999999998	0.9999999999999999	421.3125368270725	9.999999999999998	8.743156107997715	0.5519820084845504	8.746073147428685	9.999999999999998	0.9999999999999999	340.00000000000045	9.999999999999998	8.361573253245892	0.5278915235421037	8.530422638823564	9.999999999999998	0.9999999999999999	317.00000000000006	9.999999999999998	13.764377319633528	0.8689869590090695	13.802980132448143	9.999999999999998	0.9999999999999999
4.0	19.5	359.59371334565765	9.999999999999998	9.243119556581751	0.770091781611951	12.138669752404512	9.999999999999998	0.9999999999999999	423.00114596749296	9.999999999999998	10.006263853836751	0.8336732540685768	13.314779067213058	9.999999999999998	0.9999999999999999	340.00000000000006	9.999999999999998	10.500388506358066	0.8748413176935429	14.136931261476912	9.999999999999998	0.9999999999999999	317.00000000000006	9.999999999999998	10.302249435496721	0.858333333657147	13.633758054318434	9.999999999999998	0.9999999999999999
4.5	19.5	357.30441917234225	9.999999999999998	6.508264101449519	0.4932954472619033	7.901166217759487	9.999999999999998	0.9999999999999999	423.99999999999994	9.999999999999998	9.616761148249035	0.728904730645433	11.506213856121262	9.999999999999998	0.9999999999999999	341.0291922898107	9.999999999999998	5.111729555886049	0.38744477455840953	6.086002317728054	9.999999999999998	0.9999999999999999	317.00000000000006	9.999999999999998	11.191620459914343	0.8482715720047883	13.473937133250404	9.999999999999998	0.9999999999999999
5.0	19.5	359.99999999999994	9.999999999999998	9.485443511534873	0.6484071504492235	10.190205074929226	9.999999999999998	0.9999999999999999	418.8794626080449	9.999999999999998	10.53219232573709	0.7199609386329389	11.6256495688713	9.999999999999998	0.9999999999999999	349.6605566988235	9.999999999999998	7.034825749951893	0.48088751073011526	7.752075999770414	9.999999999999998	0.9999999999999999	324.99999999999994	9.999999999999998	10.285846130660659	0.7031211741897399	11.426443869406926	9.999999999999998	0.9999999999999999
5.5	19.5	359.5326356445197	9.999999999999998	6.142661993130216	0.4602770132473548	7.2666740020848755	9.999999999999998	0.9999999999999999	419.49460847022755	9.999999999999998	9.659490523350513	0.7237971831351346	11.448650066387785	9.999999999999998	0.9999999999999999	340.00000000000006	9.999999999999998	8.424492423495316	0.6312572977559232	10.200753949537672	9.999999999999998	0.9999999999999999	317.00000000000006	9.999999999999998	11.405214081099807	0.8546063381912035	13.574558495755658	9.999999999999998	0.9999999999999999
6.0	19.5	359.99999999999994	9.999999999999998	6.127956370078743	0.46348977069573066	7.284089649920167	9.999999999999998	0.9999999999999999	418.7183596212419	9.999999999999998	7.087462556778635	0.536062301503249	8.574087369080267	9.999999999999998	0.9999999999999999	342.88036867618666	9.999999999999998	5.355164926896142	0.4050394640738961	6.362915982983295	9.999999999999998	0.9999999999999999	324.3879903741605	9.999999999999998	9.664938965538292	0.7310104828419354	11.538606796646297	9.999999999999998	0.9999999999999999
6.5	19.5	349.8814907683157	9.999999999999998	6.2601781939470245	0.5198694590957732	8.279491623708758	9.999999999999998	0.9999999999999999	418.00000000000006	9.999999999999998	11.118582697452624	0.9233301982402375	14.504707968551822	9.999999999999998	0.9999999999999999	340.00000000000006	9.999999999999998	6.8924738762004765	0.57237774306755	9.249294295653922	9.999999999999998	0.9999999999999999	317.0000000000003	9.999999999999998	8.98442982989922	0.7461018730217254	11.851074660366494	9.999999999999998	0.9999999999999999
7.0	19.5	359.99999999999994	9.999999999999998	8.942345264082126	0.6164597767012603	9.688128116228802	9.999999999999998	0.9999999999999999	423.99999999999994	9.999999999999998	11.210249951357625	0.7728026572108173	12.19916988955839	9.999999999999998	0.9999999999999999	340.8673734014472	9.999999999999998	7.370643399554587	0.5081111330474244	7.991017089276601	9.999999999999998	0.9999999999999999	317.00000000000006	9.999999999999998	11.532184658416373	0.794995917677169	12.627707174787206	9.999999999999998	0.9999999999999999
7.5	19.5	359.99999999999994	9.999999999999998	8.766245876055182	0.6599393679000156	10.371442528450263	9.999999999999998	0.9999999999999999	418.00000000000006	9.999999999999998	8.537504941389406	0.6427193229719441	10.096557118158739	9.999999999999998	0.9999999999999999	340.00000000000006	9.999999999999998	9.337297704883134	0.7029292164946405	11.358930830413271	9.999999999999998	0.9999999999999999	317.00000000000006	9.999999999999998	8.91835095223141	0.671390122218955	10.664353960705924	9.999999999999998	0.9999999999999999
8.0	19.5	359.9174961701963	9.999999999999998	8.707891293535964	0.7207876885468922	11.32248281004127	9.999999999999998	0.9999999999999999	423.99999999999994	9.999999999999998	8.344659590504502	0.6907215185857045	10.903468140252699	9.999999999999998	0.9999999999999999	345.91867585588926	9.999999999999998	8.337663261658603	0.6901424039037273	11.104918947541904	9.999999999999998	0.9999999999999999	317.0000000000006	9.999999999999998	11.683127259103061	0.9670601076909625	15.360773041477277	9.999999999999998	0.9999999999999999
8.5	19.5	359.99999999999994	9.999999999999998	7.8543835611132256	0.5325503353967511	8.369428262250796	9.999999999999998	0.9999999999999999	420.33610351713486	9.999999999999998	9.570865178215234	0.6489328438110044	10.26671249113357	9.999999999999998	0.9999999999999999	340.00000000000006	9.999999999999998	7.639090317581275	0.5179528194797485	8.369818911820479	9.999999999999998	0.9999999999999999	317.00000000000006	9.999999999999998	10.069169547506997	0.6827193474788216	10.844307260990533	9.999999999999998	0.9999999999999999
9.0	19.5	354.05049853982763	9.999999999999998	7.275764560363396	0.5001595763001533	7.8675697809954235	9.999999999999998	0.9999999999999999	418.00000000000006	9.999999999999998	11.53638536100123	0.7930484234780509	12.4580954997387	9.999999999999998	0.9999999999999999	341.88680310292705	9.999999999999998	5.525339829337175	0.37982972167774676	6.137074033935249	9.999999999999998	0.9999999999999999	324.99999999999966	9.999999999999998	11.482825492452601	0.789366544970614	12.82802004773731	9.999999999999998	0.9999999999999999
9.5	19.5	359.99999999999994	9.999999999999998	6.561033775384221	0.41334417153038866	6.4960139188829435	9.999999999999998	0.9999999999999999	419.4252452452133	9.999999999999998	10.88244912307775	0.6855927085570838	10.871373516814913	9.999999999999998	0.9999999999999999	348.9989354187478	9.999999999999998	6.7536853225783355	0.4254811909232412	6.729041985647267	9.999999999999998	0.9999999999999999	324.99999999999994	9.999999999999998	7.555438223166244	0.47599150679891095	7.73535264532437	9.999999999999998	0.9999999999999999
10.0	19.5	359.99999999999994	9.999999999999998	7.735739727314982	0.6507159205344724	10.226489129821662	9.999999999999998	0.9999999999999999	421.2803395285526	9.999999999999998	10.66880174550469	0.8974395977041889	14.237330401979944	9.999999999999998	0.9999999999999999	340.31440555817585	9.999999999999998	5.48363769630162	0.4612733206142871	7.3986818497581375	9.999999999999998	0.9999999999999999	317.00000000000006	9.999999999999998	10.068045811952526	0.8469051350544704	13.452232662450303	9.999999999999998	0.9999999999999999
0.0	20.0	352.09800550595173	9.999999999999998	9.97793224503779	0.6211655325084912	9.78311663459489	9.999999999999998	0.9999999999999999	423.99999999999994	9.999999999999998	11.524079005383339	0.7174192504272465	11.32490841787327	9.999999999999998	0.9999999999999999	340.00000000000006	9.999999999999998	4.180251053593703	0.2602370719660944	4.205281030589636	9.999999999999998	0.9999999999999999	317.00000000000006	9.999999999999998	11.47324221240228	0.714254460087163	11.345210673055325	9.999999999999998	0.9999999999999999
0.5	20.0	355.63583918440924	9.999999999999998	6.359470019993878	0.48235744469325176	7.648794131580011	9.999999999999998	0.9999999999999999	423.99999999999994	9.999999999999998	8.666723578794235	0.6573595954044557	10.376829463569903	9.999999999999998	0.9999999999999999	340.2532299724272	3.769722179401708	8.963217975164097	0.6798483057764204	4.077992611192023	3.769722179401708	0.7020647991443296	323.10277362981884	9.999999999999998	9.439478246875016	0.7159720215812185	11.640824743591283	9.999999999999998	0.9999999999999999
1.0	20.0	359.99999999999994	9.999999999999998	7.748413998930603	0.48860714369819996	7.67882802018849	9.999999999999998	0.9999999999999999	418.00000000000006	9.999999999999998	9.021359151101588	0.5688777764977092	8.936571156910722	9.999999999999998	0.9999999999999999	341.7263664675733	9.999999999999998	7.109322765647814	0.44830669742623247	7.174291580060027	9.999999999999998	0.9999999999999999	320.8630353928461	9.999999999999998	11.44934219185174	0.7219839294023337	11.508135679626458	9.999999999999998	0.9999999999999999
1.5	20.0	359.99999999999994	9.999999999999998	8.816593487068806	0.6049458071617744	9.507177442331137	9.999999999999998	0.9999999999999999	423.99999999999994	9.999999999999998	11.508375308882911	0.7896409651373637	12.464973037531523	9.999999999999998	0.9999999999999999	341.677052511082	9.999999999999998	10.24540825186488	0.7029831616617819	11.221119216186425	9.999999999999998	0.9999999999999999	317.00000000000006	9.999999999999998	9.370222073144589	0.6429327340131329	10.212337092151023	9.999999999999998	0.9999999999999999
2.0	20.0	351.19113210513916	9.999999999999998	9.334510224854608	0.5871088431313923	9.413745369833267	9.999999999999998	0.9999999999999999	420.3877987135701	9.999999999999998	10.47485268408756	0.6588324928876701	10.442586855494957	9.999999999999998	0.9999999999999999	340.00000000000006	9.999999999999998	7.318472635075612	0.46030695759775875	7.438295022342098	9.999999999999998	0.9999999999999999	317.00000000000006	9.999999999999998	10.60559948199377	0.6670560203586087	10.595511130269681	9.999999999999998	0.9999999999999999
2.5	20.0	359.99999999999994	9.999999999999998	12.425369995673229	0.7793219725694163	12.247629771477378	9.999999999999998	0.9999999999999999	418.00000000000006	9.999999999999998	10.189893065786594	0.6391123618101929	10.039894920382881	9.999999999999998	0.9999999999999999	347.37752998902	9.999999999999998	8.256181424907178	0.5178295371638966	8.283748352977067	9.999999999999998	0.9999999999999999	317.8079858512242	9.999999999999998	13.714877125308579	0.8602001468418675	13.678650833400193	9.999999999999998	0.9999999999999999
3.0	20.0	358.8629722709269	9.999999999999998	9.496860953369621	0.6461659957926975	10.448215170014624	9.999999999999998	0.9999999999999999	423.99999999999994	9.999999999999998	11.523420834701744	0.7840530397521939	12.376764164971622	9.999999999999998	0.9999999999999999	341.5575359216442	9.999999999999998	7.299742397951406	0.496674147253766	7.884997305781445	9.999999999999998	0.9999999999999999	317.00000000000006	9.999999999999998	9.514192370613602	0.6473452246491526	10.282425049113051	9.999999999999998	0.9999999999999999
3.5	20.0	353.6681973881281	9.999999999999998	6.3798673715134155	0.40306434417619086	6.413625959918274	9.999999999999998	0.9999999999999999	418.00000000000006	9.999999999999998	11.321661636766617	0.7152747630748268	11.236339475789642	9.999999999999998	0.9999999999999999	340.00000000000006	9.999999999999998	7.5269458842237285	0.4755339460535895	7.684354375925109	9.999999999999998	0.9999999999999999	317.44081061293673	9.999999999999998	10.002540163267236	0.6319359096718865	10.26430257133335	9.999999999999998	0.9999999999999999
4.0	20.0	359.99999999999994	9.999999999999998	8.242536652733314	0.5169737340152177	8.124630279473644	9.999999999999998	0.9999999999999999	421.49180705527937	9.999999999999998	9.586400030682348	0.6012611442840253	9.47581192645311	9.999999999999998	0.9999999999999999	340.338109402605	9.999999999999998	8.591838119801244	0.5388819997997829	8.632028019224762	9.999999999999998	0.9999999999999999	317.00000000000006	9.999999999999998	12.78664247175801	0.801981062704798	12.738659148276634	9.999999999999998	0.9999999999999999
4.5	20.0	359.99999999999994	9.999999999999998	10.679840952091505	0.7995077359144637	12.564864194227825	9.999999999999998	0.9999999999999999	420.76687816287165	9.999999999999998	10.276418289000656	0.769306954701408	12.437409720158442	9.999999999999998	0.9999999999999999	340.00000000000006	9.999999999999998	7.13879786726586	0.5344203294423582	8.635924377669829	9.999999999999998	0.9999999999999999	321.3316796695069	9.999999999999998	9.18551146443486	0.6876401537336061	11.088271850889893	9.999999999999998	0.9999999999999999
5.0	20.0	359.0377708642711	9.999999999999998	6.600817198980941	0.41604559471335745	6.7244976527149545	9.999999999999998	0.9999999999999999	423.99999999999994	9.999999999999998	9.038502966102202	0.5696914834167783	8.992933869972383	9.999999999999998	0.9999999999999999	343.5267101621883	7.749555674146508	10.139333171238974	0.6390761586120348	7.965354984254476	7.749555674146508	0.9999999999999999	323.7588385541105	9.999999999999998	13.229177042738252	0.8338271859981292	13.138867010303944	9.999999999999998	0.9999999999999999
5.5	20.0	359.99999999999994	9.999999999999998	8.973937089511557	0.6187830209880933	9.72463964406372	9.999999999999998	0.9999999999999999	420.7742741901023	9.999999999999998	10.097549330268942	0.696259848585611	11.262010104374117	9.999999999999998	0.9999999999999999	342.00428490952095	9.999999999999998	7.261712072399906	0.500719370872021	8.133569041520404	9.999999999999998	0.9999999999999999	317.00000000000006	9.999999999999998	12.559763354411059	0.8660377528633906	13.756134971639607	9.999999999999998	0.9999999999999999
6.0	20.0	359.61207844736447	9.999999999999998	9.850569619847784	0.8237732263098643	12.979397397850185	9.999999999999998	0.9999999999999999	423.99999999999994	9.999999999999998	8.215249874416914	0.6870164016052813	10.844980567671099	9.999999999999998	0.9999999999999999	340.00000000000006	9.999999999999998	8.69237965500932	0.7269173163640764	11.746564692793845	9.999999999999998	0.9999999999999999	324.86460544968423	9.999999999999998	10.882249487798644	0.9100494809975548	14.684718269168041	9.999999999999998	0.9999999999999999
6.5	20.0	357.0870812583118	9.999999999999998	9.148869011367529	0.6858554022943995	11.13716719355129	9.999999999999998	0.9999999999999999	423.99999999999994	9.999999999999998	7.418973714081388	0.5561718279014123	8.779517711343331	9.999999999999998	0.9999999999999999	340.00000000000006	9.999999999999998	4.784615659579334	0.3586841711196777	5.79612938843267	9.999999999999998	0.9999999999999999	318.76695139966824	9.999999999999998	10.285367767149694	0.7710543280179573	12.190636878716877	9.999999999999998	0.9999999999999999
7.0	20.0	359.99999999999994	9.999999999999998	9.96752362520996	0.6253114711164122	9.82723913819781	9.999999999999998	0.9999999999999999	423.99999999999994	9.999999999999998	6.987056765814541	0.438332218642054	6.919346295444676	9.999999999999998	0.9999999999999999	340.00000000000006	9.999999999999998	7.151822677581681	0.4486687895448169	7.25022893716025	9.999999999999998	0.9999999999999999	317.00000000000006	9.999999999999998	9.479230625707428	0.5946784648316298	9.445866764935051	9.999999999999998	0.9999999999999999
7.5	20.0	359.99999999999994	9.999999999999998	8.810358027215255	0.6007151218905025	9.440689047667577	9.999999999999998	0.9999999999999999	418.00000000000006	9.999999999999998	9.246742349907128	0.6304690389035447	9.904115894766948	9.999999999999998	0.9999999999999999	340.00000000000006	9.999999999999998	10.491553716829538	0.7153437976479214	11.559543303617742	9.999999999999998	0.9999999999999999	317.00000000000006	9.999999999999998	11.674720380759155	0.7960154462396993	12.64390135623858	9.999999999999998	0.9999999999999999
8.0	20.0	352.6506808231133	9.999999999999998	7.244629787928196	0.4987208507548091	7.861197793668476	9.999999999999998	0.9999999999999999	422.81738370218267	9.999999999999998	6.994173775508894	0.4814794403243485	7.771998621605087	9.999999999999998	0.9999999999999999	340.00000000000006	9.999999999999998	3.5530193748103294	0.2445901167105007	3.952435255674808	9.999999999999998	0.9999999999999999	317.00000000000006	9.999999999999998	11.72351493785867	0.8070476359451949	12.819136546759735	9.999999999999998	0.9999999999999999
8.5	20.0	359.99999999999966	9.999999999999998	8.108545583511582	0.5111967515066976	8.033840663049263	9.999999999999998	0.9999999999999999	422.39592470983644	9.999999999999998	10.984049679620032	0.6924806004701821	11.042897248791045	9.999999999999998	0.9999999999999999	341.9643556796815	9.999999999999998	7.916870915248251	0.4991127758105402	8.1074085189027	9.999999999999998	0.9999999999999999	322.2572631987156	9.999999999999998	10.324747313076138	0.6509154116743935	10.22957438551128	9.999999999999998	0.9999999999999999
9.0	20.0	359.99999999999994	9.999999999999998	7.790078729180338	0.5811443612902654	9.133119854683518	9.999999999999998	0.9999999999999999	422.6177339287708	9.999999999999998	8.925799287034666	0.6658697692282058	10.753568080668598	9.999999999999998	0.9999999999999999	340.00000000000006	9.999999999999998	4.723328014453123	0.3523629911263549	5.693982764525348	9.999999999999998	0.9999999999999999	324.99999999999994	9.999999999999998	12.279888805854538	0.9160867797217623	14.8873544877369	9.999999999999998	0.9999999999999999
9.5	20.0	355.54323596266164	9.999999999999998	8.790545949146255	0.6563898631920133	10.449196145911852	9.999999999999998	0.9999999999999999	423.99999999999994	9.999999999999998	9.748257270796179	0.7279021454816348	11.490387426659867	9.999999999999998	0.9999999999999999	340.00000000000006	9.999999999999998	5.907461443197356	0.44111000965634006	7.128083412545848	9.999999999999998	0.9999999999999999	320.7484540027998	9.999999999999998	11.017696716175305	0.8226911595773834	13.048230961383565	9.999999999999998	0.9999999999999999
10.0	20.0	356.1517802092966	9.999999999999998	9.521033669356617	0.7219882142629857	11.341338875583006	9.999999999999998	0.9999999999999999	418.00000000000006	9.999999999999998	7.055379011943918	0.5350154899857799	8.404624321489257	9.999999999999998	0.9999999999999999	340.00000000000006	9.999999999999998	7.31709690507261	0.5548617840818518	8.966246498125908	9.999999999999998	0.9999999999999999	317.5436367565344	9.999999999999998	9.546766413610953	0.7239395505062415	11.6772017053758	9.999999999999998	0.9999999999999999
0.0	20.5	351.29471191060384	9.999999999999998	4.873987146551039	0.4101831891800882	6.618135764352593	9.999999999999998	0.9999999999999999	423.99999999999994	9.999999999999998	10.799623437074098	0.9088706740840995	14.34708804031036	9.999999999999998	0.9999999999999999	340.00000000000006	9.999999999999998	4.9778862301917295	0.41892708944063456	6.769620212505142	9.999999999999998	0.9999999999999999	320.7749053690768	9.999999999999998	12.175781222509855	1.0246848468080643	16.26916495631038	9.999999999999998	0.9999999999999999
0.5	20.5	349.0305962712695	9.999999999999998	11.289254004893937	0.7656225934875132	12.121486427607923	9.999999999999998	0.9999999999999999	420.48497764340397	9.999999999999998	10.648258601351435	0.7221511149415403	11.49243100153695	9.999999999999998	0.9999999999999999	340.00000000000006	9.999999999999998	2.6410976162661313	0.1791158216249526	2.8944083994920855	9.999999999999998	0.9999999999999999	317.00000000000006	9.999999999999998	13.062519088025224	0.8858831360618302	14.071358839120021	9.999999999999998	0.9999999999999999
1.0	20.5	359.9999999999995	9.999999999999998	4.728332258487972	0.35290030934384836	5.546093254413261	9.999999999999998	0.9999999999999999	418.00000000000006	9.999999999999998	5.831667032767562	0.43524798752448546	6.8373643199092635	9.999999999999998	0.9999999999999999	346.75630034969197	9.999999999999998	6.124593083170768	0.457110599572654	7.181212329866768	9.999999999999998	0.9999999999999999	317.00000000000006	9.999999999999998	11.937470927875989	0.8909562511535057	14.151940148303154	9.999999999999998	0.9999999999999999
1.5	20.5	359.87763975657424	9.999999999999998	8.569437650829418	0.6467860897262606	10.159741600125347	9.999999999999998	0.9999999999999999	423.1053745737638	9.999999999999998	8.439689763742487	0.6369932501073063	10.123902717541554	9.999999999999998	0.9999999999999999	340.00000000000006	9.999999999999998	7.399605356243784	0.5584919348143209	9.024907640822065	9.999999999999998	0.9999999999999999	317.00000000000006	9.999999999999998	7.3059563952658015	0.5514236944296075	8.758808426138406	9.999999999999998	0.9999999999999999
2.0	20.5	359.99999999999994	9.999999999999998	6.798897052489039	0.5154451317566239	8.100607147584553	9.999999999999998	0.9999999999999999	418.00000000000006	9.999999999999998	10.122405532128424	0.7674104509777507	12.055345427520374	9.999999999999998	0.9999999999999999	340.00000000000006	9.999999999999998	1.1438740004662205	0.08672057840138005	1.4013545439851802	9.999999999999998	0.9999999999999999	324.9999999998906	9.999999999999998	9.833077927422869	0.7454756424085157	12.114747637736901	9.999999999999998	0.9999999999999999
2.5	20.5	356.72550275714815	9.999999999999998	6.24129279423514	0.520358133435715	8.292434197708685	9.999999999999998	0.9999999999999999	418.00000000000006	9.999999999999998	9.939183701262445	0.8286640683546748	13.017586057971982	9.999999999999998	0.9999999999999999	340.00000000000006	9.999999999999998	4.098656841595801	0.34171917485689457	5.521984830822519	9.999999999999998	0.9999999999999999	318.13029687421334	9.999999999999998	14.387093886823623	1.19950170058147	18.88263910965563	9.999999999999998	0.9999999999999999
3.0	20.5	351.4781753912347	9.999999999999998	11.122503883881185	0.7020326163927286	11.36699243816756	9.999999999999998	0.9999999999999999	419.8867569540355	9.999999999999998	13.233206833447403	0.8352564236920212	13.120514539935597	9.999999999999998	0.9999999999999999	340.00000000000006	9.999999999999998	5.382411161568871	0.3397281969695363	5.4898117761582625	9.999999999999998	0.9999999999999999	317.00000000000006	9.999999999999998	13.162917700140458	0.8308198989063601	13.196734932966208	9.999999999999998	0.9999999999999999
3.5	20.5	359.99999999999994	9.999999999999998	7.078971394850961	0.44702193781107125	7.025285295097612	9.999999999999998	0.9999999999999999	418.51177444704706	9.999999999999998	9.347424228393201	0.5902698936116353	9.353448814793676	9.999999999999998	0.9999999999999999	345.9379797612328	9.999999999999998	9.70176619306801	0.6126458325526981	9.846483216863192	9.999999999999998	0.9999999999999999	317.00000000000006	9.999999999999998	10.502913169023612	0.663236554521662	10.534842773262278	9.999999999999998	0.9999999999999999
4.0	20.5	351.49372807281765	9.999999999999998	9.982305319688413	0.6839690901251624	11.062892739539189	9.999999999999998	0.9999999999999999	423.99999999999994	9.999999999999998	9.539566667695764	0.6536334568952918	10.318010053101812	9.999999999999998	0.9999999999999999	340.73318751288235	9.999999999999998	4.832829864785006	0.3311365600917013	5.221196230269498	9.999999999999998	0.9999999999999999	317.00000000000006	9.999999999999998	10.72050433117975	0.7345491204940174	11.667570855203548	9.999999999999998	0.9999999999999999
4.5	20.5	355.30750154178946	9.999999999999998	8.687731498450527	0.658953018506046	10.626188629517786	9.999999999999998	0.9999999999999999	422.28305602493054	9.999999999999998	10.53005503781552	0.7986908381596375	12.673157965920115	9.999999999999998	0.9999999999999999	340.00000000000006	9.999999999999998	6.521169987140079	0.494622174728051	7.992809145054729	9.999999999999998	0.9999999999999999	324.99999999999994	9.999999999999998	7.868172987383872	0.5967905823389049	9.698462144515057	9.999999999999998	0.9999999999999999
5.0	20.5	359.99999999999994	9.999999999999998	7.641955151558125	0.5767835057252956	9.064585736146421	9.999999999999998	0.9999999999999999	423.30422745951256	9.999999999999998	11.559075190846528	0.8724316983408876	13.76907196344299	9.999999999999998	0.9999999999999999	340.00000000000006	9.999999999999998	10.065140449826362	0.7596756169243755	12.275919941451606	9.999999999999998	0.9999999999999999	318.74714591869093	9.999999999999998	9.692594430697174	0.7315573677727136	11.559006801508406	9.999999999999998	0.9999999999999999
5.5	20.5	359.99999999999994	9.999999999999998	8.814565958708279	0.6076510358473151	9.549692141715841	9.999999999999998	0.9999999999999999	418.00000000000006	9.999999999999998	10.257325228241179	0.7071107447787411	11.108089905418906	9.999999999999998	0.9999999999999999	341.65391991746054	9.999999999999998	6.366237202290918	0.43887023462567487	6.997343586441679	9.999999999999998	0.9999999999999999	321.106798484333	9.999999999999998	12.415049799341523	0.8558581223404228	13.833172406960065	9.999999999999998	0.9999999999999999
6.0	20.5	359.99999999999994	9.999999999999998	8.165789830546236	0.5138410043768911	8.075397081726301	9.999999999999998	0.9999999999999999	418.00000000000006	9.999999999999998	9.501284522255697	0.5978784273290431	9.392145957787093	9.999999999999998	0.9999999999999999	340.00000000000006	9.999999999999998	6.459496233706675	0.4064706662030946	6.568331595345141	9.999999999999998	0.9999999999999999	324.01808879363216	9.999999999999998	9.262564386962898	0.582856709083861	9.155652875466732	9.999999999999998	0.9999999999999999
6.5	20.5	354.2576869935426	9.999999999999998	6.852904861694265	0.5133766919118197	8.064223691286335	9.999999999999998	0.9999999999999999	418.00000000000006	9.999999999999998	8.94387666063149	0.6700191970514437	10.525414207265177	9.999999999999998	0.9999999999999999	340.00000000000006	9.999999999999998	6.020774907087172	0.45103872984192084	7.288525805856726	9.999999999999998	0.9999999999999999	317.8262489141481	9.999999999999998	11.189304856006851	0.8382326075878819	13.318822644348872	9.999999999999998	0.9999999999999999
7.0	20.5	354.3366914455113	9.999999999999998	9.661961860815044	0.6107059040421546	9.596662049147806	9.999999999999998	0.9999999999999999	418.00000000000006	9.999999999999998	10.986096445149082	0.6944007912760591	10.908427678187918	9.999999999999998	0.9999999999999999	340.00000000000006	9.999999999999998	6.940299286600381	0.4386771352654527	7.088769565181555	9.999999999999998	0.9999999999999999	317.4599867121755	9.999999999999998	11.777727236890303	0.7444375855940556	12.075249710093468	9.999999999999998	0.9999999999999999
7.5	20.5	355.0429085505677	9.999999999999998	6.583316473439659	0.5526085152300761	8.90514942525775	9.999999999999998	0.9999999999999999	423.99999999999994	9.999999999999998	7.316031754092075	0.6141131846412012	9.694158011690245	9.999999999999998	0.9999999999999999	344.60697827910735	9.999999999999998	5.820345029001225	0.48856412077097483	7.687313587837383	9.999999999999998	0.9999999999999999	324.99999999999994	9.999999999999998	8.48560356916206	0.7122879187267225	11.575412917363316	9.999999999999998	0.9999999999999999
8.0	20.5	352.2034337980051	9.999999999999998	8.351479528738206	0.5703584118162253	8.967452496211997	9.999999999999998	0.9999999999999999	420.16528373867027	9.999999999999998	10.791443788825413	0.7369940523015884	11.606356828702626	9.999999999999998	0.9999999999999999	340.00000000000006	9.999999999999998	3.206990839078747	0.2190191804208966	3.5392236694058905	9.999999999999998	0.9999999999999999	317.00000000000006	9.999999999999998	14.764403747499552	1.0083245542134096	16.01621709575283	9.999999999999998	0.9999999999999999
8.5	20.5	357.14541284361945	9.999999999999998	9.674467569938177	0.7329342366958251	11.853855605664451	9.999999999999998	0.9999999999999999	423.97831995236623	9.999999999999998	7.554551763926577	0.572330166042203	9.02927438675296	9.999999999999998	0.9999999999999999	340.00000000000006	9.999999999999998	8.771776526127445	0.6645466829224855	10.738691219209903	9.999999999999998	0.9999999999999999	317.00000000000006	9.999999999999998	10.133308142136396	0.7676958359381622	12.194072950532076	9.999999999999998	0.9999999999999999
9.0	20.5	359.99999999999994	9.999999999999998	7.818521306891783	0.4934911263419765	7.755583473437267	9.999999999999998	0.9999999999999999	418.00000000000006	9.999999999999998	7.4086002382250475	0.46761763927872074	7.3458631718191665	9.999999999999998	0.9999999999999999	340.00000000000006	9.999999999999998	6.394166269828594	0.40358837568609607	6.521755442515688	9.999999999999998	0.9999999999999999	317.00000000000006	9.999999999999998	10.738470298819774	0.6777931011434641	10.766058813658223	9.999999999999998	0.9999999999999999
9.5	20.5	359.99999999999994	9.999999999999998	9.785582299223137	0.608059098064923	9.556105145764107	9.999999999999998	0.9999999999999999	418.00000000000006	9.999999999999998	9.740858926967523	0.6052800653446802	9.508419202299576	9.999999999999998	0.9999999999999999	343.6346587311586	9.999999999999998	6.341922344558201	0.39407604605563273	6.313870826406039	9.999999999999998	0.9999999999999999	317.00000000000006	9.999999999999998	11.003433854745715	0.6837342797540915	10.860428435061207	9.999999999999998	0.9999999999999999
10.0	20.5	349.4419136804164	9.999999999999998	7.762253998753724	0.5872380563087015	9.494658244260524	9.999999999999998	0.9999999999999999	421.09752305071197	9.999999999999998	12.215434401286137	0.9241346593308393	14.786168863953714	9.999999999999998	0.9999999999999999	341.7047554034904	9.999999999999998	1.7291161937891353	0.1308128841101645	2.091013774853394	9.999999999999998	0.9999999999999999	320.1789051042601	9.999999999999998	14.37937363024828	1.087843224779729	17.091849147039223	9.999999999999998	0.9999999999999999
0.0	21.0	359.99999999999994	9.999999999999998	8.35732408212118	0.5753188083142998	9.041566916905417	9.999999999999998	0.9999999999999999	423.99999999999994	9.999999999999998	6.922163333461958	0.4765222361645554	7.522199439769611	9.999999999999998	0.9999999999999999	340.00000000000006	9.999999999999998	4.691195449862156	0.3229422419501462	5.2185604218063775	9.999999999999998	0.9999999999999999	321.1208910148373	9.999999999999998	14.739761905258977	1.0146863004046358	16.41571804274279	9.999999999999998	0.9999999999999999
0.5	21.0	359.99999999999994	9.999999999999998	7.5887878173951515	0.5751940029175936	9.03960550641509	9.999999999999998	0.9999999999999999	418.00000000000006	9.999999999999998	8.585698257663694	0.6507550701771113	10.22279166214116	9.999999999999998	0.9999999999999999	340.0777100131927	9.999999999999998	6.818028372994105	0.5167741049339716	8.395509078131518	9.999999999999998	0.9999999999999999	323.6436884197867	9.999999999999998	8.926770243882112	0.6766067036338188	10.694568996029215	9.999999999999998	0.9999999999999999
1.0	21.0	359.99999999999994	9.999999999999998	6.453897949967853	0.4880279799133293	7.6697260265788945	9.999999999999998	0.9999999999999999	418.00000000000006	9.999999999999998	13.060293839041366	0.9875874810467999	15.514133549712474	9.999999999999998	0.9999999999999999	342.9553864379683	9.999999999999998	6.210781190483007	0.46964408510522265	7.377377671456397	9.999999999999998	0.9999999999999999	324.99999999999994	9.999999999999998	12.05476754728796	0.911552041887648	14.813660323450504	9.999999999999998	0.9999999999999999
1.5	21.0	359.99999999999994	9.999999999999998	6.3860239527286575	0.4012831178822143	6.30646540756645	9.999999999999998	0.9999999999999999	418.72029459637093	9.999999999999998	10.0726748154333	0.6329438137518488	10.124706688612651	9.999999999999998	0.9999999999999999	340.00000000000006	9.999999999999998	8.692174569195778	0.5461963403399063	8.826217923740497	9.999999999999998	0.9999999999999999	317.00000000000017	9.999999999999998	11.121338949886676	0.6988394659760935	11.10035906135855	9.999999999999998	0.9999999999999999
2.0	21.0	359.99999999999994	9.999999999999998	11.894404590877986	0.9009043354853593	14.158387866525485	9.999999999999998	0.9999999999999999	423.99999999999994	9.999999999999998	10.317686075532368	0.7814807413523422	12.33615883721604	9.999999999999998	0.9999999999999999	340.00000000000006	9.999999999999998	8.696051222819728	0.6586551002518709	10.643486640332247	9.999999999999998	0.9999999999999999	317.00000000000006	9.999999999999998	10.609092181045995	0.8035523819996991	12.763617968181117	9.999999999999998	0.9999999999999999
2.5	21.0	357.81289336861414	9.999999999999998	9.989649807494315	0.6878497171644001	10.82081101837441	9.999999999999998	0.9999999999999999	418.1173356128531	9.999999999999998	9.35242533300209	0.6439728362930724	10.117739381119469	9.999999999999998	0.9999999999999999	340.00000000000006	9.999999999999998	7.569517985277849	0.5212085413983288	8.4224295007794	9.999999999999998	0.9999999999999999	317.00000000000006	9.999999999999998	10.998833944792379	0.7573383415690818	12.029554613960736	9.999999999999998	0.9999999999999999
3.0	21.0	359.99999999999994	9.999999999999998	7.548124319816202	0.47698399964031424	7.496161586785893	9.999999999999998	0.9999999999999999	423.99999999999994	9.999999999999998	8.395263618854635	0.5305167547973839	8.374536449432757	9.999999999999998	0.9999999999999999	341.1451869258092	9.999999999999998	8.25732737194312	0.521800233982471	8.199976698623619	9.999999999999998	0.9999999999999999	317.00000000000006	9.999999999999998	10.351145185341506	0.654113581356858	10.389933559105325	9.999999999999998	0.9999999999999999
3.5	21.0	359.99999999999994	9.999999999999998	10.279917436750091	0.6444573806639412	10.128131477988013	9.999999999999998	0.9999999999999999	419.98680176209876	9.999999999999998	9.837732628803762	0.6167364125869281	9.689834797677024	9.999999999999998	0.9999999999999999	340.00000000000006	9.999999999999998	8.349863959694217	0.5234605714952102	8.458821008627158	9.999999999999998	0.9999999999999999	317.00000000000006	9.999999999999998	13.256057031691414	0.831034280687419	13.2001401710242	9.999999999999998	0.9999999999999999
4.0	21.0	350.6166327805908	9.999999999999998	8.605734514006345	0.6412474827158384	10.081272010231705	9.999999999999998	0.9999999999999999	418.00000000000006	9.999999999999998	5.716484813220143	0.4259580039907833	6.691426822743224	9.999999999999998	0.9999999999999999	340.00000000000006	9.999999999999998	4.628822121437657	0.3449119338367142	5.57357797499542	9.999999999999998	0.9999999999999999	319.7191407679635	9.999999999999998	12.223016555898	0.9107855447907245	14.471436015248317	9.999999999999998	0.9999999999999999
4.5	21.0	356.6998539147156	9.999999999999998	8.600552128178842	0.6426512847711199	10.22908618067125	9.999999999999998	0.9999999999999999	422.7366141329673	9.999999999999998	10.729950663336187	0.801764407279265	13.012925786996018	9.999999999999998	0.9999999999999999	341.5066382469166	9.999999999999998	8.85625373186591	0.6617578446382626	10.48501405074546	9.999999999999998	0.9999999999999999	317.32427795914276	9.999999999999998	10.709991480420198	0.8002730152903813	12.93701338862358	9.999999999999998	0.9999999999999999
5.0	21.0	357.48033545195074	9.999999999999998	6.234679006509461	0.42253323494181416	6.710457085765105	9.999999999999998	0.9999999999999999	423.99999999999994	9.999999999999998	12.273414937920611	0.8317871236174782	13.13027632381527	9.999999999999998	0.9999999999999999	340.00000000000006	9.999999999999998	5.6750064751476135	0.38460341611112653	6.21496944248902	9.999999999999998	0.9999999999999999	324.99999990905263	9.999999999999998	9.62708911909892	0.6524417863885154	10.602851645817125	9.999999999999998	0.9999999999999999
5.5	21.0	359.99999999999994	9.999999999999998	6.720743888645543	0.4245003366493841	6.671341427738413	9.999999999999998	0.9999999999999999	423.9999999996761	9.999999999999998	11.356307803484864	0.7172950741089611	11.322948217467388	9.999999999999998	0.9999999999999999	340.00000000000006	9.999999999999998	7.1504811939289965	0.4516437055660041	7.298301864729637	9.999999999999998	0.9999999999999999	324.99999999999994	9.999999999999998	7.880875091519126	0.49777735692229047	8.08939516704045	9.999999999999998	0.9999999999999999
6.0	21.0	359.99999999999994	9.999999999999998	8.678125009753057	0.6562185908077801	10.312967723566155	9.999999999999998	0.9999999999999999	423.99999999999994	9.999999999999998	7.7540636206776	0.5863433283660109	9.255793584046653	9.999999999999998	0.9999999999999999	341.62111387569695	9.999999999999998	7.430957633287563	0.5619108437580621	8.945284181609646	9.999999999999998	0.9999999999999999	324.99999999999994	9.999999999999998	11.58074495140025	0.8757076124129762	14.231151395462044	9.999999999999998	0.9999999999999999
6.5	21.0	349.57323783950966	9.999999999999998	7.1206773730208734	0.5378174577985152	8.720193031289584	9.999999999999998	0.9999999999999999	423.99999999999994	9.999999999999998	8.131644856716989	0.6141747948207571	9.695130566637248	9.999999999999998	0.9999999999999999	340.00000000000006	9.999999999999998	4.325369258989599	0.3266907032922828	5.279133395737007	9.999999999999998	0.9999999999999999	317.00000000000006	9.999999999999998	9.909039662655944	0.7484196013129291	11.88788943327434	9.999999999999998	0.9999999999999999
7.0	21.0	359.99999999999994	9.999999999999998	10.915358132831717	0.7479001424428717	11.753812125269677	9.999999999999998	0.9999999999999999	420.7769078630066	9.999999999999998	10.135513043508688	0.694466599879229	11.234988902957054	9.999999999999998	0.9999999999999999	344.57589572818443	9.999999999999998	9.27262243214199	0.6353429318052848	10.002291155996666	9.999999999999998	0.9999999999999999	318.5711351926119	9.999999999999998	11.349411627816757	0.7776406847848316	12.236260687299165	9.999999999999998	0.9999999999999999
7.5	21.0	355.23878178385917	9.999999999999998	7.187812582611715	0.6013760908715046	9.74184830262803	9.999999999999998	0.9999999999999999	423.99999999999994	9.999999999999998	7.564834634382257	0.6329200474035123	9.991036020307721	9.999999999999998	0.9999999999999999	342.0593965482259	9.999999999999998	4.710584962577153	0.3941161706644584	6.377478344317196	9.999999999999998	0.9999999999999999	317.00000000000006	9.999999999999998	9.856130011878205	0.8246237460341445	13.098315302952049	9.999999999999998	0.9999999999999999
8.0	21.0	358.348294906743	9.999999999999998	4.520787725713852	0.31157700089962953	4.9171964387891345	9.999999999999998	0.9999999999999999	423.99999999999994	9.999999999999998	9.476046219331856	0.6530981414172631	10.309559765825947	9.999999999999998	0.9999999999999999	342.830021946465	9.999999999999998	8.973150153075204	0.6184380649891608	9.718112423608707	9.999999999999998	0.9999999999999999	317.00000000000006	9.999999999999998	9.719923920692256	0.6699064251471014	10.640786931312617	9.999999999999998	0.9999999999999999
8.5	21.0	354.7900521112042	9.999999999999998	6.4265465908783215	0.5364290027858064	8.528821786455802	9.999999999999998	0.9999999999999999	423.99999999999994	9.999999999999998	9.315232976077956	0.7775499742221614	12.274109236881545	9.999999999999998	0.9999999999999999	340.00000000000006	9.999999999999998	6.472732303086443	0.5402841612589311	8.730680518747281	9.999999999999998	0.9999999999999999	317.00000000000006	9.999999999999998	7.7155185989792665	0.6440205310112181	10.229615648747348	9.999999999999998	0.9999999999999999
9.0	21.0	352.9593289283424	9.999999999999998	10.177983599041976	0.7003243167033619	11.161123125763758	9.999999999999998	0.9999999999999999	418.00000000000006	9.999999999999998	10.668751326919738	0.7340929478218484	11.531956661032819	9.999999999999998	0.9999999999999999	340.00000000000006	9.999999999999998	3.390836131871908	0.23331586006188756	3.770249768956032	9.999999999999998	0.9999999999999999	318.05276168931186	9.999999999999998	13.823804640432094	0.9511851188247765	14.998807486944438	9.999999999999998	0.9999999999999999
9.5	21.0	359.9999999999946	9.999999999999998	7.119131810899504	0.4905421185096962	7.7092376017763415	9.999999999999998	0.9999999999999999	418.00000000000006	9.999999999999998	7.900362730474167	0.5443726529783384	8.55161714906045	9.999999999999998	0.9999999999999999	346.44784167122793	9.999999999999998	7.89194894137114	0.5437929028007994	8.56346954466032	9.999999999999998	0.9999999999999999	324.99999999999994	9.999999999999998	9.124386041588693	0.628713694005293	10.217245615960277	9.999999999999998	0.9999999999999999
10.0	21.0	353.55378361482025	9.999999999999998	8.992412139269295	0.7493787555531639	11.99182394304711	9.999999999999998	0.9999999999999999	418.00000000000006	9.999999999999998	9.619151215646518	0.8016077839649185	12.592555549346296	9.999999999999998	0.9999999999999999	340.00000000000006	9.999999999999998	6.73923604792207	0.5616113057048157	9.075314875786958	9.999999999999998	0.9999999999999999	324.5588197345541	9.999999999999998	10.83466560859913	0.9029021473727109	14.336011231410962	9.999999999999998	0.9999999999999999
0.0	21.5	355.31308174107346	9.999999999999998	8.514452435791751	0.7077317173956961	11.408753877165948	9.999999999999998	0.9999999999999999	419.6065379291466	9.999999999999998	8.123503737490205	0.6752355826472687	10.646190826710638	9.999999999999998	0.9999999999999999	340.00000000000006	9.999999999999998	4.706806437697151	0.39123551734196305	6.32214037431775	9.999999999999998	0.9999999999999999	317.00000000000006	9.999999999999998	9.942864842456972	0.8264631065651149	13.127531687159179	9.999999999999998	0.9999999999999999
0.5	21.5	355.560863739356	9.999999999999998	6.881774400381017	0.5185577117932414	8.248460676964704	9.999999999999998	0.9999999999999999	418.00000000000006	9.999999999999998	9.563620164524886	0.7206410295433618	11.3206388176241	9.999999999999998	0.9999999999999999	340.00000000000006	9.999999999999998	6.735744639587958	0.507554029573381	8.201780462863326	9.999999999999998	0.9999999999999999	317.00000000000006	9.999999999999998	9.380083069502605	0.7068110824270101	11.226980137031452	9.999999999999998	0.9999999999999999
1.0	21.5	351.0780032846761	9.999999999999998	8.968510429446875	0.7428775995574163	11.841242815618694	9.999999999999998	0.9999999999999999	420.7987392158603	9.999999999999998	8.217183416943072	0.6806438527248453	11.027718398570073	9.999999999999998	0.9999999999999999	340.00000000000006	9.999999999999998	4.275964326839319	0.35418569671122585	5.723436635807016	9.999999999999998	0.9999999999999999	317.00000000000006	9.999999999999998	11.827546102436724	0.9796965868918281	15.561490750235787	9.999999999999998	0.9999999999999999
1.5	21.5	359.99999999999994	9.999999999999998	9.844962757114518	0.6695389352397433	10.52230693479533	9.999999999999998	0.9999999999999999	418.00000000000006	9.999999999999998	10.261124548919986	0.6978413808504733	10.962476324177873	9.999999999999998	0.9999999999999999	341.5245157697794	9.999999999999998	8.938343784248426	0.6078813427493858	9.637865557345492	9.999999999999998	0.9999999999999999	320.73839168050216	9.999999999999998	12.227065085403904	0.8315416056269337	13.183476265328672	9.999999999999998	0.9999999999999999
2.0	21.5	357.3964239487191	9.999999999999998	8.291640796852889	0.6208683443688572	9.897465935006633	9.999999999999998	0.9999999999999999	418.00000000000006	9.999999999999998	7.647358889572817	0.5726252703042385	8.995440999336822	9.999999999999998	0.9999999999999999	340.00000000000006	9.999999999999998	5.911838938533501	0.4426715705455757	7.153317336121768	9.999999999999998	0.9999999999999999	318.2431533741652	9.999999999999998	8.7804819571919	0.6574721974921414	10.333510481139127	9.999999999999998	0.9999999999999999
2.5	21.5	358.9289700631102	9.999999999999998	8.870845936122253	0.5578152826393359	9.06080250297463	9.999999999999998	0.9999999999999999	423.99999999999994	9.999999999999998	7.7248691946885994	0.4857541348610944	7.667930694122105	9.999999999999998	0.9999999999999999	342.2910063266717	1.3683512536626925	14.53347733596265	0.9138920714292362	3.6431949324041333	1.3683512536626925	0.9879397626018326	317.00000000000006	9.999999999999998	10.904541711701361	0.6856978534816134	10.891617820435284	9.999999999999998	0.9999999999999999
3.0	21.5	359.99999999999994	9.999999999999998	9.563820838376387	0.7189734224282497	11.299207007343634	9.999999999999998	0.9999999999999999	423.99999999999994	9.999999999999998	8.951151678553387	0.6729151733143982	10.622383921597452	9.999999999999998	0.9999999999999999	346.26082231009724	9.999999999999998	8.011656681873488	0.6022873411401773	9.533438110206486	9.999999999999998	0.9999999999999999	320.04314774306306	9.999999999999998	11.502725592695986	0.8647332615693	13.607781854440718	9.999999999999998	0.9999999999999999
3.5	21.5	348.25310734443684	9.999999999999998	7.546640667158733	0.5184156969796965	8.179337784587972	9.999999999999998	0.9999999999999999	418.00000000000006	9.999999999999998	10.846680804663702	0.7451116115461066	11.70505020852931	9.999999999999998	0.9999999999999999	340.00000000000006	9.999999999999998	5.37295765937605	0.3690947684774994	5.964358638997163	9.999999999999998	0.9999999999999999	322.56929410387573	9.999999999999998	11.090786344133253	0.7618804162318021	12.053166506984109	9.999999999999998	0.9999999999999999
4.0	21.5	359.99999999999994	9.999999999999998	8.710722842697423	0.6540764790035747	10.279302828656904	9.999999999999998	0.9999999999999999	423.99999999999994	9.999999999999998	8.593110282382307	0.6452451098133589	10.185594784869672	9.999999999999998	0.9999999999999999	340.00000000000006	9.999999999999998	5.167541713939286	0.38802376684399725	6.270240338162095	9.999999999999998	0.9999999999999999	324.28383564038677	9.999999999999998	11.253407922638752	0.8450032866102712	13.305090742427607	9.999999999999998	0.9999999999999999
4.5	21.5	348.00000000000006	9.999999999999998	7.344327314380821	0.457958733743221	7.292388016200833	9.999999999999998	0.9999999999999999	422.6498208813459	9.999999999999998	11.351082196970232	0.7078016824442094	11.455140725002794	9.999999999999998	0.9999999999999999	340.99059388435717	2.3095672291830804	5.7998843310767745	0.36165431773665396	0.8902877215098577	2.3095672291830804	6.422121481736604e-24	323.2933729526027	9.999999999999998	11.975317112541768	0.7467261229349922	11.990436444904843	9.999999999999998	0.9999999999999999
5.0	21.5	359.99999999999994	9.999999999999998	8.925922349752799	0.6151830797496252	9.668063865323045	9.999999999999998	0.9999999999999999	422.05388364074275	9.999999999999998	9.591308481158508	0.6610421264118661	10.414941578992165	9.999999999999998	0.9999999999999999	341.24675896889084	9.999999999999998	8.370289380525275	0.5768883256809564	9.07708408601792	9.999999999999998	0.9999999999999999	317.00000000000006	9.999999999999998	12.100141050314328	0.8339532594010731	13.24650519960593	9.999999999999998	0.9999999999999999
5.5	21.5	355.8106389701492	9.999999999999998	8.451459891559772	0.7112548037802439	11.215980660880263	9.999999999999998	0.9999999999999999	419.02307107126563	9.999999999999998	6.682810100838401	0.5624094355247798	9.11360834731823	9.999999999999998	0.9999999999999999	340.00000000000006	9.999999999999998	4.988572423101759	0.41982641407080545	6.784152779979205	9.999999999999998	0.9999999999999999	317.00000000000006	9.999999999999998	10.158091727065955	0.8548808881328779	13.578919444272792	9.999999999999998	0.9999999999999999
6.0	21.5	352.3273883781256	9.999999999999998	4.237970229246646	0.32046494474279247	5.034010349830718	9.999999999999998	0.9999999999999999	418.00000000000006	9.999999999999998	8.399711365111923	0.6351656318629928	9.977895252849013	9.999999999999998	0.9999999999999999	343.93227909594566	9.999999999999998	10.503485302397934	0.7942478722032071	12.862667533225496	9.999999999999998	0.9999999999999999	317.00000000000006	9.999999999999998	10.326716170476566	0.7808810227377538	12.403506325280205	9.999999999999998	0.9999999999999999
6.5	21.5	359.99999999999994	9.999999999999998	9.929488855847929	0.6271733355566437	9.856499735423691	9.999999999999998	0.9999999999999999	418.00000000000006	9.999999999999998	9.166573617206687	0.5789855484598465	9.095355393365827	9.999999999999998	0.9999999999999999	343.44685024907704	9.999999999999998	9.054304886149174	0.5718943521698598	9.08012867943397	9.999999999999998	0.9999999999999999	317.00000000000006	9.999999999999998	12.248413997743736	0.7736429109056722	12.288536229608587	9.999999999999998	0.9999999999999999
7.0	21.5	359.2229911734966	9.999999999999998	8.024216407958567	0.6045019762838653	9.663804686458471	9.999999999999998	0.9999999999999999	423.8587407793352	9.999999999999998	8.799177720627663	0.6628834581924755	10.430969839888938	9.999999999999998	0.9999999999999999	340.4608761170243	9.999999999999998	8.046475238421912	0.6061788387113932	9.65002238700502	9.999999999999998	0.9999999999999999	317.00000000000006	9.999999999999998	10.778856734446231	0.8120219927756266	12.898149180712785	9.999999999999998	0.9999999999999999
7.5	21.5	359.9397886132415	9.999999999999998	9.750344566160372	0.6693281403422772	10.514880709925636	9.999999999999998	0.9999999999999999	421.41828944417466	9.999999999999998	11.20150719326665	0.7689455411371449	12.141534551406245	9.999999999999998	0.9999999999999999	340.00000000000006	9.999999999999998	11.020314547866295	0.7565072795386345	12.224721436157553	9.999999999999998	0.9999999999999999	317.00000000000006	9.999999999999998	8.555454239998044	0.5873029652834479	9.328714404160243	9.999999999999998	0.9999999999999999
8.0	21.5	359.1549904314412	9.999999999999998	11.33765727285091	0.7694416091705042	12.346598469929997	9.999999999999998	0.9999999999999999	423.99999999999994	9.999999999999998	9.005828206946314	0.6111896647342773	9.648008434321047	9.999999999999998	0.9999999999999999	340.00000000000006	9.999999999999998	5.647576697013327	0.3832785201639	6.193559887915247	9.999999999999998	0.9999999999999999	321.7692131190086	9.999999999999998	12.473134092278467	0.8465018950911469	13.372524048863955	9.999999999999998	0.9999999999999999
8.5	21.5	359.99999999999994	9.999999999999998	6.745449392709652	0.4243651512012172	6.669216886947936	9.999999999999998	0.9999999999999999	418.00000000000006	9.999999999999998	9.342124961952369	0.5877254488491612	9.232651566568924	9.999999999999998	0.9999999999999999	340.00000000000006	9.999999999999998	11.040732113123713	0.6945870734159921	11.22412660833197	9.999999999999998	0.9999999999999999	317.00000000000006	9.999999999999998	12.465956871029414	0.7842498497075234	12.457016739045688	9.999999999999998	0.9999999999999999
9.0	21.5	354.80157916470984	9.999999999999998	11.71303914522304	0.7975118417110888	12.686285313657635	9.999999999999998	0.9999999999999999	418.00000000000006	9.999999999999998	9.543570828335	0.6497981141734446	10.207758722247727	9.999999999999998	0.9999999999999999	341.0952305299005	9.999999999999998	8.569540131766635	0.5834787750956634	9.166340728988963	9.999999999999998	0.9999999999999999	319.6846760842481	9.999999999999998	8.652135172176845	0.5891024669468609	9.374359520864447	9.999999999999998	0.9999999999999999
9.5	21.5	359.99999999999994	9.999999999999998	11.242773905742213	0.704819729075775	11.076771092302511	9.999999999999998	0.9999999999999999	419.0793812983754	9.999999999999998	8.785514414615829	0.5507718950336797	8.89147530579268	9.999999999999998	0.9999999999999999	340.00000000000006	9.999999999999998	6.374491328637882	0.39962266331369617	6.457671817202687	9.999999999999998	0.9999999999999999	317.00000000000006	9.999999999999998	12.828960709095496	0.8042592234902297	12.774845431320161	9.999999999999998	0.9999999999999999
10.0	21.5	359.99999999999994	9.999999999999998	7.342762457558141	0.5025244201540724	7.897548466240897	9.999999999999998	0.9999999999999999	418.00000000000006	9.999999999999998	11.829734086968914	0.8096040552846452	12.718169961775343	9.999999999999998	0.9999999999999999	341.23256352417206	9.99999999999549	7.406171964111679	0.506864043789898	7.973486712330533	9.99999999999549	0.9999999999999999	317.00000000000006	9.999999999999998	10.243775758074992	0.7010641434704505	11.135695816343556	9.999999999999998	0.9999999999999999
0.0	22.0	355.41221490403933	9.999999999999998	7.35397489280155	0.6131262824403806	9.825619290996112	9.999999999999998	0.9999999999999999	418.00000000000006	9.999999999999998	11.640070015635692	0.970472834088454	15.245277449707519	9.999999999999998	0.9999999999999999	340.00000000000006	9.999999999999998	5.401384245921705	0.4503320572899571	7.277106384883535	9.999999999999998	0.9999999999999999	320.24374895159735	9.999999999999998	11.613519879439494	0.9682592575476645	15.209470077154794	9.999999999999998	0.9999999999999999
0.5	22.0	359.99999999999994	9.999999999999998	9.28841983600145	0.5032245945189879	7.90855223194853	9.999999999999998	0.9999999999999999	418.39894200110956	9.999999999999998	8.37260383648842	0.453607852043301	7.1613711052039895	9.999999999999998	0.9999999999999999	340.00000000000006	9.999999999999998	7.107411240452769	0.38506271278713367	6.222391411943384	9.999999999999998	0.9999999999999999	317.00000000000006	9.999999999999998	9.654201441793367	0.5230417758595314	8.307990316519994	9.999999999999998	0.9999999999999999
1.0	22.0	359.31725318906047	9.999999999999998	7.002819448337502	0.4825276422707988	7.678520952229111	9.999999999999998	0.9999999999999999	418.00000000000006	9.999999999999998	9.174874455568233	0.6321925864055994	9.931191315060659	9.999999999999998	0.9999999999999999	340.4493282586449	9.999999999999998	6.713988451730962	0.4626258097538451	7.368673261582397	9.999999999999998	0.9999999999999999	324.99999999999756	9.999999999999998	11.650029006772368	0.8027425339887699	13.045393657472905	9.999999999999998	0.9999999999999999
1.5	22.0	359.99999999999994	9.999999999999998	5.856575947384431	0.40354600093854676	6.342028313355868	9.999999999999998	0.9999999999999999	418.00000000000006	9.999999999999998	10.261322391876297	0.7070540282897196	11.107198939097403	9.999999999999998	0.9999999999999999	344.41056368383653	9.999999999999998	8.740970974303801	0.6022945681384966	9.521957838265536	9.999999999999998	0.9999999999999999	324.99999999999994	9.999999999999998	7.244685694421656	0.49919337959686716	8.11240699516169	9.999999999999998	0.9999999999999999
2.0	22.0	356.40479708302837	9.999999999999998	10.108845632713583	0.6385019940238187	10.061413021834479	9.999999999999998	0.9999999999999999	422.93752912742565	9.999999999999998	9.38457597967803	0.5927551664951048	9.499203622338522	9.999999999999998	0.9999999999999999	340.00000000000006	9.999999999999998	6.534479053076763	0.4127353465359423	6.669565217316822	9.999999999999998	0.9999999999999999	321.36004831777774	9.999999999999998	11.370979728191273	0.7182217925020973	11.560905033966396	9.999999999999998	0.9999999999999999
2.5	22.0	359.23318153713905	9.999999999999998	8.756452723948854	0.5994147762626603	9.577408158736231	9.999999999999998	0.9999999999999999	418.00000000000006	9.999999999999998	9.376297442141901	0.6418456663486771	10.082832738506225	9.999999999999998	0.9999999999999999	340.00000000000006	9.999999999999998	9.228419488652222	0.6317228194379909	10.208276511500646	9.999999999999998	0.9999999999999999	319.53719573993544	9.999999999999998	14.782033452955998	1.0118902658695532	16.22310599931446	9.999999999999998	0.9999999999999999
3.0	22.0	359.99999999999994	9.999999999999998	6.967617096770611	0.43885595090002316	6.896950681259507	9.999999999999998	0.9999999999999999	418.00000000000006	9.999999999999998	10.890998933241137	0.685970486999629	10.775994988507994	9.999999999999998	0.9999999999999999	340.01091257717934	9.999999999999998	7.091409910908834	0.44665305174650904	7.222881107813883	9.999999999999998	0.9999999999999999	324.99999999999994	9.999999999999998	9.348523883553163	0.5888175658116779	9.568892407231582	9.999999999999998	0.9999999999999999
3.5	22.0	359.99999999999994	9.999999999999998	6.802668333366656	0.4297758700563932	6.7542503951361645	9.999999999999998	0.9999999999999999	423.99999999999994	9.999999999999998	8.89992017454777	0.562275088098515	8.875861463955875	9.999999999999998	0.9999999999999999	341.44145920070105	9.999999999999998	5.251523428138675	0.3317783463555761	5.244990091081847	9.999999999999998	0.9999999999999999	317.00000000000006	9.999999999999998	11.961637393116614	0.7557068588380782	12.00364015864123	9.999999999999998	0.9999999999999999
4.0	22.0	359.5111711299332	9.999999999999998	9.207546041444118	0.6304413716264319	9.95939942114369	9.999999999999998	0.9999999999999999	423.99999999999994	9.999999999999998	8.274513347717871	0.5665565527444595	8.943447042375757	9.999999999999998	0.9999999999999999	340.00000000000006	9.999999999999998	7.9856642118385635	0.5467790306340949	8.835633862916065	9.999999999999998	0.9999999999999999	317.0000000000001	9.999999999999998	10.242969825133027	0.7013369161575439	11.14002853496679	9.999999999999998	0.9999999999999999
4.5	22.0	359.99999999999994	9.999999999999998	7.437773827467522	0.6979526725383932	10.968850144286172	9.999999999999998	0.9999999999999999	423.99999999999994	9.999999999999998	7.340496331674853	0.6888242572704268	10.87351869210575	9.999999999999998	0.9999999999999999	343.61489276372134	9.999999999999998	6.369980793284424	0.5977521260827169	9.566811706208355	9.999999999999998	0.9999999999999999	324.99999999999994	9.999999999999998	8.824542309464107	0.8280855309250116	13.45724348166096	9.999999999999998	0.9999999999999999
5.0	22.0	359.99999999999994	9.999999999999998	8.107500842501224	0.5561615111975118	8.7404956129166	9.999999999999998	0.9999999999999999	423.99999999999994	9.999999999999998	9.268954934833875	0.6358353929185009	10.03705655982355	9.999999999999998	0.9999999999999999	343.3181602255798	2.819304740417456	13.328102514852743	0.9142863849236461	4.359563178349561	2.819304740417456	0.9999999999999999	317.00000000000006	9.999999999999998	10.007173817062924	0.6864760202968857	10.903978214316433	9.999999999999998	0.9999999999999999
5.5	22.0	359.99999999999994	9.999999999999998	7.351070919599652	0.5065238287475694	7.960402174312952	9.999999999999998	0.9999999999999999	423.99999999999994	9.999999999999998	8.590272940116648	0.5919107552089151	9.343678874386368	9.999999999999998	0.9999999999999999	344.12211949159956	9.999999999999998	8.433269767027939	0.5810924881525634	9.301800664526647	9.999999999999998	0.9999999999999999	317.00000000000006	9.999999999999998	6.8620060469179585	0.4728249276587243	7.510346403865293	9.999999999999998	0.9999999999999999
6.0	22.0	353.95334467375835	9.999999999999998	8.061215037497977	0.6671047807584672	10.512888048305692	9.999999999999998	0.9999999999999999	423.99999999999994	9.999999999999998	12.538787727291014	1.0376457145581426	16.379882029331366	9.999999999999998	0.9999999999999999	340.00000000000006	9.999999999999998	8.411462376264904	0.6960894528026295	11.248404192949884	9.999999999999998	0.9999999999999999	317.00000000000006	9.999999999999998	9.883036764696511	0.8178693960491428	12.991029275602578	9.999999999999998	0.9999999999999999
6.5	22.0	359.9999999999992	9.999999999999998	5.798649667627711	0.39917947226057005	6.273405037589489	9.999999999999998	0.9999999999999999	418.00000000000006	9.999999999999998	10.023211721951059	0.6899986367276538	10.839273689421228	9.999999999999998	0.9999999999999999	344.8041739422777	9.999999999999998	8.988112804794154	0.6187423506659333	9.719209067191567	9.999999999999998	0.9999999999999999	317.00000000000006	9.999999999999998	12.692205244036186	0.8737323483123874	13.878355848499305	9.999999999999998	0.9999999999999999
7.0	22.0	355.32207227125355	9.999999999999998	8.390381600350093	0.6340140320474049	10.214642868145143	9.999999999999998	0.9999999999999999	418.00000000000006	9.999999999999998	7.064931206820861	0.5338571871852805	8.38642839993008	9.999999999999998	0.9999999999999999	340.00000000000006	9.999999999999998	8.148142091936977	0.6157093523837562	9.949508117250042	9.999999999999998	0.9999999999999999	317.00000000000006	9.999999999999998	7.926578446432754	0.5989670316011838	9.513986316446312	9.999999999999998	0.9999999999999999
7.5	22.0	359.99999999999994	9.999999999999998	10.338126030112496	0.652524084620511	10.25490578567299	9.999999999999998	0.9999999999999999	418.00000000000006	9.999999999999998	10.711978739579665	0.6761210011523273	10.621268200488087	9.999999999999998	0.9999999999999999	340.6186013761024	9.999999999999998	6.002167896549666	0.3788461372038497	5.9933748834826694	9.999999999999998	0.9999999999999999	317.00000000000006	9.999999999999998	12.356694661794963	0.7799325380283813	12.388440603679122	9.999999999999998	0.9999999999999999
8.0	22.0	359.99999999999994	9.999999999999998	10.44035531673589	0.6508613431916791	10.228774556036427	9.999999999999998	0.9999999999999999	420.49895466274626	9.999999999999998	10.201162440859415	0.6359498395357369	10.12708671298298	9.999999999999998	0.9999999999999999	340.00000000000006	9.999999999999998	6.860619740944126	0.4276973382850628	6.911342376916175	9.999999999999998	0.9999999999999999	317.00000000000006	9.999999999999998	9.615314154948738	0.599427519106361	9.521300695355347	9.999999999999998	0.9999999999999999
8.5	22.0	359.9999999999275	9.999999999999998	8.648927530721222	0.6557015875088188	10.304842628644721	9.999999999999998	0.9999999999999999	418.00000000000006	9.999999999999998	7.991127535027791	0.6058317626192686	9.517085882832935	9.999999999999998	0.9999999999999999	342.0158567738151	1.2199992642535404	6.6878716453150595	0.5070279568549722	3.099040429911012	1.2199992642535404	3.985293495758505e-07	324.99999999999994	9.999999999999998	7.2892251539910005	0.5526184013224762	8.980618669590347	9.999999999999998	0.9999999999999999
9.0	22.0	359.9454532380177	9.999999999999998	9.186755391032154	0.7693393601166836	12.086312918775823	9.999999999999998	0.9999999999999999	423.99999999999994	9.999999999999998	9.224674463201497	0.7725148702372053	12.194626993451168	9.999999999999998	0.9999999999999999	340.9586247903321	9.999999999999998	9.301521581716633	0.7789503864198783	12.239046423413885	9.999999999999998	0.9999999999999999	317.00000000000006	9.999999999999998	9.573126989431623	0.8016958195659114	12.734128349122344	9.999999999999998	0.9999999999999999
9.5	22.0	359.99999999999994	9.999999999999998	7.4231436240047675	0.46897597431173543	7.370309457784987	9.999999999999998	0.9999999999999999	419.3977555316392	9.999999999999998	8.289271209853387	0.5236957869714408	8.313247021931145	9.999999999999998	0.9999999999999999	344.7151279041519	9.999999999999998	10.327623061403235	0.6524738483953682	10.252922221275531	9.999999999999998	0.9999999999999999	317.8609541279427	9.999999999999998	11.411941705413213	0.7209784359793294	11.439410466342594	9.999999999999998	0.9999999999999999
10.0	22.0	359.99999999999994	9.999999999999998	7.268597891430114	0.501076406776627	7.874791849110462	9.999999999999998	0.9999999999999999	423.99999999999994	9.999999999999998	8.448485678758416	0.5824145055000616	9.193774675130529	9.999999999999998	0.9999999999999999	340.00000000000006	9.999999999999998	5.5960361799608584	0.3857747729521308	6.233897893636704	9.999999999999998	0.9999999999999999	318.62733572384866	9.999999999999998	10.887051206430497	0.7505222575791716	11.82205595510285	9.999999999999998	0.9999999999999999
0.0	22.5	355.5517255952172	9.999999999999998	4.612281854875196	0.34950690841839077	5.561721421348462	9.999999999999998	0.9999999999999999	418.00000000000006	9.999999999999998	9.917680717889848	0.7515364488678157	11.805978770461383	9.999999999999998	0.9999999999999999	340.00000000000006	9.999999999999998	7.619935160542551	0.5774191743062687	9.330760917588432	9.999999999999998	0.9999999999999999	317.00000000000006	9.999999999999998	13.052069985496612	0.9890524414221491	15.710099049664533	9.999999999999998	0.9999999999999999
0.5	22.5	358.52521906707204	9.999999999999998	8.19292090474005	0.6843490268850648	10.865712287502575	9.999999999999998	0.9999999999999999	423.99999999999994	9.999999999999998	7.2575528516292565	0.6062183791748682	9.569533604372067	9.999999999999998	0.9999999999999999	340.00000000000006	9.999999999999998	5.229104112192518	0.43678345638479976	7.058168806363167	9.999999999999998	0.9999999999999999	317.00000000000006	9.999999999999998	12.296825396372295	1.0271453357879008	16.31516620132524	9.999999999999998	0.9999999999999999
1.0	22.5	359.99999999999994	9.999999999999998	8.003360380589395	0.5518585059110409	8.672870654929534	9.999999999999998	0.9999999999999999	423.99999999999994	9.999999999999998	9.544236999634267	0.65810711004009	10.388629446333871	9.999999999999998	0.9999999999999999	340.00000000000006	9.999999999999998	4.282057337571279	0.2952621963979922	4.771266845964516	9.999999999999998	0.9999999999999999	317.00000000000006	9.999999999999998	11.043118041181017	0.7614599784342856	12.09502265254724	9.999999999999998	0.9999999999999999
1.5	22.5	359.99999999999994	9.999999999999998	7.066084185936602	0.5308305768842354	8.342400966346133	9.999999999999998	0.9999999999999999	422.9161509892448	9.999999999999998	9.153674770451012	0.6876581613165595	11.03340300606876	9.999999999999998	0.9999999999999999	340.00000000000006	9.999999999999998	8.373523886724314	0.6290503195801683	10.165090454758435	9.999999999999998	0.9999999999999999	317.00000000000006	9.999999999999998	10.281238054105117	0.7723649172206083	12.268236590745829	9.999999999999998	0.9999999999999999
2.0	22.5	355.8714344143304	9.999999999999998	4.2100859553753525	0.2659828858050721	4.18862969695818	9.999999999999998	0.9999999999999999	423.99999999999994	9.999999999999998	8.029014580875339	0.5072534126448317	8.007310145964585	9.999999999999998	0.9999999999999999	344.423071878197	9.999999999999998	3.4450858124852886	0.21765205650516284	3.4396099601389105	9.999999999999998	0.9999999999999999	324.85333182424466	9.999999999999998	10.853302795158289	0.6856850022947059	11.056369064253026	9.999999999999998	0.9999999999999999
2.5	22.5	351.94195626570337	9.999999999999998	7.679373689671211	0.5264228041489513	8.325587780656582	9.999999999999998	0.9999999999999999	418.00000000000006	9.999999999999998	8.247889087866167	0.5653946633413459	8.881854502727029	9.999999999999998	0.9999999999999999	340.00000000000006	9.999999999999998	7.2017148351318525	0.49367918158356067	7.977570919568477	9.999999999999998	0.9999999999999999	317.00000000000006	9.999999999999998	9.851514452802887	0.6753235449830618	10.726832408400233	9.999999999999998	0.9999999999999999
3.0	22.5	351.63769489534724	9.999999999999998	6.3467428014896035	0.40087741781250397	6.426735490725165	9.999999999999998	0.9999999999999999	423.351922549698	9.999999999999998	7.954360710525685	0.5024189071024535	7.9197325974168	9.999999999999998	0.9999999999999999	340.00000000000006	9.999999999999998	5.644654733157843	0.3565316390858558	5.761345711913488	9.999999999999998	0.9999999999999999	317.00000000000006	9.999999999999998	12.22040914203805	0.7718740485785471	12.26043963816355	9.999999999999998	0.9999999999999999
3.5	22.5	359.99999999999994	9.999999999999998	9.79962355146568	0.7377339700084471	11.594043094557867	9.999999999999998	0.9999999999999999	423.99999999999994	9.999999999999998	8.423293095147546	0.6341212417999996	10.009997619852452	9.999999999999998	0.9999999999999999	340.00000000000006	9.999999999999998	6.562050592769493	0.4940034287823302	7.982810567340049	9.999999999999998	0.9999999999999999	322.5383702102044	9.999999999999998	7.429156105575559	0.559280751836536	8.83912858050214	9.999999999999998	0.9999999999999999
4.0	22.5	359.99999999999994	9.999999999999998	9.630102690451428	0.7246332346437432	11.388155204663036	9.999999999999998	0.9999999999999999	418.00000000000006	9.999999999999998	10.40543694609257	0.7829745615905903	12.29984396082919	9.999999999999998	0.9999999999999999	340.00000000000006	9.999999999999998	5.349060699339345	0.40249904715048196	6.504152521485687	9.999999999999998	0.9999999999999999	317.00000000000006	9.999999999999998	9.510323167068243	0.7156202234367801	11.366904444388659	9.999999999999998	0.9999999999999999
4.5	22.5	351.42218678861076	9.999999999999998	6.432871075380463	0.48712326898791963	7.918304804683551	9.999999999999998	0.9999999999999999	422.4188789097819	9.999999999999998	7.2933301279834275	0.5522807424741133	8.817154597986846	9.999999999999998	0.9999999999999999	340.00000000000006	9.999999999999998	5.368239594336159	0.40650502540170264	6.568886820183176	9.999999999999998	0.9999999999999999	317.00000000000006	9.999999999999998	9.723340621613731	0.7362910609557615	11.695239820009164	9.999999999999998	0.9999999999999999
5.0	22.5	359.99999999999994	9.999999999999998	7.318489116875891	0.5033326337709035	7.910250149888515	9.999999999999998	0.9999999999999999	418.00000000000006	9.999999999999998	11.09477453828231	0.7630484926965148	11.98682288687249	9.999999999999998	0.9999999999999999	340.00000000000006	9.999999999999998	4.4676758533103325	0.30726657075925157	4.96525061393466	9.999999999999998	0.9999999999999999	321.55684997915534	9.999999999999998	11.918222741225742	0.8196815416964376	13.054584276059277	9.999999999999998	0.9999999999999999
5.5	22.5	359.99999999999994	9.999999999999998	5.449665148567002	0.45119580345525817	7.09088072667174	9.999999999999998	0.9999999999999999	423.99999999999994	9.999999999999998	6.537380013902159	0.5412513149804339	8.543988148570733	9.999999999999998	0.9999999999999999	342.6797757465428	9.999999999999998	7.185736892358285	0.594930925511675	9.368136026847537	9.999999999999998	0.9999999999999999	317.00000000000006	9.999999999999998	8.752559335633485	0.7246533381540694	11.510386347867453	9.999999999999998	0.9999999999999999
6.0	22.5	348.50244381248046	9.999999999999998	5.968944935381607	0.502922480994258	7.902090724703407	9.999999999999998	0.9999999999999999	418.00000000000006	9.999999999999998	8.753583256750298	0.7375463933297625	11.586207262467786	9.999999999999998	0.9999999999999999	340.7735741719852	9.999999999999998	3.335076942161531	0.28100195063223316	4.4265966698935655	9.999999999999998	0.9999999999999999	317.00000000000125	9.999999999999998	11.174643054638908	0.9415364474132071	14.95535547787814	9.999999999999998	0.9999999999999999
6.5	22.5	354.77363503107534	9.999999999999998	6.424247301291236	0.5392561297881091	8.567723858371322	9.999999999999998	0.9999999999999999	421.8559240976379	9.999999999999998	8.199027699770667	0.6882325256244669	10.81327034065301	9.999999999999998	0.9999999999999999	340.00000000000006	9.999999999999998	7.950948517813863	0.6674085732968319	10.784937717496796	9.999999999999998	0.9999999999999999	317.00000000000006	9.999999999999998	10.575248097438834	0.8876942454297653	14.100126482137131	9.999999999999998	0.9999999999999999
7.0	22.5	354.17287965127775	9.999999999999869	6.401269543340075	0.43513666606251894	6.836280218715543	9.999999999999869	0.9999999999999972	418.00000000000176	9.999999999999998	11.903279150440085	0.8091446813269775	12.710953599614658	9.999999999999998	0.9999999999999999	340.0000000000003	9.999999999999998	5.5567084405687535	0.3777262570713296	6.103838517767617	9.999999999999998	0.9999999999999999	323.32075424374307	9.999999999999998	8.653694783509158	0.5882489202687115	9.430897714704077	9.999999999999998	0.9999999999999999
7.5	22.5	359.99999999999994	9.999999999999998	7.935125687682148	0.5954209716695341	9.357487503064354	9.999999999999998	0.9999999999999999	418.00000000000006	9.999999999999998	9.550907639773925	0.7166629655315877	11.258146919405066	9.999999999999998	0.9999999999999999	340.6358606832167	9.999999999999998	8.377339479497376	0.6286029748250762	9.93890580639485	9.999999999999998	0.9999999999999999	317.00000000000006	9.999999999999998	10.873800581745309	0.8159277071280691	12.960187508274403	9.999999999999998	0.9999999999999999
8.0	22.5	359.99999999999994	9.999999999999998	9.74725394679011	0.7358551442150105	11.564515936934882	9.999999999999998	0.9999999999999999	418.00000000000006	9.999999999999998	7.606841304107308	0.5742677204688935	9.021242451554702	9.999999999999998	0.9999999999999999	340.00000000000006	9.999999999999998	11.066718668153898	0.8354662662937072	13.500653134462807	9.999999999999998	0.9999999999999999	323.25827485605555	9.999999999999998	7.568070311571141	0.5713407592488613	9.193446832229073	9.999999999999998	0.9999999999999999
8.5	22.5	354.8009036471627	9.999999999999998	7.816176677610246	0.7317531919593083	11.63989097261078	9.999999999999998	0.9999999999999999	418.5345213455738	9.999999999999998	7.104385721021544	0.6651150738646185	10.548578796624124	9.999999999999998	0.9999999999999999	340.00000000000006	9.999999999999998	5.569077899990715	0.5213790191388323	8.425184322768676	9.999999999999998	0.9999999999999999	317.00000000000006	9.999999999999998	8.25019733896522	0.7723863579460188	12.26857715501299	9.999999999999998	0.9999999999999999
9.0	22.5	354.9277619771168	9.999999999999998	10.07244762061536	0.6943658098261793	11.114474405339127	9.999999999999998	0.9999999999999999	418.00000000000006	9.999999999999998	7.67115464284552	0.5288275210266982	8.30741675388126	9.999999999999998	0.9999999999999999	340.00000000000006	9.999999999999998	4.0518993755390635	0.27932638591954134	4.51375333720189	9.999999999999998	0.9999999999999999	323.95204496549127	9.999999999999998	11.429000215249019	0.787882676473043	12.37978061950844	9.999999999999998	0.9999999999999999
9.5	22.5	359.99999999999994	9.999999999999998	8.822237694263574	0.6584500075733192	10.348036112976613	9.999999999999998	0.9999999999999999	418.00000000000006	9.999999999999998	7.198950424323019	0.5372955394862686	8.440441900315838	9.999999999999998	0.9999999999999999	340.00000000000006	9.999999999999998	9.605640252201084	0.7169194614786835	11.585005122596987	9.999999999999998	0.9999999999999999	317.00000000000006	9.999999999999998	8.138834841305965	0.6074440576885005	9.648635313709637	9.999999999999998	0.9999999999999999
10.0	22.5	354.07696912867135	9.999999999999998	6.935656326036019	0.4766676254160553	7.495270997035576	9.999999999999998	0.9999999999999999	423.99999999999994	9.999999999999998	8.565060596263088	0.5886518743207038	9.29223541565318	9.999999999999998	0.9999999999999999	340.00000000000006	9.999999999999998	6.473437419753282	0.4449006551218218	7.189338057586421	9.999999999999998	0.9999999999999999	324.99999999999994	9.999999999999998	7.797316071508523	0.5358870107897429	8.708716326442005	9.999999999999998	0.9999999999999999
0.0	23.0	357.86202477194615	9.999999999999998	6.436236076802015	0.5415311789824757	8.513391177935539	9.999999999999998	0.9999999999999999	418.74540477435335	9.999999999999998	8.23039174466506	0.6924876110496354	11.092256800463268	9.999999999999998	0.9999999999999999	340.00000000000006	9.999999999999998	7.444521362629717	0.6263661528817333	10.12171586859901	9.999999999999998	0.9999999999999999	317.00000000000006	9.999999999999998	10.516678208297863	0.8848508788615772	14.054962476114856	9.999999999999998	0.9999999999999999
0.5	23.0	359.99999999999994	9.999999999999998	7.8603138463447415	0.496595314761915	7.804368124514107	9.999999999999998	0.9999999999999999	423.99999999999994	9.999999999999998	9.016004528914094	0.5696090123695269	8.991632013273259	9.999999999999998	0.9999999999999999	340.00000000000006	9.999999999999998	5.694677745291228	0.35977574721213496	5.813768628685318	9.999999999999998	0.9999999999999999	317.56965716525286	9.999999999999998	10.441892300299434	0.659693098131007	10.623501658190172	9.999999999999998	0.9999999999999999
1.0	23.0	356.49533084853067	9.999999999999998	8.780189531092086	0.5501808789221725	8.690131905214248	9.999999999999998	0.9999999999999999	419.61195122538857	9.999999999999998	11.108918008055563	0.6961027722582835	10.973761975030937	9.999999999999998	0.9999999999999999	342.1325915010563	9.999999999999998	6.103341823322637	0.3824452714633417	6.159364865818133	9.999999999999998	0.9999999999999999	317.00000000000006	9.999999999999998	10.245343804414954	0.6419898157337096	10.19735978766737	9.999999999999998	0.9999999999999999
1.5	23.0	359.99999999999994	9.999999999999998	5.324127686088894	0.33597057630073845	5.280029791890432	9.999999999999998	0.9999999999999999	421.5007258299113	9.999999999999998	10.088829080218359	0.6366394497143579	10.031350781346283	9.999999999999998	0.9999999999999999	344.94580160272153	9.999999999999998	9.125588674548636	0.5758557019739379	9.051949522994505	9.999999999999998	0.9999999999999999	317.00000000000006	9.999999999999998	9.66059639191932	0.6096165097021261	9.683142519683091	9.999999999999998	0.9999999999999999
2.0	23.0	353.76507762995	9.999999999999998	8.438440089429463	0.5332451790724143	8.451220153397061	9.999999999999998	0.9999999999999999	418.0000000009929	9.999999999999998	9.791664046040264	0.618758632201261	9.720155671475268	9.999999999999998	0.9999999999999999	340.34689897265486	0.8280662839412265	10.202740658235204	0.6447355449196392	3.479581622166947	0.8280662839412265	0.5888641331871881	317.00000000021754	9.999999999999998	12.742980443103255	0.8052593626647765	12.790731632043954	9.999999999999998	0.9999999999999999
2.5	23.0	359.99999999999994	9.999999999999998	9.699980124436879	0.728358479631254	11.446700225875073	9.999999999999998	0.9999999999999999	418.00000000000006	9.999999999999998	7.96332369602098	0.5979552809013721	9.393353260033999	9.999999999999998	0.9999999999999999	341.3563456058435	9.999999999999998	6.412184876809223	0.4814823502804258	7.593187968429345	9.999999999999998	0.9999999999999999	317.00000000000006	9.999999999999998	10.6760093551332	0.8016472036725216	12.733356134759832	9.999999999999998	0.9999999999999999
3.0	23.0	358.36900054258865	9.999999999999998	3.59535056902721	0.27219072465060484	4.298114896456043	9.999999999999998	0.9999999999999999	418.00000000000006	9.999999999999998	10.174019865074657	0.7702375016057472	12.099755914526595	9.999999999999998	0.9999999999999999	340.00000000000006	9.999999999999998	7.303678892859641	0.5529345782268688	8.935103962733956	9.999999999999998	0.9999999999999999	317.00000000000006	9.999999999999998	10.993844337084116	0.8323033872094788	13.220298646279028	9.999999999999998	0.9999999999999999
3.5	23.0	348.94006900725617	9.999999999999998	5.389217756029936	0.4465021821974674	7.048822854459064	9.999999999999998	0.9999999999999999	418.00000000000006	9.999999999999998	9.613209464306355	0.7964641990818623	12.511754340003877	9.999999999999998	0.9999999999999999	340.00000000000006	9.999999999999998	8.158448432340899	0.6759357653176788	10.922732223785028	9.999999999999998	0.9999999999999999	319.3490008186237	9.999999999999998	7.140250637910465	0.5915770406005045	9.598152721409841	9.999999999999998	0.9999999999999999
4.0	23.0	351.953326389061	9.999999999999998	9.24957374525594	0.6376392319009379	10.080804612301678	9.999999999999998	0.9999999999999999	418.00000000000006	9.999999999999998	12.095758535236943	0.8338470932915711	13.09900683598475	9.999999999999998	0.9999999999999999	340.00000000000006	9.999999999999998	1.3423925905769563	0.09254071635506655	1.4954046174322158	9.999999999999998	0.9999999999999999	320.87988297582893	9.999999999999998	8.964473292928787	0.6179852198952781	9.858491987699692	9.999999999999998	0.9999999999999999
4.5	23.0	359.99999999999994	9.999999999999998	9.527624099319889	0.5971558318657703	9.38475213326427	9.999999999999998	0.9999999999999999	420.44623765009464	9.999999999999998	9.952390955547099	0.6237786291901812	9.910107162676992	9.999999999999998	0.9999999999999999	345.0722364074598	9.999999999999998	9.232706182502643	0.5786714802463887	9.11427922954491	9.999999999999998	0.9999999999999999	317.00000000000006	9.999999999999998	11.585006486065286	0.7261048623707238	11.533442343951783	9.999999999999998	0.9999999999999999
5.0	23.0	359.99999999999994	9.999999999999998	6.496422089011744	0.4106208844602772	6.453215418429776	9.999999999999998	0.9999999999999999	422.01469985049835	9.999999999999998	7.057735802203651	0.4460999728280723	7.0228542938487735	9.999999999999998	0.9999999999999999	340.00000000000006	9.999999999999998	7.882722963480289	0.49824513106906326	8.051354030533222	9.999999999999998	0.9999999999999999	321.63056208148856	9.999999999999998	10.862158703736071	0.6865670291990692	10.899393339669633	9.999999999999998	0.9999999999999999
5.5	23.0	359.99999999999994	9.999999999999998	9.53641446107865	0.6549494355018937	10.293021995284231	9.999999999999998	0.9999999999999999	419.09563147553484	9.999999999999998	7.547859434226574	0.5183778762836183	8.359788320521199	9.999999999999998	0.9999999999999999	340.00000000000006	9.999999999999998	6.829783423787208	0.4690612825466134	7.5797598657823615	9.999999999999998	0.9999999999999999	324.5919967114195	9.999999999999998	9.5214956565746	0.6539248300143523	10.397446003914872	9.999999999999998	0.9999999999999999
6.0	23.0	349.85163067219787	9.999999999999998	10.85049406790196	0.743803823651544	11.862753717813826	9.999999999999998	0.9999999999999999	418.00000000000006	9.999999999999998	8.393144882300895	0.5753519809189578	9.038275232698442	9.999999999999998	0.9999999999999999	340.00000000000006	5.724770972870543	8.975030709521675	0.6152403860465913	6.017701540542461	5.724770972870543	0.9999999999999999	317.00000000000006	9.999999999999998	10.88739316429321	0.7463332650588517	11.854750089160966	9.999999999999998	0.9999999999999999
6.5	23.0	359.99999999999994	9.999999999999998	8.001779609081481	0.5459659143502854	8.580264155471138	9.999999999999998	0.9999999999999999	423.99999999999994	9.999999999999998	8.251890795379433	0.5630311409857977	8.887796228324753	9.999999999999998	0.9999999999999999	340.00000000000006	9.999999999999998	5.09204479177194	0.3474330744497348	5.61431815361519	9.999999999999998	0.9999999999999999	324.80350097108106	9.999999999999998	10.073350832686453	0.6873103817677098	11.048604675511424	9.999999999999998	0.9999999999999999
7.0	23.0	359.99999999999994	9.999999999999998	10.248864945779431	0.7640384741961911	12.007438122483975	9.999999999999998	0.9999999999999999	418.00000000000006	9.999999999999998	7.672079029196718	0.5719427064744353	8.984718519946394	9.999999999999998	0.9999999999999999	340.00000000000006	9.999999999999998	9.03969457692509	0.6738965230093753	10.889779243907501	9.999999999999998	0.9999999999999999	317.00000000000006	9.999999999999998	11.055892015622675	0.8242012077613333	13.091603709268915	9.999999999999998	0.9999999999999999
7.5	23.0	355.28897814782266	9.999999999999998	9.129926748370274	0.6283573148383	10.144870334336492	9.999999999999998	0.9999999999999999	423.99999999999994	9.999999999999998	6.235164173586559	0.42912841752976605	6.774058578909459	9.999999999999998	0.9999999999999999	340.136931218963	9.999999999999998	7.465893981952233	0.5138320629137944	8.335142795965163	9.999999999999998	0.9999999999999999	319.508427473895	9.999999999999998	10.952186542231855	0.7537723704643542	12.104812564390185	9.999999999999998	0.9999999999999999
8.0	23.0	359.90241225379674	9.999999999999998	10.918738972272351	0.8221752635354688	12.914796370208759	9.999999999999998	0.9999999999999999	418.00000000000006	9.999999999999998	8.701116613488333	0.6551894740697144	10.292452259833517	9.999999999999998	0.9999999999999999	343.4492429720142	9.999999999999998	6.698866390771766	0.5044210924180972	8.009625765350037	9.999999999999998	0.9999999999999999	317.00000000000006	9.999999999999998	12.064390281226833	0.9084422005188866	14.429686792467496	9.999999999999998	0.9999999999999999
8.5	23.0	359.99999999999994	9.999999999999998	5.1645698297895875	0.3915417980049596	6.153373253692242	9.999999999999998	0.9999999999999999	423.99999999999994	9.999999999999998	9.102493610029134	0.6900878159962194	10.893464751319637	9.999999999999998	0.9999999999999999	344.6509654520109	9.999999999999998	9.33308377513758	0.7075695600377166	11.126077242533052	9.999999999999998	0.9999999999999999	317.00000000000006	9.999999999999998	10.760917535738116	0.8158179943319034	12.958444831321604	9.999999999999998	0.9999999999999999
9.0	23.0	359.99999999999994	9.999999999999998	8.582927364820868	0.541357745470951	8.50784332256115	9.999999999999998	0.9999999999999999	420.357300485603	9.999999999999998	6.25555018052693	0.39456124914802154	6.24688819061006	9.999999999999998	0.9999999999999999	340.0952454115243	9.999999999999998	6.285508516553224	0.3964508348988844	6.4488985746219605	9.999999999999998	0.9999999999999999	317.00000000000006	9.999999999999998	9.514595406790518	0.6001215785187856	9.532325128094083	9.999999999999998	0.9999999999999999
9.5	23.0	359.99999999999994	9.999999999999998	6.920052666256486	0.5733334142877712	9.01036495950743	9.999999999999998	0.9999999999999999	423.9594612976496	9.999999999999998	11.31438518175794	0.9374083406121597	14.781752301599052	9.999999999999998	0.9999999999999999	340.00000000000006	9.999999999999998	7.026620513716932	0.5821626690325691	9.407413057272098	9.999999999999998	0.9999999999999999	317.00000000000006	9.999999999999998	8.824721138362827	0.7311371378813579	11.613374957639675	9.999999999999998	0.9999999999999999
10.0	23.0	355.4347185112577	9.999999999999998	6.439576159676153	0.5375165913527158	8.603306749075259	9.999999999999998	0.9999999999999999	418.00000000000006	9.999999999999998	8.973443557572537	0.7490205370915197	11.766456002052678	9.999999999999998	0.9999999999999999	340.00000000000006	9.999999999999998	7.678019757268315	0.6408904725917896	10.356420500408257	9.999999999999998	0.9999999999999999	322.971211391399	9.999999999999998	7.331293430186242	0.6119489477392013	9.873997973608992	9.999999999999998	0.9999999999999999
0.0	23.5	358.2353196342776	9.999999999999998	7.473695420343284	0.5138864915513354	8.08911064631145	9.999999999999998	0.9999999999999999	418.00000000000006	9.999999999999998	9.028890549509958	0.6208207086495857	9.752549084773577	9.999999999999998	0.9999999999999999	340.00000000000006	9.999999999999998	4.624848423718369	0.31800160385880316	5.138722559016251	9.999999999999998	0.9999999999999999	322.9913774301232	9.999999999999998	12.932280573520728	0.889215296838897	14.366593475077472	9.999999999999998	0.9999999999999999
0.5	23.5	352.8860370589355	9.999999999999998	8.683446164325185	0.6497521195176287	10.32120628148744	9.999999999999998	0.9999999999999999	418.00000000000006	9.999999999999998	10.561859645901668	0.7903072767545202	12.415034487763196	9.999999999999998	0.9999999999999999	342.4829168556672	5.906533822990614	6.9765768150869825	0.5220330139436743	3.3342030768450512	5.906533822990614	6.436874463431582e-19	317.00000000000006	9.999999999999998	7.884655552153592	0.5899813921488581	9.371258509599558	9.999999999999998	0.9999999999999999
1.0	23.5	359.99999999999994	9.999999999999998	10.340762352533902	0.7808441544805215	12.27155200278646	9.999999999999998	0.9999999999999999	418.00000000000006	9.999999999999998	9.285190575797316	0.701136583278345	11.014241065550609	9.999999999999998	0.9999999999999999	340.00000000000006	9.999999999999998	8.747337421660779	0.6605226055986904	10.673664449935515	9.999999999999998	0.9999999999999999	317.00000000000006	9.999999999999998	10.70927631208683	0.8086711135916033	12.844923849395903	9.999999999999998	0.9999999999999999
1.5	23.5	359.1011237528861	9.999999999999998	10.932340144307702	0.7520534303346903	12.106305353030086	9.999999999999998	0.9999999999999999	420.8250269625413	9.999999999999998	7.168229956048883	0.49311417836568155	8.004039774825621	9.999999999999998	0.9999999999999999	340.00000000000006	9.999999999999998	8.074394270833382	0.5554506929988642	8.975762926660655	9.999999999999998	0.9999999999999999	317.00000000000006	9.999999999999998	10.14068185188198	0.6975939709131257	11.080575630282832	9.999999999999998	0.9999999999999999
2.0	23.5	359.99999999999994	9.999999999999998	5.804746854981241	0.43607421601759694	6.853233629563873	9.999999999999998	0.9999999999999999	423.99999999999994	9.999999999999998	9.867945095811432	0.7413168099945622	11.70214623711125	9.999999999999998	0.9999999999999999	340.00000000000006	9.999999999999998	7.600234746305341	0.5709579575723827	9.226351380698626	9.999999999999998	0.9999999999999999	319.68066211489264	9.999999999999998	10.135625678443256	0.7614259729142401	12.118736728432632	9.999999999999998	0.9999999999999999
2.5	23.5	358.29468167335887	9.999999999999998	6.512684828038873	0.41135876441662855	6.483169021973101	9.999999999999998	0.9999999999999999	418.00000000000006	9.999999999999998	6.462621520538499	0.40819663069455725	6.412411218928688	9.999999999999998	0.9999999999999999	346.1312723891705	9.999999999999998	6.1074195350105756	0.38576111389263357	6.137704520046594	9.999999999999998	0.9999999999999999	317.00000000000006	9.999999999999998	12.693518870650738	0.8017569369009974	12.735099136259242	9.999999999999998	0.9999999999999999
3.0	23.5	359.99999999999994	9.999999999999998	8.292608280722261	0.5716687622807625	8.984203703700706	9.999999999999998	0.9999999999999999	418.00000000000006	9.999999999999998	11.60667712280798	0.8001312157011925	12.569359956370137	9.999999999999998	0.9999999999999999	340.00000000000006	9.999999999999998	5.866703984191519	0.4044338393635394	6.535417648049834	9.999999999999998	0.9999999999999999	317.00000000000006	9.999999999999998	12.818020289994223	0.8836377585934253	14.03569328595501	9.999999999999998	0.9999999999999999
3.5	23.5	358.252853128978	9.999999999999998	7.505850618884486	0.4740897982944246	7.465157542862193	9.999999999999998	0.9999999999999999	418.00000000000006	9.999999999999998	9.571711786891367	0.6045751695301	9.49734590700584	9.999999999999998	0.9999999999999999	341.6157400130315	9.999999999999998	5.951312566151055	0.3759009760965574	5.982652730090241	9.999999999999998	0.9999999999999999	317.6137334041254	9.999999999999998	11.857923036336901	0.7489784470721679	12.029317691257342	9.999999999999998	0.9999999999999999
4.0	23.5	352.92708938739696	9.999999999999998	9.607941947643726	0.6598618569512616	10.500557545934619	9.999999999999998	0.9999999999999999	418.00000000000006	9.999999999999998	9.186920436893166	0.6309466077320027	9.911618082396972	9.999999999999998	0.9999999999999999	340.9297930195861	9.999999999999998	6.927990606711927	0.47580603334171473	7.477641941638933	9.999999999999998	0.9999999999999999	317.5830934294484	9.999999999999998	12.025173058719595	0.8258743722564833	13.288662528474712	9.999999999999998	0.9999999999999999
4.5	23.5	354.11724067071106	9.999999999999998	6.654281071359361	0.5031804615142992	7.908572175406557	9.999999999999998	0.9999999999999999	422.1350906998219	9.999999999999998	9.681027649051678	0.7320556357844659	11.557329548222054	9.999999999999998	0.9999999999999999	340.00000000000006	9.999999999999998	6.679921234794363	0.5051193079700126	8.162436765610437	9.999999999999998	0.9999999999999999	317.00000000000006	9.999999999999998	10.161044061285368	0.768353302993291	12.204516150634907	9.999999999999998	0.9999999999999999
5.0	23.5	359.08521318944963	9.999999999999998	4.430596950280739	0.3041454788818173	4.900869979316313	9.999999999999998	0.9999999999999999	418.00000000000006	9.999999999999998	7.025792442587823	0.4822968622410411	7.5764608958831205	9.999999999999998	0.9999999999999999	344.3186195983076	9.999999999999998	7.336426896030887	0.5036208656789177	7.9880420390059985	9.999999999999998	0.9999999999999999	323.73148231145024	9.999999999999998	10.547602515827377	0.7240571991158229	11.416503610050341	9.999999999999998	0.9999999999999999
5.5	23.5	355.1484132520796	9.999999999999998	6.311312284618186	0.5255826785603592	8.529378977200041	9.999999999999998	0.9999999999999999	423.99999999999994	9.999999999999998	8.891300275062159	0.7404345092922837	11.68821857257705	9.999999999999998	0.9999999999999999	342.6970920421055	9.999999999999998	6.563187950353684	0.546557949802138	8.603580330763485	9.999999999999998	0.9999999999999999	317.00000000000006	9.999999999999998	12.077611825404459	1.0057787172533115	15.975779047038317	9.999999999999998	0.9999999999999999
6.0	23.5	359.99999999999994	9.999999999999998	8.450818386962244	0.7012990643748741	11.02144120385605	9.999999999999998	0.9999999999999999	423.99999999999994	9.999999999999998	10.182479107842878	0.8450025481986277	13.33889000820651	9.999999999999998	0.9999999999999999	340.00000000000006	9.999999999999998	7.507431485948445	0.6230112204371571	10.067502094744668	9.999999999999998	0.9999999999999999	317.00000000000006	9.999999999999998	9.800095781672258	0.8132701103923996	12.91797426840676	9.999999999999998	0.9999999999999999
6.5	23.5	359.99999999999994	9.999999999999998	7.565725463248285	0.47787165518562424	7.510111759970042	9.999999999999998	0.9999999999999999	421.07706870857896	9.999999999999998	8.951161818792135	0.5653795574474951	9.05613806893318	9.999999999999998	0.9999999999999999	340.00000000000006	9.999999999999998	2.578001921262961	0.16283356449689634	2.6312965126325576	9.999999999999998	0.9999999999999999	317.00000000000006	9.999999999999998	8.677010351959254	0.5480634103227555	8.705433707121738	9.999999999999998	0.9999999999999999
7.0	23.5	354.46772302145183	9.999999999999998	8.879055815545343	0.8272092334293225	13.021133773367966	9.999999999999998	0.9999999999999999	423.99999999999994	9.999999999999998	8.29304195498201	0.7726137802138076	12.196188348859414	9.999999999999998	0.9999999999999999	340.00000000000006	9.999999999999998	6.851781973226164	0.6383400928479411	10.315207834293558	9.999999999999998	0.9999999999999999	317.00000000000006	9.999999999999998	9.96227807981287	0.9281266595017571	14.742354541323456	9.999999999999998	0.9999999999999999
7.5	23.5	359.99999999999994	9.999999999999998	7.1956875893833585	0.4919986782437929	7.7321285313169605	9.999999999999998	0.9999999999999999	418.00000000000006	9.999999999999998	8.138274830085837	0.5564472345206538	8.741298239798676	9.999999999999998	0.9999999999999999	340.00000000000006	9.999999999999998	9.308193360050343	0.6364393635903908	10.284493145449746	9.999999999999998	0.9999999999999999	317.00000000000006	9.999999999999998	8.764664494592202	0.5992760654245138	9.51889500659345	9.999999999999998	0.9999999999999999
8.0	23.5	354.6697206846144	9.999999999999998	6.88839267094505	0.43508948655661894	6.885255652041976	9.999999999999998	0.9999999999999999	423.99999999999994	9.999999999999998	7.7699754519217725	0.49077263614682587	7.74715085363419	9.999999999999998	0.9999999999999999	340.00000000000006	9.999999999999998	3.9563480286599026	0.24989362753513972	4.038136932603016	9.999999999999998	0.9999999999999999	319.07802676543776	9.999999999999998	9.565826214365464	0.6042034208725086	9.684744487291548	9.999999999999998	0.9999999999999999
8.5	23.5	359.99999999999994	9.999999999999998	8.760140097802607	0.6038990722326415	9.490727217222476	9.999999999999998	0.9999999999999999	418.00000000000006	9.999999999999998	10.147433434556696	0.6995351179610049	10.989083449354307	9.999999999999998	0.9999999999999999	342.8092970449053	9.999999999999998	6.865579482409218	0.47329346716799625	7.438647852548627	9.999999999999998	0.9999999999999999	323.79090867068714	9.999999999999998	10.709817087990281	0.7383042429699229	11.625822439784848	9.999999999999998	0.9999999999999999
9.0	23.5	354.69260378721594	9.999999999999998	7.263263177427341	0.4510121517031711	7.142974339617964	9.999999999999998	0.9999999999999999	418.00000000000006	9.999999999999998	6.997327241418489	0.4344988661750771	6.825596280234092	9.999999999999998	0.9999999999999999	340.00000000000006	9.999999999999998	5.017762787148641	0.311577859164067	5.034918548672773	9.999999999999998	0.9999999999999999	317.00000000000006	9.999999999999998	12.137497773931605	0.7536776313332347	11.971407929327325	9.999999999999998	0.9999999999999999
9.5	23.5	359.99999999999994	9.999999999999998	7.31881026968127	0.5044193827129139	7.927329225244755	9.999999999999998	0.9999999999999999	418.00000000000006	9.999999999999998	7.310126117976925	0.5038208626965885	7.914584073829328	9.999999999999998	0.9999999999999999	340.00000000000006	9.999999999999998	5.245914051880467	0.36155339875066655	5.8424944525562506	9.999999999999998	0.9999999999999999	317.00000000000006	9.999999999999998	11.296208405746137	0.7785454549392276	12.366408189817037	9.999999999999998	0.9999999999999999
10.0	23.5	359.99999999999994	9.999999999999998	8.094925678845893	0.6137010166325836	9.644772130976532	9.999999999999998	0.9999999999999999	418.00000000000006	9.999999999999998	7.153279567588182	0.5423119515918572	8.519245336811412	9.999999999999998	0.9999999999999999	342.7042844735023	9.999999999999998	7.77916909869988	0.5897625467896259	9.282470367073744	9.999999999999998	0.9999999999999999	320.97605293736007	9.999999999999998	10.2106855782884	0.7741032306555591	12.411861857407244	9.999999999999998	0.9999999999999999
0.0	24.0	348.3435734854615	9.999999999999998	7.96578494812069	0.5477222510700273	8.623816130350216	9.999999999999998	0.9999999999999999	422.5467074940464	9.999999999999998	12.743047657720943	0.8762037632243903	14.087597117681353	9.999999999999998	0.9999999999999999	340.53332013513943	3.110194800452138	8.730235798580953	0.6002854000093261	3.2452606058196256	3.110194800452138	0.9999999999999999	319.59593871387784	9.999999999999998	9.700155228719813	0.666976436371982	10.659345961207299	9.999999999999998	0.9999999999999999
0.5	24.0	359.99999999999994	9.999999999999998	11.479737602282711	0.858788867846203	13.496511679977854	9.999999999999998	0.9999999999999999	418.00000000000006	9.999999999999998	10.83187367252529	0.8103227486690423	12.729460004795142	9.999999999999998	0.9999999999999999	340.00000000000006	9.999999999999998	7.534520915776562	0.5636507480568753	9.108271088256238	9.999999999999998	0.9999999999999999	317.00000000000006	9.999999999999998	8.769996834246767	0.6560755927731253	10.421098128743118	9.999999999999998	0.9999999999999999
1.0	24.0	359.99999999999994	9.999999999999998	8.591486308052907	0.5847005499856165	9.18900802936769	9.999999999999998	0.9999999999999999	423.99999999999994	9.999999999999998	7.828117773195922	0.5327488868892986	8.409772040758854	9.999999999999998	0.9999999999999999	344.6650491950242	9.999999999999998	6.487449292098709	0.44150860899801303	6.941232346083532	9.999999999999998	0.9999999999999999	317.00000000000006	9.999999999999998	10.861098149162236	0.7391608196256482	11.740823037909852	9.999999999999998	0.9999999999999999
1.5	24.0	359.99999999999994	9.999999999999998	7.329120361032432	0.46303581558736057	7.2769554046455776	9.999999999999998	0.9999999999999999	418.00000000000006	9.999999999999998	6.173739333581055	0.39004168122923005	6.127212878529698	9.999999999999998	0.9999999999999999	340.95074810406766	9.999999999999998	11.206594953025053	0.7080051327333076	11.12494337889928	9.999999999999998	0.9999999999999999	318.2546909162621	9.999999999999998	13.613814879691745	0.860087372775173	13.51659328441072	9.999999999999998	0.9999999999999999
2.0	24.0	355.2869086135642	9.999999999999998	8.1699665594274	0.5632141918195481	9.094353509137427	9.999999999999998	0.9999999999999999	423.99999999999994	9.999999999999998	8.371681461029226	0.5771198417946436	9.110195120314307	9.999999999999998	0.9999999999999999	340.00000000000006	9.999999999999998	8.278909205412619	0.5707243871021037	9.22257701657537	9.999999999999998	0.9999999999999999	317.00000000000006	9.999999999999998	8.662458596644136	0.5971651881548412	9.485365853234747	9.999999999999998	0.9999999999999999
2.5	24.0	353.0144817612146	9.999999999999998	6.995051415237474	0.5239033263597618	8.37241567556406	9.999999999999998	0.9999999999999999	418.00000000000006	9.999999999999998	6.745248870669089	0.5051940451459843	7.936155566296473	9.999999999999998	0.9999999999999999	341.8228490565813	9.999999999999998	6.5240178478940445	0.4886246646160082	7.862963475822073	9.999999999999998	0.9999999999999999	317.00000000000006	9.999999999999998	12.488081650184798	0.9353108544895529	14.856468222381752	9.999999999999998	0.9999999999999999
3.0	24.0	359.99999999999994	9.999999999999998	7.813621013599486	0.4929503513395499	7.747084788359064	9.999999999999998	0.9999999999999999	421.59285193138277	9.999999999999998	9.208801047588212	0.580970295836428	9.138549289369115	9.999999999999998	0.9999999999999999	340.00000000000006	9.999999999999998	6.414176814777044	0.40466138668552676	6.5390946815696385	9.999999999999998	0.9999999999999999	317.00000000000006	9.999999999999998	11.671422221277266	0.7363335993129305	11.695915498847361	9.999999999999998	0.9999999999999999
3.5	24.0	359.99999999999994	9.999999999999998	10.13684008282332	0.640420648593026	10.064691203452684	9.999999999999998	0.9999999999999999	423.5111843230717	9.999999999999998	11.96062536329118	0.7556429212804266	11.878555446958927	9.999999999999998	0.9999999999999999	341.31220504843793	9.999999999999998	8.267802680159635	0.5223394580170058	8.229025736906912	9.999999999999998	0.9999999999999999	317.00000000000006	9.999999999999998	10.194652195631882	0.6440730758266497	10.230450270068124	9.999999999999998	0.9999999999999999
4.0	24.0	359.99999999999994	9.999999999999998	8.645372163165657	0.5463217109368177	8.585855765895563	9.999999999999998	0.9999999999999999	421.70091484582906	9.999999999999998	9.001699513020535	0.568838887034303	8.937496190293395	9.999999999999998	0.9999999999999999	343.9116871434527	9.999999999999998	6.8735813461102655	0.43435801841702626	7.044340597848955	9.999999999999998	0.9999999999999999	317.00000000000006	9.999999999999998	8.676705041450289	0.5483017103341793	8.70921886211071	9.999999999999998	0.9999999999999999
4.5	24.0	359.5171791426358	9.999999999999998	12.263278393753719	0.9234183700881122	14.585093533332424	9.999999999999998	0.9999999999999999	423.31808810592105	9.999999999999998	10.05293620444256	0.7569807735290782	11.942531490043066	9.999999999999998	0.9999999999999999	340.00000000000006	9.999999999999998	5.938744136370723	0.44718428911888897	7.226240266238412	9.999999999999998	0.9999999999999999	317.95002108956015	9.999999999999998	8.33994442845876	0.6279933997645722	9.931885172289542	9.999999999999998	0.9999999999999999
5.0	24.0	359.99999999999994	9.999999999999998	10.098234965184249	0.6919123749285162	10.873922333395116	9.999999999999998	0.9999999999999999	423.99999999999994	9.999999999999998	11.983427568861254	0.8210822839378606	12.961293781281755	9.999999999999998	0.9999999999999999	340.00000000000006	9.999999999999998	8.960095147907563	0.6139291405625439	9.920740920687244	9.999999999999998	0.9999999999999999	317.00000000000006	9.999999999999998	10.350193414820911	0.7091761016958631	11.2645460793536	9.999999999999998	0.9999999999999999
5.5	24.0	359.99999999999994	9.999999999999998	9.998132389640167	0.6863379354283705	10.786315832379643	9.999999999999998	0.9999999999999999	423.99999999999994	9.999999999999998	7.517232811883551	0.516032579603424	8.145894748666654	9.999999999999998	0.9999999999999999	340.00000000000006	9.999999999999998	9.760288470423424	0.6700107557004287	10.826987484723677	9.999999999999998	0.9999999999999999	317.00000000000006	9.999999999999998	7.472056149497677	0.5129313546963009	8.147396488269809	9.999999999999998	0.9999999999999999
6.0	24.0	350.6072760078398	9.999999999999998	7.5034588708159795	0.6231163049464298	9.795190636898301	9.999999999999998	0.9999999999999999	419.6598113526278	9.999999999999998	10.514912014427368	0.8731990451430688	13.751102272088962	9.999999999999998	0.9999999999999999	340.00000000000006	9.999999999999998	5.699119025957564	0.4732769313518459	7.647882319736892	9.999999999999998	0.9999999999999999	317.00000000000006	9.999999999999998	8.578658624742499	0.7124050595435675	11.315834813388458	9.999999999999998	0.9999999999999999
6.5	24.0	348.08428147843586	9.999999999999998	7.778918536265463	0.5811219346360124	9.220130087454903	9.999999999999998	0.9999999999999999	423.48326748225503	9.999999999999998	13.148648277856228	0.9822660938604703	15.44623698303609	9.999999999999998	0.9999999999999999	340.00000000000006	9.999999999999998	4.839368019878249	0.36152363506784063	5.842013488603488	9.999999999999998	0.9999999999999999	317.00000000000006	9.999999999999998	9.704189432114434	0.7249487586962228	11.515078804793053	9.999999999999998	0.9999999999999999
7.0	24.0	359.99999999999994	9.999999999999998	10.52072770570048	0.6649861195114635	10.450756018203197	9.999999999999998	0.9999999999999999	423.99999999999994	9.999999999999998	8.413686764095752	0.5318058853485437	8.39488617579133	9.999999999999998	0.9999999999999999	340.00000000000006	9.999999999999998	8.027084715375816	0.5073698383977082	8.198804039668863	9.999999999999998	0.9999999999999999	317.00000000000006	9.999999999999998	11.07972376802442	0.7003187155737656	11.123855447116556	9.999999999999998	0.9999999999999999
7.5	24.0	348.5497235963688	9.999999999999998	8.539818639793685	0.5310195708719394	8.341673477309744	9.999999999999998	0.9999999999999999	423.99999999999994	9.999999999999998	11.466087000679282	0.7129796141464819	11.254826001965997	9.999999999999998	0.9999999999999999	340.00000000000006	9.999999999999998	4.100615641778993	0.25498283397513116	4.120375574242971	9.999999999999998	0.9999999999999999	317.00000000000006	9.999999999999998	13.081040746603366	0.813400018994723	12.920037735341808	9.999999999999998	0.9999999999999999
8.0	24.0	359.99999999999994	9.999999999999998	8.8350261004878	0.55738936054735	8.759792187094263	9.999999999999998	0.9999999999999999	421.3056518460451	9.999999999999998	9.324298102931937	0.5882568424850663	9.323235638502041	9.999999999999998	0.9999999999999999	347.1681831407577	9.999999999999998	9.54534184409818	0.6022021809753333	9.542584797928408	9.999999999999998	0.9999999999999999	317.00000000000006	9.999999999999998	13.389374863768788	0.8447168133473645	13.417473382424935	9.999999999999998	0.9999999999999999
8.5	24.0	353.5995754419324	9.999999999999998	6.9141860581706585	0.5735133989717455	9.155730056141032	9.999999999999998	0.9999999999999999	423.99999999999994	9.999999999999998	9.702153046841136	0.8047678677466964	12.703760589712148	9.999999999999998	0.9999999999999999	340.00000000000006	9.999999999999998	5.313240539055971	0.4407192134361922	7.12176837096089	9.999999999999998	0.9999999999999999	317.00000000000006	9.999999999999998	12.071496193145933	1.0012985988747498	15.904616891692719	9.999999999999998	0.9999999999999999
9.0	24.0	359.99999999999994	9.999999999999998	8.001560910973717	0.5056377405790762	7.946476633631978	9.999999999999998	0.9999999999999999	418.00000000000006	9.999999999999998	10.419014824439893	0.6584024259147443	10.342924916655528	9.999999999999998	0.9999999999999999	340.00000000000006	9.999999999999998	6.705338579644669	0.4237263562637371	6.847173597115007	9.999999999999998	0.9999999999999999	324.6156324239524	9.999999999999998	8.387896046639243	0.5300511803163556	8.436738241359654	9.999999999999998	0.9999999999999999
9.5	24.0	359.3670255641214	9.999999999999998	7.613641118922889	0.5197255528832767	8.252689875711425	9.999999999999998	0.9999999999999999	421.89847109260495	9.999999999999998	9.266118456455143	0.6325276517031823	9.941365599755022	9.999999999999998	0.9999999999999999	343.7818705822315	8.168995211423146	6.484237072456824	0.44262970172484617	5.928122004978601	8.168995211423146	0.9999999999999999	324.9999999999997	9.999999999999998	11.866862645307224	0.8100607387434524	13.164322028459809	9.999999999999998	0.9999999999999999
10.0	24.0	352.00393246753805	9.999999999999998	8.160514155188627	0.6090620989253066	9.614416432480331	9.999999999999998	0.9999999999999999	418.00000000000006	9.999999999999998	9.612508335327627	0.7174320626512439	11.270228760918892	9.999999999999998	0.9999999999999999	340.00000000000006	9.999999999999998	6.592779222060615	0.49205379396178184	7.951305592797079	9.999999999999998	0.9999999999999999	321.28485814846056	9.999999999999998	9.992166414907281	0.7457679422815379	12.062368985322017	9.999999999999998	0.9999999999999999
0.0	24.5	354.34875136177465	9.999999999999998	7.815493984699044	0.5341277321439499	8.394154369073364	9.999999999999998	0.9999999999999999	418.00000000000006	9.999999999999998	9.703644401877582	0.6631680080687559	10.417788034504182	9.999999999999998	0.9999999999999999	340.00000000000006	9.999999999999998	4.473476445660852	0.30572703829062176	4.94037265693417	9.999999999999998	0.9999999999999999	317.00000000000006	9.999999999999998	11.376620964397288	0.7775028382174405	12.34984727627583	9.999999999999998	0.9999999999999999
0.5	24.5	359.99999999999994	9.999999999999998	11.638688298749324	0.8696671884280124	13.667472653376528	9.999999999999998	0.9999999999999999	418.00000000000006	9.999999999999998	14.05331294515218	1.050093003901721	16.49604051772911	9.999999999999998	0.9999999999999999	340.00000000000006	9.999999999999998	5.042854794845941	0.3768126818514129	6.089075668980044	9.999999999999998	0.9999999999999999	317.00000000000006	9.999999999999998	10.018526645580662	0.7486053132799788	11.890839280294449	9.999999999999998	0.9999999999999999
1.0	24.5	359.99999999999994	9.999999999999998	8.877442387810156	0.5591464580434966	8.787406293153973	9.999999999999998	0.9999999999999999	418.9477415930675	9.999999999999998	8.0631191955182	0.5078562430489234	8.238603212701241	9.999999999999998	0.9999999999999999	340.00000000000006	9.999999999999998	6.475962424103686	0.4078890398469334	6.591251695597042	9.999999999999998	0.9999999999999999	322.22038576241306	9.999999999999998	9.516262580215628	0.5993826017779417	9.417136678540752	9.999999999999998	0.9999999999999999
1.5	24.5	354.3356952545434	9.999999999999998	4.714406837734855	0.29798462582820723	4.682508266813266	9.999999999999998	0.9999999999999999	423.99999999999994	9.999999999999998	7.834133627391813	0.49517393343340854	7.816628064708048	9.999999999999998	0.9999999999999999	340.00000000000006	9.999999999999998	6.943412153168006	0.4388738909573846	7.091949023714079	9.999999999999998	0.9999999999999999	317.00000000000006	9.999999999999998	14.06059606512338	0.8887314144912575	14.11660086509691	9.999999999999998	0.9999999999999999
2.0	24.5	355.5863067332841	9.999999999999998	9.462016138917209	0.7844843802276297	12.464653129519167	9.999999999999998	0.9999999999999999	418.00000000000006	9.999999999999998	8.545569471355924	0.708502889025506	11.129959271099686	9.999999999999998	0.9999999999999999	340.00000000000006	9.999999999999998	7.283711391204707	0.6038837529545824	9.75841324910099	9.999999999999998	0.9999999999999999	317.00000000000006	9.999999999999998	10.824037461483275	0.8974079302832451	14.254418554826392	9.999999999999998	0.9999999999999999
2.5	24.5	357.75401455176325	9.999999999999998	8.129186433018818	0.6841330344694718	10.773600382056593	9.999999999999998	0.9999999999999999	421.712104587099	9.999999999999998	9.05288733949141	0.7618695102280457	11.969579503335712	9.999999999999998	0.9999999999999999	340.00000000000006	9.999999999999998	4.988989350262048	0.4198615016709818	6.784719775366586	9.999999999999998	0.9999999999999999	317.00000000000006	9.999999999999998	10.83645187062923	0.9119700676347863	14.485723398317381	9.999999999999998	0.9999999999999999
3.0	24.5	359.99999999999994	9.999999999999998	10.161952852523601	0.6378072186562967	10.02361919031128	9.999999999999998	0.9999999999999999	418.2716640027624	9.999999999999998	10.955502015831682	0.6876137265255855	10.823607530257814	9.999999999999998	0.9999999999999999	344.74692441804706	9.999999999999998	6.074752621519332	0.3812772141128465	5.990118635007196	9.999999999999998	0.9999999999999999	319.5590399793637	9.999999999999998	9.879587774704651	0.6200847899515965	9.929447442625952	9.999999999999998	0.9999999999999999
3.5	24.5	354.69422963332016	9.999999999999998	8.644285371275773	0.5945149133252872	9.416274235755434	9.999999999999998	0.9999999999999999	423.99999999999994	9.999999999999998	11.400372737366876	0.7840661568570294	12.376971226617766	9.999999999999998	0.9999999999999999	340.00000000000006	9.999999999999998	8.152671354373094	0.5607039211963615	9.060652065327155	9.999999999999998	0.9999999999999999	320.1000182039987	9.999999999999998	11.580391707151179	0.7964470486973028	12.522714480655964	9.999999999999998	0.9999999999999999
4.0	24.5	359.99999999999994	9.999999999999998	7.776279337826765	0.5820074957686815	9.146684660895492	9.999999999999998	0.9999999999999999	418.00000000000006	9.999999999999998	10.989833462798272	0.8225225939974546	12.921108879799315	9.999999999999998	0.9999999999999999	340.00000000000006	9.999999999999998	4.680243089553493	0.3502879001387524	5.660450490660658	9.999999999999998	0.9999999999999999	324.59680584827197	9.999999999999998	8.095746100652416	0.605917651581763	9.636162362432755	9.999999999999998	0.9999999999999999
4.5	24.5	359.99999999999994	9.999999999999998	5.56401003481544	0.3821294938786732	6.005451829309411	9.999999999999998	0.9999999999999999	418.00000000000006	9.999999999999998	6.74414344510384	0.46317963217120367	7.276145970779303	9.999999999999998	0.9999999999999999	340.6219050128113	9.999999999999998	11.005530731950962	0.7558465678802652	11.956230248071822	9.999999999999998	0.9999999999999999	317.00000000000006	9.999999999999998	10.733248643727327	0.7371465626836394	11.708828600865713	9.999999999999998	0.9999999999999999
5.0	24.5	353.0372813146884	9.999999999999998	5.275962105707901	0.4404916374787462	7.047887643356752	9.999999999999998	0.9999999999999999	421.3369349609129	9.999999999999998	11.37449834040634	0.9496602324046838	15.033990599387833	9.999999999999998	0.9999999999999999	341.548629197077	9.999999999999998	7.406097447859379	0.6183372675488576	9.812927767364483	9.999999999999998	0.9999999999999999	323.5977803434065	9.999999999999998	7.012568441101715	0.5854814143207744	9.268355624490765	9.999999999999998	0.9999999999999999
5.5	24.5	359.99999984898324	9.999999999999998	7.2691143375692535	0.5005238759602577	7.866108402017425	9.999999999999998	0.9999999999999999	420.2742428848237	9.999999999999998	9.510816429104045	0.6548790515012726	10.340776887755705	9.999999999999998	0.9999999999999999	340.3203488978597	4.8521989776718915	9.224742680615389	0.6351810890323121	5.268410506222944	4.8521989776718915	0.9999999999999999	317.00000000000006	9.999999999999998	12.607062994492512	0.868074945783367	13.78849372352751	9.999999999999998	0.9999999999999999
6.0	24.5	359.99999999999994	9.999999999999998	11.379681892631407	0.7771673592590043	12.213768406014244	9.999999999999998	0.9999999999999999	418.00000000000006	9.999999999999998	10.599209423918856	0.7238655417559642	11.371293077686174	9.999999999999998	0.9999999999999999	340.00000000000006	9.999999999999998	6.503919082413488	0.44418057251552195	7.177701937867378	9.999999999999998	0.9999999999999999	317.00000000000006	9.999999999999998	10.70158141652588	0.7308569648824753	11.608924692538302	9.999999999999998	0.9999999999999999
6.5	24.5	358.2721600403816	9.999999999999998	10.166686964721405	0.7005331962338281	11.035163977873163	9.999999999999998	0.9999999999999999	423.99999999999994	9.999999999999998	10.198921341367571	0.7027542984452861	11.093413043238	9.999999999999998	0.9999999999999999	343.31033016862295	9.999999999999998	7.781968254633178	0.5362147092091324	8.472158219813538	9.999999999999998	0.9999999999999999	317.00000000000006	9.999999999999998	10.462085033974468	0.7208875313612125	11.450570310577644	9.999999999999998	0.9999999999999999
7.0	24.5	348.0000000000032	9.999999999999998	6.101119993683532e-11	5.0701452632008315e-12	8.07353672579787e-11	9.999999999999998	0.9999999999999999	423.99999999999994	9.999999999999998	8.777639830845304	0.7294383499507959	11.514637368258196	9.999999999999998	0.9999999999999999	345.8391615345648	9.999999999999998	8.795374071620632	0.7309120986552401	11.820843651420155	9.999999999999998	0.9999999999999999	324.64395482268526	9.999999999999998	11.865400396474117	0.9860370502210614	15.715322139570729	9.999999999999998	0.9999999999999999
7.5	24.5	358.28193109904873	9.999999999999998	11.657220551854044	0.8032380657268287	12.655699232733237	9.999999999999998	0.9999999999999999	422.6103203101041	9.999999999999998	12.633888700364983	0.8705351569139862	14.052074050572568	9.999999999999998	0.9999999999999999	342.91322842897785	9.999999999999998	8.1461019233202	0.561305254798549	8.817036535961948	9.999999999999998	0.9999999999999999	317.00000000000006	9.999999999999998	13.653857510175387	0.9408158700779403	14.943909834718463	9.999999999999998	0.9999999999999999
8.0	24.5	353.5600431440384	9.999999999999998	18.60022290761671	0.9345987702457302	14.950771055832776	9.999999999999998	0.9999999999999999	423.99999999999994	9.999999999999998	11.660483872574046	0.5859001766755839	9.248798159395974	9.999999999999998	0.9999999999999999	340.57803364001757	9.999999999999998	7.287345490074265	0.3661646512091103	5.801016508049256	9.999999999999998	0.9999999999999999	322.61741062818896	9.999999999999998	11.96985870063275	0.6014452233819998	9.531286757939997	9.999999999999998	0.9999999999999999
8.5	24.5	359.9999999999985	9.999999999999998	8.498469658940598	0.6427842359844327	10.101836753458079	9.999999999999998	0.9999999999999999	420.88410067692104	9.999999999999998	10.4425141468812	0.7898226088973765	12.804195643340986	9.999999999999998	0.9999999999999999	346.19445092014223	9.999999999999998	9.194503043135642	0.6954289243853373	11.03510296001874	9.999999999999998	0.9999999999999999	322.14278218639384	9.999999999999998	12.650472960980906	0.9568222189875412	15.029736509832468	9.999999999999998	0.9999999999999999
9.0	24.5	359.99999999999994	9.999999999999998	10.688826056070056	0.799249307100483	12.560802791434984	9.999999999999998	0.9999999999999999	418.00000000000006	9.999999999999998	12.477785247483915	0.933017448397589	14.656886176108	9.999999999999998	0.9999999999999999	340.14825082853207	9.999999999999998	5.924853275184033	0.44302665699884497	7.180908923272182	9.999999999999998	0.9999999999999999	321.03781031820415	9.999999999999998	11.166991981525886	0.835003821449849	13.43700417604426	9.999999999999998	0.9999999999999999
9.5	24.5	359.99999999999994	9.999999999999998	8.998013835527447	0.6204431932721945	9.750730497662394	9.999999999999998	0.9999999999999999	418.00000000000006	9.999999999999998	11.021031407283026	0.7599370310466969	11.93794455204496	9.999999999999998	0.9999999999999999	342.3597882031358	2.3190353064176024	10.815530214730707	0.7457670354833448	2.174026003286724	2.3190353064176024	2.263424499043918e-12	317.00000000000006	9.999999999999998	12.917437339990935	0.8907005722166309	14.1478789466368	9.999999999999998	0.9999999999999999
10.0	24.5	359.99999999999994	9.999999999999998	7.891935865123272	0.5437920017849871	8.54609948773111	9.999999999999998	0.9999999999999999	423.99999999999994	9.999999999999998	10.637777397277386	0.7329935727142661	11.570758767534087	9.999999999999998	0.9999999999999999	344.17127361963134	9.999999999999998	8.402069554845399	0.5789426448024876	9.243577621461775	9.999999999999998	0.9999999999999999	317.00000000000006	9.999999999999998	11.604958001001384	0.7996369268386943	12.701424917714089	9.999999999999998	0.9999999999999999
0.0	25.0	353.7025109183104	9.999999999999998	8.424284850782286	0.6386707404662245	10.147406380904611	9.999999999999998	0.9999999999999999	420.5382487154618	9.999999999999998	9.784787519037438	0.741814599195088	11.835129578095446	9.999999999999998	0.9999999999999999	340.00000000000006	9.999999999999998	3.0312980399941756	0.2298119541384117	3.7136286695806002	9.999999999999998	0.9999999999999999	317.00000000000006	9.999999999999998	11.184190248890124	0.8479075902936113	13.46815565140437	9.999999999999998	0.9999999999999999
0.5	25.0	359.99999999999994	9.999999999999998	8.507107869022313	0.5305879815383987	8.338588398390048	9.999999999999998	0.9999999999999999	420.2486348075729	9.999999999999998	12.302857059963666	0.7673287085463708	12.107771728383494	9.999999999999998	0.9999999999999999	341.0925211750946	9.999999999999998	9.404872547232209	0.5865815290332423	9.214978835791744	9.999999999999998	0.9999999999999999	320.44524155564767	9.999999999999998	11.154541551550126	0.695708315675015	10.943838473922591	9.999999999999998	0.9999999999999999
1.0	25.0	359.99999999999994	9.999999999999998	7.971590827498121	0.5402462671227439	8.490375606024207	9.999999999999998	0.9999999999999999	423.99999999999994	9.999999999999998	10.500007873619397	0.7116007558886008	11.233059868031855	9.999999999999998	0.9999999999999999	340.00000000000006	9.999999999999998	7.196378263122296	0.48770898777744526	7.881096030068214	9.999999999999998	0.9999999999999999	324.5036704632492	9.999999999999998	11.05532921515469	0.7492356882766439	11.870584899701957	9.999999999999998	0.9999999999999999
1.5	25.0	359.99999999999994	9.999999999999998	6.310679639431826	0.4350402547062295	6.836984151446493	9.999999999999998	0.9999999999999999	423.3365977833653	9.999999999999998	10.530730682613083	0.7259585369824243	11.447686254049227	9.999999999999998	0.9999999999999999	340.00000000000006	9.999999999999998	8.379506142016357	0.5776592529839498	9.334640450590683	9.999999999999998	0.9999999999999999	317.00000000000006	9.999999999999998	10.23779009746067	0.7057640485818102	11.210349061946301	9.999999999999998	0.9999999999999999
2.0	25.0	359.99999999999994	9.999999999999998	10.195964223037198	0.846318474253019	13.300530084167892	9.999999999999998	0.9999999999999999	423.41367764644286	9.999999999999998	13.33400552717609	1.1067923510307733	17.423779611304166	9.999999999999998	0.9999999999999999	340.00000000000006	9.999999999999998	7.212936763492326	0.5987115591058763	9.674833578786645	9.999999999999998	0.9999999999999999	317.00000000000006	9.999999999999998	9.711212655009048	0.8060815532055328	12.803791298222217	9.999999999999998	0.9999999999999999
2.5	25.0	359.99999999999994	9.999999999999998	8.911834870107318	0.612628338329186	9.627914186267756	9.999999999999998	0.9999999999999999	423.1156495207274	9.999999999999998	7.839470283518983	0.5389105300057508	8.561304953428131	9.999999999999998	0.9999999999999999	340.8026164335205	9.999999999999998	7.040488973359519	0.4839859718722838	7.6197169904958235	9.999999999999998	0.9999999999999999	317.0000000007253	9.999999999999998	11.38486913635384	0.7826327083881096	12.431330082941429	9.999999999999998	0.9999999999999999
3.0	25.0	359.99999999999994	9.999999999999998	8.466589010731782	0.710358816673055	11.163822011628703	9.999999999999998	0.9999999999999999	421.61448400098556	9.999999999999998	8.879763948762102	0.7450247795166692	11.715537353060535	9.999999999999998	0.9999999999999999	340.00000000000006	9.999999999999998	9.96654762326159	0.8362074699742429	13.512630558563115	9.999999999999998	0.9999999999999999	317.9241671072925	9.999999999999998	8.523980899620724	0.7151740774854204	11.320573733138945	9.999999999999998	0.9999999999999999
3.5	25.0	359.99999999999994	9.999999999999998	6.884501553765739	0.4348437130857164	6.833895352352592	9.999999999999998	0.9999999999999999	418.3631756213219	9.999999999999998	10.453285868043833	0.6602577696159089	10.413840600142235	9.999999999999998	0.9999999999999999	341.16124437423434	9.999999999999998	7.8601430254569165	0.49646786363275835	7.803008042833727	9.999999999999998	0.9999999999999999	317.00000000000006	9.999999999999998	9.752365392024895	0.6159857391733904	9.784311296658887	9.999999999999998	0.9999999999999999
4.0	25.0	357.68709859069	9.999999999999998	8.489599685867464	0.5814195233862349	9.170035771743851	9.999999999999998	0.9999999999999999	418.00000000000006	9.999999999999998	10.251079167233407	0.7020563729912078	11.02869015559768	9.999999999999998	0.9999999999999999	340.00000000000006	9.999999999999998	7.710670859921444	0.5280737304759702	8.533366997814325	9.999999999999998	0.9999999999999999	317.0000000001054	9.999999999999998	9.875187034481701	0.6763129889971485	10.742548727233553	9.999999999999998	0.9999999999999999
4.5	25.0	359.99999999999994	9.999999999999998	6.327206945591962	0.39992526294691694	6.285125698028858	9.999999999999998	0.9999999999999999	423.99999999999994	9.999999999999998	10.48967425429971	0.6630233166786093	10.466234821310099	9.999999999999998	0.9999999999999999	343.0429673382458	9.999999999999998	7.61278784499081	0.4811832783165274	7.562423875504978	9.999999999999998	0.9999999999999999	317.00000000000006	9.999999999999998	12.34953362680637	0.7805798870563504	12.398723089140134	9.999999999999998	0.9999999999999999
5.0	25.0	350.83289599088016	9.999999999999998	7.19572290877968	0.603872826707375	9.535386477947684	9.999999999999998	0.9999999999999999	423.9831384345016	9.999999999999998	10.928812963281208	0.9171577700192534	14.47123673406081	9.999999999999998	0.9999999999999999	340.00000000000006	9.999999999999998	5.752442844315971	0.48275120719716663	7.800981154541227	9.999999999999998	0.9999999999999999	319.00520852331573	9.999999999999998	10.757477626345134	0.902779123767574	14.414561310868402	9.999999999999998	0.9999999999999999
5.5	25.0	359.99999999999994	9.999999999999998	10.601107039450483	0.79863127193188	12.551089904852503	9.999999999999998	0.9999999999999999	423.99999999999994	9.999999999999998	10.722736460317495	0.8077941884772822	12.75153294192682	9.999999999999998	0.9999999999999999	340.00000000000006	9.999999999999998	4.876870832177921	0.3673976256683123	5.9369337897712	9.999999999999998	0.9999999999999999	320.57790534123853	9.999999999999998	11.054737710726789	0.8328054047503228	13.135946620867847	9.999999999999998	0.9999999999999999
6.0	25.0	353.10521700256453	9.999999999999998	5.8324002245397955	0.43733449631262783	7.024097226120551	9.999999999999998	0.9999999999999999	418.00000000000006	9.999999999999998	7.929407217609239	0.5945756769194417	9.340262644238392	9.999999999999998	0.9999999999999999	340.00000000000006	9.999999999999998	7.380742733615117	0.5534348264094562	8.94318768492207	9.999999999999998	0.9999999999999999	317.00000000000006	9.999999999999998	8.342594349585713	0.6255579448175691	9.936356115008028	9.999999999999998	0.9999999999999999
6.5	25.0	359.99999999999994	9.999999999999998	10.639501881777168	0.6665326585586405	10.475061040188537	9.999999999999998	0.9999999999999999	418.00000000000006	9.999999999999998	8.44952270922075	0.5293370777606171	8.315421443463588	9.999999999999998	0.9999999999999999	340.7738005589686	9.999999999999998	6.935775808800746	0.43450540639732255	6.844688782643603	9.999999999999998	0.9999999999999999	317.00000000000006	9.999999999999998	11.584446390666795	0.7257305780382494	11.527497215372497	9.999999999999998	0.9999999999999999
7.0	25.0	355.478034634777	9.999999999999998	12.573752570027043	0.8611272023357569	13.751658399537963	9.999999999999998	0.9999999999999999	423.99999999999994	9.999999999999998	9.288370114799841	0.6361241901867198	10.041615404058584	9.999999999999998	0.9999999999999999	340.00000000000006	9.999999999999998	7.299834999491382	0.49993718705816204	8.078696679679611	9.999999999999998	0.9999999999999999	321.02148871374544	9.999999999999998	11.980834905225272	0.820520587320658	13.190915613753916	9.999999999999998	0.9999999999999999
7.5	25.0	351.77650313706476	9.999999999999998	216.62889034810922	1.0016755486273456	15.945248730270862	9.999999999999998	0.9999999999999999	420.6496746982068	5.5079628102826845	114.33898995151806	0.5286948121515088	4.902299607873166	5.5079628102826845	0.9999999999999999	340.00000000000006	9.999999999999998	26.70384845667269	0.12347656866226746	1.9953101531413793	9.999999999999998	0.9999999999999999	321.68810287263386	9.999999999999998	56.31392225242627	0.26039130273396205	4.124593427821156	9.999999999999998	0.9999999999999999
8.0	25.0	352.10863517835963	9.999999999999998	331.9218252430991	0.9624149828717604	15.15442183575826	9.999999999999998	0.9999999999999999	420.03975292864345	6.255862610449922	172.99752719380803	0.5016103175774738	4.93737545946437	6.255862610449922	0.9999999999999999	344.14290611697294	9.999999999999998	66.475078775671	0.19274602311682862	3.0819460033342096	9.999999999999998	0.9999999999999999	322.20090699943495	9.999999999999998	90.3164432014718	0.2618746087971809	4.1140040759775305	9.999999999999998	0.9999999999999999
8.5	25.0	352.46500417248143	9.999999999999998	30.969624682930696	0.933671797352389	14.673120848496916	9.999999999999998	0.9999999999999999	420.8855466953339	9.999999999999998	15.019867966048443	0.4528187623657358	7.3401275840329205	9.999999999999998	0.9999999999999999	340.26017159860737	9.999999999999998	14.518525878765	0.4377043083639628	7.043126290252499	9.999999999999998	0.9999999999999999	317.00000000000006	9.999999999999998	13.268567265186599	0.40002057414683223	6.353922783623267	9.999999999999998	0.9999999999999999
9.0	25.0	358.07058985679714	9.999999999999998	11.602116716258292	0.8742464873605728	13.734933319044005	9.999999999999998	0.9999999999999999	418.00000000000006	9.999999999999998	9.388615303163377	0.7074540060839335	11.113482239600337	9.999999999999998	0.9999999999999999	341.46354546221596	9.999999999999998	6.493651776059715	0.48931176906775786	7.740979660141875	9.999999999999998	0.9999999999999999	317.00000000000006	9.999999999999998	11.133041369027815	0.8389005686241217	13.32508820963486	9.999999999999998	0.9999999999999999
9.5	25.0	359.99999999999994	9.999999999999998	5.770908762094257	0.4361773948073454	6.854855161692554	9.999999999999998	0.9999999999999999	421.0068670329159	9.999999999999998	7.232420663639745	0.5466415313889642	8.79155275563787	9.999999999999998	0.9999999999999999	347.24636255103036	9.999999999999998	8.444449562475139	0.638249219072002	10.14564831930081	9.999999999999998	0.9999999999999999	322.8736067704858	9.999999999999998	14.532255899018736	1.0983783975831534	17.618164863842114	9.999999999999998	0.9999999999999999
10.0	25.0	359.99999999999994	9.999999999999998	8.79684107179843	0.5981187218102011	9.399884671502843	9.999999999999998	0.9999999999999999	418.00000000000006	9.999999999999998	10.06675508672741	0.6844632790460065	10.75231807286412	9.999999999999998	0.9999999999999999	344.72027918396714	9.999999999999998	7.421125009535576	0.504580424821712	7.928627078678934	9.999999999999998	0.9999999999999999	317.0000000000012	9.999999999999998	9.032184489635139	0.6141202959109548	9.754680614607496	9.999999999999998	0.9999999999999999
0.0	25.5	359.99999999999994	9.999999999999998	8.505251575144884	0.577620382437579	9.077737881854086	9.999999999999998	0.9999999999999999	422.5834485918096	9.999999999999998	9.181337140218089	0.6235356383483318	10.047822702668418	9.999999999999998	0.9999999999999999	343.72093223493124	5.145204304367868	9.410652874726928	0.6391092449719188	5.656362741000789	5.145204304367868	0.9999999999999999	317.00000000000006	9.999999999999998	12.506833759998434	0.8493813540618823	13.491564900303299	9.999999999999998	0.9999999999999999
0.5	25.5	357.2620515916599	9.999999999999998	8.515831633221847	0.5371257634856381	8.623865937881725	9.999999999999998	0.9999999999999999	423.99999999999994	9.999999999999998	12.159386666073484	0.7669385830800942	12.10660183754904	9.999999999999998	0.9999999999999999	340.7673887858846	9.999999999999998	10.154967746962209	0.6405122880753191	10.091275269154218	9.999999999999998	0.9999999999999999	317.00000000000006	9.999999999999998	13.171614327359544	0.8307836165197534	13.196158623901615	9.999999999999998	0.9999999999999999
1.0	25.5	358.53629391296926	9.999999999999998	8.089556299014625	0.5568856543085353	8.84598798937182	9.999999999999998	0.9999999999999999	423.99999999999994	9.999999999999998	10.953727470042612	0.7540554096910215	11.903232944567785	9.999999999999998	0.9999999999999999	341.8252751217104	9.999999999999998	10.884341397316321	0.7492788673094837	12.059207830123556	9.999999999999998	0.9999999999999999	317.00000000000006	9.999999999999998	12.808897845123834	0.8817654756073388	14.00595396180135	9.999999999999998	0.9999999999999999
1.5	25.5	359.0745516015192	9.999999999999998	8.689543570490075	0.5485972861065123	8.845806277013208	9.999999999999998	0.9999999999999999	423.99999999999994	9.999999999999998	6.6112106968517095	0.41738581741948055	6.588694343481576	9.999999999999998	0.9999999999999999	340.00000000000006	9.999999999999998	8.120800822363423	0.5126908284676279	8.284788171122296	9.999999999999998	0.9999999999999999	323.08761925538664	9.999999999999998	11.431161760818728	0.7216839720243229	11.737819505844584	9.999999999999998	0.9999999999999999
2.0	25.5	359.99999999999994	9.999999999999998	8.037630628574602	0.5996118756070056	9.423350704206685	9.999999999999998	0.9999999999999999	418.00000000000006	9.999999999999998	9.550288545546424	0.7124570276998071	11.192075323241385	9.999999999999998	0.9999999999999999	340.00000000000006	9.999999999999998	8.448475300685708	0.63026112484619	10.184656369708486	9.999999999999998	0.9999999999999999	317.00000000000006	9.999999999999998	12.479858664382204	0.9310046463764416	14.788068455946544	9.999999999999998	0.9999999999999999
2.5	25.5	359.99999999999994	9.999999999999998	6.483531329548805	0.40278176948138206	6.330017842361178	9.999999999999998	0.9999999999999999	418.00000000000006	9.999999999999998	11.81889094963934	0.7342347199445873	11.53418377679523	9.999999999999998	0.9999999999999999	340.2399253425135	9.999999999999998	10.562675956129064	0.6561938387925064	10.572059641020989	9.999999999999998	0.9999999999999999	317.00000000000006	9.999999999999998	10.940133227962988	0.679642928513102	10.795441453025663	9.999999999999998	0.9999999999999999
3.0	25.5	359.99999999999994	9.999999999999998	6.339141830715614	0.4003973199682948	6.292544428453974	9.999999999999998	0.9999999999999999	422.833392734696	9.999999999999998	11.863360781247827	0.7493219097280208	12.083081048380016	9.999999999999998	0.9999999999999999	341.6293819971253	9.999999999999998	8.40240357306694	0.5307185044585502	8.45194237889827	9.999999999999998	0.9999999999999999	320.32772052162335	9.999999999999998	12.880991896068602	0.8135982395486125	12.782611105031561	9.999999999999998	0.9999999999999999
3.5	25.5	352.64480147016775	9.999999999999998	7.431016876183073	0.5612570821350326	8.84572702008563	9.999999999999998	0.9999999999999999	418.00000000000006	9.999999999999998	8.70969723551232	0.6578344980416879	10.33400326764894	9.999999999999998	0.9999999999999999	340.00000000000006	9.999999999999998	7.276352057860877	0.5495754070578729	8.880821693537037	9.999999999999998	0.9999999999999999	317.00000000000006	9.999999999999998	10.839542555446505	0.818699530322334	13.00421512006357	9.999999999999998	0.9999999999999999
4.0	25.5	359.00648520683825	9.999999999999998	10.802754902397334	0.6754972630404219	10.940998264733581	9.999999999999998	0.9999999999999999	418.0000000000299	9.999999999999998	9.156380138837692	0.5725492968251966	8.994247522582993	9.999999999999998	0.9999999999999999	340.00000000000006	9.999999999999998	4.216368298977576	0.2636498996471442	4.260430358083067	9.999999999999998	0.9999999999999999	317.00000000000006	9.999999999999998	8.955165347905693	0.5599673173407178	8.89451524668225	9.999999999999998	0.9999999999999999
4.5	25.5	359.99999999999994	9.999999999999998	7.516553691770086	0.5646715249055261	8.874236866101493	9.999999999999998	0.9999999999999999	423.99999999999994	9.999999999999998	9.28964665473761	0.6978728759840616	11.01635675810292	9.999999999999998	0.9999999999999999	342.6736748040963	9.999999999999998	7.644946076648606	0.5743168393313368	9.044639588858596	9.999999999999998	0.9999999999999999	318.8532988534174	9.999999999999998	11.681058125959014	0.8775246176605265	13.916516704215868	9.999999999999998	0.9999999999999999
5.0	25.5	355.20494229561234	9.999999999999998	8.844541176498813	0.6084303491952469	9.879438308364591	9.999999999999998	0.9999999999999999	418.00000000000006	9.999999999999998	10.312619074473055	0.7094218116448435	11.144394739867622	9.999999999999998	0.9999999999999999	340.00000000000006	9.999999999999998	4.877621345333734	0.3355394925707587	5.42212472827593	9.999999999999998	0.9999999999999999	317.00000000000006	9.999999999999998	12.710645582243023	0.874385949002109	13.888737635292822	9.999999999999998	0.9999999999999999
5.5	25.5	357.8990023974478	9.999999999999998	8.324067142271248	0.5218433455312702	8.20084001659073	9.999999999999998	0.9999999999999999	421.78556031501387	9.999999999999998	8.462645139067106	0.5305309262810383	8.333573379783259	9.999999999999998	0.9999999999999999	340.00000000000006	9.999999999999998	9.86936055745128	0.618719196220884	9.998145458185693	9.999999999999998	0.9999999999999999	317.00000000000006	9.999999999999998	11.848042138322104	0.7427645454780015	11.79806458316796	9.999999999999998	0.9999999999999999
6.0	25.5	353.09909931534764	9.999999999999998	6.869747643207656	0.4327931002059535	6.948672781630057	9.999999999999998	0.9999999999999999	418.00000000000006	9.999999999999998	12.096158753336704	0.7620562383563131	11.971235441056699	9.999999999999998	0.9999999999999999	340.8779150824474	9.999999999999998	5.82803609042142	0.36716542421752346	5.773557945061288	9.999999999999998	0.9999999999999999	317.00000000000006	9.999999999999998	10.407108282718116	0.6556463048988423	10.41427932445797	9.999999999999998	0.9999999999999999
6.5	25.5	359.99999999999983	9.999999999999998	9.198816818299118	0.5804766470578744	9.122626224323636	9.999999999999998	0.9999999999999999	423.1640549848278	9.999999999999998	9.121256825503345	0.5755823475568383	9.126078796519161	9.999999999999998	0.9999999999999999	348.17839402779845	9.999999999999998	11.010858453752531	0.6948226410758043	10.986759159445016	9.999999999999998	0.9999999999999999	317.00000000000006	9.999999999999998	15.36160319690771	0.9693694410172301	15.39745446884611	9.999999999999998	0.9999999999999999
7.0	25.5	352.2322184035969	9.999999999999998	107.6792551260609	1.0019483005060064	15.748130261976097	9.999999999999998	0.9999999999999999	419.8150800516623	9.022737202057135	41.396227415540466	0.38518914026479506	5.461765757902644	9.022737202057135	0.9999999999999999	341.46336557332995	9.999999999999998	20.824287922607525	0.19376861280176688	3.0654276703156427	9.999999999999998	0.9999999999999999	321.92234994249645	9.999999999999998	24.86621988054141	0.23137852059014852	3.641788618016924	9.999999999999998	0.9999999999999999
7.5	25.5	351.45150329981584	9.999999999999998	501.73847777601287	0.9698682731887766	15.732617304449825	9.999999999999998	0.9999999999999999	420.0798860997999	5.1364450043328045	359.4130296400044	0.6947509705925184	5.629388149965927	5.1364450043328045	0.9999999999999999	342.22828213561843	9.999999999999998	79.21169247891065	0.15311743229543143	2.452230448487865	9.999999999999998	0.9999999999999999	321.91857137258637	9.999999999999998	127.48819047392989	0.24643665300493628	3.87906099154586	9.999999999999998	0.9999999999999999
8.0	25.5	351.7745756087521	9.999999999999998	141.72983164500016	1.0273723068119316	15.9251533359944	9.999999999999998	0.9438631128377665	419.607548219236	9.972243648597617	50.953708838207255	0.36935364123519865	5.807276077009568	9.972243648597617	0.9999999999999999	340.00000000000006	9.999999999999998	23.41128681631572	0.16970391810073482	2.742317465432969	9.999999999999998	0.9999999999999999	321.04132252442014	9.999999999999998	32.203615306902286	0.2334378173002182	3.7573231018897566	9.999999999999998	0.9999999999999999
8.5	25.5	353.669943665171	9.999999999999998	16.377665339942716	0.7716706046449245	12.277985348408508	9.999999999999998	0.9999999999999999	421.30486402260857	9.999999999999998	15.34374077013753	0.72295491889984	11.45839396080864	9.999999999999998	0.9999999999999999	344.83910255033015	9.999999999999998	10.789574116957318	0.5083750955875133	7.985763381040776	9.999999999999998	0.9999999999999999	319.8512917674814	9.999999999999998	11.246826154221978	0.5299195556034716	8.378453843342538	9.999999999999998	0.9999999999999999
9.0	25.5	359.99999999999994	9.999999999999998	7.529739167154158	0.6296892226922994	9.896038790228912	9.999999999999998	0.9999999999999999	423.99999999999994	9.999999999999998	7.268112080991062	0.6078101439003105	9.594660599121232	9.999999999999998	0.9999999999999999	342.91145956429386	9.999999999999998	9.214446077258986	0.7705761460157267	12.104310037898266	9.999999999999998	0.9999999999999999	317.00000000000006	9.999999999999998	10.69618931860658	0.8944898340148786	14.20806754299675	9.999999999999998	0.9999999999999999
9.5	25.5	356.3567327192969	9.999999999999998	5.860200153015582	0.39780090807078816	6.262291354137418	9.999999999999998	0.9999999999999999	423.99999999999994	9.999999999999998	10.683288038742832	0.7252007733569963	11.44774458999789	9.999999999999998	0.9999999999999999	340.00000000000006	9.999999999999998	9.421042966592815	0.6395173115641821	10.334231009965118	9.999999999999998	0.9999999999999999	317.00000000000006	9.999999999999998	13.711857402210878	0.9307854993877275	14.784587527378	9.999999999999998	0.9999999999999999
10.0	25.5	359.99999999999994	9.999999999999998	10.287203148930777	0.644161251980257	10.123477593444605	9.999999999999998	0.9999999999999999	418.00000000000006	9.999999999999998	9.86366075839617	0.6176399912834815	9.70258280335684	9.999999999999998	0.9999999999999999	340.91465665913694	9.999999999999998	7.350051072401465	0.4602434726302709	7.234104772437408	9.999999999999998	0.9999999999999999	317.00000000000006	9.999999999999998	14.60449179597384	0.9145000427844866	14.525909498194785	9.999999999999998	0.9999999999999999
0.0	26.0	350.74442530932066	9.999999999999998	5.455969731648986	0.3762073880499103	5.927162184189279	9.999999999999998	0.9999999999999999	419.2607189180861	9.999999999999998	8.232256414035252	0.5676416541162316	9.067828390689638	9.999999999999998	0.9999999999999999	340.00000000000006	9.999999999999998	8.282806398584711	0.5711272448707037	9.22908696582864	9.999999999999998	0.9999999999999999	317.00000000000006	9.999999999999998	11.424912191730094	0.7877859639538921	12.513184342233142	9.999999999999998	0.9999999999999999
0.5	26.0	359.99999999999994	9.999999999999998	9.005165914158736	0.6202074570048218	9.747025725272913	9.999999999999998	0.9999999999999999	423.99999999999994	9.999999999999998	7.95990892986265	0.5482180919751863	8.653963050117257	9.999999999999998	0.9999999999999999	340.00000000000006	9.999999999999998	8.076274898788771	0.556232496413432	8.988396419053162	9.999999999999998	0.9999999999999999	317.00000000000006	9.999999999999998	12.274271567482392	0.8453586339242937	13.42766805402513	9.999999999999998	0.9999999999999999
1.0	26.0	356.08547879437276	9.999999999999998	8.704318530093397	0.598503345292805	9.401799306836427	9.999999999999998	0.9999999999999999	418.0000000000045	9.999999999999998	13.127609520212943	0.9026459896178474	14.179777184093162	9.999999999999998	0.9999999999999999	340.00000000000006	9.999999999999998	6.468622893394418	0.4447783508553015	7.187361691159945	9.999999999999998	0.9999999999999999	320.86792462535624	9.999999999999998	11.267752639901351	0.7747634264069646	12.352321675925172	9.999999999999998	0.9999999999999999
1.5	26.0	357.5337240498701	9.999999999999998	8.970093851504815	0.66886324204848	10.600159950707358	9.999999999999998	0.9999999999999999	418.00000000000006	9.999999999999998	7.63720702095765	0.5694753179618285	8.945958009471884	9.999999999999998	0.9999999999999999	342.20630255961777	9.999999999999998	5.447704928255117	0.4062130943507268	6.513618989248383	9.999999999999998	0.9999999999999999	317.5883946431172	9.999999999999998	9.356941137909047	0.6977088633368886	11.22281218703857	9.999999999999998	0.9999999999999999
2.0	26.0	348.78237588078525	9.999999999999998	7.540170899731078	0.4755871447164787	7.482036285599535	9.999999999999998	0.9999999999999999	423.99999999999994	9.999999999999998	8.644768959491673	0.5452583291348106	8.60724135553502	9.999999999999998	0.9999999999999999	340.00000000000006	9.999999999999998	6.042526283785573	0.3811250249357543	6.158760646731169	9.999999999999998	0.9999999999999999	317.66682595083574	9.999999999999998	12.998434721269742	0.8198605226696776	13.12820449934928	9.999999999999998	0.9999999999999999
2.5	26.0	351.80213313452913	9.999999999999998	9.317970063826635	0.6938355450544016	11.032222476357951	9.999999999999998	0.9999999999999999	421.26678518395676	9.999999999999998	9.407823575595495	0.7005262255230181	11.119454589610154	9.999999999999998	0.9999999999999999	340.00000000000006	9.999999999999998	2.6599539430190315	0.19806573548018985	3.2006280808952003	9.999999999999998	0.9999999999999999	317.5820683186141	9.999999999999998	9.197259087904191	0.6848471532480854	11.020164598925833	9.999999999999998	0.9999999999999999
3.0	26.0	359.99999999999994	9.999999999999998	8.732014361207671	0.7246343751831787	11.388173129096375	9.999999999999998	0.9999999999999999	418.00000000000006	9.999999999999998	10.094959249121565	0.8377396309017456	13.16015518941215	9.999999999999998	0.9999999999999999	343.57531005177793	9.999999999999998	4.718262726142392	0.39154944335609293	6.25361287340812	9.999999999999998	0.9999999999999999	324.99999999999994	9.999999999999998	9.074269038254668	0.7530366995262607	12.237622609866534	9.999999999999998	0.9999999999999999
3.5	26.0	359.99999999999994	9.999999999999998	10.604955334182442	0.6654562681036374	10.458144756230874	9.999999999999998	0.9999999999999999	418.00000000000006	9.999999999999998	8.83929958134425	0.5546621486553255	8.713256105766101	9.999999999999998	0.9999999999999999	343.1735050875721	9.999999999999998	7.261231586984878	0.45563907828412564	7.174454536764292	9.999999999999998	0.9999999999999999	317.00000000000006	9.999999999999998	10.921240527440222	0.6853030244292723	10.885346359731901	9.999999999999998	0.9999999999999999
4.0	26.0	359.99999999999994	9.999999999999998	10.988618700096405	0.7569903765368423	11.89667197734333	9.999999999999998	0.9999999999999999	423.99999999999994	9.999999999999998	7.0240388900832835	0.4838760893729911	7.638284579741002	9.999999999999998	0.9999999999999999	340.00000000000006	9.999999999999998	3.7894761988935852	0.2610516474334204	4.21844410045839	9.999999999999998	0.9999999999999999	317.00000000000006	9.999999999999998	9.687866592932744	0.6673834064292826	10.600711327329378	9.999999999999998	0.9999999999999999
4.5	26.0	359.99999999999994	9.999999999999998	8.410867816062039	0.5296350184891755	8.32361186876096	9.999999999999998	0.9999999999999999	418.00000000000006	9.999999999999998	7.1331744665246	0.4491782623488093	7.056196725297477	9.999999999999998	0.9999999999999999	342.2672466213213	9.999999999999998	11.10416477163325	0.699232783435227	11.175182748087169	9.999999999999998	0.9999999999999999	317.00000000000006	9.999999999999998	9.434866871529993	0.5941165643339411	9.43694154307113	9.999999999999998	0.9999999999999999
5.0	26.0	359.99999999999994	9.999999999999998	9.768695653863007	0.617017202618912	9.696888482938231	9.999999999999998	0.9999999999999999	418.00000000000006	9.999999999999998	8.052885949633835	0.5086420273199239	7.990320343544183	9.999999999999998	0.9999999999999999	341.00202613410045	9.999999999999998	10.211276597860758	0.6449718104472295	10.13180955703981	9.999999999999998	0.9999999999999999	317.00000000000006	9.999999999999998	9.05774345409308	0.5721115414087247	9.087413979852936	9.999999999999998	0.9999999999999999
5.5	26.0	359.99999999999994	9.999999999999998	9.012789632843214	0.6759692468408621	10.623364108309994	9.999999999999998	0.9999999999999999	423.99999999999994	9.999999999999998	8.010013508743992	0.6007599222065408	9.48336847117778	9.999999999999998	0.9999999999999999	340.00000000000006	9.999999999999998	7.432905080924494	0.5574761482374823	9.00849311544167	9.999999999999998	0.9999999999999999	319.28808817017125	9.999999999999998	11.043837023602801	0.8283000601582864	13.456019329906102	9.999999999999998	0.9999999999999999
6.0	26.0	359.99999999999994	9.999999999999998	4.6825336043265615	0.29520657468093614	4.639392908270714	9.999999999999998	0.9999999999999999	418.00000000000006	9.999999999999998	10.85824703372845	0.6845494735808549	10.75367211344337	9.999999999999998	0.9999999999999999	346.6929043612889	9.999999999999998	8.08426683451313	0.5096661172528936	8.005829416884897	9.999999999999998	0.9999999999999999	322.6577970534971	9.999999999999998	11.068292078661784	0.6977915949371608	11.075509577493243	9.999999999999998	0.9999999999999999
6.5	26.0	352.5354997405198	9.999999999999998	30.298493849094225	1.0379983684357321	16.325978593416323	9.999999999999998	0.9999999999999999	421.90262690990664	9.999999999999998	15.017930782466747	0.5145004146781132	8.08667065018387	9.999999999999998	0.9999999999999999	340.00000000000006	9.999999999999998	10.654114659075482	0.3650001115015219	5.89819134323965	9.999999999999998	0.9999999999999999	320.62677279082584	9.999999999999998	16.598804276083463	0.5686596780147791	8.98164143058976	9.999999999999998	0.9999999999999999
7.0	26.0	351.42273299090573	9.999999999999998	371.84151224382504	0.9567317145053875	15.236325962739793	9.999999999999998	0.9578662027884914	419.8506629662722	4.403288813540538	288.19133855993255	0.741503528700286	5.132730061099191	4.403288813540538	0.9999999999999999	342.4746216694859	9.999999999999998	79.14921072840654	0.2036474078028229	3.225156676586401	9.999999999999998	0.9999999999999999	321.9481760328339	9.999999999999998	100.64987575246535	0.25896766504721935	4.0742535004118485	9.999999999999998	0.9999999999999999
7.5	26.0	351.26722595916004	9.999999999999998	140.97434643570026	1.0216568244511783	16.455416885165977	9.999999999999998	0.9999999999999999	420.0485005791831	6.401450397727714	57.87625624002475	0.41943568923212554	4.225241474795545	6.401450397727714	0.9999999999999999	340.00000000000006	9.999999999999998	21.36721445560192	0.15485058820992245	2.5022962188095774	9.999999999999998	0.9999999999999999	321.5944058343813	9.999999999999998	35.97953567429094	0.26074771113757195	4.145750129761805	9.999999999999998	0.9999999999999999
8.0	26.0	354.01178037816254	9.999999999999998	21.404204934395963	0.7012420303411208	11.03768817239103	9.999999999999998	0.9999999999999999	422.2017531649456	9.999999999999998	11.92547544680528	0.3907010160261725	6.180928693130419	9.999999999999998	0.9999999999999999	344.7122965631034	9.999999999999998	17.376186252115748	0.5692765587119893	8.945766711812274	9.999999999999998	0.9999999999999999	317.00000000000006	9.999999999999998	16.234295022880918	0.5318660533243036	8.448155051176489	9.999999999999998	0.9999999999999999
8.5	26.0	359.99999999999994	9.999999999999998	8.315458267354153	0.6295326611795169	9.893578308537755	9.999999999999998	0.9999999999999999	418.00000000000006	9.999999999999998	11.439518302975756	0.8660437186194355	13.604787594421554	9.999999999999998	0.9999999999999999	342.3079467403528	9.999999999999998	9.089890286937191	0.6881620517092901	10.97571917106918	9.999999999999998	0.9999999999999999	317.4188097838163	9.999999999999998	12.379210277581835	0.9371843305307772	15.246527006897294	9.999999999999998	0.9999999999999999
9.0	26.0	359.99999999999994	9.999999999999998	10.95896874144101	0.5538885336674818	8.70477406489594	9.999999999999998	0.9999999999999999	418.00000000000006	9.999999999999998	10.301946535746561	0.5206812972308149	8.179446719508995	9.999999999999998	0.9999999999999999	340.00000000000006	9.999999999999998	7.837211854896071	0.39610860152695293	6.400886604932712	9.999999999999998	0.9999999999999999	317.00000000000006	9.999999999999998	10.517745722083863	0.5315882263139329	8.443742049733087	9.999999999999998	0.9999999999999999
9.5	26.0	359.99999999999994	9.999999999999998	9.422529810747918	0.6393209112765532	10.047408006042465	9.999999999999998	0.9999999999999999	423.99999999999994	9.999999999999998	10.702701114944508	0.7261808418076824	11.46321557915891	9.999999999999998	0.9999999999999999	342.69659281684153	9.999999999999998	8.576245277994786	0.5819003024224605	9.160002276552396	9.999999999999998	0.9999999999999999	317.00000000000006	9.999999999999998	9.758003130951444	0.662082856644648	10.516517447766681	9.999999999999998	0.9999999999999999
10.0	26.0	354.1077872225888	9.999999999999998	10.016669222000969	0.6802658634661687	10.692869661072372	9.999999999999998	0.9999999999999999	423.5390484022646	9.999999999999998	12.266793014296688	0.8330793756773708	13.092243692763194	9.999999999999998	0.9999999999999999	340.00000000001364	9.999999999999998	5.4372210185310585	0.36926005731559475	5.967029611320783	9.999999999999998	0.9999999999999999	319.66709807232485	9.999999999999998	10.564754261441362	0.7174881710361223	11.426546942266961	9.999999999999998	0.9999999999999999
0.0	26.5	359.99999999999994	9.999999999999998	7.73463625647358	0.6399302141398712	10.056983657892774	9.999999999999998	0.9999999999999999	423.99999999999994	9.999999999999998	10.268880677086381	0.8496025918691009	13.411504554380596	9.999999999999998	0.9999999999999999	341.46276172646486	9.999999999999998	6.901075989609296	0.5709650576172878	9.032508564908085	9.999999999999998	0.9999999999999999	321.60515549871747	9.999999999999998	11.276545166852259	0.932972375700541	14.826875191957553	9.999999999999998	0.9999999999999999
0.5	26.5	359.912295905769	9.999999999999998	8.470867883727346	0.6338456250489556	9.956646060964886	9.999999999999998	0.9999999999999999	418.00000000000006	9.999999999999998	8.622465934337862	0.6451891806874535	10.135356417646197	9.999999999999998	0.9999999999999999	340.00000000000006	9.999999999999998	8.594150535459312	0.6430704377266332	10.391647480022058	9.999999999999998	0.9999999999999999	318.9891647704578	9.999999999999998	12.167101781604327	0.9104219708833186	14.524958249232755	9.999999999999998	0.9999999999999999
1.0	26.5	359.99999999999994	9.999999999999998	10.13381495063658	0.6402295281747021	10.061687602620433	9.999999999999998	0.9999999999999999	419.0540692751563	9.999999999999998	9.236422469209126	0.5835344762351823	9.43607458430885	9.999999999999998	0.9999999999999999	340.00000000000006	9.999999999999998	5.217465520922716	0.3296266514634051	5.326576625318162	9.999999999999998	0.9999999999999999	317.00000000000006	9.999999999999998	11.353694647557198	0.7172985299863374	11.39356264877197	9.999999999999998	0.9999999999999999
1.5	26.5	359.99999999999994	9.999999999999998	7.698681607596574	0.5833863784201484	9.168354836776457	9.999999999999998	0.9999999999999999	423.1466029839626	9.999999999999998	8.661596446516093	0.6563535992037665	10.413835950074027	9.999999999999998	0.9999999999999999	341.80080645519706	9.999999999999998	5.419304734945783	0.4106610357487139	6.599602222269138	9.999999999999998	0.9999999999999999	324.58656602977874	9.999999999999998	11.456434388138645	0.8681392617548138	13.800209181208128	9.999999999999998	0.9999999999999999
2.0	26.5	359.99999999999994	9.999999999999998	11.0551442131676	0.7506175835499949	11.796518752026403	9.999999999999998	0.9999999999999999	423.99999999999994	9.999999999999998	11.42105094963765	0.7754617669489483	12.241145588202487	9.999999999999998	0.9999999999999999	340.99157739099144	9.999999999999998	8.342695532068229	0.5664488712065484	8.898627956376853	9.999999999999998	0.9999999999999999	317.00000000000006	9.999999999999998	9.149851038843304	0.6212527800802963	9.867972921544162	9.999999999999998	0.9999999999999999
2.5	26.5	355.2616194292464	9.999999999999998	8.686377698738463	0.5979708836345281	9.671707593810234	9.999999999999998	0.9999999999999999	418.000000000001	9.999999999999998	10.682655962239254	0.73539482703263	11.55240804212993	9.999999999999998	0.9999999999999999	340.84516809023086	4.209489712147209	7.70054367897745	0.5301059967554915	3.5355432422609243	4.209489712147209	0.9999999999999999	317.00000000000006	9.999999999999998	13.966080614345614	0.9614260230802736	15.27128129808579	9.999999999999998	0.9999999999999999
3.0	26.5	359.99999999999994	9.999999999999998	8.875485423973661	0.552405385309906	8.681465275179832	9.999999999999998	0.9999999999999999	423.9039973785679	9.999999999999998	13.834215080443435	0.861034022018709	13.560424198187677	9.999999999999998	0.9999999999999999	340.00000000000006	9.999999999999998	9.381027160594073	0.5838700280272175	9.435002994164476	9.999999999999998	0.9999999999999999	317.00000000000006	9.999999999999998	11.68650725568454	0.7273618551686091	11.55340840493344	9.999999999999998	0.9999999999999999
3.5	26.5	353.1522113003502	9.999999999999998	8.902467436328205	0.5556347416000931	8.949508240356211	9.999999999999998	0.9999999999999999	418.00000000000006	9.999999999999998	7.762483599520366	0.4844842848168155	7.610823386924672	9.999999999999998	0.9999999999999999	340.00000000000006	9.999999999999998	3.1354748989013568	0.1956961704948611	3.1623372770206064	9.999999999999998	0.9999999999999999	320.0578784377437	9.999999999999998	11.890005755823257	0.7420976625874978	11.675119100140646	9.999999999999998	0.9999999999999999
4.0	26.5	355.3985878551163	9.999999999999998	9.420836340384536	0.7098819362020851	11.384895188986892	9.999999999999998	0.9999999999999999	423.3840005187927	9.999999999999998	10.167946134529926	0.766178397371882	12.068765226116572	9.999999999999998	0.9999999999999999	340.00000000000006	9.999999999999998	9.640695733291418	0.7264488529693263	11.738994594450112	9.999999999999998	0.9999999999999999	317.00000000000006	9.999999999999998	10.531921550874896	0.7936047917968999	12.605610545271633	9.999999999999998	0.9999999999999999
4.5	26.5	359.99999999999994	9.999999999999998	8.753545322139761	0.6626986155455211	10.414806176338379	9.999999999999998	0.9999999999999999	423.99999999999994	9.999999999999998	11.007893113957419	0.8333669682662306	13.155215152750976	9.999999999999998	0.9999999999999999	340.00000000000006	9.999999999999998	9.178915656361514	0.694901833922642	11.229212956628905	9.999999999999998	0.9999999999999999	317.00000000000006	9.999999999999998	10.860119958906019	0.8221796079838006	13.059492638699036	9.999999999999998	0.9999999999999999
5.0	26.5	359.99999999999994	9.999999999999998	7.139327468664753	0.5319796654328832	8.360459755413867	9.999999999999998	0.9999999999999999	423.99999999999994	9.999999999999998	10.781825211286092	0.8033966495906559	12.682115059530409	9.999999999999998	0.9999999999999999	345.7826832633463	9.999999999999998	7.935355972161309	0.5912949130978481	9.600130735442331	9.999999999999998	0.9999999999999999	317.0000000000278	9.999999999999998	9.449453079015523	0.7041163064115022	11.184176341869117	9.999999999999998	0.9999999999999999
5.5	26.5	359.28310177378484	9.999999999999998	8.090273315163875	0.6806983451775466	10.849226978463253	9.999999999999998	0.9999999999999999	423.99999999999994	9.999999999999998	9.51223859939803	0.800339472018575	12.63385561290924	9.999999999999998	0.9999999999999999	340.00000000000006	9.999999999999998	7.201537259955743	0.6059219886178866	9.791349962175754	9.999999999999998	0.9999999999999999	317.00000000000006	9.999999999999998	9.461985486933019	0.7961112822946458	12.645423615173176	9.999999999999998	0.9999999999999999
6.0	26.5	359.40402597913294	9.999999999999998	12.839297701960799	0.878902108195231	13.935470835170577	9.999999999999998	0.9999999999999999	419.118213128903	9.999999999999998	8.535588574363901	0.5842957276043123	9.409483423844843	9.999999999999998	0.9999999999999999	341.1235632083271	9.999999999999998	11.704799958257817	0.8012411268994234	12.589296645907057	9.999999999999998	0.9999999999999999	317.00000000000006	9.999999999999998	11.13510219054186	0.7622429993769807	12.107460149339639	9.999999999999998	0.9999999999999999
6.5	26.5	351.95508361741616	9.999999999999998	292.730788414146	0.8024826303033982	12.686197459523775	9.999999999999998	0.9999999999999999	419.59183653238915	4.4384365988831	340.48743429817466	0.9334011408266708	6.643097825262428	4.4384365988831	0.9999999999999999	346.6066651204528	9.999999999999998	130.85737727668425	0.35872814363151945	5.636819280836202	9.999999999999998	0.9999999999999999	323.5457310862674	9.999999999999998	106.25333922594669	0.29127943665401096	4.619948437558759	9.999999999999998	0.9999999999999999
7.0	26.5	351.37029565137703	9.999999999999998	195.3322343473187	1.0223738536242628	16.201606223096924	9.999999999999998	0.9523928549310197	419.7811888000456	5.89709772690393	105.37368001135421	0.5515285055933062	5.118957679543901	5.89709772690393	0.9999999999999999	340.00000000000006	9.999999999999998	35.67079243941015	0.18670182957752862	3.01699391392266	9.999999999999998	0.9999999999999999	319.83668847296633	9.999999999999998	50.02421972462153	0.2618280309202341	4.141690444211814	9.999999999999998	0.9999999999999999
7.5	26.5	351.2866557101695	9.999999999999998	34.551624321047406	0.8402465000494129	13.550053952827657	9.999999999999998	0.9999999999999999	418.1117479160596	9.999999999999998	13.789731112411571	0.3353467031293271	5.2686104481721046	9.999999999999998	0.9999999999999999	343.2773879207348	9.999999999999998	11.836434007317353	0.2878452878308201	4.543574538080975	9.999999999999998	0.9999999999999999	320.6444091686306	9.999999999999998	16.122807610340978	0.392083814632897	6.196030382177803	9.999999999999998	0.9999999999999999
8.0	26.5	353.80507118349846	9.999999999999998	9.988400605108348	0.622106573610149	9.845384236772935	9.999999999999998	0.9999999999999999	418.9781949358627	9.999999999999998	11.797708599800812	0.7347955256940215	11.944821582885256	9.999999999999998	0.9999999999999999	340.00000000000006	9.999999999999998	6.652049266910768	0.4143089309821361	6.694993434640416	9.999999999999998	0.9999999999999999	317.00000000000153	9.999999999999998	14.85672408114796	0.9253198863957749	14.697771785488376	9.999999999999998	0.9999999999999999
8.5	26.5	355.97580507228315	9.999999999999998	9.807065849053421	0.6741694098421006	10.599011888188738	9.999999999999998	0.9999999999999999	423.99999999999994	9.999999999999998	8.424146490818933	0.5791030625828795	9.14150149212663	9.999999999999998	0.9999999999999999	340.00000000000006	9.999999999999998	5.859476210934553	0.40279933671403434	6.509005027686092	9.999999999999998	0.9999999999999999	324.99999999999994	9.999999999999998	10.856541076756042	0.746313729641123	12.128367419085563	9.999999999999998	0.9999999999999999
9.0	26.5	351.14446860383174	9.999999999999998	8.144821673575468	0.559901371670051	8.954611648897508	9.999999999999998	0.9999999999999999	418.00000000000006	9.999999999999998	8.034768497206445	0.5523359605566838	8.676713730010357	9.999999999999998	0.9999999999999999	340.00000000000006	9.999999999999998	4.895750083121153	0.3365496872431803	5.438448891705232	9.999999999999998	0.9999999999999999	317.00000000006503	9.999999999999998	13.612936297215969	0.9357972477158402	14.86419408754525	9.999999999999998	0.9999999999999999
9.5	26.5	359.99999999999994	9.999999999999998	9.414062520643407	0.6486737842933213	10.194395425929198	9.999999999999998	0.9999999999999999	423.99999999999994	9.999999999999998	8.4048687554265	0.5791355230662507	9.142013901016078	9.999999999999998	0.9999999999999999	340.00000000000006	9.999999999999998	6.903699688049717	0.47569781828533736	7.687002456701623	9.999999999999998	0.9999999999999999	324.99999999999994	9.999999999999998	9.785448712522202	0.6742640633032635	10.957486071119096	9.999999999999998	0.9999999999999999
10.0	26.5	349.5277541945002	9.999999999999998	8.052792070658004	0.5540946347141543	9.012511885601516	9.999999999999998	0.9999999999999999	423.99999999999994	9.999999999999998	8.95382474851633	0.6160926806245376	9.725405585143957	9.999999999999998	0.9999999999999999	340.00000000000006	9.999999999999998	5.09250219199027	0.35040370061626486	5.662321759606843	9.999999999999998	0.9999999999999999	317.7886655691619	9.999999999999998	14.295660964375964	0.9836524984813183	15.655246069400565	9.999999999999998	0.9999999999999999
0.0	27.0	356.14691062127815	9.999999999999998	9.758825325874259	0.7400201611521527	11.624474298362674	9.999999999999998	0.9999999999999999	422.91019154575696	9.999999999999998	11.475255890843023	0.87017857478078	13.966715346439527	9.999999999999998	0.9999999999999999	340.00000000000006	9.999999999999998	6.511559774865482	0.4937772070959924	7.9791549553279815	9.999999999999998	0.9999999999999999	317.0000000026158	9.999999999999998	10.881278202932135	0.8251367332014278	13.106463587402489	9.999999999999998	0.9999999999999999
0.5	27.0	359.67429959941126	9.999999999999998	7.147855600037486	0.5413918830737993	8.519796327552486	9.999999999999998	0.9999999999999999	423.99999999999994	9.999999999999998	7.934464909521019	0.6009711358083448	9.486702609055477	9.999999999999998	0.9999999999999999	340.00000000000006	9.999999999999998	7.334110917860009	0.5554992074086551	8.976546891549525	9.999999999999998	0.9999999999999999	317.00000000000006	9.999999999999998	10.900905119688511	0.8256548369452276	13.11469314063175	9.999999999999998	0.9999999999999999
1.0	27.0	359.99999999999994	9.999999999999998	6.201099035876286	0.4646557707841117	7.302414216528906	9.999999999999998	0.9999999999999999	418.00000000000006	9.999999999999998	12.794696997381878	0.9587219557166001	15.06068145199992	9.999999999999998	0.9999999999999999	340.0230660821453	9.999999999999998	4.945702175600719	0.3705873818781334	5.997707592302084	9.999999999999998	0.9999999999999999	321.5806627923166	9.999999999999998	10.696289132401288	0.8014857435095467	12.75093447370165	9.999999999999998	0.9999999999999999
1.5	27.0	359.99999999999994	9.999999999999998	10.212414661288467	0.7040147383891872	11.064120059422853	9.999999999999998	0.9999999999999999	418.00000000000006	9.999999999999998	8.739634749987362	0.6024854920406374	9.464518905581127	9.999999999999998	0.9999999999999999	340.00000000000006	9.999999999999998	5.368371238923845	0.37008020127437435	5.980282664795298	9.999999999999998	0.9999999999999999	317.9324768874622	9.999999999999998	11.280411353248677	0.7776393841393258	12.305812299442145	9.999999999999998	0.9999999999999999
2.0	27.0	356.1218674527027	9.999999999999998	10.34016124244128	0.8590867807605821	13.494504347021877	9.999999999999998	0.9999999999999999	418.00000000000006	9.999999999999998	8.055378801550388	0.6692612697398425	10.51350783364378	9.999999999999998	0.9999999999999999	340.00000000000006	9.999999999999998	6.654246948817908	0.5528516872814487	8.933764492850788	9.999999999999998	0.9999999999999999	317.0000000000588	9.999999999999998	10.570411122261305	0.878216523845555	13.949582447682229	9.999999999999998	0.9999999999999999
2.5	27.0	357.0520724498782	9.999999999999998	8.594975899929617	0.5431370507236645	8.826117083013402	9.999999999999998	0.9999999999999999	418.00000000000006	9.999999999999998	9.247060678872478	0.584343844992828	9.179529534499656	9.999999999999998	0.9999999999999999	340.00000000000006	9.999999999999998	4.567005988897194	0.28860001381356376	4.663609816806611	9.999999999999998	0.9999999999999999	317.00000000000006	9.999999999999998	11.59452029439323	0.7326854235046758	11.637967910935982	9.999999999999998	0.9999999999999999
3.0	27.0	359.99999999999994	9.999999999999998	8.253247497930454	0.6259979779771868	9.838028108818802	9.999999999999998	0.9999999999999999	418.00000000000006	9.999999999999998	10.426704277753638	0.7908518188115122	12.423588766100803	9.999999999999998	0.9999999999999999	347.65347395452477	9.999999999999998	7.201339300404229	0.5462121233988327	8.878284168381365	9.999999999999998	0.9999999999999999	323.41699302595975	9.999999999999998	11.444774415549475	0.8680711010224187	13.846692377334232	9.999999999999998	0.9999999999999999
3.5	27.0	359.99999999999994	9.999999999999998	12.104737370778892	0.9121201230458392	14.334652386802519	9.999999999999998	0.9999999999999999	423.99999999999994	9.999999999999998	11.217493540179927	0.8452642362018014	13.34302091585672	9.999999999999998	0.9999999999999999	344.2012038785748	9.999999999999998	6.612612622498357	0.49827574561409654	7.9438882288594375	9.999999999999998	0.9999999999999999	323.012878536468	9.999999999999998	11.481141495126469	0.8651307229945792	13.997472128136305	9.999999999999998	0.9999999999999999
4.0	27.0	358.68796252417883	9.999999999999998	9.083839156625467	0.6250386816309839	10.000804982919563	9.999999999999998	0.9999999999999999	421.99354958045956	9.999999999999998	12.440276302301951	0.8559876242904042	13.470510960279773	9.999999999999998	0.9999999999999999	342.07551471672537	9.999999999999998	5.250277735868234	0.3612598833644113	5.83951219742634	9.999999999999998	0.9999999999999999	317.00000000000006	9.999999999999998	13.026020843264353	0.8962913977658135	14.236683563529263	9.999999999999998	0.9999999999999999
4.5	27.0	359.99999999999994	9.999999999999998	9.446451387954424	0.7161643046961785	11.25505961361179	9.999999999999998	0.9999999999999999	423.99999999999994	9.999999999999998	9.41885869854942	0.7140724187158378	11.27207660077446	9.999999999999998	0.9999999999999999	340.00000000000006	9.999999999999998	7.238444799904201	0.5487685877275879	8.867783958370685	9.999999999999998	0.9999999999999999	317.00000000000006	9.999999999999998	10.82315899595696	0.8205367093551705	13.03339685337624	9.999999999999998	0.9999999999999999
5.0	27.0	359.99999999999994	9.999999999999998	7.58007136346949	0.5224257464249894	8.210312746868	9.999999999999998	0.9999999999999999	421.2573994813255	9.999999999999998	9.151041805664534	0.6306985273160244	10.014926697435483	9.999999999999998	0.9999999999999999	340.00000000000006	9.999999999999998	7.357485076098059	0.5070848872499166	8.19419939342304	9.999999999999998	0.9999999999999999	317.00000000000006	9.999999999999998	10.255049995820487	0.706787824519888	11.226610708668229	9.999999999999998	0.9999999999999999
5.5	27.0	352.612565127977	9.999999999999998	11.911352530270019	0.750237544425318	11.815861862231253	9.999999999999998	0.9999999999999999	422.6361966164437	9.999999999999998	10.925170271512464	0.6881227716246754	11.126479508469114	9.999999999999998	0.9999999999999999	340.00000000000006	9.999999999999998	5.418769062537572	0.34130162674262754	5.515237494053704	9.999999999999998	0.9999999999999999	317.00000000001177	9.999999999999998	9.871180614891815	0.6217371441467491	9.875666555517626	9.999999999999998	0.9999999999999999
6.0	27.0	353.305288240138	9.999999999999998	82.94664179686819	0.6253148138310239	10.164429418373592	9.999999999999998	0.9999999999999999	420.40598650034326	6.609496028090446	68.47045737390201	0.5161823357543472	5.478782352478117	6.609496028090446	0.9999999999999999	348.14298842228243	9.999999999999998	74.44195244748798	0.5612000031287155	8.884492950484317	9.999999999999998	0.9999999999999999	322.06660168466937	9.999999999999998	40.22584724106093	0.3032530025789297	4.764702904365921	9.999999999999998	0.9999999999999999
6.5	27.0	351.95032609297147	9.218794510508747	214.95363225597023	0.9101712064973204	12.788278903127408	9.218794510508747	0.9194414246298169	420.3235308563679	5.063164420558208	100.55252364020554	0.42576629572359453	3.4756386145483997	5.063164420558208	0.9999999999999999	342.357799137342	9.999999999999998	50.112722955043516	0.21219068053962178	3.3763903252093797	9.999999999999998	0.9999999999999999	321.87523504336303	9.999999999999998	57.56370064893192	0.24374011418285194	3.8399286928905743	9.999999999999998	0.9999999999999999
7.0	27.0	351.4439258668329	9.999999999999973	61.272650599431714	0.9236234923642385	14.990445937042278	9.999999999999973	0.9999999999999999	419.81089741925234	9.999999999873248	24.75140874439254	0.3731025565530638	5.863082693366527	9.999999999873248	0.9999999999999999	340.00000000000006	9.999999999999998	15.622053484661636	0.23548672133889906	3.8053296354765385	9.999999999999998	0.9999999999999999	321.1213766360964	9.999999999999998	20.31891841962736	0.30628722942784414	4.955313678219083	9.999999999999998	0.9999999999999999
7.5	27.0	355.2273692152711	9.999999999999998	12.479378635731921	0.9403502139779993	15.244980768517937	9.999999999999998	0.9999999999999999	418.00000000000006	9.999999999999998	10.984185773760467	0.8276839532022062	13.002189308153548	9.999999999999998	0.9999999999999999	340.00000000000006	9.999999999999998	5.861257747146382	0.4416594076990314	7.13696136813349	9.999999999999998	0.9999999999999999	317.00000000000006	9.999999999999998	11.066890501323458	0.8339159468399479	13.245912527259629	9.999999999999998	0.9999999999999999
8.0	27.0	355.3992048265912	9.999999999999998	8.61827851073678	0.5434599193212765	8.715558610335874	9.999999999999998	0.9999999999999999	423.99999999999994	9.999999999999998	9.97195502027666	0.6288213897988368	9.92633616456573	9.999999999999998	0.9999999999999999	340.00000000000006	9.999999999999998	3.35231353180096	0.21139349804749144	3.4159970392109407	9.999999999999998	0.9999999999999999	318.46436710120076	9.999999999999998	13.819041898758202	0.8714147942701415	13.693746392114237	9.999999999999998	0.9999999999999999
8.5	27.0	350.61961678113954	9.999999999999998	7.564573457405573	0.4779111636702441	7.513669806208864	9.999999999999998	0.9999999999999999	423.99999999999994	9.999999999999998	10.847159933387722	0.6852969113820367	10.8178373466158	9.999999999999998	0.9999999999999999	340.00000000000006	9.999999999999998	7.034336643617207	0.4444121046518773	7.181443363689731	9.999999999999998	0.9999999999999999	317.00000000000006	9.999999999999998	10.429831255509226	0.6589311109570805	10.466455150908242	9.999999999999998	0.9999999999999999
9.0	27.0	352.93519668816106	9.999999999999998	8.744406552669911	0.552060952855797	8.788330836101565	9.999999999999998	0.9999999999999999	421.80690185464385	9.999999999999998	8.281352930221315	0.5228269708248211	8.212797183102488	9.999999999999998	0.9999999999999999	340.00000000000006	9.999999999999998	5.944321140489121	0.3752830535878173	6.064357758222154	9.999999999999998	0.9999999999999999	317.00000000000006	9.999999999999998	12.673177485363606	0.8000961981970384	12.708719979359035	9.999999999999998	0.9999999999999999
9.5	27.0	355.3990745761517	9.999999999999998	4.794825534721053	0.33046394800796486	5.299745362395462	9.999999999999998	0.9999999999999999	420.24328245543893	9.999999999999998	12.61292253495379	0.8692946482904607	13.714752557066538	9.999999999999998	0.9999999999999999	340.00000000000006	9.999999999999998	8.118803004866338	0.5595556448631337	9.042096581876946	9.999999999999998	0.9999999999999999	319.39648562866125	9.999999999999998	9.898582621855585	0.6822197531931121	11.032851778539904	9.999999999999998	0.9999999999999999
10.0	27.0	351.45228262155155	9.999999999999998	7.602453940412804	0.6307500869778947	10.23108877613428	9.999999999999998	0.9999999999999999	423.99999999999994	9.999999999999998	11.18654330459962	0.9281099520841121	14.650791992004423	9.999999999999998	0.9999999999999999	340.00000000000006	9.999999999999998	6.818212655806076	0.565684219778377	9.141130818778358	9.999999999999998	0.9999999999999999	317.00000000000006	9.999999999999998	12.32526248392889	1.0225856604586547	16.242740364173706	9.999999999999998	0.9999999999999999
0.0	27.5	359.99999999999994	9.999999999999998	9.835307033873544	0.8188570208813128	12.868952731389754	9.999999999999998	0.9999999999999999	421.69952840489464	9.999999999999998	7.985903170420473	0.6648814171896464	10.446591072238972	9.999999999999998	0.9999999999999999	340.00000000000006	9.999999999999998	5.735460406545156	0.4775165641205823	7.716392340712521	9.999999999999998	0.9999999999999999	317.00000000000006	9.999999999999998	10.56084864513757	0.8792633549468292	13.966210302350598	9.999999999999998	0.9999999999999999
0.5	27.5	354.7955759021764	9.999999999999998	7.403400529733771	0.5053740218946086	8.037016012766648	9.999999999999998	0.9999999999999999	423.99999999999994	9.999999999999998	9.114282254027374	0.6221629453791163	9.821228484204594	9.999999999999998	0.9999999999999999	344.32038895867566	9.999999999999998	6.855896190207151	0.4680000517899181	7.4225394269419525	9.999999999999998	0.9999999999999999	323.10574538032415	9.999999999999998	12.635192201788554	0.862508772122167	14.020321166505818	9.999999999999998	0.9999999999999999
1.0	27.5	352.7175769655671	9.999999999999998	3.5290995638559712	0.24294347515416753	3.836162472870598	9.999999999999998	0.9999999999999999	423.0505115431587	9.999999999999998	9.695686724127052	0.6674517916382834	10.634240313060973	9.999999999999998	0.9999999999999999	340.79120424884286	9.999999999999998	9.389786476467046	0.6463935959505872	10.17887238948881	9.999999999999998	0.9999999999999999	317.00000000000006	9.999999999999998	11.40922128467685	0.7854116376002056	12.475470566268939	9.999999999999998	0.9999999999999999
1.5	27.5	359.99999999999994	9.999999999999998	6.758116534338964	0.5097167507559196	8.010581340336648	9.999999999999998	0.9999999999999999	418.00000000000006	9.999999999999998	8.22621929000555	0.6204453187810313	9.746652039027524	9.999999999999998	0.9999999999999999	345.8486683185466	9.999999999999998	8.30875880851115	0.6266706886703872	10.128572234555316	9.999999999999998	0.9999999999999999	317.00000000000006	9.999999999999998	9.122014826607291	0.6880088163825057	10.92832513195146	9.999999999999998	0.9999999999999999
2.0	27.5	359.99999999999994	9.999999999999998	8.43256466214619	0.7094980092164289	11.15029377631086	9.999999999999998	0.9999999999999999	418.00000000000006	9.999999999999998	9.005560178686986	0.7577086301323397	11.902938327228304	9.999999999999998	0.9999999999999999	349.34762990436843	9.999999999999998	5.75759936087191	0.4844321328174341	7.7860345690993205	9.999999999999998	0.9999999999999999	317.00000000000006	9.999999999999998	12.545859879457254	1.0555818976806648	16.76685226493262	9.999999999999998	0.9999999999999999
2.5	27.5	359.99999999999994	9.999999999999998	7.0107739954782335	0.5822018434548772	9.149738980664793	9.999999999999998	0.9999999999999999	421.7981073246831	9.999999999999998	10.674437731304723	0.886446678928491	13.924468946289277	9.999999999999998	0.9999999999999999	340.8857262437279	9.999999999999998	10.110118674064895	0.8395834373472261	13.200866969902469	9.999999999999998	0.9999999999999999	317.00000000000006	9.999999999999998	8.379266793780674	0.6958467891399444	11.052823412538968	9.999999999999998	0.9999999999999999
3.0	27.5	359.37764231065154	9.999999999999998	6.9452419307419	0.5791839191928898	9.192835786413347	9.999999999999998	0.9999999999999999	423.99999999999994	9.999999999999998	7.912018785164545	0.6598062521674976	10.415451460059291	9.999999999999998	0.9999999999999999	340.4149715418557	9.999999999999998	9.6597732931656	0.8055565825124277	12.852027664796513	9.999999999999998	0.9999999999999999	317.00000000000006	9.999999999999998	11.872125185987377	0.9900510396812434	15.725960774386264	9.999999999999998	0.9999999999999999
3.5	27.5	359.99999999999994	9.999999999999998	7.767069465358875	0.4890948318122654	7.686492404968159	9.999999999999998	0.9999999999999999	422.60161711751687	9.999999999999998	9.951813850174961	0.6266688798119819	10.10994808592266	9.999999999999998	0.9999999999999999	341.3617555565889	9.999999999999998	10.503577255753175	0.6614135967551013	10.432212740161225	9.999999999999998	0.9999999999999999	317.00000000000006	9.999999999999998	13.653207394597494	0.8597468072277756	13.656209654323312	9.999999999999998	0.9999999999999999
4.0	27.5	356.3670426748263	9.999999999999998	9.238651912102156	0.5829903770454119	9.179398931927247	9.999999999999998	0.9999999999999999	420.44576808376195	9.999999999999998	9.07863248387697	0.5728926065391557	9.101489337437231	9.999999999999998	0.9999999999999999	341.5916331253052	9.999999999999998	4.846525086755468	0.30583222688435624	4.86226040087983	9.999999999999998	0.9999999999999999	317.00000000000006	9.999999999999998	13.9108986558115	0.8778250473717366	13.94336423926814	9.999999999999998	0.9999999999999999
4.5	27.5	359.99999999999994	9.999999999999998	5.41573365716856	0.40962059768678666	6.437495160951823	9.999999999999998	0.9999999999999999	423.99999999999994	9.999999999999998	8.132393020583871	0.615095922471384	9.709671138664424	9.999999999999998	0.9999999999999999	342.95221194213383	9.999999999999998	9.735072567192551	0.7363150582967342	11.566287080953906	9.999999999999998	0.9999999999999999	320.1549112184999	9.999999999999998	12.632413443479054	0.9554562821041326	15.014389873520694	9.999999999999998	0.9999999999999999
5.0	27.5	359.99999999999994	9.999999999999998	10.066668251261314	0.6918530310054184	10.87298969909906	9.999999999999998	0.9999999999999999	423.9778936663146	9.999999999999998	9.454492819027593	0.6497799818369525	10.2510341403732	9.999999999999998	0.9999999999999999	345.53396895171187	9.999999999999998	9.28833539310432	0.6383604619044594	10.236118960452906	9.999999999999998	0.9999999999999999	324.99999999999994	9.999999999999998	12.071513179382308	0.8296402318543743	13.482508974374289	9.999999999999998	0.9999999999999999
5.5	27.5	353.17944594213225	9.999999999999998	70.86954892136133	0.7418660220362138	11.969676543241267	9.999999999999998	0.9999999999999999	420.11680320801673	7.228350796974501	63.95907465054102	0.6695268279012867	7.626371028820916	7.228350796974501	0.9999999999999999	347.2454032677192	9.999999999999998	50.12250154456967	0.5246848809018724	8.340076947038625	9.999999999999998	0.9999999999999999	321.8075510029142	9.999999999999998	32.367029655193136	0.33881970325605754	5.346622989498836	9.999999999999998	0.9999999999999999
6.0	27.5	351.1402558577797	9.999999999999998	394.65889265381225	1.0330690540418113	15.472422520339356	9.999999999999998	0.8602009616354904	420.1200642838549	4.641040933427248	291.9121932819559	0.7641167068331801	5.615246719713359	4.641040933427248	0.9999999999999999	340.00000000000006	9.999999999999998	68.62096533862703	0.179623966593336	2.9026197291853837	9.999999999999998	0.9999999999999999	321.9466124476633	9.999999999999998	101.21551985632331	0.2649442931570848	4.168385475982437	9.999999999999998	0.9999999999999999
6.5	27.5	350.8729173966823	9.999999999999998	75.48306512688507	0.8754595486812983	13.840674322449411	9.999999999999998	0.9999999999999999	420.59850848155077	8.483954671836043	31.573820561811793	0.366196081898943	5.0079116373840975	8.483954671836043	0.9999999999999999	345.4150287968541	9.999999763527025	10.176812715494746	0.11803161214962163	1.8809598279171893	9.999999763527025	0.9999999999999999	321.82465552261897	9.999999999999998	23.14490822901089	0.2684367795396136	4.234064225489275	9.999999999999998	0.9999999999999999
7.0	27.5	351.3704564178588	9.999999999999998	14.207531449416098	0.6300421913757258	10.217156248632113	9.999999999999998	0.9999999999999999	419.2346045681351	9.999999999999998	9.728115795620308	0.43139960067315747	6.900827411492766	9.999999999999998	0.9999999999999999	340.00000000000006	9.999999999999998	9.454291393249573	0.41925668005840866	6.774946206846818	9.999999999999998	0.9999999999999999	317.00000000000006	9.999999999999998	9.410093043127267	0.41729667557308386	6.628336205229311	9.999999999999998	0.9999999999999999
7.5	27.5	355.86835134032793	9.999999999999998	8.748786543060039	0.7347240636936944	11.570965154426665	9.999999999999998	0.9999999999999999	423.99999999999994	9.999999999999998	9.747031154851788	0.818556756847897	12.92142676769986	9.999999999999998	0.9999999999999999	340.00000000000006	9.999999999999998	2.2576820048462753	0.18960038503220789	3.0638328987666905	9.999999999999998	0.9999999999999999	324.99999999999994	9.999999999999998	10.139083835135303	0.8514813843973489	13.837450217415432	9.999999999999998	0.9999999999999999
8.0	27.5	350.0238375964317	9.999999999999998	10.730648810011363	0.7355884041040387	11.646888565732747	9.999999999999998	0.9999999999999999	423.99999999999994	9.999999999999998	8.292601294348277	0.5684596952133666	8.97348932818521	9.999999999999998	0.9999999999999999	340.00000000000006	9.999999999999998	1.208747823432703	0.08285993681701252	1.3389688020230917	9.999999999999998	0.9999999999999999	317.00000000000006	9.999999999999998	13.760421652706496	0.9432800180609313	14.983050336540748	9.999999999999998	0.9999999999999999
8.5	27.5	359.99999999999994	9.999999999999998	9.316513842385596	0.58845617806876	9.248030543733675	9.999999999999998	0.9999999999999999	418.0179662948387	9.999999999999998	11.284477756227291	0.712758094312142	11.196257918816103	9.999999999999998	0.9999999999999999	340.00000000000006	9.999999999999998	6.996219610300858	0.44190012728550376	7.14085125785226	9.999999999999998	0.9999999999999999	317.00000000000006	9.999999999999998	9.036074800763735	0.5707428907376901	9.065674346335198	9.999999999999998	0.9999999999999999
9.0	27.5	359.99999999999994	9.999999999999998	9.792554121344725	0.7425778448718668	11.670168223932743	9.999999999999998	0.9999999999999999	423.99999999999994	9.999999999999998	9.439602955240252	0.7158132528131322	11.29955674813715	9.999999999999998	0.9999999999999999	340.00000000000006	9.999999999999998	6.921988973641646	0.5249004080630797	8.482087937355898	9.999999999999998	0.9999999999999999	317.00000000000006	9.999999999999998	10.815698984626694	0.820163804382838	13.027473634539602	9.999999999999998	0.9999999999999999
9.5	27.5	359.99999999999994	9.999999999999998	12.010596942022309	0.9037575186741745	14.203227781986357	9.999999999999998	0.9999999999999999	418.00000000000006	9.999999999999998	9.764331549670436	0.7347335103692401	11.542019337097368	9.999999999999998	0.9999999999999999	340.00000000000006	9.999999999999998	7.10409594350997	0.5345596187535367	8.638175212624427	9.999999999999998	0.9999999999999999	317.00000000000006	9.999999999999998	8.532356739193608	0.6420314987073491	10.198021879602171	9.999999999999998	0.9999999999999999
10.0	27.5	358.8117251729876	9.999999999999998	5.328012958749059	0.36643667189566803	5.905495489240017	9.999999999999998	0.9999999999999999	418.0000000023476	9.999999999999998	9.000572728315944	0.6190187488758218	9.724241876353679	9.999999999999998	0.9999999999999999	340.00000000000006	9.999999999999998	5.524679326793725	0.37996249661457343	6.139974859373317	9.999999999999998	0.9999999999999999	320.1334906587808	9.999999999999998	13.271320717835136	0.912741510419547	14.345897652974173	9.999999999999998	0.9999999999999999
0.0	28.0	359.99999999999994	9.999999999999998	6.239127603415788	0.523226440082827	8.222896248715424	9.999999999999998	0.9999999999999999	423.99999999999994	9.999999999999998	7.85162116301981	0.6584535613210897	10.394098394966402	9.999999999999998	0.9999999999999999	341.5013749328642	9.999999999999998	8.428356152886282	0.7068197776898383	11.196819213337315	9.999999999999998	0.9999999999999999	317.00000000000006	9.999999999999998	10.97761483165148	0.9206060036055123	14.622896518573357	9.999999999999998	0.9999999999999999
0.5	28.0	353.06272130023393	9.999999999999998	8.656017433832039	0.5463523888196373	8.75379569469352	9.999999999999998	0.9999999999999999	423.99999999999994	9.999999999999998	7.665464845848177	0.4838304753838795	7.637564534594521	9.999999999999998	0.9999999999999999	340.00000000000006	9.999999999999998	6.58318096699939	0.4155186464036271	6.7145417383312545	9.999999999999998	0.9999999999999999	317.00000000000006	9.999999999999998	11.080069885548482	0.6993542580676141	11.108536013771802	9.999999999999998	0.9999999999999999
1.0	28.0	359.37940231815264	9.999999999999998	8.886154943000067	0.6120108848948134	9.71317648060657	9.999999999999998	0.9999999999999999	421.8386154255814	9.999999999999998	7.870950878138203	0.5420913367808844	8.516349293217983	9.999999999999998	0.9999999999999999	340.00000000000006	9.999999999999998	9.168838063133684	0.6314799519555991	10.204351913022293	9.999999999999998	0.9999999999999999	317.0000000000007	9.999999999999998	12.834492366303445	0.8839423891054967	14.040532033950692	9.999999999999998	0.9999999999999999
1.5	28.0	359.99999999999994	9.999999999999998	8.718088490643526	0.6609448909188206	10.387245077453748	9.999999999999998	0.9999999999999999	421.089323458319	9.999999999999998	11.364240430873352	0.8615577439962877	13.791026034001716	9.999999999999998	0.9999999999999999	340.00000000000006	9.999999999999998	8.728707602664759	0.6617499582043913	10.693497760353607	9.999999999999998	0.9999999999999999	317.00000000000006	9.999999999999998	10.288030042555228	0.7799669505011281	12.38898721105074	9.999999999999998	0.9999999999999999
2.0	28.0	350.9083248967452	9.999999999999998	6.488454854833791	0.491332299766359	7.776952248911804	9.999999999999998	0.9999999999999999	423.99999999999994	9.999999999999998	11.326216738931919	0.8576673865343867	13.53881234677524	9.999999999999998	0.9999999999999999	340.00000000000006	9.999999999999998	5.913267369175054	0.44777675434786873	7.2358141627239885	9.999999999999998	0.9999999999999999	317.00000000000006	9.999999999999998	12.032219616522175	0.9111288076660551	14.472360833420131	9.999999999999998	0.9999999999999999
2.5	28.0	359.99999999999994	9.999999999999998	10.025027562191884	0.6904477840851782	10.850905188944846	9.999999999999998	0.9999999999999999	423.99999999999994	9.999999999999998	9.219998028273727	0.6350034619255902	10.023924012433593	9.999999999999998	0.9999999999999999	340.00000000000006	9.999999999999998	6.013942584217177	0.41419470471564196	6.693147604036599	9.999999999999998	0.9999999999999999	317.00000000000006	9.999999999999998	12.176284008874413	0.8386099948518239	13.32047273875298	9.999999999999998	0.9999999999999999
3.0	28.0	358.23418334149545	9.999999999999998	6.837616644892236	0.513787206102084	8.087379864974508	9.999999999999998	0.9999999999999999	423.99999999999994	9.999999999999998	7.847823436883005	0.5896954285424291	9.308708567137595	9.999999999999998	0.9999999999999999	340.65154346096205	9.999999999999998	8.316859720678654	0.624939411106425	9.87608750049491	9.999999999999998	0.9999999999999999	324.99999999999994	9.999999999999998	12.26925718017773	0.9219275801693909	14.982273515803643	9.999999999999998	0.9999999999999999
3.5	28.0	359.99999999999994	9.999999999999998	6.573649856248339	0.4150144874351456	6.5222641870942	9.999999999999998	0.9999999999999999	418.4650722520623	9.999999999999998	10.93974864170246	0.6906595688071219	10.926173351251679	9.999999999999998	0.9999999999999999	340.00000000000006	9.999999999999998	6.529831356245428	0.4122480924009471	6.6616914714454465	9.999999999999998	0.9999999999999999	317.00000000000006	9.999999999999998	9.8271658193761	0.6204188349934652	9.854726546157575	9.999999999999998	0.9999999999999999
4.0	28.0	348.84056589729465	9.999999999999998	8.181586700805552	0.689351958609699	10.856397666134232	9.999999999999998	0.9999999999999999	423.3536205672984	9.999999999999998	9.086825209371522	0.7656241979330851	12.068208722789352	9.999999999999998	0.9999999999999999	340.00000000000006	9.999999999999998	5.1384799608346805	0.4329503988424779	6.996228806615609	9.999999999999998	0.9999999999999999	319.6192260565315	9.999999999999998	9.879259614443315	0.8323919569488476	13.287158176178348	9.999999999999998	0.9999999999999999
4.5	28.0	359.99999999999994	9.999999999999998	9.646022807112116	0.6618566526298304	10.401574097126375	9.999999999999998	0.9999999999999999	418.00000000000006	9.999999999999998	6.702372764884735	0.45987969254781713	7.224306812217934	9.999999999999998	0.9999999999999999	340.60017413466164	9.999999999999998	8.004947389444062	0.5492551479091445	8.694748239806062	9.999999999999998	0.9999999999999999	317.00000000000006	9.999999999999998	9.695382898698668	0.6652434686932228	10.566720577814342	9.999999999999998	0.9999999999999999
5.0	28.0	352.20594379454906	9.999999999999998	32.7129827493178	0.9862305311419391	15.505527291589642	9.999999999999998	0.9999999999999999	420.45951112798434	9.999999999999998	17.797661113331536	0.5365636300239617	8.529343211029575	9.999999999999998	0.9999999999999999	340.00000000000006	9.999999999999998	11.109525451347212	0.33492981274676153	5.412272653860789	9.999999999999998	0.9999999999999999	323.40456233501794	9.999999999999998	18.368318447400632	0.5537677990840497	8.83864260602463	9.999999999999998	0.9999999999999999
5.5	28.0	351.5392793924281	9.999999999999998	498.1548858700955	0.948351017146866	14.82848331874809	9.999999999999998	0.9356258808778241	419.620033426637	4.852673251072176	322.82361556037415	0.6145681049398456	4.752465970154847	4.852673251072176	0.9999999999999999	341.57631287848085	9.999999999999998	95.12304757607897	0.18108833513761505	2.8771321275894683	9.999999999999998	0.9999999999999999	322.3454220127786	9.999999999999998	127.55662318442944	0.2428330159393805	3.820450489575428	9.999999999999998	0.9999999999999999
6.0	28.0	351.60317650381114	9.999999999999998	144.02709373597435	0.952443571092494	15.29963076875569	9.999999999999998	0.9999999999999999	419.70367375809354	7.387580459490617	65.6220387431162	0.43395507957300633	5.051816391529573	7.387580459490617	0.9999999999999999	340.00000000000006	9.999999999999998	23.972197175088834	0.1585268749936048	2.5617028934913497	9.999999999999998	0.9999999999999999	320.5090113976772	9.999999999999998	32.55192993997134	0.2152641950466226	3.3900299802537885	9.999999999999998	0.9999999999999999
6.5	28.0	352.75052034708546	9.999999999999998	20.51926221539417	0.9095142578355189	14.37580262305927	9.999999999999998	0.9999999999999999	418.78584765069513	9.999999999999998	14.330828033723694	0.6352125279378751	10.198154719244888	9.999999999999998	0.9999999999999999	342.0658824377792	9.999999999999998	11.949722423406525	0.5296702584711457	8.567242281190241	9.999999999999998	0.9999999999999999	317.00000000000006	9.999999999999998	10.992633312882528	0.48724737879335567	7.739432472889309	9.999999999999998	0.9999999999999999
7.0	28.0	350.7152871509323	9.999999999999998	10.026424554292205	0.6844279843937776	10.776695137285532	9.999999999999998	0.9999999999999999	423.99999999999994	9.999999999999998	11.524779943069081	0.7867093463182633	12.41869561380383	9.999999999999998	0.9999999999999999	341.2706911416663	9.999999999999998	6.9206293367678775	0.47241889290163414	7.436396625479626	9.999999999999998	0.9999999999999999	317.00000000000006	9.999999999999998	9.732002184945276	0.6643300015364394	10.552211074667017	9.999999999999998	0.9999999999999999
7.5	28.0	354.61878644764295	9.999999999999998	7.648255928313506	0.5246580491015873	8.289037820638596	9.999999999999998	0.9999999999999999	419.6554151050901	9.999999999999998	10.141767410137573	0.6957089241936686	10.956973363479628	9.999999999999998	0.9999999999999999	342.52435350692787	4.479362597102866	11.961920154444936	0.8205684734616252	5.960943870342047	4.479362597102866	0.9999999999999999	324.99999999999994	9.999999999999998	7.594771551874123	0.5209891069449551	8.46661003196089	9.999999999999998	0.9999999999999999
8.0	28.0	351.4915574476109	9.999999999999998	5.172917884025272	0.39143876819916024	6.33226746927485	9.999999999999998	0.9999999999999999	418.00000000000006	9.999999999999998	5.722995967836874	0.43306360980074715	6.803049660823901	9.999999999999998	0.9999999999999999	340.00000000000006	9.999999999999998	6.291100463196387	0.47605252415383786	7.6927342990136145	9.999999999999998	0.9999999999999999	318.7989685068055	9.999999999999998	11.049565512928465	0.8361293201412648	13.233613416479637	9.999999999999998	0.9999999999999999
8.5	28.0	352.5829110329373	9.999999999999998	8.014922269531553	0.5066010838122852	7.97413722678182	9.999999999999998	0.9999999999999999	418.00000000000006	9.999999999999998	9.480931744513805	0.5992634907489522	9.413904089885442	9.999999999999998	0.9999999999999999	340.00000000000006	9.999999999999998	6.058607244466416	0.3829478182349284	6.188215935425401	9.999999999999998	0.9999999999999999	317.00000000000006	9.999999999999998	11.712709055582465	0.7403279660605926	11.759361980164597	9.999999999999998	0.9999999999999999
9.0	28.0	359.99999999999994	9.999999999999998	7.334055969272525	0.5487819375530228	8.62452007385787	9.999999999999998	0.9999999999999999	418.00000000000006	9.999999999999998	9.627886524966806	0.7204213117337326	11.317187243452437	9.999999999999998	0.9999999999999999	344.1433841024989	7.798596511393591	11.672314468718094	0.8733987546193589	9.89880799711488	7.798596511393591	0.7693028015303278	317.00000000000074	9.999999999999998	10.977601167555624	0.8214157709806871	13.047359859410719	9.999999999999998	0.9999999999999999
9.5	28.0	354.44581219587957	9.999999999999998	7.478315402230592	0.47257260744409296	7.43594149826907	9.999999999999998	0.9999999999999999	422.84511736511973	9.999999999999998	10.936518588514808	0.6911047244936556	11.136068856798381	9.999999999999998	0.9999999999999999	340.0720034157533	1.0401186094333907	6.214268153702749	0.3926944434405851	3.7987035445832427	1.0401186094333907	8.427518345130087e-41	324.99999999999994	9.999999999999998	8.44104324348792	0.5334096785933381	8.66845712457582	9.999999999999998	0.9999999999999999
10.0	28.0	359.99999999999994	9.999999999999998	9.910073639070736	0.6820500791868744	10.71892895300549	9.999999999999998	0.9999999999999999	418.00000000000006	9.999999999999998	8.809977195504622	0.6063371335747141	9.525024817504947	9.999999999999998	0.9999999999999999	340.00000000000006	9.999999999999998	5.090291917568497	0.3503338251467779	5.661192612310046	9.999999999999998	0.9999999999999999	317.00000000000006	9.999999999999998	13.1274933958836	0.9034855074020578	14.350954728763977	9.999999999999998	0.9999999999999999
0.0	28.5	359.99999999999994	9.999999999999998	7.936823634503064	0.6607952079407483	10.384892697098712	9.999999999999998	0.9999999999999999	423.99999999999994	9.999999999999998	10.058404145837644	0.8374313913448853	13.219374595238536	9.999999999999998	0.9999999999999999	340.00000000000006	9.999999999999998	6.032757352898011	0.502268581619291	8.11637067150816	9.999999999999998	0.9999999999999999	317.00000000000006	9.999999999999998	10.825030775055414	0.9012583360012648	14.315578360594127	9.999999999999998	0.9999999999999999
0.5	28.5	351.58187515211677	9.999999999999998	7.988287595938556	0.5049175797113792	8.121083568079317	9.999999999999998	0.9999999999999999	418.0000000000001	9.999999999999998	8.971321922744593	0.5670524624510125	8.907897073415246	9.999999999999998	0.9999999999999999	340.00000000000006	9.999999999999998	4.224284922310416	0.26700537422672094	4.314652892526424	9.999999999999998	0.9999999999999999	320.3785074435572	9.999999999999998	10.74493995600942	0.6791579561420312	10.674607297861751	9.999999999999998	0.9999999999999999
1.0	28.5	359.99999999999994	9.999999999999998	9.397219301329729	0.7000615841506383	11.00199327325813	9.999999999999998	0.9999999999999999	418.00000000000006	9.999999999999998	9.405898259866321	0.7007081376966479	11.007510561062855	9.999999999999998	0.9999999999999999	340.00000000000006	9.999999999999998	6.45498856253324	0.48087517954612785	7.770665629415726	9.999999999999998	0.9999999999999999	317.00000000000006	9.999999999999998	12.403374357970732	0.9240101378314874	14.676967752441932	9.999999999999998	0.9999999999999999
1.5	28.5	357.88264363613655	9.999999999999998	7.647255962146441	0.577048390784679	9.069759509899809	9.999999999999998	0.9999999999999999	418.00000000000006	9.999999999999998	7.913122357556607	0.5971101981041371	9.380077750138945	9.999999999999998	0.9999999999999999	340.00000000000006	9.999999999999998	8.207803376344806	0.6193463058698815	10.008279188522824	9.999999999999998	0.9999999999999999	317.00000000000006	9.999999999999998	10.815267586280353	0.8161009370499825	12.962939090614887	9.999999999999998	0.9999999999999999
2.0	28.5	353.0172740503836	9.999999999999998	4.329631322584555	0.32731937069674927	5.231597266930714	9.999999999999998	0.9999999999999999	418.00000000000006	9.999999999999998	7.35038076260862	0.5556875000068923	8.729363476615642	9.999999999999998	0.9999999999999999	340.00000000000006	9.999999999999998	8.115635944568231	0.613540657913169	9.914463265071973	9.999999999999998	0.9999999999999999	317.6976107024888	9.999999999999998	8.523873022500693	0.6444033096006035	10.3016775111529	9.999999999999998	0.9999999999999999
2.5	28.5	359.99999999999676	9.999999999999998	6.986262576884208	0.44116757378725047	6.9332795700762	9.999999999999998	0.9999999999999999	421.1581992015507	9.999999999999998	8.510812543533682	0.5374396509533146	8.572347785985976	9.999999999999998	0.9999999999999999	341.1439417294047	9.999999999999998	8.456978796098467	0.5340401646782852	8.392238005982517	9.999999999999998	0.9999999999999999	317.2558389724804	9.999999999999998	11.258109390551992	0.7109255844025805	11.442548383503956	9.999999999999998	0.9999999999999999
3.0	28.5	359.99999999999994	9.999999999999998	10.168002489107069	0.700294811522851	11.00565861647695	9.999999999999998	0.9999999999999999	423.99999999999994	9.999999999999998	9.218621690993393	0.634908670263476	10.0224276671772	9.999999999999998	0.9999999999999999	340.00000000000006	9.999999999999998	10.56159409275567	0.7274024128623819	11.754403572500404	9.999999999999998	0.9999999999999999	317.00000000000006	9.999999999999998	9.275698651260921	0.6388396979334305	10.147323348154277	9.999999999999998	0.9999999999999999
3.5	28.5	356.2896818862475	9.999999999999998	11.82202234848079	0.811731998093731	12.764818424298438	9.999999999999998	0.9999999999999999	423.99999999999994	9.999999999999998	10.325785120344808	0.7089963071082438	11.191947026553152	9.999999999999998	0.9999999999999999	340.00000000000006	9.999999999999998	4.420714461247611	0.3035381998826549	4.905002290343018	9.999999999999998	0.9999999999999999	322.0407079885422	9.999999999999998	11.91627632095981	0.8182037305227007	12.858066143416146	9.999999999999998	0.9999999999999999
4.0	28.5	356.57350818051873	9.999999999999998	8.36015576610754	0.6338089188730436	10.036655000497124	9.999999999999998	0.9999999999999999	423.99999999999994	9.999999999999998	7.024430208827257	0.5325434885322544	8.40652970013122	9.999999999999998	0.9999999999999999	340.00000000000006	9.999999999999998	7.284179598635217	0.5522358823749073	8.923813440633447	9.999999999999998	0.9999999999999999	317.00000000000006	9.999999999999998	11.120501017849964	0.8430791153466412	13.391460203823598	9.999999999999998	0.9999999999999999
4.5	28.5	353.961189911742	9.999999999999998	16.800664728255907	1.0532489634087792	16.595206920049176	9.999999999999998	0.9999999999999999	423.99999999999994	9.999999999999998	11.609568317062122	0.7278144045696018	11.489002381872343	9.999999999999998	0.9999999999999999	340.00000000000006	9.999999999999998	7.253964414953181	0.4547576315718044	7.348621113497384	9.999999999999998	0.9999999999999999	317.0000000000002	9.999999999999998	9.09168917847941	0.5699662696538036	9.053338504835928	9.999999999999998	0.9999999999999999
5.0	28.5	352.5783820751823	9.999999999999998	192.32501513348865	0.8681989062137316	13.664742885665541	9.999999999999998	0.9999999999999999	420.11653731269854	5.979776989764737	144.9980401495154	0.6545541658924007	6.176977222040752	5.979776989764737	0.9999999999999999	346.0072696114562	9.999999999999998	89.8848436393439	0.4057606488615442	6.495740331211831	9.999999999999998	0.9999999999999999	323.40138026705904	9.999999999999998	68.43370281335342	0.308925315250702	4.931517485929425	9.999999999999998	0.9999999999999999
5.5	28.5	351.8573823132449	9.999999999999998	176.5553517354003	1.03960702026685	16.492162420336257	9.999999999999998	0.9999999999999999	419.32281333180936	7.074905484454221	62.97807774554403	0.3708324392528253	4.235516105786935	7.074905484454221	0.9999999999999999	341.99894048802463	9.999999999999998	34.36972156552609	0.20237848058940267	3.2886477450585683	9.999999999999998	0.9999999999999999	322.6981923281907	9.999999999999998	43.33706507340369	0.2551806934495677	4.057171920205787	9.999999999999998	0.9999999999999999
6.0	28.5	353.47088347642614	8.654403491343496	43.46011994982852	0.7120842512388614	9.984740090033469	8.654403491343496	0.9999999999999999	420.0587834827691	9.999999999999998	19.02748196252246	0.3117609951809903	4.901344396782811	9.999999999999998	0.9999999999999999	346.7704871224179	9.999999999999998	31.741785962773108	0.5200819950883425	8.171088635455883	9.999999999999998	0.9999999999999999	317.00000000000006	9.999999999999998	16.745775413838082	0.27437574863444614	4.358181636632961	9.999999999999998	0.9999999999999999
6.5	28.5	359.99999999999994	9.999999999999998	10.5232805659043	0.7218801127479326	11.344887827529469	9.999999999999998	0.9999999999999999	418.00000000000006	9.999999999999998	10.977086009057233	0.7530104358840728	11.82913381430268	9.999999999999998	0.9999999999999999	344.3569437141449	9.999999999999998	13.832240885256578	0.9488694658734037	15.0285354094538	9.999999999999998	0.9999999999999999	318.7701385655491	9.999999999999998	9.681530186555836	0.6641373912701396	10.50132093228077	9.999999999999998	0.9999999999999999
7.0	28.5	354.68393358269384	9.999999999999998	8.921354106780226	0.6150127061888964	9.737343099865535	9.999999999999998	0.9999999999999999	418.14998516055164	9.999999999999998	8.657562367691398	0.5968276560961087	9.379241566976033	9.999999999999998	0.9999999999999999	340.00000000000006	9.999999999999998	6.12397653255854	0.4221694750423276	6.822015294272867	9.999999999999998	0.9999999999999999	317.00000000000006	9.999999999999998	13.625565451535657	0.9393076187093793	14.919952785122778	9.999999999999998	0.9999999999999999
7.5	28.5	357.5691974102074	9.999999999999998	6.761078954028307	0.5128189546269073	8.116778962438808	9.999999999999998	0.9999999999999999	418.00000000000006	9.999999999999998	10.572932883748265	0.8019430664322836	12.597822542980184	9.999999999999998	0.9999999999999999	340.00000000000006	9.999999999999998	8.040265526806333	0.6098435753250517	9.854720542181369	9.999999999999998	0.9999999999999999	317.00000000000006	9.999999999999998	10.795968706834596	0.8188600405450231	13.006764662829275	9.999999999999998	0.9999999999999999
8.0	28.5	359.99999999999994	9.999999999999998	7.56716469650041	0.5167941828027051	8.121808497394762	9.999999999999998	0.9999999999999999	418.00000000000006	9.999999999999998	9.948689000059959	0.6794387076208351	10.673386460610844	9.999999999999998	0.9999999999999999	340.00000000000006	9.999999999999998	4.415412596406773	0.3015474931518407	4.872833617412165	9.999999999999998	0.9999999999999999	318.2692809409736	9.999999999999998	11.51032449179118	0.7860895035468404	12.352229305151214	9.999999999999998	0.9999999999999999
8.5	28.5	359.99999999999994	9.999999999999998	10.082681795041879	0.6950713246207192	10.923567598970353	9.999999999999998	0.9999999999999999	418.00000000000006	9.999999999999998	8.172344916426367	0.5633781489673881	8.850176829707788	9.999999999999998	0.9999999999999999	340.00000000000006	9.999999999999998	6.246729596656601	0.430631721158817	6.958760312194411	9.999999999999998	0.9999999999999999	317.00000000000006	9.999999999999998	13.12330297999811	0.9046830764997311	14.36997690428807	9.999999999999998	0.9999999999999999
9.0	28.5	359.99999999999994	9.999999999999998	6.695904158445749	0.46159653429040276	7.254336018714455	9.999999999999998	0.9999999999999999	418.00000000000006	9.999999999999998	8.143690054685507	0.5614027645298035	8.819145271932038	9.999999999999998	0.9999999999999999	340.00000000000006	9.999999999999998	9.611445244918825	0.6625856209397007	10.70700158831408	9.999999999999998	0.9999999999999999	317.00000000000006	9.999999999999998	11.553639136080639	0.7964749281738089	12.65119976266687	9.999999999999998	0.9999999999999999
9.5	28.5	359.99999999999994	9.999999999999998	6.5541054763735085	0.45139702357418854	7.09404305188003	9.999999999999998	0.9999999999999999	423.99999999999994	9.999999999999998	11.099852938717879	0.7644735954754297	12.067690477340356	9.999999999999998	0.9999999999999999	340.00000000000006	9.999999999999998	8.821813779117852	0.6075795540328937	9.818135263532046	9.999999999999998	0.9999999999999999	317.00000000000006	9.999999999999998	10.055611856707117	0.6925541980820324	11.000523929232038	9.999999999999998	0.9999999999999999
10.0	28.5	357.6454510134343	9.999999999999998	8.12033986170271	0.5597930688261582	8.838896431977759	9.999999999999998	0.9999999999999999	423.6059839937412	9.999999999999998	9.411195988000749	0.648781008328718	10.191762939457778	9.999999999999998	0.9999999999999999	340.00000000000006	9.999999999999998	8.928697403641415	0.615518932129588	9.94643103573877	9.999999999999998	0.9999999999999999	317.00000000000006	9.999999999999998	9.60886720743469	0.662407898388752	10.521680407566677	9.999999999999998	0.9999999999999999
0.0	29.0	359.99999999999994	9.999999999999998	7.5829833053413065	0.5225036976462146	8.211537808821088	9.999999999999998	0.9999999999999999	418.00000000000006	9.999999999999998	7.252499797901979	0.4997318085763142	7.850348618306243	9.999999999999998	0.9999999999999999	344.62306650619126	9.999999999999998	9.464042498845824	0.6521176430448823	10.25814343698619	9.999999999999998	0.9999999999999999	319.53333124739913	9.999999999999998	13.35373720945729	0.9201361506918455	14.755280314695057	9.999999999999998	0.9999999999999999
0.5	29.0	359.99999999999994	9.999999999999998	9.390269694759363	0.5928362552721143	9.316866744746077	9.999999999999998	0.9999999999999999	423.99999999999994	9.999999999999998	9.302668710631936	0.5873057389955436	9.27098583353446	9.999999999999998	0.9999999999999999	340.00000000000006	9.999999999999998	9.495583775378824	0.5994850531460146	9.687332796479549	9.999999999999998	0.9999999999999999	317.00000000000006	9.999999999999998	8.45305111568509	0.5336667989251971	8.476758076221964	9.999999999999998	0.9999999999999999
1.0	29.0	357.61750229345216	9.999999999999998	11.080662100562536	0.8351490781494606	13.197632917241894	9.999999999999998	0.9999999999999999	422.5239772820411	9.999999999999998	8.46681754597258	0.6381437141756808	10.246288577554216	9.999999999999998	0.9999999999999999	340.00000000000006	9.999999999999998	6.678282607208988	0.5033419043388224	8.133714947779199	9.999999999999998	0.9999999999999999	317.00000000000006	9.999999999999998	8.324759283274116	0.62743678835668	9.96619964692006	9.999999999999998	0.9999999999999999
1.5	29.0	349.22388966297143	9.999999999999998	9.100302547679101	0.6266126094666009	10.003042056601597	9.999999999999998	0.9999999999999999	418.00000000000006	9.999999999999998	10.256777790940676	0.706243145502842	11.094460681383314	9.999999999999998	0.9999999999999999	340.00000000000006	9.999999999999998	2.924277521073283	0.2013547526232056	3.253776701483009	9.999999999999998	0.9999999999999999	324.99999999999994	9.999999999999998	11.008592946533733	0.7580103097278216	12.318448902520764	9.999999999999998	0.9999999999999999
2.0	29.0	348.8263529013184	9.999999999999998	8.713033956118695	0.5943565105082697	9.357715205856536	9.999999999999998	0.9999999999999999	423.99999999999994	9.999999999999998	10.743372775171663	0.7328553504897632	11.568576843878041	9.999999999999998	0.9999999999999999	340.00000000000006	9.999999999999998	6.881860917559375	0.4694436933637159	7.585939404089122	9.999999999999998	0.9999999999999999	317.00000000000006	9.999999999999998	8.928441829442948	0.6090504819273874	9.674151740191943	9.999999999999998	0.9999999999999999
2.5	29.0	351.59320494688365	9.999999999999998	6.5049218798489425	0.5408229888957673	8.6926724015673	9.999999999999998	0.9999999999999999	418.00000000000085	9.999999999999998	10.975915509128683	0.9125439999368953	14.33526624902496	9.999999999999998	0.9999999999999999	340.00000000000006	9.999999999999998	6.1855044635182175	0.5142664391022196	8.3102491304821	9.999999999999998	0.9999999999999999	324.99999999999994	9.999999999999998	9.276274047620376	0.7712348201738574	12.533360829310833	9.999999999999998	0.9999999999999999
3.0	29.0	356.154361019384	9.999999999999998	8.26700085716429	0.565513008690555	8.883405988452406	9.999999999999998	0.9999999999999999	423.99999999999994	9.999999999999998	5.974933818107246	0.4087217188657448	6.4519261670128625	9.999999999999998	0.9999999999999999	340.00000000000006	9.999999999999998	8.462246117792265	0.5788689689327282	9.354188762802181	9.999999999999998	0.9999999999999999	317.00000000000006	9.999999999999998	9.68114928100935	0.6622493395221383	10.519161860121281	9.999999999999998	0.9999999999999999
3.5	29.0	351.5719111035189	9.999999999999998	7.430385625103349	0.5123499773117093	8.245620836227687	9.999999999999998	0.9999999999999999	423.2730467783381	9.999999999999998	10.680853010959755	0.7364805911750802	11.633819179241025	9.999999999999998	0.9999999999999999	340.00000000000006	9.999999999999998	4.958892742971639	0.3419322646955327	5.5254282397475665	9.999999999999998	0.9999999999999999	321.9402003780352	9.999999999999998	10.952625592580334	0.7552202209941331	11.883163733096447	9.999999999999998	0.9999999999999999
4.0	29.0	353.31992329380984	9.999999999999998	10.155580589928526	0.6378547744096429	10.357406343544042	9.999999999999998	0.9999999999999999	418.00000000000006	9.999999999999998	11.463956047502252	0.7200316155014702	11.311065457274337	9.999999999999998	0.9999999999999999	341.00976219194285	9.999999999999998	10.081510636993551	0.6332025664239442	9.946711268157447	9.999999999999998	0.9999999999999999	317.00000000000006	9.999999999999998	11.34677942957285	0.7126719510752367	11.320074115797956	9.999999999999998	0.9999999999999999
4.5	29.0	353.5371244392718	9.999999999999998	87.00715725643525	0.6762125012846554	10.830799457189565	9.999999999999998	0.9999999999999999	420.1993320591772	6.958263655224216	62.87299461875091	0.4886437655823732	5.377284306349871	6.958263655224216	0.9999999999999999	347.72575513185114	9.999999999999998	75.40731806651789	0.5860595009976171	9.47826105145091	9.999999999999998	0.9999999999999999	322.91494295343875	9.999999999999998	43.60036861681601	0.3388584945076976	5.448506858856546	9.999999999999998	0.9999999999999999
5.0	29.0	352.99486672173987	9.999999999999998	121.63514371395084	0.9167636386889658	14.635983513185556	9.999999999999998	0.9999999999999999	420.61954428633146	4.196051963803189	58.52428186649957	0.4410973009722118	3.237892414651459	4.196051963803189	0.9999999999999999	345.4922636731068	9.999999999999998	41.89144391333984	0.31573566141578363	5.05123252083937	9.999999999999998	0.9999999999999999	322.78316704474554	9.999999999999998	34.64557016826931	0.26112353717944076	4.168226632968877	9.999999999999998	0.9999999999999999
5.5	29.0	352.22765367370124	9.999999999999998	31.006190078746958	0.8060283586473627	12.669337447454492	9.999999999999998	0.9999999999999999	421.1870992762438	9.999999999999998	15.566691272083137	0.40466740943473123	6.445669286859149	9.999999999999998	0.9999999999999999	342.7656623571039	9.999999999999998	19.443158676897937	0.5054389860688621	7.947758921695062	9.999999999999998	0.9999999999999999	317.00000000000006	9.999999999999998	13.600968064249312	0.3535670115225296	5.616054861283143	9.999999999999998	0.9999999999999999
6.0	29.0	357.7161178886979	9.999999999999998	10.220695320353668	0.6423954126296432	10.124608246771283	9.999999999999998	0.9999999999999999	420.34127852742677	9.999999999999998	10.836878623973398	0.6811240230790735	10.777895969160761	9.999999999999998	0.9999999999999999	345.53022792364675	9.999999999999998	10.660237000686873	0.6700216699688362	10.74154024972393	9.999999999999998	0.9999999999999999	324.99999999999994	9.999999999999998	13.137067091142715	0.8256964296697094	13.418418123537592	9.999999999999998	0.9999999999999999
6.5	29.0	359.99999999999994	9.999999999999998	11.057562880704568	0.6989179871378632	10.984020787798675	9.999999999999998	0.9999999999999999	422.04664605969697	9.999999999999998	9.711962435248607	0.61386630215301	9.670157714770745	9.999999999999998	0.9999999999999999	340.00000000000006	9.999999999999998	8.80900011506812	0.556792549637151	8.997446556222446	9.999999999999998	0.9999999999999999	318.02040767557844	9.999999999999998	12.013427235529655	0.759335531045026	11.98370413637127	9.999999999999998	0.9999999999999999
7.0	29.0	359.99999999999994	9.999999999999998	7.847491353706726	0.49311838184127116	7.749725513820214	9.999999999999998	0.9999999999999999	418.00000000000006	9.999999999999998	5.77404803838441	0.36282795316709493	5.699709067835367	9.999999999999998	0.9999999999999999	346.0237068869688	9.999999999999998	9.712601462171644	0.6103176289876338	9.76183226934133	9.999999999999998	0.9999999999999999	318.1530848701428	9.999999999999998	11.465233168165858	0.720448990956621	11.336786450977065	9.999999999999998	0.9999999999999999
7.5	29.0	359.99999999999994	9.999999999999998	5.826368583128775	0.39800066874843126	6.254879255565969	9.999999999999998	0.9999999999999999	423.99999999999994	9.999999999999998	9.295110380632781	0.6349512727867472	10.023100174465135	9.999999999999998	0.9999999999999999	342.61032414648116	9.999999999999998	8.815206347994534	0.6021689104627826	9.496965998003994	9.999999999999998	0.9999999999999999	317.00000000000006	9.999999999999998	10.863652337322021	0.7420987590494597	11.78748923822136	9.999999999999998	0.9999999999999999
8.0	29.0	359.99999999999994	9.999999999999998	9.091717330780554	0.6831631968634968	10.736422432818987	9.999999999999998	0.9999999999999999	418.3127571573838	9.999999999999998	9.132451855510482	0.6862240408300154	10.810564875856906	9.999999999999998	0.9999999999999999	340.00000000000006	9.999999999999998	7.128851192208389	0.5356709401803534	8.656133526095186	9.999999999999998	0.9999999999999999	317.00000000000006	9.999999999999998	11.342879289236556	0.8523183679101816	13.538216398782664	9.999999999999998	0.9999999999999999
8.5	29.0	353.8784773421563	9.999999999999998	6.094401239485229	0.41592146867081775	6.567110785012358	9.999999999999998	0.9999999999999999	423.99999999999994	9.999999999999998	9.00794161133565	0.61476036077404	9.704374088872822	9.999999999999998	0.9999999999999999	340.00000000000006	9.999999999999998	9.513519440337019	0.649264270986459	10.491736254144042	9.999999999999998	0.9999999999999999	317.00000000000006	9.999999999999998	8.8239965536412	0.6022067569753056	9.565446081762678	9.999999999999998	0.9999999999999999
9.0	29.0	352.30106688786213	9.999999999999998	10.26655346044584	0.7067503000146439	11.10292198836788	9.999999999999998	0.9999999999999999	418.00000000000006	9.999999999999998	10.416407639316906	0.7170662727783971	11.264482522689482	9.999999999999998	0.9999999999999999	340.00000000000006	9.999999999999998	4.533217920892391	0.31206705716441335	5.0428237062873915	9.999999999999998	0.9999999999999999	317.00000000000006	9.999999999999998	11.820250071481162	0.8137068897028511	12.924912066588798	9.999999999999998	0.9999999999999999
9.5	29.0	353.40869348938884	9.999999999999998	8.461437842640018	0.5834444812735751	9.417016827610734	9.999999999999998	0.9999999999999999	423.99999999999994	9.999999999999998	9.689622307325218	0.6681319139809863	10.546877202398646	9.999999999999998	0.9999999999999999	343.02520112915835	9.999999999999998	3.292407421716626	0.22702251981625168	3.567416472534413	9.999999999999998	0.9999999999999999	317.00000000000006	9.999999999999998	13.227085322430899	0.9120518377877938	14.487022234606798	9.999999999999998	0.9999999999999999
10.0	29.0	356.6249113070711	9.999999999999998	9.09439976210576	0.5661621598886819	8.982851426652172	9.999999999999998	0.9999999999999999	423.99999999999994	9.999999999999998	11.007713840704087	0.685273487697064	10.817467589201334	9.999999999999998	0.9999999999999999	340.00000000000006	9.999999999999998	7.215286090631553	0.44917994195813293	7.2584888654295705	9.999999999999998	0.9999999999999999	317.00000000000006	9.999999999999998	11.002330229806738	0.68493833674116	10.879553664155315	9.999999999999998	0.9999999999999999
0.0	29.5	357.06583445497097	9.999999999999998	9.14067442553566	0.5765369656248094	9.376321542049523	9.999999999999998	0.9999999999999999	423.99999999999994	9.999999999999998	8.560400115042073	0.5399368664825193	8.523238762699043	9.999999999999998	0.9999999999999999	340.00000000000006	9.999999999999998	8.202264585264558	0.5173479018166803	8.360043791180095	9.999999999999998	0.9999999999999999	317.9642999576186	9.999999999999998	12.46734489934784	0.7863626755579061	12.43080767070775	9.999999999999998	0.9999999999999999
0.5	29.5	352.28179587958016	9.999999999999998	8.21788082053927	0.5661181688486779	8.894494045344564	9.999999999999998	0.9999999999999999	423.5591216209186	9.999999999999998	8.7104139748581	0.6000480801615001	9.428540824319795	9.999999999999998	0.9999999999999999	340.00000000000006	9.999999999999998	3.81343916529662	0.26270242224465434	4.24511966957316	9.999999999999998	0.9999999999999999	317.00000000000006	9.999999999999998	13.156886969456663	0.9063593061950813	14.39660211994001	9.999999999999998	0.9999999999999999
1.0	29.5	359.99999999999994	9.999999999999998	6.59326919558063	0.5552649432687357	8.726405374936492	9.999999999999998	0.9999999999999999	420.1034571481351	9.999999999999998	9.393768724162694	0.791114438524374	12.444996315456038	9.999999999999998	0.9999999999999999	340.00000000000006	9.999999999999998	5.557457352152	0.46803204143848776	7.563127922934236	9.999999999999998	0.9999999999999999	321.23953611545437	9.999999999999998	9.428865292462179	0.7940701640419675	12.88362158410927	9.999999999999998	0.9999999999999999
1.5	29.5	352.65448668891105	9.999999999999998	8.65087984058833	0.6461112211378384	10.18538924029076	9.999999999999998	0.9999999999999999	423.99999999999994	9.999999999999998	11.004767146016304	0.8219168073159366	12.974467251081537	9.999999999999998	0.9999999999999999	340.356383471747	9.999999999999998	6.537953163780055	0.48830234383473325	7.8140433514897945	9.999999999999998	0.9999999999999999	321.2727030214048	9.999999999999998	10.89203488934399	0.8134971347089455	13.168631789293645	9.999999999999998	0.9999999999999999
2.0	29.5	359.99999999999994	9.999999999999998	7.684798813699039	0.5827449376983254	9.15827411435651	9.999999999999998	0.9999999999999999	423.99999999999994	9.999999999999998	9.773312296427532	0.7411187206534705	11.699019273839658	9.999999999999998	0.9999999999999999	343.6582322732068	9.999999999999998	8.53500972809905	0.6472171663608719	10.383467524693577	9.999999999999998	0.9999999999999999	317.00000000000006	9.999999999999998	12.59028376016345	0.9547321020742631	15.16495512403192	9.999999999999998	0.9999999999999999
2.5	29.5	359.99999999999994	9.999999999999998	7.780948650965929	0.5362704006278385	8.427891879702624	9.999999999999998	0.9999999999999999	419.7638955516767	9.999999999999998	11.084418175858165	0.763948670340606	12.010622042504846	9.999999999999998	0.9999999999999999	340.7257994240239	9.999999999999998	10.519637872299619	0.7250234732673089	11.433905676553932	9.999999999999998	0.9999999999999999	317.00000000000006	9.999999999999998	10.18659405963938	0.7020697761214271	11.151669275275319	9.999999999999998	0.9999999999999999
3.0	29.5	356.518571183099	9.999999999999998	7.5564504726329575	0.5125878071376211	8.102094661379887	9.999999999999998	0.9999999999999999	418.00000000000006	9.999999999999998	9.779596636779868	0.6633937472220021	10.421334198705402	9.999999999999998	0.9999999999999999	343.1011630087431	9.999999999999998	8.234416852605305	0.5585772966845522	8.784667789209694	9.999999999999998	0.9999999999999999	317.00000000000006	9.999999999999998	10.385979183103837	0.7045273854073427	11.190705916498906	9.999999999999998	0.9999999999999999
3.5	29.5	359.99999999999994	9.999999999999998	9.14661210601899	0.5778604781672773	9.081511166466301	9.999999999999998	0.9999999999999999	418.00000000000006	9.999999999999998	11.277693265619025	0.7124969494230524	11.192702458515827	9.999999999999998	0.9999999999999999	341.9859247233573	9.999999999999998	6.699240303037152	0.42324154123941227	6.8841443810368235	9.999999999999998	0.9999999999999999	317.4030775672206	9.999999999999998	11.107580667919141	0.7017496534942741	11.406361290129725	9.999999999999998	0.9999999999999999
4.0	29.5	351.3744456588577	9.999999999999998	74.69436301428105	0.8663121088630606	14.052572413796774	9.999999999999998	0.9999999999999999	420.66223522802545	8.912274588712682	34.60904338244371	0.40139887601217733	5.778564627464346	8.912274588712682	0.9999999999999999	344.6708901172131	9.999999999999998	18.764925464151712	0.21763733560990844	3.421381481507163	9.999999999999998	0.9999999999999999	323.8787784026827	9.999999999999998	31.32163627639259	0.3632712253059245	5.7121150333914805	9.999999999999998	0.9999999999999999
4.5	29.5	351.3822117160228	9.999999999999998	172.37095712473854	1.0313201191704948	16.73832595384112	9.999999999999998	0.9999999999999999	420.23103394262506	5.710492887226108	71.8513007344308	0.4298966210552718	3.9042930341641426	5.710492887226108	0.9999999999999999	340.00000000000006	9.999999999999998	39.04922577789676	0.23363710949073915	3.7754409744942397	9.999999999999998	0.9999999999999999	320.81231835707547	9.999999999999998	51.45654915196203	0.307871901906888	4.895939066400107	9.999999999999998	0.9999999999999999
5.0	29.5	352.2791661071279	9.999999999999998	40.15721405432878	1.0091186835791668	15.854890701098228	9.999999999999998	0.9999999999999999	420.43233504777527	9.999999999999998	15.59631905471299	0.39192302862145634	6.222957021780241	9.999999999999998	0.9999999999999999	340.00000000000006	9.999999999999998	10.010421218717223	0.25155388191616745	4.064965686099748	9.999999999999998	0.9999999999999999	317.00000000000006	9.999999999999998	16.94427331353342	0.425796041459088	6.763340047630701	9.999999999999998	0.9999999999999999
5.5	29.5	358.0727575858086	9.999999999999998	12.279497484204322	0.6199024501866272	9.739148057074235	9.999999999999998	0.9999999999999999	423.51437417185986	9.999999999999998	8.511238892199739	0.4296705015970946	6.754100619616416	9.999999999999998	0.9999999999999999	340.00000000000006	9.999999999999998	11.981145593129863	0.6048408347961945	9.773879139809203	9.999999999999998	0.9999999999999999	317.00000000000006	9.999999999999998	11.498424284639205	0.5804717494752699	9.220207440847158	9.999999999999998	0.9999999999999999
6.0	29.5	355.38753640814366	9.999999999999998	7.156038302730107	0.4523134021831484	7.258665904731374	9.999999999999998	0.9999999999999999	418.00000000000006	9.999999999999998	10.649079153867374	0.6730988597931014	10.573793009122312	9.999999999999998	0.9999999999999999	343.69234562608705	9.999999999999998	7.060744548482775	0.4462901473643513	7.174246827756043	9.999999999999998	0.9999999999999999	320.96221292433796	9.999999999999998	10.747330542889326	0.6793090585312473	10.883518551538671	9.999999999999998	0.9999999999999999
6.5	29.5	352.21167228217905	9.999999999999998	6.109367681990115	0.5064026098475795	7.961132781425458	9.999999999999998	0.9999999999999999	418.00000000000006	9.999999999999998	6.933833992148376	0.5747422339999014	9.028696643140242	9.999999999999998	0.9999999999999999	340.2220160337668	9.999999999999998	5.87873884792142	0.48728589441027137	7.859636128667142	9.999999999999998	0.9999999999999999	321.04041133376944	9.999999999999998	10.95930377906703	0.9084115287728338	14.620617396358499	9.999999999999998	0.9999999999999999
7.0	29.5	359.99999999999994	9.999999999999998	8.519604052063078	0.5867656425419279	9.221462508984308	9.999999999999998	0.9999999999999999	418.00000000000006	9.999999999999998	10.13523886450227	0.6980383018158556	10.965569779911476	9.999999999999998	0.9999999999999999	340.00000000000006	9.999999999999998	5.446112074834241	0.37508685044719087	6.061187228600126	9.999999999999998	0.9999999999999999	322.63401249366433	9.999999999999998	10.054760292433038	0.6924955488002826	10.98111265760792	9.999999999999998	0.9999999999999999
7.5	29.5	350.6539626054056	9.999999999999998	10.835714484597624	0.6747227995158938	10.612758595700893	9.999999999999998	0.9999999999999999	421.82492677386614	9.999999999999998	13.61424177996744	0.8477372987377108	13.317335371470246	9.999999999999998	0.9999999999999999	340.00000000000006	9.999999999999998	3.738649061423783	0.23279976273987218	3.7619099338133584	9.999999999999998	0.9999999999999999	317.00000000000006	9.999999999999998	11.664687279476807	0.7263416240685755	11.53720306438342	9.999999999999998	0.9999999999999999
8.0	29.5	359.99999999999994	9.999999999999998	9.408223921298013	0.5946678302042736	9.345651319616778	9.999999999999998	0.9999999999999999	423.99999999999994	9.999999999999998	8.282513953014458	0.5235148145151928	8.264006473556016	9.999999999999998	0.9999999999999999	340.00000000000006	9.999999999999998	8.837971435074934	0.5586237466995003	9.02703764488399	9.999999999999998	0.9999999999999999	317.00000000000006	9.999999999999998	10.415178755780113	0.6583146621190225	10.456663483753548	9.999999999999998	0.9999999999999999
8.5	29.5	359.9999999999947	9.999999999999998	7.795641949609669	0.590456426518486	9.279465949541763	9.999999999999998	0.9999999999999999	419.8308104343712	9.999999999999998	8.900925213165802	0.6741726374871954	10.592678785639706	9.999999999999998	0.9999999999999999	340.4223594626389	9.999999999999998	9.740502604276259	0.7377637912812219	11.766183803554346	9.999999999999998	0.9999999999999999	317.00000000000006	9.999999999999998	9.489922072092336	0.7187843555214988	11.417163486655088	9.999999999999998	0.9999999999999999
9.0	29.5	359.9999999999797	9.999999999999998	9.061718102977238	0.5727661551529911	9.001450056408226	9.999999999999998	0.9999999999999999	418.00000000000006	9.999999999999998	8.111077941429645	0.5126788180634895	8.053734787236337	9.999999999999998	0.9999999999999999	346.37862843174946	3.8440739164760918	7.283982170736724	0.4604003804493863	1.9205900470979569	3.8440739164760918	1.1042170844052781e-07	319.699663351208	9.999999999999998	10.57112279173589	0.6681714536102612	10.62548704731868	9.999999999999998	0.9999999999999999
9.5	29.5	359.99999999999994	9.999999999999998	6.828123622544876	0.4291640788132942	6.744635636529776	9.999999999999998	0.9999999999999999	418.00000000000006	9.999999999999998	7.484226118178586	0.47040170699800476	7.389598435010873	9.999999999999998	0.9999999999999999	345.25600058979643	9.999999999999998	11.399970832053995	0.7165157298094484	11.34355387297878	9.999999999999998	0.9999999999999999	319.16142345615435	9.999999999999998	12.25271592343917	0.7701128205824592	12.405148000289676	9.999999999999998	0.9999999999999999
10.0	29.5	359.99999999999994	9.999999999999998	10.6624065170789	0.6709432629916263	10.544376999528865	9.999999999999998	0.9999999999999999	418.00000000000006	9.999999999999998	11.766006769017844	0.7403884818442604	11.630853981487846	9.999999999999998	0.9999999999999999	340.00000000000006	9.999999999999998	7.498402149737614	0.47184492520612376	7.624741926115042	9.999999999999998	0.9999999999999999	317.00000000000006	9.999999999999998	10.612085220472775	0.66777674191697	10.606959064266796	9.999999999999998	0.9999999999999999
0.0	30.0	356.4444677680743	9.999999999999998	7.533367992984829	0.5189630497917042	8.185539692326739	9.999999999999998	0.9999999999999999	418.8689227918514	9.999999999999998	6.863208393558259	0.47279670428867493	7.629332347749355	9.999999999999998	0.9999999999999999	340.00000000000006	9.999999999999998	7.506625961149485	0.5171208290994692	8.35637442699982	9.999999999999998	0.9999999999999999	320.1046895020194	9.999999999999998	11.759249998821069	0.8100780750832977	12.736308188227941	9.999999999999998	0.9999999999999999
0.5	30.0	359.99999999999994	9.999999999999998	9.03069639200428	0.5690659667517386	8.943298818258762	9.999999999999998	0.9999999999999999	419.8001319044982	9.999999999999998	10.83780725610491	0.6829403842127776	10.732982985926116	9.999999999999998	0.9999999999999999	346.18399989674435	9.999999999999998	9.341944756408976	0.588679166410037	9.34513501798858	9.999999999999998	0.9999999999999999	317.00000000000074	9.999999999999998	12.471693131468594	0.785899093581977	12.483213312189791	9.999999999999998	0.9999999999999999
1.0	30.0	348.5625648899287	9.999999999999998	9.556763742353342	0.4528296380569613	7.113186749194845	9.999999999999998	0.9999999999999999	423.99999999999994	9.999999999999998	11.697159378141265	0.5542483407875859	8.749154272678881	9.999999999999998	0.9999999999999999	340.00000000000006	9.999999999999998	3.553529635331552	0.16837745307656027	2.7208825554804448	9.999999999999998	0.9999999999999999	317.00000000000006	9.999999999999998	10.731729205044848	0.5085032111978419	8.077059901397943	9.999999999999998	0.9999999999999999
1.5	30.0	353.99136220118174	9.999999999999998	16.168926930453512	1.0155428484215308	15.991013137868473	9.999999999999998	0.9999999999999999	421.69938495205037	9.999999999999998	10.015963851367742	0.6290856841060499	9.884178954809316	9.999999999999998	0.9999999999999999	340.00000000000006	9.999999999999998	4.630430349706192	0.29082946858405007	4.699636520396733	9.999999999999998	0.9999999999999999	324.9448482907057	9.999999999999998	12.317420213419414	0.7736362507261351	12.551061321948936	9.999999999999998	0.9999999999999999
2.0	30.0	359.99999999999994	9.999999999999998	10.300918668183419	0.6501756222673537	10.217997936996671	9.999999999999998	0.9999999999999999	420.29610807654717	9.999999999999998	8.58304597679259	0.5417465605419206	8.55992719389053	9.999999999999998	0.9999999999999999	346.8388404378895	9.999999999999998	9.559426198335355	0.603373939473848	9.485166150240897	9.999999999999998	0.9999999999999999	317.00000000000006	9.999999999999998	14.98752664570721	0.9459859627102258	15.02603153418301	9.999999999999998	0.9999999999999999
2.5	30.0	355.05172977988553	9.999999999999998	9.764462177018258	0.6132892909471073	9.888505237995213	9.999999999999998	0.9999999999999999	418.00000000000006	9.999999999999998	11.950394942586021	0.750584016611402	11.79101689467151	9.999999999999998	0.9999999999999999	340.00000000000006	9.999999999999998	8.240202488293114	0.5175531278312641	8.363360125242695	9.999999999999998	0.9999999999999999	321.5493239811221	9.999999999999998	11.056898330315017	0.6944650113995184	11.064231834841703	9.999999999999998	0.9999999999999999
3.0	30.0	354.4232486885704	9.999999999999998	13.257595974231634	0.8976523312953527	14.1195863497164	9.999999999999998	0.9999999999999999	422.4466200762107	9.999999999999998	11.214622768472337	0.7593256192362262	12.139920497499311	9.999999999999998	0.9999999999999999	340.00000000000006	9.999999999999998	6.014295295973434	0.4072190919094681	6.5804257232187755	9.999999999999998	0.9999999999999999	317.00000000000006	9.999999999999998	11.081795241418275	0.7503320626704639	11.918266950276703	9.999999999999998	0.9999999999999999
3.5	30.0	350.9694997585237	9.999999999999998	23.594899876534864	0.9364101344262282	14.855479789938968	9.999999999999998	0.9999999999999999	420.55332520196794	9.999999999999998	13.010753310718451	0.5163574043724913	8.24431789308246	9.999999999999998	0.9999999999999999	340.00000000000006	9.999999999999998	7.031453382944412	0.2790570946258961	4.509401745169619	9.999999999999998	0.9999999999999999	324.0995219068276	9.999999999999998	13.04555830278576	0.5177387091235602	8.133809725006252	9.999999999999998	0.9999999999999999
4.0	30.0	351.5397980649472	9.999999999999998	175.59105611270095	0.8942088666083794	14.420007993482074	9.999999999999998	0.9999999999999999	419.76051719565345	7.207399493642032	78.07143185779404	0.3975838413503433	4.5091534262162565	7.207399493642032	0.9999999999999999	342.67054945408773	9.999999999999998	42.61815900229703	0.2170357448839512	3.418209417095756	9.999999999999998	0.9999999999999999	321.9193356503207	9.999999999999998	56.263321190336804	0.2865246202570972	4.510007070410602	9.999999999999998	0.9999999999999999
4.5	30.0	351.1088279777295	9.999999999999998	56.398448868515835	0.9887776561815488	15.784665225231024	9.999999999999998	0.9999999999999999	420.9492056856022	9.999999999999998	22.423084035763996	0.39312152944017814	6.345338054382339	9.999999999999998	0.9999999999999999	340.00000000000006	9.999999999999998	6.62857227370007	0.11621213505178503	1.8779210946596587	9.999999999999998	0.9999999999999999	324.6908653034349	9.999999999999998	20.88535174263413	0.36616200549688	5.849402316703377	9.999999999999998	0.9999999999999999
5.0	30.0	353.37394846359416	9.999999999999998	14.377518495493344	0.8954735719824372	14.486400068318163	9.999999999999998	0.9999999999999999	420.37200766581554	9.999999999999998	14.085810485390137	0.8773051506470804	13.89726515799539	9.999999999999998	0.9999999999999999	340.0827768469356	9.999999999999998	10.993282998364055	0.6846935649879036	11.1275728767115	9.999999999999998	0.9999999999999999	317.00000000000006	9.999999999999998	9.863835123670544	0.6143482739672874	9.758301815764964	9.999999999999998	0.9999999999999999
5.5	30.0	358.53568986246796	9.999999999999998	7.232783769020901	0.4569495064185093	7.258343636294041	9.999999999999998	0.9999999999999999	423.99999999999994	9.999999999999998	11.521196481589897	0.7278808842816874	11.490051805414527	9.999999999999998	0.9999999999999999	340.00000000000006	9.999999999999998	6.7730267402181	0.42790318703540964	6.91466877402964	9.999999999999998	0.9999999999999999	317.00000000000006	9.999999999999998	9.803406987763823	0.6193551649456893	9.837831221797735	9.999999999999998	0.9999999999999999
6.0	30.0	359.9999999999998	9.999999999999998	10.661577279584337	0.6648073025154344	10.447945774887456	9.999999999999998	0.9999999999999999	418.00000000000006	9.999999999999998	11.551727787678914	0.7203130257870074	11.315486166159243	9.999999999999998	0.9999999999999999	340.00000000000006	9.999999999999998	8.507581879822817	0.5304939796557665	8.57247682904707	9.999999999999998	0.9999999999999999	317.00000000000006	9.999999999999998	9.920182647437276	0.6185773167851872	9.825475889425757	9.999999999999998	0.9999999999999999
6.5	30.0	359.99999999999994	9.999999999999998	9.570638898683082	0.725920384676183	11.4083837335799	9.999999999999998	0.9999999999999999	423.99999999999994	9.999999999999998	10.632818590186286	0.8064853185759806	12.730871617667226	9.999999999999998	0.9999999999999999	340.0000000000014	9.999999999999998	5.926324425132322	0.44950392047493026	7.263724171456045	9.999999999999998	0.9999999999999999	317.00000000000006	9.999999999999998	10.186543991417286	0.7726359766627487	12.272542096203404	9.999999999999998	0.9999999999999999
7.0	30.0	359.99999999999994	9.999999999999998	9.610471744374877	0.60673827968044	9.535347493422838	9.999999999999998	0.9999999999999999	423.99999999999994	9.999999999999998	11.76837953833845	0.7429735548514858	11.728298983591454	9.999999999999998	0.9999999999999999	340.42713857410234	9.999999999999998	7.318432301627392	0.462034866003968	7.367026726868024	9.999999999999998	0.9999999999999999	317.00000000000006	9.999999999999998	12.977952663829589	0.8193375811790948	13.014349913466457	9.999999999999998	0.9999999999999999
7.5	30.0	359.99999999999994	9.999999999999998	6.790232223114054	0.4610403631810055	7.2455953722586255	9.999999999999998	0.9999999999999999	423.99999999999994	9.999999999999998	13.39661902733173	0.909598066577766	14.358570382566601	9.999999999999998	0.9999999999999999	340.00000000000006	9.999999999999998	4.728910638506606	0.3210816076077794	5.188493643673252	9.999999999999998	0.9999999999999999	317.00000000000006	9.999999999999998	11.394872636901825	0.7736843227593215	12.289194015076186	9.999999999999998	0.9999999999999999
8.0	30.0	359.99999999999994	9.999999999999998	8.842805085761583	0.6584537666962152	10.348095190414586	9.999999999999998	0.9999999999999999	418.00000000000006	9.999999999999998	9.94447375592711	0.7404863206750104	11.63239094374763	9.999999999999998	0.9999999999999999	341.6699207881648	9.999999999999998	6.157635400863569	0.45851041432192585	7.316210827216545	9.999999999999998	0.9999999999999999	317.00000000000006	9.999999999999998	13.331420238843595	0.9926854416152395	15.767805588257	9.999999999999998	0.9999999999999999
8.5	30.0	359.99999999999994	9.999999999999998	9.950840171494503	0.5021097508397209	7.891031626707903	9.999999999999998	0.9999999999999999	423.99999999999994	9.999999999999998	9.770432261281524	0.493006542539175	7.7824144533945665	9.999999999999998	0.9999999999999999	340.00000000000006	9.999999999999998	8.475231878612187	0.42765198651961633	6.910609518536334	9.999999999999998	0.9999999999999999	317.84881280278904	9.999999999999998	13.747362421851326	0.6936785840569285	11.01163782338111	9.999999999999998	0.9999999999999999
9.0	30.0	359.99999999999994	9.999999999999998	7.095190137432706	0.4484673578359891	7.048001155746462	9.999999999999998	0.9999999999999999	423.99999999999994	9.999999999999998	5.382189813034347	0.3401933419781004	5.370163178612571	9.999999999999998	0.9999999999999999	342.81548041684295	9.999999999999998	4.979246560414335	0.31472441269501256	4.946171316696874	9.999999999999998	0.9999999999999999	324.1889227148537	9.999999999999998	12.31933938152462	0.7786713922674767	12.2423293274464	9.999999999999998	0.9999999999999999
9.5	30.0	359.99999999999994	9.999999999999998	9.60658889976181	0.6614735836544076	10.395553880639408	9.999999999999998	0.9999999999999999	419.48895103054514	9.999999999999998	7.73054069562688	0.5322959596667384	8.42117325070784	9.999999999999998	0.9999999999999999	340.00000000000006	9.999999999999998	4.140016643484145	0.2850659765010085	4.606501811557378	9.999999999999998	0.9999999999999999	317.00000000000006	9.999999999999998	12.574332575010017	0.8658212521887411	13.752696077097097	9.999999999999998	0.9999999999999999
10.0	30.0	359.99999999999994	9.999999999999998	8.22953328861775	0.6208406266620827	9.75697646170486	9.999999999999998	0.9999999999999999	418.00000000000006	9.999999999999998	9.218584459422692	0.6954552040807911	10.924991578989697	9.999999999999998	0.9999999999999999	342.52682665747574	9.999999999999998	7.911653926932796	0.5968596285677694	9.435724633342199	9.999999999999998	0.9999999999999999	318.2980953248758	9.999999999999998	10.379808229750179	0.7830585793854571	12.302346053827685	9.999999999999998	0.9999999999999999
0.0	30.5	353.5491508523059	9.999999999999998	8.428934905974273	0.5797040807677791	9.27894767762924	9.999999999999998	0.9999999999999999	423.99999999999994	9.999999999999998	10.138498220820722	0.6972801257844451	11.006999828077227	9.999999999999998	0.9999999999999999	340.00000000000006	9.999999999999998	6.198912379863883	0.4263332014086344	6.889298711552774	9.999999999999998	0.9999999999999999	317.00000000000006	9.999999999999998	12.893317592785339	0.8867441624059771	14.08503537292592	9.999999999999998	0.9999999999999999
0.5	30.5	352.8538183856076	9.999999999999998	11.711569968812851	0.732154708347281	11.614907899660151	9.999999999999998	0.9999999999999999	423.99999999999994	9.999999999999998	11.312335112172024	0.7071963397592682	11.163533424088246	9.999999999999998	0.9999999999999999	340.00000000000006	9.999999999999998	5.048067104150401	0.3155824631709376	5.099630640373951	9.999999999999998	0.9999999999999999	317.00000000000006	9.999999999999998	9.635761256377327	0.6023844788660808	9.568269014491463	9.999999999999998	0.9999999999999999
1.0	30.5	358.7647596605409	9.999999999999998	7.609535490309683	0.47895031861809445	7.6966504550126915	9.999999999999998	0.9999999999999999	422.8040403100783	9.999999999999998	10.801823054355465	0.6798754799327813	10.984040063619387	9.999999999999998	0.9999999999999999	340.00000000000006	9.999999999999998	8.196012046489015	0.515863627426738	8.336058772869453	9.999999999999998	0.9999999999999999	317.8221273967323	9.999999999999998	8.347731312854004	0.5254129607675905	8.349844264540375	9.999999999999998	0.9999999999999999
1.5	30.5	352.7284675892955	9.999999999999998	16.502138908141006	0.7773534719710136	12.27859352511323	9.999999999999998	0.9999999999999999	423.99999999999994	9.999999999999998	9.52607625821978	0.44873749365511717	7.083600023673391	9.999999999999998	0.9999999999999999	340.00000000000006	9.999999999999998	9.94438008317847	0.4684422078428021	7.5697559755265	9.999999999999998	0.9999999999999999	317.00000000000006	9.999999999999998	11.258610698089678	0.5303506511760375	8.424084418667759	9.999999999999998	0.9999999999999999
2.0	30.5	351.56303337259715	9.999999999999998	16.72135712416254	0.6002776308506999	9.665981532320965	9.999999999999998	0.9999999999999999	418.00000000000006	9.999999999999998	13.604732503387789	0.4883943650536764	7.672247319638413	9.999999999999998	0.9999999999999999	343.54549177482613	9.999999999999998	6.775873845009794	0.24324613537188658	3.8792272972462247	9.999999999999998	0.9999999999999999	324.3236713934236	9.999999999999998	14.104980683538301	0.5063527036136611	7.979540589717269	9.999999999999998	0.9999999999999999
2.5	30.5	351.0049605779818	9.999999999999998	17.484482083315573	0.8238207693882862	13.088291722225124	9.999999999999998	0.9999999999999999	418.00000000000006	9.999999999999998	10.156803422080458	0.4785606785395383	7.517768725291878	9.999999999999998	0.9999999999999999	340.00000000000006	9.999999999999998	8.190206095702088	0.38590001437036825	6.23592172274137	9.999999999999998	0.9999999999999999	317.00000000000006	9.999999999999998	13.312872026832528	0.627265962105823	9.963486244466507	9.999999999999998	0.9999999999999999
3.0	30.5	354.0362914451623	9.999999999999998	13.33367356411911	0.6698155816782937	10.538609491048184	9.999999999999998	0.9999999999999999	418.00000000000006	9.999999999999998	9.796520262058381	0.49212708607264716	7.730885094522668	9.999999999999998	0.9999999999999999	344.71468022142983	9.999999999999998	10.911238345718763	0.5481248227821718	8.613220017054456	9.999999999999998	0.9999999999999999	317.00000000000006	9.999999999999998	12.235358466702701	0.6146418471253715	9.762964928860557	9.999999999999998	0.9999999999999999
3.5	30.5	351.4309824560512	9.999999999999998	134.6048301053315	0.9849671303041799	16.0007628126762	9.999999999999998	0.9999999999999999	420.452898774573	9.999999999999998	46.27200182221566	0.3385940966055447	5.380841566873378	9.999999999999998	0.9999999999999999	340.00000000000006	9.999999999999998	25.276593160519845	0.1849607730250192	2.9888594439252203	9.999999999999998	0.9999999999999999	322.4322771717485	9.999999999999998	39.99911258494674	0.2926924026922293	4.612622338361276	9.999999999999998	0.9999999999999999
4.0	30.5	351.74141052532116	9.999999999999998	56.618190618130996	1.0408075009206978	16.59555254501303	9.999999999999998	0.9999999999999999	419.1979488044637	9.999999999999998	22.203969955599774	0.4081737375868289	6.5423807635019875	9.999999999999998	0.9999999999999999	340.00000000000006	9.999999999999998	16.105626980451706	0.2960684046112362	4.7842947058318535	9.999999999999998	0.9999999999999999	317.00000000000006	9.999999999999998	19.18071893034165	0.3525975648073478	5.600656179392241	9.999999999999998	0.9999999999999999
4.5	30.5	359.99999999999994	9.999999999999998	10.937278715737639	0.589367488435922	9.262352470198945	9.999999999999998	0.9999999999999999	422.90311774488197	9.999999999999998	10.765601921878211	0.580116492511856	9.314927722778915	9.999999999999998	0.9999999999999999	346.41162276445107	9.999999999999998	15.169859735405467	0.8174448475301711	12.882875542099008	9.999999999999998	0.9999999999999999	317.00000000000017	9.999999999999998	14.283395058328356	0.7696767075846891	12.225537095878021	9.999999999999998	0.9999999999999999
5.0	30.5	349.2583374049033	9.999999999999998	6.609232088914523	0.5472001859351302	8.750847079562378	9.999999999999998	0.9999999999999999	423.99999999999994	9.999999999999998	12.253227417939469	1.0144852278145846	16.01427936237204	9.999999999999998	0.9999999999999999	340.00000000000006	9.999999999999998	5.91798818576622	0.4899698167726215	7.917629723038986	9.999999999999998	0.9999999999999999	317.00000000000006	9.999999999999998	10.587844808472552	0.8766026930066569	13.923948374805406	9.999999999999998	0.9999999999999999
5.5	30.5	355.80060650536416	9.999999999999998	11.178751268107357	0.7657681153377658	12.078681145616558	9.999999999999998	0.9999999999999999	423.99999999999994	9.999999999999998	9.549165561655707	0.6541380463540306	10.325975311080933	9.999999999999998	0.9999999999999999	340.00000000000006	9.999999999999998	5.721489948566437	0.3919341677578521	6.33343016219753	9.999999999999998	0.9999999999999999	324.5837099892741	9.999999999999998	11.65399093440291	0.7983230380536112	12.688824370511508	9.999999999999998	0.9999999999999999
6.0	30.5	359.99999999999994	9.999999999999998	6.734871579847805	0.4246941846754428	6.674387894973606	9.999999999999998	0.9999999999999999	418.00000000000006	9.999999999999998	10.696192725921899	0.6744910864312956	10.59566366910022	9.999999999999998	0.9999999999999999	343.0292344170205	9.999999999999998	10.803517643527751	0.6812588870994424	10.705599431384913	9.999999999999998	0.9999999999999999	317.00000000000006	9.999999999999998	13.741505157257649	0.8665254058351043	13.763880846546373	9.999999999999998	0.9999999999999999
6.5	30.5	359.99999999999994	9.999999999999998	7.088542907495654	0.4471012562455766	7.026531843833653	9.999999999999998	0.9999999999999999	423.99999999999994	9.999999999999998	12.224704517034663	0.7710584273980462	12.171636138718009	9.999999999999998	0.9999999999999999	344.65684265569485	9.999999999999998	6.753807897971573	0.4259882510454055	6.6978929006788075	9.999999999999998	0.9999999999999999	317.00000000000006	9.999999999999998	13.028721018399605	0.8217707941698289	13.052999044182314	9.999999999999998	0.9999999999999999
7.0	30.5	359.99999999999994	9.999999999999998	8.600953459431974	0.5918123954376469	9.300776018920525	9.999999999999998	0.9999999999999999	418.00000000000006	9.999999999999998	8.881996729977955	0.6111503551124607	9.60063630830858	9.999999999999998	0.9999999999999999	340.01332830155985	9.999999999999998	7.156790714767791	0.4924427828298416	7.964637730218892	9.999999999999998	0.9999999999999999	317.91635129701507	9.999999999999998	15.021287378757618	1.0335812312100265	16.36517495881585	9.999999999999998	0.9999999999999999
7.5	30.5	359.9999999999997	9.999999999999998	4.743500371872018	0.2988398320279504	4.696492274664826	9.999999999999998	0.9999999999999999	418.00000000000006	9.999999999999998	9.202277971739111	0.5797421709200238	9.10724126891526	9.999999999999998	0.9999999999999999	347.77424475108813	9.999999999999998	8.582560109372233	0.5407000359193364	8.717126975619346	9.999999999999998	0.9999999999999999	317.00000000000006	9.999999999999998	9.719712065952605	0.6123404434356577	9.726409455758768	9.999999999999998	0.9999999999999999
8.0	30.5	352.67075661010097	9.999999999999998	9.647078513393456	0.8078888459068532	12.740748168776964	9.999999999999998	0.9999999999999999	423.99999999999994	9.999999999999998	8.503318416929181	0.7121053376619517	11.241025004692354	9.999999999999998	0.9999999999999999	340.00000000000006	9.999999999999998	6.914788188702104	0.5790748195637746	9.357515190306666	9.999999999999998	0.9999999999999999	317.00000000000006	9.999999999999998	9.72231231584475	0.8141892558963827	12.932573966363995	9.999999999999998	0.9999999999999999
8.5	30.5	354.8098383605638	9.999999999999998	11.432798632219157	0.8612865127587218	13.705842461664007	9.999999999999998	0.9999999999999999	421.07997476995433	9.999999999999998	7.9133506596117575	0.5961499378329373	9.547486315077702	9.999999999999998	0.9999999999999999	340.00000000000006	9.999999999999998	8.340163517592718	0.6283037585969133	10.153026459735198	9.999999999999998	0.9999999999999999	319.3023132781325	9.999999999999998	7.982158190288864	0.6013335328611409	9.77888753766009	9.999999999999998	0.9999999999999999
9.0	30.5	353.06191402734044	9.999999999999998	6.669935292695268	0.5003692400277726	8.016683297743523	9.999999999999998	0.9999999999999999	418.00000000000006	9.999999999999998	8.270721724368503	0.6204580047779079	9.746851324917161	9.999999999999998	0.9999999999999999	340.11950461375767	9.999999999999998	5.681625548933388	0.42622762190146796	6.922584614539239	9.999999999999998	0.9999999999999999	318.2315773883073	9.999999999999998	8.881800753690845	0.6663003010043488	10.473482497280955	9.999999999999998	0.9999999999999999
9.5	30.5	348.8048657918277	9.999999999999998	9.191810235770676	0.7701230375028902	12.120256681712629	9.999999999999998	0.9999999999999999	418.7216974444279	9.999999999999998	9.377953134124775	0.7857187613715337	12.569467075451644	9.999999999999998	0.9999999999999999	340.00000000000006	9.999999999999998	2.368145870772533	0.1984118083891621	3.2062204195589685	9.999999999999998	0.9999999999999999	317.00000000000006	9.999999999999998	11.63484885222808	0.9748096304355051	15.483866382947596	9.999999999999998	0.9999999999999999
10.0	30.5	354.12521670589075	9.999999999999998	10.056913291567565	0.6868298093785306	10.79421414891654	9.999999999999998	0.9999999999999999	423.99999999999994	9.999999999999998	11.723220416406736	0.8006290807592414	12.63842726674082	9.999999999999998	0.9999999999999999	341.0412534164856	9.999999999999998	5.186305257056136	0.35419506441101206	5.5636830740408865	9.999999999999998	0.9999999999999999	317.00000000000006	9.999999999999998	10.416445125273007	0.7113837827151082	11.299612862498623	9.999999999999998	0.9999999999999999
0.0	31.0	351.18797934050764	9.999999999999998	8.619284482650919	0.5448011488765914	8.733829162454203	9.999999999999998	0.9999999999999999	423.99999999999994	9.999999999999998	7.410614379142829	0.4684044523376375	7.39405518054993	9.999999999999998	0.9999999999999999	340.00000000000006	9.999999999999998	7.166139300824811	0.45295185835406043	7.319440859505304	9.999999999999998	0.9999999999999999	317.00000000000006	9.999999999999998	12.732152225298158	0.8047641511283221	12.78286569685425	9.999999999999998	0.9999999999999999
0.5	31.0	358.8340043562751	9.999999999999998	6.10961352270558	0.384724304533764	6.209019101213101	9.999999999999998	0.9999999999999999	423.99999999999994	9.999999999999998	8.773947427608311	0.5524982569777322	8.721528112858955	9.999999999999998	0.9999999999999999	340.00000000000006	9.999999999999998	9.880619788461399	0.6221857671277029	10.054163245219273	9.999999999999998	0.9999999999999999	317.00000000000006	9.999999999999998	8.739570778554762	0.5503335484654546	8.741492558588645	9.999999999999998	0.9999999999999999
1.0	31.0	359.99999999999994	9.999999999999998	9.871478642603671	0.6227776925247445	9.787418905731723	9.999999999999998	0.9999999999999999	418.00000000000006	9.999999999999998	11.22439050293342	0.7081309974419183	11.124117180343658	9.999999999999998	0.9999999999999999	340.00000000000006	9.999999999999998	7.721469110490333	0.48713661748488746	7.871846856168503	9.999999999999998	0.9999999999999999	317.00000000000006	9.999999999999998	15.871607537380939	1.0013173787489795	15.904915191026436	9.999999999999998	0.9999999999999999
1.5	31.0	354.01804141244855	9.999999999999998	29.458995766569767	0.5999470311168941	9.442230488301878	9.999999999999998	0.9999999999999999	418.4193528187004	9.999999999999998	18.985424566551536	0.3866475691653433	6.107861594165807	9.999999999999998	0.9999999999999999	347.2020841344908	9.999999999999998	27.93456083013783	0.568901159034551	9.026668464081185	9.999999999999998	0.9999999999999999	323.7240787605351	9.999999999999998	17.850753155807077	0.36353942421826174	5.733126413487851	9.999999999999998	0.9999999999999999
2.0	31.0	352.8936360863376	9.999999999999998	32.75580558405596	1.0736441998095423	17.060141321038923	9.999999999999998	0.9999999999999999	418.59727532444873	9.999999999999998	16.340965940758405	0.5356114126565811	8.516766588986824	9.999999999999998	0.9999999999999999	340.00000000000006	9.999999999999998	12.660909258501615	0.4149893903486165	6.705989265650687	9.999999999999998	0.9999999999999999	321.5600329846505	9.999999999999998	17.123385528346912	0.5612569505102026	8.937488157157226	9.999999999999998	0.9999999999999999
2.5	31.0	354.38036673240265	9.999999999999998	17.27917454209575	0.6855976515181391	10.778039308750717	9.999999999999998	0.9999999999999999	418.00000000000006	9.999999999999998	17.811360321967364	0.7067135514682461	11.101850346714151	9.999999999999998	0.9999999999999999	347.5534911224202	9.999999999999998	16.403715152379426	0.6508614492691969	10.522150560977922	9.999999999999998	0.9999999999999999	321.7458753987508	9.999999999999998	13.64537767110606	0.5414170024497996	8.559153417329576	9.999999999999998	0.9999999999999999
3.0	31.0	352.07449596203145	9.999999999999998	169.21710282580165	0.9447323125728143	14.886682069012979	9.999999999999998	0.9999999999999999	420.12655665309677	6.511359350572199	87.92861219329917	0.4909019227460004	5.042738685262672	6.511359350572199	0.9999999999999999	342.67680009081806	9.999999999999998	49.427168039517476	0.27594990096224764	4.345528581892548	9.999999999999998	0.9999999999999999	320.6608856904231	9.999999999999998	51.36947832011272	0.2867937415225584	4.534506346245685	9.999999999999998	0.9999999999999999
3.5	31.0	352.2041220273002	9.999999999999998	90.31631951919049	0.9076183303955324	14.269897981355337	9.999999999999998	0.9999999999999999	420.43966463141794	9.999999999999998	31.802573536501058	0.319594496865509	5.076066167228609	9.999999999999998	0.9999999999999999	343.43370271770124	9.999999999999998	29.5018467714424	0.2964737386646043	4.704687000866293	9.999999999999998	0.9999999999999999	322.9080207399026	9.999999999999998	27.31067574888505	0.2744539420686856	4.411119494895127	9.999999999999998	0.9999999999999999
4.0	31.0	352.94792497774574	9.999999999999998	20.829185746493128	0.8264538792660836	13.164175430309106	9.999999999999998	0.9999999999999999	418.00000000000006	9.999999999999998	13.476968301895234	0.5347349084792048	8.400216631995288	9.999999999999998	0.9999999999999999	340.00000000000006	9.999999999999998	8.308647227001343	0.32966789080388087	5.327243029281696	9.999999999999998	0.9999999999999999	318.7528757141041	9.999999999999998	13.981619776779732	0.5547583109382215	8.767029696142842	9.999999999999998	0.9999999999999999
4.5	31.0	359.99999999999994	9.999999999999998	10.003204946317474	0.6269634600160604	9.853201383767214	9.999999999999998	0.9999999999999999	422.4460763357071	9.999999999999998	9.450696946350437	0.5923343257331115	9.469832755909513	9.999999999999998	0.9999999999999999	344.5983192216643	9.999999999999998	10.033275730064016	0.6288481842343788	9.8960495400465	9.999999999999998	0.9999999999999999	317.00000000000006	9.999999999999998	10.792152228259523	0.6764117238786086	10.744117031052005	9.999999999999998	0.9999999999999999
5.0	31.0	358.98824369408055	9.999999999999998	11.339112228299882	0.781318885818835	12.670949690262717	9.999999999999998	0.9999999999999999	418.00000000000006	9.999999999999998	10.997856051013141	0.7578047084433768	11.904447633266773	9.999999999999998	0.9999999999999999	340.00000000000006	9.999999999999998	8.199570251209776	0.5649894774724384	9.129904183701969	9.999999999999998	0.9999999999999999	317.00000000000006	9.999999999999998	8.115174492924579	0.5591742074139364	8.881917496567917	9.999999999999998	0.9999999999999999
5.5	31.0	359.99999999999994	9.999999999999998	6.236414518472473	0.42881185230457586	6.73910013255796	9.999999999999998	0.9999999999999999	423.6040272484695	9.999999999999998	9.395489768126614	0.6460278352000708	10.148582072175492	9.999999999999998	0.9999999999999999	342.148778522776	9.999999999999998	7.458025706327663	0.5128090520911747	8.250692271319627	9.999999999999998	0.9999999999999999	320.7583084861597	9.999999999999998	12.170245300920168	0.836818241480026	13.277448169122023	9.999999999999998	0.9999999999999999
6.0	31.0	359.99999999999994	9.999999999999998	9.258125662897603	0.6358368967150086	9.992654102046217	9.999999999999998	0.9999999999999999	418.00000000000006	9.999999999999998	11.140811306523776	0.7651374744691567	12.019638959195857	9.999999999999998	0.9999999999999999	340.00000000000006	9.999999999999998	7.786479425271947	0.5347660092734839	8.641510364422247	9.999999999999998	0.9999999999999999	317.00000000000006	9.999999999999998	11.205473259894708	0.769578379384897	12.223975251739661	9.999999999999998	0.9999999999999999
6.5	31.0	359.99999999999994	9.999999999999998	7.7177241167908734	0.5231628760405959	8.22189729207949	9.999999999999998	0.9999999999999999	418.00000000000006	9.999999999999998	4.810296333615633	0.326076499550791	5.122375950018755	9.999999999999998	0.9999999999999999	341.077532699917	9.999999999999998	8.888278975210216	0.6025115074540488	9.464733448333378	9.999999999999998	0.9999999999999999	317.00000000000006	9.999999999999998	8.950623965670612	0.6067376995311954	9.637415527830694	9.999999999999998	0.9999999999999999
7.0	31.0	359.99999999999994	9.999999999999998	9.443563654651589	0.5960609022716664	9.36754449281984	9.999999999999998	0.9999999999999999	423.99999999999994	9.999999999999998	10.117081908640245	0.6385721737418567	10.080258344785188	9.999999999999998	0.9999999999999999	340.00000000000006	9.999999999999998	5.931320444103486	0.37437437230946913	6.049673992708579	9.999999999999998	0.9999999999999999	322.8060495484183	9.999999999999998	9.10365875714975	0.5746067111102918	9.182961256617983	9.999999999999998	0.9999999999999999
7.5	31.0	359.99999999999994	9.999999999999998	8.106015302321456	0.6138205827946569	9.646651202961944	9.999999999999998	0.9999999999999999	418.00000000000006	9.999999999999998	8.268134401325387	0.6260969030483627	9.835433473354636	9.999999999999998	0.9999999999999999	340.00000000000006	9.999999999999998	7.93612675892169	0.6009559284817154	9.711101293799524	9.999999999999998	0.9999999999999999	317.00000000000006	9.999999999999998	10.917708052874367	0.8267334405201577	13.13182566898698	9.999999999999998	0.9999999999999999
8.0	31.0	359.99999999999994	9.999999999999998	9.091870613269672	0.622229989660947	9.778811344111906	9.999999999999998	0.9999999999999999	418.00000000000006	9.999999999999998	9.810676236167096	0.6714236522556293	10.547476967294525	9.999999999999998	0.9999999999999999	346.0540593760289	9.999999999999998	10.358600937125587	0.7089225560032015	11.321130731799004	9.999999999999998	0.9999999999999999	324.99999999999994	9.999999999999998	9.122443158302255	0.6243223153427235	10.145881185988465	9.999999999999998	0.9999999999999999
8.5	31.0	359.99999999999994	9.999999999999998	10.961773763255378	0.822912820023767	12.93269265926639	9.999999999999998	0.9999999999999999	423.99999999999994	9.999999999999998	8.720669197291276	0.6546705521047137	10.334381245065678	9.999999999999998	0.9999999999999999	343.72452093863785	9.999999999999998	6.0890906983942985	0.4571149620686989	7.362688122842968	9.999999999999998	0.9999999999999999	322.51652669132	9.999999999999998	10.687149457227918	0.8022964611204599	12.671470107280328	9.999999999999998	0.9999999999999999
9.0	31.0	359.99999999999994	9.999999999999998	6.746943079557616	0.4632633423923251	7.280531159171149	9.999999999999998	0.9999999999999999	423.0072747805674	9.999999999999998	10.16912400235037	0.6982395314412139	11.148272855317712	9.999999999999998	0.9999999999999999	340.00000000000006	9.999999999999998	7.617285382370128	0.5230233966082848	8.451756514528958	9.999999999999998	0.9999999999999999	324.99999999999994	9.999999999999998	7.199048485941655	0.49430612120421374	8.032984008415067	9.999999999999998	0.9999999999999999
9.5	31.0	359.99999999999994	9.999999999999998	9.160015109450491	0.6266006008342364	9.847498779356474	9.999999999999998	0.9999999999999999	418.00000000000006	9.999999999999998	9.581715636613373	0.655447475051699	10.296505229081593	9.999999999999998	0.9999999999999999	340.6844171203831	9.999999999999998	8.342106621077887	0.5706506985559158	9.00935437573042	9.999999999999998	0.9999999999999999	317.0000000005379	9.999999999999998	11.710559011320687	0.8010732760721964	12.724239874804962	9.999999999999998	0.9999999999999999
10.0	31.0	349.4943163202825	9.999999999999998	7.933387228885563	0.4971188768718186	8.06646048700256	9.999999999999998	0.9999999999999999	418.00000000000006	9.999999999999998	11.496116324298608	0.7203652450891277	11.316306485617027	9.999999999999998	0.9999999999999999	340.00000000000006	9.999999999999998	7.188970573514546	0.4504725250720087	7.279376263247935	9.999999999999998	0.9999999999999999	317.0000000000018	9.999999999999998	10.118525395179933	0.6340431690685826	10.071135331821948	9.999999999999998	0.9999999999999999
0.0	31.5	359.99999999999994	9.999999999999998	7.7087732679808525	0.48146853457968836	7.566639419527632	9.999999999999998	0.9999999999999999	419.4195402505252	9.999999999999998	9.265884104317738	0.5787213459528319	9.17875703450343	9.999999999999998	0.9999999999999999	348.1294976840325	9.999999999999998	7.815056704039508	0.48810670234391657	7.731056387425727	9.999999999999998	0.9999999999999999	322.4685545510737	9.999999999999998	9.726938055725235	0.6075174932293863	9.58245740722268	9.999999999999998	0.9999999999999999
0.5	31.5	359.99999999999994	9.999999999999998	9.319216966654865	0.6986257310922496	10.979427764669415	9.999999999999998	0.9999999999999999	419.9124351252606	9.999999999999998	11.315267023919649	0.8482619006913665	13.324466834216649	9.999999999999998	0.9999999999999999	340.88953708980154	9.999999999999998	11.294903593065754	0.8467353328671864	13.312695091005159	9.999999999999998	0.9999999999999999	317.00000000000006	9.999999999999998	10.209646900050766	0.7653778268349488	12.157253717208976	9.999999999999998	0.9999999999999999
1.0	31.5	353.1953954551598	9.999999999999998	18.266195050410335	0.6206926035745071	10.024947422071167	9.999999999999998	0.9999999999999999	418.00000000000006	9.999999999999998	28.33568003809617	0.9628577253424766	15.125650767162444	9.999999999999998	0.9999999999999999	340.9219306038886	9.999999999999998	11.222015279989407	0.3813285614363925	5.993292802165755	9.999999999999998	0.9999999999999999	317.00000000000006	9.999999999999998	15.312785070653469	0.5203345528310906	8.26498881311621	9.999999999999998	0.9999999999999999
1.5	31.5	356.353620148773	9.999999999999998	43.36010180627748	0.8218154068215813	12.936498102579712	9.999999999999998	0.9999999999999999	420.7007654794366	9.999999999999998	44.969491291369096	0.8523185887636833	13.721275689273506	9.999999999999998	0.9999999999999999	340.00000000000006	9.999999999999998	46.21450018042152	0.875915569490905	14.154290551109991	9.999999999999998	0.9999999999999999	317.00000000000006	9.999999999999998	66.09850414339083	1.2527823231502284	19.8991818432391	9.999999999999998	0.9999999999999999
2.0	31.5	352.59457373110655	9.999999999999998	93.83752987734765	0.9688398847112805	15.253303716002899	9.999999999999998	0.9999999999999999	418.00000000000006	9.999999999999998	78.30150352643479	0.8084358118593654	12.699817881715404	9.999999999999998	0.9999999999999999	343.66446117217464	9.999999999999998	47.56718326709987	0.49111463625240087	7.881895574707006	9.999999999999998	0.9999999999999999	318.5475028352513	9.999999999999998	51.837582286459806	0.535205022039363	8.418393334585387	9.999999999999998	0.9999999999999999
2.5	31.5	351.0233359282721	9.999999999999998	242.37864684125128	0.9771307682505439	15.536236204053125	9.999999999999998	0.9999999999999999	420.4329493996884	4.7285745105024075	168.38743907216056	0.6788409368919657	5.286873303134712	4.7285745105024075	0.9999999999999999	340.00000000000006	9.999999999999998	38.08902967380743	0.15355297717897384	2.4813275727504065	9.999999999999998	0.9999999999999999	321.1104026681641	9.999999999999998	59.926141465281894	0.24158760440070198	3.9056958871652894	9.999999999999998	0.9999999999999999
3.0	31.5	351.4236955452413	9.999999999999998	407.5568061484833	0.9063342394901319	14.731076585729419	9.999999999999998	0.9999999999999999	419.82276935748433	4.8683715361332505	313.16779959641724	0.6964297864691006	5.332925948875853	4.8683715361332505	0.9999999999999999	344.0120262795027	9.999999999999998	94.39657819339304	0.20992129101190826	3.381950289772358	9.999999999999998	0.9999999999999999	322.565706761114	9.999999999999998	109.76550675968586	0.24409906935781653	3.8612539413122144	9.999999999999998	0.9999999999999999
3.5	31.5	354.1730005894911	9.999999999999998	29.167941977369438	0.42286560968061015	6.643489737568749	9.999999999999998	0.9999999999999999	419.49331676662916	9.999999999999998	27.535759726482066	0.3992028588712846	6.314655622804104	9.999999999999998	0.9999999999999999	348.10309854165916	9.999999999999998	53.080369988632235	0.7695387982714182	12.200610814821905	9.999999999999998	0.9999999999999999	323.32586860022667	9.999999999999998	22.119862472202573	0.32068526252611435	5.139800581959929	9.999999999999998	0.9999999999999999
4.0	31.5	355.78264560691076	9.999999999999998	16.07388955032143	1.0091014038718369	15.924395582650526	9.999999999999998	0.9999999999999999	423.02839470359413	9.999999999999998	12.103740660187954	0.7598597498171846	12.119399990865533	9.999999999999998	0.9999999999999999	340.00000000000006	9.999999999999998	8.426955655583992	0.5290351632561439	8.548903197180946	9.999999999999998	0.9999999999999999	324.44865814500196	9.999999999999998	10.222254494064842	0.6417420829229072	10.148108456603698	9.999999999999998	0.9999999999999999
4.5	31.5	358.34233513415745	9.999999999999998	11.024300846346879	0.7485233934584772	11.811024683406247	9.999999999999998	0.9999999999999999	423.99999999999994	9.999999999999998	11.654978841071422	0.7913449056224195	12.491870796312421	9.999999999999998	0.9999999999999999	340.00000000000006	9.999999999999998	7.282829260769751	0.49448651195476817	7.99061691286147	9.999999999999998	0.9999999999999999	317.00000000000006	9.999999999999998	13.442948347920277	0.9127437155170415	14.498012013511854	9.999999999999998	0.9999999999999999
5.0	31.5	357.944665014739	9.999999999999998	9.711352648122006	0.7244725025457108	11.38169206682459	9.999999999999998	0.9999999999999999	423.99999999999994	9.999999999999998	12.04252420329134	0.8983792436178208	14.181474294746197	9.999999999999998	0.9999999999999999	340.00000000000006	9.999999999999998	9.660712149467964	0.720694692170639	11.646010673785517	9.999999999999998	0.9999999999999999	317.00000000027404	9.999999999999998	10.89706605261349	0.812927405645132	12.912530749789996	9.999999999999998	0.9999999999999999
5.5	31.5	355.6638947114354	9.999999999999998	7.268664401387462	0.6125762857073831	9.703469216676766	9.999999999999998	0.9999999999999999	422.24096832859317	9.999999999999998	10.128908790051462	0.8536271565508255	13.523061892473219	9.999999999999998	0.9999999999999999	340.00000000000006	9.999999999999998	8.310540875965538	0.7003818006849508	11.317766059765574	9.999999999999998	0.9999999999999999	317.00000000000006	9.999999999999998	8.332438882713046	0.7022272841048791	11.154171130503125	9.999999999999998	0.9999999999999999
6.0	31.5	359.99999999999994	9.999999999999998	9.020392603521715	0.6814606760775599	10.709666040726447	9.999999999999998	0.9999999999999999	418.00000000000006	9.999999999999998	10.412773719023196	0.7866504408730319	12.357588801863397	9.999999999999998	0.9999999999999999	340.00000000000006	9.999999999999998	8.303317550688458	0.6272880394994886	10.136613024783223	9.999999999999998	0.9999999999999999	317.00000000000006	9.999999999999998	14.341281155651627	1.0834361187708363	17.2092884330782	9.999999999999998	0.9999999999999999
6.5	31.5	350.4697605460078	9.999999999999998	8.038636691095327	0.6097200302766568	9.577460179684198	9.999999999999998	0.9999999999999999	423.99999999999994	9.999999999999998	10.033283707279578	0.7610113854944272	12.013037342600871	9.999999999999998	0.9999999999999999	340.00000000000006	9.999999999999998	3.5443889189649815	0.2688372421877808	4.34425482252429	9.999999999999998	0.9999999999999999	317.00000000000006	9.999999999999998	10.231344096267366	0.7760340057484326	12.32651635608489	9.999999999999998	0.9999999999999999
7.0	31.5	348.93184736965355	9.999999999999998	5.826696923250417	0.3951590430962767	6.236852027109502	9.999999999999998	0.9999999999999999	423.5451929657065	9.999999999999998	9.403868797868743	0.6377582092421183	10.022153922856228	9.999999999999998	0.9999999999999999	340.00000000000006	9.999999999999998	2.8365850862346367	0.19237352879379804	3.1086453029626324	9.999999999999998	0.9999999999999999	317.00000000000006	9.999999999999998	11.476648998435326	0.7783314793801982	12.363009404185686	9.999999999999998	0.9999999999999999
7.5	31.5	354.040895476747	9.999999999999998	8.192275825242268	0.6804766678812398	10.705560578339705	9.999999999999998	0.9999999999999999	418.00000000000006	9.999999999999998	10.782819794959112	0.8956555468785943	14.069963456894813	9.999999999999998	0.9999999999999999	340.00000000000006	9.999999999999998	5.902508029300835	0.4902812211894875	7.922661838860129	9.999999999999998	0.9999999999999999	317.00000000000006	9.999999999999998	9.80348935876977	0.8143092242951384	12.93447954320537	9.999999999999998	0.9999999999999999
8.0	31.5	359.99999999999994	9.999999999999998	7.160586481734842	0.4928196050569076	7.74503001238692	9.999999999999998	0.9999999999999999	423.99999999999994	9.999999999999998	9.358685058103607	0.6441013576124267	10.167539946055987	9.999999999999998	0.9999999999999999	345.8558286585743	9.999999999999998	5.557429314212903	0.38248405025876236	6.178987965423246	9.999999999999998	0.9999999999999999	317.00000000000006	9.999999999999998	13.292499125800356	0.9148418479556042	14.531338728101163	9.999999999999998	0.9999999999999999
8.5	31.5	359.99999999999994	9.999999999999998	7.145244688672812	0.5948908111443377	9.349155632463235	9.999999999999998	0.9999999999999999	418.00000000000006	9.999999999999998	9.465459688426517	0.7880646831911351	12.379805308872427	9.999999999999998	0.9999999999999999	340.85019167486104	9.999999999999998	8.027635728867995	0.6683559399845526	10.513802173317824	9.999999999999998	0.9999999999999999	317.00000000000006	9.999999999999998	9.099716523863036	0.757614046814387	12.033933913309141	9.999999999999998	0.9999999999999999
9.0	31.5	359.99999999999994	9.999999999999998	6.79184819519181	0.5653363299132192	8.884684775811527	9.999999999999998	0.9999999999999999	418.00000000000006	9.999999999999998	9.649478975871071	0.8031983155418065	12.617541406065259	9.999999999999998	0.9999999999999999	345.47477434148055	9.999999999999998	8.524150947690648	0.709528846037117	11.34078862655206	9.999999999999998	0.9999999999999999	317.00000000000006	9.999999999999998	8.27211117778967	0.6885496906712972	10.93691637372436	9.999999999999998	0.9999999999999999
9.5	31.5	359.99999999999994	9.999999999999998	5.38175351344587	0.34016576468702303	5.345960326361842	9.999999999999998	0.9999999999999999	418.00000000000006	9.999999999999998	8.320787757496417	0.5259339959096135	8.26196201092693	9.999999999999998	0.9999999999999999	340.00000000000006	9.999999999999998	6.812960381467801	0.43062839503039546	6.95870656387696	9.999999999999998	0.9999999999999999	317.00000000000006	9.999999999999998	12.848122098085723	0.8120942862522884	12.89929748957027	9.999999999999998	0.9999999999999999
10.0	31.5	357.3095059455692	9.999999999999998	5.618343277390095	0.34919521613777355	5.591537289942363	9.999999999999998	0.9999999999999999	418.00000000000006	9.999999999999998	10.62723810771952	0.6605115644867776	10.37605763462669	9.999999999999998	0.9999999999999999	340.00000000000006	9.999999999999998	4.536004012448973	0.2819249062091351	4.555743926778053	9.999999999999998	0.9999999999999999	317.00000000000006	9.999999999999998	11.744330280718284	0.7299418615577897	11.594389200516448	9.999999999999998	0.9999999999999999
0.0	32.0	354.5562483801333	9.999999999999998	11.364668036838822	0.7828958826596979	12.347433188177567	9.999999999999998	0.9999999999999999	423.99999999999994	9.999999999999998	9.934021555484625	0.6843406731134861	10.802742531679412	9.999999999999998	0.9999999999999999	340.00000000000006	9.999999999999998	4.295881032132531	0.295937159057394	4.782173853357792	9.999999999999998	0.9999999999999999	317.00000000000006	9.999999999999998	9.207786532358801	0.6343113711043595	10.075395450264791	9.999999999999998	0.9999999999999999
0.5	32.0	359.99999999999994	9.999999999999998	5.739574341410233	0.4771915493600087	7.4994233864213	9.999999999999998	0.9999999999999999	418.0179662006003	9.999999999999998	9.081376015465093	0.7550308844115156	11.8602939589129	9.999999999999998	0.9999999999999999	344.6755323711155	9.999999999999998	7.510699513714654	0.6244439264195241	9.81610279082287	9.999999999999998	0.9999999999999999	317.00000000000006	9.999999999999998	10.168386619813443	0.8454055783530701	13.428413718860503	9.999999999999998	0.9999999999999999
1.0	32.0	359.99999999999994	9.999999999999998	10.881206900880338	0.7445145868584291	11.700605578003595	9.999999999999998	0.9999999999999999	420.922024619174	9.999999999999998	10.864772554363034	0.7433901150218878	12.020413306657963	9.999999999999998	0.9999999999999999	340.00000000000006	9.999999999999998	6.850769434715585	0.4687437544209342	7.5746287943577215	9.999999999999998	0.9999999999999999	319.5117318402551	9.999999999999998	8.903441285144696	0.6091917900661818	9.781109938032328	9.999999999999998	0.9999999999999999
1.5	32.0	353.51048053820057	9.999999999999998	9.859080410485697	0.8193080925222173	13.142340656188697	9.999999999999998	0.9999999999999999	418.00000000000006	9.999999999999998	9.379927521361527	0.7794895878270623	12.24509807813806	9.999999999999998	0.9999999999999999	340.00000000000006	9.999999999999998	9.541583658690069	0.7929235163482552	12.813186825442715	9.999999999999998	0.9999999999999999	317.00000000000006	9.999999999999998	12.362276708751128	1.0273284046559217	16.31807406538691	9.999999999999998	0.9999999999999999
2.0	32.0	350.7252733887623	9.999999999999998	103.14616740984228	0.9482856255184152	14.934248847478985	9.999999999999998	0.9999999999999999	418.00000000000006	9.999999999999998	76.4852790068825	0.7031758180388894	11.046275655925092	9.999999999999998	0.9999999999999999	340.00000000000006	9.999999999999998	25.336649918193118	0.23293527544022202	3.764099740914552	9.999999999999998	0.9999999999999999	320.9583042782362	9.999999999999998	39.76608866210169	0.3655939062818109	5.856080906964267	9.999999999999998	0.9999999999999999
2.5	32.0	350.5157026996891	9.999999999999998	485.9399185273015	0.9896157887221709	15.546107567554449	9.999999999999998	0.9999999999999999	418.6251171163303	9.214767062192227	412.918738346598	0.8409082838171367	12.366062983659317	9.214767062192227	0.9999999999999999	340.00000000000006	9.999999999999998	123.21408406117682	0.2509252653073216	4.054807604160378	9.999999999999998	0.9999999999999999	319.85083918183693	9.999999999999998	162.75009205487967	0.33144027599462766	5.2404133044397305	9.999999999999998	0.9999999999999999
3.0	32.0	350.88241624714794	9.999999999999998	316.64467676172563	1.0426493869529234	16.488945462971067	9.999999999999998	0.9999999999999999	418.35145937549936	8.187101036194942	205.63413755163967	0.6771132540344234	8.757311337830073	8.187101036194942	0.9999999999999999	340.00000000000006	9.999999999999998	62.12827209372139	0.20457632660506817	3.305835479474228	9.999999999999998	0.9999999999999999	319.9262323612926	9.999999999999998	95.33750115319121	0.31392786434176945	4.952598997928411	9.999999999999998	0.9999999999999999
3.5	32.0	354.0097162534848	9.999999999999998	26.549804528711498	0.571597046757872	8.997387853280763	9.999999999999998	0.9999999999999999	418.8779236946541	9.999999999999998	22.758750544490947	0.48997854523042234	7.91119132787992	9.999999999999998	0.9999999999999999	347.1653623714919	9.999999999999998	31.127628908574646	0.6701541149756904	10.6182505240086	9.999999999999998	0.9999999999999999	317.00000000000006	9.999999999999998	17.015364960577465	0.3663278330526175	5.818747622351013	9.999999999999998	0.9999999999999999
4.0	32.0	354.8216853214278	9.999999999999998	11.254905692144098	0.7097229605426498	11.300079778510451	9.999999999999998	0.9999999999999999	419.3033270087424	9.999999999999998	10.733900663954127	0.6768689108350019	10.78985098725482	9.999999999999998	0.9999999999999999	340.00000000000006	9.999999999999998	7.7445553783663605	0.48836382299117914	7.891677789544958	9.999999999999998	0.9999999999999999	318.59665829637197	9.999999999999998	13.831893972303135	0.8722252330188008	13.730730578470359	9.999999999999998	0.9999999999999999
4.5	32.0	359.9999999999999	9.999999999999998	10.156475857863922	0.7703553482421575	12.106712539671225	9.999999999999998	0.9999999999999999	423.99999999999994	9.999999999999998	8.20486222978639	0.6223280189665473	9.823834273300374	9.999999999999998	0.9999999999999999	344.56591094317423	9.999999999999991	3.92597375086086	0.2977799502858335	4.688893394291973	9.999999999999991	0.9999999999999999	324.99999999999994	9.999999999999998	9.624894280590041	0.7300355841024274	11.8638307743027	9.999999999999998	0.9999999999999999
5.0	32.0	355.2502866132884	9.999999999999998	9.033811741479953	0.568595417871114	9.203603889212213	9.999999999999998	0.9999999999999999	418.00000000000006	9.999999999999998	9.80918414056013	0.61739798381749	9.698781078224156	9.999999999999998	0.9999999999999999	340.00000000000006	9.999999999999998	10.584145186491298	0.6661746588639506	10.764998371735011	9.999999999999998	0.9999999999999999	317.00000000000006	9.999999999999998	10.517649011710347	0.6619893358388096	10.515031964225674	9.999999999999998	0.9999999999999999
5.5	32.0	359.99999999999994	9.999999999999998	10.58251374982974	0.6682631613403763	10.502257190348827	9.999999999999998	0.9999999999999999	418.00000000000006	9.999999999999998	9.741226344380097	0.6151376569042808	9.663273323953753	9.999999999999998	0.9999999999999999	344.35084303442744	9.999999999999998	8.958688074812368	0.5657220350347064	8.962097768358777	9.999999999999998	0.9999999999999999	323.8550713894397	9.999999999999998	9.76086981371739	0.6163781000758518	9.695155100288394	9.999999999999998	0.9999999999999999
6.0	32.0	359.99999999999994	9.999999999999998	10.619931844048915	0.7290223625951473	11.457133644974691	9.999999999999998	0.9999999999999999	418.00000000000006	9.999999999999998	9.581932922132511	0.6577672512122283	10.332946878910674	9.999999999999998	0.9999999999999999	340.00000000000006	9.999999999999998	11.447840585074552	0.7858554944135875	12.698971666391422	9.999999999999998	0.9999999999999999	317.00000000000006	9.999999999999998	9.771582682437003	0.6707860651135868	10.654759123708867	9.999999999999998	0.9999999999999999
6.5	32.0	358.30117021245354	9.999999999999998	13.852109078122083	0.93899563069012	14.801160869627681	9.999999999999998	0.9999999999999999	418.00000000000006	9.999999999999998	9.395866737136448	0.6369194584709292	10.005446331351672	9.999999999999998	0.9999999999999999	340.00000000000006	9.999999999999998	3.1350590345505513	0.21251686070303763	3.4341499319950115	9.999999999999998	0.9999999999999999	323.99902202407384	9.999999999999998	12.153173366320038	0.8238295428973865	12.94151407963586	9.999999999999998	0.9999999999999999
7.0	32.0	358.6962692007909	9.999999999999998	10.54816701584679	0.6662507191838997	10.664982521834986	9.999999999999998	0.9999999999999999	423.99999999999994	9.999999999999998	9.415012191902573	0.5946775998670235	9.38735523565058	9.999999999999998	0.9999999999999999	340.00000000000006	9.999999999999998	9.163140794209816	0.5787687220873535	9.352568831583138	9.999999999999998	0.9999999999999999	317.00000000000006	9.999999999999998	10.896105375507926	0.6882274457571174	10.9317978387428	9.999999999999998	0.9999999999999999
7.5	32.0	359.99999999999994	9.999999999999998	7.409679854866125	0.5108021949348709	8.027639910362039	9.999999999999998	0.9999999999999999	422.322820388481	9.999999999999998	10.564492466227069	0.7282859780477241	11.575071274431679	9.999999999999998	0.9999999999999999	340.00000000000006	9.999999999999998	9.276153975274056	0.6394715971449249	10.333492291308799	9.999999999999998	0.9999999999999999	317.00000000000006	9.999999999999998	9.766726101675903	0.6732902403047052	10.69453541730318	9.999999999999998	0.9999999999999999
8.0	32.0	359.99999999999994	9.999999999999998	8.730253437491918	0.5514263874138857	8.666079588391122	9.999999999999998	0.9999999999999999	418.00000000000006	9.999999999999998	9.269282518395842	0.5854729200743705	9.197266314216765	9.999999999999998	0.9999999999999999	340.00000000000006	9.999999999999998	5.714970702720654	0.3609729856459695	5.833115311449845	9.999999999999998	0.9999999999999999	317.00000000000006	9.999999999999998	11.694084988413932	0.7386299934408995	11.732391400120692	9.999999999999998	0.9999999999999999
8.5	32.0	356.4260341331444	9.999999999999998	6.773681787170847	0.560685276577964	8.839564305336598	9.999999999999998	0.9999999999999999	423.99999999999994	9.999999999999998	10.68504099858227	0.884444435946734	13.961504701510785	9.999999999999998	0.9999999999999999	340.61272753341007	9.999999999999998	6.421672716278404	0.5315480496646644	8.41079969416061	9.999999999999998	0.9999999999999999	317.00000000000006	9.999999999999998	10.650350215700572	0.8815729383172513	14.002895701418634	9.999999999999998	0.9999999999999999
9.0	32.0	359.99999999999994	9.999999999999998	6.34510779249286	0.47957656251300107	7.5369056583526906	9.999999999999998	0.9999999999999999	423.99999999999994	9.999999999999998	10.35222184410858	0.7824426516825294	12.351343189167968	9.999999999999998	0.9999999999999999	340.00000000000006	9.999999999999998	7.830765909338712	0.5918657207191773	9.564208777759763	9.999999999999998	0.9999999999999999	324.99999999999994	9.999999999999998	10.250461201884592	0.7747513687929566	12.590508369287116	9.999999999999998	0.9999999999999999
9.5	32.0	359.99999999999994	9.999999999999998	9.652317704082687	0.7193996226919337	11.305905064400717	9.999999999999998	0.9999999999999999	423.99999999999994	9.999999999999998	10.265161658684047	0.7650756689251373	12.0771945806589	9.999999999999998	0.9999999999999999	340.00000000000006	9.999999999999998	6.46174958356931	0.4816024870776155	7.782418499759919	9.999999999999998	0.9999999999999999	317.00000000000006	9.999999999999998	10.819887382287392	0.8064200888346643	12.809168594756514	9.999999999999998	0.9999999999999999
10.0	32.0	359.99999999999994	9.999999999999998	5.3085778705869675	0.36407465489455304	5.721706482399609	9.999999999999998	0.9999999999999999	418.00000000000006	9.999999999999998	11.736750964769222	0.8049337621582627	12.64480375101475	9.999999999999998	0.9999999999999999	343.3870107762467	9.999999999999998	9.603671724571129	0.6586422115452946	10.433220318266262	9.999999999999998	0.9999999999999999	317.00000000000006	9.999999999999998	10.35561514981833	0.7102122458785827	11.281004183149243	9.999999999999998	0.9999999999999999
0.0	32.5	359.99999999999994	9.999999999999998	8.00193635300277	0.5502079984245336	8.646931690879612	9.999999999999998	0.9999999999999999	418.00000000000006	9.999999999999998	10.804920894756028	0.7429394132094362	11.670926876937614	9.999999999999998	0.9999999999999999	345.32364481128144	9.999999999999998	4.227254939562739	0.29066333153902707	4.613444275786643	9.999999999999998	0.9999999999999999	318.0423656711647	9.999999999999998	14.576616143732444	1.0022787533465145	15.808613816920367	9.999999999999998	0.9999999999999999
0.5	32.5	359.99999999999994	9.999999999999998	4.13922369818007	0.3483472414265056	5.474538374480729	9.999999999999998	0.9999999999999999	423.6237670672642	9.999999999999998	6.961013947504616	0.5858224109054119	9.202300938538878	9.999999999999998	0.9999999999999999	344.36584065523	9.999999999999998	7.7302715981431085	0.6505613088451327	10.300542576310859	9.999999999999998	0.9999999999999999	317.00000000000006	9.999999999999998	10.649458546340371	0.8962331533168102	14.235758409286062	9.999999999999998	0.9999999999999999
1.0	32.5	357.3569141775901	9.999999999999998	8.802294249963712	0.6656079650955593	10.631467797343786	9.999999999999998	0.9999999999999999	423.99999999999613	9.999999999999998	8.368900476288248	0.6328357877984415	9.989705930111578	9.999999999999998	0.9999999999999999	340.00000000000006	9.999999999999998	5.347436848332553	0.4043600972678588	6.534226018303239	9.999999999999998	0.9999999999999999	318.2559003747194	9.999999999999998	11.705623501187757	0.8851506229563343	13.910326319716724	9.999999999999998	0.9999999999999999
1.5	32.5	353.45296500863606	9.999999999999998	13.516184330685387	0.8487299663827192	13.660699968934523	9.999999999999998	0.9999999999999999	418.00000000000006	9.999999999999998	12.510863295699979	0.7856022324489709	12.34112236644283	9.999999999999998	0.9999999999999999	344.02965170850115	9.999999999999998	6.864621586657015	0.4310543498024385	6.936970233412704	9.999999999999998	0.9999999999999999	319.2611895512184	9.999999999999998	11.459464746671745	0.7195811252089868	11.667675765937625	9.999999999999998	0.9999999999999999
2.0	32.5	351.42971736090715	9.999999999999998	416.0881567015141	0.8162261269910281	13.260770489944973	9.999999999999998	0.9999999999999999	419.6688313503479	4.81835861533315	492.2455835849464	0.9656215870287402	7.382985034463986	4.81835861533315	0.9999999999999999	343.0974318363265	9.999999999999998	103.51951871485343	0.20307075428059787	3.1935022771920556	9.999999999999998	0.9999999999999999	321.58061601008063	9.999999999999998	132.7726673596892	0.2604556710010123	4.1436297092783	9.999999999999998	0.9999999999999999
2.5	32.5	351.24112263581725	9.999999999999998	366.4773998440591	0.9831976160130056	15.544030011397751	9.999999999999998	0.9647028421670056	420.014277337414	5.040972222194748	241.7044247263541	0.6484525765350512	5.143105108913302	5.040972222194748	0.9999999999999913	340.59201746700904	9.999999999999883	58.969015542858195	0.15820401346724933	2.505102314044728	9.999999999999883	0.9999999999999893	321.8535895786629	9.999999999999899	103.7589437699039	0.27836790535516226	4.387597360413289	9.999999999999899	0.9999999999999892
3.0	32.5	350.92298012059643	9.999999999999998	152.02084970920862	0.924381817778378	14.638962155107796	9.999999999999998	0.9999999999999999	418.00000000000006	9.999999999999998	147.0189997943827	0.8939674428727934	14.043444822855387	9.999999999999998	0.9999999999999999	340.00000000000006	9.999999999999998	35.12943711206168	0.21360894243976686	3.451797343167541	9.999999999999998	0.9999999999999999	317.42549581453585	9.999999999999998	55.77228324328423	0.33913035392641094	5.514440200600437	9.999999999999998	0.9999999999999999
3.5	32.5	351.9403722185593	9.999999999999998	97.48806960247691	0.7673263341099614	12.136206542869001	9.999999999999998	0.9999999999999999	418.00000000000006	9.999999999999998	112.46781804207048	0.8852315865466216	13.906212178338999	9.999999999999998	0.9999999999999999	340.00000000000006	9.999999999999998	37.25733338123453	0.2932516066705359	4.738776875272439	9.999999999999998	0.9999999999999999	317.71799455975645	9.999999999999998	50.94475356983074	0.4009849734257163	6.403566386702823	9.999999999999998	0.9999999999999999
4.0	32.5	352.15844980043494	9.999999999999998	161.8233086828075	0.9603635437682149	15.1087776768792	9.999999999999998	0.9999999999999999	418.00000000000006	9.999999999999998	68.49863488085755	0.40651493454758675	6.385993246733979	9.999999999999998	0.9999999999999999	341.2482145339074	9.999999999999998	50.1034799480182	0.29734625963132705	4.678724916562813	9.999999999999998	0.9999999999999999	320.95809059065374	9.999999999999998	52.032602021857684	0.3087949101766289	4.946216704303149	9.999999999999998	0.9999999999999999
4.5	32.5	358.15537952541484	9.999999999999998	16.46284599785347	0.7295432880817726	11.469886965530227	9.999999999999998	0.9999999999999999	419.1070448916976	9.999999999999998	13.26035867257095	0.5876265664146052	9.469716480053437	9.999999999999998	0.9999999999999999	346.21455615918836	9.999999999999998	18.667158359512058	0.8272263550614055	13.11613208121788	9.999999999999998	0.9999999999999999	324.99999999999994	9.999999999999998	14.111934787577043	0.6253637619805754	10.162805767393813	9.999999999999998	0.9999999999999999
5.0	32.5	355.18062417567484	9.999999999999998	12.500310231915895	0.677237211375385	11.015883948209169	9.999999999999998	0.9999999999999999	418.00000000000006	9.999999999999998	9.802689842193008	0.5310865258171356	8.34290373876197	9.999999999999998	0.9999999999999999	340.1845315928292	9.999999999999998	11.542769691930355	0.6253599320881095	10.111367001217383	9.999999999999998	0.9999999999999999	319.9242314753087	9.999999999999998	12.584155550435506	0.6817797522121813	10.756482713052144	9.999999999999998	0.9999999999999999
5.5	32.5	359.99999999999994	9.999999999999998	9.8845833803501	0.6203983353289929	9.750025521413832	9.999999999999998	0.9999999999999999	421.6139478739591	9.999999999999998	10.751128518685828	0.6747863798852902	10.611111427524321	9.999999999999998	0.9999999999999999	343.1486327481531	9.999999999999998	10.236189368986171	0.6424666169801105	10.111539718176061	9.999999999999998	0.9999999999999999	317.00000000000006	9.999999999999998	14.371922059642548	0.9020427243302248	14.328037576936229	9.999999999999998	0.9999999999999999
6.0	32.5	359.99999999999994	9.999999999999998	8.232628593932853	0.6938156402869748	10.903833577127186	9.999999999999998	0.9999999999999999	418.00000000000006	9.999999999999998	9.736836558683931	0.8205847517901542	12.890667077549592	9.999999999999998	0.9999999999999999	340.00000000000006	9.999999999999998	7.531087272376209	0.6346923195091733	10.256261920440785	9.999999999999998	0.9999999999999999	317.00000000000006	9.999999999999998	11.454233548864643	0.965320649781142	15.333143509501125	9.999999999999998	0.9999999999999999
6.5	32.5	355.1221697210081	9.999999999999998	6.614838531884037	0.4179092447266292	6.769646104666571	9.999999999999998	0.9999999999999999	423.99999999999994	9.999999999999998	10.37871696437551	0.6557018356392529	10.35066069613221	9.999999999999998	0.9999999999999999	340.00000000000006	9.999999999999998	6.559575304123155	0.41441784978729906	6.696753499729397	9.999999999999998	0.9999999999999999	317.00000000000006	9.999999999999998	13.740630514920385	0.86809927300259	13.78888013683341	9.999999999999998	0.9999999999999999
7.0	32.5	357.42124319227236	9.999999999999998	8.832011520939046	0.557984786225955	8.884628547815804	9.999999999999998	0.9999999999999999	418.00000000000006	9.999999999999998	5.982055047622082	0.3779315390413358	5.936973161223991	9.999999999999998	0.9999999999999999	347.0673268876582	9.999999999999998	7.525797605108976	0.47546140060062514	7.5090107255028435	9.999999999999998	0.9999999999999999	317.00000000000006	9.999999999999998	10.02045995809187	0.6330680382771007	10.05564636411942	9.999999999999998	0.9999999999999999
7.5	32.5	358.02241289368357	9.999999999999998	13.122072499295161	0.823596870133411	12.93717118331761	9.999999999999998	0.9999999999999999	418.00000000000006	9.999999999999998	7.529301008937613	0.47257083403451994	7.423673519169614	9.999999999999998	0.9999999999999999	340.00000000000006	9.999999999999998	3.5687165610736775	0.22398777252994342	3.619513253003858	9.999999999999998	0.9999999999999999	317.00000000000006	9.999999999999998	7.53285292161675	0.4727937671242191	7.509851450248059	9.999999999999998	0.9999999999999999
8.0	32.5	351.54400247206326	9.999999999999998	5.603239522058937	0.3538326190994732	5.704382237028824	9.999999999999998	0.9999999999999999	423.96114798928664	9.999999999999998	8.737945073313128	0.5517825855321703	8.701283165974587	9.999999999999998	0.9999999999999999	340.00000000000006	9.999999999999998	3.1340823624374816	0.19791061338874072	3.1981213973405933	9.999999999999998	0.9999999999999999	324.9999999999811	9.999999999999998	10.002881030121996	0.631660591965548	10.265135745538993	9.999999999999998	0.9999999999999999
8.5	32.5	349.1129224895416	9.999999999999998	13.078698780796033	0.8220278402406729	13.05582067842218	9.999999999999998	0.9999999999999999	423.99999999999994	9.999999999999998	9.038502810843237	0.5680917550847132	8.967681164746915	9.999999999999998	0.9999999999999999	340.00000000000006	9.999999999999998	1.9335647033270549	0.12152921660489494	1.9638420667350915	9.999999999999998	0.9999999999999999	324.99999999999994	9.999999999999998	12.956676193029194	0.8143584255715443	13.234163869542064	9.999999999999998	0.9999999999999999
9.0	32.5	354.6729922251174	9.999999999999998	8.351881679222007	0.5742700140421477	9.088798601083447	9.999999999999998	0.9999999999999999	423.99999999999994	9.999999999999998	11.40384695014787	0.7841211836715053	12.377839859058415	9.999999999999998	0.9999999999999999	342.3918117351372	9.999999999999998	8.540861844099283	0.5872641686657402	9.330702444050168	9.999999999999998	0.9999999999999999	317.5161738396194	9.999999999999998	12.489331814466611	0.8587584249803322	13.87653910215089	9.999999999999998	0.9999999999999999
9.5	32.5	359.9999999999997	9.999999999999998	9.99372731573028	0.7479700709991165	11.754911105020623	9.999999999999998	0.9999999999999999	418.00000000000006	9.999999999999998	6.005042507867095	0.44944112732516006	7.0603261036329785	9.999999999999998	0.9999999999999999	340.00000000000006	9.999999999999998	8.842291035146216	0.6617920265788113	10.69417756102766	9.999999999999998	0.9999999999999999	322.2755898829668	9.999999999999998	10.09525536191266	0.7555688314527768	11.876360492379924	9.999999999999998	0.9999999999999999
10.0	32.5	357.0214234084038	9.999999999999998	9.583024554014298	0.6592318198753231	10.68948801995392	9.999999999999998	0.9999999999999999	421.7298399877707	9.999999999999998	10.892283426435807	0.7492978636686465	11.771094882837453	9.999999999999998	0.9999999999999999	340.00000000002956	9.999999999999998	9.697935374405366	0.6671367218008887	10.780544754092565	9.999999999999998	0.9999999999999999	317.00000000000006	9.999999999999998	13.348067427518274	0.9182352327768297	14.58523921853262	9.999999999999998	0.9999999999999999
0.0	33.0	359.1956992046532	9.999999999999998	7.180951834070087	0.49445333752647674	7.916044067071372	9.999999999999998	0.9999999999999999	418.00000000000006	9.999999999999998	9.203459208590541	0.6337155891905073	9.95511635365734	9.999999999999998	0.9999999999999999	344.8648390408946	9.999999999999998	8.04026823593716	0.5536226332845285	8.697236883326717	9.999999999999998	0.9999999999999999	317.00000000000006	9.999999999999998	10.879790607875478	0.7491414650812627	11.899355510123186	9.999999999999998	0.9999999999999999
0.5	33.0	359.8844744139276	9.999999999999998	7.679793665843697	0.5753220198304979	9.037143523636574	9.999999999999998	0.9999999999999999	423.99999999999994	9.999999999999998	9.173229306798266	0.6872008601777594	10.8478923607948	9.999999999999998	0.9999999999999999	340.00000000000006	8.281136528072382	8.448987141000606	0.6329451752201937	8.578398190126	8.281136528072382	0.9999999999999999	317.00000000000006	9.999999999999998	8.504066895753722	0.6370714053163573	10.119235805977983	9.999999999999998	0.9999999999999999
1.0	33.0	351.2036391022411	9.999999999999998	9.165556682154119	0.6306614820286902	10.119274353166784	9.999999999999998	0.9999999999999999	418.6423731422536	9.999999999999998	8.721806008245222	0.6001279893709544	9.562264795947621	9.999999999999998	0.9999999999999999	340.00000000000006	9.999999999999998	6.605549274227557	0.45451309062428	7.344669472787405	9.999999999999998	0.9999999999999999	317.13995947376424	9.999999999999998	13.433464429684625	0.9243266808332574	14.779419499836253	9.999999999999998	0.9999999999999999
1.5	33.0	351.79232311924085	9.999999999999998	218.1221003364779	1.002430118607866	15.945880250036733	9.999999999999998	0.9999999999999999	419.8998546451469	5.657964483093411	185.0299018203056	0.8503473336338118	7.557612099617214	5.657964483093411	0.9999999999999999	342.90687487777086	9.999999999999998	47.51399710637828	0.21836146672623621	3.43007359698838	9.999999999999998	0.9999999999999999	321.6715493371144	9.999999999999998	72.12256387503763	0.33145577705344764	5.253470938153797	9.999999999999998	0.9999999999999999
2.0	33.0	351.5687299179163	9.999999999999998	421.63134507730035	1.0220506973470638	15.870505933530763	9.999999999999998	0.9247062428510691	420.12665358324034	5.505576933393589	256.7781366886647	0.62244014049291	5.415646514592821	5.505576933393589	0.9999999999999999	341.3301905591352	9.999999999999998	85.54232538883244	0.20735790717911828	3.268065251950136	9.999999999999998	0.9999999999999999	322.32909462395224	9.999999999999998	115.14241108358013	0.27910966040871577	4.390092262053089	9.999999999999998	0.9999999999999999
2.5	33.0	351.6316717002635	9.999999999999998	119.9804064757438	0.9518861943471252	15.265520876082904	9.999999999999998	0.9999999999999999	420.2549983453636	7.792225605504032	49.95678157777363	0.39634113681312827	4.888789874775244	7.792225605504032	0.9999999999999999	342.6260015188571	9.999999999999998	29.923074520028607	0.23740010860684893	3.7426523802727267	9.999999999999998	0.9999999999999999	323.15972628740104	9.999999999999998	35.56960795095106	0.28219789998540384	4.569856175539516	9.999999999999998	0.9999999999999999
3.0	33.0	350.99786489244696	9.999999999999998	53.629489412671575	1.0369089408797696	16.468781628231618	9.999999999999998	0.9999999999999999	419.74259072869876	9.999999999999998	20.24227780969475	0.39137793543276345	6.154816844215883	9.999999999999998	0.9999999999999999	340.00000000000006	9.999999999999998	4.90912572589192	0.09491636808083205	1.5337937795226608	9.999999999999998	0.9999999999999999	323.2550065181611	9.999999999999998	20.150684858547564	0.389607015160984	6.270420305772267	9.999999999999998	0.9999999999999999
3.5	33.0	352.2020488925677	9.999999999999998	64.0778055657141	1.0275621093428007	16.156104632410944	9.999999999999998	0.9999999999999999	418.1735886431215	9.999999999999998	28.220283969090115	0.45254506245212267	7.113412542837908	9.999999999999998	0.9999999999999999	340.00000000000006	9.999999999999998	15.640623507951027	0.2508155817974233	4.053035181883802	9.999999999999998	0.9999999999999999	320.28195193732637	9.999999999999998	27.199828008340166	0.436180864735578	6.85169958782765	9.999999999999998	0.9999999999999999
4.0	33.0	352.24048439677074	9.999999999999998	163.74787274601533	1.046149086241786	16.44156204310956	9.999999999999998	0.9999999999999999	418.39472961924974	9.999999999999998	73.60591885604683	0.47025200060264133	7.423261100355067	9.999999999999998	0.9999999999999999	342.26861044972105	9.999999999999998	43.50040407558181	0.27791449874530216	4.441332901612447	9.999999999999998	0.9999999999999999	321.4493167010185	9.999999999999998	54.87484899424437	0.3505833216045959	5.614014465248182	9.999999999999998	0.9999999999999999
4.5	33.0	352.7282104551407	9.999999999999998	225.27602142569918	0.8843252765928431	13.968147287485099	9.999999999999998	0.9999999999999999	418.002976806716	8.556124904434622	152.9530273779682	0.6004199975910269	8.070307665691757	8.556124904434622	0.9999999999999999	345.0461884334415	9.999999999999998	110.23151869892834	0.4327159084475846	6.811933226320636	9.999999999999998	0.9999999999999999	321.9244616257412	9.999999999999998	99.13574717995057	0.38915924779887323	6.1249523646166	9.999999999999998	0.9999999999999999
5.0	33.0	351.89205382868363	9.999999999999998	240.83672776383486	0.9919046723523772	15.714643361480297	9.999999999999998	0.9999999999999999	418.535286714044	9.999999999999998	102.4465419275468	0.42193399880405075	6.691980060826178	9.999999999999998	0.9999999999999999	340.34052363586625	9.999999999999998	54.11749976234374	0.2228871043412265	3.569820550012493	9.999999999999998	0.9999999999999999	321.43982812771094	9.999999999999998	72.41935256865402	0.29826469927801785	4.778714191769998	9.999999999999998	0.9999999999999999
5.5	33.0	351.86507041299905	9.999999999999998	40.826548829666244	0.8549488171042272	13.558691361777036	9.999999999999998	0.9999999999999999	419.64007216832624	9.999999999999998	20.589913427331464	0.4311734063640516	6.792904832297687	9.999999999999998	0.9999999999999999	340.00000000000006	9.999999999999998	8.479750144980194	0.17757445984565437	2.8695008818859726	9.999999999999998	0.9999999999999999	318.20544190958964	9.999999999999998	19.005910488399852	0.3980027985671674	6.258043461827929	9.999999999999998	0.9999999999999999
6.0	33.0	350.90513359332704	9.999999999999998	11.630811063990473	0.7972947303069261	12.618421500381496	9.999999999999998	0.9999999999999999	423.99999999999994	9.999999999999998	10.947826395622569	0.7504759767415728	11.8467293724706	9.999999999999998	0.9999999999999999	340.00000000000006	9.999999999999998	5.844006552873278	0.4006079716066159	6.473593831088694	9.999999999999998	0.9999999999999999	317.00000000000006	9.999999999999998	12.13894012130313	0.8321270921673559	13.217498377599913	9.999999999999998	0.9999999999999999
6.5	33.0	352.84658596451754	9.999999999999998	9.521213182328903	0.6551334113693369	10.390095713545557	9.999999999999998	0.9999999999999999	418.00000000000006	9.999999999999998	8.022430282696824	0.5520055079042224	8.67152260853451	9.999999999999998	0.9999999999999999	343.64935751304614	9.999999999999998	6.118316062008294	0.42098766163314294	6.750601914959411	9.999999999999998	0.9999999999999999	319.20476664826157	9.999999999999998	10.813514627662213	0.7440537871855256	12.018607191947087	9.999999999999998	0.9999999999999999
7.0	33.0	359.99999999999994	9.999999999999998	7.223436749096005	0.49784614872978017	7.824025919216715	9.999999999999998	0.9999999999999999	418.00000000000006	9.999999999999998	8.941313727099047	0.616243868152934	9.680650932899958	9.999999999999998	0.9999999999999999	344.4679673164685	9.999999999999998	11.290038332048812	0.7781202075764709	12.280718294860202	9.999999999999998	0.9999999999999999	317.00000000000006	9.999999999999998	9.913475942849438	0.6832462150776872	10.85267602064127	9.999999999999998	0.9999999999999999
7.5	33.0	359.99999999999994	9.999999999999998	11.388022375678856	0.7793741625332029	12.248449975932974	9.999999999999998	0.9999999999999999	420.3237529721435	9.999999999999998	8.121096624581542	0.5557921008437742	8.78953645517995	9.999999999999998	0.9999999999999999	340.94458160819687	9.999999999999998	9.285344955124494	0.6354709983436136	9.985668195310945	9.999999999999998	0.9999999999999999	317.00000000000006	9.999999999999998	11.91920997549808	0.8157276115430404	12.957009192010728	9.999999999999998	0.9999999999999999
8.0	33.0	355.29239340728674	9.999999999999998	11.624533410986306	0.8757307957633695	14.135603161781264	9.999999999999998	0.9999999999999999	423.2415860746989	9.999999999999998	11.197873584423325	0.8435885035761291	13.33879411107394	9.999999999999998	0.9999999999999999	340.00000000000006	9.999999999999998	6.640699021192152	0.5002751020318336	8.084157190812777	9.999999999999998	0.9999999999999999	324.99999999999994	9.999999999999998	7.4610312568384485	0.5620745890403983	9.134291467599775	9.999999999999998	0.9999999999999999
8.5	33.0	359.99999999999994	9.999999999999998	5.403468222189053	0.37084290739300557	5.828074650780156	9.999999999999998	0.9999999999999999	418.00000000000006	9.999999999999998	11.55974437387378	0.793351424687495	12.462855383110304	9.999999999999998	0.9999999999999999	340.00000000000006	9.999999999999998	10.810055054290247	0.7418998466483794	11.988673743279252	9.999999999999998	0.9999999999999999	318.1176974616821	9.999999999999998	10.58055566923852	0.726149181390833	11.433841923392322	9.999999999999998	0.9999999999999999
9.0	33.0	350.5548468888368	9.999999999999998	8.599138703460543	0.6485719825865816	10.190630118936804	9.999999999999998	0.9999999999999999	419.9928113124409	9.999999999999998	10.030224376593155	0.756508614879924	11.886305254389605	9.999999999999998	0.9999999999999999	340.00000000000006	9.999999999999998	7.288770842518583	0.5497402378274403	8.883485263732023	9.999999999999998	0.9999999999999999	317.43326567904285	9.999999999999998	13.44784207098347	1.0142752540994653	16.483407229315915	9.999999999999998	0.9999999999999999
9.5	33.0	359.99999999999955	9.999999999999998	11.388227251806835	0.9575068159144187	15.047938333268705	9.999999999999998	0.9999999999999999	418.00000000000006	9.999999999999998	10.16824424333936	0.8549322869663728	13.430236744089392	9.999999999999998	0.9999999999999999	343.1363490479282	9.999999999999998	5.601763291265771	0.4709887161476483	7.4111523914880415	9.999999999999998	0.9999999999999999	320.61605768691436	9.999999999999998	11.271374962676644	0.9476820327569164	14.963409429430694	9.999999999999998	0.9999999999999999
10.0	33.0	353.2934281681365	9.999999999999998	6.45964533534951	0.43971881507664456	7.150152324025236	9.999999999999998	0.9999999999999999	422.9581249908162	9.999999999999998	12.10289920091125	0.8238645032868223	13.187909496807139	9.999999999999998	0.9999999999999999	340.00000000000006	9.999999999999998	3.7653615183589966	0.25631442892497885	4.141893380836464	9.999999999999998	0.9999999999999999	319.7573901130542	9.999999999999998	8.312905154889277	0.5658732971838407	8.97706071735624	9.999999999999998	0.9999999999999999
0.0	33.5	359.99999999999994	9.999999999999998	9.319916685842289	0.5859164772909462	9.208117239667008	9.999999999999998	0.9999999999999999	423.99999999999994	9.999999999999998	8.987496186653182	0.565018152291963	8.919162435816675	9.999999999999998	0.9999999999999999	344.858042523599	9.999999999999998	10.452968161509801	0.6571481794177361	10.323315865279348	9.999999999999998	0.9999999999999999	317.00000000000006	9.999999999999998	13.73867172259245	0.8637109546897853	13.71917613281064	9.999999999999998	0.9999999999999999
0.5	33.5	359.99999999999994	9.999999999999998	9.70927735085667	0.6607727235376775	10.384539337827272	9.999999999999998	0.9999999999999999	418.00000000000006	9.999999999999998	8.872556688828235	0.6038290220952631	9.485624584921474	9.999999999999998	0.9999999999999999	345.3399755391319	9.999999999999998	7.574602442398503	0.5154956959940168	8.187505045884851	9.999999999999998	0.9999999999999999	317.00000000000006	9.999999999999998	10.763266095256485	0.7325027800648682	11.635066804371784	9.999999999999998	0.9999999999999999
1.0	33.5	353.1672390209704	9.999999999999998	9.048898820085892	0.6820151575129085	10.995453103552302	9.999999999999998	0.9999999999999999	423.99999999999994	9.999999999999998	9.466073992403363	0.7134576342733985	11.262371846541544	9.999999999999998	0.9999999999999999	340.00000000000006	9.999999999999998	7.1979007126448336	0.5425055010450593	8.766576088869266	9.999999999999998	0.9999999999999999	319.09679053526145	9.999999999999998	12.343281724818029	0.9303126708734785	14.927816817364032	9.999999999999998	0.9999999999999999
1.5	33.5	352.12536550854475	9.999999999999998	106.99170263755136	0.9957836701716596	15.674860941946593	9.999999999999998	0.9999999999999999	419.7754168342237	9.999999999999998	33.14657526875403	0.30849886076265226	4.849510561393937	9.999999999999998	0.9999999999999999	342.41815011457186	9.999999999999998	17.464233761953263	0.16254156503263248	2.579717103818683	9.999999999999998	0.9999999999999999	322.39682692018596	9.999999999999998	32.67472098416053	0.3041072604822972	4.788880689906664	9.999999999999998	0.9999999999999999
2.0	33.5	351.36167724508425	9.999999999999998	88.90197196104968	1.0308519999425596	16.70675491343388	9.999999999999998	0.9999999999999999	419.510736748768	9.999999999999998	28.56171840965575	0.33118393096262894	5.235748157437937	9.999999999999998	0.9999999999999999	340.00000000000006	9.999999999999998	12.555282884296213	0.14558325519249285	2.3525414607809783	9.999999999999998	0.9999999999999999	320.95226068931123	9.999999999999998	28.824696497438424	0.33423326138525006	5.351970900241755	9.999999999999998	0.9999999999999999
2.5	33.5	352.65997758127395	9.999999999999998	24.315795600242453	0.8330366613594214	13.133843018471302	9.999999999999998	0.9999999999999999	418.83942883344923	9.999999999999998	13.149141192550013	0.45047741224952087	7.25563078768526	9.999999999999998	0.9999999999999999	340.00000000000006	9.999999999999998	10.445772268508636	0.3578624939499203	5.782851559147457	9.999999999999998	0.9999999999999999	321.57732065206613	9.999999999999998	12.686632787360084	0.43463230218015314	6.915654217438239	9.999999999999998	0.9999999999999999
3.0	33.5	359.99999999999994	9.999999999999998	9.015496690413132	0.569710763619482	8.953432285031031	9.999999999999998	0.9999999999999999	421.4291117828995	9.999999999999998	10.918457597665663	0.6899634073547637	10.891081849492167	9.999999999999998	0.9999999999999999	343.3509155117302	9.999999999999998	9.128650302952918	0.5768612105909612	9.126223540566896	9.999999999999998	0.9999999999999999	319.81639378457714	9.999999999999998	15.23721732431165	0.9628761470791241	15.241665436825956	9.999999999999998	0.9999999999999999
3.5	33.5	359.02527247652705	9.999999999999998	12.600064868608507	0.7906485111070359	12.789805991679112	9.999999999999998	0.9999999999999999	423.99999999999994	9.999999999999998	9.431018761553497	0.5917922661352353	9.341808450771246	9.999999999999998	0.9999999999999999	343.5637732734013	9.999999999999998	14.657905661416551	0.91977711289563	14.681617197893445	9.999999999999998	0.9999999999999999	320.8071761115747	9.999999999999998	12.433664872143865	0.7802069847478533	12.404464643415103	9.999999999999998	0.9999999999999999
4.0	33.5	358.73179353606514	9.999999999999998	11.353000612376908	0.7127291014562354	11.431515386423017	9.999999999999998	0.9999999999999999	422.26293613081043	9.999999999999998	14.389166967382028	0.9033363419522258	14.32233566627682	9.999999999999998	0.9999999999999999	345.3165909026979	9.999999999999998	13.072581619177212	0.820682537530383	13.022281769534734	9.999999999999998	0.9999999999999999	319.1652965742472	9.999999999999998	14.111389131151867	0.8858977497790743	14.273687046757669	9.999999999999998	0.9999999999999999
4.5	33.5	352.4559316942397	9.999999999999998	59.58204390867702	0.9164686921391334	14.401668334209893	9.999999999999998	0.9999999999999999	418.5598684854368	9.999999999999998	19.63417828587309	0.3020055794403551	4.794592489640053	9.999999999999998	0.9999999999999999	340.00000000000006	9.999999999999998	14.35985216077519	0.22087786966939524	3.5692590159436444	9.999999999999998	0.9999999999999999	317.2449624255	9.999999999999998	19.80771571086789	0.30467486713995034	4.9005813101375555	9.999999999999998	0.9999999999999999
5.0	33.5	351.89714814220537	9.999999999999998	174.81697602802933	1.0374763189288203	16.43356934882455	9.999999999999998	0.9999999999999999	418.78953320078375	9.999999999999998	74.58072163272759	0.44260994727520736	7.107502204583953	9.999999999999998	0.9999999999999999	340.04151559876635	9.999999999999998	40.426138861425954	0.23991469642932667	3.8877525420518695	9.999999999999998	0.9999999999999999	321.38396218353654	9.999999999999998	54.132831274081596	0.3212590207167548	5.163690321504756	9.999999999999998	0.9999999999999999
5.5	33.5	351.5628024346761	9.999999999999998	251.32157526052816	0.9713896405622394	15.642042879754639	9.999999999999998	0.9999999999999999	418.3779939882224	7.505510723601209	213.71594225743883	0.8260391178778318	9.81631119041225	7.505510723601209	0.9999999999999999	342.19783672652835	9.999999999999998	74.15327047914063	0.2866117589887637	4.598026559903972	9.999999999999998	0.9999999999999999	320.89192237877694	9.999999999999998	94.4661273020067	0.36512351695264555	5.828162172327415	9.999999999999998	0.9999999999999999
6.0	33.5	351.0485258710617	9.999999999999998	299.11675061198656	0.9435018546731893	15.01842259936596	9.999999999999998	0.9999999999999999	419.16700577006634	7.573019726532191	188.91726704343813	0.5959004016678806	7.363119942494019	7.573019726532191	0.9999999999999999	341.84838421523466	9.999999999999998	75.416172186333	0.23788469948465119	3.8341135325451474	9.999999999999998	0.9999999999999999	321.1408242894346	9.999999999999998	91.6671610464855	0.2891450789132742	4.684161563858075	9.999999999999998	0.9999999999999999
6.5	33.5	351.49887143274043	9.999999999999998	67.2579196010307	1.0347782772362344	16.73132750400293	9.999999999999998	0.9999999999999999	418.1815505951289	9.999999999999998	33.21426923094133	0.511009030584515	8.033077331923037	9.999999999999998	0.9999999999999999	340.00000000000006	9.999999999999998	20.794395772497154	0.31992647351083536	5.169827342715567	9.999999999999998	0.9999999999999999	317.00000000000006	9.999999999999998	22.09317754024449	0.33990852422111073	5.399103586115833	9.999999999999998	0.9999999999999999
7.0	33.5	355.5538467173797	9.999999999999998	16.31492648816385	1.024233442175341	16.297122624186052	9.999999999999998	0.9999999999999999	421.75428813726603	9.999999999999998	10.715031361618296	0.6726780817853489	10.566666944588725	9.999999999999998	0.9999999999999999	340.00000000000006	9.999999999999998	8.972806729480988	0.5633031033990693	9.102653351037583	9.999999999999998	0.9999999999999999	320.6063002507655	9.999999999999998	13.132072739179453	0.8244173257111919	13.013531624586408	9.999999999999998	0.9999999999999999
7.5	33.5	350.9394466385383	9.999999999999998	9.034364818831817	0.5696979007402229	9.027443029061917	9.999999999999998	0.9999999999999999	423.99999999999994	9.999999999999998	8.499243587357125	0.5359536975420975	8.460361967245992	9.999999999999998	0.9999999999999999	340.00000000000006	9.999999999999998	4.513783186807177	0.28463459883315484	4.599530997176708	9.999999999999998	0.9999999999999999	318.4842505410916	9.999999999999998	12.462148117119265	0.7858504458705912	12.35133547340851	9.999999999999998	0.9999999999999999
8.0	33.5	350.75044012513683	5.712280770278529	11.464185567734402	0.8695434114094536	6.5115228067522235	5.712280770278529	0.5630382361026188	418.3721480302172	9.999999999999998	9.10747279373847	0.690789844214916	10.897933211579927	9.999999999999998	0.9999999999999999	340.00000000000006	9.999999999999998	7.1059213872297855	0.5389748000633842	8.709521996803332	9.999999999999998	0.9999999999999999	317.00000000000324	9.999999999999998	9.37877954558929	0.7113681048465957	11.299363835394077	9.999999999999998	0.9999999999999999
8.5	33.5	353.9897438373647	9.999999999999998	9.0508823330012	0.6755149597233027	10.637182103419567	9.999999999999998	0.9999999999999999	418.00000000000006	9.999999999999998	8.045579353513896	0.6004839100739257	9.433075807589091	9.999999999999998	0.9999999999999999	340.00000000000006	9.999999999999998	3.6377384465963916	0.2715035562087166	4.387340919709157	9.999999999999998	0.9999999999999999	324.99999999999903	9.999999999999998	11.363863535914662	0.8481449140902761	13.783229135638154	9.999999999999998	0.9999999999999999
9.0	33.5	359.99999999999994	9.999999999999998	9.140736384558986	0.6301362946858553	9.903064862187613	9.999999999999998	0.9999999999999999	423.99999999999994	9.999999999999998	9.536780024256442	0.6574384135911141	10.378073657595975	9.999999999999998	0.9999999999999999	340.00000000000006	9.999999999999998	4.3268913389779	0.2982835475331783	4.820090138201696	9.999999999999998	0.9999999999999999	317.00000000000006	9.999999999999998	10.251837313467588	0.7067324235871548	11.225730720808908	9.999999999999998	0.9999999999999999
9.5	33.5	359.99999999999994	9.999999999999998	9.901753381846204	0.6257154402088617	9.833587815711839	9.999999999999998	0.9999999999999999	423.99999999999994	9.999999999999998	8.890358089936928	0.5618029566418162	8.868408575696845	9.999999999999998	0.9999999999999999	340.00000000000006	9.999999999999998	7.551499071033233	0.477197258228155	7.71123254160229	9.999999999999998	0.9999999999999999	317.00000000000006	9.999999999999998	12.18237283049746	0.7698332289712033	12.228023280009914	9.999999999999998	0.9999999999999999
10.0	33.5	359.99999999999994	9.999999999999998	10.273466231874188	0.7775837050335412	12.220311592377431	9.999999999999998	0.9999999999999999	421.0752691972781	9.999999999999998	10.886127436973554	0.8239551398578877	13.199260763938709	9.999999999999998	0.9999999999999999	340.00000000000006	9.999999999999998	8.441698341561603	0.6389398597370459	10.324899721396624	9.999999999999998	0.9999999999999999	317.00000000000006	9.999999999999998	10.007850040589314	0.757479602146106	12.031798395547963	9.999999999999998	0.9999999999999999
0.0	34.0	356.42882978283893	9.999999999999998	7.21469730753189	0.44799645518415254	7.06343155758267	9.999999999999998	0.9999999999999999	418.00000000000006	9.999999999999998	9.635489341804565	0.598315478126391	9.399011642668878	9.999999999999998	0.9999999999999999	340.44725859544315	9.999999999999998	5.769173954650523	0.35823671747475444	5.706522956431546	9.999999999999998	0.9999999999999999	317.00000000000006	9.999999999999998	10.621785619627675	0.6595595216935124	10.47643682073661	9.999999999999998	0.9999999999999999
0.5	34.0	359.99999999999994	9.999999999999998	8.455697559833778	0.6344826604366709	9.97137126241897	9.999999999999998	0.9999999999999999	418.00000000000006	9.999999999999998	10.98895137260139	0.8245681746491412	12.953243158560458	9.999999999999998	0.9999999999999999	340.00000000000006	9.999999999999998	5.896949700164923	0.44248417209181967	7.150289085162793	9.999999999999998	0.9999999999999999	320.83157113263076	9.999999999999998	10.402975594690757	0.7805988311515369	12.424179365966667	9.999999999999998	0.9999999999999999
1.0	34.0	350.82434501402724	9.999999999999998	10.299133795577015	0.6473254604471138	10.21903083314456	9.999999999999998	0.9999999999999999	423.99999999999994	9.999999999999998	8.973971096275053	0.5640357807983872	8.903655091693347	9.999999999999998	0.9999999999999999	340.00000000000006	9.999999999999998	5.743327602614865	0.3609820261251392	5.833261400380497	9.999999999999998	0.9999999999999999	317.00000000000006	9.999999999999998	9.168921818879667	0.5762889050687725	9.153767182289258	9.999999999999998	0.9999999999999999
1.5	34.0	359.99999999999994	9.999999999999998	10.166953625663751	0.7008807842594595	11.014867617874023	9.999999999999998	0.9999999999999999	423.99999999999994	9.999999999999998	12.449034749272705	0.858200947855104	13.547234943588533	9.999999999999998	0.9999999999999999	346.6094889561014	9.999999999999998	11.25979403780708	0.7762180852185205	12.196731954107449	9.999999999999998	0.9999999999999999	317.00000000000006	9.999999999999998	13.117950252658261	0.9043140747442386	14.36411568410853	9.999999999999998	0.9999999999999999
2.0	34.0	354.8684600494189	9.999999999999998	11.270703077349449	0.7018088510611038	11.199103838237159	9.999999999999998	0.9999999999999999	422.7533139100653	9.999999999999998	10.808144582436435	0.6730060653222216	10.910371287187994	9.999999999999998	0.9999999999999999	340.00000000000006	9.999999999999998	8.87998554312478	0.5529426521743855	8.9352344330704	9.999999999999998	0.9999999999999999	320.2172267176728	9.999999999999998	11.108927274095933	0.6917353277119697	10.866401796572323	9.999999999999998	0.9999999999999999
2.5	34.0	353.86585252832094	9.999999999999998	9.463440858727962	0.594382653028152	9.388341187103604	9.999999999999998	0.9999999999999999	419.12219268540423	9.999999999999998	10.274849348277847	0.6453458426235539	10.390077205296064	9.999999999999998	0.9999999999999999	343.20522897476104	9.999999999999998	5.458229238682016	0.3428221113392924	5.4016237474047255	9.999999999999998	0.9999999999999999	317.00000000000006	9.999999999999998	14.602364271321731	0.9171497075576754	14.567996746850024	9.999999999999998	0.9999999999999999
3.0	34.0	353.69463296253156	9.999999999999998	8.328037971061615	0.6925591987740253	11.007303886886882	9.999999999999998	0.9999999999999999	418.00000000000006	9.999999999999998	8.576067766968032	0.7131853435300795	11.203516526450278	9.999999999999998	0.9999999999999999	340.00000000000006	9.999999999999998	6.065843974022539	0.5044352652011003	8.15138302888305	9.999999999999998	0.9999999999999999	317.00000000000006	9.999999999999998	8.77162551656232	0.7294479156801686	11.58654336915543	9.999999999999998	0.9999999999999999
3.5	34.0	359.99999999999994	9.999999999999998	8.451874259233504	0.6305146891120955	9.909011614625376	9.999999999999998	0.9999999999999999	418.00000000000006	9.999999999999998	8.05341263881472	0.6007892226633985	9.437872000714657	9.999999999999998	0.9999999999999999	341.46420665806227	9.999999999999998	6.051003618830202	0.45140835612583907	7.1415010419794935	9.999999999999998	0.9999999999999999	317.00000000000006	9.999999999999998	10.990695297627791	0.81991220126576	13.02347717315398	9.999999999999998	0.9999999999999999
4.0	34.0	359.99999999999994	9.999999999999998	7.200654702577637	0.5442405933892801	8.553149441513192	9.999999999999998	0.9999999999999999	420.2632843155818	9.999999999999998	6.680941381873418	0.5049595699635734	7.971014003892941	9.999999999999998	0.9999999999999999	342.09243603917395	9.999999999999998	10.519613026575223	0.7950944285329271	12.837877500186814	9.999999999999998	0.9999999999999999	317.00000000000006	9.999999999999998	10.895997534860104	0.8235423595326135	13.08113857061863	9.999999999999998	0.9999999999999999
4.5	34.0	356.75096923102285	9.999999999999998	13.303439628125775	0.9931365517350055	15.846189646220289	9.999999999999998	0.9999999999999999	418.00000000000006	9.999999999999998	11.495444294929895	0.8581649728835513	13.481019405884803	9.999999999999998	0.9999999999999999	340.00000000000006	9.999999999999998	10.327204866486769	0.7709528450431715	12.45815344541519	9.999999999999998	0.9999999999999999	317.00000000000006	9.999999999999998	11.350310924125331	0.8473303872837648	13.45898736459097	9.999999999999998	0.9999999999999999
5.0	34.0	352.644091449532	9.999999999999998	15.111032198053874	0.949098276404337	14.958077481499478	9.999999999999998	0.9999999999999999	419.03022319200363	9.999999999999998	14.023483197663879	0.8807911701625584	14.26584093172969	9.999999999999998	0.9999999999999999	340.00000000000006	9.999999999999998	3.8681755634350776	0.24295353963698293	3.9259891138151306	9.999999999999998	0.9999999999999999	317.00000000000006	9.999999999999998	14.09861447920358	0.8855100383959649	14.065432559541241	9.999999999999998	0.9999999999999999
5.5	34.0	352.54762719457943	9.999999999999998	45.98211776357041	1.0502032092976497	16.5209187577354	9.999999999999998	0.9999999999999999	419.31045293219375	9.999999999999998	23.56793910875274	0.5382771932299503	8.577667009573748	9.999999999999998	0.9999999999999999	340.00000000000006	9.999999999999998	13.686316277547204	0.3125870224605043	5.051226045660857	9.999999999999998	0.9999999999999999	318.5162740357856	9.999999999999998	19.303768022533042	0.44088615563641675	6.931907616153963	9.999999999999998	0.9999999999999999
6.0	34.0	351.0718519581176	9.999999999999998	159.0533266750158	1.025081725721467	16.334702893650046	9.999999999999998	0.9999999999999999	419.3890250114875	7.452099264721992	102.83049132446052	0.6627315486399201	7.910647825385173	7.452099264721992	0.9999999999999999	340.00000000000006	9.999999999999998	38.344402434228854	0.2471255838574797	3.9934069428226833	9.999999999999998	0.9999999999999999	322.7054338036602	9.999999999999998	55.31249032757484	0.3564831005062456	5.669601822530453	9.999999999999998	0.9999999999999999
6.5	34.0	352.2445742667515	9.999999999999998	232.89789584723596	0.5765139084595653	9.060313906035471	9.999999999999998	0.9999999999999999	418.19836845243407	5.779527615259656	391.6660714556051	0.9695275985403631	8.82727178081657	5.779527615259656	0.9999999999999999	345.55494066340106	9.999999999999998	127.33821378034212	0.3152121707914347	5.060511963618822	9.999999999999998	0.9999999999999999	321.03848378394576	9.999999999999998	96.50136434104026	0.23887883797982332	3.8442315076935736	9.999999999999998	0.9999999999999999
7.0	34.0	351.5684986825689	9.999999999999998	271.2266848072466	0.9422640432254327	15.16771352306079	9.999999999999998	0.9999999999999999	418.8205709695001	5.825944703474438	193.0987488577289	0.6708411009402078	6.576586709214376	5.825944703474438	0.9999999999999999	343.07058698980825	9.999999999999998	64.76703722891837	0.22500606977673832	3.5372721101621467	9.999999999999998	0.9999999999999999	321.58659012830674	9.999999999999998	77.04815471087134	0.2676716925273003	4.257299411061198	9.999999999999998	0.9999999999999999
7.5	34.0	354.400861608654	9.999999999999998	24.215304370493357	1.1398912953569793	17.924301854309405	9.999999999999998	0.9999999999999999	418.00000000000006	9.999999999999998	12.577922373941231	0.5920827592488069	9.301101093071631	9.999999999999998	0.9999999999999999	340.00000000000006	9.999999999999998	9.724504835330597	0.45776333197600694	7.397191498946061	9.999999999999998	0.9999999999999999	317.9295883179001	9.999999999999998	12.35298779360604	0.5814943740595923	9.202813363840173	9.999999999999998	0.9999999999999999
8.0	34.0	359.99999999999994	9.999999999999998	6.279770070688835	0.395346452135904	6.213166249199216	9.999999999999998	0.9999999999999999	418.00000000000006	9.999999999999998	7.877792280506541	0.495950837961213	7.790952884565224	9.999999999999998	0.9999999999999999	340.00000000000006	9.999999999999998	11.190027200467764	0.7044744478238398	11.383900877714607	9.999999999999998	0.9999999999999999	323.36132927243773	9.999999999999998	12.20553235606815	0.7684061453021034	12.291858079813668	9.999999999999998	0.9999999999999999
8.5	34.0	359.99999999999994	9.999999999999998	8.416146197309397	0.7084492008415924	11.133810965446601	9.999999999999998	0.9999999999999999	418.89165639463204	9.999999999999998	6.285278623128134	0.5290783350514289	8.55018244753741	9.999999999999998	0.9999999999999999	340.00000000000006	9.999999999999998	9.844200033751365	0.8286590421950516	13.390652318065754	9.999999999999998	0.9999999999999999	317.00000000000006	9.999999999999998	10.883931120255745	0.9161808888996247	14.552608041012288	9.999999999999998	0.9999999999999999
9.0	34.0	359.99999999999994	9.999999999999998	8.228923797391648	0.5667457935719242	8.90683555517587	9.999999999999998	0.9999999999999999	418.00000000000006	9.999999999999998	8.384081473369468	0.5774318762682664	9.070948565276938	9.999999999999998	0.9999999999999999	345.85073795219495	9.999999999999998	7.9058378667069915	0.5444940876762104	8.79918896681824	9.999999999999998	0.9999999999999999	317.00000000000006	9.999999999999998	13.218529788326304	0.9103919709541768	14.46065692648635	9.999999999999998	0.9999999999999999
9.5	34.0	359.99999999999994	9.999999999999998	9.70208883686916	0.7357177841411164	11.562357220268789	9.999999999999998	0.9999999999999999	423.9184794268042	9.999999999999998	10.969561779040468	0.8318313531005624	13.104489727115329	9.999999999999998	0.9999999999999999	340.00000000000006	9.999999999999998	7.892436762358694	0.5984903028521642	9.671258205302747	9.999999999999998	0.9999999999999999	317.00000000000006	9.999999999999998	12.695403632897147	0.9627034329017995	15.291571662865973	9.999999999999998	0.9999999999999999
10.0	34.0	359.99999999999994	9.999999999999998	10.354954799794127	0.7138410489776528	11.218547906119241	9.999999999999998	0.9999999999999999	419.4740444853221	9.999999999999998	8.15993407587036	0.5625225810182773	8.903910120685653	9.999999999999998	0.9999999999999999	340.00000000000006	9.999999999999998	5.508185587182967	0.37971860365787896	6.136033689821519	9.999999999999998	0.9999999999999999	322.7152762785761	9.999999999999998	11.288827552153924	0.7782195728867498	12.382438036214321	9.999999999999998	0.9999999999999999
0.0	34.5	359.99999999999994	9.999999999999998	7.316702837816958	0.5549622961242687	8.721649047889015	9.999999999999998	0.9999999999999999	418.00000000000006	9.999999999999998	6.040904084703648	0.4581946370961088	7.19783606829076	9.999999999999998	0.9999999999999999	340.00000000000006	9.999999999999998	8.100034418055865	0.6143769671901966	9.927977540773817	9.999999999999998	0.9999999999999999	318.2577584467582	9.999999999999998	8.52306221314774	0.6464630695907445	10.159141043326583	9.999999999999998	0.9999999999999999
0.5	34.5	357.5062172242405	9.999999999999998	4.365998839061225	0.3276075733869363	5.197434572342977	9.999999999999998	0.9999999999999999	418.00000000000006	9.999999999999998	7.955243325761465	0.5969305209929276	9.377255180237416	9.999999999999998	0.9999999999999999	340.00000000000006	9.999999999999998	6.528544426817373	0.4898765840895941	7.916123136639116	9.999999999999998	0.9999999999999999	317.00000000000006	9.999999999999998	12.27847120976394	0.921328728249741	14.634376269566276	9.999999999999998	0.9999999999999999
1.0	34.5	350.9210884938924	9.999999999999998	6.970261409134561	0.44026053718707403	6.971708659954918	9.999999999999998	0.9999999999999999	423.99999999999994	9.999999999999998	8.994528616527612	0.568118721525629	8.968106846764153	9.999999999999998	0.9999999999999999	340.00000000000006	9.999999999999998	8.715050147479932	0.5504661065528386	8.895214883799426	9.999999999999998	0.9999999999999999	317.00000000000006	9.999999999999998	10.649591101326388	0.6726569383679374	10.684476055697784	9.999999999999998	0.9999999999999999
1.5	34.5	357.6695891670965	9.999999999999998	8.830939632416486	0.73369682754701	11.57701108479313	9.999999999999998	0.9999999999999999	418.00000000000006	9.999999999999998	11.274709980470247	0.9367314565052727	14.715229987560777	9.999999999999998	0.9999999999999999	340.5544433194173	9.999999999999998	8.312146149927248	0.690594151263596	10.950557620001044	9.999999999999998	0.9999999999999999	321.09652624805955	9.999999999999998	11.607486585922523	0.9643793795876533	15.576664454453491	9.999999999999998	0.9999999999999999
2.0	34.5	359.99999999999994	9.999999999999998	9.249251109947187	0.6953252092231743	10.927557586068108	9.999999999999998	0.9999999999999999	418.00000000000006	9.999999999999998	11.108095365181665	0.8350663899220286	13.118160917141775	9.999999999999998	0.9999999999999999	343.983253117101	9.999999999999998	9.29224760036794	0.6985575296934792	11.274737217342675	9.999999999999998	0.9999999999999999	322.2279144814607	9.999999999999998	10.3724951100052	0.7797666261622235	12.251794258047507	9.999999999999998	0.9999999999999999
2.5	34.5	359.18588860000625	9.999999999999998	8.374857797027808	0.6241888968006135	9.998440331633628	9.999999999999998	0.9999999999999999	423.9999999999568	9.999999999999998	12.795580966970256	0.9536710665738809	15.05429005881817	9.999999999999998	0.9999999999999999	340.00000000000006	9.999999999999998	7.254335433804103	0.5406749274065016	8.73699507437673	9.999999999999998	0.9999999999999999	317.00000000000006	9.999999999999998	11.696954489117367	0.8717890256095188	13.847488130197501	9.999999999999998	0.9999999999999999
3.0	34.5	351.2890199395831	9.999999999999998	8.832861808471858	0.6598564721537721	10.64263500235173	9.999999999999998	0.9999999999999999	423.79131455578846	9.999999999999998	13.624992778889302	1.017851276646876	16.001425835625287	9.999999999999998	0.9999999999999999	340.00000000000006	9.999999999999998	5.1222546799805535	0.3826566039291257	6.183510080157447	9.999999999999998	0.9999999999999999	319.2951730117493	9.999999999999998	10.99403351452195	0.821306200293409	13.349189901113093	9.999999999999998	0.9999999999999999
3.5	34.5	359.99999999999994	9.999999999999998	11.129847175497613	0.8433913190638233	13.25452764319638	9.999999999999998	0.9999999999999999	423.99999999999994	9.999999999999998	10.213430409254844	0.773947603161306	12.217243572450196	9.999999999999998	0.9999999999999999	340.8190231013339	9.999999999999998	8.089942347602573	0.6130351154071226	9.64851507251534	9.999999999999998	0.9999999999999999	317.00000000000006	9.999999999999998	7.297375036112647	0.5529763940478628	8.783471491285987	9.999999999999998	0.9999999999999999
4.0	34.5	354.51247082395975	9.999999999999998	7.281395698825284	0.4593730053877676	7.237513669287858	9.999999999999998	0.9999999999999999	418.00000000000006	9.999999999999998	8.929468872519427	0.5633476220977173	8.849697279346918	9.999999999999998	0.9999999999999999	340.00000000000006	9.999999999999998	6.061377043392559	0.38240374570782865	6.179424037099032	9.999999999999998	0.9999999999999999	317.00000000000284	9.999999999999998	14.116717569595023	0.890603840854491	14.146342466653381	9.999999999999998	0.9999999999999999
4.5	34.5	359.99999999999994	9.999999999999998	9.250068685502171	0.6988119405939336	10.98235418676045	9.999999999999998	0.9999999999999999	421.95758928557893	9.999999999999998	7.496550915419936	0.5663395020165124	8.90735165312275	9.999999999999998	0.9999999999999999	340.00000000000006	9.999999999999998	5.562372722191015	0.42021876901231275	6.790493009602576	9.999999999999998	0.9999999999999999	324.99999999982896	9.999999999999998	9.270616806211192	0.7003642828085093	11.381641542753036	9.999999999999998	0.9999999999999999
5.0	34.5	359.99999999999807	9.999999999999998	11.090600266070357	0.7008415136240079	11.014250450360498	9.999999999999998	0.9999999999999999	418.00000000000006	9.999999999999998	8.098578356996416	0.511768504657419	8.039434561661484	9.999999999999998	0.9999999999999999	344.9519122960924	9.99999999999996	7.0242565909209835	0.44387954692814513	6.977864216065742	9.99999999999996	0.9999999999999999	317.00000000000006	9.999999999999998	10.841626534608205	0.6851082690182696	10.88225286673884	9.999999999999998	0.9999999999999999
5.5	34.5	354.26539734415513	9.999999999999998	8.464690492824777	0.5325248848121793	8.365127351953545	9.999999999999998	0.9999999999999999	419.96601770490855	9.999999999999998	13.968323487954878	0.8787657224735824	13.805224282150553	9.999999999999998	0.9999999999999999	340.00000000000006	9.999999999999998	8.054092815844248	0.5066936413870889	8.187877085871637	9.999999999999998	0.9999999999999999	318.00745039356514	9.999999999999998	13.09413567452793	0.8237694098447855	13.005274546158603	9.999999999999998	0.9999999999999999
6.0	34.5	354.3705144728362	9.999999999999998	15.73612743949627	0.9881282014182626	15.532337604232628	9.999999999999998	0.9999999999999999	420.56777049175633	9.999999999999998	12.807425055847025	0.8042244150533153	12.849955659039319	9.999999999999998	0.9999999999999999	340.00000000000006	9.999999999999998	9.948983714103163	0.6247325729379731	10.095318158628075	9.999999999999998	0.9999999999999999	319.9821701286094	9.999999999999998	16.219308624633893	1.0184688908455	16.046005864292884	9.999999999999998	0.9999999999999999
6.5	34.5	352.8552943212658	9.999999999999998	62.393756215063426	1.0450255758827969	16.579261082146797	9.999999999999998	0.9999999999999999	419.9932949894158	9.999999999999998	27.192019644879295	0.4554358915475245	7.155856357809322	9.999999999999998	0.9999999999999999	340.00000000000006	9.999999999999998	15.101547018901574	0.25293400858495996	4.087267737288058	9.999999999999998	0.9999999999999999	323.92944002147146	9.999999999999998	20.073565450815938	0.3362097518692979	5.283709004239957	9.999999999999998	0.9999999999999999
7.0	34.5	353.4228123980903	9.999999999999998	79.24945752912578	0.8410748077233162	13.562994429333935	9.999999999999998	0.9999999999999999	419.21697445831194	9.999999999999998	35.67494658627596	0.37861834990560117	6.062275980528001	9.999999999999998	0.9999999999999999	346.74397656845804	9.999999999999998	45.532018816791826	0.48323149666372295	7.591190836632013	9.999999999999998	0.9999999999999999	322.7143702198271	9.999999999999998	35.5635563395367	0.3774361647742514	6.005232987299827	9.999999999999998	0.9999999999999999
7.5	34.5	353.0613710391605	9.999999999999998	21.14327485438026	0.8389162080775806	13.440321167620356	9.999999999999998	0.9999999999999999	418.74795852794296	9.999999999999998	13.113652981235989	0.5203193974837168	8.33564382515335	9.999999999999998	0.9999999999999999	342.25820752359937	9.999999999999998	11.8912600801809	0.4718176765158489	7.544184050348668	9.999999999999998	0.9999999999999999	323.41836129730257	9.999999999999998	12.412067425332785	0.49248210651275903	7.855107100518559	9.999999999999998	0.9999999999999999
8.0	34.5	358.5606928441226	9.999999999999998	11.886025577338687	0.8195812764147311	13.032477379470969	9.999999999999998	0.9999999999999999	423.99999999999994	9.999999999999998	10.380258667679573	0.7157536043496169	11.298615160096158	9.999999999999998	0.9999999999999999	340.00000000000006	9.999999999999998	7.726485657412517	0.5327670663417943	8.60920859923423	9.999999999999998	0.9999999999999999	317.00000000000006	9.999999999999998	10.768789385549985	0.74254409875051	11.794563009561724	9.999999999999998	0.9999999999999999
8.5	34.5	359.99999999999994	9.999999999999998	8.873299748669819	0.6059957561777404	9.523678179226932	9.999999999999998	0.9999999999999999	422.9872016153426	9.999999999999998	13.537035667799772	0.9245023157414604	14.77602910771709	9.999999999999998	0.9999999999999999	340.00000000000006	9.999999999999998	9.360302738006688	0.639255282300281	10.329996768146232	9.999999999999998	0.9999999999999999	317.00000000000006	9.999999999999998	12.189594565394884	0.8324797747606686	13.22310038437123	9.999999999999998	0.9999999999999999
9.0	34.5	359.99999999999994	9.999999999999998	11.934954109746142	0.8168051095527563	12.836705404661362	9.999999999999998	0.9999999999999999	418.00000000000006	9.999999999999998	8.810739140760345	0.6029898969810605	9.472442665004003	9.999999999999998	0.9999999999999999	340.00000000000006	9.999999999999998	5.714138729960495	0.39106457120883764	6.319377983373778	9.999999999999998	0.9999999999999999	319.5177881218114	9.999999999999998	12.648974567545356	0.8656712847296963	13.894231248265049	9.999999999999998	0.9999999999999999
9.5	34.5	352.4061378015826	9.999999999999998	10.3048264403512	0.6513395972690486	10.232269154753427	9.999999999999998	0.9999999999999999	421.9693737899143	9.999999999999998	9.928471946062201	0.627551269910064	9.871798128881222	9.999999999999998	0.9999999999999999	340.00000000000006	9.999999999999998	3.7559551141563414	0.23740354149349832	3.836304343938669	9.999999999999998	0.9999999999999999	321.7479471033946	9.999999999999998	11.819419799856648	0.7470728572629968	11.809548676447688	9.999999999999998	0.9999999999999999
10.0	34.5	359.99999999999994	9.999999999999998	7.565019131614846	0.570709304363391	8.96912510234351	9.999999999999998	0.9999999999999999	423.99999999999994	9.999999999999998	9.853138201573564	0.7433262958075355	11.733867218650825	9.999999999999998	0.9999999999999999	343.8518950228236	9.999999999999998	7.878750880117133	0.5943774041830183	9.6554190784777	9.999999999999998	0.9999999999999999	317.00000000000006	9.999999999999998	14.099967662360369	1.0637095023994034	16.89595105668557	9.999999999999998	0.9999999999999999
0.0	35.0	359.99999999999994	9.999999999999998	9.385534869760507	0.7856182906240655	12.346581135831402	9.999999999999998	0.9999999999999999	423.99999999999994	9.999999999999998	9.465240848059898	0.7922900973237389	12.506791234324643	9.999999999999998	0.9999999999999999	340.00000000000006	9.999999999999998	8.89150467884876	0.7442653832526105	12.02689945083807	9.999999999999998	0.9999999999999999	317.00000000000006	9.999999999999998	10.550195733122614	0.8831064880819728	14.027254590484944	9.999999999999998	0.9999999999999999
0.5	35.0	353.69807419533294	9.999999999999998	8.254696662955713	0.5685208328730973	9.03454732464541	9.999999999999998	0.9999999999999999	423.99999999999994	9.999999999999998	13.16969904116073	0.9070288798338245	14.318014174232042	9.999999999999998	0.9999999999999999	340.00000000000006	9.999999999999998	6.399979541546806	0.44078199937490475	7.122782955528187	9.999999999999998	0.9999999999999999	317.00000000000006	9.999999999999998	13.113005231038379	0.9031242406368262	14.345216371092082	9.999999999999998	0.9999999999999999
1.0	35.0	358.15401794508625	9.999999999999998	7.057261553811307	0.5866082261019815	9.222511083988138	9.999999999999998	0.9999999999999999	423.99999999999994	9.999999999999998	5.957127079434666	0.49516370083294226	7.816466536754779	9.999999999999998	0.9999999999999999	340.00000000000006	9.999999999999998	6.1803447887257725	0.5137178302900103	8.301383928403979	9.999999999999998	0.9999999999999999	317.00000000000006	9.999999999999998	10.21319309957921	0.8489331224723581	13.48444519423545	9.999999999999998	0.9999999999999999
1.5	35.0	359.99999999999994	9.999999999999998	7.158277522153789	0.6005896286697153	9.438716827505525	9.999999999999998	0.9999999999999999	418.00000000000006	9.999999999999998	9.448700720355575	0.792759380938641	12.453554894836335	9.999999999999998	0.9999999999999999	340.00000000000006	9.999999999999998	7.56923768118036	0.6350697684161767	10.262361277141375	9.999999999999998	0.9999999999999999	317.00000000000006	9.999999999999998	8.789671873349485	0.737465926712948	11.713901375900901	9.999999999999998	0.9999999999999999
2.0	35.0	359.99999999999574	9.999999999999998	8.358394367369373	0.6245567492364046	9.815378117345828	9.999999999999998	0.9999999999999999	418.00000000000006	9.999999999999998	8.511526547835244	0.6359991067792142	9.990988413109498	9.999999999999998	0.9999999999999999	340.00000000000006	9.999999999999998	7.537191354199843	0.5631947385647638	9.10090223779824	9.999999999999998	0.9999999999999999	321.6626460582378	9.999999999999998	13.260309960768176	0.9908381584980195	15.709790855891233	9.999999999999998	0.9999999999999999
2.5	35.0	359.99999999999994	9.999999999999998	10.276850667059568	0.6472883066206824	10.172621604340177	9.999999999999998	0.9999999999999999	423.99999999999994	9.999999999999998	6.117007510706527	0.38528023433117703	6.081887775410079	9.999999999999998	0.9999999999999999	344.3406965062057	9.999999999999998	8.091212136605566	0.5096256793143273	8.076459118172163	9.999999999999998	0.9999999999999999	317.00000000000006	9.999999999999998	13.937851894847954	0.8778767779377823	13.944185927059848	9.999999999999998	0.9999999999999999
3.0	35.0	359.99999999999795	9.999999999999998	9.2752458835104	0.7720480959127765	12.133315339920468	9.999999999999998	0.9999999999999999	421.3267198340911	9.999999999999998	7.7598738068691855	0.6459123426331607	10.229093659807885	9.999999999999998	0.9999999999999999	343.7118206527434	9.999999999999998	6.685503375254561	0.556484455065491	8.956198843869892	9.999999999999998	0.9999999999999999	317.00000000000006	9.999999999999998	10.069702411714388	0.8381766554775204	13.313589580482184	9.999999999999998	0.9999999999999999
3.5	35.0	350.66718468077414	9.999999999999998	9.178452138345623	0.6319936963787921	9.942663557797012	9.999999999999998	0.9999999999999999	418.00000000000006	9.999999999999998	9.427471372039943	0.6491402243117965	10.197423849266357	9.999999999999998	0.9999999999999999	340.00000000000006	9.999999999999998	7.561672210632874	0.5206683108622762	8.413699686813064	9.999999999999998	0.9999999999999999	317.00000000000006	9.999999999999998	11.470458631493623	0.7898126438325932	12.545376105078978	9.999999999999998	0.9999999999999999
4.0	35.0	359.99999999999994	9.999999999999998	8.170784901286048	0.514155324512376	8.080336858589577	9.999999999999998	0.9999999999999999	423.99999999999994	9.999999999999998	8.905065919478943	0.5603607380379265	8.845642259351312	9.999999999999998	0.9999999999999999	340.00000000000006	9.999999999999998	6.021339088149525	0.37889916210856206	6.122791986873569	9.999999999999998	0.9999999999999999	317.0000000000002	9.999999999999998	11.406666659142452	0.717776623493392	11.401156681238147	9.999999999999998	0.9999999999999999
4.5	35.0	359.99999999999994	9.999999999999998	10.379029998006562	0.7075065921898993	11.118997162946892	9.999999999999998	0.9999999999999999	423.99999999999994	9.999999999999998	10.478746077197968	0.7143039309960112	11.27573116589662	9.999999999999998	0.9999999999999999	343.88538581179154	9.999999999999998	8.579982593532305	0.5848710570221494	9.503001678746452	9.999999999999998	0.9999999999999999	317.9675113165775	9.999999999999998	9.365037456241176	0.6383858354459463	10.090568598809956	9.999999999999998	0.9999999999999999
5.0	35.0	359.99999999999994	9.999999999999998	8.357462089864955	0.5277558970377296	8.294080064650434	9.999999999999998	0.9999999999999999	420.5049467080353	9.999999999999998	9.91728061150021	0.6262551081917921	9.975485885922195	9.999999999999998	0.9999999999999999	340.00000000000006	9.999999999999998	8.717871066657814	0.5505149548476873	8.896004244078313	9.999999999999998	0.9999999999999999	317.00000000000006	9.999999999999998	10.056597851760541	0.635052694626025	10.087170625640187	9.999999999999998	0.9999999999999999
5.5	35.0	359.8683202132359	9.999999999999998	7.996037710427606	0.5050513389852979	7.9334593174558385	9.999999999999998	0.9999999999999999	423.99999999999994	9.999999999999998	9.968933096035219	0.6296647403052568	9.939648976068469	9.999999999999998	0.9999999999999999	341.5181701123401	9.999999999999998	11.186469344280795	0.706567618294145	11.199815026879127	9.999999999999998	0.9999999999999999	318.94104826418885	9.999999999999998	11.846313791375476	0.7482451758039834	11.91034615872138	9.999999999999998	0.9999999999999999
6.0	35.0	359.99999999999994	9.999999999999998	9.898925966850282	0.7407022518701709	11.64069187205855	9.999999999999998	0.9999999999999999	423.99999999999994	9.999999999999998	11.82284429497331	0.8846623787392128	13.964945063842418	9.999999999999998	0.9999999999999999	340.00000000000006	9.999999999999998	6.668695581786677	0.49899533050429973	8.063476820842553	9.999999999999998	0.9999999999999999	317.00000000000006	9.999999999999998	8.672668331693009	0.6489456517323693	10.307846216834903	9.999999999999998	0.9999999999999999
6.5	35.0	357.6229832306046	9.999999999999998	10.910461253365249	0.6836671509841744	10.801989583228828	9.999999999999998	0.9999999999999999	418.00000000000006	9.999999999999998	11.379686159547035	0.7130695426274398	11.20169739578772	9.999999999999998	0.9999999999999999	340.00000000000006	9.999999999999998	7.623067174649655	0.47767372029722566	7.718931893911016	9.999999999999998	0.9999999999999999	322.4871341741049	9.999999999999998	14.74726119189966	0.924087241570629	14.582905050896393	9.999999999999998	0.9999999999999999
7.0	35.0	356.7567491100763	9.999999999999998	12.363476583093385	0.7783496128314686	12.422679700917321	9.999999999999998	0.9999999999999999	418.00000000000006	9.999999999999998	11.74100412126683	0.7391615093555023	11.61157931932603	9.999999999999998	0.9999999999999999	340.00000000000006	9.999999999999998	4.989667777676186	0.3141273376311275	5.076116650674256	9.999999999999998	0.9999999999999999	324.99999999999994	9.999999999999998	12.118880053761666	0.7629509009379545	12.398738602527771	9.999999999999998	0.9999999999999999
7.5	35.0	359.59776229133877	9.999999999999998	10.78722127994749	0.7324262636690865	11.543870574964817	9.999999999999998	0.9999999999999999	423.99999999999994	9.999999999999998	14.81644551412868	1.0060008548209454	15.88034826548717	9.999999999999998	0.9999999999999999	340.6459679818007	9.999999999999998	8.384896124657143	0.5693141894893926	8.998591645747943	9.999999999999998	0.9999999999999999	317.00000000000006	9.999999999999998	7.533221624010249	0.5114875484868011	8.124463084933634	9.999999999999998	0.9999999999999999
8.0	35.0	348.00000000000006	9.999999999999998	7.75221356291274	0.5329122209557973	8.485923310208195	9.999999999999998	0.9999999999999999	418.00000000000006	9.999999999999998	10.648258262784406	0.7319956956912375	11.499010668636044	9.999999999999998	0.9999999999999999	340.00000000000006	2.1019601837342528	7.656835681661456	0.5263556370697643	2.8684048821491017	2.1019601837342528	0.9999999999999999	318.8620432407741	9.999999999999998	11.988460390053453	0.8241255224015689	13.074146504350104	9.999999999999998	0.9999999999999999
8.5	35.0	349.84506968854924	9.999999999999998	10.466061860492342	0.7193022001062337	11.475673892787366	9.999999999999998	0.9999999999999999	418.00000000000006	9.999999999999998	11.370083407319166	0.7814329897235412	12.275627218230824	9.999999999999998	0.9999999999999999	340.00000000000006	9.999999999999998	5.850563962195594	0.40209236157443917	6.497580717071249	9.999999999999998	0.9999999999999999	317.00000000000006	9.999999999999998	12.340055306600922	0.8480963565653046	13.471154012968771	9.999999999999998	0.9999999999999999
9.0	35.0	359.99999999999994	9.999999999999998	12.350201265698969	1.0237023663724805	16.088251096242058	9.999999999999998	0.9999999999999999	422.36005723661737	9.999999999999998	11.50956670069817	0.9540225631909802	15.187928705503232	9.999999999999998	0.9999999999999999	340.00000000000006	9.999999999999998	7.558906772811381	0.6265542224001998	10.124754963576772	9.999999999999998	0.9999999999999999	321.6505261902941	9.999999999999998	10.666057741609551	0.8841045028372865	14.024119715605348	9.999999999999998	0.9999999999999999
9.5	35.0	359.99999999999994	9.999999999999998	7.827768190697211	0.4938428768291594	7.761111496373344	9.999999999999998	0.9999999999999999	418.59974197613633	9.999999999999998	9.818973472350486	0.6194652152394496	9.85119411231956	9.999999999999998	0.9999999999999999	344.3402139967128	9.999999999999998	7.310442844392634	0.4612055489150151	7.309237320039591	9.999999999999998	0.9999999999999999	317.00000000000006	9.999999999999998	14.443356085133127	0.9112110050252756	14.473666455448747	9.999999999999998	0.9999999999999999
10.0	35.0	359.99999999999994	9.999999999999998	8.021241423522195	0.5455107931337705	8.573111583931752	9.999999999999998	0.9999999999999999	418.00000000000006	9.999999999999998	13.42146881489667	0.9127709430069109	14.33883132570324	9.999999999999998	0.9999999999999999	341.17031411569474	9.999999999999998	11.926470765070427	0.8110987044052151	12.74922867297808	9.999999999999998	0.9999999999999999	317.00000000000006	9.999999999999998	10.168279251125087	0.6915271322990818	10.984210026647181	9.999999999999998	0.9999999999999999
0.0	35.5	350.73600199703213	9.999999999999998	8.071194512469564	0.6794120691515716	10.702225637157625	9.999999999999998	0.9999999999999999	423.99999999999994	9.999999999999998	8.663730364523971	0.7292901892574389	11.51229855969905	9.999999999999998	0.9999999999999999	340.00000000000006	9.999999999999998	6.327403181849662	0.5326242703598735	8.606901098502382	9.999999999999998	0.9999999999999999	317.00000000000006	9.999999999999998	8.698953298649343	0.7322551638369433	11.63113367069344	9.999999999999998	0.9999999999999999
0.5	35.5	355.355885384119	9.999999999999998	10.868181716595515	0.6867863543781292	11.041980556255108	9.999999999999998	0.9999999999999999	423.99999999999994	9.999999999999998	10.874847194580491	0.6872075618482342	10.847998150825287	9.999999999999998	0.9999999999999999	340.00000000000006	9.999999999999998	6.962289075456783	0.43996367165615347	7.109559251439944	9.999999999999998	0.9999999999999999	317.00000000000006	9.999999999999998	11.967587457268948	0.7562604283592934	12.012433051358487	9.999999999999998	0.9999999999999999
1.0	35.5	352.6925038343135	9.999999999999998	8.328257399507555	0.5201597901962458	8.207775912649714	9.999999999999998	0.9999999999999999	418.00000000000006	9.999999999999998	13.695519380804669	0.8553840432656662	13.437333439515028	9.999999999999998	0.9999999999999999	340.00000000000006	9.999999999999998	5.788503126739643	0.3615338032339444	5.842177800304773	9.999999999999998	0.9999999999999999	318.6206522062735	9.999999999999998	11.353831124942769	0.709128708752811	11.168481433137503	9.999999999999998	0.9999999999999999
1.5	35.5	354.6031864194463	9.999999999999998	8.622502514124186	0.6482085190889557	10.23626748464982	9.999999999999998	0.9999999999999999	423.9999999999977	9.999999999999998	9.05887343570617	0.6810133049836308	10.75021795930252	9.999999999999998	0.9999999999999999	341.71564739506084	9.999999999999998	7.7984978002178895	0.5862628282122542	9.376645838720608	9.999999999999998	0.9999999999999999	318.26859978631535	9.999999999999998	8.308351114307587	0.6245917543143127	9.814582416906875	9.999999999999998	0.9999999999999999
2.0	35.5	359.99999999999994	9.999999999999998	9.920253070417592	0.6767065327631127	10.634951109997726	9.999999999999998	0.9999999999999999	418.00000000000006	9.999999999999998	8.160459551827588	0.5566628441706087	8.74468527838331	9.999999999999998	0.9999999999999999	340.00000000000006	9.999999999999998	8.320964919241518	0.5676116606878449	9.172277152515251	9.999999999999998	0.9999999999999999	317.00000000000006	9.999999999999998	11.540765663834447	0.7872492226124471	12.504658748154403	9.999999999999998	0.9999999999999999
2.5	35.5	359.99999999999994	9.999999999999998	6.993952048813413	0.48078687323870595	7.555926599887303	9.999999999999998	0.9999999999999999	421.2454160727528	9.999999999999998	11.262696193172655	0.7742341453244098	12.300298195744467	9.999999999999998	0.9999999999999999	340.00000000000006	9.999999999999998	6.865306647091119	0.4719433724513232	7.626332776832902	9.999999999999998	0.9999999999999999	317.00000000000006	9.999999999999998	12.754420081781422	0.8767800677348119	13.926765793206611	9.999999999999998	0.9999999999999999
3.0	35.5	359.99999999999994	9.999999999999998	10.324307283671144	0.7060802060830054	11.096580434606976	9.999999999999998	0.9999999999999999	418.00000000000006	9.999999999999998	9.981107846814895	0.682608768973971	10.72318534540554	9.999999999999998	0.9999999999999999	342.30686241326055	9.999999999999998	7.010449584828331	0.47944521134303114	7.647232026020599	9.999999999999998	0.9999999999999999	317.00000000000006	9.999999999999998	9.739246567679348	0.6660678566276658	10.579815147488349	9.999999999999998	0.9999999999999999
3.5	35.5	359.99999999999994	9.999999999999998	10.92699559147547	0.7530989557130331	11.835515378129404	9.999999999999998	0.9999999999999999	418.00000000000006	9.999999999999998	7.772469206760378	0.5356859892475311	8.415157277092103	9.999999999999998	0.9999999999999999	340.00000000000006	9.999999999999998	8.869153566247908	0.6112705210580132	9.877779162450832	9.999999999999998	0.9999999999999999	317.00000000000006	9.999999999999998	11.719966434483448	0.8077512623586107	12.830312941646167	9.999999999999998	0.9999999999999999
4.0	35.5	355.30154537152066	9.999999999999998	11.111037240318385	0.6975389026144786	11.25269288769493	9.999999999999998	0.9999999999999999	420.82083263370833	9.999999999999998	10.213755572552845	0.6412085298210085	10.40477210201521	9.999999999999998	0.9999999999999999	340.00000000000006	9.999999999999998	8.545271229794723	0.536462887060154	8.668930931037147	9.999999999999998	0.9999999999999999	317.00000000000006	9.999999999999998	8.739281507013475	0.5486426424637297	8.714634224633599	9.999999999999998	0.9999999999999999
4.5	35.5	359.99999999999994	9.999999999999998	9.774649326748897	0.7372324033320804	11.586160597754143	9.999999999999998	0.9999999999999999	423.99999999999994	9.999999999999998	7.758947397342826	0.5852023173267941	9.237782016173032	9.999999999999998	0.9999999999999999	340.00000000000006	9.999999999999998	9.088462225552783	0.6854781818925536	11.076932173489093	9.999999999999998	0.9999999999999999	317.00000000000006	9.999999999999998	8.39439553667632	0.6331296590956417	10.056625148582466	9.999999999999998	0.9999999999999999
5.0	35.5	359.99999999999994	9.999999999999998	7.695062378881043	0.6414142913024206	10.080307044476218	9.999999999999998	0.9999999999999999	423.99999999999994	9.999999999999998	9.614203264273145	0.8013823760695609	12.650318501044751	9.999999999999998	0.9999999999999999	340.00000000000006	9.999999999999998	7.839475086442316	0.6534516692877758	10.5594021962445	9.999999999999998	0.9999999999999999	317.0404706249522	9.999999999999998	11.834678171154795	0.9864678592829412	15.696614879938116	9.999999999999998	0.9999999999999999
5.5	35.5	357.3042523557982	9.999999999999998	9.258585069238869	0.5842482270981468	9.358052590504105	9.999999999999998	0.9999999999999999	423.99999999999994	9.999999999999998	7.346089096614401	0.4635632225340479	7.31763336147708	9.999999999999998	0.9999999999999999	340.00000000000006	9.999999999999998	9.382538906266403	0.5920701360598045	9.567512011798659	9.999999999999998	0.9999999999999999	317.00000000000006	9.999999999999998	10.018223499065783	0.6321839972555712	10.041604265409037	9.999999999999998	0.9999999999999999
6.0	35.5	355.2919887243532	9.999999999999998	9.834936959226726	0.7438683307695265	12.007460309455444	9.999999999999998	0.9999999999999999	423.1391840415631	9.999999999999998	8.297981143633768	0.6276202285446251	9.960904676530403	9.999999999999998	0.9999999999999999	340.00000000000006	9.999999999999998	3.3181846362883065	0.2509718645695255	4.055560621368515	9.999999999999998	0.9999999999999999	322.52259054880557	9.999999999999998	12.778350220504732	0.9664942528785291	15.267557588730112	9.999999999999998	0.9999999999999999
6.5	35.5	359.99999999999994	9.999999999999998	4.991873068166978	0.3154483790761187	4.9575080581894175	9.999999999999998	0.9999999999999999	418.00000000000006	9.999999999999998	7.957024617920377	0.5028233858745615	7.8989145874023965	9.999999999999998	0.9999999999999999	340.00000000000006	9.999999999999998	8.74122027657984	0.5523785820954248	8.926119385836524	9.999999999999998	0.9999999999999999	317.00000000000006	9.999999999999998	10.731640919797272	0.6781580153880147	10.771855107855	9.999999999999998	0.9999999999999999
7.0	35.5	359.99999999999994	9.999999999999998	6.357780337921739	0.43674706011521597	6.86380787960637	9.999999999999998	0.9999999999999999	423.99999999999994	9.999999999999998	11.358013938654143	0.780237588088232	12.316534890887523	9.999999999999998	0.9999999999999999	342.81238618511924	9.999999999999998	10.039413026832811	0.6896564353755132	10.838863417906374	9.999999999999998	0.9999999999999999	324.9999999999199	9.999999999999998	10.77795273781628	0.7403903441308146	12.032106298689472	9.999999999999998	0.9999999999999999
7.5	35.5	359.99999999999994	9.999999999999998	9.857536030722612	0.7405348422341268	11.638060903967549	9.999999999999998	0.9999999999999999	422.8787665175216	9.999999999999998	10.903751192147702	0.8191304240401907	13.171760592609058	9.999999999999998	0.9999999999999999	340.00000000000006	9.999999999999998	7.030907323387878	0.5281879598776505	8.535212879080945	9.999999999999998	0.9999999999999999	318.15563653225524	9.999999999999998	10.139065433115778	0.7616843801040085	11.985144894787448	9.999999999999998	0.9999999999999999
8.0	35.5	352.6888340141709	9.999999999999998	7.553682465449581	0.6358492569639205	10.032295929655008	9.999999999999998	0.9999999999999999	418.7511209066109	9.999999999999998	7.432589525886838	0.6256559696505167	10.02491820843924	9.999999999999998	0.9999999999999999	340.00000000000006	9.999999999999998	3.9859100891148573	0.33552349864865955	5.4218662757168845	9.999999999999998	0.9999999999999999	320.49754694196497	9.999999999999998	10.190184955048656	0.8577831490308702	13.505508463870337	9.999999999999998	0.9999999999999999
8.5	35.5	359.99999999999994	9.999999999999998	7.8899170935472345	0.5368296072256236	8.436680231136961	9.999999999999998	0.9999999999999999	423.99999999999994	9.999999999999998	11.798365695621094	0.8027602758290789	12.672069504486961	9.999999999999998	0.9999999999999999	345.77759404543866	9.999999999999998	6.750326977385716	0.459291946537462	7.459659990424162	9.999999999999998	0.9999999999999999	321.4451426104555	9.999999999999998	10.003372354100186	0.6806290089125528	10.901648963514807	9.999999999999998	0.9999999999999999
9.0	35.5	359.99999999999994	9.999999999999998	8.844780889810037	0.6702348472411856	10.533243714261578	9.999999999999998	0.9999999999999999	422.81451543011474	9.999999999999998	8.144518642976204	0.6171707673185088	9.964167926185288	9.999999999999998	0.9999999999999999	340.00000000000006	9.999999999999998	8.340128910080766	0.6319936124658294	10.21265237069158	9.999999999999998	0.9999999999999999	317.00000000000006	9.999999999999998	12.243377160992912	0.9277717699788658	14.736717479704868	9.999999999999998	0.9999999999999999
9.5	35.5	359.99999999999994	9.999999999999998	8.480408687449245	0.6409670851997392	10.073278864891948	9.999999999999998	0.9999999999999999	420.1468980571545	9.999999999999998	9.454713140970165	0.7146070604281343	11.249772954178972	9.999999999999998	0.9999999999999999	340.5774389894281	9.999999999999998	10.426547187429831	0.7880603171065552	12.485232504911606	9.999999999999998	0.9999999999999999	317.00000000000006	9.999999999999998	11.534719408704271	0.8718182991506074	13.847953110830254	9.999999999999998	0.9999999999999999
10.0	35.5	351.89017475112183	9.999999999999998	5.583154693874788	0.3516554696063853	5.571626901102458	9.999999999999998	0.9999999999999999	423.99999999999994	9.999999999999998	8.469588680004867	0.5334577578349348	8.420962008876716	9.999999999999998	0.9999999999999999	340.00000000000006	9.999999999999998	6.498412838372446	0.4093030810844438	6.614101786660734	9.999999999999998	0.9999999999999999	317.00000000000006	9.999999999999998	12.247921743378129	0.7714363847190377	12.253487789813159	9.999999999999998	0.9999999999999999
0.0	36.0	358.10645422233915	9.999999999999998	8.595817857172927	0.6501471954037675	10.216622002984687	9.999999999999998	0.9999999999999999	418.00000000000006	9.999999999999998	9.446620581021747	0.7144979080344003	11.224135764141566	9.999999999999998	0.9999999999999999	341.8269662296533	9.999999999999998	2.9712172309305287	0.2247288834782449	3.6172556949083274	9.999999999999998	0.9999999999999999	323.57175133738315	9.999999999999998	11.902915777528216	0.9002805129740596	14.265102542258896	9.999999999999998	0.9999999999999999
0.5	36.0	359.99999999999994	9.999999999999998	8.15672471379226	0.6092040881884552	9.574099525004803	9.999999999999998	0.9999999999999999	423.99999999999994	9.999999999999998	11.320929943397802	0.8455301662873661	13.347218787411999	9.999999999999998	0.9999999999999999	340.00000000000006	9.999999999999998	7.002633541369897	0.5230080861101856	8.451509105707688	9.999999999999998	0.9999999999999999	317.3366910883467	9.999999999999998	12.938310273282545	0.9663280041076497	15.634376764286484	9.999999999999998	0.9999999999999999
1.0	36.0	356.54950456528843	9.999999999999998	10.770359322422244	0.6761515113336759	10.698226855286029	9.999999999999998	0.9999999999999999	423.99999999999994	9.999999999999998	9.69486962844555	0.6086334313665361	9.607656703074444	9.999999999999998	0.9999999999999999	340.00000000000006	9.999999999999998	9.72429595273525	0.610480784184195	9.865017469931262	9.999999999999998	0.9999999999999999	317.00000000000006	9.999999999999998	9.703654704609137	0.6091849489480178	9.676287612997616	9.999999999999998	0.9999999999999999
1.5	36.0	359.99999999999994	9.999999999999998	7.848728739822105	0.5408148248843574	8.499310918017251	9.999999999999998	0.9999999999999999	418.07616718619147	9.999999999999998	12.98256322023794	0.8945604934567045	14.05234284867689	9.999999999999998	0.9999999999999999	342.1022926115025	9.999999999999998	10.6340172688505	0.7327344819412073	11.823455388851073	9.999999999999998	0.9999999999999999	317.00000000000006	9.999999999999998	9.58623029190736	0.6605369644532405	10.491962511718805	9.999999999999998	0.9999999999999999
2.0	36.0	359.99999999999994	9.999999999999998	7.665895676571647	0.5734787760132236	9.012649428133942	9.999999999999998	0.9999999999999999	418.00000000000006	9.999999999999998	12.588945061779345	0.9417676824628595	14.79434468230125	9.999999999999998	0.9999999999999999	345.22491748845357	9.999999999999998	9.932796896522435	0.7430636219084469	11.75142695978997	9.999999999999998	0.9999999999999999	317.0000000001127	9.999999999999998	8.680217995165377	0.6493593183910417	10.314416893936787	9.999999999999998	0.9999999999999999
2.5	36.0	359.99999999999994	9.999999999999998	10.921375085245359	0.6843510293440828	10.755090111858996	9.999999999999998	0.9999999999999999	420.19039123678283	9.999999999999998	9.305727671230377	0.5831119488978846	9.187873836042737	9.999999999999998	0.9999999999999999	340.00000000000006	9.999999999999998	8.094637379536161	0.5072230721511025	8.196432381748956	9.999999999999998	0.9999999999999999	320.0670244114316	9.999999999999998	11.52790665441169	0.7223572785983026	11.362946003611126	9.999999999999998	0.9999999999999999
3.0	36.0	359.99999999999994	9.999999999999998	8.605451947891982	0.5427784562600263	8.530170859021554	9.999999999999998	0.9999999999999999	423.99999999999994	9.999999999999998	11.016077906991557	0.6948257681993987	10.968256269329938	9.999999999999998	0.9999999999999999	340.00000000000006	9.999999999999998	5.897585312920692	0.3719830487918818	6.01103158349863	9.999999999999998	0.9999999999999999	323.9502805896654	9.999999999999998	12.799856099241453	0.8073354166597415	12.68559343855369	9.999999999999998	0.9999999999999999
3.5	36.0	357.91469755338665	9.999999999999998	9.639484385148437	0.6087128692853461	9.56481786310716	9.999999999999998	0.9999999999999999	422.476774198625	9.999999999999998	10.284995697390295	0.649475531200778	10.40045713863558	9.999999999999998	0.9999999999999999	340.00000000000006	9.999999999999998	7.200723847950266	0.45471034541747735	7.3478569965085985	9.999999999999998	0.9999999999999999	319.7407228530631	9.999999999999998	7.921091118399415	0.5002000013590282	7.940523668362113	9.999999999999998	0.9999999999999999
4.0	36.0	359.99999999999994	9.999999999999998	5.479656559070813	0.41117211764925626	6.461878461759746	9.999999999999998	0.9999999999999999	421.0418830755943	9.999999999999998	10.821563377498528	0.8120080304733943	13.032428251533586	9.999999999999998	0.9999999999999999	341.4291094415011	9.999999999999998	11.092614973116182	0.8323466880810199	13.153240608586922	9.999999999999998	0.9999999999999999	323.44928847704455	9.999999999999998	11.76553260546382	0.8828398102161814	14.060560100666073	9.999999999999998	0.9999999999999999
4.5	36.0	359.9999999999972	9.999999999999998	5.513079308217015	0.27877320751809676	4.381130208137021	9.999999999999998	0.9999999999999999	418.00000000000006	9.999999999999998	9.952590152596782	0.5032605781340982	7.905782494531154	9.999999999999998	0.9999999999999999	343.1729485066555	9.999999999999998	9.4983923049637	0.48029370540223465	7.562581750525863	9.999999999999998	0.9999999999999999	317.00000000000006	9.999999999999998	12.519240740217475	0.6330452913383477	10.055285051972643	9.999999999999998	0.9999999999999999
5.0	36.0	359.99999999999994	9.999999999999998	4.668162183393085	0.2916284125747142	4.583159404941084	9.999999999999998	0.9999999999999999	423.99999999999994	9.999999999999998	8.119759554850713	0.5072558528265012	8.0073486657477	9.999999999999998	0.9999999999999999	345.2748649805766	9.999999999999998	10.749875513787424	0.6715638849511744	10.639107178031367	9.999999999999998	0.9999999999999999	321.14724007823924	9.999999999999998	11.211102254984578	0.7003775416083574	11.351158725711926	9.999999999999998	0.9999999999999999
5.5	36.0	359.99999999999994	9.999999999999998	9.004666345391971	0.6742588617176288	10.596484122253734	9.999999999999998	0.9999999999999999	418.00000000000006	9.999999999999998	10.285924695376655	0.7701979852220738	12.099135146781482	9.999999999999998	0.9999999999999999	340.00000000000006	9.999999999999998	8.001514575975486	0.5991440330018579	9.681822107581782	9.999999999999998	0.9999999999999999	322.719447334319	9.999999999999998	11.28334491880352	0.8448836424919952	13.445674124248741	9.999999999999998	0.9999999999999999
6.0	36.0	351.8251815355686	9.999999999999998	9.980596242300923	0.6268643046287311	9.9575196282736	9.999999999999998	0.9999999999999999	423.99999999999994	9.999999999999998	8.91138112156687	0.5597087182403415	8.835349721912577	9.999999999999998	0.9999999999999999	340.29124849856527	9.999999999999998	5.672638048551598	0.35628876465761	5.7224154861911884	9.999999999999998	0.9999999999999999	318.88302332538336	9.999999999999998	11.183237048169797	0.7024001317663818	11.152493022683998	9.999999999999998	0.9999999999999999
6.5	36.0	359.99999999999994	9.999999999999998	8.175197558162475	0.5161250596663479	8.111292725051513	9.999999999999998	0.9999999999999999	418.9491410902243	9.999999999999998	11.01950266926928	0.6956946828754611	11.286885117205626	9.999999999999998	0.9999999999999999	341.37947937738767	9.999999999999998	8.546432523346295	0.5395622509014916	8.51426102517309	9.999999999999998	0.9999999999999999	317.00000000000006	9.999999999999998	13.141394986157433	0.8296561915568025	13.17825061710922	9.999999999999998	0.9999999999999999
7.0	36.0	350.51573199866397	9.999999999999998	8.336313924821368	0.5261732732855928	8.265780782687061	9.999999999999998	0.9999999999999999	418.00000000000006	9.999999999999998	9.125077678811515	0.5759586352607802	9.047805240579434	9.999999999999998	0.9999999999999999	340.00000000000006	9.999999999999998	7.45604906373479	0.4706125245550155	7.6048270421938655	9.999999999999998	0.9999999999999999	317.00000000000006	9.999999999999998	14.03994257992471	0.8861761457932446	14.076013002752049	9.999999999999998	0.9999999999999999
7.5	36.0	359.4661690882221	9.999999999999998	7.819252924249615	0.5378991054717926	8.50963029645562	9.999999999999998	0.9999999999999999	418.00000000000006	9.999999999999998	9.206745785162598	0.6333469923688921	9.949326020723518	9.999999999999998	0.9999999999999999	340.21582825887623	9.999999999999998	6.340287075673111	0.43615864322053777	7.037771617394562	9.999999999999998	0.9999999999999999	320.1566522174567	9.999999999999998	13.086060093396862	0.9002113228181323	14.146053252900007	9.999999999999998	0.9999999999999999
8.0	36.0	359.99999999999994	9.999999999999998	9.748426053099404	0.609712219698433	9.582085193096402	9.999999999999998	0.9999999999999999	418.00000000000057	9.999999999999998	10.79083778574112	0.6749095313348686	10.60223707170181	9.999999999999998	0.9999999999999999	345.53121771068237	9.999999999999998	8.186451586311641	0.5120190214251946	8.20895747441369	9.999999999999998	0.9999999999999999	317.00000000000006	9.999999999999998	11.6338337112236	0.7276344444770515	11.557738210772	9.999999999999998	0.9999999999999999
8.5	36.0	356.3749609875675	9.999999999999998	8.81935003672419	0.6072672761545178	9.563145967586605	9.999999999999998	0.9999999999999999	423.99999999999994	9.999999999999998	11.658459092987792	0.8027576485882681	12.672028031859126	9.999999999999998	0.9999999999999999	344.80932866002456	9.999999999999998	7.272485444088417	0.5007559976772771	7.865859982121672	9.999999999999998	0.9999999999999999	323.44835170054324	9.999999999999998	10.156207820256935	0.6993182755401185	11.138187817303981	9.999999999999998	0.9999999999999999
9.0	36.0	350.65870247752036	9.999999999999998	5.375997464363156	0.4460284659160828	7.016103774400174	9.999999999999998	0.9999999999999999	420.60261660994155	9.999999999999998	9.727770438577888	0.8070804635352818	12.919377399694485	9.999999999999998	0.9999999999999999	340.00000000000006	9.999999999999998	5.987917196448438	0.49679739227347475	8.027959406360958	9.999999999999998	0.9999999999999999	317.00000000000006	9.999999999999998	12.440129414427718	1.0321157841490964	16.394116753192183	9.999999999999998	0.9999999999999999
9.5	36.0	356.93557909579005	9.999999999999998	7.532183478619745	0.570100003650773	9.191599543152403	9.999999999999998	0.9999999999999999	423.99999999999994	9.999999999999998	11.188229207400767	0.8468207831221991	13.367591975681401	9.999999999999998	0.9999999999999999	342.9963655293157	9.999999999999998	10.245474973443649	0.7754650874270083	12.183272119635756	9.999999999999998	0.9999999999999999	317.59476880972926	9.999999999999998	9.562879496362468	0.7238004293526815	11.638027156294276	9.999999999999998	0.9999999999999999
10.0	36.0	359.99999999999994	9.999999999999998	7.947206380958866	0.6599668179711443	10.37187392692255	9.999999999999998	0.9999999999999999	418.0001912329293	9.999999999999998	11.36617131445023	0.9438909165471493	14.827689103637717	9.999999999999998	0.9999999999999999	346.19703818190163	9.999999999999998	6.78162331203469	0.5631722826081258	8.935525704013006	9.999999999999998	0.9999999999999999	323.90374120375355	9.999999999999998	12.243168909287917	1.016720195703675	15.982301541770019	9.999999999999998	0.9999999999999999
