# RamanPL_2D export
# schema_version: "0.3.8"
# export_kind: "mapping_fit"
# map_kind: "fit_params"
# spectrum_type: "Raman"
# x_quantity: "Raman shift"
# x_unit: "cm^-1"
# coord_mode: "pixel"
# step_size: 0.5
# step_unit: "um"
# scaled: true
# peak_labels: ["E2g", "A1g", "2LA(M)"]
# peak_profile: "lorentzian"
# params_per_peak: 3
# baseline_spec: {"method": "poly", "poly_order": 3}
# preprocessing_recipe: {"name": "pipeline", "backend": "auto", "steps": [{"name": "crop", "data_range": [330, 440]}, {"name": "savgol", "window_length": 11, "polyorder": 9}, {"name": "baseline", "baseline_spec": {"method": "arpls", "lam": 10000.0, "niter": 250, "tol": 1e-07}, "clip_nonnegative": true}]}
# background_remove: false
# smoothing: false
# smooth_window: 11
# smooth_poly: 3
# preprocessing_backend_requested: "auto"
# preprocessing_backend_resolved: "ramanspy"
# 
x	y	E2g_centre	E2g_fwhm	E2g_peak_height	E2g_peak_height_norm	E2g_amp	E2g_scale	A1g_centre	A1g_fwhm	A1g_peak_height	A1g_peak_height_norm	A1g_amp	A1g_scale	2LA(M)_centre	2LA(M)_fwhm	2LA(M)_peak_height	2LA(M)_peak_height_norm	2LA(M)_amp	2LA(M)_scale
0	0	359.6271292928434	19.999999933467073	2.361673765705613	0.005868139455998075	0.18435303743876222	9.999999966733537	423.999999997179	19.999999999642675	3.8645272015872183	0.009602335800870554	0.3016662760877823	9.999999999821338	340.00000000000006	19.999999998014868	0.6555683421855336	0.0016289152679531051	0.051173882386137896	9.999999999007434
1	0	359.99999999999994	19.999999999984155	1.1560193428022276	0.0028694807858489525	0.09014739756432993	9.999999999992077	422.6867964269702	19.999999999999996	4.9827835077598595	0.01236830648603435	0.38856180793872497	9.999999999999998	340.00000000022754	19.999999999999996	3.841140733443136	0.009534511337534335	0.2995355077356645	9.999999999999998
2	0	359.9999999999996	19.999999999999996	1.31149049260518	0.0031205357469508126	0.09803452177885008	9.999999999999998	423.99999999988734	19.999999999999996	4.108867537587831	0.009776561936837899	0.3071397515813553	9.999999999999998	340.00000000000006	19.999999999950305	2.072396425301826	0.004931020974586885	0.15491259268420848	9.999999999975152
3	0	359.99999999999994	19.999999999999996	2.0183486010865606	0.004888112518637594	0.15356458378472163	9.999999999999998	423.999992545743	19.999999999999996	4.033240610538214	0.00976785373370884	0.30686617531159316	9.999999999999998	342.23930159223477	19.999999999999996	1.6224936423936513	0.0039294160981530974	0.12344624746855237	9.999999999999998
4	0	357.02670894569513	19.999999999999996	2.1582035996643008	0.005284871798447429	0.16602914417166317	9.999999999999998	423.9999999998827	19.999999999999996	4.483112613919887	0.010977961220273396	0.3448828232100454	9.999999999999998	340.00000000000006	19.999999999999996	0.8592371613335237	0.0021040453471655265	0.06610053405475003	9.999999999999998
5	0	359.99999999999994	19.999999987571513	0.516656986069854	0.001191581607558249	0.03743464022131432	9.999999993785757	423.9999999982067	19.999999999999996	5.23175302904865	0.012066149984970222	0.3790692814989503	9.999999999999998	341.96461671290285	19.999999999999996	2.744450637937853	0.0063296093756411535	0.1988505431460732	9.999999999999998
6	0	359.99999999999994	19.999999999999996	0.9432223088108473	0.002187080261596732	0.06870915282643535	9.999999999999998	423.99999999997664	19.999999999999996	4.331534012923505	0.010043668871703573	0.31553116342432425	9.999999999999998	340.00000000000006	19.999999999999996	2.4050734563388385	0.005576722088645758	0.17519789144801437	9.999999999999998
7	0	359.99999999999994	19.999999999999996	2.4193997448074978	0.005686211573361519	0.17863760505629803	9.999999999999998	423.99999999999994	19.999999999999996	5.163950762257538	0.012136612253364595	0.38128291894638067	9.999999999999998	344.2313633405488	1.2626990687067339	15.790858100421405	0.03711257731453135	0.07361068387506425	0.6313495343533669
8	0	359.99999999999994	19.999999999999996	2.020434769889415	0.004617550884622935	0.14506463936708458	9.999999999999998	423.9999705404417	19.999999999999996	4.880373413032381	0.011153724389662606	0.35040458602729335	9.999999999999998	347.51382391092466	1.0000000000000002	33.98287227217922	0.07766528484907136	0.12199634416040064	0.5000000000000001
9	0	348.00000000002007	2.890401357265345	2.7750931476839518	0.0065501070124980324	0.029739004380508097	1.4452006786326725	423.999979337991	19.999999999640927	4.045105009674355	0.009547741023493912	0.29995113057247846	9.999999999820464	340.0027779465508	19.999999999956163	3.1910406028752063	0.007531875983155025	0.23662086256377363	9.999999999978082
10	0	359.99999999999994	19.999999999999996	1.4190018576739103	0.0033589944457384723	0.10552592274180901	9.999999999999998	423.99999999999994	19.999999999999996	4.8855300854884245	0.011564796996492011	0.36331881284436596	9.999999999999998	340.00000000000006	19.999999999999996	1.3960867819106022	0.0033047509563474127	0.10382181326404873	9.999999999999998
11	0	359.99999999999994	19.999999999999996	2.2927313622762093	0.005484526381284413	0.1723014778786252	9.999999999999998	423.9999999999985	19.999999999999996	5.332651142077872	0.012756429450101926	0.40075505046476684	9.999999999999998	340.00000000000006	19.999999999999996	1.8321938491239094	0.004382857785471566	0.137691538205663	9.999999999999998
12	0	348.7191927711677	1.00016334749164	2.9150421963660698	0.007187790114053108	0.011292398592652882	0.50008167374582	423.9999999999998	19.999999999999996	4.54821190941652	0.011214792238642874	0.3523230890845627	9.999999999999998	340.00000000000006	19.999999999999996	2.4900092402453002	0.006139761483812319	0.19288629572338345	9.999999999999998
13	0	358.9554335418424	19.999999999991505	2.53726438315431	0.005766309054891298	0.1811539416516711	9.999999999995753	423.99999999985454	19.999999999999996	4.334653968277329	0.009851143062996257	0.30948278676171087	9.999999999999998	340.00000000000006	19.999999999999996	1.5888215917119863	0.0036108323561874728	0.11343764403542884	9.999999999999998
14	0	351.3744174275472	19.999999999999996	4.678289034605623	0.01139359501354838	0.35794034392540885	9.999999999999998	423.9999758580223	19.999999999999996	3.951594055611898	0.009623788097432622	0.30234021986599213	9.999999999999998	347.3659818350047	1.0000000023976352	21.43735321981441	0.05220894197477536	0.08200961447645416	0.5000000011988176
15	0	353.5620595551068	6.863789239138485	118.57758109949131	0.291985602767672	3.148076332607114	3.4318946195692424	420.7651556622666	4.187163870803568	60.6704119560031	0.14939490788122117	0.9825974434251343	2.093581935401784	348.3467066448723	12.862068094560751	63.36127753341141	0.15602089907029018	3.152197771918987	6.4310340472803755
16	0	351.26728526678176	9.096071849693212	261.26982704864133	0.6237616249665037	8.912353659195952	4.548035924846606	419.65423776057116	5.086665547494867	268.6116254279824	0.6412896041403929	5.123978042994366	2.5433327737474336	340.0000000000082	19.999999999999996	36.322422555262705	0.08671699128722056	2.7242946276934217	9.999999999999998
17	0	352.5603141069867	4.958748173619646	34.16938147635297	0.07828125417840148	0.6097470468788267	2.479374086809823	420.29186292696585	19.99999999971638	11.488648086729404	0.02632022419445507	0.8268742296896379	9.99999999985819	345.99466629852117	13.239574405504863	14.14097327843244	0.03239663920475229	0.6737423715956448	6.619787202752431
18	0	354.59882956620913	19.999999999999996	3.402226319606891	0.007697335859044374	0.2418189378698708	9.999999999999998	423.9999999947291	19.999999999999996	4.040616922465367	0.009141656847081197	0.2871936199242911	9.999999999999998	340.00000000000006	19.99999999991289	0.20582183532493212	0.0004656597312444462	0.01462913190743778	9.999999999956446
19	0	350.0264619830562	19.999999999608534	3.601783340363614	0.008312467271012522	0.2611438611130739	9.999999999804267	423.9999963596928	19.99999999997367	4.469909437451105	0.010315994159562986	0.32408651466115623	9.999999999986835	340.00000000000006	19.9999999999985	2.217524465650033e-06	5.117770226991094e-09	1.6077949347874583e-07	9.99999999999925
20	0	359.99999999999994	19.999999999999996	1.1557819177055757	0.002681992527349533	0.08425728020904014	9.999999999999998	418.00000000000773	19.999999999999996	4.378296279540404	0.010159838741516745	0.31918074752005965	9.999999999999998	342.4585822987195	19.999999971294407	2.4033315396599897	0.005576932059040505	0.17520448761104304	9.999999985647204
0	1	359.99999999999994	19.999999999999996	1.1138549683790733	0.00269172987867317	0.08456318812287775	9.999999999999998	418.0000000001187	19.999999999999996	4.617833078014917	0.011159405509414412	0.35058306366805775	9.999999999999998	341.06355327776225	19.99999999999047	2.39769137556845	0.0057942350653124985	0.18203126314349447	9.999999999995236
1	1	359.9999999998488	19.999999999999996	2.364424057078273	0.005760993620880867	0.18098695236736992	9.999999999999998	418.00000000000006	19.999999999999996	4.540989666882063	0.011064264223279923	0.34759411201232576	9.999999999999998	340.00000000000006	19.999999982274513	0.5249731958480429	0.001279113712009528	0.040184542371936506	9.999999991137257
2	1	359.99999999999994	19.999999999999996	1.8520297565883574	0.004478553793370924	0.14069791695960793	9.999999999999998	423.9999999999495	19.999999999999996	3.7737794157738644	0.009125703330486864	0.28669242541897433	9.999999999999998	340.00000000000006	19.999999999999996	1.1141663573108653	0.002694262307735649	0.08464274672826194	9.999999999999998
3	1	359.99999999999994	19.999999999999996	1.9022188901828192	0.004657188571476507	0.14630989402532935	9.999999999999998	423.9999999952202	19.999999999999996	3.8004782579603797	0.009304683073259224	0.29231523986932473	9.999999999999998	340.00000000000006	19.999999999999996	1.7117084630835953	0.004190763288659374	0.1316567116058609	9.999999999999998
4	1	359.99999999999994	19.999999999999996	1.5345998134838115	0.003630171208716922	0.11404519200578259	9.999999999999998	423.99999999999716	19.999999999999996	5.486713310914716	0.012979089738418381	0.4077501297249785	9.999999999999998	340.00000000000006	19.999999999999996	1.2022958903241077	0.0028440899621282895	0.08934972131170706	9.999999999999998
5	1	359.99999999999994	19.999999999999996	1.2905088633153654	0.003114601750726636	0.09784809978940706	9.999999999999998	423.99999996476237	19.999999999999996	3.677139823530856	0.008874659026062867	0.27880563599393443	9.999999999999998	340.00000000000045	19.999999999999996	0.9900634215407194	0.002389486313281962	0.0750679264765997	9.999999999999998
6	1	359.99999999978587	19.999999999999996	1.5540128767454549	0.003687302303429282	0.11584001828018152	9.999999999999998	423.99999978116335	19.999999999999996	5.7115145245590355	0.013552063163454689	0.4257506207529409	9.999999999999998	340.00000000000006	19.99999999948233	1.0837418952091407	0.002571461309185814	0.08078483957719446	9.999999999741165
7	1	359.99999999999994	19.999999999999996	2.263179058061829	0.00551922878370012	0.17339168600353622	9.999999999999998	423.99999983583	19.999999999999996	3.900932908862074	0.00951322924148691	0.2988669109697087	9.999999999999998	340.00000000000006	19.999999999999996	0.6788991767538709	0.0016556356264533414	0.05201332721087351	9.999999999999998
8	1	359.99999999999994	19.999999999999996	2.424024732618952	0.005794322761922631	0.18203401821384255	9.999999999999998	423.99999999903275	19.999999999999996	4.635870569540764	0.011081458865065074	0.34813429761545917	9.999999999999998	340.2741322609166	3.352891629495012	7.323883134094527	0.017506810957203262	0.09220329381109163	1.676445814747506
9	1	359.9999999987894	19.999999999999943	0.26193028298120713	0.0006296032589105327	0.019779569728695164	9.999999999999972	423.9999999995884	19.999999999999996	4.793562628724582	0.011522312802041582	0.3619841325125745	9.999999999999998	340.00000000000006	19.999999999990735	3.028894644990436	0.007280570683457256	0.2287258737307994	9.999999999995367
10	1	359.99999999999994	19.999999994197417	1.411523147718383	0.0031378462520649905	0.09857834730721596	9.999999997098708	423.99999999999994	19.999999999999996	4.682132397627603	0.010408480809766392	0.3269920684699243	9.999999999999998	340.0000000001944	19.999999999999996	2.1529309377483075	0.004786011681698694	0.15035699139219544	9.999999999999998
11	1	355.4196020224832	19.999999999999996	2.4919802553194836	0.0058064534163336495	0.18241511396165144	9.999999999999998	423.99999999999477	19.999999999999996	3.717018927496463	0.008660862061032532	0.2720890062469435	9.999999999999998	340.00000000216824	19.999999999999996	2.0174856179444856	0.004700854364199573	0.14768169536164893	9.999999999999998
12	1	359.99999999999994	19.999999999999982	1.794592045140809	0.0041948685621771295	0.13178568257710435	9.999999999999991	423.9999999904459	19.999999999999996	3.8951750331383583	0.00910499259981245	0.2860417786256022	9.999999999999998	341.0307520266862	19.999999999999616	2.037145104955387	0.004761837644666407	0.1495975416207102	9.999999999999808
13	1	351.67962330604576	7.647426971348728	44.56651214975351	0.11035224089257203	1.325611832966063	3.823713485674364	420.18853069072577	7.629193432724446	18.56534533085256	0.04597010987352664	0.5509016143881713	3.814596716362223	344.6692546855771	19.999993767945142	12.332631758239357	0.030537133937059528	0.959352057446712	9.999996883972571
14	1	351.3743653233437	9.538723380508044	248.85788445206614	0.5767064256400992	8.641018241522918	4.769361690254022	420.17480450899046	4.54625409668978	156.0059889532998	0.3615302624057944	2.5817740948056227	2.27312704834489	340.00000000002115	19.999999999999996	40.73919275437236	0.09440952328501581	2.9659626478112013	9.999999999999998
15	1	351.3412044186808	9.716793634143109	312.68309800214587	0.7859774810325958	11.996455837170714	4.858396817071554	420.0768287355027	4.878637691196847	136.724549509373	0.3436783686272544	2.6337263082458247	2.4393188455984234	340.0000000000002	19.999999999999996	44.857676542647496	0.11275672986239595	3.5423571417851187	9.999999999999998
16	1	353.22355058583844	5.920495000645465	94.89803780548448	0.2336528679250106	2.1729463904205693	2.9602475003227324	420.43340021804636	6.060374799980696	42.13757201940243	0.1037488738166623	0.9876492809303381	3.030187399990348	348.90090309625833	12.160815770474526	66.21472783531996	0.16303035779631686	3.114232752750288	6.080407885237263
17	1	352.7047795306948	7.668066070004019	19.862266089331605	0.04682354471854849	0.5639881921956801	3.8340330350020095	418.8159390012899	19.999999999997492	4.5313031397139225	0.010682148463898358	0.3355895913873437	9.999999999998746	343.3005517232073	19.99999999315465	4.124866233944551	0.009724009219012173	0.3054887591543218	9.999999996577325
18	1	356.53386342584577	19.999999999999996	2.0974187634460613	0.004796127109757347	0.15067477693696527	9.999999999999998	423.9999999999778	19.999999999999996	4.287012734180185	0.009803029491590278	0.307971254337041	9.999999999999998	341.1051823825733	2.902208376068002	6.000237634984796	0.013720627891616056	0.06254930010085896	1.451104188034001
19	1	359.99999999999994	19.999999999999996	1.6831642493836634	0.003946007304350249	0.12396747558358402	9.999999999999998	423.99999999999915	19.999999999999996	4.678537035645764	0.010968353993433226	0.34458100327742086	9.999999999999998	340.00000000000006	19.999999999999996	2.0266018766409855	0.004751161873336821	0.1492621523729087	9.999999999999998
20	1	359.99999999660383	19.999999999999996	0.6723249448316692	0.0015379608567877498	0.04831646529193057	9.999999999999998	423.9999999609915	19.99999999880891	4.566056164064108	0.010444972634450196	0.32813849293380953	9.999999999404455	341.5450656362363	19.9999999992534	1.9796857305408757	0.004528582771944343	0.1422696236698256	9.9999999996267
0	2	359.99999999999994	19.999999999999996	1.9148722043953	0.004721043345056498	0.14831595090108474	9.999999999999998	423.99999999998647	19.999999999999996	3.6289080178076727	0.008946932337295738	0.2810761690301324	9.999999999999998	340.00000000000006	19.99999999969754	0.5415716619470572	0.0013352239823825485	0.04194729853886485	9.99999999984877
1	2	359.99999999999943	19.99999959143888	1.083936273876859	0.0027436632367054156	0.08619472092279064	9.99999979571944	423.99999866533705	19.999999979640958	4.794009019424116	0.01213461217234104	0.3812200841598151	9.999999989820479	343.12281029384445	19.999999999999996	2.385974008382914	0.006039385643143959	0.18973289568696725	9.999999999999998
2	2	359.99999999999994	19.999999999999996	2.4889724514932077	0.006059874042062115	0.1903765577222182	9.999999999999998	423.99999999994907	19.999999999999996	4.612837560714486	0.011230825225748435	0.35282678022962205	9.999999999999998	340.00000000000006	19.999999999999982	0.7989506159159414	0.0019451963381008775	0.061110145255674785	9.999999999999991
3	2	359.99999999999994	19.999999999999996	1.1966398355673162	0.002858524673224458	0.08980320113507119	9.999999999999998	420.1835159332757	19.999999999999996	4.631589744001008	0.011063908425882795	0.3475829343074359	9.999999999999998	340.00000000000006	19.999999999997204	1.7671393558686266	0.004221329843479275	0.13261698824651988	9.999999999998602
4	2	359.9999999997419	19.999999999999996	1.8559235185063578	0.0046211350101162145	0.1451772379902769	9.999999999999998	423.99999999815117	19.999999999999925	4.2123565066148085	0.010488507707189681	0.32950618760026906	9.999999999999963	340.00000000000193	19.999999999999996	1.2902154032107818	0.0032125567195608155	0.10092544589412782	9.999999999999998
5	2	359.99999999999994	19.999999999999996	2.2863724928887565	0.005508560206457261	0.17305652276463201	9.999999999999998	418.0000000002244	19.999999999999996	4.476337404032763	0.010784845501432832	0.33881591397402305	9.999999999999998	340.00000000000006	19.999999999999996	0.9148989720018905	0.0022042672774332927	0.06924909885332806	9.999999999999998
6	2	359.99999999999994	19.999999999999996	2.4843859918917093	0.006007392384143727	0.18872779781257198	9.999999999999998	423.99999999999994	19.999999999999996	4.21660923318468	0.010196010715330057	0.3203171235920371	9.999999999999998	340.00000000000006	19.999999999999996	0.7543865655326435	0.0018241513690996061	0.05730740540199084	9.999999999999998
7	2	359.99999999999994	19.999999999999996	1.197309381103061	0.0026871773731463626	0.0844201669436933	9.999999999999998	423.99999999999886	19.999999999999996	3.8973836385511946	0.00874708015595522	0.2747976275830997	9.999999999999998	340.00000000000006	19.999999999999996	1.596585720119593	0.0035832919119378917	0.11257243546211802	9.999999999999998
8	2	359.99999999999994	19.999999999999996	1.4551734320190592	0.0034558453026146603	0.1085685821463701	9.999999999999998	423.99999999999744	19.999999999999996	3.981861030162958	0.00945639566663886	0.2970814315575099	9.999999999999998	344.36457306334114	19.999999999999996	1.7136730189773135	0.004069747785755798	0.1278548974569374	9.999999999999998
9	2	359.99999859400197	19.999999999999996	1.0462518962814895	0.00236063206322776	0.07416144347664845	9.999999999999998	420.9333202547353	19.999999999999996	4.33566156866035	0.009782445079105818	0.30732457594664453	9.999999999999998	340.00000000000006	19.99999999999384	1.624887937590934	0.003666194133804648	0.1151768855739113	9.99999999999692
10	2	359.99999999999994	19.999999999999986	1.3186607628162934	0.003191785554211185	0.1002729004894388	9.999999999999993	423.99999999999994	19.999999999999996	5.215055834666158	0.012622912842225147	0.3965605025203877	9.999999999999998	340.00000000000006	19.999999999999996	1.9822183221966092	0.004797910110381648	0.15073079155359176	9.999999999999998
11	2	353.33087747918097	1.000000366961175	45.64233470205893	0.10658642901561621	0.16742563262259927	0.5000001834805875	420.5476247711548	19.999999999999996	9.629821854038017	0.02248807669849876	0.706483765493675	9.999999999999998	348.55457020638767	11.038345139150572	14.983100267943692	0.03498933969017584	0.6066798809197783	5.519172569575286
12	2	350.34058571234067	9.810127484913881	154.66133355834413	0.38274939539013536	5.89805803484049	4.9050637424569405	420.17141569559976	4.151549443079021	155.4670099431202	0.3847432495879386	2.5090025363412	2.0757747215395104	340.0000000000315	19.999999999999996	33.73225281170924	0.08347916749313677	2.622575393242303	9.999999999999998
13	2	350.8723220049966	10.020255861661942	187.93201398159638	0.4140734366648213	6.517425252861133	5.010127930830971	420.0860241539981	4.424426145869056	141.56289722644877	0.3119076633985563	2.167718441897033	2.212213072934528	340.00000000000006	19.999999999999996	37.306505011999036	0.08219798432950631	2.582325837094659	9.999999999999998
14	2	352.93423018842924	6.8476705220829714	45.81385715261402	0.11194708694015071	1.2041359702389383	3.4238352610414857	419.89236446922393	4.792941826858549	48.37491768890124	0.11820509018051696	0.8899348488137484	2.3964709134292743	348.2863402174523	10.05644099524025	57.34510238862434	0.1401239179950795	2.2134843661842236	5.028220497620125
15	2	351.6203460787356	6.842635694798811	36.60648721830911	0.08746493021849537	0.9401069202270987	3.4213178473994055	423.99999999999216	19.999999999999996	7.269097351200136	0.017368262865063218	0.5456400702249901	9.999999999999998	340.34131710140787	1.0000000635784712	22.05199617315666	0.05268946716905896	0.0827644267519735	0.5000000317892356
16	2	353.849217642889	6.158748397464416	5.013272077613963	0.011902893269967827	0.11515024828552962	3.079374198732208	423.999999573651	19.999999999999996	4.26590231078465	0.0101284309168286	0.31819404160700454	9.999999999999998	340.00000000000006	19.999999999999986	2.612627977609851	0.006203100787305121	0.19487615862874816	9.999999999999993
17	2	358.92847143234934	19.999999999999996	1.7208396894146691	0.00404181268528958	0.12697729039291775	9.999999999999998	423.99999999967537	19.999999999999996	4.215021357018525	0.00990000805674046	0.31101792581535587	9.999999999999998	340.00000000000006	19.999999999999996	1.0876567931192904	0.0025546278661007843	0.08025600136797992	9.999999999999998
18	2	359.99999999999994	19.999999999999996	2.1518459005338126	0.005279897681463432	0.16587287767791295	9.999999999999998	423.99999999989075	19.999999999999996	4.231587829726287	0.010382876750392856	0.32618769322162455	9.999999999999998	340.00000000000006	19.999999999999996	1.7529740565299268	0.004301201891102831	0.13512624262695175	9.999999999999998
19	2	359.99999999999994	19.999999999999996	2.1284037735005956	0.0046587025839788885	0.14635745813087858	9.999999999999998	421.3294230662503	19.999999999999996	5.473156458399924	0.011979779613589063	0.3763558762567616	9.999999999999998	340.00000000000006	19.999999999999996	0.65026231591878	0.0014233101675310807	0.044714607660953	9.999999999999998
20	2	359.9999965470677	19.999999999999996	3.1267061473226487	0.007238739037296248	0.2274116938082354	9.999999999999998	418.00000000000006	19.999999999999996	3.3569820512492226	0.007771858267745619	0.24416012838690726	9.999999999999998	340.00000000000006	1.0000002398056766	11.446163420471802	0.026499384999767162	0.04162514660190209	0.5000001199028383
0	3	359.99999999999994	19.999999999999996	2.2251468769236893	0.0055377255422725735	0.17397277881200066	9.999999999999998	423.9999999999759	19.999999999999996	4.3851039716921285	0.010913213200169889	0.3428487041671287	9.999999999999998	340.00000000000006	19.999999999999996	1.5103708993863363	0.003758861760802208	0.11808812493595809	9.999999999999998
1	3	359.99999999999994	19.999999999999996	2.4067531220639293	0.005992203951380466	0.18825063912468598	9.999999999999998	423.99999999999983	19.99999999999996	3.9363730114358013	0.00980056894784678	0.3078939540755563	9.99999999999998	347.12682021575415	19.999999999999922	1.2676402772914772	0.003156102305998485	0.09915187818502606	9.999999999999961
2	3	359.99999999999994	19.999999999999996	0.9690494262235528	0.0023933635103693656	0.07518973221546275	9.999999999999998	423.99999999933044	19.999999999999996	4.132425102467531	0.010206285852852392	0.32063992655758505	9.999999999999998	340.00000000000006	19.999999999999996	1.614969830816823	0.003988661216680495	0.12530748775981965	9.999999999999998
3	3	359.9999988812369	19.999999999999996	0.8478652454767462	0.00196189391704312	0.06163471516905167	9.999999999999998	423.99999999999994	19.999999999999996	3.9181102351305905	0.00906620088229329	0.284823100877819	9.999999999999998	349.92101063803597	19.99999999850481	3.089639162864817	0.00714918356639838	0.2245982256968294	9.999999999252404
4	3	359.99999999999994	19.999999999999996	1.1950518185163652	0.0028971662839047895	0.09101716313743326	9.999999999999998	423.99999981891597	19.999999999999996	3.815846612510656	0.009250763840552899	0.2906213172157508	9.999999999999998	345.2671219134595	19.999999999999996	2.2290717798726023	0.005403942745401634	0.16976986829373628	9.999999999999998
5	3	359.99999999999994	19.999999999999996	2.1528597367752274	0.0052334913995658395	0.16441498133501403	9.999999999999998	423.9999999999997	19.999999999999996	3.942854189405139	0.009584875938505396	0.3011177583397812	9.999999999999998	343.73129621991075	1.0000001174103996	26.68928486670723	0.06488028013366963	0.10191371768112108	0.5000000587051998
6	3	359.99999999999994	19.999999999938225	1.0440376718569933	0.00249512259319943	0.07838658808577031	9.999999999969113	423.9999999999518	19.999999999999996	3.8723631483042493	0.009254475236723316	0.29073791416518624	9.999999999999998	340.0000000000721	19.999999999999996	1.8599761908277213	0.004445116054378298	0.13964743940788904	9.999999999999998
7	3	359.99999999999994	19.999999999999996	2.2707306762673496	0.005350134305519794	0.1680794262993971	9.999999999999998	423.9999999999286	19.999999999999996	4.134955071111283	0.009742487389169732	0.3060692680950683	9.999999999999998	340.00000000000006	19.999999999999996	1.4213084101244098	0.0033487859054382656	0.10520521198969897	9.999999999999998
8	3	359.99999999999994	19.999999999999996	0.7783352816296097	0.0018452312541301856	0.057969649521496705	9.999999999999998	423.99999999987614	19.999999999999996	3.6106532473187762	0.00855992318095862	0.26891791780592567	9.999999999999998	340.00000000000006	19.999999999999996	3.002787185571133	0.00711883027159781	0.22364464883404306	9.999999999999998
9	3	351.0639904914067	3.0934028664143693	17.678032022392653	0.04197845412664278	0.2039777524346549	1.5467014332071847	420.31948618970046	19.999999999999996	4.671055380781938	0.011091940764491463	0.34846359619779527	9.999999999999998	340.00000000000006	19.999999999999996	3.4038893693251584	0.008082914068793703	0.2539322345811988	9.999999999999998
10	3	355.1637349291588	3.886692332472514	22.803380472753414	0.05635849710999429	0.3440800114838591	1.943346166236257	419.77866745285235	4.744081118138567	31.91062114391423	0.07886701937312628	0.5877158606941343	2.3720405590692835	349.9999999585735	11.05832401615587	61.66599125452947	0.15240734127362882	2.647372631825058	5.529162008077935
11	3	350.01324176947514	10.383435657842217	144.70158212613475	0.3509299971161173	5.723760403970002	5.191717828921108	419.95800229126104	4.573746605989833	105.01316244400745	0.25467771846133774	1.829712806596917	2.2868733029949166	340.0000000000187	19.999999999999996	16.89054965667774	0.04096292836066372	1.2868883480738609	9.999999999999998
12	3	350.82047401874667	7.673035914823647	82.73025075709911	0.21032811102876794	2.5350377413174647	3.8365179574118233	420.35645588357414	3.835927396953136	70.98020317064015	0.18045553974146314	1.0873277564909851	1.917963698476568	341.64386106371467	16.8204097779845	23.144976387776072	0.05884231123315736	1.554698471812354	8.41020488899225
13	3	351.1797678611728	2.6757867523337184	23.382880548017265	0.056740560021907735	0.23848715578213847	1.3378933761668592	419.86908177389756	4.777141832609645	25.10981945037375	0.060931125005640435	0.4572220952074768	2.3885709163048223	346.8939056611165	15.981605601508884	15.949184640762507	0.03870206096085155	0.9715706314643839	7.990802800754442
14	3	350.0869928961071	2.1202463110041694	6.795012359948517	0.01642491193659709	0.05470276050746129	1.0601231555020847	423.99999999999994	19.999999999999996	5.076923516629705	0.012271945546558726	0.38553453974322865	9.999999999999998	348.0728120229913	19.999999999999996	3.3230873433793016	0.00803257066820684	0.2523506500067946	9.999999999999998
15	3	359.9999999999949	19.999999999999996	1.3675568600804984	0.003206273701547364	0.1007280590617935	9.999999999999998	423.9999972420829	19.999999999999996	4.5332907648913325	0.010628421665833363	0.3339017142463668	9.999999999999998	346.51481498679107	19.999999999999996	1.8860399486355572	0.004421871195192553	0.1389171806193724	9.999999999999998
16	3	359.9999999999408	19.999999999999993	1.9531584737847651	0.004452337654940244	0.13987431268061473	9.999999999999996	423.99999999998255	19.999999999999996	3.416918550886551	0.007789063372055145	0.2447006426799378	9.999999999999998	340.00000000000006	19.99999999999965	1.6347006816030512	0.0037263947073143625	0.11706814236874483	9.999999999999824
17	3	359.99999999999994	19.999999999999996	1.6958027570005882	0.0038821446347993634	0.12196117064858708	9.999999999999998	423.99999999998965	19.999999999999996	3.9620579342858155	0.009070206949985865	0.2849489552061467	9.999999999999998	340.00000000000006	19.999999999999996	0.8474808578673383	0.001940109633554339	0.060950341719330954	9.999999999999998
18	3	359.99999999999994	19.999999999999897	0.7312614913658204	0.0016077813567005532	0.05050994098789062	9.999999999999948	421.4609750034464	19.999999999986358	4.835354034874958	0.010631206705276432	0.33398920884068206	9.999999999993179	345.57796566178695	19.999999999999996	1.4827123998578782	0.0032599519897974164	0.10241441222202989	9.999999999999998
19	3	359.99999999999994	19.9999999996878	2.0826412369655913	0.004649452385051638	0.1460668545586576	9.9999999998439	418.00000000000006	19.999999999999996	4.262274451396746	0.009515437302425161	0.2989362792499316	9.999999999999998	340.00000000001324	19.999999999999996	1.238521272361524	0.0027649724693382784	0.08686417197051163	9.999999999999998
20	3	359.99999999999994	19.999999999999996	2.061440069917035	0.004875746254380383	0.1531760861352936	9.999999999999998	423.9999999999997	19.999999999999996	3.292728415469144	0.007788006293610886	0.24466743358119025	9.999999999999998	340.00000000000006	19.999999999999996	0.881803279128257	0.0020856531790822202	0.06552272705340899	9.999999999999998
0	4	359.99999999999994	19.999999999999996	1.5218279632707534	0.003806965049356843	0.1195993343153256	9.999999999999998	423.99999999926354	19.99999999999988	3.8571726406622435	0.00964900224383911	0.30313234563716196	9.99999999999994	340.00000000000006	19.999999999172047	1.267503775443002	0.0031707543096189386	0.09961218445024662	9.999999999586024
1	4	359.99999999999994	19.99999999999914	2.3329691453724966	0.005829996298855936	0.18315473542940705	9.99999999999957	418.00000017031886	19.999999999999872	3.6257461321620763	0.009060594124454693	0.28464695938545526	9.999999999999936	340.0000000000119	19.999999999999996	0.4728411712448523	0.0011816111172203473	0.0371214080525947	9.999999999999998
2	4	359.9999999999999	19.999999999999996	1.2709339817295071	0.003148291528577956	0.09890649537539484	9.999999999999998	423.99999999999903	19.999999999999996	4.502614650414957	0.011153642725849613	0.3504020204829437	9.999999999999998	340.00000000000006	19.999999999999996	2.1148614388800713	0.0052388247130521525	0.16458253231969294	9.999999999999998
3	4	359.99999999999994	19.999999999999996	1.7704740900142615	0.004225994193277991	0.1327635231171526	9.999999999999998	423.42448925582585	19.999999999999996	4.312873048733738	0.010294517475907884	0.3234118047456394	9.999999999999998	340.00000000000006	19.999999999999996	1.8793434214655413	0.004485857449754938	0.14092736809201156	9.999999999999998
4	4	359.9026435507793	1.0009205171944906	3.1747025006243637	0.007618664652505542	0.011978386621511026	0.5004602585972453	423.99999999959795	19.999999999999996	4.168187843521664	0.01000283503169081	0.31424833050630463	9.999999999999998	340.0000000010179	19.999999999999996	2.457413443627964	0.005897311302674257	0.18526949864413494	9.999999999999998
5	4	359.9999999999913	19.999999999999996	0.33438103556126975	0.0007886365147554312	0.024775746811083205	9.999999999999998	418.00000000000006	19.999999999999996	4.321396943576469	0.0101919997308952	0.32019111479969503	9.999999999999998	349.00240171246435	19.999999999999996	3.1505585376560448	0.0074305814039347965	0.23343859950502482	9.999999999999998
6	4	359.99999999999994	19.999999999999996	0.8717456639335104	0.002097047409949309	0.06588068737326251	9.999999999999998	423.9999999999027	19.999999999999996	4.812761369472262	0.011577446475633605	0.36371620795179566	9.999999999999998	340.0000000000015	19.999999999999996	1.5855717720359501	0.0038142078766798784	0.11982687444641826	9.999999999999998
7	4	359.99999999999994	19.999999999999996	1.776247474181619	0.004431446005092245	0.1392179821437763	9.999999999999998	423.99999999999994	19.999999999999996	4.568866741475293	0.011398572869829348	0.35809672789263797	9.999999999999998	340.00000000000006	19.999999999999996	1.7387780656087146	0.004337965978605469	0.13628122049909397	9.999999999999998
8	4	352.02415805954547	5.862126503619016	51.66088487446606	0.1342921507579821	1.2365898929884633	2.931063251809508	419.5631746073346	5.538242927579192	40.10156795357181	0.10424377790544356	0.9068637054452223	2.769121463789596	347.12219452010186	9.904589854007684	34.760830628061356	0.0903605642551345	1.405838094841727	4.952294927003842
9	4	353.2523816632811	4.042083027964103	62.29084072637826	0.15551092321369808	0.9873838210324607	2.0210415139820515	419.6423865016228	4.58554411086015	59.63557668472186	0.1488819781283693	1.0723903146783869	2.292772055430075	348.2314106741753	10.773442183127955	91.79909857598813	0.22917916026283205	3.878372208715848	5.386721091563977
10	4	351.12333845857734	8.48173346851803	54.55616144069126	0.13331390648054695	1.7761512781950757	4.240866734259015	420.26222536713385	4.785514448601407	37.542320609694755	0.09173873833232321	0.6896063817702319	2.3927572243007034	344.4657386034121	19.999999995367457	12.376231965876984	0.030242667139881798	0.9501014088960716	9.999999997683728
11	4	348.75011570292827	19.99999999999939	1.9445793617816327	0.004631855760831387	0.14551404030715004	9.999999999999694	420.81080807452736	19.999998779780956	6.569630365667479	0.015648412635558367	0.491609351768562	9.999999389890478	349.507279524638	6.247449356089656	24.665716229149503	0.05875205818616926	0.5765615898467443	3.123724678044828
12	4	353.553786608747	1.0000000008058476	33.40352580622209	0.0821452331213955	0.1290334305547798	0.5000000004029238	421.3575203144134	19.999999999999996	5.0133369776824726	0.012328690604005904	0.3873172382992645	9.999999999999998	349.301788499842	19.999999999999996	3.523426683838065	0.00866473521415247	0.27221068494082173	9.999999999999998
13	4	359.99999999999994	19.999996680131126	0.297327550710552	0.0006898260900539408	0.021671522170349122	9.999998340065563	418.00000000000006	19.999999999999996	5.517280401006828	0.012800576191685916	0.40214196125516877	9.999999999999998	345.49855293039724	19.999999574384134	3.2820817163113785	0.00761471848871708	0.239223431542215	9.999999787192067
14	4	359.99999999999994	19.999999999999996	3.2182190930916725	0.007565727532714819	0.237684340358389	9.999999999999998	418.81708975775217	19.999999999985793	4.482714836358488	0.010538436967063426	0.3310747615602204	9.999999999992896	340.00000000000006	19.999999999999996	0.4203121674994218	0.0009881139990784446	0.031042516804140725	9.999999999999998
15	4	351.4382007857992	19.999999999687386	3.742572707860115	0.00897425284561973	0.2819344681081556	9.999999999843693	423.99999514172555	19.999999999999996	4.112774178252877	0.009861952793879235	0.3098223844730033	9.999999999999998	349.9999978743849	19.99999999999986	1.4000381263811133e-10	3.357128136285611e-13	1.0546729090114397e-11	9.99999999999993
16	4	357.05288251915067	19.999999999999996	1.809892803268634	0.00452527952271633	0.14216584904005947	9.999999999999998	423.999999999934	19.999999999999996	3.425606038068401	0.008565051382583727	0.2690790250114413	9.999999999999998	340.00000000000006	19.999999999999996	1.7033389120458946	0.004258862560813843	0.1337961133370138	9.999999999999998
17	4	359.99999999999994	19.999999999999996	2.3340565410808667	0.00550654518226725	0.17299321891271055	9.999999999999998	423.99999999999807	19.999999999999996	4.383265409049381	0.010341072975731013	0.32487438890792486	9.999999999999998	340.00000000000006	19.999999999999996	1.3735463948551483	0.00324049359991409	0.10180310887494845	9.999999999999998
18	4	354.37269889653544	19.999999999999996	2.9205110697128562	0.006516478682837919	0.20472121557278095	9.999999999999998	423.9999999999912	19.999999999999996	4.866094804404093	0.010857621253490171	0.34110223165425113	9.999999999999998	340.00000000000006	19.999999999999996	0.43625592926033774	0.0009734092408580209	0.030580553200159753	9.999999999999998
19	4	359.99999999999994	19.999999999999996	1.8635426923833125	0.004232343469640138	0.1329629915169019	9.999999999999998	423.9999999999893	19.999999999999996	3.940771981320231	0.008949996492514411	0.28117243230537686	9.999999999999998	340.00000000000006	19.999999999999996	2.1850864902667104	0.004962610502822315	0.1559050069829413	9.999999999999998
20	4	359.99999999999994	19.999999999999996	2.5840223487448237	0.006461514410986523	0.20299446204619837	9.999999999999998	423.99999998995406	19.999999999999996	4.923368084563771	0.012311199183107935	0.3867677291053254	9.999999999999998	340.00000000201817	19.99999999971709	1.9480416463772376e-11	4.871203678784997e-14	1.5303337691194048e-12	9.999999999858545
0	5	359.99999999999994	19.999999999999723	1.2261273604934464	0.0030927622348921693	0.09716199116437053	9.999999999999861	423.99999999999875	19.999999999999996	3.7225288036489075	0.0093896416254755	0.29498429150434746	9.999999999999998	340.00000000000006	19.999999999999996	2.580352524835005	0.006508636132470529	0.20447483458658494	9.999999999999998
1	5	359.2127807902933	19.999999999999996	2.095791009315147	0.005265058826685243	0.1654067013063245	9.999999999999998	423.99999999995424	19.999999999999996	4.014551713434985	0.01008538105185986	0.3168415902117663	9.999999999999998	340.4646959945635	19.999999999999996	1.71167404585678	0.004300077872025609	0.1350909305261968	9.999999999999998
2	5	359.9999999999996	19.999999999999996	2.349043526257605	0.0056243453045047714	0.17669401889884434	9.999999999999998	423.99999999999994	19.999999999999996	3.7321891293069474	0.008936028715646418	0.28073362165342214	9.999999999999998	340.00000000000006	3.233525097001314	3.8348094574552976	0.009181733894931638	0.046635948602153324	1.616762548500657
3	5	359.9999999997846	19.999999989818004	1.724782170488187	0.004172387244434766	0.13107941108374774	9.999999994909002	423.9999999999925	19.999999999999993	4.150643515898819	0.010040741583634497	0.3154391999573967	9.999999999999996	340.00000000273036	19.999999999999996	1.059239803607113	0.0025623865558147443	0.08049974779404852	9.999999999999998
4	5	355.4357102581721	19.99999999991886	2.5470853640829474	0.0060216526204305695	0.18917579634737655	9.99999999995943	418.00000000000006	19.999999999999996	3.2087853449438652	0.007586000435339629	0.23832123237791944	9.999999999999998	340.00000141693675	19.999999999997804	0.9561303713498779	0.0022604208862804136	0.07101321650358697	9.999999999998902
5	5	351.62199849410325	19.999999999999996	4.086392550896221	0.009947469886129148	0.3125089831606902	9.999999999999998	423.9999999966422	19.999999999999996	5.544989064544693	0.01349811870775275	0.4240559056955898	9.999999999999998	341.02264633180204	1.0006931544602367	0.7216223270390977	0.0017566389616204459	0.002761234664789425	0.5003465772301183
6	5	351.2793856922635	9.534519970560172	105.4111094917967	0.24427491554774353	3.6584538553290185	4.767259985280086	420.70146353902584	4.015213547375775	43.64388346049438	0.10113835247429488	0.6378879523389659	2.0076067736878875	340.0000000000468	19.999999999999996	10.31802372424241	0.023910519356169703	0.7511711195285927	9.999999999999998
7	5	351.02559042322054	9.508517151709281	244.3608689482148	0.5839989024474664	8.722574795077012	4.7542585758546405	420.01867902551015	3.9652417664269013	171.86772724545605	0.4107472874421538	2.5583752976364877	1.9826208832134506	340.0000000000056	19.999999999999996	31.417260461615992	0.07508422157140951	2.3588403888924834	9.999999999999998
8	5	351.64715393452326	6.77441025844792	91.11801047184416	0.2121709040613232	2.2577570025382245	3.38720512922396	420.0352163970874	4.866034349375042	66.96245948695665	0.15592400990699298	1.191812791610302	2.433017174687521	347.33002067902316	12.805641495162682	57.986291861584014	0.1350227458185965	2.7159899074687797	6.402820747581341
9	5	351.06496664682624	7.4781887502131	26.094875715980066	0.06530788883481844	0.7671529235864133	3.73909437510655	419.8225987008598	19.999999999999908	8.984359418556524	0.022485240111713885	0.7063946514916255	9.999999999999954	345.51609758614734	10.960080785358059	11.471508282228118	0.028709850769845505	0.494270359531649	5.4800403926790295
10	5	351.2892109003278	2.3507022909086626	12.888459791872295	0.031674285607395644	0.11695649266955094	1.1753511454543313	419.9285822289543	19.99999999949972	6.199520388003722	0.01523575218214467	0.4786452712614308	9.99999999974986	349.23873180406343	19.99999999841523	3.2068533651063884	0.007881065001379958	0.24759095908837034	9.999999999207615
11	5	351.2799442329077	4.357887391211983	7.52953685791381	0.017986855639428697	0.12312638532589826	2.1789436956059913	423.9999450375875	19.999999999999996	4.224505542668852	0.01009166603176761	0.31703903867882777	9.999999999999998	340.00000000000006	19.999999999999996	3.2314616945585795	0.007719443586132206	0.2425134725999378	9.999999999999998
12	5	349.6085317374631	19.999999999999996	2.2271723544438755	0.005170245759825975	0.16242806096323056	9.999999999999998	423.99989522410056	19.999999999999996	3.8009220850620955	0.008823610464861499	0.277201898145469	9.999999999999998	340.00000000000006	19.999999999999996	1.511779324032834	0.0035095041586150886	0.11025432482447987	9.999999999999998
13	5	359.99999999999994	19.999999999999996	2.1162792857812214	0.004942381733051474	0.15526950143790896	9.999999999999998	423.9999999997082	19.999999999999996	4.329871594584911	0.01011202936177452	0.3176787715583511	9.999999999999998	340.00000000000006	19.999999999999996	1.719779390041504	0.004016391550646324	0.12617866189450605	9.999999999999998
14	5	359.99719938490887	19.999999999999996	2.790174050533259	0.006442170712706693	0.20238676184210663	9.999999999999998	423.999999999956	19.999999999999996	3.5521559795592488	0.008201493815093374	0.2576575271795946	9.999999999999998	340.00000000000006	19.999999999999996	0.770446027225061	0.0017788656701763516	0.05588471321149109	9.999999999999998
15	5	354.4111493130672	19.99999999999882	1.799314608400865	0.004121813023473984	0.12949057514015838	9.99999999999941	418.0000000000035	19.999999999999996	4.231151816085465	0.009692588821549348	0.3045016583604597	9.999999999999998	340.000000000018	19.999999999999993	0.7431314452293027	0.001702342022233376	0.05348065190945565	9.999999999999996
16	5	359.99999999999994	19.999999999999996	2.05108488437272	0.004661759248179221	0.14645348606884115	9.999999999999998	423.99999999998414	19.999999999999996	3.7486867978448806	0.008520113175971856	0.2676672496138678	9.999999999999998	340.00000000000006	19.999999999999996	2.1964383948356603	0.004992122499753354	0.15683215371045447	9.999999999999998
17	5	359.99999999999994	19.999999999994625	2.2189324082475266	0.0051169326145083125	0.16075317910649006	9.999999999997312	423.99999999999994	19.999999999999996	5.2650537333876395	0.01214139063694483	0.3814330362938977	9.999999999999998	340.00000000000006	19.999999999999996	2.005525217513036	0.004624808469409929	0.14529264311758083	9.999999999999998
18	5	359.99999999999994	19.999999999999996	3.314650681379124	0.007906900926830362	0.24840261864392585	9.999999999999998	423.9999999465807	19.999999999999996	4.917079903385617	0.011729399982867088	0.3684899681719148	9.999999999999998	340.00000000000006	19.999999999999996	1.3158100366784355	0.0031387861342350074	0.09860787460502203	9.999999999999998
19	5	353.2915609403855	19.999999999669992	2.509898156167772	0.005873975180241904	0.18453637273312254	9.999999999834996	423.9999999978074	19.999999999999996	3.726211638186169	0.008720542953206194	0.2739639367710681	9.999999999999998	340.00000000000006	19.99999999999999	1.8498441877400198	0.004329234960947673	0.13600692748977297	9.999999999999995
20	5	359.99999999999994	19.999999999999996	1.159967035146627	0.0028167607595103927	0.08849114908997854	9.999999999999998	423.99999999941696	19.999999999999996	4.45025002572188	0.010806591276000331	0.3394990776303018	9.999999999999998	347.32723687176934	19.999999999999996	1.7757947186142453	0.004312181923088981	0.13547119050519046	9.999999999999998
0	6	359.9999999999979	19.999999999321766	0.6528481333726914	0.0016008999064390202	0.050293753850308584	9.999999999660883	418.00000000000006	19.99999999957419	3.6687305378364785	0.008996380742379363	0.2826296364855396	9.999999999787095	344.58663303821567	19.999999999999996	1.7988302165854724	0.0044110520934696525	0.13857728851446136	9.999999999999998
1	6	350.25102779942574	19.99999999970888	0.8527482061329704	0.0019100576846435345	0.060006231899215126	9.99999999985444	423.9999988982348	19.99999999999991	3.438943168486326	0.007702836287169442	0.2419917389157629	9.999999999999956	342.19989907161	19.999998715861736	2.951559883694249	0.006611153910368577	0.20769551223016497	9.999999357930868
2	6	359.99999999999994	19.999999999999996	2.536247654954498	0.006022657260341662	0.18920735804178593	9.999999999999998	423.9999999999954	19.999999999999996	3.627739319648304	0.008614549336073711	0.2706340490819599	9.999999999999998	340.00000000000006	19.999999999999996	0.6139802497170259	0.0014579777339334685	0.04580372138022878	9.999999999999998
3	6	359.99999999999994	19.999999999999996	0.7060073196657084	0.0017311146571785526	0.05438457089513753	9.999999999999998	418.9753348068183	19.99999999978873	4.572895041130211	0.011212639601509967	0.3522554619908159	9.999999999894365	340.00000000000006	19.999999999999996	2.0888426583700386	0.005121796958360658	0.16090599697564387	9.999999999999998
4	6	354.52039436685095	5.176092192746619	59.193539935330186	0.14333297969715614	1.1653812045680338	2.5880460963733096	421.2922927929124	19.999999999999996	8.176549905606832	0.01979893858170202	0.6220019999715056	9.999999999999998	349.9999999999996	8.216864493845586	33.55149260295167	0.0812425716272772	1.0485995427227088	4.108432246922793
5	6	351.8864848237279	8.892006876744198	322.20999221281505	0.7475270669095252	10.44110803343689	4.446003438372099	420.2276346192494	4.648615756485065	137.85059641392164	0.3198133344696724	2.335286100556958	2.3243078782425326	340.00000000000165	19.999999999999996	50.06112933027368	0.11614180217515155	3.648702324881351	9.999999999999998
6	6	351.33492138838096	9.599377098557698	255.25224768120526	0.6017018997779632	9.0728621503641	4.799688549278849	419.9167878634748	4.572564876082899	118.49212997402435	0.27931953728828035	2.006231601412884	2.2862824380414497	340.00000000000136	19.999999999999996	34.07625193167881	0.08032738481586879	2.5235592201961365	9.999999999999998
7	6	354.09141409949507	4.9139776535357855	30.30788760731149	0.07476225804315477	0.5770792571924942	2.4569888267678928	420.1290808848126	4.633105026210332	28.207156581871843	0.06958026063581016	0.5063817827679101	2.316552513105166	349.8865537979642	10.878430545444894	53.085578756896034	0.13094933532866349	2.237635887505118	5.439215272722447
8	6	355.2040112838597	2.7497391985425765	12.213762346407544	0.02869874323065518	0.12395791433992148	1.3748695992712883	420.54288306059743	19.999999999999996	4.821173483946738	0.011328337326534543	0.3558902132242795	9.999999999999998	349.1919588838792	12.95238707473527	10.804848093982786	0.025388209816171185	0.5165373979050296	6.476193537367635
9	6	352.24600957616263	19.999999999999996	3.6971227796827013	0.008892981683878793	0.27938125926582197	9.999999999999998	422.2609059095995	19.999999999999996	5.551955194330684	0.013354556717517476	0.41954577275701116	9.999999999999998	349.3502840470521	1.0000000000033387	34.74907002641953	0.08358468508943914	0.1312945163152375	0.5000000000016693
10	6	352.1616723151365	19.999999999999776	4.711441842849679	0.011178513033620404	0.3511833442447922	9.999999999999888	423.99642481326924	19.999999999999996	4.355304203528695	0.01033352982557034	0.3246374138566279	9.999999999999998	341.0047374834426	1.0122898573025818	1.7577309434011232	0.004170446949319216	0.006631432654870081	0.5061449286512909
11	6	359.99999999999994	19.999999999999996	2.0583652918660635	0.004790398125697302	0.15049479559460954	9.999999999999998	418.00000000003314	19.999999999999996	4.795942737966425	0.011161515010816109	0.3506493356091208	9.999999999999998	340.00000000000006	19.999999999999996	1.0203119896329624	0.0023745545370778957	0.07459883089232228	9.999999999999998
12	6	355.7442893515984	1.0000467095818508	6.408295532392091	0.015307574715856238	0.024046205271537544	0.5000233547909254	418.00000000000006	19.999999999999996	4.9290932707129596	0.011774185997114571	0.3698969623053494	9.999999999999998	340.000002785996	19.999999999999996	3.1064304041501356	0.007420368687863166	0.2331177575671865	9.999999999999998
13	6	359.99999999999994	19.999999999999996	1.2916139439868215	0.0031979606974385268	0.10046689833541765	9.999999999999998	423.99999999999875	19.999999999999996	4.978875461686562	0.012327404885989046	0.387276846276501	9.999999999999998	340.00000000000006	19.999999999999996	1.5199188497227418	0.00376323031145512	0.11822536700233832	9.999999999999998
14	6	359.99999999999994	19.999999999999996	2.0887997159888387	0.0050385995347123685	0.15829227282633324	9.999999999999998	423.99999999999994	19.999999999999996	3.844437631171999	0.00927354667437989	0.2913370610495391	9.999999999999998	344.3615841159554	1.00001017429778	8.16116521643435	0.01968635046599968	0.030923561622312606	0.50000508714889
15	6	359.99999999999994	19.999999999999996	2.7151933481581065	0.006510956170550971	0.20454772073248056	9.999999999999998	423.9999999998676	19.999999999999996	4.178771328333699	0.01002057440365807	0.3148056293128211	9.999999999999998	340.00000000000006	19.999999999999996	0.9674801895725396	0.002319989887444415	0.07288463186797983	9.999999999999998
16	6	359.99999999999994	19.999999999999996	3.141865232408869	0.00713150045325261	0.22404269433010673	9.999999999999998	423.9999999999991	19.999999999999996	4.257970488176673	0.009664869821003357	0.3036308402756584	9.999999999999998	340.00000000000006	19.999999999999996	0.5457000342924881	0.001238646394426379	0.03891322413125397	9.999999999999998
17	6	359.99999999999994	19.999999999999996	2.39507693211741	0.005773413158826266	0.18137712365907235	9.999999999999998	423.99999999999994	19.999999999999996	4.080834288104099	0.009836987723438466	0.3090380836540726	9.999999999999998	340.00000000000006	19.999999999999996	1.330321885520554	0.0032067854590995776	0.10074413639945802	9.999999999999998
18	6	355.48628275208523	19.999999999999996	4.071448258341764	0.009342790247432517	0.29351241205364353	9.999999999999998	423.99999999992116	19.999999999999996	3.7998604203454986	0.008719575105509964	0.2739335309389454	9.999999999999998	340.00000000000006	19.99999999999676	0.04826282472874292	0.00011074915351445299	0.0034792872707223735	9.99999999999838
19	6	359.99999999999994	19.999999999999996	3.183315318806576	0.007298963321799805	0.22930369550587615	9.999999999999998	423.9999999998407	19.999999999999996	4.081435411789961	0.009358245849838766	0.29399796412340634	9.999999999999998	340.00000000000006	19.999999999999996	0.6229930934379633	0.0014284490486613302	0.04487605037301763	9.999999999999998
20	6	359.99999999999994	19.999999999999996	0.9505103931963931	0.002247433541441644	0.0706052070322436	9.999999999999998	418.00000000001376	19.999999999999996	3.560584024042096	0.008418820057131212	0.26448503243377813	9.999999999999998	340.0000000000001	19.999999999999996	2.2668532166295954	0.005359859280913297	0.1683849454119228	9.999999999999998
0	7	359.99999999999994	19.999999999999996	1.3238976255455186	0.0033097017587741004	0.10397734730937928	9.999999999999998	423.99999999984163	19.999999999999996	3.5160635019111015	0.008790046399125053	0.27614745192204676	9.999999999999998	340.00000000000006	19.999999999999996	1.7582142259231877	0.00439547938115064	0.13808805732828255	9.999999999999998
1	7	359.99999999999994	2.549398777099878	7.63120684482336	0.018054865150545888	0.07230226444950553	1.274699388549939	418.00000000000006	19.999999999999996	3.9915464753536827	0.00944370069113434	0.29668260713968486	9.999999999999998	340.00000000000006	19.999999999999996	1.4836056129365465	0.003510100017316769	0.11027304427767765	9.999999999999998
2	7	353.4397639453308	2.854238701963843	8.429228350020168	0.02124961326315457	0.0952711040561902	1.4271193509819216	420.8349665490757	19.999999999999996	8.307451039715978	0.020942619474312082	0.6579317948742536	9.999999999999998	349.3123794970433	19.999999999999996	5.702093405502279	0.014374658583904366	0.451593218050554	9.999999999999998
3	7	351.2757663186478	9.611819140543039	241.79381640360455	0.5326034440127657	8.041358750832499	4.8059095702715195	419.43375559134347	3.7696574701626244	213.16084767748382	0.469533105893009	2.7802764804739084	1.8848287350813122	340.00000000000006	19.999999999999996	35.32985863411245	0.07782169397418852	2.444840620792237	9.999999999999998
4	7	353.93236982130986	5.512339416949936	152.51778389647993	0.3412577207882603	2.954869558392333	2.756169708474968	419.5004165137746	4.532585019014148	64.84723607249981	0.14509534177692893	1.0330451566419736	2.266292509507074	349.4164094089308	12.190626662328166	173.49740186463143	0.3881995031031622	7.433629017258188	6.095313331164083
5	7	354.77589689756127	5.515342909957478	65.83396314420426	0.1680698466074861	1.4560698192217243	2.757671454978739	419.50831626653263	6.819210353939156	20.352016357424283	0.05195738041552917	0.5565461863923322	3.409605176969578	349.99999999999767	9.703684039323393	82.13492317427931	0.209685142435999	3.1961281415629967	4.851842019661697
6	7	352.16347221190034	8.197550667391601	35.26761471967802	0.08806451743958812	1.1339788285645414	4.098775333695801	421.19650506528114	19.999999999994913	5.153798929683117	0.012869223488198328	0.404298579679188	9.999999999997456	342.9782384026319	6.116085214637498	5.180520891096539	0.012935949198332597	0.12427727045766618	3.058042607318749
7	7	355.072471632593	19.999999999801638	5.950143381202991	0.01371119243666007	0.4307498143053999	9.999999999900819	422.81103651855466	19.999999999999996	4.271942937711077	0.009844037016389551	0.3092595437235539	9.999999999999998	349.99999999999994	1.7539654424563322	4.554121216418958	0.010494273562458634	0.028913008943755623	0.8769827212281661
8	7	354.4623291513583	19.999999999999996	3.560801540580063	0.008749733129924043	0.27488097321840593	9.999999999999998	423.857198027993	19.999999999999996	6.014383881181309	0.014778766325932512	0.4642886371866979	9.999999999999998	349.99999999999994	1.0000001852335394	4.523571298889101	0.011115486557842764	0.017460168689805707	0.5000000926167697
9	7	351.18409125377144	1.0000000000005862	9.2283892647239	0.023026654513885962	0.0361701843288084	0.5000000000002931	423.99999979112886	19.999999999999996	3.673504103341114	0.009166118530166818	0.2879621063630534	9.999999999999998	345.74474300685165	19.999999999999996	3.408867397713551	0.0085057976640464	0.2672175145428939	9.999999999999998
10	7	353.2031360674197	19.99999999999999	3.685989515325252	0.009197577267912675	0.2889504117569892	9.999999999999995	423.99999997130254	19.999999999999996	4.125048202000869	0.010293151788419934	0.323368900407847	9.999999999999998	349.9999999921041	19.999999999998426	1.0493117665394452e-14	2.6183270491546355e-17	8.225717022318997e-16	9.999999999999213
11	7	353.88776648302064	19.999999957511392	1.050932114112518	0.002482117032108174	0.07797800616855255	9.999999978755696	423.9999999999841	19.999999999999996	4.249679680325232	0.01003699684679151	0.31532155557984115	9.999999999999998	340.00000000000006	19.999999999999996	1.7809186705763964	0.004206217038833247	0.1321422054860274	9.999999999999998
12	7	354.92091577886396	19.999999999999996	3.4236071176093468	0.008146592010427427	0.25593273611752104	9.999999999999998	423.9999999993886	19.999999999999996	4.577552346555065	0.010892444749851694	0.34219624405766785	9.999999999999998	345.3272565692921	19.99999999800798	0.2833484987107727	0.0006742375910748941	0.021181798626839932	9.99999999900399
13	7	348.0269508435189	19.999999999999996	3.2592250999733394e-09	7.859777139133286e-12	2.4692218119154127e-10	9.999999999999998	418.0000006295767	19.999999999999996	3.3432986686337043	0.008062524569179616	0.2532916795592189	9.999999999999998	347.0715590427425	19.999999999999996	3.9371641723476936	0.009494659621726085	0.29828352915950307	9.999999999999998
14	7	359.99999999999994	19.999999999999996	2.8860266837475708	0.0073582025588259685	0.23116475102433276	9.999999999999998	423.9999999992946	19.999999999999996	4.249697746806227	0.010835013068618463	0.34039197457921155	9.999999999999998	340.23423068144433	1.0000000000000002	11.650152098897331	0.029703183088211536	0.046657650889078986	0.5000000000000001
15	7	359.99999999999994	19.999999999999996	1.629746835868757	0.0037979088960949903	0.1193148268697534	9.999999999999998	423.99999999988916	19.999999999999996	5.240113652546867	0.012211390026689532	0.38363213197967494	9.999999999999998	340.00000000000006	19.999999999999996	2.0149754895372713	0.004695633192039668	0.1475176674006421	9.999999999999998
16	7	359.99999999999994	19.999999999999996	0.6588310327900996	0.0016636099072311209	0.052263846629964854	9.999999999999998	423.99999999996203	19.999999999999996	3.8854613779870166	0.009811152967717672	0.30822646086627525	9.999999999999998	340.00000000000006	19.999999999999996	2.34554361670372	0.005922716757991883	0.18606763456200454	9.999999999999998
17	7	351.07866107014337	19.999999999999996	2.8399234236466993	0.00661194155413277	0.20772027012428584	9.999999999999998	423.99999963060634	19.999999999999996	3.729069505946444	0.008682061431415563	0.2727550041095041	9.999999999999998	349.9999999999959	19.999999999957286	1.5432987773725528e-09	3.5931255158453643e-12	1.1288136723981723e-10	9.999999999978643
18	7	358.8737495661189	19.99999999999999	1.8082241880065335	0.004040678368205554	0.12694165477073754	9.999999999999995	418.00000000000296	19.99999998768421	3.666877204627434	0.008194045571273262	0.25742353354040187	9.999999993842104	348.2975012404803	19.999999611707167	2.9305835800841433	0.006548715450664905	0.2057339595083372	9.999999805853584
19	7	353.2331815065817	3.4035603293128105	11.141106735919834	0.026030742772702623	0.1391681617336905	1.7017801646564052	423.99999999999994	19.999999999999996	4.303241547571803	0.01005434886037828	0.31586668516393307	9.999999999999998	349.99999999999994	19.999999999999996	8.588085868794355	0.02006571334961823	0.6303829764819926	9.999999999999998
20	7	359.99999999999994	19.999999999999996	1.7671721336895123	0.003997578233573898	0.12558762410746216	9.999999999999998	423.99999999998437	19.999999999999996	3.6803542003369305	0.008325450341044214	0.2615517362925113	9.999999999999998	340.00000000000006	19.999999999999996	1.3307884591885109	0.0030104203639949624	0.09457514499743683	9.999999999999998
0	8	359.99999999999994	19.999999999999996	1.8429651797973414	0.004309163801352918	0.13537637341445388	9.999999999999998	423.99999999999994	19.999999999999996	4.64521495742055	0.010861296981324901	0.341217708049873	9.999999999999998	340.00000000000006	19.999999999999996	0.9524392609843383	0.0022269638251506997	0.06996213192903661	9.999999999999998
1	8	359.99999999999994	19.999999999999996	1.6753575115436756	0.004146215046729382	0.13025718731008484	9.999999999999998	423.99999999960374	19.999999999999996	3.609927712678331	0.00893393588937395	0.2806678735769939	9.999999999999998	340.00000000000006	19.999999999999996	2.3714950137688087	0.005869032873032606	0.18438110557596227	9.999999999999998
2	8	351.6301456713838	4.466327927853066	14.328470343828634	0.034046591598420065	0.23886038339448634	2.233163963926533	419.95730902228047	19.999999999999996	5.249590397552679	0.012473813047423038	0.3918763943203672	9.999999999999998	340.00000001581606	19.999999999999996	2.481226863221815	0.005895766655337842	0.18522097211689026	9.999999999999998
3	8	351.7550761567198	7.533822793255308	118.55606098459405	0.28507726350202706	3.3736331776549604	3.766911396627654	419.6271896645017	4.230953557156985	65.36907291227575	0.15718501668099144	1.044646324736248	2.1154767785784925	344.60793259908695	7.251810236021138	13.675627341525741	0.03288410889176109	0.37458672792527664	3.625905118010569
4	8	354.5654623219684	6.260382002245349	14.925118274167195	0.03703789157931415	0.3642226646243268	3.1301910011226743	421.41474724794045	19.999999999999996	5.187188096053776	0.012872427995138885	0.40439925223391904	9.999999999999998	349.99999999999994	9.325215311614544	25.919211596651472	0.06432062589411176	0.942169425887825	4.662607655807272
5	8	351.38521363887327	2.261615139145901	13.610556645984023	0.03374259683386484	0.11987181540051604	1.1308075695729505	423.99999999999994	19.999999999999996	3.701118701005065	0.009175624437016729	0.2882607432343073	9.999999999999998	349.99999999999994	19.999999999999996	4.00952135167168	0.009940200535894313	0.3122806097877489	9.999999999999998
6	8	359.92874047968525	19.999999999999996	2.2467585843044446	0.005034416632594444	0.15816086308068966	9.999999999999998	423.99999999999994	19.999999999999996	4.227213330650001	0.009472113848821767	0.29757523281424597	9.999999999999998	340.00002444676016	19.999999999999996	1.817361138444885	0.004072245770744512	0.12793337396983062	9.999999999999998
7	8	353.8120343113639	19.999999999999996	1.416852795313288	0.0033719406933994593	0.10593264110724213	9.999999999999998	418.6730131520394	19.999999999999996	5.100724020416548	0.01213911490815079	0.3813615421652885	9.999999999999998	346.74666211032286	19.99999896631452	2.369458075410726	0.005639027662019577	0.17715526960776135	9.99999948315726
8	8	348.9428004382655	19.999999999999996	4.239177905425845	0.010851964530525336	0.34092452046115396	9.999999999999998	418.5807387629378	19.999999999999996	4.95000798810975	0.012671634055279858	0.3980911245704543	9.999999999999998	349.940351230876	19.999999999999748	5.910851283750404e-11	1.5131317889341078e-13	4.753643712028514e-12	9.999999999999874
9	8	349.8741929968941	19.999999999999996	3.2791818611107075	0.008182495564362529	0.2570606795303238	9.999999999999998	418.03613714748764	19.99999999630394	5.318560098226943	0.013271326890603416	0.41693103055203357	9.99999999815197	340.00000000000006	19.999999999999996	0.11551469584652377	0.0002882421672284789	0.009055394750197898	9.999999999999998
10	8	352.74142836078096	19.999999999999996	3.8180328183311554	0.009213415052846436	0.28944797044495973	9.999999999999998	423.1899316847726	19.999999999999996	5.133897155076375	0.012388768661506974	0.38920464614013756	9.999999999999998	340.0000000017266	19.99999999999915	1.1121472470987166	0.002683757493703214	0.08431272826234215	9.999999999999575
11	8	355.6184510942402	19.99999999993414	3.308596920350218	0.0077914678917853355	0.2447761828943296	9.99999999996707	418.00000000000006	19.999999999999996	4.036002949284447	0.009504448002439676	0.29859104020890664	9.999999999999998	340.00000000000006	19.999999999999996	0.8875466227898592	0.0020900977605932455	0.06566235769964217	9.999999999999998
12	8	358.37064652648655	19.999999999999996	1.9810989360834153	0.00491607503338861	0.15444305209389853	9.999999999999998	423.99999978083895	19.999999999998813	5.316508617852995	0.013192857158710831	0.41446583129663	9.999999999999407	340.00000000000006	19.999999999999996	1.325989717788621	0.0032904287753734766	0.10337186867873771	9.999999999999998
13	8	359.99999999999994	19.999999999999996	1.2363747499362043	0.0028774921231495315	0.09039908114849063	9.999999999999998	423.99999998461567	19.999999999999996	3.4789278607330174	0.008096725945576973	0.2543661474875448	9.999999999999998	340.00000000000006	19.999999999999996	1.595753109690037	0.0037138958101994423	0.11667547793520477	9.999999999999998
14	8	352.62332224165306	19.999999999999996	2.1068464769244186	0.004793948682538059	0.1506063396274803	9.999999999999998	423.9999999999992	19.999999999999996	3.5557030062691215	0.008090697603787472	0.2541767615447526	9.999999999999998	340.0000035766331	19.999999999999996	1.3984088350658184	0.003181959514344746	0.09996420634285598	9.999999999999998
15	8	358.9888673474486	19.999999999999996	2.8341124891381457	0.006580450267027164	0.20673094216205526	9.999999999999998	423.99999999995106	19.999999999999996	4.896253416527014	0.011368480335801994	0.3571513430543556	9.999999999999998	340.00000000000006	19.999999999999996	0.6351200968256336	0.0014746684285709168	0.04632807501679195	9.999999999999998
16	8	359.99999999999994	19.999999247117763	1.6125212844026706	0.0038486216413368677	0.12090801019723113	9.999999623558882	418.86776102029125	19.999999889608237	4.10185819883701	0.009789948440641518	0.30756029930381623	9.999999944804118	340.00000056404247	19.999999998120007	2.2194971910803485	0.005297297471420633	0.1664195081853051	9.999999999060003
17	8	359.99999999999994	19.999999999999996	2.0790399280960563	0.004865793967344007	0.15286342581689463	9.999999999999998	423.99999999356	19.999999999999996	4.116927633544548	0.009635275096249797	0.30270109457695044	9.999999999999998	340.00000000000006	19.999999999999996	0.8027526834042072	0.0018787658242593109	0.05902316911308622	9.999999999999998
18	8	352.47449540975987	7.4138754801896765	21.539214227166884	0.05178231262538966	0.603040675995885	3.7069377400948382	421.6651954751934	19.999999999999996	5.31178323825384	0.012770030389253617	0.4011823365699756	9.999999999999998	349.99999999999784	19.999999999999996	6.631387260603448	0.015942483539417445	0.5008478916741004	9.999999999999998
19	8	352.5941569351809	7.969184324580859	55.944329674575705	0.1371296382623879	1.7165840759420852	3.9845921622904297	418.57445166451186	19.999999999999996	4.84680451837146	0.011880391707237418	0.37323351309226166	9.999999999999998	343.7337743802641	1.0000000266480589	35.146891286353004	0.08615136719272191	0.13532625474086785	0.5000000133240294
20	8	353.59082590631	19.999999999999996	6.716847800179788	0.015320420050719917	0.4813051908125145	9.999999999999998	423.99999999999994	19.999999999999996	4.218758124171401	0.00962254147741193	0.30230105614300384	9.999999999999998	342.35563630525155	1.0000307852377572	2.709432923830242e-14	6.179930188565305e-17	9.70771048502262e-17	0.5000153926188786
0	9	359.99999999999994	19.999999999999996	2.6799013349953555	0.006306609839839373	0.1981279914189647	9.999999999999998	423.9999999996813	19.999999999999996	3.562510234091886	0.008383652712681414	0.26338021772408066	9.999999999999998	340.00000000000006	19.999999999999996	0.7929583687911133	0.0018660683458369485	0.05862426606377814	9.999999999999998
1	9	359.86070995174947	19.99999998095509	0.7993093242487507	0.0019676276344624253	0.061814845155411274	9.999999990477544	423.9999999999981	19.999999999999996	3.994743534402145	0.009833699585911024	0.30893478376707056	9.999999999999998	346.3677700714143	19.999999999999996	3.8691609742396937	0.009524558045476198	0.29922281584357574	9.999999999999998
2	9	354.2365214462871	19.999999999999996	3.4715654933160547	0.00849424066457505	0.26685444069652653	9.999999999999998	423.99999843266073	19.999999999999996	3.674935130455949	0.00899184632549648	0.2824871835838811	9.999999999999998	340.00000000000006	19.999999999999996	1.9487828140372013e-09	4.768289769353562e-12	1.4980024109588514e-10	9.999999999999998
3	9	351.086361121986	19.999999999999996	3.467857416937688	0.00834777137175954	0.26225297215366955	9.999999999999998	423.9991544892552	19.999999999999996	3.4061957607686484	0.008199340411020177	0.257589875995429	9.999999999999998	349.0588338946952	19.999999999999996	4.8133427128944624e-11	1.158660223598512e-13	3.640038446463791e-12	9.999999999999998
4	9	348.09123561091803	19.999999999999996	2.543917716947009	0.006077517943011321	0.19093085721824513	9.999999999999998	423.99999999999994	19.999999999999996	5.232204970289006	0.012499940299408213	0.3926972061493183	9.999999999999998	348.5171753550875	1.0000000000000002	3.036418425004911	0.007254121207428159	0.011394746946753116	0.5000000000000001
5	9	359.99999999999994	19.999999999999996	1.6747349773465345	0.004050616550733648	0.12725387198294053	9.999999999999998	423.9999999849647	19.999999999999996	3.5884648118347258	0.008679280695249595	0.2726676447063983	9.999999999999998	340.00000000000006	19.999999999999996	1.2876011569228631	0.0031142709906490118	0.09783770865510741	9.999999999999998
6	9	359.99999946828194	19.999999999999996	1.7617508563938074	0.004519939127915209	0.14199807558931474	9.999999999999998	423.99999999999994	19.999999999999996	3.87128604537379	0.009932151988649735	0.31202775721879256	9.999999999999998	347.3329181099323	19.999999999999996	1.7480166574871094	0.00448470273634278	0.1408910917002852	9.999999999999998
7	9	359.99999999999994	19.999999999999996	1.9039504670887468	0.004839099491041537	0.15202479411046196	9.999999999999998	423.9999999995466	19.999999999999996	3.3197272299578775	0.008437451827961392	0.26507036677741275	9.999999999999998	341.00118112465935	19.999999999999847	2.6832862099150976	0.006819866985601407	0.21425244020424783	9.999999999999924
8	9	353.6238026256784	19.999999999999996	2.6312872207167497	0.006521717084745653	0.20488578482227982	9.999999999999998	419.6880888116419	19.999999999999996	5.233891270747216	0.012972342149267662	0.40753814795992505	9.999999999999998	340.0000000043419	19.999999999999996	0.6298871895448503	0.0015611925650587434	0.04904631093227552	9.999999999999998
9	9	356.60060098678747	19.999999999999996	2.557204499247965	0.006524937559713485	0.20498695902727992	9.999999999999998	423.9999999993073	19.999999999999996	4.315341933853705	0.01101098354687289	0.34592025019653944	9.999999999999998	340.00000000000006	19.999999999999996	0.5688973292457359	0.0014515927655796945	0.04560313168349258	9.999999999999998
10	9	349.7728679062736	19.999999999999996	3.500062196486736	0.00883085639080366	0.27742953562255246	9.999999999999998	423.99999999999994	19.999999999999996	6.887331824534939	0.01737713070337157	0.5459186615818175	9.999999999999998	349.711725672785	1.0000343671991203	11.268600101515403	0.02843132025532712	0.044661348255697765	0.5000171835995602
11	9	356.1742707314493	19.999999999999996	1.3554333976708037	0.003277804184558515	0.1029752554611491	9.999999999999998	418.00000000000006	19.999999999999996	3.910145993213159	0.0094557895067461	0.29706238848285	9.999999999999998	340.00000000750254	19.999999999999996	1.1661655230591987	0.002820103324840516	0.08859615887683113	9.999999999999998
12	9	357.3470837600229	19.999999999999996	2.833286185563552	0.00694389821506602	0.2181489961972668	9.999999999999998	423.99999999991644	19.999999999999996	4.050634307866682	0.009927409551353183	0.31187876915708296	9.999999999999998	340.00000000000006	19.999999999999996	1.3397565255704071	0.0032835133259512123	0.10315461342772514	9.999999999999998
13	9	354.1876472190835	19.999999999999996	2.6646439174720022	0.0060464937104512265	0.18995620220730458	9.999999999999998	423.99999998830293	19.999999999999996	5.018611171166357	0.011388013491290991	0.3577649952322122	9.999999999999998	340.00000000000006	1.0000002242845059	8.297291678759562	0.018827852239632736	0.02957472777260389	0.5000001121422529
14	9	350.595315903946	19.999999999999996	2.6050957486866575	0.0063062189493818714	0.19811571123306826	9.999999999999998	423.9999999999878	19.999999999999996	4.297870647846293	0.010403960520493112	0.3268500593941939	9.999999999999998	340.00000000000006	19.999999999999574	0.6718554801796663	0.0016263769815336184	0.05109413977153449	9.999999999999787
15	9	359.99999999999994	19.999999999880494	2.473105113819497	0.00589240303764164	0.18511530094934545	9.999999999940247	423.9999999999999	19.999999999999996	3.815579313948805	0.009090972726651153	0.2856013313203243	9.999999999999998	340.0000001963211	19.999999999999996	0.7248053932857208	0.0017269162872336928	0.054252675213379294	9.999999999999998
16	9	359.99999999999994	19.999999999999996	1.5989156202426371	0.0036753152036661262	0.11546343243464374	9.999999999999998	423.99999999999994	19.999999999999996	4.244410986507828	0.009756329872462258	0.30650414253326064	9.999999999999998	340.0000000150707	19.999999999999996	1.0375512725117713	0.0023849463462411935	0.0749252992055715	9.999999999999998
17	9	355.9465534186816	19.999745064148083	2.988967258938898	0.007051651820242588	0.22153135169128357	9.999872532074042	418.00000009252096	19.999999999999968	3.8029330940758617	0.008971981875981142	0.2818631234972308	9.999999999999984	349.74179732271557	19.996670423202183	5.6583419568318953e-11	1.3349312288423535e-13	4.1931119609316405e-12	9.998335211601091
18	9	354.07059599613245	4.99545411109304	15.077938005427495	0.03532884211698626	0.2772198056889052	2.49772705554652	423.99999999999994	19.999999999999996	4.844870161918354	0.011351927098128314	0.35663130775566804	9.999999999999998	347.6206547780416	19.999999999999996	7.103924331393107	0.016645075807080727	0.5229204787396999	9.999999999999998
19	9	352.3058694395293	7.940469354854967	23.632907659432643	0.059633292989682736	0.7437977205022421	3.9702346774274835	423.99999341950473	19.999999999999996	4.97808428362998	0.01256127950445215	0.39462423410874903	9.999999999999998	340.00000000000006	19.999999999999996	2.8154558220983956	0.007104284600024217	0.22318768308447176	9.999999999999998
20	9	351.5610464872173	19.99999999999943	7.491812233794435	0.017398756472255143	0.5465980551483307	9.999999999999716	423.99999926234807	19.999999999999996	3.962269190371713	0.00920185324584425	0.28908474556555686	9.999999999999998	340.00000000000006	19.999999999999996	0.24831377091788728	0.0005766763359897385	0.01811682140644441	9.999999999999998
0	10	356.89024339422167	19.99999999999785	2.547600371092489	0.0059160830852695604	0.18585923158707693	9.999999999998925	418.00000000000006	19.999999999999996	3.609897822076823	0.008382969199985562	0.2633587445394414	9.999999999999998	340.000000000038	19.999999986988513	0.3940689531798826	0.000915113961668028	0.028749152973033824	9.999999993494257
1	10	359.99999999999994	19.999999999999996	2.260664327090693	0.005691779105014054	0.17881251422168035	9.999999999999998	423.99999999999994	19.999999999999996	3.7620819617037937	0.0094719677062949	0.29757064161135816	9.999999999999998	340.00000000000006	19.999999998251713	1.6227230006019178	0.004085604730153805	0.12835305804600913	9.999999999125857
2	10	359.99999999999994	19.999999999999996	2.5726236543216277	0.0060560790128928324	0.19025733336463443	9.999999999999998	423.99999999999005	19.999999999999996	3.8741725155960096	0.009119987225731223	0.28651284869189964	9.999999999999998	340.00000000000006	19.999999999999996	1.039730802266627	0.002447575991182245	0.07689286753000894	9.999999999999998
3	10	359.99999999999994	19.999999997614434	1.3313637847148458	0.003088835203959386	0.09703861983750878	9.999999998807217	423.9999999999908	19.999999999999996	4.58837621068162	0.010645278271256794	0.3344312801239939	9.999999999999998	340.00000000000006	19.999999999999996	1.8559611893926942	0.004305929246983642	0.13527475689201235	9.999999999999998
4	10	359.9999999735412	19.999999999999996	1.201523071940236	0.0028984263490140906	0.09105674925033751	9.999999999999998	423.9999999999755	19.99999999887104	4.705182043036488	0.01135028026421722	0.35657957092237214	9.99999999943552	340.00000000000006	19.999999999999996	2.287193252053029	0.005517381515057138	0.1733336523475562	9.999999999999998
5	10	352.86521279896004	19.999999999999996	2.462104658951254	0.005962920657988407	0.1873306773307519	9.999999999999998	423.99999999999966	19.999999999999996	5.02688848940417	0.012174517890575878	0.3824737596603067	9.999999999999998	340.00000000000006	19.999999999999996	1.0474277642186072	0.002536743769320571	0.07969415589737185	9.999999999999998
6	10	355.26782442779836	19.999999999999996	2.833355809769809	0.007218787621492529	0.2267849015950586	9.999999999999998	423.99999999999983	19.999999999999996	4.276896393371013	0.010896621820815725	0.3423274706122091	9.999999999999998	340.00000000000006	19.999999999999996	1.052213649869687e-05	2.6808164525802604e-08	8.422033273048794e-07	9.999999999999998
7	10	353.31823255353555	19.999999999999996	1.966356175783429	0.005042944694476913	0.1584287800462829	9.999999999999998	419.5563191572186	19.999999999999996	4.19632262086353	0.01076194799183112	0.33809656749452066	9.999999999999998	340.00000000000006	19.999999999999996	1.5337680232928497	0.003933523036609267	0.12357527074537887	9.999999999999998
8	10	353.9772482767058	1.0000012338040796	6.921631125644896	0.017680031594042637	0.027771762950412043	0.5000006169020398	418.8538512754183	19.999999999999996	7.987147155847929	0.020401696001750194	0.6409381827987065	9.999999999999998	349.99999999999994	19.999999999999996	4.267473866101476	0.010900475828578006	0.3424485478369377	9.999999999999998
9	10	351.41908069308425	19.999999999999996	2.9384432357221506	0.00781920376413034	0.2456475310231353	9.999999999999998	420.85956715168123	19.999999999999996	5.569496685285215	0.01482044264679866	0.4655979374213153	9.999999999999998	340.00000000000006	19.999999999999996	0.0995116404591758	0.0002648006890839076	0.008318958994915188	9.999999999999998
10	10	359.99999999999994	19.999999999999996	0.9586006441466051	0.002448442321622172	0.07692008410346551	9.999999999999998	423.9999999998941	19.999999999999996	5.212210560836421	0.013312944242510007	0.41823847829919963	9.999999999999998	340.00000000000006	19.999999999999996	2.2405516734460647	0.005722780987624432	0.17978646708824253	9.999999999999998
11	10	355.242100644353	19.999999999999996	4.111619665971295	0.010312637563351401	0.323981064081589	9.999999999999998	419.608944305918	19.999999999999996	4.151861602815905	0.01041357114749596	0.3271519861460793	9.999999999999998	340.00000000000006	19.999999999999996	7.793777337953793e-06	1.954811180639496e-08	6.141220444252229e-07	9.999999999999998
12	10	352.5080182027408	19.999999999999996	2.7779734765147674	0.0069071988415889286	0.216996051376197	9.999999999999998	422.9168633895559	19.999999999999996	4.328659435088611	0.01076284985743927	0.3381249004382116	9.999999999999998	340.00000000000006	19.99999999999755	7.128274240721611e-12	1.772385805490565e-14	5.568114225855304e-13	9.999999999998774
13	10	359.99999999999983	19.999999999999996	2.3147220370750117	0.00543316613089305	0.17068794802546483	9.999999999999998	423.99999999997334	19.999999999999996	4.15907962924836	0.009762282561526904	0.30669115177560663	9.999999999999998	340.00000000000006	19.99999999999999	1.5419893156302478	0.0036193910066488555	0.11370652196957004	9.999999999999995
14	10	358.4603223475201	19.99999996768399	2.5259301207369877	0.005996749677250011	0.18839344701024976	9.999999983841995	418.00000000000006	19.99999999999857	4.651649272974069	0.011043368162634948	0.34693764290618884	9.999999999999284	340.0000026318821	19.999999999997087	1.4490102870064208	0.0034400603166339448	0.10807268218641404	9.999999999998543
15	10	359.9999999998985	19.999999999999954	1.1501892497257258	0.0026060538609064287	0.08187159664282935	9.999999999999977	423.99999999891224	19.999999999999996	4.150003210997861	0.009402915123206053	0.2954012907339249	9.999999999999998	340.00000000000006	19.999999999999996	1.7746847389194245	0.004021011339530032	0.126323796842688	9.999999999999998
16	10	359.99999999999994	19.999999999999996	1.9724857693043978	0.0046455760986239426	0.14594507743129306	9.999999999999998	423.9999999999994	19.999999999999996	4.0420794383573	0.009519859620682585	0.2990752104754252	9.999999999999998	340.00000000000006	19.999999999999996	1.3078564033074878	0.0030802485585384822	0.09676886242735043	9.999999999999998
17	10	348.0001847181451	19.999999999999996	2.6158171223628837	0.005942355749906052	0.18668461168921915	9.999999999999998	423.53832033363085	19.999999999999996	5.234712958455092	0.011891705418490654	0.37358894381384167	9.999999999999998	340.2403947655279	1.0000000000000002	16.570457453712116	0.037643133492334294	0.05912969581880867	0.5000000000000001
18	10	359.99999999999994	19.999999999887898	1.9355583992972352	0.004452953028383494	0.13989364520671596	9.999999999943949	423.99999999999983	19.999999999999996	3.5059800936153884	0.008065871162030194	0.2533968158743582	9.999999999999998	340.00000000098134	19.999999999999996	0.7313911002918849	0.0016826411521140287	0.052861730821092974	9.999999999999998
19	10	357.5716923727867	19.999999999999996	1.6004043016381506	0.0036487104978095205	0.11462762094994344	9.999999999999998	423.99999992616534	19.999999999999996	4.16726887900715	0.00950082281737466	0.29847715166122507	9.999999999999998	340.00000000000006	19.999999999999996	0.939869836897504	0.0021427791320932153	0.06731739179649557	9.999999999999998
20	10	356.7155029014035	3.143794697551794	6.231605546165212	0.014829685069830388	0.0732328578415198	1.571897348775897	423.99999996239893	19.999999999999996	5.4445636306695375	0.01295671932174331	0.407047342358137	9.999999999999998	340.00000000000006	19.999999999999996	1.7808871952851864	0.0042380725248607806	0.13314297509483372	9.999999999999998
0	11	359.99999999999994	19.999999999999996	2.5161591369612273	0.005909483123512717	0.1856518876734041	9.999999999999998	423.99999999999517	19.999999999999996	5.820297524372787	0.013669624265356567	0.42944391169376955	9.999999999999998	340.00000000000006	19.999999999999996	0.8365444343601586	0.0019647188225503823	0.06172346219293868	9.999999999999998
1	11	355.17224303129365	19.999999999999996	1.6524529031903161	0.004183206343189786	0.1314193031621525	9.999999999999998	423.9999994291418	19.999999999999996	4.335245965329208	0.010974732403229286	0.3447813869309897	9.999999999999998	340.00000000000006	19.999999999999705	1.3923406966428777	0.0035247288578287295	0.11073262285650516	9.999999999999853
2	11	359.99999999999994	19.999999999999996	1.9227477748750865	0.00461462178913855	0.14497261911853052	9.999999999999998	423.9999999973103	19.999999999999996	3.871681548155496	0.009292090343927056	0.2919196276097389	9.999999999999998	340.00000000000006	19.999999999999996	0.9740452477562005	0.0023377223381234355	0.07344171323581337	9.999999999999998
3	11	356.22954931380315	19.999999999999996	2.720090581278171	0.006467296853802876	0.20317612284491493	9.999999999999998	421.1368823928014	19.999999999999996	4.767212817865966	0.011334541823936548	0.35608513325885305	9.999999999999998	340.00000712897383	19.999999999999996	0.782603772345831	0.0018607214588744082	0.05845628865576722	9.999999999999998
4	11	356.1431757277614	19.999999999999996	2.2921616937280427	0.005223316256339331	0.1640953197829178	9.999999999999998	418.00000000000205	19.999999999999996	3.9212118167441004	0.008935551747065985	0.28071863724353935	9.999999999999998	340.00000000000006	19.999999999999996	1.1811657852107746	0.002691608739560086	0.08455938242540048	9.999999999999998
5	11	359.99999999999994	19.999999999999996	1.5439971305387945	0.003813808208633643	0.119814318504439	9.999999999999998	423.99999989097097	19.999999999999996	3.5680865280871346	0.008813486385939831	0.27688384082582224	9.999999999999998	349.99999999998744	19.99999999999973	1.7755051613547828	0.004385653331158268	0.13777936286358233	9.999999999999865
6	11	359.99999999999994	19.999999999999474	3.8154936848449186	0.010019074494351939	0.31475850827224094	9.999999999999737	421.860119369105	19.999999999999996	5.031238023878181	0.013211487876463462	0.4150511325568822	9.999999999999998	340.00000000000006	19.999999999999996	0.1722649976708572	0.00045234928609345416	0.014210971940477829	9.999999999999998
7	11	359.99999999999994	19.999999999999996	1.4587696153173881	0.003688530527562237	0.11587860407931205	9.999999999999998	418.93409721222685	19.999999999987782	4.3804850606688355	0.011076151231935194	0.34796755340275887	9.999999999993891	340.00000000000006	19.999999999999996	1.975528534154426	0.004995166632061686	0.15692778794741857	9.999999999999998
8	11	348.00000000000006	19.999999999999996	3.490066712439631	0.009949664809895013	0.3125779387244705	9.999999999999998	418.3685156892954	19.999999999999996	3.9664359430759593	0.011307723139750226	0.3552425994466661	9.999999999999998	349.7371470963049	1.0000000000419549	11.576715893415907	0.03300350744824478	0.05184178827322593	0.5000000000209774
9	11	351.43441963640197	1.0000000000000002	23.726362382126656	0.06820841504178558	0.1071415278041386	0.5000000000000001	419.05090915285246	19.999999999999996	3.5757695738673645	0.01027960254758078	0.3229432384530269	9.999999999999998	345.50137052303523	19.999999999999996	3.5617274288275946	0.010239234266867379	0.3216750315117542	9.999999999999998
10	11	359.99999999999994	19.999999999999996	1.1371749246257419	0.0031956382562810235	0.10039393669462958	9.999999999999998	423.9999991751641	19.999999999999996	4.616653232460873	0.012973513015590682	0.4075749318103124	9.999999999999998	345.6044458809032	19.99999999999986	1.934405844039552	0.005435981030289456	0.17077638069810713	9.99999999999993
11	11	354.7967859913887	19.99999999999887	2.551144084566077	0.0067962472417650585	0.21351040406707794	9.999999999999435	418.0000000005535	19.999999999999996	3.9808333036640344	0.010604938985464989	0.33316398408504794	9.999999999999998	340.00000000416713	19.999999999991786	0.6001021351934941	0.0015986719471314406	0.05022376044606161	9.999999999995893
12	11	359.86046588257403	19.999999998903995	2.5649664801434717	0.006425155712099285	0.20185221982195453	9.999999999451997	418.00000000000006	19.999999999999996	4.604537476617525	0.011534213214283207	0.3623579949893043	9.999999999999998	343.50171846809894	19.999999999999996	2.3297885505234945	0.005836042821324603	0.1833446925350882	9.999999999999998
13	11	352.1218792579942	19.999999999999996	2.787534758865275	0.007005576560627516	0.2200866785702825	9.999999999999998	423.9999999996276	19.999999999999996	4.8679611397453115	0.012234062499198273	0.3843444087103967	9.999999999999998	340.00000000000006	19.999999999999996	0.6404813830144481	0.0016096449919034614	0.05056848881451515	9.999999999999998
14	11	359.99999999999994	19.999999999999996	2.0678246825513917	0.0050982578585104495	0.16016649434402855	9.999999999999998	423.99999995724824	19.999999999999996	4.444505158958823	0.010958005069314625	0.3442558822375853	9.999999999999998	340.00000000000006	19.999999999999996	2.019599770151292	0.004979358494993602	0.15643116067461826	9.999999999999998
15	11	359.99999999999994	19.999999999999996	3.0257549796326413	0.007162008250189088	0.22500112503743525	9.999999999999998	423.9999979287194	19.999999999999996	3.760248358816528	0.008900565296887871	0.27961950549499187	9.999999999999998	342.0794020147514	1.0000000000019187	12.562641519594857	0.029735964350434654	0.046709143575456365	0.5000000000009593
16	11	359.99999999999994	19.999999999999996	1.581982781097327	0.0037460193572818046	0.11768466893041674	9.999999999999998	423.05197713851373	19.999999999999996	4.564869581728821	0.010809276827123078	0.3395834467070824	9.999999999999998	340.0000000747627	19.999999999999996	1.1976798855274988	0.002836018247873107	0.08909614092964747	9.999999999999998
17	11	359.999999999999	19.999999999999996	1.924830328431947	0.004264189274236983	0.13396345697459294	9.999999999999998	423.99999999454354	19.999999999999996	3.8664728206625982	0.008565623518842628	0.2690969992021195	9.999999999999998	340.00000000000006	19.99999993120756	1.2177787509599343	0.0026978165355838824	0.0847544057977108	9.99999996560378
18	11	352.7841440987795	19.999999999999385	2.7746721675204955	0.0066468306812149484	0.2088163443775948	9.999999999999693	423.9999988317126	19.9999999999998	4.487001643378906	0.010748779815859994	0.3376828770455967	9.9999999999999	340.00000000000006	19.999999997155186	0.17651465758855236	0.0004228474468002441	0.013284144322678932	9.999999998577593
19	11	359.99999999999994	19.999999999999996	2.213692818533052	0.004985989544331397	0.15663948123347035	9.999999999999998	423.9999999999978	19.999999999999996	3.8479840445398	0.008666969532630764	0.27228087812599366	9.999999999999998	340.00000000000006	19.999999999999996	1.7957528965703344	0.0040446466156202265	0.1270663209399932	9.999999999999998
20	11	359.57915776890707	19.999999999999996	2.093206257888889	0.004821782490485659	0.1514807644931764	9.999999999999998	423.99996611783746	19.999999999999996	4.524831813032491	0.010423127069415953	0.3274521942871006	9.999999999999998	340.00000000000006	19.999999999999996	2.7780302935211396	0.006399301443350644	0.20103998402536938	9.999999999999998
0	12	359.99999999988944	19.999999999999996	2.5507595190981935	0.006244207643267789	0.19616756859579315	9.999999999999998	418.00000000000006	19.999999999999996	3.8451242041337257	0.00941278617799858	0.2957113990661188	9.999999999999998	340.0000000000001	19.999999999999996	0.7613774657180877	0.001863836616212869	0.058554154209860064	9.999999999999998
1	12	359.99999999999994	19.999999999999996	3.8219704170032847	0.009402613251082352	0.2953918071414635	9.999999999999998	423.9999853767774	19.999999999999996	3.3665659207049523	0.00828225074580305	0.2601945809820344	9.999999999999998	347.67969540689927	1.0000000000000002	19.008396606488876	0.04676347075290497	0.07345588808684372	0.5000000000000001
2	12	359.9999999928083	19.999999999999996	0.8152015406242609	0.001889347733124544	0.05935560958460595	9.999999999999998	423.99999999999665	19.999999999999154	4.216688510484106	0.009772786828242114	0.3070211530470322	9.999999999999577	340.00000000000006	19.999999997357556	2.0780902457742814	0.00481627536188812	0.15130775292574128	9.999999998678778
3	12	359.99999347484	19.999999999999996	2.714239578342459	0.006807583430660402	0.21386654094462315	9.999999999999998	423.99999999999915	19.999999999999996	4.691990164218713	0.011767979051526026	0.36970196535872735	9.999999999999998	340.0000000000001	19.99999999999995	1.10615054994408	0.002774335845553393	0.08715833110981346	9.999999999999975
4	12	357.2130179987492	19.999999999999996	2.0037233175523452	0.0045116051735187845	0.14173625669024315	9.999999999999998	423.99536911596994	19.999999999999996	3.846381376209376	0.008660554061640891	0.27207933016068264	9.999999999999998	340.6466172681407	1.382945933749434	7.277778346558494	0.01638672473012159	0.03559731462425901	0.691472966874717
5	12	359.99999999999994	19.999999999999996	0.6922568810963777	0.0017500744632916346	0.05498021077112098	9.999999999999998	419.61387624500526	19.999999999999996	4.619580910634831	0.011678627982732859	0.36689491874561725	9.999999999999998	347.500184672233	19.999999999999996	2.4031386650755517	0.0060753048822521525	0.1908613318640156	9.999999999999998
6	12	354.04535424079404	19.999999999999996	2.729233273811004	0.006883335207500501	0.21624635320079544	9.999999999999998	423.9999999761053	19.999999999999996	4.784884665272897	0.012067845352886079	0.3791225430528462	9.999999999999998	340.00000000000006	1.0000000000000002	16.533862939895386	0.041699667808626724	0.06550168502235827	0.5000000000000001
7	12	350.7381950977332	3.5945198417668354	11.25378728887376	0.031390398303879775	0.17723830525186762	1.7972599208834177	418.00000000000006	19.999999999999996	6.68421812403606	0.018644413998383125	0.5857315404780711	9.999999999999998	340.00000002155815	19.999999999999996	0.783708582695432	0.002186012933557116	0.06867562172715307	9.999999999999998
8	12	349.4321236867637	19.999999915212392	3.573673542286775	0.009595122853690205	0.30143967339652933	9.999999957606196	418.0000000002822	19.999999999999996	4.428900148233431	0.011891360675836569	0.37357811340394714	9.999999999999998	349.21236162392154	5.814081576501673	3.576079150764277	0.009601581784145486	0.08768873066707325	2.9070407882508364
9	12	354.04091454637285	19.999999999999996	2.3006923642741293	0.006023688504315756	0.18923975552671662	9.999999999999998	423.9999999628186	19.999999999999996	3.8630431968560424	0.010114246153860976	0.31774841413568455	9.999999999999998	349.8807769110444	1.0000000000000002	17.498208117181843	0.04581392832798308	0.0719643503336405	0.5000000000000001
10	12	353.33997764745857	1.000000000000089	16.406635940291554	0.04198137455688405	0.06594418894776007	0.5000000000000445	423.99999988909786	19.999999999999996	4.150956276910455	0.010621485773465026	0.3336838167612622	9.999999999999998	342.61650859176586	19.999999999999996	1.7901732680390923	0.004580703488562616	0.14390704427941448	9.999999999999998
11	12	353.70927129449126	19.999999999999996	2.971563678640448	0.007747439479439199	0.24339298952737715	9.999999999999998	423.999999999877	19.999999999999996	4.9399707731805	0.012879456318070451	0.40462005351080765	9.999999999999998	340.00000000000006	19.999999999999996	0.35636486629065517	0.0009291119197716366	0.029188911815172823	9.999999999999998
12	12	359.99999999999994	19.999999999999996	3.0266548213639366	0.007606578859974601	0.23896772265447624	9.999999999999998	418.00000000000006	19.999999999999996	5.1748561148625525	0.0130054312268702	0.408577671991027	9.999999999999998	340.00000000000006	19.999999999999996	1.170295592636489	0.002941183002447097	0.09239998913350969	9.999999999999998
13	12	359.99999999999994	19.999999999999996	1.9721446684219186	0.004813988025426158	0.15123589415148048	9.999999999999998	423.9999999647569	19.999999999999996	3.885137127256594	0.009483586020450364	0.2979356417153372	9.999999999999998	340.0000000000851	19.999999999999996	0.9479685253392389	0.0023139829458432393	0.07269591823193187	9.999999999999998
14	12	359.99999999999994	19.999999999998362	1.6130979071466962	0.004025509192395521	0.12646510105786915	9.999999999999181	418.00000000000006	19.999999999999996	3.9221648717721918	0.009787819248577032	0.30749341045994366	9.999999999999998	340.00000001621856	19.999999999999996	1.5799980952526391	0.00394290813237569	0.12387011222450914	9.999999999999998
15	12	359.99999999999994	19.999999999999996	0.9583200653631876	0.00224957686260508	0.07067254145245692	9.999999999999998	423.99999999969197	19.999999999999996	6.01365510996009	0.01411655654932579	0.44348470349346775	9.999999999999998	340.00000000000006	19.999999999999996	1.6455776292726536	0.0038628569871688324	0.12135523132757603	9.999999999999998
16	12	354.1236059471053	19.999999999999996	3.593751537539925	0.008078307246548812	0.2537875069919893	9.999999999999998	423.9999999668926	19.999999999999996	3.2546056475810805	0.007315949395185711	0.22983732873950113	9.999999999999998	342.7682670584224	1.0000001122878366	0.42801701936636033	0.0009621291157931307	0.001511309050691876	0.5000000561439183
17	12	359.99999999999994	19.999999999999996	1.0306903967036538	0.0024934538432861094	0.07833416276132875	9.999999999999998	423.9999999999572	19.999999999999996	4.339948863629833	0.010499236442186817	0.3298432407507633	9.999999999999998	340.00000000000006	19.999999999999996	1.6811399265093327	0.004067026164464857	0.12776939520240266	9.999999999999998
18	12	359.99999999999994	19.999999999999996	1.1891217917216623	0.0027504444173806065	0.0864077597574997	9.999999999999998	423.99999999997317	19.999999999999996	4.420209986035765	0.010223966934572665	0.32119539412198433	9.999999999999998	340.00000000000006	19.999999999999996	1.3303402214049724	0.003077083323721188	0.09666942364286145	9.999999999999998
19	12	359.99999999999994	19.999999999999996	2.3554071399207364	0.005420592436150468	0.17029293375514706	9.999999999999998	423.99999999999994	19.999999999999996	5.310039378646864	0.012220205502358689	0.38390907831567617	9.999999999999998	340.00000000000006	1.000000000068301	24.208978834998977	0.05571308897549587	0.08751391552308345	0.5000000000341505
20	12	359.9999995511666	19.999999999999996	3.262759898152601	0.007745416240632953	0.24332942760567555	9.999999999999998	423.99999999999994	19.999999999999996	3.3867137917578116	0.008039668508831753	0.25257363524643034	9.999999999999998	340.00000000000006	19.999999999999996	1.1610380171495287	0.0027561705411158163	0.08658765124010051	9.999999999999998
0	13	355.49103236403727	19.999999999999996	1.117519895721157	0.0026319559884415904	0.0826853359785976	9.999999999999998	423.9999292724065	19.999999999999996	4.40805423168839	0.010381743337983872	0.32615208602064905	9.999999999999998	340.0000000013876	19.999999999999996	2.3676115772453725	0.0055761418592134545	0.17517966300279514	9.999999999999998
1	13	359.99999999999994	19.999999999999996	1.5817591868953245	0.003969526952606281	0.1247063671253457	9.999999999999998	423.999999999957	19.999999999999996	4.1246782225076855	0.010351146692063396	0.32519086404016645	9.999999999999998	340.00000000000006	19.999999999999996	0.9767529901448426	0.002451224783482363	0.0770074977208542	9.999999999999998
2	13	359.99999999999994	19.999999999999996	2.382400133331021	0.005642508222847848	0.17726462380718794	9.999999999999998	419.977558870988	19.999999999999996	5.001247364390555	0.01184502090277078	0.3721223064976221	9.999999999999998	340.00000000000006	19.999999999999996	0.7134040505064833	0.001689635659803117	0.05308146976080814	9.999999999999998
3	13	359.9999999999827	19.999999999999996	1.652833899282805	0.00391192503221769	0.12289674942609106	9.999999999999998	423.9999999999722	19.999999999999996	4.467314086549183	0.010573232924090873	0.33216790879017605	9.999999999999998	340.00000000000006	19.999999999999996	1.2942676467230703	0.0030632709117367585	0.09623549392267505	9.999999999999998
4	13	359.99999999999994	19.999999999999996	0.27235644532173714	0.0006705368799201755	0.02106553735918244	9.999999999999998	423.9999999983695	19.999999999999996	4.443834151875074	0.01094064318382853	0.3437104425186295	9.999999999999998	342.404597758342	19.999999999999968	2.3448144664199857	0.005772892851673086	0.1813607777277717	9.999999999999984
5	13	354.2359550509738	19.999999999999996	1.1649122662236435	0.0028302733498581627	0.08891565963565376	9.999999999999998	423.9999999999261	19.999999999999996	3.2611027115231535	0.007923182168469161	0.24891410893516358	9.999999999999998	340.00000000000006	19.999999999999996	2.157272150618697	0.005241313061352138	0.164660706087081	9.999999999999998
6	13	359.99999999999994	19.999999999999996	2.3854967148654525	0.006491894954685111	0.20394889497515384	9.999999999999998	423.9999999999987	19.999999999999996	4.419270827773597	0.01202661140190615	0.37782714027807596	9.999999999999998	340.00000000000006	19.999999999999996	1.3491581501019874	0.0036716013621563067	0.11534675866260528	9.999999999999998
7	13	349.59976234023804	2.26077535955449	21.915541616494945	0.06333826178067296	0.2249279519205351	1.130387679777245	418.00000000000006	19.999999999999996	6.900935671616406	0.019944442977920366	0.6265731553937515	9.999999999999998	340.000000000009	19.999999999999996	1.9861427111066263	0.0057401650924822824	0.1803326048493491	9.999999999999998
8	13	359.99999999999727	19.999999999999996	0.940956697346461	0.0026250104747285526	0.08246713623003474	9.999999999999998	418.0000000001203	19.999999999999996	3.9067811374666586	0.010898845225548019	0.34239732093193836	9.999999999999998	347.1901985273465	19.999999999999996	3.06562026203795	0.008552237655657699	0.2686764699076822	9.999999999999998
9	13	351.4991878909398	19.999999998722974	2.209384635302992	0.006164979007976814	0.19367852759758586	9.999999999361487	423.99999999998107	19.999999999999996	4.824676724614598	0.013462586030632133	0.4229396137215447	9.999999999999998	349.9952029999503	3.5022111253987367	9.726829340610067	0.027141357706966403	0.14931167558031844	1.7511055626993683
10	13	353.2174102646637	19.999999999999986	2.233148841938703	0.005811183008024636	0.18256369846676018	9.999999999999993	420.9225059633779	19.999999999999996	4.753708867994824	0.01237027809342312	0.3886237478116082	9.999999999999998	340.00000000000006	19.999983864622976	0.6390683602373624	0.0016630074656167786	0.052244878218892135	9.999991932311488
11	13	359.99999999999994	19.999999999999996	0.12437752961929822	0.0003180407209790857	0.009991543925702966	9.999999999999998	423.9999992172813	19.999999999999996	4.527650596879538	0.011577471144349946	0.363716982942376	9.999999999999998	348.45848498350045	19.999999999999996	4.106259083487874	0.010499948048789455	0.32986559653151426	9.999999999999998
12	13	353.965911247497	19.999999999999996	2.0900854138571807	0.005040092191848841	0.15833916603327594	9.999999999999998	423.99999996418666	19.999999999999996	5.144274769614311	0.012405052409417831	0.3897162151682341	9.999999999999998	340.00000000000006	19.999999999999996	1.3755764236241221	0.003317104624544802	0.10420991519658677	9.999999999999998
13	13	359.99999999999994	19.999999999999996	1.2728504872571842	0.003086543875208884	0.09696663563338799	9.999999999999998	423.9999999999998	19.999999999999996	4.108405222722633	0.00996249999824884	0.3129811680588687	9.999999999999998	340.00000000000006	19.999999999999996	1.4783638837133826	0.003584894719597638	0.11262278914980778	9.999999999999998
14	13	359.685923030337	19.999999999999996	1.7619395806918696	0.004189341910119562	0.13161205768207446	9.999999999999998	423.9999999877232	19.999999999999996	3.7969964805372225	0.00902807148599546	0.28362523056486816	9.999999999999998	343.3749581241149	19.999999626317063	1.5116537529925347	0.0035942403987056157	0.11291639020834567	9.999999813158531
15	13	359.99999999979696	19.999999999999996	2.5081832721758404	0.005704146218390269	0.17920103854696864	9.999999999999998	423.9999999999998	19.999999999999996	4.628725731534617	0.010526714164150559	0.3307064788453501	9.999999999999998	340.00000000000153	19.999999999999996	1.0613819045844353	0.00241380988561139	0.0758320740379916	9.999999999999998
16	13	359.99999999990274	19.999999999999996	1.0417606449955399	0.0024683112166167566	0.07754428384896485	9.999999999999998	423.9999999999917	19.999999999999996	4.202130442793418	0.009956380820738471	0.31278892842774286	9.999999999999998	340.00000000000017	19.999999999999996	1.4737974744194122	0.003491964161447525	0.10970328956202384	9.999999999999998
17	13	356.9037914917393	19.999999999999996	1.9375194623988126	0.004573926829658504	0.14369414926112406	9.999999999999998	418.0000000102877	19.999999999999996	4.0442173880859595	0.00954723540863728	0.2999352462186722	9.999999999999998	340.00000000000006	19.999999999999996	1.4526294032747664	0.003429240701904058	0.10773277396492892	9.999999999999998
18	13	352.75343220869064	19.999999999999996	1.488565324105095	0.003483053633282728	0.10942335706380253	9.999999999999998	423.9999999636969	19.999999999999996	4.135226757251879	0.00967590494555765	0.30397751893797054	9.999999999999998	340.00000000000006	19.999999999999357	1.2535921597910493	0.002933246298371174	0.0921506502213204	9.999999999999678
19	13	359.99999999999994	19.999999999999996	2.0641263597643724	0.004911310013707576	0.15429335458565704	9.999999999999998	423.9999999885114	19.999999999999996	4.039477756282511	0.009611391987089402	0.3019507845741186	9.999999999999998	340.0000024583508	19.999999999999638	1.0211326104998066	0.002429647192647426	0.0763296177123608	9.999999999999819
20	13	359.5554327242532	19.99999999174437	3.920490552526687	0.009308437327485665	0.2924331831235887	9.999999995872185	423.9999999999996	19.999999999999996	3.949201160018817	0.009376605044482787	0.2945747352336011	9.999999999999998	340.00000000000006	19.99999999770688	0.2578106831847234	0.0006121209972651565	0.019230348278957858	9.99999999885344
0	14	359.99999999999994	19.999999999031008	0.8033443825795451	0.0018138826119160566	0.0569848028779366	9.999999999515504	418.0000000000158	19.999999999999996	3.8233956360533607	0.008632898932390578	0.271210518651814	9.999999999999998	340.00000000000006	19.999999999999996	2.8633939723852095	0.006465297635986761	0.20311331556487458	9.999999999999998
1	14	359.99999999999994	19.999999999989832	1.1542369404963562	0.002784461114425341	0.08747642581280651	9.999999999994916	423.99999999999113	19.999999999999996	5.140104871774925	0.012399899567735864	0.3895543338725023	9.999999999999998	340.00000000000006	19.999999999999996	2.1484655410891746	0.00518292089341122	0.1628262620287773	9.999999999999998
2	14	359.99999999999994	19.999999999999996	1.594894377931139	0.0037563750399747763	0.1180100022971282	9.999999999999998	423.99999999999966	19.999999999999996	4.479172805458437	0.010549571908318758	0.33142457605691455	9.999999999999998	340.00000000000006	19.999999999999996	1.284592167662041	0.0030255357482745636	0.09505000879952664	9.999999999999998
3	14	359.99999999999994	19.999999999999996	2.019240748432806	0.00493619602564832	0.15507517170855892	9.999999999999998	423.99999999999994	19.999999999999996	3.37937987361373	0.008261165249480461	0.259532160578591	9.999999999999998	343.0189318776328	19.999999999999996	1.656293857163639	0.004048943228479497	0.12720130301393323	9.999999999999998
4	14	359.99999999999994	19.999999999999996	2.5035706839761063	0.005920016221368469	0.18598279470183585	9.999999999999998	423.99999999821665	19.999999999999996	4.518140286457381	0.010683726230475924	0.3356391583862773	9.999999999999998	340.00000000000006	19.999999999999996	0.4134789107724592	0.000977724285810532	0.030716114335386943	9.999999999999998
5	14	359.99999999999994	19.999999999999964	1.090857122387557	0.0026476757567034004	0.08317918706347184	9.999999999999982	423.9999999999071	19.999999999999996	3.737183082788832	0.00907071040156499	0.2849647716039709	9.999999999999998	342.2736309947722	19.999999999999996	1.658369700223896	0.004025114894353995	0.12645271381957365	9.999999999999998
6	14	353.7324364023369	19.999999999999996	1.8452313655742574	0.004743963213055522	0.14903599979035456	9.999999999999998	418.3662172006956	19.999999999999996	5.500065745281319	0.014140291592583683	0.44423036186878406	9.999999999999998	340.00000000000006	19.999999999999996	0.9939711219276997	0.0025554315438362694	0.08028124964867646	9.999999999999998
7	14	349.2828311326096	3.3439919188583898	9.350516954633783	0.027664113408999387	0.1453121245952473	1.6719959594291949	418.00000000000006	19.999999999999808	7.64956806517772	0.022631745336825024	0.7109972488808387	9.999999999999904	349.0276457423155	19.999999999999996	2.624786699372323	0.007765602402323329	0.24396359457838215	9.999999999999998
8	14	352.20752820491856	19.999999999999996	3.1415078396234217	0.009451531235215565	0.29692861093727674	9.999999999999998	418.000000000001	19.999999999999996	7.388772774416433	0.02222984001073782	0.6983710206821037	9.999999999999998	349.9924019511634	19.999989961887596	9.960357275278043e-08	2.996670156725817e-10	9.414312224503013e-09	9.999994980943798
9	14	350.5486026246288	19.999999999999996	3.2538715073148583	0.009216898331756243	0.28955740087929427	9.999999999999998	418.0000000000018	19.999999999999996	3.61805309623681	0.010248477074753692	0.321965402885296	9.999999999999998	349.8740809347445	1.0000000030159797	17.018313326952782	0.04820597966449389	0.07572177601491183	0.5000000015079898
10	14	348.23519809711667	19.999999999999996	6.260899088641668e-05	1.6130148848117027e-07	5.06743571225543e-06	9.999999999999998	419.46345245749933	19.999999999999996	5.3234379783737475	0.013714938662829843	0.43086750547580843	9.999999999999998	348.26816550145656	19.999999999999996	3.8941914418009884	0.010032726403986999	0.31518739566241893	9.999999999999998
11	14	359.99999999999994	19.999999999999996	0.7229288894457145	0.0018048832078326566	0.05670207826314653	9.999999999999998	418.00000000000006	19.999999999983597	5.0430654374197195	0.012590649311274469	0.3955469138019282	9.999999999991799	340.1590254655569	19.999999999999996	1.84454524111401	0.004605139980402329	0.14467473931184596	9.999999999999998
12	14	352.5187289786774	19.99999999999906	1.964937668229214	0.005041112122009311	0.15837120808426158	9.99999999999953	423.99999999442497	19.999999999999996	4.224371678465919	0.01083776428154015	0.3404784064822439	9.999999999999998	340.00000000000006	19.999999999999993	1.2690920329643778	0.0032558972911785355	0.10228703010809391	9.999999999999996
13	14	359.99999999999994	19.999999999999996	2.0158869485651527	0.004876807393564854	0.15320942280595728	9.999999999999998	423.99999999999403	19.999999999999996	3.7886834079112375	0.00916553344855432	0.2879437254820977	9.999999999999998	340.00000000000006	19.999999999999996	0.6713510124485864	0.001624123606493353	0.05102334790681277	9.999999999999998
14	14	359.9999014763925	19.999999999999996	1.5545424839376638	0.003706375113605264	0.1164392082835033	9.999999999999998	422.1463956285817	19.999999999999996	4.375209320673166	0.01043147235312681	0.3277143691070821	9.999999999999998	340.00000000123174	19.999999999999996	1.6270915374708512	0.003879348196881774	0.12187331796040589	9.999999999999998
15	14	359.99999999999994	19.999999999999996	1.2519953076489478	0.0029266029498405126	0.0919419432719317	9.999999999999998	423.99999999902906	19.999999999999996	4.686958660883639	0.010956005153470373	0.3441930530283443	9.999999999999998	340.00000000000006	19.999999999999996	3.152460243484259	0.007369036761935605	0.23150511755330008	9.999999999999998
16	14	350.0492275590059	19.999999999999996	2.9128391211014635	0.006813414640890757	0.21404973381683537	9.999999999999998	423.62441301815943	19.999999999999996	3.7131087054358805	0.008685323207025999	0.2728574758124581	9.999999999999998	340.01092122282733	19.999999999999996	2.397057579366216e-13	5.606951337613209e-16	1.7614757131281117e-14	9.999999999999998
17	14	359.99999999999994	19.999999999999996	0.7543775916460591	0.001705878890399338	0.05359176589992467	9.999999999999998	423.9999999791603	19.999999999999996	3.8347382254612414	0.00867151816472692	0.27242377761776526	9.999999999999998	340.00000000000006	19.999999999999996	2.778442152923315	0.006282909075447923	0.1973834099459983	9.999999999999998
18	14	359.99999999999994	19.999999999999996	1.668671955326871	0.003786175245730527	0.1189462033719055	9.999999999999998	423.99999999936006	19.999999999999464	4.396633454635277	0.009975852172352213	0.3134006389795865	9.999999999999732	340.00000000020276	19.999999999999954	1.9622444983835268	0.00445228405866946	0.1398726289041089	9.999999999999977
19	14	359.99999999999994	19.999999999999996	0.4605777350580681	0.0009967219584056085	0.031312943821986905	9.999999999999998	423.9999999999617	19.999999999999996	4.262581695980551	0.009224520536899128	0.2897968595161047	9.999999999999998	340.00000000000006	19.999999999999996	2.724397327308479	0.005895783562372063	0.1852215032670353	9.999999999999998
20	14	359.7921250777487	19.999999999999996	1.725145219187933	0.004004476986690377	0.12580435482855876	9.999999999999998	418.0000000000014	19.999999999999996	3.1730136390010864	0.007365327831251027	0.23138859805938664	9.999999999999998	340.0000000229021	19.999999999999996	2.3694518997944973	0.00550006776140462	0.1727897247347481	9.999999999999998
0	15	356.32733462517876	19.999999999999996	2.934689871042696	0.007134534413983236	0.2241380090175329	9.999999999999998	423.9999999999994	19.999999999999996	3.36014806019809	0.008168867248328576	0.2566325333549932	9.999999999999998	340.00000000000006	19.999999999999996	0.7270758531618043	0.0017675965515620395	0.05553068340897954	9.999999999999998
1	15	356.70331180080535	19.999999999999943	1.523303362051285	0.003615569356026746	0.11358646127437973	9.999999999999972	418.00000000007924	19.999999999899753	4.729773364660084	0.011226144485881325	0.3526797304480556	9.999999999949877	340.0000000000027	19.999999999833822	1.299368012960746	0.003084057507452722	0.09688852408581416	9.999999999916911
2	15	359.99999999999994	19.99999999999869	3.421525743987265	0.00823720335819041	0.2587793755621447	9.999999999999345	423.9999995050309	19.999999999999996	3.952055203739046	0.009514434445861156	0.29890477358179074	9.999999999999998	348.4061120574134	1.0000299954994007	4.093473226827863	0.009854893381978454	0.01548049465660744	0.5000149977497004
3	15	359.99999999999994	19.999999999999996	1.7776423746318217	0.004282521054307448	0.13453936683055892	9.999999999999998	423.9999999999936	19.999999999999996	3.9542140519954128	0.00952610332233784	0.2992713621479387	9.999999999999998	340.00000000000006	19.999999999999996	1.6929318517109269	0.004078444799652874	0.1281281222066096	9.999999999999998
4	15	359.99999999999994	19.999999999999996	1.0262171098264232	0.0025330749176649433	0.07957889552328755	9.999999999999998	418.0000000000025	19.999999999999996	3.546796033570143	0.008754775168608973	0.2750393735353229	9.999999999999998	340.00000000000006	19.999999999963144	1.1960309018719009	0.0029522367628389405	0.09274725325775436	9.999999999981572
5	15	359.99999999999994	19.999999999999996	1.0151936937377668e-08	2.675481374321761e-11	8.405272630385566e-10	9.999999999999998	423.9999999973653	19.999999999999993	4.176712583125426	0.011007472555216575	0.3458099491405965	9.999999999999996	348.13055132519736	19.999999999999996	2.8113541017578925	0.0074091531323275265	0.23276541049841956	9.999999999999998
6	15	355.2950068676491	1.0000005387525972	19.633648424151446	0.05517316610867628	0.0866658533525818	0.5000002693762986	418.00000000000006	19.999999999999996	6.906392393942541	0.019407882148585374	0.6097165997973228	9.999999999999998	349.99999999999994	19.999999999999996	3.791207387070801	0.010653797521503607	0.3346989202638887	9.999999999999998
7	15	351.27824660505325	1.0000000005602308	22.28955934578597	0.06308573021971442	0.09909483335781719	0.5000000002801154	418.00000000000006	19.999999999999996	5.438959055809851	0.015393785868439017	0.4836100459522238	9.999999999999998	347.64500830921565	7.566882230293929	13.649432313163084	0.03863173745169862	0.45917802169652605	3.7834411151469647
8	15	351.72134133389994	3.349272215930635	7.492915398074107	0.021495880981254354	0.11309035636721798	1.6746361079653176	418.00000000000006	19.999999999999996	4.552569831158437	0.013060537060725949	0.41030887281913864	9.999999999999998	347.7934056535656	19.99999999995938	3.9470560957266034	0.011323422666947669	0.35573581463902687	9.99999999997969
9	15	359.99999999999994	19.999999999999996	1.2125725656307342	0.003230544284968456	0.1014905419275339	9.999999999999998	419.63958911517955	19.999999999999996	6.080339908665	0.01619928398461324	0.5089155155947573	9.999999999999998	340.00000000000006	19.99999999999982	1.8948219748250046	0.005048197918463949	0.15859381494513483	9.99999999999991
10	15	359.99999999999994	19.999999999999996	0.9400612432101934	0.0024629000521448102	0.07737428710344052	9.999999999999998	423.9999999953396	19.999999999999996	4.178574593442177	0.010947596934148476	0.34392890102782986	9.999999999999998	348.84248918308515	19.99999999999998	2.6193111886196214	0.006862427006356557	0.21558950268965932	9.99999999999999
11	15	359.99999999999994	19.999999999999996	1.9396878150989434	0.004749262009965826	0.1492024664048173	9.999999999999998	423.9999999999997	19.999999999999996	3.992672037840547	0.009775926558883746	0.3071197905942251	9.999999999999998	347.88715621033464	3.2768081827767204	6.002000052741986	0.014695700314458259	0.07564168304569524	1.6384040913883602
12	15	359.99994711408044	19.999999999999996	1.5918531567853506e-12	3.6481894942023724e-15	1.1461125313889634e-13	9.999999999999998	423.999999818857	19.999999999999996	4.09226633111247	0.009378605666612824	0.29463758663146444	9.999999999999998	349.6400616602398	19.999999999999996	3.252702721904052	0.007454504108769329	0.2341901534426465	9.999999999999998
13	15	348.01152396711916	19.999999983166784	2.212742699202741	0.005111463353748308	0.16058135707713625	9.999999991583392	423.9994582448587	19.999999999999996	5.079442936259284	0.01173357681193558	0.3686211871270836	9.999999999999998	344.86709297210416	1.0003260451723794	1.7356303869606706	0.004009327935777592	0.006299890973979701	0.5001630225861897
14	15	357.13849072893737	19.999999999999996	1.8711422696033326	0.004199285061265164	0.131924430988	9.999999999999998	423.99999999999056	19.999999999983167	5.129909721679555	0.011512728673728595	0.3616830382412788	9.999999999991584	340.00000000000006	19.999999999999996	0.7459474243774855	0.0016740821510817848	0.05259284187344332	9.999999999999998
15	15	359.99999999999994	19.999999999999996	1.091993584673958	0.0023718412622212833	0.07451359084875524	9.999999999999998	423.99999999999994	19.999999999999996	4.654357655895933	0.010109397795304441	0.31759609845945275	9.999999999999998	340.00000000000006	19.999999999999996	1.4483918580447392	0.0031459484936457536	0.09883288676209373	9.999999999999998
16	15	359.9999999999689	19.999999999999996	0.9558691905505207	0.002223949869001339	0.06986744570406588	9.999999999999998	423.9999999334283	19.999999999999996	5.560736971450471	0.01293775380717698	0.4064515231458057	9.999999999999998	340.0000000000013	19.999999999999776	1.646484998737033	0.0038307543892538106	0.12034669846986491	9.999999999999888
17	15	356.2122994902535	19.999999999999996	1.6939285836432196	0.0038214810948511463	0.12005536933416638	9.999999999999998	423.99999998928274	19.999999999999996	3.26862959590703	0.007373986322354043	0.2316606125797907	9.999999999999998	340.00000000000006	19.999999999999996	2.0445268180674065	0.004612426201792216	0.14490364270775494	9.999999999999998
18	15	359.99999999999994	19.999999999999996	2.096430385163683	0.004915686379652032	0.15443084217666225	9.999999999999998	422.97824988504607	19.999999999999996	4.666536533685575	0.010942042359778028	0.3437543989274697	9.999999999999998	340.00000000000006	19.999999999999996	1.2030535510297955	0.002820906430588413	0.08862138918800763	9.999999999999998
19	15	359.99999999999994	19.999999999999996	1.0157759061987042	0.002286813015251623	0.0718423496884802	9.999999999999998	420.3145650648805	19.999999999999996	4.222005761512776	0.009504987927924011	0.29860800246825736	9.999999999999998	340.00000000000006	19.999999999999996	1.3361886717721536	0.0030081572390068152	0.09450404682906764	9.999999999999998
20	15	355.7530187005726	19.999999999999996	2.444728671881609	0.00567149750978384	0.17817534911589714	9.999999999999998	422.6411200033179	19.999999999999996	5.006804398181055	0.01161522708137722	0.3649031206863188	9.999999999999998	340.0004982967083	19.999999999999996	0.8795769450644044	0.002040520287986227	0.06410483546238459	9.999999999999998
0	16	359.99999999999994	19.999999999999996	1.4091244557851978	0.003344149052437258	0.10505954095646156	9.999999999999998	423.3727362324534	19.999999999999996	4.785790938713262	0.011357689639942228	0.35681234334595396	9.999999999999998	340.00000031887464	19.999999999999996	1.46303147636695	0.0034720817634608064	0.10907866560751561	9.999999999999998
1	16	359.99999999999994	19.999999999999996	2.84227695202536	0.006415494887938033	0.20154871609088992	9.999999999999998	423.9999999958184	19.999999999999993	4.126719922773652	0.00931469769321416	0.2926298584341139	9.999999999999996	340.00000000000006	19.999999999999996	1.0348034458314423	0.0023357246069991866	0.0733789526615755	9.999999999999998
2	16	359.99999999999994	19.999999999999996	1.8873747985304756	0.004462827818061756	0.14020387087458977	9.999999999999998	423.9999996564626	19.999999999999996	3.5407998483743395	0.008372465327934543	0.2630287556667441	9.999999999999998	340.00000000000006	19.999999999999996	1.502272167665238	0.003552226100177051	0.11159647420206141	9.999999999999998
3	16	359.99999999999994	19.999999999999996	1.6321950009525261	0.003879211061680525	0.12186900973099796	9.999999999999998	423.9999999502343	19.999999999999996	3.8987580586663757	0.009266114268925268	0.2911035651457917	9.999999999999998	343.28976393066284	19.999999999999996	1.6100702092992218	0.0038266274325989584	0.12021704630278056	9.999999999999998
4	16	359.99999999999994	19.999999999999996	2.2761520526716184	0.005465217245719065	0.17169486349423255	9.999999999999998	423.99999999237616	19.999999999999996	5.311537376660888	0.012753412338220655	0.40066026509955427	9.999999999999998	340.00000000000017	19.999999999999996	0.4916569004430565	0.0011805062707143453	0.0370866982759287	9.999999999999998
5	16	352.28033626717314	19.999999999999968	1.2948375839266049	0.003477092769568806	0.10923609100727531	9.999999999999984	418.00000000000006	19.999999999949797	5.066060352503802	0.013604147763823826	0.4273869067307166	9.999999999974898	340.0000172192701	19.999999947032126	1.7058176725066778	0.0045807183610542005	0.1439075111313938	9.999999973516063
6	16	351.281914674154	1.00000000141448	29.744103930713393	0.0933365907397405	0.14661277409692378	0.50000000070724	418.00000000000006	19.999999999999996	11.090109760368657	0.034800612530589164	1.093293486665238	9.999999999999998	347.95165995017686	5.73867864622479	21.034285407559693	0.06600529950949532	0.594991263661388	2.869339323112395
7	16	349.4967700235631	2.343631759885485	26.021696700921083	0.08642066130814378	0.3181462708876215	1.1718158799427425	418.00000000000006	19.999999999999996	9.319675024256812	0.03095157429702713	0.9723723842857908	9.999999999999998	344.3282004122936	19.999999999999996	4.234348991743867	0.014062697151605182	0.44179266061140937	9.999999999999998
8	16	351.2628995876525	1.0000000303434193	26.659533158060384	0.0773883504716924	0.12156134034623715	0.5000000151717097	418.27871281664255	19.999999999999996	10.263907015533919	0.029794476468048968	0.9360210838957659	9.999999999999998	340.00174105516015	19.999999999999996	5.0813331567154725	0.014750295470813036	0.46339419889385025	9.999999999999998
9	16	359.99999999999994	19.999999999999996	1.4972069518409683	0.00383944491521993	0.12061971939517614	9.999999999999998	418.78269146513344	19.999999999887027	6.130947381595216	0.015722231800221448	0.4939284792133252	9.999999999943514	340.0000000533872	19.999999999999996	1.9697812630067957	0.005051316816988873	0.15869179803206818	9.999999999999998
10	16	359.99999999999994	19.999999999999996	1.8852515409140769	0.004656948616236132	0.1463023556091258	9.999999999999998	423.9999999838803	19.999999999999996	3.5122811358448662	0.00867603734591006	0.27256575188181725	9.999999999999998	340.00000000000006	19.999999999999996	1.4067951331241235	0.003475065531761154	0.10917240345323947	9.999999999999998
11	16	359.99999999999994	19.999999999999996	1.8733121124233212	0.004604793669847466	0.14466385964489578	9.999999999999998	423.9999999978034	19.999999999999996	3.02547346351732	0.007436924664451129	0.23363787891140397	9.999999999999998	340.00000000000006	19.999999999999996	1.3065677752929037	0.003211677851755585	0.10089783544772392	9.999999999999998
12	16	359.99999999999994	19.999999999999996	0.8690935929098971	0.002069436082633324	0.06501325194274489	9.999999999999998	419.4742098580901	19.999999999986922	4.251554864554959	0.010123559897095489	0.3180410140087063	9.999999999993461	340.00000000000006	19.999999999999996	1.6479483861226967	0.00392400068344909	0.12327611719804987	9.999999999999998
13	16	359.99999999999994	19.999999999999996	1.635884405631215	0.0039019234931807955	0.12258254181046208	9.999999999999998	423.99999999998573	19.999999999999996	4.329433270462713	0.01032659601865862	0.3244195818880752	9.999999999999998	340.00000000000006	19.999999999999996	1.6665160742551877	0.003974986374046812	0.12487787990824993	9.999999999999998
14	16	349.5850693740083	1.0000000000192963	59.763693154698295	0.14078145109609203	0.22113898626686387	0.5000000000096482	419.425096536785	19.999999999999996	9.287814070912901	0.021878700485079165	0.6873396471401614	9.999999999999998	347.62634902114587	19.999999947909178	8.905704336676258	0.020978589397156085	0.6590618216112692	9.999999973954589
15	16	350.4485263487712	4.393550955087843	12.125876093263148	0.02777843462175291	0.19170935817679713	2.1967754775439214	420.96923009184593	19.999999999999996	7.220995323379312	0.01654214053910032	0.5196866719228745	9.999999999999998	348.8054379252274	19.99999999985319	6.447170866879235	0.01476943299135098	0.4639954218297437	9.999999999926596
16	16	359.99999999999994	19.999999999999996	2.0728205989326502	0.004578447286367695	0.14383616359700874	9.999999999999998	423.9999991150355	19.999999999999996	3.8971967432216323	0.008608130323787783	0.2704323898635522	9.999999999999998	340.26567373722327	2.306795807346499	9.182159513008104	0.02028155901527358	0.07349035850534343	1.1533979036732496
17	16	359.99999999999994	19.999999999999996	2.354713791485768	0.005482286179404829	0.17223109986095061	9.999999999999998	423.99999999999994	19.999999999999996	5.134293844929413	0.011953753483262736	0.37553824125841606	9.999999999999998	340.6289941139985	1.0000386423884078	6.475141026980705	0.015075537541025212	0.02368151406880502	0.5000193211942039
18	16	359.99999999999994	19.999999999999996	1.1445829554300617	0.002674214709101189	0.0840129328423406	9.999999999999998	423.9999999999994	19.999999999999996	4.204991687664053	0.00982458332919545	0.3086483881158117	9.999999999999998	340.00000000000006	19.999999999999996	2.1277018783494004	0.0049711832879131765	0.15617432896956385	9.999999999999998
19	16	359.99999999999994	19.999999999999996	1.9798025618819823	0.0044783162945710745	0.1406904557147595	9.999999999999998	423.99999999987034	19.999999999999996	4.198773640000248	0.009497632123151837	0.29837691304592234	9.999999999999998	340.00000000000006	19.999999999999996	1.092613235234206	0.002471492738327431	0.07764423430129976	9.999999999999998
20	16	359.99999999999994	19.999999999999996	1.1710285856252836	0.0026513814162515063	0.08329560379160232	9.999999999999998	423.99999999972584	19.999999999999996	4.512708019954378	0.010217436472472937	0.3209902336044138	9.999999999999998	340.00000000000057	19.999999999999996	1.5786755387701161	0.003574354236238337	0.11229165009893913	9.999999999999998
0	17	354.3997136752546	19.999999999999993	3.400005237451605	0.007829251828845989	0.24596320028607002	9.999999999999996	423.99999953499884	19.999999999999996	4.4345687248190435	0.010211559357760228	0.3208055986003563	9.999999999999998	349.99964481444835	19.999999999999993	9.642659524298945e-10	2.220432159455792e-12	6.975693359940835e-11	9.999999999999996
1	17	359.99999999999994	19.999999999999996	1.9543445933820938	0.004630039277043721	0.14545697378592748	9.999999999999998	423.9999695209356	19.999999999999996	3.7449541177760923	0.00887217367640545	0.278727556431681	9.999999999999998	340.00000000000006	19.999999999999996	0.9685448095736593	0.002294580252166476	0.07208636463278414	9.999999999999998
2	17	351.15430865441147	19.999999999999996	3.0589350943417943	0.006960816698889484	0.21868050604216355	9.999999999999998	418.00000000032117	19.999999999999996	3.811823510840818	0.008674065950781355	0.27250381867728063	9.999999999999998	340.00000000000006	19.999999999978286	0.25783170939792477	0.0005867137461007403	0.018432155945082317	9.999999999989143
3	17	359.99999999999994	19.999999999999996	0.8941000873844409	0.002064367449441784	0.06485401613476205	9.999999999999998	423.99999999999477	19.999999999999996	3.8363231425653574	0.008857599649967277	0.2782696998877671	9.999999999999998	340.00000000000006	19.999999999999996	1.7192804607652241	0.00396960773155469	0.12470890487085456	9.999999999999998
4	17	359.99999999999994	19.999999999999996	1.2706059532807659	0.003010693939710664	0.09458373963202331	9.999999999999998	423.99999999982754	19.999999999999996	4.695413353423942	0.011125756566061244	0.34952595093566396	9.999999999999998	340.00000000000006	19.999999999999996	2.268622444297244	0.0053754886217096546	0.1688759556341857	9.999999999999998
5	17	355.8372876264491	19.999999999999996	1.9029207258402	0.005403084282363586	0.16974289888199917	9.999999999999998	418.62494004244576	19.99999999914709	6.141665487404239	0.017438422847529278	0.5478442110565407	9.999999999573545	340.00000000000006	19.999999999999996	1.6771814102513778	0.004762128234427881	0.1496066707673116	9.999999999999998
6	17	348.0250637789925	5.228536705946519	30.687403235835855	0.10132357499520174	0.832167101989173	2.6142683529732595	418.00000000000006	19.999999999999996	13.693291382344215	0.045212467983927564	1.4203915726897052	9.999999999999998	343.1343076490219	11.07832495893659	16.507043657582976	0.05450290671825303	0.9484482544201964	5.539162479468295
7	17	349.5356491990403	4.848072127696361	15.073156980963978	0.04523483259253906	0.3444783536604888	2.4240360638481806	418.00000000000006	6.24017292573054	25.46598142975734	0.0764238976768164	0.7491101562681466	3.12008646286527	340.00000000199634	19.999999999999996	3.211505079874221	0.009637788211299353	0.3027800464147235	9.999999999999998
8	17	351.77870584911335	19.999999999999996	4.577825519995959	0.011907522920010752	0.3740858652795785	9.999999999999998	418.00000000000006	19.999999999999996	7.82188924065377	0.02034575695470204	0.6391808058061536	9.999999999999998	349.5934006199468	1.0000003974772653	23.2261844133754	0.06041434345599702	0.09489866650645287	0.5000001987386327
9	17	349.42067921731166	1.0000000000000002	13.216269052797514	0.03319358734719235	0.052140365078115314	0.5000000000000001	423.99999982618476	19.999999999999996	4.212879572160432	0.010580942738307019	0.3324101197471959	9.999999999999998	349.99999999999994	19.999999999999996	2.9419976650072543	0.007389033628063383	0.23213333763051855	9.999999999999998
10	17	359.99999999999994	19.999999999999996	0.8258709310700663	0.001968310484040551	0.06183629756645564	9.999999999999998	423.9999999998888	19.999999999999996	3.8188848824416426	0.00910160518873637	0.28593535996808916	9.999999999999998	341.2415060635052	19.999999999999996	1.969701090174426	0.004694417929437336	0.14747948880000541	9.999999999999998
11	17	359.99999999999994	19.99997961471541	2.280484136808562	0.005263342585972226	0.1653526154759885	9.999989807357705	422.5923845325798	19.999999999798273	4.248278585024194	0.00980499940022548	0.30803314083890004	9.999999999899137	348.2706310183262	19.999999999999996	1.2874142676833207	0.002971343773681639	0.09334751770688009	9.999999999999998
12	17	359.99999999986704	19.999999999999996	1.911040186597237	0.004217742971429226	0.1325043033377204	9.999999999999998	423.9999999979886	19.999999999999996	4.439262952733096	0.009797632853841337	0.30780171396197936	9.999999999999998	341.94300614731253	1.0000000382983494	18.4874144995027	0.04080247140381565	0.06409237465989949	0.5000000191491747
13	17	357.05126812982786	19.999999999999996	1.4971407148085445	0.003408057069985127	0.10706727054080029	9.999999999999998	423.89424125115534	19.999999999999996	6.147298312891418	0.013993570056129551	0.439620968858307	9.999999999999998	340.00000000000006	19.999999999999996	2.2026599778123335	0.005014085072902836	0.15752212829505788	9.999999999999998
14	17	349.8537208833005	9.666717047879805	29.57342479016057	0.07204616643482216	1.093980953057415	4.833358523939903	421.4902372018887	6.417477031675132	20.74877047296903	0.05054772592015827	0.5095488455999836	3.208738515837566	340.0990329868575	3.528330095692064	17.64626540067713	0.04298946716625191	0.23826000602581426	1.764165047846032
15	17	351.0651155195679	8.646124519932458	166.73515295137824	0.47266871755402406	6.419455954769191	4.323062259966229	420.72725419943606	3.70740704868294	203.32120218333674	0.5763845846926176	3.3566225316793448	1.85370352434147	343.9176528491688	19.999999999915506	65.38438593530753	0.18535475753641137	5.823091445818473	9.999999999957753
16	17	354.03019152286373	4.633180361448376	22.682128484561083	0.05463692227193761	0.3976356473172173	2.316590180724188	421.1073215682306	3.4492927717862907	52.113250323951846	0.12553088257241138	0.6801434461934434	1.7246463858931453	348.15378223995504	12.244577866376689	40.66242542925744	0.09794802895499906	1.883906720234752	6.1222889331883446
17	17	350.4834359225937	19.999999999999996	4.777521848883518	0.010735115943329222	0.3372536138299774	9.999999999999998	423.99999954288	19.999999999999996	5.352190622779562	0.012026399607102854	0.3778204865480949	9.999999999999998	340.00000000000006	1.0000000000000002	15.967303685322127	0.035878612759110425	0.05635799313250718	0.5000000000000001
18	17	350.16188823201924	19.999999999999996	2.561299102984074	0.005480740236023646	0.17218253261725872	9.999999999999998	423.9999999999995	19.999999999999996	4.757897203219012	0.010181082955194772	0.3198481541762815	9.999999999999998	340.00000000000006	19.99999989452487	0.31529134919052304	0.0006746693432115827	0.021195362410578407	9.999999947262435
19	17	359.99999999999994	19.999999999999996	1.4808630625819887	0.003392442156238785	0.10657671355768081	9.999999999999998	423.9999999999974	19.999999999999996	4.160191378365528	0.009530394110432456	0.29940616123150027	9.999999999999998	340.00000000000085	19.999999999999996	2.267972660073312	0.005195595903253032	0.16322445920680947	9.999999999999998
20	17	359.99999999999994	19.999999999999996	0.9457893662459889	0.002117149528797732	0.06651221406222046	9.999999999999998	418.00000000000006	19.999999999999996	4.2159319492626315	0.009437363813100008	0.2964835282448914	9.999999999999998	340.000000001481	19.999999999999996	3.2105096525412287	0.007186725967386674	0.22577765502504968	9.999999999999998
0	18	359.4420091206348	1.0000000606327866	6.807959802775785	0.016058223255163612	0.025224199633476812	0.5000000303163933	423.99999999999994	19.999999999999996	3.9931638312107505	0.009418844727884852	0.29590173402426	9.999999999999998	340.00003753604636	19.999999999999996	2.2972303045579525	0.005418574458103925	0.17022953710508582	9.999999999999998
1	18	354.47214763778413	19.999999997857202	1.7713852099554326	0.00415451378047957	0.13051789970593808	9.999999998928601	423.9999999974313	19.999999999999996	4.053006440242689	0.009505708308801078	0.29863063390096917	9.999999999999998	340.0000000006335	19.99999999959041	2.692497716191839	0.006314842645722554	0.1983866326397122	9.999999999795206
2	18	359.99999999999994	19.999999999999996	1.979922803442455	0.0048705432313009495	0.15301262834446552	9.999999999999998	418.00000000000006	19.999999999999996	3.5001884249707933	0.008610345318453175	0.27050197597323755	9.999999999999998	343.1193227400715	19.999999919166232	1.2167289475079461	0.002993112119982204	0.09403139009502105	9.999999959583116
3	18	359.99999999999994	19.999999999999996	2.633460554338081	0.006446536070682106	0.20252390360756511	9.999999999999998	422.24155707098464	19.99999998595367	4.765904713705114	0.011666617369955725	0.36651759395954847	9.999999992976836	340.00000000000006	19.999999988895627	1.418074917622007	0.0034713529664687076	0.10905576971420247	9.999999994447814
4	18	356.288091914053	19.999999999999996	2.271653377490612	0.00529160863197387	0.1662407880388144	9.999999999999998	423.99999999999994	19.999999999999996	3.7133877131746935	0.008649996813601518	0.27174766443185644	9.999999999999998	340.00000000000006	19.999999999999996	1.2885458559261782	0.0030015496384598853	0.09429646293570673	9.999999999999998
5	18	349.76613797013033	7.412124624415533	11.013434992877762	0.03220235278012613	0.3749300011811	3.7060623122077665	418.00000000000006	19.999996626348853	8.97026444424376	0.026228294837293154	0.823986044778176	9.999998313174427	345.8208782308617	19.999999999916195	5.459190169327407	0.01596221050382231	0.5014676325365187	9.999999999958098
6	18	349.54417176684024	4.270406968395815	51.460739375189945	0.18411187104419605	1.235011306902292	2.1352034841979073	418.00000000000006	18.41595347293909	20.71678711000108	0.07411876477401473	2.144086286345888	9.207976736469545	344.2292134937611	6.842254133727823	23.989181563750073	0.08582646025195506	0.9224445704194886	3.4211270668639115
7	18	352.3363727759776	5.137518499116319	22.906709520071267	0.06304380459547847	0.5087631996716137	2.5687592495581595	418.00000000000006	10.848852269196046	18.908630580356306	0.0520402989539618	0.8868362873755429	5.424426134598023	342.7814250956254	5.4263267230516625	8.73247156736402	0.024033492485949853	0.20485317639407347	2.7131633615258313
8	18	352.99590130482187	19.999999999999996	4.19816921341389	0.01035388916648483	0.3252770214151168	9.999999999999998	419.35180996972554	19.999999999999996	5.961851475631901	0.014703635386707086	0.4619283291194189	9.999999999999998	347.7958328590955	1.0002487821254824	14.641250152995951	0.036109521469151355	0.056734814783286285	0.5001243910627412
9	18	354.83348423166245	19.999999999999996	2.6773685871563355	0.006454867397486541	0.2027856399583998	9.999999999999998	418.00000000000006	19.999999999999996	4.05711280279673	0.009781292454212501	0.30728836516767266	9.999999999999998	347.70168305165913	1.0000000004252934	32.81070432130201	0.07910332056188289	0.12425520542872977	0.5000000002126467
10	18	359.99999999999994	19.999999999999996	2.3807850102931467	0.005723649592425525	0.1798137551128624	9.999999999999998	423.99999986115324	19.999999999999996	4.124659964409431	0.009916102555299207	0.31152354939970955	9.999999999999998	340.00000000000006	19.999999999999996	0.8045756790713062	0.0019342818598412394	0.06076725680849238	9.999999999999998
11	18	359.99999999999994	19.999999908316422	3.946794583102379	0.00904006947101923	0.2840021570790371	9.999999954158211	423.99999999762554	19.999999999999996	4.616224267971537	0.010573387390094403	0.33217276148279523	9.999999999999998	340.00000000000006	19.99999999766335	0.10814710210544044	0.0002477091968019536	0.007782013928087265	9.999999998831674
12	18	359.99999999999994	3.199489728157772	4.698720041943541	0.011226286606552633	0.05642047300767971	1.599744864078886	423.99999997770203	19.999999999999996	4.861503504695016	0.011615212482395889	0.3649026620457938	9.999999999999998	340.0000000000001	19.999999999999996	1.989363741442024	0.004753032171900652	0.14932090953519023	9.999999999999998
13	18	359.99999999999994	19.999999999999996	1.8514474891354076	0.004105216383458124	0.12896917631668497	9.999999999999998	423.99999999994463	19.999999999999996	4.0623822672977425	0.009007524295149352	0.2829797215267278	9.999999999999998	340.00000000000006	19.999999999999996	1.011867194476304	0.002243614150022555	0.07048521731200964	9.999999999999998
14	18	350.00851720940267	19.999999999999996	1.808954459784152	0.004049903508110071	0.12723147108826127	9.999999999999998	423.9999999978044	19.999999999999996	4.22911493809271	0.009468180545587677	0.2974516644488004	9.999999999999998	340.00000000000006	19.999999804084304	2.8846495896429984	0.0064581794359585155	0.20288968872825572	9.999999902042152
15	18	354.2384624804534	4.550131591423483	15.451348494155608	0.04194089221206363	0.2997653967247654	2.2750657957117415	421.4710086440355	4.357806659702276	44.01762023169711	0.11948072145725351	0.8178726239307208	2.178903329851138	349.2786263759994	9.940981061841619	56.05668877520765	0.15215937577069472	2.3760076871202522	4.970490530920809
16	18	352.1972888101657	6.636872385740372	183.58736631041765	0.5418251960563027	5.64862236092804	3.318436192870186	420.1164665982149	4.6739851636102765	356.35104968130054	1.0517062325082422	7.721499614972224	2.3369925818051382	346.38454769160313	13.509316966967495	116.85987523184667	0.34489096979336886	7.318719323868575	6.754658483483747
17	18	353.2360237891514	2.933401930466627	31.6140895495913	0.07530854495831948	0.34700497965968696	1.4667009652333134	420.73347534755413	3.3437403776787824	79.77769161626587	0.19004000941827456	0.9981538124446407	1.6718701888393912	348.644714683722	10.188177680485481	65.1412312385157	0.15517420907126725	2.4833385359166065	5.0940888402427404
18	18	351.01214153287316	2.555142684285658	10.097495126263349	0.022982845711896932	0.09224415048628465	1.277571342142829	423.99985966061337	19.999999999999996	5.787164360402417	0.013172128725130378	0.4138146283500867	9.999999999999998	349.9999999262058	19.999999999999996	3.2791965237685936	0.00746375876614578	0.23448089707889994	9.999999999999998
19	18	357.7434847357091	19.999999999999996	2.294719172408761	0.005172246002511578	0.16249090044049544	9.999999999999998	423.9999999891997	19.99999999998918	4.067397898915207	0.009167824445030053	0.2880156992589175	9.99999999999459	340.0000000000014	19.999999999999996	0.8054866574390755	0.0018155490197270838	0.05703715462606755	9.999999999999998
20	18	359.99999999999994	19.999999999999996	0.8255663133830228	0.001872237009109634	0.058818060335977515	9.999999999999998	423.99999999996714	19.999999999999996	3.732336691770945	0.008464273277038825	0.2659129874512157	9.999999999999998	340.00000000000006	19.999999999999996	2.9340375851821836	0.0066538734248815685	0.20903759869524288	9.999999999999998
0	19	359.99999999999994	19.999999999999996	2.441138604882607	0.005580472252953595	0.1753157063344069	9.999999999999998	423.99999999755073	19.999999999999996	4.333173282582117	0.009905686314707318	0.31119631355049454	9.999999999999998	340.00000000000006	19.999999999999996	0.21587170258571428	0.0004934853121686473	0.015503298313634877	9.999999999999998
1	19	357.0203688116875	19.999999999999996	2.86481334869628	0.0065920276137996555	0.20709465523774048	9.999999999999998	423.99999972268625	19.999999999999996	3.8763978081738553	0.008919715975626588	0.28022114181136	9.999999999999998	349.9999999123194	1.000000000560602	8.111215374105395	0.018664167336385776	0.029317605511115574	0.500000000280301
2	19	359.99999998925597	19.999999999999996	0.7860871483970179	0.0018909786423774062	0.05940684610988059	9.999999999999998	423.99999999995833	19.999999999999996	5.029507852105904	0.012098775497596987	0.3800942422068288	9.999999999999998	340.00000000000006	19.999999999999996	2.028750009847704	0.00488027688427162	0.153318420071118	9.999999999999998
3	19	359.99999999999994	19.999999999772214	1.473429140048184	0.003496640233733269	0.10985019270417823	9.999999999886107	418.00000000000006	19.999999999999996	4.32830181069101	0.010271626808268373	0.3226926732127189	9.999999999999998	340.00000000000006	19.999999999999996	1.4422308372768282	0.003422602577133816	0.10752423112481087	9.999999999999998
4	19	351.7749089522826	19.999999999999996	4.83945618667574	0.011709827003615246	0.3678750648936503	9.999999999999998	418.00000000000006	19.999999999715282	3.967153593567631	0.009599153393587719	0.30156629781547406	9.999999999857641	349.99835699111605	19.99999999999992	2.222079704312122e-05	5.3766720726555267e-08	1.689131348421594e-06	9.99999999999996
5	19	348.00000000000006	5.11930941019065	52.19929337004622	0.16922252475876554	1.3607847274237181	2.559654705095325	418.00000000000006	19.999999999999996	17.80822245418163	0.05773166973351476	1.8136938951428214	9.999999999999998	340.37890587149815	11.20027650578176	12.569878677579451	0.04074972032000678	0.7169242221616415	5.60013825289088
6	19	350.4161430909622	4.967938190523288	22.068097798445944	0.06536653867391246	0.5100955671746644	2.483969095261644	418.00000000000006	11.107187734861528	26.727382792585182	0.07916751669856259	1.3812459314662933	5.553593867430764	343.64282733627795	19.999999999999993	4.853770526619524	0.014377051513017778	0.4516683941357865	9.999999999999996
7	19	351.2816431586958	5.512739072357461	18.660555411730495	0.05286188653889379	0.45775170676481236	2.7563695361787306	420.99537717237416	19.999999999999996	5.891541645278327	0.016689642892198844	0.5243205950116898	9.999999999999998	349.53403695529227	19.999999999999996	3.4341256699669604	0.009728239997185667	0.30562167307516874	9.999999999999998
8	19	352.2763423090356	2.6052725456685852	5.4592174827112725	0.01433209203136131	0.05865197330022881	1.3026362728342926	423.99999999999994	19.999999999999996	4.7285647384850895	0.01241390826118192	0.3899944299566675	9.999999999999998	349.27590316684046	19.999999999999996	3.494532313353632	0.009174201042578071	0.2882160259791908	9.999999999999998
9	19	359.99999999999994	19.999999999999996	1.4516893301852047	0.003578118503546709	0.11240990804416043	9.999999999999998	423.99999999998954	19.999999999999996	4.466711763786184	0.01100953467087485	0.3458747324146254	9.999999999999998	340.00000000000006	19.999999999999996	2.444122722143291	0.006024264665446111	0.1892578561624607	9.999999999999998
10	19	353.4445293180606	19.999999999999996	2.00472452236173	0.004629357329442981	0.14543554977020132	9.999999999999998	423.999992307406	19.999999999999996	3.3578364475681504	0.007753995422427197	0.2435989505506616	9.999999999999998	340.00000000000006	19.999999999999996	1.1461659232378445	0.0026467534857347787	0.08315021306647556	9.999999999999998
11	19	359.99999999999994	19.999999999998266	0.9972398414307521	0.0023181702343468154	0.07282746577993852	9.999999999999133	423.9999999999541	19.999999999999996	4.5636818233025185	0.010608672981447593	0.3332812910285228	9.999999999999998	340.00000000000006	19.999999981770028	1.9876362601554936	0.00462043234092031	0.14515516285413063	9.999999990885014
12	19	359.99999999920414	19.999999999999996	1.267428760530445	0.0029742079884323277	0.09343749966707075	9.999999999999998	418.0000000000409	19.999999999999996	3.486601697206837	0.008181823660032993	0.25703957103326797	9.999999999999998	340.00000000000006	19.99999999999821	2.5480703877933846	0.00597942191188023	0.18784907951075083	9.999999999999105
13	19	353.05990853290143	19.999999999999996	2.104276754555545	0.00460025825341683	0.14452137533550125	9.999999999999998	423.9999999994691	19.999999999999996	4.0987465231850235	0.00896046229714112	0.2815012252546686	9.999999999999998	340.00000000000006	19.999999999999996	1.0046300116767055	0.0021962688571457198	0.06899782106917042	9.999999999999998
14	19	359.99999999999994	19.999999999999996	1.9877973795249122	0.004736369591404976	0.1487974391304396	9.999999999999998	423.9999999999945	19.999999999999996	5.220211035675117	0.012438314420153623	0.390761172053946	9.999999999999998	340.00000000000006	19.999999999999996	0.8672589717595317	0.0020664374870524942	0.06491904828426667	9.999999999999998
15	19	351.31522525655805	1.0000000000018314	25.111822979001158	0.05974380920622007	0.09384535605003748	0.5000000000009157	423.99999999996544	19.999999999999996	5.217675726102545	0.012413428660311275	0.3899793628509488	9.999999999999998	340.00000002919904	19.999999999999947	2.2195984389709307	0.00528067061332788	0.1658971600485833	9.999999999999973
16	19	354.4995590373305	4.869703810848763	37.475043936423425	0.10518548728591083	0.8045967004405721	2.4348519054243813	421.209170394076	4.159686247231933	87.62149418641498	0.2459372583619518	1.6069589348215365	2.0798431236159667	348.59326213478903	11.694821428761445	76.54056705376678	0.21483515419885496	3.9465609992480033	5.847410714380723
17	19	350.8946497666123	9.505600655030495	289.7578007369511	0.6876449985278003	10.267476808213504	4.7528003275152475	419.9546020089953	4.671142602373626	436.5014193829265	1.0358927943460121	7.6007739206183755	2.335571301186813	342.72579265657663	19.999999999999996	88.07417332258971	0.2090151313639029	6.566404011819428	9.999999999999998
18	19	350.98409453705136	5.827375262306421	30.13760750360736	0.07148370120425226	0.6543346124902356	2.9136876311532105	420.2125822305299	6.00742669232994	36.27165381914512	0.08603310874897727	0.8118465940833375	3.00371334616497	347.7058735418043	11.13628149627268	33.449843784401715	0.07934002850514524	1.3878816362703803	5.56814074813634
19	19	359.99999999999994	19.999999999999996	1.9413464984241284	0.004488095153471686	0.140997667627586	9.999999999999998	423.99999999999613	19.999999999999996	3.7290352387879246	0.008620957153148465	0.27083535659243585	9.999999999999998	343.3240330507909	7.797584011057778	3.7306046136022046	0.008624585306857073	0.10563751144682039	3.898792005528889
20	19	359.99999999999994	19.999999999999996	1.352323086682847	0.0030829957519195234	0.09685516805278913	9.999999999999998	423.9999998546742	19.999999999999996	3.8580404613473718	0.008795473855470083	0.276317960491859	9.999999999999998	340.00000000000006	19.999999999999996	1.6085123474175504	0.0036670502654528917	0.11520378174291303	9.999999999999998
0	20	359.99999999999994	19.999999999999996	1.6840060152980993	0.003880722973384604	0.12191650783802208	9.999999999999998	423.99999999989916	19.999999999999996	4.241229624349385	0.009773740170220513	0.30705110316860207	9.999999999999998	340.00000000000006	19.999999999999996	2.295700619426089	0.005290348165557497	0.16620118931847666	9.999999999999998
1	20	359.99999999999994	19.999999999999996	2.4225205927186244	0.005591270120093653	0.17565493133522336	9.999999999999998	423.99999999999994	19.999999999999996	4.819003685933839	0.011122444696144068	0.34942190547364954	9.999999999999998	340.00000000000006	19.999999999999996	1.555530331889006	0.003590223460527901	0.11279019648340176	9.999999999999998
2	20	359.99999999999994	19.999999999999996	3.7417821889691187	0.00901216725707515	0.28312558447749764	9.999999999999998	418.00000000000006	19.999999999999996	4.436804206662644	0.010686143548177643	0.3357151006616084	9.999999999999998	340.00000000000006	19.999999999999996	0.0027178914365561485	6.546103160420601e-06	0.00020565189598418284	9.999999999999998
3	20	359.9999999999999	19.999999999999996	2.7705908323741877	0.006315005445027245	0.1983917471347713	9.999999999999998	421.88798150742485	19.999999999999996	5.279763840613266	0.012034161454782328	0.3780643321845761	9.999999999999998	341.98791008790386	1.0000000063438315	22.47674952004995	0.05123123701524573	0.0804738394312192	0.5000000031719157
4	20	352.65622875834316	6.33915880829033	26.766684565186928	0.06752113024090534	0.672343502496829	3.169579404145165	421.22887921418277	19.999999999999996	6.1153192862544214	0.015426388314410257	0.48463428199974684	9.999999999999998	340.00000000000006	19.999999999999996	2.057507092047317	0.005190228322651551	0.16305583168895785	9.999999999999998
5	20	348.00000000000006	6.828015581901918	82.58377021634665	0.3464300922620841	3.7156088621128163	3.414007790950959	418.00000000000006	17.648041633970546	49.418913341625746	0.20730706122499806	5.74685833886166	8.824020816985273	341.50108435642267	9.3486855321585	34.275759135345275	0.14378314732427006	2.1114383930609244	4.67434276607925
6	20	351.9356695339931	5.53102695905154	42.847764326405894	0.12259987004308061	1.0651619943606785	2.76551347952577	418.00000000000006	8.411804652185142	30.779054138003723	0.08806779295699892	1.1636601668030215	4.205902326092571	344.10436540530384	9.92083125058295	11.429494295936722	0.03270309518754561	0.5096321270713849	4.960415625291475
7	20	351.9696564330137	19.99999999865106	4.353405438794724	0.010960587209334665	0.34433700253553584	9.99999999932553	420.1651850578448	19.999999999999996	3.818935077999009	0.009614948930826919	0.3020625292572688	9.999999999999998	349.41554163981453	2.286179520228448	10.60808602774596	0.026708022872187317	0.09591177900288689	1.143089760114224
8	20	354.3198293509366	19.999999999999996	2.9357101481927144	0.006845743129033953	0.21506536322535866	9.999999999999998	423.999999996832	19.999999999999996	4.097262768124936	0.009554352107957714	0.300158823921701	9.999999999999998	340.00000000000006	19.999999992938537	0.473458167610564	0.0011040507523538585	0.034684777315605396	9.999999996469269
9	20	349.8050182611583	19.999999999999996	3.6400173361772232	0.008647631261141781	0.27167334840956453	9.999999999999998	423.99999960524036	19.999999999999996	3.6556853903767332	0.008684854038613287	0.2728427364520714	9.999999999999998	349.9999561660773	19.999999999999996	4.5822915004304484e-10	1.0886202885067067e-12	3.42000150092147e-11	9.999999999999998
10	20	357.8300354874906	19.999999999999996	1.7400586696258296	0.003781333777219488	0.11879410415283684	9.999999999999998	423.9999999997796	19.999999999999996	4.724904419718617	0.010267723145368156	0.32257003602582474	9.999999999999998	340.00000000000006	19.999999999999996	1.327243232322533	0.0028842416365457172	0.09061112336549826	9.999999999999998
11	20	359.99999999999994	19.999999999999996	1.256830385289914	0.0028346348438070598	0.08905268000913907	9.999999999999998	423.99999999999915	19.999999999999996	5.033488688294134	0.011352448658739269	0.3566476930655058	9.999999999999998	340.00000000000006	19.999999999999996	1.6876088251101757	0.0038062055424210053	0.11957547370122582	9.999999999999998
12	20	359.99999999999994	19.999999999999996	1.8771939245213212	0.004177451351253185	0.13123850475825757	9.999999999999998	418.54407612648015	19.999999999999996	4.485871921340677	0.009982725532276507	0.31361657195003123	9.999999999999998	340.00000000000006	19.9999999997687	0.6652444302815947	0.0014804151067674836	0.046508612236302885	9.99999999988435
13	20	359.3190519502525	19.999999999999996	1.9087876177458458	0.004214568432231828	0.1324045722475096	9.999999999999998	423.9999999998902	19.999999999999996	4.40396318769568	0.00972387082513264	0.3054844114869282	9.999999999999998	340.00000000000006	19.999999999999996	1.1618095117937925	0.0025652543253896773	0.0805898414323365	9.999999999999998
14	20	359.99999999999994	19.99999999999996	1.288868841384709	0.002909383560531435	0.09140098020240453	9.99999999999998	423.99999999999994	19.999999999999996	5.126748188416384	0.011572687941108219	0.3635667141807276	9.999999999999998	345.2564298202517	19.999999999999996	1.4926389748047313	0.0033693570328225185	0.10585147301636325	9.999999999999998
15	20	359.99999999999994	19.999999999999996	1.6020710636333813	0.0036061787984223662	0.11329144820654971	9.999999999999998	423.9999999996071	19.999999999999996	4.5317051742248875	0.010200633099837616	0.32046234008414726	9.999999999999998	340.00000000000006	19.999999999999996	1.1418675138632133	0.0025702844977188175	0.08074786895669167	9.999999999999998
16	20	349.9879429133965	19.99999999419704	5.697502587646592	0.013070977142000258	0.4106368575263357	9.99999999709852	423.9393055913485	19.999999999999996	5.263139277862331	0.012074478622486848	0.3793309333633168	9.999999999999998	345.70991860439835	1.0111227951498016	29.875153300091355	0.06853835340872506	0.10885727161106948	0.5055613975749008
17	20	352.48410418850864	6.898833829725876	113.02450283434116	0.3420242388955644	3.7064013596432255	3.449416914862938	420.4807608326419	4.150364085324575	201.93956640836544	0.6110907349440329	3.9839306745909466	2.0751820426622873	346.66118653661385	14.637440137009595	71.63736390764291	0.21678232819044596	4.984354067182608	7.318720068504797
18	20	352.12660656101326	5.931131050334686	130.7314054273432	0.38027952481445665	3.542911790259689	2.965565525167343	420.28423500016237	4.609708851607935	221.47560499305527	0.6442418143478302	4.66489940004631	2.3048544258039674	346.6319703045657	11.517743024261586	142.41689662082294	0.41427099781785603	7.495002672514347	5.758871512130793
19	20	353.52400084422175	3.136506272877184	15.042404479257359	0.03711357098929901	0.18285160667236736	1.568253136438592	420.4533022892798	19.999999999999996	7.384367285804047	0.018219177648803396	0.5723723465592809	9.999999999999998	346.158748416719	8.160241982708278	14.554896618663392	0.035910760785854146	0.4603069375396667	4.080120991354139
20	20	359.88173830621713	19.999999999807113	2.455451160684681	0.005620508546854491	0.1765734836006642	9.999999999903556	423.9999999947844	19.999999999999975	4.877544253546003	0.011164660736755231	0.35074816150412597	9.999999999999988	340.00000763216696	19.999999999999996	1.3542704846837068	0.0030999145720312735	0.09738668846249394	9.999999999999998
0	21	359.99999999999994	19.999999999999996	1.3648565914784772	0.0032012994145146647	0.10057178722580574	9.999999999999998	423.99999999929787	19.999999999999996	4.54700419909178	0.010665092560809003	0.3350537643889271	9.999999999999998	340.00000000000006	19.999999999999996	1.759253702227962	0.004126366009504627	0.12963361141482366	9.999999999999998
1	21	359.99999999999994	19.999999999999996	2.1909287044294605	0.005009159665807392	0.157367392067588	9.999999999999998	423.9999999906652	19.999999999999996	3.8849668979901453	0.008882269627973486	0.2790447301044524	9.999999999999998	340.00000000000006	19.999999999999996	2.525855179102475	0.0057749080831571995	0.18142408809202967	9.999999999999998
2	21	359.9999999999489	19.999999999999996	1.8076392426242298	0.004167313642914294	0.1309200192578406	9.999999999999998	423.999999999997	19.999999999999996	4.657399745012588	0.010737123337574721	0.33731667798012255	9.999999999999998	340.00000000000006	19.999999999999996	1.9382001262735387	0.004468307413592138	0.1403760174452187	9.999999999999998
3	21	359.99999999999994	19.999999999999996	0.84735581523538	0.002086677469699988	0.0655549060922082	9.999999999999998	423.99999999955077	19.999999999995225	4.318317574458615	0.010634182037364338	0.33408268165512367	9.999999999997613	340.00000000000006	19.999999999763755	2.1996671894006727	0.005416846007819824	0.17017523623592945	9.999999999881878
4	21	354.29222305542453	5.837601382289182	46.59339439384177	0.12083494570440807	1.108018124302938	2.918800691144591	419.7854868729237	5.766545299664548	31.52422454423068	0.08175467811976254	0.7405394480347623	2.883272649832274	349.9999999999999	8.355971866495548	38.581909401180084	0.10005802299478243	1.3133145740230272	4.177985933247774
5	21	353.29298779241554	4.390386634050417	165.98231211541807	0.48907811803766005	3.372879897294907	2.1951933170252085	418.5326357275739	4.481401519489222	349.3231648184888	1.029304350921353	7.24565318648704	2.240700759744611	348.4279710535132	10.133059802130493	170.16697369920115	0.5014085066552012	7.98090572075488	5.0665299010652465
6	21	354.25774079848645	4.766225761777127	56.95060255736483	0.14372710767299052	1.0760517863105041	2.3831128808885635	418.81593382212225	6.414146899281433	27.97915224137648	0.07061141491426187	0.7114324871529095	3.2070734496407165	349.999999806779	9.112266233015458	80.61500503784545	0.20344932255040235	2.91207479326526	4.556133116507729
7	21	353.0744596990399	19.999999999999996	5.8263518328587605	0.01355062292214126	0.42570537423764426	9.999999999999998	421.9617940792224	19.999999999999996	5.584832942734912	0.012988910979140292	0.4080586731019894	9.999999999999998	347.4218959307737	1.0000000000000002	10.787483732083642	0.025088962789340377	0.03940965059258972	0.5000000000000001
8	21	359.99999999999994	19.999999999999996	1.1814823253397226	0.0027462619067668854	0.08627636231132342	9.999999999999998	422.7759828306801	19.999999999999996	4.2953623762490825	0.00998422897800073	0.31366380409045413	9.999999999999998	344.6018464454041	19.999999999999996	2.1113343266405438	0.00490762909384616	0.15417771507770628	9.999999999999998
9	21	359.99999999999994	19.999999999999996	1.2403146107985645	0.002903103425339997	0.09120368393659496	9.999999999999998	423.9999999999999	19.999999999999996	5.990814545730622	0.014022211845984466	0.4405207772242456	9.999999999999998	340.00000000000006	19.999999999999996	3.3627486214519844	0.007870911909365622	0.24727199031515443	9.999999999999998
10	21	359.99999999999994	19.999999999999996	3.744539584228986	0.008665153419775333	0.27222382325794653	9.999999999999998	421.49010641580986	19.9999999994893	4.651970199457201	0.010765017854877205	0.3381930100778161	9.99999999974465	340.00000000000006	19.999999556599075	0.855371548409996	0.00197939573909179	0.062184549746142695	9.999999778299538
11	21	349.0087861732816	19.999999999999996	3.3038112614451762	0.007414019193921142	0.23291828233196374	9.999999999999998	423.9999997148354	19.999999999999996	3.642112294394632	0.008173194023573327	0.2567684630082196	9.999999999999998	340.0000818622718	19.999999999999908	8.446086070636119e-12	1.8953699011793654e-14	5.954480157380279e-13	9.999999999999954
12	21	357.0445144943979	19.999999999999996	1.9884296889554287	0.004667150990499353	0.1466228726494709	9.999999999999998	423.99999999957595	19.999999999999996	4.764028870331188	0.011181910119544645	0.3512900668466281	9.999999999999998	340.0000000072965	19.999999999999996	1.0327809432772865	0.0024240960739816677	0.07615522417616666	9.999999999999998
13	21	359.9999999999244	19.999999999999996	2.466153644484663	0.0057951799198138	0.18206094662318115	9.999999999999998	423.99999999999477	19.999999999999996	3.80148696583213	0.008933060995243785	0.2806403879672739	9.999999999999998	340.00000000000006	19.999999999999996	1.1823381432927051	0.0027783598486507146	0.08728474889549932	9.999999999999998
14	21	359.99999999999994	19.999999999999996	1.9862222593117127	0.0045616256050179955	0.14330769489151626	9.999999999999998	423.99999882387533	19.999999999999996	4.317098741601756	0.009914795822450284	0.31148249717652576	9.999999999999998	340.00000000000006	19.999999999999996	1.698015191647264	0.0038997194496308914	0.12251329974021637	9.999999999999998
15	21	359.99999999999994	19.999999999999996	1.6584562761261765	0.003704733809538139	0.11638764519550743	9.999999999999998	423.9999999999999	19.999999999999996	4.826698560396109	0.01078209513422715	0.3387295086399426	9.999999999999998	340.00000000000006	19.999999999999996	1.1363163349488759	0.0025383542545051	0.07974475078161616	9.999999999999998
16	21	359.99999999999994	19.999999999999996	2.18818233264479	0.005036474813889858	0.15822552275306395	9.999999999999998	423.9999999999996	19.999999999999996	4.738144326520639	0.010905647216451646	0.3426110117784646	9.999999999999998	340.00000000000006	19.999999999999996	1.0057218047175955	0.002314840250591804	0.07272285125493166	9.999999999999998
17	21	355.0997832845433	1.000000001084155	45.26829899257452	0.11616034409671792	0.18246424202417527	0.5000000005420775	422.04211042127474	19.999999999999996	7.8716236929455965	0.020198914850377402	0.6345676250443141	9.999999999999998	349.27385489121946	8.77967663897237	21.148911196548077	0.05426898859762608	0.7484281703021429	4.389838319486185
18	21	350.421072497791	10.105970386803362	212.43516770736395	0.7056694690592554	11.20209435321529	5.052985193401681	420.6338179292904	3.985389488546514	281.70867362013337	0.9357829604594962	5.858221400046056	1.992694744273257	340.00000000001427	19.999999999999996	36.73167862722841	0.12201569276061515	3.8332360399941776	9.999999999999998
19	21	353.68732835035007	2.326175014602797	13.578704653033464	0.03300535003102079	0.12059980528856394	1.1630875073013984	420.54998372806864	5.271061798346163	37.28450961334342	0.0906263389599867	0.750364745096444	2.6355308991730815	348.3661676285428	9.520957534773366	35.58168495990483	0.08648733416061234	1.2934600393835902	4.760478767386683
20	21	348.00000000359233	19.999999999999996	2.8768645567843394	0.006714498280955515	0.21094218471991136	9.999999999999998	418.00000000000006	19.999999999999996	4.128543444890676	0.009635871733410451	0.30271983848615813	9.999999999999998	347.5907237280087	1.0000000003627603	18.52945543190533	0.043247081740837356	0.06793235716774912	0.5000000001813801
0	22	359.99999999984027	19.999999942334217	1.6242498700695323	0.0037663133828847776	0.1183222242067202	9.999999971167108	423.1209210279528	19.999999999999996	4.8406867496711	0.011224592732680231	0.35263098068525583	9.999999999999998	340.00000000000006	19.999999999999996	1.5090916069279618	0.0034992842049164294	0.10993325550988252	9.999999999999998
1	22	359.9999999982924	19.999999999999996	2.1906706447572017	0.005074442828620756	0.15941832311456375	9.999999999999998	423.9999999999964	19.999999999999996	3.26813681715492	0.007570272361321249	0.23782712036000686	9.999999999999998	340.00000000000006	19.999999999999996	0.7293227665522364	0.0016893943831027267	0.05307388982971386	9.999999999999998
2	22	354.9791112145741	19.999999999999996	2.2519377090335992	0.005360394934796403	0.16840177347496313	9.999999999999998	423.9999999958112	19.999999999999996	3.593484143182494	0.008553742016093765	0.26872373078462514	9.999999999999998	340.00000000000006	19.999999999999996	0.9476597532047051	0.0022557597932710487	0.07086678394803556	9.999999999999998
3	22	359.99999999999994	19.99999549153527	1.1711862942488735	0.0026748610134356915	0.0840332181487889	9.999997745767635	423.99999692040205	19.99999789765862	3.2149362579886867	0.007342561725152325	0.23067335549497187	9.99999894882931	346.18548055637285	19.99999995605584	2.107662566493987	0.00481367008500407	0.15122590542626266	9.99999997802792
4	22	354.0678807512922	5.536406467119456	21.63787888913878	0.05211629707707361	0.4532328663100794	2.768203233559728	422.6618037081969	19.999999999999996	5.745679156405065	0.01383885746652658	0.43476052950916155	9.999999999999998	349.3756440506392	2.4253871397643096	9.055006035932793	0.021809595433138644	0.08308996135994118	1.2126935698821548
5	22	354.42915491107834	4.290785823601499	61.960254715438566	0.15481006158753907	1.0434121691513356	2.1453929118007493	420.9005379421983	19.999999999999996	6.920371976084486	0.01729081355050294	0.5432069282485087	9.999999999999998	349.9999999999999	8.763348200537235	52.73315633374494	0.13175580405898912	1.8136759782321141	4.381674100268618
6	22	353.2984252960145	1.876801175918325	33.57459885714253	0.07911582315236916	0.23323917410529044	0.9384005879591625	423.99999999999994	19.999999999999996	4.715756152829988	0.011112297466440888	0.34910312085075157	9.999999999999998	349.6028611047868	9.524726283954084	25.152170132384036	0.059269051956779104	0.8867482938808599	4.762363141977042
7	22	351.94423252318893	19.999999999999993	2.2463377399262634	0.004959370653949226	0.1558032241287569	9.999999999999996	423.9999999719294	19.999999999999996	4.232253332574281	0.00934379216650506	0.29354388826962147	9.999999999999998	340.0000000046334	19.99999942819643	0.8673254979091469	0.0019148450143092542	0.06015662857728115	9.999999714098214
8	22	359.99999999999994	19.999999999999996	1.3279272744134878	0.0030292362835788256	0.09516626454478884	9.999999999999998	423.99999999999994	19.999999999999996	4.8832772925229495	0.011139616635873836	0.3499613778706788	9.999999999999998	340.00000000000006	19.999999999999996	0.8609175535328571	0.0019639047563681533	0.061697887549562416	9.999999999999998
9	22	358.0656012205966	1.0065594402256615	4.269513098689492	0.009903371797049455	0.015658219874812546	0.5032797201128307	423.99978982939894	19.999999999999996	4.915432356819421	0.011401617244779436	0.35819236975241764	9.999999999999998	340.00000053199943	19.999999999999996	2.160459158007836	0.0050113045210376265	0.1574347746819312	9.999999999999998
10	22	358.19316108300643	19.99999999999997	3.3520398562165292	0.007522927359718689	0.2363397332678186	9.999999999999986	423.9999865015178	19.999999999999996	3.9555391706702534	0.008877350844825998	0.2788902019744449	9.999999999999998	341.70016491209094	19.999999999999996	1.2219252924002664	0.002742346633105315	0.08615336036160359	9.999999999999998
11	22	359.99999999999994	19.999999999999996	3.293174238726363	0.007239938989423734	0.22744939141611908	9.999999999999998	419.3632811773297	19.999999999999996	4.240546761022082	0.009322707395971871	0.29288149066752456	9.999999999999998	340.00000000000006	19.999999999999996	1.6150911295752959	0.003550726561315183	0.11154936479933925	9.999999999999998
12	22	359.99999999999994	19.999999999999996	0.5664438567542033	0.00123004149881636	0.03864289336292054	9.999999999999998	423.9999999998126	19.999999999999996	4.255766376743643	0.009241461779915713	0.2903290843621405	9.999999999999998	341.83209419784754	19.999999999999996	1.6532424438826214	0.0035900412535723237	0.11278447228307101	9.999999999999998
13	22	359.99999999999994	19.999999999999996	1.673119459095121	0.003731793457845633	0.1172377491188229	9.999999999999998	423.99999999942975	19.999999999999996	3.8016936512654462	0.008479451613215082	0.26638982894546614	9.999999999999998	340.00000000000006	19.999999999999996	1.604390454283008	0.003578497499731083	0.1124218145604461	9.999999999999998
14	22	359.9999999999993	19.999999999999996	0.9889543697345676	0.002194225250045669	0.06893361925864698	9.999999999999998	423.9999995608866	19.999999999999996	3.6737756636408356	0.008151125644277783	0.25607516442550443	9.999999999999998	341.5260104332479	19.999999999926413	2.5686598333335944	0.005699169180668483	0.1790446802948759	9.999999999963206
15	22	359.9999702815215	19.999998489083556	1.2103770871246937	0.0027109252042762343	0.08516622062790362	9.999999244541778	418.237460328838	19.999999823398515	5.139037268292219	0.011510087066687035	0.3616000465158735	9.999999911699257	346.30731923868757	19.999999999999762	1.6723640682663026	0.0037456541036801705	0.11767319415009946	9.999999999999881
16	22	354.4237106904102	19.999999999999996	3.3743938126468374	0.007460141238779545	0.2343672491049207	9.999999999999998	423.9999905832205	19.999999999999996	4.0521229224925825	0.008958471060904178	0.28143866872333323	9.999999999999998	340.00000000000006	1.0000000000000002	9.63404899319387	0.02129904515625372	0.03345646189568199	0.5000000000000001
17	22	355.4243726570416	19.999999999999996	3.0448679356807884	0.00701663133029307	0.22043397440196683	9.999999999999998	421.20116077776083	19.999999999999996	5.799451444340363	0.013364327636684088	0.41985273523573763	9.999999999999998	340.32764490937365	1.0000001467989243	7.409026489386958	0.017073452277916415	0.026818920060847105	0.5000000733994622
18	22	352.5390254629739	5.504836001724746	43.389071882208235	0.12656267824771145	1.0943844629607764	2.752418000862373	420.8579474675343	3.510295675227975	105.36297149254123	0.30733590929151305	1.6946377728986686	1.7551478376139875	348.5004595270124	9.729647940276555	63.74568658194855	0.18594140115402735	2.8417973322164225	4.864823970138278
19	22	353.29110637626326	2.312448630156647	28.100273519918417	0.06814099376385202	0.24751437911003266	1.1562243150783236	420.63025552916577	2.9353493049157597	45.76032115593056	0.11096524581185581	0.5116425397098209	1.4676746524578799	347.03437258171255	10.901135330894896	27.18554113409493	0.06592283835145685	1.128827305494061	5.450567665447448
20	22	349.7535802717458	19.999999999999996	3.023924763137357	0.007048173660883809	0.22142490594257647	9.999999999999998	423.99999999999994	19.999999999999996	3.943944328905783	0.009192558253382426	0.28879273476522443	9.999999999999998	349.57187190804467	1.746401689104661	12.605666432511345	0.029381328269336277	0.08060007487181896	0.8732008445523305
0	23	359.99999999999994	19.999999999999996	1.5712205929621155	0.0035764290036108	0.1123568308382915	9.999999999999998	418.00000000000205	19.999999999999996	4.237930376520872	0.009646422139426436	0.3030512892664802	9.999999999999998	340.00000000000006	19.999999999999996	1.5507067846123797	0.0035297352551421674	0.11088990346671525	9.999999999999998
1	23	359.99999999492434	19.999999999999996	2.9042043714440373	0.006517977272626713	0.20476829515949313	9.999999999999998	423.9999999690265	19.999999999999805	4.00818365578218	0.008995665122531315	0.2826071546309803	9.999999999999902	340.00000000000006	1.0000000000000002	12.168007841602073	0.02730895915746824	0.042896812733142976	0.5000000000000001
2	23	359.99999999999994	19.999999999912397	2.444277826010129	0.005613336620330164	0.17634817088478558	9.999999999956199	423.9999999990043	19.99999999999977	4.522679927934971	0.010386431767844524	0.3262993773887163	9.999999999999885	340.00000000020344	19.999999999999996	2.157825919224298	0.004955493652884431	0.15568142454812572	9.999999999999998
3	23	358.75028740833665	1.0000030596308465	20.898659409744518	0.046773880059397255	0.07347246378517502	0.5000015298154232	423.99999999999994	19.999999999999996	4.251910546925751	0.00951632112117485	0.2989640452348429	9.999999999999998	340.00000000000006	19.999999999999996	2.0443352796678482	0.0045754845465251414	0.14374308637977007	9.999999999999998
4	23	358.3107765084643	19.999999999999996	3.5949763762693348	0.007966482625609526	0.2502744329156561	9.999999999999998	423.99999998931787	19.999999999999996	3.7518104710954283	0.00831402763307682	0.2611928813381667	9.999999999999998	340.00000000000006	19.999999999999996	1.879152759853915	0.0041642103439293475	0.13082252624491061	9.999999999999998
5	23	359.99999999998397	19.999999999999996	3.1773845989439082	0.007060597419650264	0.22181520983528313	9.999999999999998	423.9999999943565	19.999999999999996	4.383431884906534	0.00974060485660777	0.3060101265904003	9.999999999999998	342.5380331517648	19.999999999999996	1.3523686088454347	0.003005154085911983	0.09440969999206435	9.999999999999998
6	23	354.27144380600333	19.999999999999996	3.006920431676373	0.007011096704606762	0.22026009900800209	9.999999999999998	423.99999999998545	19.999999999999996	4.198226519404636	0.009788809775382339	0.30752452877729103	9.999999999999998	340.00000000000006	19.99999999999998	0.5847235944949335	0.0013633728459464848	0.04283162116929281	9.99999999999999
7	23	355.9740908617508	19.999999999999964	2.325511720659553	0.005336176736754998	0.16764093634446225	9.999999999999982	423.99999999999994	19.999999999999996	5.766940263693576	0.013232963826408733	0.41572581942265147	9.999999999999998	342.21331625589704	1.000000000034537	6.587137751966776	0.0151150092779909	0.023742601054158884	0.5000000000172685
8	23	359.99999999999994	19.999999999999996	1.7852131152295276	0.004000501380816181	0.12567945748647935	9.999999999999998	423.9999999999592	19.999999999999996	3.8251020221935557	0.008571708212876668	0.2692881555028863	9.999999999999998	340.00000000000006	19.999999999999996	1.1133089873238067	0.002494824905255819	0.07837723594344531	9.999999999999998
9	23	359.99999999999994	19.99999999895698	1.6747752310255855	0.0037896492943342583	0.11905534382141364	9.99999999947849	423.99999999999966	19.999999999999996	4.57947529860792	0.010362348936318575	0.32554279292272437	9.999999999999998	340.00000028105444	19.999999999999996	1.041202358465486	0.0023560127412450456	0.07401632319659383	9.999999999999998
10	23	359.9999998712703	19.999999999999996	1.8154622473119812	0.004290324887342683	0.13478453147589226	9.999999999999998	423.99999999999994	19.999999999999996	4.71657305631692	0.011146269109395033	0.35017037149010277	9.999999999999998	341.5461641526327	19.999999999999996	1.8492182969009485	0.004370097639359064	0.1372906663928053	9.999999999999998
11	23	356.0751598817046	19.999999999999996	1.4542805111536536	0.003131605098126478	0.09838227570218484	9.999999999999998	423.9999999999869	19.999999999999996	4.114329470749748	0.00885967669040062	0.27833495203743314	9.999999999999998	340.00000000000006	19.999999999999996	1.8061345946620746	0.0038892773857359016	0.12218525262800822	9.999999999999998
12	23	359.99999999999994	19.999999999999996	0.8675018412930386	0.0020489085741739687	0.06436836124502077	9.999999999999998	418.00000000000006	19.999999999999996	3.329280362316321	0.007863258330393202	0.24703154604042019	9.999999999999998	340.00000000000006	19.999999999999996	2.4119820725273833	0.005696738051632435	0.17896830412433887	9.999999999999998
13	23	358.7914212247304	19.999999999999996	2.1764275859636366	0.005116997532871317	0.1607552185770562	9.999999999999998	421.0388588933432	19.99999999983626	3.8264486390464962	0.008996360996311535	0.28262901614822683	9.99999999991813	340.00000000000006	19.999999985935823	1.1319450125212533	0.002661315209278008	0.08360768304475207	9.999999992967911
14	23	359.99999999999994	19.999999999999996	1.1333486798868437	0.0025871882798069587	0.08127891693295154	9.999999999999998	423.99999999995543	19.999999999999996	5.656212538257951	0.01291190173578285	0.4056393563700869	9.999999999999998	340.00000000000006	19.999999999999996	1.8133949474822646	0.00413958584683373	0.13004892485317127	9.999999999999998
15	23	359.99999999999994	19.999999999999996	1.3810588823772292	0.003177375836873953	0.0998202058681693	9.999999999999998	423.99999999999795	19.999999999999996	4.00318762360127	0.009210057433473886	0.2893424877214162	9.999999999999998	340.00000000000006	19.999999999999996	2.4265656669761326	0.005582753360643398	0.17538736944601024	9.999999999999998
16	23	359.99999999999994	19.999999999999996	1.1251817726987967	0.0024761253025747986	0.0777897705993679	9.999999999999998	423.999999999996	19.999999999999996	3.994630824704425	0.008790763145559476	0.27616996917537545	9.999999999999998	340.00000000000006	19.999999999999996	1.3729896474052685	0.0030214623882140607	0.09492204041911162	9.999999999999998
17	23	358.95146812570374	19.999999999999996	2.0102646051779884	0.004435359216733956	0.13934091931323173	9.999999999999998	423.9999999999554	19.999999999999996	4.831849295987533	0.010660779309164767	0.33491825959214094	9.999999999999998	340.00000000000006	19.999999999999996	0.9151577827816532	0.0020191637937469575	0.06343390140829937	9.999999999999998
18	23	352.27766533996686	7.013647737841078	30.372602111562273	0.07769119410092935	0.8559248257868014	3.506823868920539	421.58182336110065	6.206365731543926	23.917028690760414	0.06117824582517426	0.5964228333550687	3.103182865771963	345.7497226971	19.999997726974815	6.326909091804174	0.016183833064575354	0.5084300528422129	9.999998863487408
19	23	352.13417911552455	7.546470759031933	32.2664820467317	0.08538914926963138	1.0122002898298612	3.7732353795159663	421.0430373373733	3.1580618669164484	40.71627890892322	0.10775046416348168	0.5345147084447782	1.5790309334582242	344.90405034856764	5.562376883905938	21.17853537751763	0.056046305762242156	0.4896968161086529	2.781188441952969
20	23	359.9999794444507	19.999999999999996	1.0841784248125002	0.002571685117701646	0.08079187073117691	9.999999999999998	422.1675861589956	19.999999999999996	6.0704934991347255	0.014399288375000848	0.45236698575823564	9.999999999999998	340.0000000000003	19.999999999999996	2.068936310353833	0.004907543442150374	0.15417502425032378	9.999999999999998
0	24	359.99999999999994	19.99999999999999	0.4315713083999261	0.001037116334742949	0.0325819705814642	9.999999999999995	423.9999999998258	19.999999999999996	4.026937007101535	0.009677200656665804	0.30401822490295605	9.999999999999998	340.00000000000006	19.999999999999996	2.7844472158571887	0.006691352354960006	0.2102150340092311	9.999999999999998
1	24	359.99999999999994	19.999999999999996	2.4136637667166747	0.005372947290281464	0.16879611735273428	9.999999999999998	423.9999999995861	19.999999999999996	5.250078184190611	0.01168696060424558	0.36715669577091237	9.999999999999998	340.00000000000006	19.999999999999996	1.3657065133460302	0.0030401372433841766	0.09550872829720451	9.999999999999998
2	24	359.99999999999994	19.999999999999996	2.9894055203760543	0.006899778074557608	0.21676292110430104	9.999999999999998	423.99999999999994	19.999999999999996	4.854621334957941	0.011204839764599338	0.3520104228911606	9.999999999999998	340.0000000000006	1.0000017234210865	10.036270717204086	0.023164485437953634	0.03638675134761791	0.5000008617105433
3	24	359.9999999999998	19.999999999999996	1.5704005314932048	0.003518658616086194	0.11054192058786812	9.999999999999998	423.99999999995447	19.999999999999996	4.035393823152829	0.009041752699635499	0.2840550385675056	9.999999999999998	340.00000000000006	19.999999999999996	1.5261947000018263	0.0034196104899941234	0.10743023193504128	9.999999999999998
4	24	359.99999999999994	19.999999999999996	2.1193035825241444	0.0050790987167465915	0.15956459215388433	9.999999999999998	423.9999999997773	19.999999999999996	3.583333300239808	0.008587775586755038	0.26979292694027396	9.999999999999998	346.0309705536815	19.999999999999993	1.2570260281642038	0.0030125741961714143	0.09464280963086288	9.999999999999996
5	24	359.9999999999649	19.999999999999996	1.060524536843121	0.0023442431399937247	0.07364657026832552	9.999999999999998	423.99999999999017	19.999999999999996	3.5568216293123114	0.007862198765826483	0.24699825883783214	9.999999999999998	340.00000000000006	19.999999999999996	2.322781965341402	0.005134408020545595	0.16130218517878547	9.999999999999998
6	24	356.18173630810026	19.999999999999996	1.5993986472745223	0.003527988249401682	0.11083501966271438	9.999999999999998	423.999999999409	19.999999999999996	5.781238161055154	0.012752380611270056	0.40062785244146915	9.999999999999998	340.00000000000085	19.999999999999996	1.4213329272934299	0.0031352070195406583	0.09849543340072081	9.999999999999998
7	24	359.99999999999966	19.999999999999996	2.3814500334849162	0.005360129214003001	0.16839342561003856	9.999999999999998	423.99999999999994	19.999999999999996	5.413503238841737	0.012184625523363623	0.3827913003094184	9.999999999999998	340.0460460477608	2.388557745314531	12.08470424262142	0.027200056832043278	0.10205291955911738	1.1942788726572655
8	24	359.99999999999994	19.999999999999996	1.8488044740283391	0.0042955387029829	0.13494832832501705	9.999999999999998	423.9999999997272	19.999999999999996	3.2830184609590534	0.007627811950784366	0.23963477987548587	9.999999999999998	340.00000000000006	19.99999999999869	1.2479444486644697	0.002899491943964604	0.09109022590301391	9.999999999999345
9	24	359.99999999999994	19.999999999999996	1.756807925340342	0.004030399856263601	0.12661874579467086	9.999999999999998	418.0000000000002	19.999999999999996	6.006083409502338	0.01377892105403377	0.4328775715774621	9.999999999999998	340.00000000000017	19.999999999999996	2.3675232757217706	0.005431479066398904	0.17063494733125542	9.999999999999998
10	24	359.0527251484933	19.999999999999996	2.4939682616709637	0.005584405701069612	0.17543927925145247	9.999999999999998	423.99999983019404	19.999999999999996	5.086834884542871	0.011390261121690568	0.35783560662372516	9.999999999999998	340.00000000000006	19.999999999999996	1.0472272879759705	0.002344914378890456	0.07366765786019328	9.999999999999998
11	24	359.99999999999994	19.999999999999996	2.31456970289816	0.005246180064399843	0.1648136074972777	9.999999999999998	423.9999999999903	19.999999999999996	3.454326744962081	0.007829541742748988	0.2459723081999484	9.999999999999998	340.00000000000006	19.999999999999996	1.3634559127009018	0.003090395255300846	0.09708763030741889	9.999999999999998
12	24	359.99999999999994	19.999999999999996	2.346994282675224	0.005245265713298389	0.1647848823102464	9.999999999999998	423.9999999999587	19.999999999999996	4.246939440690078	0.009491427396795617	0.29818198581854	9.999999999999998	340.00000000000006	19.999999999999996	0.6968684612242547	0.001557421879260881	0.04892785134425992	9.999999999999998
13	24	353.78924201441623	19.999999998518724	4.130460636114595	0.009072298220882217	0.2850146543978839	9.999999999259362	423.99999999968935	19.999999999999996	5.5729498433560405	0.012240635464935616	0.38455090451912405	9.999999999999998	340.0000000000907	19.999999999876085	1.3080324987930986e-05	2.8730115009205273e-08	9.025831824914992e-07	9.999999999938042
14	24	358.8832437384738	19.999999999999996	2.8128048061533106	0.006361884988984203	0.1998645114437595	9.999999999999998	423.9999999998382	19.999999999999996	3.544685324570229	0.008017221923015589	0.251868454955448	9.999999999999998	340.945226585108	3.5304810783977985	7.107721436762643	0.016075948894676652	0.0891518546131102	1.7652405391988992
15	24	359.9999999999919	19.999999999999996	0.9952022404688993	0.0022814031144471354	0.07167239264223993	9.999999999999998	423.9999999998331	19.999999999999996	4.323723997179199	0.009911711401018196	0.31138559721940956	9.999999999999998	340.00000000000006	19.999999999999996	1.211935323963512	0.002778242361367815	0.08728105792365085	9.999999999999998
16	24	359.11609599435235	2.6768177681502228	6.571318316868116	0.015349512456628023	0.06454064020591105	1.3384088840751114	423.99999999999994	19.999999999999996	4.664314735872998	0.010895067578165702	0.342278642639297	9.999999999999998	340.0000004288517	19.999999999999996	1.1725721411862715	0.0027389345363521655	0.08604616618067328	9.999999999999998
17	24	358.8380392961862	19.999999999999996	2.916501210890359	0.006552910353607358	0.20586575026525364	9.999999999999998	423.99999999984277	19.999999999999996	5.2290537983028935	0.011748845036141172	0.36910085253706004	9.999999999999998	340.00000000000006	19.999999999999996	0.31536374100442516	0.0007085717351543165	0.022260437577021727	9.999999999999998
18	24	355.60316252471125	3.270519161643059	16.357134791620073	0.04064408181373722	0.20880163348502498	1.6352595808215296	421.1925074554872	3.981559148908272	36.6219762568008	0.09099800289747018	0.5691213919124167	1.990779574454136	349.6195153604865	8.878284133229167	42.12857786052339	0.10468076390351252	1.45987543202199	4.4391420666145835
19	24	353.20933744512	1.0000002172086984	131.64439398841495	0.32650506029070453	0.5128730607850507	0.5000001086043492	420.85330851849767	3.754885441812797	45.61442196976822	0.11313310915978286	0.667277208483886	1.8774427209063984	347.15669921588693	8.387477653748006	41.31297860324018	0.10246464859587247	1.3499737012578947	4.193738826874003
20	24	348.2003833284612	19.999999999999996	2.1465488365889858	0.005276700737402002	0.1657724427181397	9.999999999999998	423.99999990452835	19.999999999999996	4.081980685404594	0.010034428346369573	0.31524086375927823	9.999999999999998	349.7256083384493	1.0000000000000053	19.245742710757554	0.04731037236268053	0.07431495912659776	0.5000000000000027
0	25	351.3074535048756	1.0000023681025867	15.9568512782708	0.03661217651191839	0.05751040857111259	0.5000011840512933	418.00000064095553	19.999999999999996	4.505983161942249	0.010338747163070603	0.32480132134824913	9.999999999999998	340.0000000000015	19.999999999999996	2.9889187613395567	0.006857920736465436	0.21544793404580914	9.999999999999998
1	25	349.5910933406965	19.999999999999996	3.9745297743092367	0.008796801405727018	0.27635966671320356	9.999999999999998	423.9999997935006	19.999999999953072	4.316792495864095	0.009554329304892147	0.30015810754156413	9.999999999976536	340.0000000002969	19.999999999999996	0.14227298713492312	0.0003148918952162056	0.009892620646861982	9.999999999999998
2	25	359.99999999999994	19.99999999999974	1.311054037849439	0.0031445151831851993	0.09878785798596056	9.99999999999987	423.9999999999931	19.999999999999996	3.72152001238605	0.008925929706658972	0.2804163519289872	9.999999999999998	340.00000000000006	19.999999999999996	2.2741958898947012	0.005454575706918733	0.17136054969305242	9.999999999999998
3	25	359.9999999999796	19.999999999999996	2.2744187947726715	0.005041047738927771	0.1583691854301092	9.999999999999998	423.9999999999347	19.999999999999996	3.914659371665927	0.008676495647839273	0.27258014986155665	9.999999999999998	340.00000000000006	19.999999999999996	1.1126068126936306	0.002465994420348365	0.07747149954759842	9.999999999999998
4	25	359.99999999999994	19.999999999999996	1.7791086200697896	0.004141795951670176	0.13011835734434968	9.999999999999998	420.5014830432993	19.999999999999996	3.86703912625313	0.009002534649872645	0.28282296719727457	9.999999999999998	340.00000000000006	19.999999999999996	1.0615998410160183	0.002471422977896295	0.07764204271272007	9.999999999999998
5	25	359.99999999999994	19.999999999999996	1.2707026476305552	0.0028309115054203043	0.08893570788391247	9.999999999999998	423.99999999999994	19.999999999999996	3.799193071674686	0.008463962358126716	0.2659032196455143	9.999999999999998	340.00000000000006	19.999999999999996	1.548544064969106	0.0034498953931871522	0.10838166022890026	9.999999999999998
6	25	359.99999999999994	19.999999942463166	1.68578273707575	0.004029955016903471	0.12660477038979084	9.999999971231583	423.9999999959053	19.999999999999996	3.965472686628772	0.009479677420113016	0.2978128494142809	9.999999999999998	341.3828377633995	19.999999999999996	2.190050742179886	0.00523543501876803	0.1644760419330838	9.999999999999998
7	25	356.8374355760693	19.999999999999996	3.1301902025319683	0.0070065799674948115	0.22011820152671105	9.999999999999998	423.999999950376	19.9999999999826	5.0323593577122505	0.01126437244499094	0.3538806972045204	9.9999999999913	340.00000000000006	19.999999999745885	0.3351783619545845	0.0007502591997473778	0.023570087901845716	9.999999999872943
8	25	359.99999999999994	19.99999999999967	2.595754114820283	0.005764176005275652	0.18108692992172248	9.999999999999835	423.9999999999955	19.999999999999996	4.788923154958155	0.0106343647047748	0.33408842032115094	9.999999999999998	340.00000000000006	19.999999999999996	0.9355293815036252	0.002077452553115541	0.06526509679049142	9.999999999999998
9	25	358.27816200141774	19.999999999999996	3.174879317235636	0.0075292229236957175	0.23653751424322325	9.999999999999998	423.9999999999613	19.99999999996936	4.646028687503799	0.011018052090420696	0.34614231504082293	9.99999999998468	340.00000000000006	19.999999999999996	0.2966584721950596	0.0007035252512540826	0.022101897609547387	9.999999999999998
10	25	359.99999999999994	19.999999999999996	0.8558477289691286	0.002013301764170555	0.06324974031777583	9.999999999999998	423.9999999999997	19.999999999999996	4.271379965049118	0.010048022011385568	0.3156679213407743	9.999999999999998	340.00000000000006	19.999999999999996	2.28435919408096	0.0053737414259217115	0.16882106585966786	9.999999999999998
11	25	359.99999999999994	19.999999999999996	1.1502326409658281	0.0025617906183271343	0.08048102586571777	9.999999999999998	423.99999999999727	19.999999999999996	4.874582786659506	0.010856638914922126	0.34107137057796405	9.999999999999998	340.00000000000006	19.999999999999996	1.820841265657829	0.004055365763145398	0.12740307289117142	9.999999999999998
12	25	359.9999999743433	19.999999999999996	1.9676042588033231	0.004484865659077744	0.14089621006895783	9.999999999999998	423.9999999955038	19.999999999999996	4.280228460750104	0.009756153734034047	0.30649860898133985	9.999999999999998	340.00000000000006	19.999999999346258	1.278449984755085	0.0029140394506788217	0.09154724930224181	9.999999999673129
13	25	359.99999999999994	19.999999999999996	2.5202437675224294	0.005751408038471487	0.180685812414593	9.999999999999998	423.99999999999955	19.999999999999996	4.525415920739508	0.010327379374716148	0.32444419174442996	9.999999999999998	340.00000000000006	19.999999999998845	0.8286572428597027	0.0018910654553095717	0.059409573418576445	9.999999999999423
14	25	359.99999999999994	19.9999999999908	2.162894829353088	0.004856763363758836	0.1525797210380179	9.9999999999954	423.9999999999159	19.999999999999996	3.5592848838919138	0.007992346271611002	0.2510869633183889	9.999999999999998	340.00000000000006	19.999999999999996	1.2394386185057158	0.002783149690078494	0.08743522620191303	9.999999999999998
15	25	359.99999999999994	19.999999999998202	0.10044056864833983	0.0002378324854872802	0.007471727891917734	9.999999999999101	423.99999999999835	19.999999999999996	3.7497983900110903	0.008879120092350055	0.27894578452468455	9.999999999999998	346.68731165278	19.999999999999996	3.5644960965432957	0.008440344151363112	0.26516123179691925	9.999999999999998
16	25	359.99999999999994	19.999999999999996	1.7704512682472509	0.0040261465869284455	0.1264851253977002	9.999999999999998	423.9999999999845	19.999999999999996	4.6016005923305485	0.010464404669867602	0.32874896835046774	9.999999999999998	340.00000000000006	19.999999999999996	2.0360017020857697	0.004630029332548875	0.14545666137040794	9.999999999999998
17	25	359.99999999999994	19.999999999999996	1.976131160097598	0.004664418835065513	0.14653703945507673	9.999999999999998	423.9999999998579	19.999999999999996	5.434598011287072	0.012827711964020163	0.4029944566853163	9.999999999999998	340.00000000000006	19.999999999989107	0.7174143069443288	0.0016933697891243866	0.05319878089321173	9.999999999994554
18	25	350.64927578781914	9.900835695709453	79.2430747658152	0.2294303536254074	3.568145906630893	4.950417847854727	420.9718031670079	3.425860343611613	102.72501979116441	0.2974170006213712	1.6004986840973463	1.7129301718058065	343.3691263527607	19.99999999971052	10.865251788086836	0.03145787272057285	0.9882782183508398	9.99999999985526
19	25	349.55090530270166	8.365730193431098	117.34589891790206	0.3452689243512427	4.537129996067581	4.182865096715549	420.67063421260247	3.2724133765281804	121.60801046617513	0.35780941092390767	1.8392458942965275	1.6362066882640902	340.0000000119026	19.999999999999996	14.298843878631324	0.04207174252331895	1.321722772349801	9.999999999999998
20	25	349.57625742996515	1.0000000009609786	43.727900063931486	0.10334341734104587	0.16233146051374392	0.5000000004804893	421.04669172962315	19.999999999999996	5.448743625580441	0.012877174199068924	0.4045483586279095	9.999999999999998	345.52874148434364	19.999999999999996	5.621959614003292	0.013286540579698981	0.41740898276804983	9.999999999999998
0	26	359.99999999999994	19.999999999999996	1.3970522543597932	0.0032161809881937863	0.10103930565124758	9.999999999999998	419.3685996562439	19.999999999999996	4.3960437212182155	0.010120217189678222	0.31793599975826237	9.999999999999998	340.00000000000006	19.999999999999996	1.5519620632519635	0.0035728018523661447	0.11224288052125482	9.999999999999998
1	26	359.99999999999994	19.999999999999996	2.3010395804111723	0.00538577347702481	0.16919906389319897	9.999999999999998	423.9999999983555	19.999999999999996	5.0409829127752905	0.011798837491056577	0.3706714118280316	9.999999999999998	340.00000000000006	19.999999999999996	0.5358994771546273	0.0012543170552047238	0.03940553245903543	9.999999999999998
2	26	348.89725852886033	19.999999999999996	2.334303610472033	0.005140891303745659	0.16150586352751012	9.999999999999998	418.0000010404663	19.999999999999996	4.348947328430857	0.009577788168119687	0.30089508946604043	9.999999999999998	340.00000000000006	19.999999999999996	0.474354647238756	0.0010446823069377574	0.03281966260810895	9.999999999999998
3	26	359.99999999999994	19.999999999999996	1.632734960999384	0.0038069155966576427	0.11959778071296051	9.999999999999998	419.1794701232012	19.999999999999996	4.590673140237756	0.010703699984491865	0.3362666523750882	9.999999999999998	340.00000000000006	19.999999996720536	1.628679626271475	0.0037974601018013958	0.119300727561634	9.999999998360268
4	26	359.9999998140339	19.999999999999996	1.8989483545340835	0.004253113903437959	0.13361551393921298	9.999999999999998	418.75587434138663	19.999999999999996	4.151893798886981	0.009299082410262106	0.2921392898520549	9.999999999999998	349.2291072185809	19.999999999999996	1.803794964204628	0.0040399968871677825	0.12692024541251934	9.999999999999998
5	26	359.99999999999994	19.99999999999998	1.4241822985113926	0.0032006380465798736	0.10055100973935308	9.99999999999999	418.00000000290885	19.999999999999996	4.816416758926076	0.010824180824966494	0.34005166960842237	9.999999999999998	340.0000000000418	19.999999999999996	1.4523660101019673	0.0032639767495709964	0.10254085377940132	9.999999999999998
6	26	359.99999999999994	19.99999999867261	1.9536849789225705	0.004569435900617197	0.14355306255475692	9.999999999336305	418.1606490182146	19.999999999419185	4.466123724454017	0.010445730147535305	0.3281622909192533	9.999999999709592	340.0000000220746	19.999999999999996	1.280617457323813	0.0029952113301703696	0.09409733910812143	9.999999999999998
7	26	359.99999999999994	19.999999999999957	2.1485425516539465	0.00487603487415385	0.15318515339289332	9.999999999999979	423.99999743340857	19.999999999999996	4.291371181410044	0.009739102221822988	0.30596291992639124	9.999999999999998	343.4631006778008	19.99999999999997	1.4680900991107946	0.0033317741443629496	0.10467077175351046	9.999999999999986
8	26	359.99999999999994	19.999999999999996	1.0801226505307173	0.0024617220774564436	0.07733727993716966	9.999999999999998	423.99999998250865	19.999999999999215	3.6017662296898907	0.008208833914470814	0.2578881232023924	9.999999999999607	341.69819775975714	19.999999999937383	1.6924815517517104	0.0038573574950842475	0.12118245968788259	9.999999999968692
9	26	359.99999999999994	19.999999999999996	1.6798017671214558	0.0037591143765560316	0.11809606109392201	9.999999999999998	423.99999999897767	19.999999999999996	4.5666819544718065	0.010219467632559497	0.32105404438047586	9.999999999999998	340.00000000000006	19.999999999999996	1.9329378926370253	0.0043255905330145976	0.13589243440956214	9.999999999999998
10	26	358.88104133322753	19.999999999999996	3.445391711553197	0.007868245887534108	0.24718823476915253	9.999999999999998	423.99999999886364	19.999999999999996	5.448946525591428	0.012443766828489407	0.39093246451366676	9.999999999999998	340.00000000000006	19.999999999999996	0.07467835423328832	0.0001705430623791102	0.0053577683189091835	9.999999999999998
11	26	359.99999999999994	19.999999999999996	1.578877958357984	0.003648588242708699	0.1146237801926774	9.999999999999998	423.99999999999056	19.999999999999996	4.359712724973936	0.010074747389893456	0.3165075238686222	9.999999999999998	340.00000000000006	19.999999999999996	2.380149292160767	0.00550022544636741	0.17279467855395492	9.999999999999998
12	26	359.99999999999994	19.999999999999996	1.787630516121187	0.0038864382001165053	0.12209605698116749	9.999999999999998	423.99999999999994	19.999999999999996	5.107348871221295	0.011103746314146457	0.34883447847847243	9.999999999999998	340.00000000000006	19.999999999999996	1.9045008296339996	0.00414052272530202	0.13007835775830412	9.999999999999998
13	26	354.2976379961904	19.999999999999996	2.160316787935859	0.005055040966593011	0.15880879564244046	9.999999999999998	423.9999999999982	19.999999999999996	4.299750294462099	0.010061216024430397	0.3160824234853043	9.999999999999998	340.00000000000006	19.999999999999996	0.6489133489373388	0.0015184271033608732	0.047702794329301475	9.999999999999998
14	26	359.99999999999994	19.999999999999996	1.7840920443575239	0.004005109972109608	0.12582424065198763	9.999999999999998	418.00000000000256	19.999999999999996	4.606750158262757	0.010341697927653711	0.3248940223516168	9.999999999999998	340.00000000000006	19.999999999999996	1.5813817365062461	0.0035500454041170245	0.1115279656148425	9.999999999999998
15	26	359.99999999999994	19.999999999999996	2.0568889556801273	0.0047456341145535675	0.14908849270906588	9.999999999999998	423.9999987647607	19.999999999999996	3.8959882254402296	0.008988785992306838	0.2823910403812199	9.999999999999998	346.0687603168507	1.0000000000000002	5.392019887001603	0.01244041563422417	0.019541359182041133	0.5000000000000001
16	26	359.99999999999994	19.999999999999996	1.3318392086562802	0.003113339112945155	0.0978084328536226	9.999999999999998	423.9999999994571	19.999999999999996	4.958089400122353	0.011590148085859115	0.3641152408055279	9.999999999999998	340.00000000000006	19.999999999999996	2.028422772868935	0.004741689473711338	0.1489645681621559	9.999999999999998
17	26	359.99999999999994	19.999999999999996	0.9937890425534668	0.0023295154177946104	0.07318388522967705	9.999999999999998	423.9999999999424	19.999999999999996	3.7723819770950096	0.008842743883423878	0.27780299221740523	9.999999999999998	340.00000000000006	19.999999999999996	2.4491643718402765	0.005741023417058075	0.18035956991116617	9.999999999999998
18	26	350.37613438041046	9.37288386555802	176.76093194914455	0.5615421448904453	8.267524098569012	4.68644193277901	420.8598533848781	3.6365270872965896	192.2462816992686	0.6107367062518053	3.488676713937527	1.8182635436482948	340.0000000000047	19.999999999999996	30.657622515476046	0.09739452555916071	3.0597392599652258	9.999999999999998
19	26	350.09062487804266	8.911057161559151	139.9486814071974	0.5425125782783395	7.593795866446603	4.455528580779576	420.65361256673475	3.248685714821	153.74170496857172	0.595981383409577	3.0413070574000685	1.6243428574105	340.000000000024	19.999999999999996	30.676642008937158	0.11891833479135742	3.735929669576599	9.999999999999998
20	26	351.53177180984954	1.2595700719282181	17.403402052562704	0.04599507569211236	0.09100254706573417	0.6297850359641091	420.26866721961767	4.742810058989834	14.536228343097656	0.03841748417345522	0.2862098198761894	2.371405029494917	347.1097834368123	14.58549291983872	9.359575819960876	0.02473622094030595	0.5667275680845179	7.29274645991936
0	27	353.1029439828635	19.999999999999996	2.7873683367694264	0.00612361498826471	0.19237903860544756	9.999999999999998	423.99934007782906	19.999999999999996	4.813783200869296	0.010575478873834433	0.33223846738232304	9.999999999999998	349.9999999999419	19.999999999999996	3.910652745514058e-10	8.591376837581322e-13	2.6990606357166982e-11	9.999999999999998
1	27	359.99999999999994	19.999999999999986	3.3892902019077287	0.007843119258295695	0.24639885843090364	9.999999999999993	423.99999302793964	19.999999999999996	3.9085482398436913	0.009044728584952953	0.28414852876201796	9.999999999999998	341.00781976110335	1.0930524976055402	2.0093232176678364	0.004649752805398845	0.007983452820335914	0.5465262488027701
2	27	359.99999999999994	19.999999999999996	1.6028316479149634	0.003834228799234806	0.12045585027858477	9.999999999999998	423.99999999877	19.999999999999996	3.950973591823932	0.009451358631765184	0.29692318843995974	9.999999999999998	347.1644266627405	19.999999999999996	1.9222247067474605	0.00459826790842279	0.14445884680338736	9.999999999999998
3	27	359.999986585415	19.999999999999996	1.0703869665313042	0.0024678163666960284	0.07752873768020896	9.999999999999998	423.99999999999994	19.999999999999996	4.569809960153056	0.01053586428551344	0.3309939383858809	9.999999999999998	349.99999999993787	19.99999999999998	1.2803318827453243	0.0029518520626990894	0.09273516754659328	9.99999999999999
4	27	359.9999999999981	19.999999999999996	3.0717995459311114	0.006895387220490238	0.21662497835549072	9.999999999999998	418.000000000004	19.999999999999996	3.6927177012367394	0.008289186213245483	0.260412465117698	9.999999999999998	340.2027007442488	1.0415405234849466	15.999108802862619	0.03591381818016775	0.05875673142950582	0.5207702617424733
5	27	355.4210151340563	19.999999999999996	1.8191959652703473	0.003965971578960912	0.1245946717680951	9.999999999999998	423.99999999977047	19.999999999999996	3.499605089126352	0.007629378355068801	0.2396839899174112	9.999999999999998	340.00000000000006	19.999999999999996	1.1457634097681033	0.0024978425667728206	0.07847203857597364	9.999999999999998
6	27	359.99999999999994	19.999999999999996	2.411471357637466	0.00558737503010394	0.17553256347425583	9.999999999999998	423.9999999999134	19.999999999999996	4.138853046818883	0.009589715463061302	0.3012697964876982	9.999999999999998	340.00000000000006	19.999999999999996	0.6481377164450658	0.0015017339855455077	0.04717836456635886	9.999999999999998
7	27	359.99999999999994	19.999999999999996	3.1763600610195457	0.007580904100660578	0.23816112630204006	9.999999999999998	421.6957957818977	19.999999999999996	4.162242089717793	0.009933873213276595	0.31208183108522175	9.999999999999998	345.71907708564106	1.0000000032675884	12.675410177577113	0.03025194472502778	0.04751964380775052	0.5000000016337942
8	27	359.99999999999994	19.999999999999996	0.9473058519071557	0.002101630883763115	0.06602468144987625	9.999999999999998	423.99999999999994	19.999999999999996	4.063634651878328	0.009015314396637431	0.28322445478278446	9.999999999999998	340.00000000050886	19.999999999999996	1.980927759979271	0.004394756931454226	0.13806536090169416	9.999999999999998
9	27	359.99999999999994	19.99999999999891	1.7927120415074806	0.004177132514480591	0.1312284882056257	9.999999999999455	423.9999999999992	19.999999999999996	3.8917178982918714	0.009067949003383325	0.28487801972155935	9.999999999999998	340.00000000000006	19.999999999999996	2.155707541400323	0.005022935002613318	0.15780015703669023	9.999999999999998
10	27	359.99999999999994	19.999999999999996	1.421839252505638	0.003216228424644902	0.10104079591131095	9.999999999999998	423.9999999999998	19.999999999999996	4.452827810102432	0.010072384306216757	0.3164332854054368	9.999999999999998	340.00000000000006	19.999999999999996	0.8113178829521766	0.0018352170486045636	0.05765504397638838	9.999999999999998
11	27	359.99999999999994	19.999999999999996	2.3985335242980073	0.005157144241426468	0.16201646462368294	9.999999999999998	423.9999999999997	19.999999999999996	5.08678496691211	0.010937217901577324	0.34360283410306086	9.999999999999998	340.00000000000006	19.999999999999996	0.9487940257846696	0.0020400247054321776	0.0640892662772741	9.999999999999998
12	27	359.99999999999994	19.999999999999996	1.4942215032687995	0.003376579135622282	0.10607836206735533	9.999999999999998	423.99999999973846	19.999999999999996	4.3116032400569	0.009743180318051277	0.30609103709790547	9.999999999999998	340.0000000001101	19.999999999999996	1.338761301325514	0.0030252766860503896	0.09504187011972377	9.999999999999998
13	27	357.5801926350607	19.999999999999996	2.979800008669932	0.006713299243015406	0.21090451583207115	9.999999999999998	423.9999999990577	19.999999999999996	4.275428126780782	0.009632266703662361	0.3026065831364324	9.999999999999998	340.00000000000006	19.999999999999996	0.6812697257031846	0.0015348572120764464	0.04821896141768674	9.999999999999998
14	27	359.99999999999994	19.99999999999579	1.2666080187959676	0.00289830151391586	0.09105282744004324	9.999999999997895	423.99999999999426	19.999999999999996	6.404757344951736	0.014655613760272235	0.4604196852312073	9.999999999999998	340.00000000000017	19.999999999999996	0.8870472103739436	0.0020297757748174976	0.06376728662601179	9.999999999999998
15	27	359.99999999999994	19.999999999999996	0.976030285079196	0.002228967403560424	0.07002507620116542	9.999999999999998	423.9999999880576	19.999999999999996	4.670115657185783	0.010665176818647218	0.33505641142698256	9.999999999999998	340.00000000000006	19.999999999999996	2.9482789013881225	0.0067330057973209664	0.21152361549441032	9.999999999999998
16	27	356.0235109096615	19.999999999999996	3.1477018366952616	0.00737035382205993	0.23154649421740925	9.999999999999998	423.99999999999596	19.999999999999996	4.760053960174042	0.01114568142687041	0.35015190889908276	9.999999999999998	340.00000000000006	19.999999999990848	0.22370152772347238	0.000523797835816735	0.016455594329673345	9.999999999995424
17	27	351.44950970036604	19.99999999999199	4.20534715572352	0.010963628370562573	0.34443254345634217	9.999999999995994	423.8956114982663	19.999999999999996	4.888581255816916	0.01274486651479635	0.40039179013866755	9.999999999999998	349.99999980991737	19.99999986432159	1.9864620909083272e-09	5.178842870864627e-12	1.6269814606831056e-10	9.999999932160796
18	27	350.15653885992106	9.971856595698783	342.5502191395406	0.9297946704571924	14.56407658022071	4.985928297849392	420.6424505137969	3.4744763915275936	443.51257016411336	1.2038399071973143	6.570190745380678	1.7372381957637968	340.0000000000205	19.999999999999996	44.53996234923913	0.12089619944985827	3.7980661203860104	9.999999999999998
19	27	350.0515002559972	8.153982107258527	130.44340429487985	0.48826496260288543	6.253817335673945	4.076991053629263	420.79057059291017	3.0107970630115988	144.89082313069974	0.5423433459118122	2.564930942911944	1.5053985315057994	340.0000000000206	19.999999999999996	23.721780480698115	0.08879340677968306	2.7895271442626237	9.999999999999998
20	27	349.80131280011636	6.147175817582394	16.51303565589876	0.04013289063960127	0.38752163463592515	3.073587908791197	419.78430827200776	19.999999999999996	6.380165534966679	0.015506203160525695	0.48714173934178345	9.999999999999998	340.000000342867	19.999999999999996	3.52236670110417	0.008560676580231895	0.2689415865421471	9.999999999999998
0	28	359.99999999999994	19.999999999999996	1.4726663848581756	0.003378286521572032	0.10613200117892109	9.999999999999998	423.99999999861586	19.999999999999996	3.7404804098599493	0.008580636241011939	0.2695686377788944	9.999999999999998	340.00000000000006	19.999999999999996	1.6936079780641746	0.0038851250113053053	0.12205480193794706	9.999999999999998
1	28	359.99999999999994	19.999999999999996	0.6455477567900032	0.0014932034942521594	0.046910371278571915	9.999999999999998	423.9999999990189	19.999999999999996	4.062421217308231	0.009396704570661281	0.29520618047143105	9.999999999999998	343.3402931990654	19.999999999999734	1.977267309120331	0.0045735771273224006	0.1436831630382217	9.999999999999867
2	28	359.99999999999994	19.999999938604443	2.9882733938865202	0.006975489425157494	0.21914146265996512	9.999999969302221	423.9999998676872	19.999999999999996	3.2742823148264786	0.007643116492881253	0.24011558624566726	9.999999999999998	340.00000038647806	1.0000000000001692	11.898839336381304	0.027775312704781164	0.04362935917225726	0.5000000000000846
3	28	359.99999999999994	19.999999999999996	1.043003068255871	0.0023855814759381607	0.0749452523934722	9.999999999999998	423.999999999683	19.999999999999996	3.7399741609513413	0.008554158036919718	0.2687368004643307	9.999999999999998	340.00000000000006	19.999999999999996	1.2046408702206326	0.0027552833089570256	0.08655977801977965	9.999999999999998
4	28	359.99999999999994	19.999999999999996	0.9079129472382996	0.0021149855737576948	0.06644423140965566	9.999999999999998	423.99999999886677	19.999999999999996	3.735028073330672	0.008700757618561619	0.27334236215138596	9.999999999999998	340.0000000102681	19.999999999999964	2.337262960214762	0.005444660149377697	0.1710490432657805	9.999999999999982
5	28	359.99999874607084	19.999999999999996	1.874467518393919	0.004261787048665426	0.13388798883251427	9.999999999999998	418.00000000000006	19.999999999999996	3.6475074234750595	0.008292968400218632	0.26053128602579145	9.999999999999998	342.88866552087603	19.999999999999996	1.8286281500461157	0.004157566717063704	0.13061381055136764	9.999999999999998
6	28	359.99999999999994	19.999999999999996	0.2990209072928501	0.0006895184432326146	0.021661860757742523	9.999999999999998	423.99999985503626	19.999999999999996	4.755391708396231	0.010965555276452255	0.3444930789903519	9.999999999999998	346.22663388390595	19.999999999999996	2.5853626065501447	0.0059616406618497875	0.1872904650660948	9.999999999999998
7	28	359.99999999999994	19.999999999999996	1.5895244149575734	0.003768070572164493	0.11837742827719856	9.999999999999998	423.9999999996371	19.999999999999996	4.046669861310926	0.009592892991252143	0.3013696214799074	9.999999999999998	340.00000000000006	19.999999999999996	1.700964611873232	0.0040322467764446375	0.12667676850339596	9.999999999999998
8	28	359.99999999999994	19.999999999999996	2.2228726826637435	0.004822457453792008	0.15150196909082309	9.999999999999998	423.9999999999936	19.999999999999996	5.844450083776752	0.012679364000303403	0.39833396795544057	9.999999999999998	340.0000000022798	19.999999999999996	1.408984781580276	0.0030567513898586873	0.0960306771023044	9.999999999999998
9	28	359.99999999999994	19.999999999999996	2.453360281842252	0.005881274283512517	0.18476568082829492	9.999999999999998	423.99999999999966	19.999999999999996	4.06060916063056	0.009734223060739764	0.30580963656024385	9.999999999999998	341.86120103990703	1.0000004451508555	23.367004819835085	0.05601613654004917	0.08798998068714836	0.5000002225754278
10	28	359.99999999999994	19.999999999999996	1.5980655292543364	0.0035469195191892657	0.11142976304359235	9.999999999999998	423.9999999999964	19.999999999999996	3.8782824885297105	0.008607879719372042	0.2704245168936377	9.999999999999998	340.00000000000006	19.999999999999996	1.316882094770886	0.002922830585422334	0.09182343094850356	9.999999999999998
11	28	359.99999999999994	19.999999999999996	2.750943088854541	0.00618439789986054	0.19428859009078012	9.999999999999998	423.99999999999625	19.999999999999996	5.2790813134247845	0.011867907962258667	0.37284132467711634	9.999999999999998	340.00000000000006	19.999999999999996	0.5206260824987359	0.0011704200149623852	0.03676982920620284	9.999999999999998
12	28	359.9999999198863	19.999999999999996	2.1581152025365076	0.005001234196676726	0.1571184061116165	9.999999999999998	423.9999991757642	19.999999999999996	6.16198143019313	0.01427982723616791	0.4486140033967654	9.999999999999998	345.89230865582215	1.4496217537273002	7.188461819263676	0.016658601463792028	0.03793264381151366	0.7248108768636501
13	28	354.3543524075692	19.999999999999996	1.9101319616341819	0.004380949444879187	0.13763158591780733	9.999999999999998	423.99999999605353	19.999999999999996	4.610329809032875	0.010573940556605732	0.3321901397212773	9.999999999999998	340.000000011011	19.999999999999996	1.6569160763270792	0.0038001906206450342	0.11938650936059274	9.999999999999998
14	28	355.919001670464	19.999999999999996	3.886659804740492	0.008409456381685377	0.26419086389386576	9.999999999999998	423.99999999999994	19.999999999999996	4.375800240662459	0.009467795770017565	0.2974395763677569	9.999999999999998	340.00000000000006	19.999999999999996	5.727543710067605e-06	1.239252505332813e-08	3.8932265666963105e-07	9.999999999999998
15	28	355.1699891410673	19.999999999999996	3.1633310239392443	0.007638079947005923	0.2399573584904532	9.999999999999998	423.99999999991127	19.999999999999996	4.477061642039159	0.010810172723240578	0.33961159211369363	9.999999999999998	340.00000000000006	19.999999999999996	1.3758378031581535	0.0033220548387467175	0.1043654307622911	9.999999999999998
16	28	356.3107602456473	19.999999999999996	3.30122616833096	0.0075518331758504375	0.23724783626387405	9.999999999999998	421.9482763107597	19.999999999999996	6.582398032365028	0.015057790439907641	0.4730544382530845	9.999999999999998	340.00000000002393	19.999999998815213	0.5217978594973142	0.001193656594704574	0.03749982788610752	9.999999999407606
17	28	355.08458358212994	1.000015483918929	48.390222570241896	0.12307384067239807	0.1933269302649085	0.5000077419594645	421.25085073130936	3.913321602143803	31.682837156114758	0.08058091583565348	0.4953334036224673	1.9566608010719015	349.96689290655235	8.490278296846897	48.29159326600807	0.12282299067357273	1.6380285648237056	4.245139148423449
18	28	350.46750040654325	8.789151271287851	216.17469364410888	0.8645232879691479	11.935579580341235	4.394575635643926	420.8157823754744	3.3306808847315934	202.97773975893227	0.8117461854708647	4.246910982903796	1.6653404423657967	340.00000000000273	19.999999999999996	32.583627935076194	0.13030806095541844	4.093748470010734	9.999999999999998
19	28	353.95466238687493	3.108546146223212	24.175785979013312	0.06386087772885231	0.3118258244166413	1.554273073111606	420.68301024316014	4.076481403038014	45.56233077347803	0.12035391267495647	0.7706648585194101	2.038240701519007	348.5074382230477	6.498509390136564	58.80111765161607	0.1553244634085303	1.5855264441825212	3.249254695068282
20	28	348.27401336346236	19.999999999999996	4.348254123987336	0.0094842456847552	0.29795636568067624	9.999999999999998	423.99999446613367	19.999999999999996	4.49488561565339	0.00980407268943995	0.30800402736404864	9.999999999999998	340.00000000000006	1.0000000000024114	10.352085408015515	0.02257957298713629	0.03546791030887648	0.5000000000012057
0	29	359.99999999999994	19.999999999999996	0.6631333659297926	0.0015158202165316782	0.04762089656418809	9.999999999999998	423.99999999999994	19.999999999988514	4.640121430416396	0.010606599264576477	0.33321614329145227	9.999999999994257	340.00000000000006	19.999999999999996	1.9647789038521044	0.0044911804117986195	0.14109459387652923	9.999999999999998
1	29	359.99999999999994	19.999999999999996	0.6708055005968311	0.0015131123313521534	0.04753582584232049	9.999999999999998	423.9999999918025	19.999999999999996	3.922290622922611	0.008847372753220919	0.27794841245089336	9.999999999999998	341.78428052499265	19.999999999999996	1.9720512345544825	0.0044482864830532095	0.13974704136222738	9.999999999999998
2	29	359.99999999999994	19.999999999999996	2.3297540805375654	0.005454428920057351	0.1713559382477988	9.999999999999998	423.9999999999888	19.999999999999996	3.8369469232535063	0.008983074410192688	0.28221160573711807	9.999999999999998	340.00000000000006	19.999999999999996	1.789287955572663	0.004189087617751448	0.13160406885171913	9.999999999999998
3	29	359.99999999999994	19.999999999999996	1.4057384366694474	0.0031484563074308638	0.09891167205573247	9.999999999999998	423.9999999999982	19.999999999999996	3.998606012757847	0.00895574595770889	0.2813530570815473	9.999999999999998	340.00000000004275	19.999999999960863	1.070673925771808	0.002398006618346938	0.07533559975443702	9.999999999980432
4	29	359.99999999999994	19.999999999999996	1.9781460431592812	0.004458948588064226	0.1400820012699715	9.999999999999998	423.99999999999517	19.999999999999996	5.369943863889754	0.012104416502855427	0.3802714596136166	9.999999999999998	340.00000000000006	19.999999999999996	1.4793043360444869	0.003334507077135824	0.10475662936873077	9.999999999999998
5	29	353.8836985528547	19.999999999999996	1.3719697744919932	0.0031243000874610453	0.09815278202377566	9.999999999999998	423.9999999999572	19.999999999999996	4.38202016521487	0.009978897669597881	0.31349631609733003	9.999999999999998	340.00000000000006	19.999999999999996	1.320255187776393	0.003006533726421213	0.09445304267694826	9.999999999999998
6	29	359.99999999999994	19.999999999999996	2.284913478720588	0.005126669566314004	0.16105907446914441	9.999999999999998	423.99999999989654	19.999999999999996	3.626372501803782	0.00813650657421189	0.2556158927942912	9.999999999999998	340.00000000000006	19.999999999999996	1.4809379370739655	0.003322786408458737	0.1043884137026198	9.999999999999998
7	29	359.99999999999994	19.999999999999996	1.3883432756780105	0.0030919899035198152	0.09713772765871663	9.999999999999998	423.9999999999949	19.999999999999996	4.14458291141632	0.00923043222875963	0.2899825807932971	9.999999999999998	340.00000000000006	19.999999999999996	2.1767163535938314	0.004847781601313082	0.15229755064892936	9.999999999999998
8	29	359.99999999999994	19.999999999999996	1.989187539652604	0.004348258465348562	0.13660456850648667	9.999999999999998	418.00000753077444	19.999999999999996	4.059537203575722	0.008873933029928555	0.27878282815271355	9.999999999999998	340.00000000000006	19.999999999999996	1.0609318094464406	0.002319140669053614	0.0728579528854015	9.999999999999998
9	29	359.99999999999994	19.999999999999996	1.884941297255646	0.0044169111444127595	0.13876135602846007	9.999999999999998	423.99999999102556	19.999999999999996	4.856801037155994	0.011380756874732695	0.3575370218995176	9.999999999999998	340.00000000008293	19.999999999999996	0.9453295393639304	0.002215154701973103	0.06959113738283586	9.999999999999998
10	29	359.99999999999994	19.999999999999996	1.692889257095491	0.003858916128036419	0.12123142558658381	9.999999999999998	419.64047335416166	19.999999999999996	4.549759805339067	0.010371110465688553	0.3258180444857537	9.999999999999998	340.00000000000006	19.999999999999996	0.67425398002366	0.0015369520167965022	0.048284771648879066	9.999999999999998
11	29	359.99999999999994	19.999999999999996	0.6907848242377387	0.0015911915754707345	0.04998875763952827	9.999999999999998	418.0000000054588	19.999999999999996	4.190202032988805	0.009651940720859686	0.3032246606153695	9.999999999999998	340.8716351914871	19.999999999999996	2.0676908840620944	0.004762832361043488	0.1496287915573395	9.999999999999998
12	29	358.0574718719725	19.999999999985047	1.2677941115539442	0.0029742598114372632	0.09343912773471684	9.999999999992523	423.9999999989545	19.999999999999996	3.6136933003309113	0.008477766741525831	0.26633689714025427	9.999999999999998	340.00000000000006	19.999999999988074	2.0210574460932587	0.004741424403015489	0.1489562407205595	9.999999999994037
13	29	357.2949212012667	19.999999999999996	2.1249562715937076	0.00467383249001819	0.14683277814750434	9.999999999999998	423.99999999992264	19.999999999999996	5.2341216528639425	0.01151242882730747	0.36167361828844496	9.999999999999998	340.0000056650365	19.999999999998877	1.8586156887582692	0.004088017484736676	0.12842885697794645	9.999999999999439
14	29	351.5835474043012	19.999999999999996	3.8762335821824263	0.00916292913654035	0.28786190860719024	9.999999999999998	423.99999999995293	19.999999999999996	5.518718662559576	0.013045557487034919	0.4098382756325221	9.999999999999998	340.00000000000006	19.999999999999996	0.09767815184555463	0.00023089887762778354	0.0072539021767757325	9.999999999999998
15	29	355.0314470244532	1.0000000000000002	35.91002317788006	0.08466830223890638	0.1329966581528343	0.5000000000000001	423.99999999999994	19.999999999999996	3.8636275989597157	0.009109623451560613	0.28618726112392107	9.999999999999998	349.92296283959956	19.999949556478082	6.469759110900564	0.015254334899791212	0.4792278558657336	9.999974778239041
16	29	350.9446252249509	6.570473666782129	23.056857876856935	0.05258526647213456	0.5427260094843321	3.2852368333910644	420.52575447005256	19.999999999999996	6.752016575018163	0.015399175061836311	0.48377935245608095	9.999999999999998	348.21505668038134	19.999999999999925	4.124537731711416	0.009406742100540903	0.2955215187727301	9.999999999999963
17	29	353.20848209815955	4.126258386211839	47.519255084862955	0.16318423793790063	1.057680517500589	2.0631291931059197	420.4699219823245	3.856364262300354	120.83443414739234	0.4149533703292589	2.513606107312173	1.928182131150177	348.05852467306426	10.675298542850541	58.06145107587667	0.19938683025365356	3.3434618760810677	5.337649271425271
18	29	355.1360442303436	1.0000000000060763	45.17603851087949	0.1323881347196354	0.2079547957300948	0.5000000000030381	420.92773708259585	3.56795658061981	43.70410640844345	0.12807464571310087	0.7177985900173386	1.783978290309905	349.2094361403681	10.295374576836384	48.337964673195664	0.14165414211090863	2.290821800850624	5.147687288418192
19	29	353.34528929636406	1.000000003358197	15.202785123470129	0.035011341298956444	0.054995686493249596	0.5000000016790985	418.00000000000006	19.999999999999996	4.323002954396165	0.009955684477780323	0.3127670521685259	9.999999999999998	348.90736346161134	19.999999999999826	5.650442665817505	0.01301271938374711	0.40880663619205065	9.999999999999913
20	29	359.99999999999994	19.999999999999996	0.8309543323319718	0.0019114776267754885	0.060050840697791256	9.999999999999998	423.99999999665914	19.999999999999996	4.497476867807716	0.010345726684676891	0.325020589486288	9.999999999999998	340.00000000000006	19.999999999999996	2.6700561529041593	0.006142037414002615	0.1929577961790426	9.999999999999998
0	30	359.99999999999994	19.999999999999996	2.3280465812553315	0.00555615763539771	0.17455184009552277	9.999999999999998	423.9999999999992	19.999999999999996	4.280067047261826	0.010214884614480035	0.32091006462117877	9.999999999999998	340.00000000000006	19.999999999999996	1.7764554745007997	0.00423972042830407	0.13319474550834634	9.999999999999998
1	30	359.99999999999994	19.999999999999996	4.585986274287202	0.010985505590862399	0.345119836602229	9.999999999999998	423.9999999999997	19.999999999999996	3.293214786220343	0.007888734785094264	0.24783191246970387	9.999999999999998	340.00000000000006	19.999999999999996	0.37324680043949093	0.0008940944363460482	0.028088805128402512	9.999999999999998
2	30	359.99999999999994	19.999999999999996	2.601678279559935	0.005967976312950262	0.1874895054156244	9.999999999999998	423.99999999999994	19.999999999999996	4.095573530073536	0.009394814880631314	0.295146814108274	9.999999999999998	340.00000000000006	19.999999999999996	0.1411693194414983	0.00032382756975035204	0.010173343141575421	9.999999999999998
3	30	359.99999999999994	19.999999999999996	0.552463875711052	0.0012266700423460674	0.03853697593413085	9.999999999999998	419.7153161765569	19.999999999999996	4.76247403540649	0.010574418497798003	0.3322051546866621	9.999999999999998	343.21138974204194	19.999999999999996	1.9039946533602765	0.004227558225518587	0.1328126586391229	9.999999999999998
4	30	351.7614099357249	19.999999999999996	2.2333332041655316	0.005231889733749379	0.16436466351938903	9.999999999999998	423.99999995370916	19.999999999999996	4.074147655214136	0.009544250383837515	0.29984146889885493	9.999999999999998	341.92990169379055	1.0000000103503912	13.541016787115263	0.03172169140766753	0.04982831685862795	0.5000000051751956
5	30	357.53966451600974	19.999999999999996	2.055448250159789	0.0045228982856312236	0.1420910402707292	9.999999999999998	423.99999999942605	19.999999999999996	4.808085827971943	0.010579922480077776	0.3323780673896184	9.999999999999998	340.00000000000006	19.999999999999996	1.049958693359696	0.0023103750599466543	0.07258257315365485	9.999999999999998
6	30	359.99999999999994	19.999999999999996	2.2285174498948646	0.004999279129296841	0.1570569858584373	9.999999999999998	423.99999967827955	19.999999999999996	3.500865837259934	0.007853564492172851	0.24672700513103876	9.999999999999998	340.00000000000006	19.999999999999996	0.6199437157498385	0.0013907325157508266	0.04369115054591247	9.999999999999998
7	30	359.99999999999994	19.999999999999996	1.9395242011821414	0.00447860220947919	0.14069943799650836	9.999999999999998	423.99999991700224	19.999999999999996	3.9626799935573103	0.009150320147481418	0.2874657855332229	9.999999999999998	340.00000000000006	19.999999999999996	2.4261305620106923	0.005602236718099954	0.17599945717253804	9.999999999999998
8	30	359.99999999999994	19.999999999999996	2.8874476635072885	0.006473248721446287	0.20336310628155171	9.999999999999998	423.99999999997397	19.999999999999996	4.258237711153552	0.00954636586758329	0.2999079287808001	9.999999999999998	340.00000000000006	19.999999999999996	0.8722771976222654	0.001955521939191272	0.061434533580969654	9.999999999999998
9	30	359.99999999999994	19.999999999999996	1.0415983308847396	0.002342117991467652	0.07357980675835255	9.999999999999998	423.99999152732613	19.999999999999996	4.5573054554033865	0.010247469473811088	0.3219337481681057	9.999999999999998	347.9802776263203	19.999999999999996	1.7477466679332907	0.003929949572804343	0.12346300706900469	9.999999999999998
10	30	359.99999999999994	19.999999999999996	1.8280129147342896	0.004169505982340084	0.13098889363218297	9.999999999999998	423.9999993876435	19.999999999999996	4.6467823669519515	0.01059882384936804	0.3329718714186692	9.999999999999998	343.5849835540996	19.999999999999996	2.0068269792210245	0.004577362133461619	0.1438020725130312	9.999999999999998
11	30	349.75615741509586	19.99999999999998	1.9452094436393348e-08	4.3425203882990626e-11	1.3642430149944216e-09	9.99999999999999	418.00000000000006	19.999999999999996	3.879419809607349	0.008660486238681205	0.27207719943956366	9.999999999999998	349.2082507890738	19.999999999999996	4.1716358703526835	0.009312834604418592	0.2925713277733825	9.999999999999998
12	30	359.99588190126707	19.999999999999996	1.748285284355939	0.004044973105655184	0.12707657792694613	9.999999999999998	423.9999999999946	19.999999999999996	4.187208476963795	0.009687861488423799	0.30435314481027675	9.999999999999998	340.0000000000041	19.999999999999996	1.3895983449139717	0.0032150862237055795	0.10100491261051196	9.999999999999998
13	30	353.7295267780282	5.6255225758587235	5.305282796734347	0.01186861332279232	0.10487759741297317	2.8127612879293618	421.302213079224	19.999999999999996	5.8353959219604885	0.013054545900131817	0.4101206549580486	9.999999999999998	342.6780229344564	19.999999999999996	2.6934260802695174	0.006025547343097419	0.18929815266932346	9.999999999999998
14	30	352.4929210893388	7.161456067550438	12.395820716190487	0.02832525716012038	0.3186361680220417	3.580728033775219	421.024825733233	19.999999999999996	4.943658252913437	0.011296580882508843	0.35489255511172674	9.999999999999998	349.57734773610963	19.99986950040839	3.475789039204239	0.007942404187985424	0.24951635838839137	9.999934750204195
15	30	354.4441105198165	4.860534637679617	54.794813988508544	0.13937772662240652	1.0641363925123122	2.4302673188398085	420.8831414185646	4.260724202238599	27.28517325208611	0.06940338221007197	0.46449809310812396	2.1303621011192995	349.99999999999994	9.131711356661699	48.28407770948528	0.12281682322380028	1.7616917163143406	4.565855678330849
16	30	354.14875485196893	5.4589956350187006	106.90400475270346	0.532980507512042	4.57029201785196	2.7294978175093503	419.9706903548763	4.544395218788001	108.72186800895635	0.5420436448860482	3.8692806210428268	2.2721976093940004	348.82742441092665	11.48418869170859	84.10380005275832	0.41930782798552596	7.564028680082956	5.742094345854295
17	30	353.23993751121907	6.538684477472262	109.99614079007056	0.44031446758883924	4.52244416431232	3.269342238736131	420.9565053275507	3.7258379938107793	78.41860398690368	0.31390961187858757	1.8371662479316289	1.8629189969053896	346.7915039288657	13.843208568630255	57.865128823513366	0.23163406649431179	5.036850618314246	6.921604284315127
18	30	351.52593236807724	19.99999936828635	3.794379806937546	0.009429749318748088	0.2962443024926447	9.999999684143175	420.85628676449863	19.999999999999996	5.913993203608573	0.014697388300676954	0.46173207112363285	9.999999999999998	349.9966054037665	10.211666734545036	10.774077766027693	0.026775614894582116	0.42949287437167316	5.105833367272518
19	30	359.99999999999824	19.999999999999996	1.3204003154951274	0.002786748733589289	0.08754829348844768	9.999999999999998	423.9999999997025	19.999999999985196	3.9496505932528696	0.00833586879653259	0.2618790417245579	9.999999999992598	340.00000000000006	19.999999999999996	2.141623920505436	0.004519968435523353	0.14199899631497911	9.999999999999998
20	30	359.99999999999994	19.999999999999996	2.49936956727347	0.005628005917149277	0.1768090204367605	9.999999999999998	423.999999999884	19.999999999999996	4.179997791972736	0.0094123944753623	0.2956990933648735	9.999999999999998	340.00000000000006	19.999999999999996	2.3076180273069595	0.005196225513128727	0.16324423898441057	9.999999999999998
0	31	359.99999999999994	19.999999999999996	1.0061972516316071	0.002291737730891568	0.07199706419323491	9.999999999999998	423.99999999999943	19.999999999999996	4.368312257372253	0.00994936728787785	0.31256859179463653	9.999999999999998	340.00000000000006	19.999999999999996	2.29106032644859	0.0052181710746645165	0.16393367913340798	9.999999999999998
1	31	359.99999990709773	19.999999999999996	1.4102589062308473	0.00327346161755537	0.1028388296952011	9.999999999999998	418.00000000043406	19.999999999999996	3.421284852143375	0.007941410330211866	0.24948676352535684	9.999999999999998	340.00000000000006	19.999999999999996	1.4069578782736565	0.0032657993448559396	0.10259811229897776	9.999999999999998
2	31	353.3729987914599	19.999999999999996	2.673296143320386	0.006049542416356527	0.19005198012805508	9.999999999999998	423.9999999811767	19.999999999999996	4.70260182152173	0.010641764945351847	0.3343209057354674	9.999999999999998	340.0000024147078	1.0000000000080322	13.862853007461444	0.03137097904020087	0.04927741864470303	0.5000000000040161
3	31	359.99999999999994	19.999999999999996	2.7474647075033025	0.006287250659315785	0.1975198048258405	9.999999999999998	423.99999999999994	19.999999999999996	4.449397182166374	0.010181923462286987	0.31987455948534343	9.999999999999998	340.00000000000006	19.999999999999996	1.3598630790187027	0.0031118871215306616	0.09776281719801412	9.999999999999998
4	31	359.99999999999994	19.999999999999996	0.668524808640029	0.0015349142521539443	0.04822075338457101	9.999999999999998	423.99999912093665	19.999999999999996	3.8864616588475642	0.00892320720714956	0.28033082208440546	9.999999999999998	346.86412632440016	19.999999999999996	1.9634194198313948	0.004507956042178489	0.14162161584813657	9.999999999999998
5	31	359.99999999999994	19.999999999999996	1.2496058442877815	0.0026991290767604216	0.08479564078641139	9.999999999999998	423.9999974175217	19.999999999999996	4.715081678921161	0.010184502671024272	0.3199555877175547	9.999999999999998	340.00000000000006	19.999999999999996	1.3664051611853727	0.002951413774231347	0.09272139830828922	9.999999999999998
6	31	359.99999999999994	19.999999999999996	0.9401856983338408	0.0021083087933206155	0.06623447416594806	9.999999999999998	423.9999999990668	19.999999999999996	4.236113294569376	0.009499224381172993	0.29842693530694114	9.999999999999998	340.00000000000006	19.999999999999996	2.20477403327109	0.004944070612718324	0.15532255915745072	9.999999999999998
7	31	359.99999999999994	19.999999999999996	1.6999305129169078	0.0037732477898905544	0.11854007536894086	9.999999999999998	423.9999999992701	19.999999999999996	4.061951093684724	0.009016102640919283	0.2832492182072354	9.999999999999998	340.00000000000006	19.999999999999996	2.3426879889736556	0.005199943297464694	0.16336103662398563	9.999999999999998
8	31	358.63845152234234	19.999999999999996	1.46942436341037	0.003439391247163725	0.10805166274910592	9.999999999999998	423.99999999985994	19.999999999999996	5.036961487703076	0.011789706013108065	0.370384537987637	9.999999999999998	340.00000000000006	19.999999999999996	1.8637800708139274	0.004362435401110466	0.1370499500788868	9.999999999999998
9	31	349.9508171327262	19.999999999999996	2.611745786689628	0.00602469227138945	0.18927128979936295	9.999999999999998	423.99999999999994	19.999999999999996	3.5798789568815215	0.00825795113519479	0.2594311862003144	9.999999999999998	349.99999998959896	1.0000012053454201	6.070040941767611	0.014002177752237242	0.02199459589139695	0.5000006026727101
10	31	358.8919256582997	19.999999999999996	1.9648801943464909	0.004511674685266714	0.14173844046620948	9.999999999999998	423.99999999540614	19.999999999999996	4.201268981869023	0.009646775903199019	0.30306240308317073	9.999999999999998	340.00000000000006	19.999999999999996	0.8995420984242906	0.002065490468818323	0.06488929682899379	9.999999999999998
11	31	359.99998311078997	19.999999852199604	1.080199216857737	0.002479608687754153	0.07789920379658208	9.999999926099802	421.54473547837597	19.999999999999996	4.473870507591855	0.010269816905424455	0.32263581343793724	9.999999999999998	348.10814283579157	19.999999999999996	2.699029876999694	0.0061956515308211665	0.19464213333430128	9.999999999999998
12	31	351.55786767386127	19.999999999999996	5.900294809076302	0.01271429918377524	0.3994314891129099	9.999999999999998	423.99999999999994	19.999999999999996	4.293050710604614	0.009250915913859398	0.29062609473957585	9.999999999999998	349.9999998867196	1.000008405312345	2.0177545617867643	0.0043479751449911775	0.006829840793210264	0.5000042026561725
13	31	351.75373186865323	9.541632400441976	31.80168928589203	0.07972485583483699	1.1949130400477388	4.770816200220988	421.9116442848184	19.999999999999996	5.152529560624085	0.012917070936471441	0.405801751599169	9.999999999999998	340.0431023992562	1.0000000003494736	29.97536275350085	0.07514636888110092	0.11803964025165938	0.5000000001747368
14	31	352.1891062330852	6.927769375042092	78.80376890134686	0.22196608034995444	2.415460343036076	3.463884687521046	420.9671193610722	4.525453129626874	42.10568912768832	0.1185988298073258	0.8430675087668369	2.262726564813437	346.02987156918016	12.059849070807655	23.50822107105555	0.06621545847223084	1.25435694898329	6.029924535403827
15	31	353.42868694519325	4.807738438095395	354.9969422493333	0.7559745535386418	5.709103105222396	2.4038692190476976	419.9723321729885	4.489473321890032	393.8668261832873	0.8387489091905035	5.9148977380503425	2.244736660945016	348.72107664263496	10.452920632055411	266.24118862221974	0.5669670347777703	9.30926382239652	5.226460316027706
16	31	353.38779887738156	5.450559217648474	273.9599965269523	0.6715258125181471	5.749414903809003	2.725279608824237	420.3893722610332	4.012013044771325	238.55244977774717	0.584735471222114	3.6850353069603985	2.0060065223856625	348.97090602561485	10.97968327054976	239.76397471467791	0.5877051393414461	10.136060120227565	5.48984163527488
17	31	354.4939819531715	4.344261201225223	102.52277683162878	0.39373628573185865	2.6868365449256117	2.1721306006126113	420.7057167459534	3.983299224419818	62.97199638843983	0.2418424542267678	1.5131965769310831	1.991649612209909	349.947201827617	9.492012653750232	119.53178567503879	0.4590589796048802	6.844577929180705	4.746006326875116
18	31	352.8326287035719	7.566207818440186	22.765296144319034	0.055551511458459386	0.6602281276310681	3.783103909220093	422.3835393039059	19.999999999999996	5.918674169166302	0.014442654022288115	0.4537293577475941	9.999999999999998	345.47300750766874	1.0000001908081944	24.92809543219202	0.060829139680862544	0.09555020740455164	0.5000000954040972
19	31	359.99999999999994	19.999999999999996	1.6052605475139539	0.0035471579737359664	0.11143725431411367	9.999999999999998	423.99999999999994	19.99999999999728	3.7628262820848395	0.008314749447341337	0.26121555780203787	9.99999999999864	340.00000000000006	19.999999999999996	1.7656879110566521	0.0039016556923008555	0.12257412859769164	9.999999999999998
20	31	359.99999999999994	19.999999999999996	1.4108947851894174	0.003345793045603569	0.1051111885249999	9.999999999999998	423.99999999996726	19.99999999999996	4.690002075868432	0.011121861455601192	0.34940358243160125	9.99999999999998	340.00000000000006	19.999999999999996	2.16461895312279	0.005133173015993249	0.16126338636649748	9.999999999999998
0	32	359.99999999999994	19.999999999999996	0.8755916697652957	0.0020606635475639797	0.06473765462547279	9.999999999999998	423.9999999999885	19.999999999999996	3.9842961484008947	0.00937685238361173	0.29458250562150545	9.999999999999998	340.00000000000006	19.999999999999996	2.256204559976572	0.005309870631635407	0.16681450567857983	9.999999999999998
1	32	359.99999999999994	19.999999999999996	1.8646171095261495	0.00431467015428294	0.13554936059358422	9.999999999999998	423.9999999999853	19.999999999999996	4.555020046389973	0.010540184870079725	0.33112967355320744	9.999999999999998	340.00000000000006	19.999999999999996	0.707294319224312	0.0016366586329493356	0.051417147377079454	9.999999999999998
2	32	359.99999999999994	19.999999999999996	1.3733063594376396	0.003093851560977456	0.09719621335264086	9.999999999999998	423.9999999982078	19.999999999999996	4.416229363507771	0.00994909694841723	0.3125600988300019	9.999999999999998	340.00000000000006	19.999999999999996	1.5578030403163985	0.0035094946840207725	0.11025402717132089	9.999999999999998
3	32	359.99999999999994	19.999999999999623	1.6882865135266565	0.0037774691286922347	0.11867269263861537	9.999999999999812	423.99999999925217	19.99999999999983	5.055508227967322	0.01131148422260652	0.35536075734937195	9.999999999999915	340.0000000006754	19.999999999999996	1.2307396202628633	0.002753727453102684	0.08651089936655922	9.999999999999998
4	32	359.99999999999994	19.999999999999996	2.7635796299760824	0.006451120208620897	0.2026679185482806	9.999999999999998	423.99999999999466	19.999999999999996	3.7153593804585188	0.008672892838543828	0.2724669642694081	9.999999999999998	340.00000000000006	19.999999999999996	0.4124981075059198	0.0009629087030766488	0.030250669076632746	9.999999999999998
5	32	359.9999999999995	19.99999989376805	2.5664697856232705	0.005672395053495555	0.17820354533666166	9.999999946884024	418.00000000000006	19.999999995962263	4.544798522288452	0.010044884534147064	0.31556935452263213	9.999999997981131	340.0000000000002	19.999999999999996	1.3256437126043852	0.0029299292281551093	0.09204644138710102	9.999999999999998
6	32	359.99999999999994	19.999999999999996	0.7896522979243434	0.0017621310281570835	0.055358978927209215	9.999999999999998	423.99999999998636	19.999999999999996	4.638403341011809	0.01035072584451276	0.3251776427244329	9.999999999999998	342.73137955074003	19.999999999999996	2.1530524077898305	0.004804596229235918	0.15094084217232778	9.999999999999998
7	32	358.9283182175698	19.999999999999996	1.7183063177746813	0.004068636422934873	0.1278199829642005	9.999999999999998	423.9999651182529	19.999999999999996	4.342786520051131	0.010282927572188301	0.32304769718182685	9.999999999999998	344.45202021663727	19.999999999999996	2.103289334046139	0.004980206092446369	0.1564577887339264	9.999999999999998
8	32	359.99999999999784	19.999999999999996	1.3297296927175397	0.002973014944615471	0.09340001909016626	9.999999999999998	423.9999999994766	19.999999999999996	3.9891544042739744	0.008918967309850399	0.28019762178233526	9.999999999999998	340.00000000000006	19.999999999999996	2.2074379528439914	0.004935398569392269	0.15505011888140324	9.999999999999998
9	32	355.8702894191919	19.999999999999996	1.7379307555763257	0.0038581586636392807	0.12120762914072974	9.999999999999998	423.99999999998556	19.999999999999996	4.933792955590277	0.010952885191274866	0.3440950365252155	9.999999999999998	340.00000000000006	19.999999999999996	0.8032601265639167	0.0017832154742153967	0.05602136633562728	9.999999999999998
10	32	359.9999999999999	19.999999999999996	3.2924342006975738	0.0076091115282427065	0.23904728877472686	9.999999999999998	423.99995873167376	19.999999999999996	4.271303043088411	0.009871365453224904	0.31011809188751427	9.999999999999998	349.1123945606123	19.999999999999996	1.2081483539567106	0.0027921394954443534	0.0877176492668589	9.999999999999998
11	32	352.1856631900537	19.99999999979229	4.7986938740823515	0.01162543718760812	0.36522388062979955	9.999999999896145	422.81370148961264	19.999999999999996	8.122837165095687	0.019678590826143656	0.618221163724124	9.999999999999998	349.99985806520687	3.1395810323945597	9.352397211641613	0.022657354103108398	0.11173796710997123	1.5697905161972798
12	32	352.8335159771803	6.079829552619797	46.48454805053876	0.12072020909126271	1.1528989935419662	3.0399147763098986	419.93231134830495	4.539423360917455	52.61935227082262	0.13665227424550366	0.9744003453200424	2.2697116804587276	346.9170403985123	6.858740877620087	36.133744096851565	0.09383920734003014	1.0109940583732122	3.4293704388100434
13	32	352.57857151597096	5.544386740270717	76.43017822185827	0.22048802250530475	1.9202527496445303	2.7721933701353585	419.63973662220445	4.095547539087915	191.154691211705	0.5514486664617939	3.5476187308189258	2.0477737695439573	348.09860188855055	10.999780509462196	99.1759009893015	0.2861055514725885	4.943450400594834	5.499890254731098
14	32	353.94836753858186	4.506286115753344	44.18218589047371	0.19285749801983162	1.3651336376399845	2.253143057876672	419.4009314044077	4.3681733540036864	166.16177062680882	0.7253046155088709	4.97668535053354	2.1840866770018432	348.9969453597196	10.026592519901534	78.43739371117212	0.3423832297440669	5.392445034379842	5.013296259950767
15	32	353.9068376944844	4.62133664490662	150.34690658718927	0.5686999488474825	4.1282945136801485	2.31066832245331	420.3085352146339	4.46937659036533	195.73990389558656	0.7404028181203453	5.197983421785569	2.234688295182665	349.6332985362701	10.059198483573656	205.8649348720052	0.7787016080926498	12.304226753986436	5.029599241786828
16	32	353.83001048084606	4.961809123469989	149.6949684475084	0.6423147258318366	5.006195542621863	2.4809045617349943	420.5506825362069	3.9532288162429374	92.74305198977089	0.39794409010150655	2.4711203021424755	1.9766144081214687	349.2980738025244	9.346506504518247	142.0536094699404	0.6095270012505638	8.948745120939323	4.673253252259124
17	32	355.08993760905554	3.680369275911044	28.68793189317695	0.08037970901368102	0.4646839829690562	1.840184637955522	419.801446285032	19.999999999999996	5.255267238927185	0.014724548741506333	0.46258534153741115	9.999999999999998	349.99999999999994	8.185375734158171	34.906217846847156	0.09780250607625868	1.2575014077857305	4.092687867079086
18	32	355.01243032884867	19.999999999999996	4.303931545353382	0.009961683944862536	0.3129555309856353	9.999999999999998	423.999999999451	19.999999999999996	4.54273448277571	0.010514406348236796	0.33031981740478594	9.999999999999998	340.11523258527734	19.9999999809398	4.201262641854187e-16	9.724051176579136e-19	3.054900771035869e-17	9.9999999904699
19	32	356.4519870028976	19.99999999999858	2.4204775892925054	0.0056930981993324	0.17885395479186678	9.99999999999929	423.99998999298504	19.999999999999996	3.84510806600772	0.009043908484699317	0.28412276455269764	9.999999999999998	347.21941511890924	19.999999999999996	0.9460086947223105	0.0022250651773440305	0.06990248414902475	9.999999999999998
20	32	357.48339047930517	19.999999999999996	3.892382485297692	0.00881412205143856	0.27690381084643173	9.999999999999998	423.9999998997974	19.999999999999996	3.7031571975639634	0.00838563004490953	0.26344233744809625	9.999999999999998	340.30428190388375	1.0000001471225524	5.644184895781949	0.012780998460510578	0.020076348388224426	0.5000000735612762
0	33	359.99999999999994	19.999999999999996	2.8577455773400153	0.00643469998702222	0.2021520620728334	9.999999999999998	423.9999999999957	19.999999999999996	3.5040270290341966	0.007889912544012717	0.247868912857363	9.999999999999998	340.00000000000006	19.999999999999996	0.479150707150943	0.0010788892732556301	0.03389430614896718	9.999999999999998
1	33	359.99999999999994	19.999999999992085	1.347310421965936	0.0029829477118022705	0.09371206617436788	9.999999999996042	423.99999999999955	19.999999999999996	5.0650091195179945	0.01121393935428626	0.3522962949322717	9.999999999999998	340.00000000000006	19.999999999999996	1.8535840702627961	0.0041038384850876925	0.12892588836270558	9.999999999999998
2	33	359.99999999999994	19.999999999999996	1.957822584708304	0.0046102194546658185	0.14483431570214875	9.999999999999998	423.99999999999847	19.999999999999996	4.92414439144173	0.011595221369044796	0.36427462269738503	9.999999999999998	340.00000000000006	19.999999999999996	1.3943115741438379	0.003283281332634828	0.10314732514274079	9.999999999999998
3	33	359.99999999999994	19.999999999999996	2.406925999122544	0.005473390705726271	0.17195164031336302	9.999999999999998	423.9999999999796	19.999999999999996	4.211558708598889	0.009577156215300855	0.3008752360827099	9.999999999999998	340.00000000000006	19.999999999999996	1.661882185003444	0.0037791483862511573	0.11872544807072355	9.999999999999998
4	33	359.99999999999994	19.999999999281673	1.705923791140739	0.0039095064990980425	0.12282076896286835	9.999999999640837	423.9999999837527	19.999999999999996	4.659922438778457	0.010679256104116429	0.3354987252249612	9.999999999999998	345.0229957207959	19.99999999990769	1.6006390177380732	0.0036682228567622116	0.11524061978481139	9.999999999953845
5	33	359.99980548494506	19.999999999999996	1.6872139364242926	0.003707649289073638	0.11647923768641157	9.999999999999998	423.99999999999994	19.999999999999996	4.849463948296099	0.010656687437275124	0.3347897096454616	9.999999999999998	340.00000000000006	19.999999999999996	1.408831033696073	0.0030959034107898424	0.0972606741156095	9.999999999999998
6	33	359.99999999999994	19.999999999999996	1.549066442158284	0.0036727907388205455	0.11538412403251253	9.999999999999998	423.999999989894	19.999999999999996	4.220780985897638	0.010007346937292114	0.3143900762012121	9.999999999999998	340.00000000000006	19.999999999999996	2.159036256111213	0.0051190111349741505	0.16081847775279137	9.999999999999998
7	33	359.9999999987499	19.999999999981785	1.732620086182677	0.004042711132493101	0.12700551594414433	9.999999999990893	423.9999999999589	19.999999999997414	3.9148600650690524	0.009134517424461312	0.28696932834771904	9.999999999998707	340.0000000000004	19.999999999999996	1.4145239666841152	0.003300499534142678	0.10368825089639169	9.999999999999998
8	33	359.99999999981253	19.999999999999996	2.5350548736766325	0.005782051325852584	0.18164849967977598	9.999999999999998	423.99999999996203	19.999999999999996	3.84728899398764	0.008775045723709195	0.2756761918051933	9.999999999999998	340.00000000000006	19.999999999999996	1.4621899696443814	0.0033350195060547166	0.10477272779800156	9.999999999999998
9	33	352.48993466525656	19.999999999999996	1.3275050923325757	0.003065691929088778	0.09631155242594823	9.999999999999998	423.9999999726812	19.999999999999996	4.932008264308235	0.011389800323493552	0.3578211302214198	9.999999999999998	345.9463696177018	19.99999943333842	1.8347416113974704	0.004237085479002752	0.1331119623631985	9.99999971666921
10	33	350.71086032397136	19.999999999999996	6.196760665474141	0.014662457612910927	0.46063469120292694	9.999999999999998	421.822142027182	19.999999999999996	6.623107368642564	0.01567125733926489	0.492327069295497	9.999999999999998	349.55996641266364	5.176561247512251	3.8051745942534647	0.009003609177424635	0.07321125792601196	2.5882806237561256
11	33	353.18937593093625	3.8468151888687676	24.78304974646509	0.07084094612918486	0.42806089190430485	1.9234075944343838	419.6075626732322	4.500723234385342	71.2550582657267	0.20367855432135662	1.439950252206191	2.250361617192671	348.6368941106743	9.269532992436119	28.356632903954154	0.08105583148581672	1.1802173554755608	4.6347664962180595
12	33	351.93279348572855	6.56218169264652	74.89457959669983	0.256998285439754	2.6491000075010844	3.28109084632326	418.387807163933	4.642927112691224	151.91519582560545	0.5212919956245462	3.801830928236765	2.321463556345612	343.69017690532814	5.098274273039576	20.7927355457206	0.07134958782902211	0.5713925074426495	2.549137136519788
13	33	353.3247307961258	2.9958927774953703	58.078004464220136	0.20617862051257818	0.9702636752396389	1.4979463887476852	418.2077516810475	4.755769493445146	294.5444432803183	1.0456414189057455	7.811302408375957	2.377884746722573	348.9072674249535	8.860215582028362	99.56061554541712	0.3534431074191503	4.919077703272336	4.430107791014181
14	33	353.35987670532757	3.362786435232747	52.17762188016099	0.23307532301309714	1.231162726380703	1.6813932176163735	419.46945282829114	4.383725991815859	165.8047931397476	0.7406432935353854	5.100025788486659	2.1918629959079294	348.51653275779347	10.72947590251525	110.75645526703802	0.49474459848783897	8.338337069917197	5.364737951257625
15	33	353.306982763296	4.203528265619897	37.335796231878895	0.10992017925700445	0.7257904961865322	2.1017641328099486	420.3749434913526	4.268561080044831	57.97287309657139	0.17067772073862136	1.1444009557952894	2.1342805400224156	349.3170625786623	10.287528977330732	73.35560038787949	0.2159659511226961	3.489926132876528	5.143764488665366
16	33	351.7038176566823	7.5280735524505875	32.31799446011542	0.08044247783912177	0.9512379542692365	3.7640367762252938	421.18095811536904	19.999999999999996	7.340955387545103	0.018272317046447984	0.5740417699718452	9.999999999999998	343.9025381846077	1.3003525092875283	39.031401895785145	0.09715276998102247	0.1984431739517393	0.6501762546437642
17	33	353.01451237020376	5.878090930942112	4.728388852679778	0.010745320336439396	0.09921459050006198	2.939045465471056	419.06353279312896	19.999999999999865	3.9519352037820075	0.008980820113689036	0.2821407849237674	9.999999999999932	349.99999999999994	19.999999999999996	3.653873327392131	0.008303470927385486	0.26086123264770666	9.999999999999998
18	33	359.99999999999994	19.999999999999996	2.7992197340721834	0.006310075004436427	0.19823685277538056	9.999999999999998	423.9999996033116	19.999999999999996	3.814079605124416	0.00859779891098957	0.2701078189580715	9.999999999999998	340.86977048843426	19.999999999999996	1.2872823612562418	0.0029018258740260263	0.09116354847836942	9.999999999999998
19	33	359.99999999999267	19.999999999999996	0.9718781936820465	0.0021914476691543274	0.0688463589814171	9.999999999999998	423.99999999995066	19.999999999999996	4.834159107163342	0.010900344072520751	0.3424444085983223	9.999999999999998	341.584060431693	19.999999999999996	1.5449733455823964	0.0034836960630374625	0.10944353958978174	9.999999999999998
20	33	359.99999999999994	19.999999999999996	3.4579110376147444	0.00764490873399451	0.24017189116081591	9.999999999999998	423.99999999836245	19.999999999999996	3.6887062898434406	0.00815516149074117	0.2562019542815084	9.999999999999998	340.00000000000006	19.999999999999996	0.4804015522512178	0.0010620938429819235	0.03336666214534961	9.999999999999998
0	34	359.99999999999994	19.999999999969827	1.7451518375802737	0.003769043107823707	0.11840798138584337	9.999999999984913	423.99999999995765	19.999999999999996	3.732290883877255	0.00806071135436303	0.25323471573574724	9.999999999999998	340.00000000000006	19.999999999999996	1.501814811993215	0.0032435027396922507	0.10189764378915539	9.999999999999998
1	34	359.9999999999943	19.999999999999993	0.11632885783138079	0.0002712922174963164	0.008522896374625116	9.999999999999996	418.00000000000006	19.999999999999996	4.919658701530419	0.0114732074512228	0.36044144241873216	9.999999999999998	349.7742858071689	19.999999999999996	4.157049829579028	0.009694716234074042	0.3045684929960471	9.999999999999998
2	34	359.99999999999994	19.999999999999996	1.586743806332272	0.0037146811318034345	0.11670014954102285	9.999999999999998	423.9999999999986	19.999999999999996	3.93659928527573	0.009215861457991704	0.2895248265292805	9.999999999999998	340.00000000000006	19.999999999999996	1.3369467661183017	0.00312988833263818	0.09832834192372511	9.999999999999998
3	34	355.01099150459095	19.999999999999996	1.714172572791603	0.003997068378445479	0.1255716065362038	9.999999999999998	423.99999999999596	19.999999999999996	3.7125757633288754	0.00865689920707243	0.27196450951806045	9.999999999999998	340.00000000000006	19.999999999999996	1.2155733639084576	0.002834446153018565	0.08904675211318971	9.999999999999998
4	34	359.99999999999994	19.999999999999996	2.216153036422427	0.0051096889567085555	0.1605256128852449	9.999999999999998	423.99999999802577	19.999999999999996	4.236705677264895	0.009768390474915942	0.30688303753392426	9.999999999999998	340.00000000000006	19.999999999999996	1.1327528222564196	0.0026117395736838488	0.08205021857774916	9.999999999999998
5	34	359.99999999999994	19.999999999999996	1.7062923815458964	0.003975427255526429	0.1248917306084246	9.999999999999998	423.9999999999327	19.999999999999996	5.361109425862049	0.012490649763156291	0.39240533534494887	9.999999999999998	340.00000000000006	19.999999999999996	1.2428316555620866	0.0028956273209613786	0.09096881519066159	9.999999999999998
6	34	354.6517546779073	19.999999999999996	5.208706378360265	0.011411891326325507	0.35851513954349284	9.999999999999998	422.11103531296794	19.999999999999996	5.887666891566643	0.012899443710496675	0.40524797596291406	9.999999999999998	340.00000000000006	19.999999999999815	2.9275386188523684e-11	6.414021091832325e-14	2.015024154207023e-12	9.999999999999908
7	34	359.99999999999994	19.999999999999996	2.089729063230095	0.004749615072159247	0.1492135581807484	9.999999999999998	423.9999999999943	19.999999999999996	3.5718969374592064	0.008118342147250747	0.2550452404913133	9.999999999999998	340.00000000000006	19.999999999999993	1.4704551568438813	0.003342105969031539	0.10499535559828077	9.999999999999996
8	34	352.4971788658725	4.532263545266431	8.204675456408289	0.01877505992253991	0.13366458809574608	2.2661317726332153	423.99999999999994	19.999999999999996	4.3342786841590595	0.009918288961998431	0.31159223739195	9.999999999999998	340.00000000000006	19.999999999999996	1.356553769140849	0.0031042517695046507	0.09752294553968924	9.999999999999998
9	34	350.76178726551626	19.999999999999936	5.138537754071276	0.013605392078853298	0.4274259980413415	9.999999999999968	419.05306865933983	4.316878451952416	17.20703378824532	0.04555935022909372	0.30893507526085645	2.158439225976208	349.99999869697314	4.182824678364035	16.06739422098159	0.04254190754728937	0.2795158876258376	2.0914123391820176
10	34	353.31837015627286	3.824746429289792	21.759128759339696	0.06769844542622971	0.40672533064671657	1.912373214644896	418.83819327630783	4.840696498608643	47.44747486086461	0.1476217326073732	1.1224784952774771	2.4203482493043214	347.8165296724657	5.329019506879767	29.756265706005507	0.09257966861939446	0.7749662851004799	2.6645097534398836
11	34	352.06179239990865	4.180812959011746	46.08600144242166	0.14802304164420213	0.9720977537924955	2.090406479505873	418.20419833611027	4.334944539998673	88.14411121160519	0.2831089492731879	1.9277780036777616	2.1674722699993363	345.9770210491553	4.3340431019098515	12.08810241844531	0.03882562235129957	0.26432091498384597	2.1670215509549258
12	34	351.79949634790347	5.125968403933537	47.47775121174116	0.21945752493818368	1.7670395857404424	2.5629842019667683	418.09650607394417	4.890340437805202	127.84756778546227	0.5909528164136331	4.53953926720613	2.445170218902601	347.1380495415848	9.216867393628135	23.34644739146246	0.10791483231334725	1.5623716736580395	4.608433696814068
13	34	353.45226392247696	5.242415460803988	47.40879526797863	0.2001203340236035	1.6479443125131898	2.621207730401994	418.77561709947315	4.545301188429659	172.0103048179969	0.7260838302493122	5.184051516744593	2.2726505942148294	348.6937781814316	9.071393659039488	69.89618007466215	0.29504328942446295	4.204163836874757	4.535696829519744
14	34	350.2564493248918	8.456956408057021	75.896873566571	0.24016829263354977	3.190433080401827	4.2284782040285105	419.84281561896574	4.465814819658029	67.15357102501719	0.21250096004518285	1.490669906515869	2.2329074098290147	340.0000000000078	19.999999999999986	7.795631896428361	0.024668520778034858	0.7749844365120142	9.999999999999993
15	34	350.63406232303566	9.74597301634429	29.135894569247494	0.0795311553002653	1.2175375744810024	4.872986508172145	419.7685335948506	19.999999999999996	8.174185657959471	0.022312767074004636	0.7009762512095318	9.999999999999998	349.99999999999943	1.000006339906732	4.246789085023497	0.011592300399280261	0.018209258330560016	0.500003169953366
16	34	348.00000000083844	19.99999999999993	4.862012595015214	0.01120227751626931	0.35192992748585655	9.999999999999964	423.8753424477999	19.999999999999996	4.335258634077341	0.009988614668240085	0.3138015846128229	9.999999999999998	343.8451568310985	1.0000000008897878	21.114688682370566	0.048649113441633474	0.07641784876394175	0.5000000004448939
17	34	359.9999999999989	19.999999999999996	2.567192701261595	0.0056111786448709905	0.17628037608706632	9.999999999999998	423.99999990074366	19.999999999999996	3.9224683452635185	0.008573439229282982	0.2693425369871395	9.999999999999998	340.00000000000017	19.99999999999968	1.2036491531801743	0.002630846691377154	0.0826504863835135	9.99999999999984
18	34	359.99999999999994	19.999999999999996	3.085677884509272	0.006836619590665374	0.2147787388142239	9.999999999999998	423.9999999997616	19.999999999999996	4.128499601551239	0.009147092571688869	0.2873643882492351	9.999999999999998	340.00000000000006	19.999999999999847	0.5558760271870661	0.001231597425164394	0.038691774230765356	9.999999999999924
19	34	355.47199042344914	19.999999999999996	3.364085501890181	0.00791078932503171	0.2485247762761617	9.999999999999998	423.99999998048196	19.999999999999996	4.166700578777378	0.009798172620961984	0.3078186712461881	9.999999999999998	340.00000000000006	19.999999999999996	0.2203755142744315	0.000518222341507376	0.01628043501005673	9.999999999999998
20	34	359.99999999999994	19.999999999999996	1.0388331343717039	0.0023800393910433926	0.07477114266156246	9.999999999999998	423.9999999999508	19.999999999999996	5.010184703136986	0.011478683683959583	0.36061348334408444	9.999999999999998	340.00000000000006	19.999999999999996	1.495874867805371	0.0034271539784894115	0.10766721761543364	9.999999999999998
0	35	359.99999999999994	19.999999999999996	3.9354897548476147	0.008733503260318218	0.27437109682718214	9.999999999999998	423.9999999997074	19.999999999999996	4.055509678478321	0.008999847339359662	0.2827385428476195	9.999999999999998	340.00000000000006	19.999999999999996	0.4772634908721628	0.0010591266940610505	0.0332734464128304	9.999999999999998
1	35	359.99999999999994	19.999999999999996	2.318289575506779	0.0054038072054627025	0.1697656101809721	9.999999999999998	423.9999999992158	19.999999999999996	3.7415472501325544	0.008721343616198448	0.27398909034081276	9.999999999999998	340.00000000000006	4.827705933556275	3.815234140895599	0.008893103760168572	0.06743945390044837	2.4138529667781374
2	35	359.99999999999994	19.99999999998082	0.29059159536142076	0.0006602905802764112	0.020743640362289255	9.99999999999041	423.9999999998497	19.999999999999996	4.905771664549477	0.01114703546418877	0.35019444723600324	9.999999999999998	343.4208571868073	19.999999999999996	3.0519437227073443	0.0069347142993968335	0.21786047497729177	9.999999999999998
3	35	358.87511572112163	19.999999999999996	2.264385301020904	0.005128361045631272	0.1611122138591127	9.999999999999998	423.9999999821419	19.999999999999996	5.844792561296239	0.013237237707572607	0.4158600873593189	9.999999999999998	340.00000000000006	19.999999999999996	0.781245170380714	0.0017693575810890818	0.05558600778322865	9.999999999999998
4	35	351.4451021544386	19.999999999999996	2.608307473459069	0.005868399234264583	0.18436119922697577	9.999999999999998	423.9999999997284	19.999999999999996	3.7772207365284345	0.008498322955957137	0.2669826896626843	9.999999999999998	340.00000000000006	19.999999999999996	0.5618671782726763	0.0012641381249278232	0.03971407046396025	9.999999999999998
5	35	348.6995618548018	19.999999999999996	4.770334331848289	0.011356123597365663	0.35676314466741654	9.999999999999998	419.9985800998901	19.999999999999996	5.476817092738476	0.013037956566286434	0.40959948566468257	9.999999999999998	349.99999999999994	1.0000000462309675	4.488364492053703	0.010684874135863862	0.01678376182081026	0.5000000231154837
6	35	350.1331286504857	19.999999999999996	7.527847957367388	0.016889566870856857	0.5306013920379744	9.999999999999998	423.9999999999997	19.999999999999996	5.4454934476545205	0.012217572173327742	0.3838263498442951	9.999999999999998	349.2390037064948	1.0000076646509484	9.290200748866354	0.020843602006878983	0.03274130441832677	0.5000038323254742
7	35	349.115634450027	19.99999999999952	3.8660610633145724	0.009666249626750677	0.3036741881516428	9.99999999999976	419.7326607647153	19.999999999999996	6.79069132033574	0.016978655113196125	0.5334001817145171	9.999999999999998	349.779210960628	1.4680435973449824	12.016448124281059	0.030044529895918378	0.06928261053675833	0.7340217986724912
8	35	351.60487988309666	5.783709570513125	21.2284935973807	0.05664315931918856	0.5146047874701125	2.8918547852565624	420.25275804026006	4.606595622346307	26.58768876699211	0.07094289021730467	0.513344419536713	2.3032978111731537	347.0016335562193	19.99994505615715	8.95868182520271	0.023904100382209317	0.7509673984568136	9.999972528078574
9	35	351.54418965742514	8.494513839397662	17.573555554428655	0.06740542314885324	0.8994007485174156	4.247256919698831	418.73960956014395	4.050830218155545	58.79883069328027	0.22552977690047152	1.4350525620099808	2.0254151090777723	340.00000000000017	19.999999999999996	0.3996042194127326	0.0015327286170495253	0.04815208963269631	9.999999999999998
10	35	350.78898355705337	5.587023446396137	22.596406745250547	0.0944471090301186	0.8288749980748729	2.7935117231980686	418.00000000000006	3.891961398404398	70.47806707556147	0.2945800082447471	1.8009085966123977	1.945980699202199	340.00000000248934	19.999999999998057	4.500319119856472	0.01881016461490053	0.5909387496698044	9.999999999999028
11	35	355.17255878125695	1.000000000000031	48.42477477505826	0.2219794372761191	0.34868448469733687	0.5000000000000155	418.79931367382466	4.3103736243314525	66.61861722808997	0.3053801124134768	2.0676429465065334	2.1551868121657263	349.7955195390784	9.511675028393956	28.902508833606305	0.1324892614690384	1.9795093626431999	4.755837514196978
12	35	351.58542656338585	7.746032252312322	32.85151897226595	0.12671056276695294	1.5417430442841262	3.873016126156161	419.15225452893384	4.979173674687604	53.99586568465842	0.2082657588456693	1.6289022565645972	2.489586837343802	347.07595727446363	10.209335007369798	20.877421624005645	0.08052564769787389	1.2913725738922646	5.104667503684899
13	35	353.3862807204473	3.1776852053089955	32.79308123177533	0.09899393035147469	0.49412783194493376	1.5888426026544977	419.4860793067806	3.9783827603758417	47.81710600892706	0.14434762102409923	0.9020613432219332	1.9891913801879209	347.87726689142846	8.059528750585182	41.987761252696046	0.1267503191812365	1.604643597210152	4.029764375292591
14	35	350.8347763459414	7.651782578275565	21.270628007518532	0.05248515923105753	0.6308397012688761	3.8258912891377825	421.1275672593288	19.999999999999996	6.664750833943335	0.016445236531389452	0.5166423427355958	9.999999999999998	345.4482955416282	1.000400655884817	21.526051332596648	0.05311541490020433	0.08346692674364142	0.5002003279424085
15	35	351.4723627457303	19.999999999999996	0.9046337067443875	0.0021063553280373432	0.06617310424411835	9.999999999999998	420.800587445041	19.999999999999996	6.506024992216916	0.015148673219372319	0.47590960497612506	9.999999999999998	341.1031977379938	19.999999999999503	2.1379168655456517	0.0049779402945853354	0.1563866065947751	9.999999999999751
16	35	359.99999999999994	19.99999999999311	1.4042705998967735	0.00317403663319832	0.09971530169077289	9.999999999996556	423.99999998323796	19.999999999999996	3.5859152758709256	0.008105151848935984	0.2546308550484701	9.999999999999998	344.8097306367969	19.999999999999996	2.647666366909863	0.005984452029172129	0.18800710530607687	9.999999999999998
17	35	359.10180595510263	19.999999999999996	3.655902419801889	0.008303780400026042	0.2608709550174472	9.999999999999998	423.9999999996822	19.999999999999996	3.4602911259757656	0.007859481553618342	0.24691289509871872	9.999999999999998	340.00000000000006	19.999999999999996	0.29607978464175905	0.000672496481097381	0.02112710004580519	9.999999999999998
18	35	359.99999999999994	19.999999999999996	2.8980016406627214	0.006743718514444235	0.21186016542855476	9.999999999999998	423.99999999538727	19.999999999999996	3.86029756044831	0.008983003930841789	0.2822093915630079	9.999999999999998	340.00000000000006	19.999999999999996	0.8658662575735963	0.0020148913065819694	0.06329967726539854	9.999999999999998
19	35	359.99999999999994	19.999999999999996	0.7032235823992367	0.00157745515240078	0.04955721518149657	9.999999999999998	423.9999999999999	19.999999999999996	4.446218458613211	0.00997365616253895	0.31333164929662927	9.999999999999998	340.00000000000006	19.999999999999996	2.8958996955586658	0.0064960163594192715	0.20407837272350693	9.999999999999998
20	35	357.2385703028519	19.999999999999996	1.7028558383946035	0.00379640851648741	0.11926769105422569	9.999999999999998	418.00000000000006	19.999999999999996	4.224815448671309	0.009418956665788278	0.2959052506572106	9.999999999999998	340.00000000000006	19.999999999997822	2.4277218275894152	0.0054124510214628415	0.17003716366940383	9.999999999998911
0	36	359.99999999999994	19.999999999999996	1.4276535999444409	0.0031344847163391615	0.09847274157640594	9.999999999999998	423.9999999999529	19.999999999999996	5.423414518072209	0.011907377194251337	0.37408128716982636	9.999999999999998	340.00000000000006	19.999999999999996	2.194885440309585	0.004818980505518624	0.15139273753929733	9.999999999999998
1	36	359.99999999999994	19.999999999999996	1.4030431410871658	0.003161329040172083	0.09931608088184686	9.999999999999998	423.99999999994276	19.999999999999996	3.837968608527398	0.008647689626995385	0.2716751820269335	9.999999999999998	340.00000000000006	19.999999999999996	2.3697585799396914	0.005339526916581733	0.1677461853477813	9.999999999999998
2	36	359.99999999999994	19.999999999999996	2.0594197387616124	0.0045525000327251985	0.14302100658276773	9.999999999999998	423.99999999816123	19.999999999999996	4.100980315101296	0.00906552106270996	0.2848017437157314	9.999999999999998	340.00000000000006	19.999999999999996	2.3694142752557865	0.005237765940870269	0.16454927001060865	9.999999999999998
3	36	358.62545185378804	19.999999999964363	3.036137236523272	0.006901554052824691	0.21681871510668277	9.999999999982181	423.99999987029827	19.999999999999996	4.1392797551603415	0.009409147460908287	0.2955970853973252	9.999999999999998	346.87427170798225	1.0017200099751746	4.125027113137326	0.009376749261599603	0.014754297261192921	0.5008600049875873
4	36	356.36057793308527	9.90211130729466	13.41236087296966	0.03075372362071191	0.47834957006367357	4.95105565364733	423.99999999999994	19.999999999999996	3.610684811642392	0.008279079561789804	0.26009495529804244	9.999999999999998	349.40474418715115	1.000045441508429	38.28802285109447	0.08779209595524017	0.137909768391258	0.5000227207542145
5	36	353.3886032406096	7.0356416352378925	11.185858076007664	0.028455691680265627	0.314479785006697	3.5178208176189463	420.8641889890752	19.999999415293633	9.973192992419037	0.025370794348693416	0.7970469881140037	9.999999707646817	347.98758010911115	12.141098186933649	23.336413662212202	0.0593654762632261	1.1321704218287179	6.070549093466824
6	36	353.3319323695645	3.866961512520438	20.782250862212898	0.05910072080758181	0.35899012667356583	1.933480756260219	419.8071936432048	3.908099283471664	58.43886662202949	0.16618888701896445	1.0202049927924008	1.954049641735832	348.6352056959019	10.42397727019452	34.182581361105825	0.09720868114331155	1.5916896186478964	5.21198863509726
7	36	353.5211233939327	3.802391110968143	15.217129933075155	0.06141014877679289	0.366789430626235	1.9011955554840716	418.4602352281683	4.500394107882965	65.93893945731305	0.2661027473686838	1.8811342159477003	2.2501970539414824	349.44266847150175	10.566860096504355	19.342585713563903	0.0780588108021619	1.2956501963148117	5.283430048252177
8	36	351.78666298518317	5.1125913081772945	27.883820051338706	0.1665136901054857	1.3372447443154303	2.5562956540886472	418.00000000000017	4.481907629058572	63.8695325066335	0.3814094167660941	2.6851848607236057	2.240953814529286	340.00000000000006	19.999999999999996	1.6082105580504442	0.009603744178327722	0.30171052157590106	9.999999999999998
9	36	353.41798997981834	2.5865632451057112	20.4416894286205	0.10905174959303784	0.4430733375792134	1.2932816225528556	418.00000000000006	4.230568427284232	63.604998575652196	0.33931815673836124	2.254891762728251	2.115284213642116	348.8194348105548	5.74364991679888	12.647210041068254	0.06746998027071602	0.6087211918145791	2.87182495839944
10	36	353.40029197972365	4.941129933960127	21.783057864050445	0.08884516514829639	0.6895725267364211	2.4705649669800636	419.45110475454675	4.1831589097335256	49.507256693393636	0.20192208203342601	1.3268079208233576	2.0915794548667628	346.2189104364336	7.015253801225764	13.095197319270547	0.05341054390716214	0.5885593527464481	3.507626900612882
11	36	350.26548256152324	5.01122159936042	16.548532491162327	0.04841439574294721	0.38109916813415473	2.50561079968021	420.36089785144065	4.970955572964299	26.580113209177494	0.07776279379991549	0.6071997917553968	2.4854777864821496	344.8065973647956	15.89353081025691	11.546150222557358	0.03377942343110735	0.843320189472579	7.946765405128455
12	36	350.7983091883678	19.999977082735363	6.623094851938074	0.017322254245424707	0.544194043237749	9.999988541367681	422.2256908817896	19.999999999998437	6.787632541387579	0.01775259138437796	0.5577141067533891	9.999999999999218	348.11742001010737	7.125785693231823	7.341944350642606	0.019202356230845048	0.21493500711927385	3.5628928466159113
13	36	349.7148138571074	19.999999999999996	3.4245810239835457	0.008050069902914424	0.2529004046788025	9.999999999999998	419.8927566683575	19.999999999999996	5.387472778775983	0.012664186411553176	0.39785714994227134	9.999999999999998	349.49347060960844	2.8502680794381505	5.980936235050293	0.014059224891990761	0.06294582994532855	1.4251340397190753
14	36	351.1035619227386	1.0000000027627591	6.050085369115562	0.013829891973917197	0.02172394357261738	0.5000000013813796	420.337225425548	19.999999999999996	6.421259011505033	0.014678357915243603	0.4611342139329088	9.999999999999998	349.49434808009903	19.999999999999986	3.181794535060587	0.007273265089401666	0.22849636172475368	9.999999999999993
15	36	359.99999999999994	19.999999999999996	2.2795164679839934	0.005204574394235416	0.16350652681991526	9.999999999999998	423.99999999998784	19.999999999999996	4.216746439031397	0.009627642902257937	0.3024613221311944	9.999999999999998	340.00000000000006	19.999999999999996	0.6970967541456449	0.0015916059251547027	0.05000177481875999	9.999999999999998
16	36	359.99999999999994	19.999999999999996	2.1494889332755966	0.004915614230180855	0.15442857553417616	9.999999999999998	423.9999999999982	19.999999999999996	3.6328736447043766	0.008307930833188515	0.2610013447207716	9.999999999999998	340.00000000000006	19.999999999999996	1.9898625607359897	0.004550568541310012	0.1429603269903635	9.999999999999998
17	36	359.99999999999994	19.999999999999996	2.135484330402908	0.0049052338575996815	0.15410246651175077	9.999999999999998	423.99999999994986	19.999999999999996	4.427222775602322	0.010169385344974	0.31948066291294014	9.999999999999998	340.00000000000006	19.999999999756845	1.2261905608796908	0.0028165748488359933	0.08848530853281361	9.999999999878423
18	36	359.99999999999994	19.999999999999996	3.4029933085425013	0.007417337691997925	0.23302253602375347	9.999999999999998	423.9999999996391	19.999999999999996	3.993777862890994	0.00870504182348095	0.2734769544183964	9.999999999999998	340.00000000000006	19.999999999999996	1.6544828845069015	0.0036061952367677486	0.11329196463240061	9.999999999999998
19	36	352.24553143261255	19.999999999972296	3.4793683593256994	0.007904950014709288	0.24834132893170827	9.999999999986148	418.0000000000016	19.999999999999996	4.0747061983294515	0.009257527659032568	0.29083380884021026	9.999999999999998	349.99999999098975	19.999999993683534	0.0003409692234266468	7.746649360989888e-07	2.4336816714735763e-05	9.999999996841767
20	36	359.9999999999999	19.999999999999996	1.7131650012036104	0.003839751974426958	0.12062936594466632	9.999999999999998	420.63703321274	19.999999999999996	5.24702952693777	0.011760275263492461	0.3694599437198168	9.999999999999998	340.0000000000001	19.999999999599005	1.0911302742571587	0.0024455727393405983	0.07682993351577848	9.999999999799503
0	37	359.99999999999943	19.999999999967486	2.356427833213363	0.005481164887909622	0.17219587344943196	9.999999999983743	423.99999999912933	19.999999999999996	3.8375944851187693	0.008926430018094272	0.2804320696762836	9.999999999999998	349.35331421700005	1.0000296036480023	10.102352828481889	0.023498560332840743	0.03691254496943434	0.5000148018240012
1	37	359.99999999999994	19.999999999999996	0.968419384368685	0.0021280712645227293	0.06685533050940146	9.999999999999998	422.1832681770111	19.999999999999996	4.2490780052207935	0.009337215827748692	0.29333728649437624	9.999999999999998	340.00000000000006	19.999999999999996	1.7022882745941526	0.003740725164706786	0.11751834696541305	9.999999999999998
2	37	349.3144863859139	19.99999999999932	2.497939736616339	0.005736149418829349	0.18020644874087033	9.99999999999966	423.9999999755121	19.999999999999957	4.65582662319175	0.01069141772610083	0.33588079384777986	9.999999999999979	340.00000000000006	19.999999999999996	0.7517104647349316	0.0017261919822205423	0.05422992050029657	9.999999999999998
3	37	359.99999999999994	19.99999999999993	0.8945781114079815	0.0021689221301216476	0.0681386983019847	9.999999999999964	423.99999911707897	19.999999999999996	3.3418210750509068	0.00810231056646012	0.2545415935269406	9.999999999999998	346.6044958416942	19.999999996101465	2.369728847819409	0.005745453946255959	0.18049875905577803	9.999999998050733
4	37	353.85981223512056	4.55124679700148	112.43623355825467	0.39140941191121975	2.798217883890353	2.27562339850074	420.3552527903455	4.018677326985692	194.18323283402194	0.675984445238507	4.267167752852103	2.009338663492846	349.3311465574351	10.190921273201436	198.35470271053165	0.6905060324484172	11.053525072245833	5.095460636600718
5	37	352.4822522224935	5.060787845509338	139.49933383191708	0.44861355594435914	3.5662386400764396	2.530393922754669	418.21865050029567	4.5801140003314735	326.7004746759011	1.0506305488860548	7.55868399788018	2.2900570001657368	347.1783107414882	12.284838893432434	102.77626678831236	0.3305164637283868	6.377969527132144	6.142419446716217
6	37	352.60070190422056	4.794206945280338	63.830811825945275	0.32320619199959083	2.4339761937952575	2.397103472640169	418.00000000000006	4.6789843816356145	153.58862706769557	0.777693309374732	5.7158369975443515	2.3394921908178072	346.1457500106833	7.466696661079113	30.691849155857685	0.15540763789970355	1.822723297921556	3.7333483305395565
7	37	350.6122261889918	7.775599479196887	44.507001833950284	0.19735120093064368	2.4104244979201903	3.8877997395984436	418.85646810453323	3.605911607349694	81.30143546720439	0.3605036346123592	2.041947638079134	1.802955803674847	340.0000000000317	3.380649291434864	7.332817200303514	0.03251489026566802	0.17266419534680238	1.690324645717432
8	37	350.7522020859993	5.033400184638632	26.086320384864557	0.09294071754907327	0.7348308129547729	2.516700092319316	419.387997058827	3.8282977146365385	36.504160350207954	0.13005754765027094	0.7820979398567601	1.9141488573182692	344.3404542564907	3.1480299465216097	15.631207322036989	0.05569109031994236	0.2753876453280985	1.5740149732608049
9	37	350.3666236018497	4.285627789905968	16.109147477866163	0.04419824134984138	0.297535859889194	2.142813894952984	420.4459771898999	19.999999999999996	9.296860079862325	0.02550754881163268	0.8013432795770826	9.999999999999998	343.1021394090551	5.963640729639308	7.548104574152208	0.020709534639285064	0.1939999818218114	2.981820364819654
10	37	350.8289121640668	2.51285694022299	11.481598722007057	0.030535986843912306	0.12053123355235332	1.256428470111495	423.79173033916135	19.999999999999996	5.718078390970629	0.015207565666309571	0.477759765762625	9.999999999999998	346.89587990316124	19.999999999999996	6.192243804257354	0.016468636460763415	0.5173774731977534	9.999999999999998
11	37	350.84985935463004	19.999999999999996	3.1381818874984937	0.0076108165906154214	0.23910085488896718	9.999999999999998	421.97539990188255	19.999999999999993	4.933051454681006	0.011963790245304497	0.37585355543737825	9.999999999999996	340.4626391657594	1.0000003811215044	2.5721654648196823	0.0062380959087945985	0.009798781874253893	0.5000001905607522
12	37	359.99999999999994	19.999999999999996	2.7877192228386667	0.006492787361518676	0.20397693076267723	9.999999999999998	423.99999999990746	19.999999999999996	3.659769687351602	0.00852385210728262	0.2677847116052495	9.999999999999998	340.0000000000008	19.999999999999996	0.8075776511639109	0.0018809031856453324	0.059090316301370134	9.999999999999998
13	37	348.0000000098166	19.999999999999996	2.2885052315324526	0.00523323444600619	0.16440690890086093	9.999999999999998	423.99999999999994	19.999999999999996	4.23321229070682	0.00968028915631935	0.304115252981178	9.999999999999998	341.6578128622335	1.000000000000001	11.014173938332274	0.02518663870817843	0.03956307956711688	0.5000000000000006
14	37	353.890306530219	19.99999999999754	2.510682833913474	0.005881600817874685	0.18477593920780558	9.99999999999877	423.9999999945131	19.999999999999996	3.7617177921227434	0.008812312787543988	0.27684697114483575	9.999999999999998	341.95484264873244	1.0000000647145233	17.136583752616815	0.04014467445012318	0.06305911124747049	0.5000000323572616
15	37	359.99999999999994	19.999999999999996	2.834033746192419	0.006221608115634488	0.1954575834959194	9.999999999999998	423.9999999999814	19.999999999999996	3.6638783540031707	0.008043381746102876	0.25269029003575033	9.999999999999998	340.93669608574146	1.0601772996576468	2.6992510426873424	0.005925717086425336	0.009868230632953407	0.5300886498288234
16	37	359.99999999999994	19.999999999999996	1.1223346235152638	0.002515467796248979	0.07902575149037497	9.999999999999998	423.99999999999613	19.999999999999996	5.028940978761894	0.011271272235806883	0.354097460526215	9.999999999999998	340.00000000000006	19.999999999999996	2.2428548228470526	0.005026868957194512	0.15792374586480862	9.999999999999998
17	37	359.09752398729375	1.0000072237101036	12.032407043426959	0.027543309024216252	0.04326524117631779	0.5000036118550518	418.00000000000284	19.999999998099025	4.612538919123552	0.010558534495809471	0.3317061440155662	9.999999999049512	346.56350261585453	19.999999999999996	2.8326002205131684	0.006484087758506929	0.2037036246735687	9.999999999999998
18	37	355.5356181932512	1.000004557891032	13.308384519735206	0.030975494706564875	0.04865641507535399	0.500002278945516	418.00000000000006	19.999999999898808	3.932323226874637	0.009152550192544405	0.28753584446363867	9.999999999949404	340.0000000157358	19.999999999999197	2.81045258224737	0.006541376900807125	0.20550341615936807	9.999999999999599
19	37	359.99999999999994	19.999999999999996	0.45961935360301664	0.001051411596670445	0.033031069479989836	9.999999999999998	423.99999999999994	19.999999999999996	6.299864119787717	0.01441138224721914	0.45274692595938004	9.999999999999998	340.00000000000006	19.999999999999996	3.071466689679743	0.0070261960707284484	0.2207344595848196	9.999999999999998
20	37	359.99999999999994	19.999999999999996	1.627725314981892	0.0037458788842786757	0.11768025584087016	9.999999999999998	423.99999999289935	19.999999999999996	3.5859951128724714	0.008252438693923583	0.25925800775030466	9.999999999999998	340.00000000000006	19.999999999999996	1.5576246984846183	0.0035845565673649177	0.1126121657841067	9.999999999999998
0	38	359.99999999999983	19.999999999999996	1.2724531632491647	0.002817625045366387	0.08851830143093647	9.999999999999998	423.99999999999994	19.999999999999996	3.79753206637697	0.008408970773811107	0.26417560807256246	9.999999999999998	340.00000000000006	19.999999999985086	1.208490204841495	0.002675990257705532	0.08406871334679288	9.999999999992543
1	38	359.99999999999994	19.999999999999996	1.4831301046823089	0.0035299765879178873	0.11089748515946797	9.999999999999998	423.9999999999699	19.999999999999996	4.258989555488278	0.010136759662282488	0.3184556968623201	9.999999999999998	340.00000000000006	19.999999999999996	2.435409813242273	0.005796483798413754	0.18210190917748906	9.999999999999998
2	38	359.99999999999994	19.999999999999996	2.918206611658681	0.006536525217777686	0.20535099604174797	9.999999999999998	423.9999999999799	19.999999999999996	4.76165572097661	0.010665688499981852	0.3350724863702012	9.999999999999998	340.00000000000006	19.999999999999996	1.2691491926407625	0.002842782162741817	0.08930863558225793	9.999999999999998
3	38	350.6712764342356	3.798808176516356	7.3495338533112475	0.018173821973138552	0.10844599320777713	1.899404088258178	421.9260792907188	19.999999999999996	7.340742880186599	0.018152083780795098	0.5702645305309231	9.999999999999998	348.54224299920065	19.999999999963947	6.564131860989189	0.016231691183526836	0.509933617774142	9.999999999981974
4	38	351.107349231119	8.807719746022185	324.58106228355376	1.0071403718028977	13.933921823940237	4.4038598730110925	420.4456886926593	3.8681259900599234	241.33868033353053	0.7488481506946142	4.550029892313242	1.9340629950299617	340.0000000000691	19.999999999999787	29.766985005224083	0.0923637754300729	2.9016935834893136	9.999999999999893
5	38	353.28676726768305	4.677654987064119	149.13411668551893	0.5435873041416178	3.994085597854518	2.3388274935320594	419.9428760353748	4.0778339938919475	223.62207277983748	0.8150926319916705	5.2210323762726905	2.0389169969459737	348.7458567410305	10.710400417956919	215.95011082424017	0.7871286676781637	13.242540645467678	5.355200208978459
6	38	350.89825457316715	8.826291322835324	104.42739823685449	0.28940359327139586	4.01237997146876	4.413145661417662	420.01688827959885	4.056889808221488	72.70072100712751	0.2014782542524226	1.2839297673949126	2.028444904110744	340.0000000073688	19.999999999999996	13.900901503016744	0.038524093414260774	1.2102700885644855	9.999999999999998
7	38	351.3047887625319	4.292869425487176	27.435609603564444	0.06922851997383953	0.4668233844861299	2.146434712743588	419.72940982993276	19.999999999999996	10.046734960736963	0.0253510165056033	0.796425672150369	9.999999999999998	340.000043026218	19.999999999999996	5.011568923343097	0.01264573684795602	0.3972775398076837	9.999999999999998
8	38	350.358068522981	19.999999999999996	4.3654113302361806	0.010212541665741575	0.3208364587157339	9.999999999999998	423.99992325133275	19.999999999999996	4.545987767366745	0.010634986253099001	0.33410794683764256	9.999999999999998	347.7525060324796	19.999999999999996	1.4919439061513323e-14	3.490287203633428e-17	1.0965060637853237e-15	9.999999999999998
9	38	357.98435030060693	12.621297076323561	1.260209130777929e-18	2.9134502521873117e-21	5.77605703529958e-20	6.3106485381617805	423.99999999266515	19.999999999999996	4.239141094478017	0.009800378674562193	0.3078879764640265	9.999999999999998	346.6153159688508	19.999999999999996	4.504718136616785	0.010414360498290705	0.32717678433265807	9.999999999999998
10	38	359.99999999999994	19.999999999999996	1.2088084636907617	0.0028581290658947424	0.08979077276426378	9.999999999999998	418.0000000001153	19.999999999999996	5.061753310388585	0.011968103049708247	0.37598904618369017	9.999999999999998	340.00000000002154	19.999999999999996	1.38584923189976	0.0032767275293117877	0.10294143133901343	9.999999999999998
11	38	350.5161766230269	1.0000058532971308	3.656327331064221	0.008271495559163724	0.012992910892357575	0.5000029266485654	423.7415752569233	19.999999999999996	4.337647097660312	0.009812805434756766	0.30827837464937846	9.999999999999998	341.54562783986154	19.99999947825403	2.4886923443983395	0.005630023192924588	0.1768723904101974	9.999999739127015
12	38	359.99999999999994	19.999999999999996	1.4647262792058708	0.0033101763390395275	0.10399225668813333	9.999999999999998	423.99999999922636	19.999999999999996	3.1820846280864292	0.0071912830364618706	0.2259208195723351	9.999999999999998	340.00000000000006	19.999999999999996	0.8188506741710146	0.0018505437946515365	0.05813654790423444	9.999999999999998
13	38	359.53983452762816	19.999999999999996	1.8258935411549049	0.004102528528448781	0.1288847348611723	9.999999999999998	418.31380469391166	19.999999999999996	6.8062941667199786	0.015292795205530717	0.480437330705485	9.999999999999998	340.00000000000006	19.999999999997787	1.2744926618790655	0.002863607536149286	0.0899628839832997	9.999999999998893
14	38	359.99999999999994	19.999999999999996	2.1824535381271075	0.004760196457355172	0.14954598220071166	9.999999999999998	423.9999999932654	19.999999999999996	4.665511877656296	0.01017604852693754	0.31968999294800204	9.999999999999998	340.00000000000006	19.999999999999996	0.7442041786370909	0.001623199776219417	0.05099432492279515	9.999999999999998
15	38	359.99999999999994	19.99999999999999	1.2799508291681183	0.002824774099705397	0.08874289559685192	9.999999999999995	423.9999999956723	19.999999999999996	4.456497970606796	0.0098352216006153	0.3089825992692067	9.999999999999998	340.00000000000006	19.999999999999996	1.8429744913864898	0.004067333284255789	0.1277790436551923	9.999999999999998
16	38	359.99999999999983	19.999999999999996	1.9932641097355828	0.004591048615641702	0.1442320460317356	9.999999999999998	419.2408386594119	19.999999999999996	4.412721366129788	0.010163740078513827	0.3193033116365518	9.999999999999998	340.00000294518486	19.99999999999976	2.071118132805922	0.004770368357111704	0.14986554185619158	9.99999999999988
17	38	359.9999998118922	19.999999999999996	0.48049242046825186	0.0011574851407871116	0.03636346814936136	9.999999999999998	423.99999999992883	19.99999999842925	3.6217578437109146	0.008724655601308378	0.2740931394001878	9.999999999214625	349.6581497831073	19.999999999945622	2.759948330007965	0.006648594327900545	0.2088717509717433	9.999999999972811
18	38	359.99999999999994	19.999999999576023	2.0855386926792177	0.004660333233440564	0.1464086864914687	9.999999999788011	423.9999999999992	19.999999999999478	4.145507372337919	0.00926352785714096	0.29102231062317674	9.999999999999739	340.00000000000006	19.999999999999996	1.8484520170009355	0.00413054065862623	0.12976476188494107	9.999999999999998
19	38	359.99999999999994	19.999999999999996	2.232559823026679	0.005244762598544245	0.1647690764940911	9.999999999999998	423.9999999997957	19.999999999999996	3.78917460497932	0.008901585096432919	0.2796515434425804	9.999999999999998	340.0000000000007	19.999999999999996	1.6348106047612236	0.0038405212828434483	0.12065353448136222	9.999999999999998
20	38	359.99999999999994	19.999999999999996	2.82846608095395	0.006339099336432827	0.19914867905713296	9.999999999999998	423.99999999997135	19.999999999999996	3.9395608704291933	0.008829261863077302	0.2773794420566418	9.999999999999998	340.00000000000006	19.999999999999996	1.1023947008144173	0.0024706640689369152	0.07761820088460478	9.999999999999998
0	39	355.2170022580742	19.999999999999996	2.2578181393884944	0.005236643392672725	0.1645140041189016	9.999999999999998	423.9999999344795	19.999999999999044	3.802556095938324	0.008819412825009873	0.27707002540025294	9.999999999999522	340.00000000000006	19.99999999949291	1.1261384171801827	0.0026118956166942273	0.0820551208114192	9.999999999746455
1	39	359.99999999999994	19.999999999999996	1.2899277306890646	0.0030260689827222454	0.09506676085376142	9.999999999999998	423.99999994861	19.999999999999996	3.9972303258090673	0.009377187898167029	0.29459304612212645	9.999999999999998	340.00000000000006	19.999999999999996	1.7382556263377027	0.004077810957744956	0.12810820947579507	9.999999999999998
2	39	359.99999999999994	19.99999999966368	2.772231524795788	0.006339780534574189	0.19917007952454918	9.99999999983184	423.9999999994096	19.999999999999996	4.7737530063163245	0.010917034207140634	0.3429687446414148	9.999999999999998	341.9425000362779	1.0000000000065714	15.82070213085938	0.03618015974329818	0.05683166202799884	0.5000000000032857
3	39	353.07162226343297	19.999999999999996	4.31959909200385	0.009751045913182467	0.30633814205670806	9.999999999999998	418.00000000000006	19.999999999999996	4.497412125338042	0.010152440351664863	0.318948320247989	9.999999999999998	349.9999999997223	1.000000059187609	2.5917957322693432	0.005850709439617184	0.009190273440845179	0.5000000295938045
4	39	355.40500388291736	2.6123326200921784	10.40113073895573	0.027318675987313325	0.11210061565317107	1.3061663100460892	420.7305449787983	19.999999999999996	7.12609135154828	0.018716751627764705	0.5880040941285039	9.999999999999998	349.9999999999649	9.121583575341319	28.659903868386433	0.0752755298686501	1.078559081382938	4.560791787670659
5	39	350.7690579397911	9.058705096425497	32.82227038307383	0.08354671150119063	1.188817963430201	4.529352548212748	421.0943502720184	3.094231382428497	33.65598819759001	0.08566887980063609	0.4163856478896281	1.5471156912142485	348.5185690279464	19.99999999999947	5.339577195300011	0.013591506933174215	0.42698978332473725	9.999999999999735
6	39	350.11019593350983	8.126172125286855	11.58800595095172	0.026825638281812562	0.34241750493861023	4.0630860626434275	421.4689403596372	19.999999999999996	6.181691157800916	0.014310297360127528	0.44957125057262043	9.999999999999998	349.9332745070967	19.999999999733884	4.619740925750138	0.01069446283980213	0.3359764589116437	9.999999999866942
7	39	348.6411811879988	19.999999999999996	0.000631137451902958	1.3947837153272079e-06	4.3818422734186326e-05	9.999999999999998	422.7843964351796	19.999999999999996	4.191749901475292	0.009263567680342824	0.2910235617059685	9.999999999999998	348.34680329570193	19.999999999999996	3.3553305671755145	0.007415120779990711	0.23295288967899827	9.999999999999998
8	39	359.99999999999994	19.999999999999996	1.5014037414624801	0.003299468435810241	0.10365585798692857	9.999999999999998	423.99999999999926	19.999999999999996	4.900659125383902	0.01076963487723777	0.33833805812174583	9.999999999999998	340.00000000000006	19.999999999999996	2.001345324518198	0.004398134589016018	0.13817147314351882	9.999999999999998
9	39	356.820427620838	19.999999999999996	2.0137399161744445	0.004558989290933821	0.14322487264192227	9.999999999999998	423.99999999999994	19.999999999999996	5.912225303564209	0.013384932000425351	0.4205000404133521	9.999999999999998	340.0000043154876	19.999999999999996	0.723083490224237	0.0016370186943733293	0.05142845904032405	9.999999999999998
10	39	359.99999999999994	19.999999999999996	2.496550625169799	0.005828048665465291	0.1830935487218955	9.999999999999998	420.9130644477986	19.999999999999996	4.407383045859829	0.010288773085412881	0.3232313393958549	9.999999999999998	340.00000000703966	19.99999999998365	1.3486415849748254	0.0031483234148191744	0.09890749711112563	9.999999999991825
11	39	359.99999999999994	19.99999999999998	0.9488305810101746	0.002098480588704821	0.06592571201175842	9.99999999999999	423.9999999999799	19.999999999999996	5.72323424622067	0.012657787607897469	0.397656125596706	9.999999999999998	340.00000000000006	19.999999999999996	1.6298591742742368	0.003604677070900898	0.11324427004505833	9.999999999999998
12	39	359.99999999999994	19.999999999999996	1.235569003187227	0.0027479386500310443	0.0863290387545298	9.999999999999998	423.99999999999767	19.999999999999957	3.70319579421188	0.008236006912845184	0.25874178812309123	9.999999999999979	340.0000000003355	19.999999999999996	1.4840023887158822	0.003300461172278883	0.10368704572289694	9.999999999999998
13	39	359.99999495648837	19.999999999999996	0.6379966605147915	0.0013638993385880261	0.042848161423441194	9.999999999999998	419.7798683351834	19.999999999999996	4.639597572462336	0.009918459534396393	0.31159759608187343	9.999999999999998	340.00000000000006	19.999999999999996	1.8503407400668943	0.0039556296572201355	0.12426977071444686	9.999999999999998
14	39	359.99999999999994	19.999999999999996	2.196239873016329	0.0050400040923663176	0.15833639830640514	9.999999999999998	423.99999999999994	19.999999999999996	4.911199026261778	0.011270382390785783	0.35406950522040376	9.999999999999998	341.1463053101911	1.0776921332555809	3.4129017388986123	0.007832040089168001	0.013258350365161407	0.5388460666277904
15	39	359.99999999999994	19.999999999999996	1.4619457148460535	0.0033606733255349963	0.10557866630615921	9.999999999999998	423.9999999999963	19.999999999999996	4.617912315397205	0.010615506841612898	0.3334959830774326	9.999999999999998	340.00000000000006	19.999999999999996	1.641074024670295	0.0037724476661013203	0.11851493873875867	9.999999999999998
16	39	359.9999728098092	19.999999999999996	1.4986664623591954	0.003340266822484685	0.10493757710547606	9.999999999999998	423.9999999938914	19.999999999999996	3.732680290711478	0.008319494995823637	0.2613646436045658	9.999999999999998	342.66764235067484	19.99999993984304	1.6952137161258596	0.0037783364579216283	0.1186999402329393	9.99999996992152
17	39	359.99999999999994	19.999999999999996	1.666181362946316	0.003850290312773217	0.12096043760796284	9.999999999999998	423.99999983526277	19.999999999999996	5.525071415407847	0.012767595065706216	0.4011058286243193	9.999999999999998	340.00000000000006	19.999999999999996	1.4974702924199381	0.00346042483056866	0.10871245226014205	9.999999999999998
18	39	359.99999999999994	19.999999999999602	1.3593214995092875	0.0032261977480854106	0.10135399144412859	9.999999999999801	423.99999999999704	19.999999999999996	3.9859025846449425	0.009460094574617939	0.2971976361788437	9.999999999999998	340.0000000000007	19.999999999999996	2.1319344627194545	0.005059908318358935	0.1589617080079431	9.999999999999998
19	39	359.99999999999994	19.999999999999996	2.2899356520587775	0.005271080424383236	0.1655958753772334	9.999999999999998	423.5368456315002	19.999999999999996	4.126953638053232	0.00949961389278427	0.29843917217510596	9.999999999999998	340.00000000000006	19.999999999999996	1.112364533475743	0.002560492436506107	0.08044024228099814	9.999999999999998
20	39	359.99999999999994	19.999999999999996	1.8899306776069018	0.004251856569265488	0.13357601362121957	9.999999999999998	423.67732554738814	19.999999999999996	4.701653065388372	0.010577506735745347	0.33230217454314126	9.999999999999998	340.0000000000008	19.999999999999993	0.566135628094258	0.0012736591441839579	0.04001318210545784	9.999999999999996
0	40	351.61011646144834	19.999999999999996	2.7747941826691997	0.006505225231164928	0.20436767796174699	9.999999999999998	423.99999999999994	19.999999999999975	5.767238817578129	0.013520710006020538	0.4247656322623208	9.999999999999988	340.0000000073232	19.999999999993335	0.09074379166170521	0.0002127396715678039	0.006683413893242954	9.999999999996668
1	40	357.7626582370192	19.999999999999996	1.9098799309921806	0.004373255716701291	0.13738988031858337	9.999999999999998	423.99999999711554	19.999999999999996	4.075208275870002	0.009331438903564176	0.293155799068592	9.999999999999998	340.00000000000006	19.999999999999996	2.3509732757033484	0.005383274179147192	0.16912054613468439	9.999999999999998
2	40	359.99999999999994	19.999999999999996	1.6539755433975254	0.003735746054933257	0.11736192361855369	9.999999999999998	423.99999999970714	19.999999999999996	4.669794605597686	0.010547415192956875	0.33135682084554685	9.999999999999998	340.00000000000006	19.999999999999996	1.292579841641836	0.0029194809218162513	0.0917181981627349	9.999999999999998
3	40	359.99999999999994	19.999999999999996	1.7981243764886807	0.004029010090479883	0.12657508501490744	9.999999999999998	423.99999999995526	19.999999999999996	4.3930381901897455	0.009843365357573967	0.30923844293954633	9.999999999999998	340.00000000036795	19.999999999999996	2.274337074446038	0.005096047382433818	0.16009705018999576	9.999999999999998
4	40	359.99999999999994	19.999999999999996	1.130351741994292	0.0025997292607290367	0.08167290346828764	9.999999999999998	423.88355853884445	19.999999999999996	4.923613042062144	0.011323962637835878	0.3557527783255048	9.999999999999998	343.96418282343296	19.999999999999996	2.5911838349350638	0.005959540013379996	0.18722447124809008	9.999999999999998
5	40	359.99999999999994	19.99999999982758	3.6683361176733182	0.008116900053955624	0.2549999357920975	9.99999999991379	419.07992991553783	19.999999999999996	4.078953033012852	0.009025469049642014	0.28354347261557394	9.999999999999998	340.00000061259044	19.999999999999996	0.7642448707956342	0.0016910389435444923	0.053125555219736206	9.999999999999998
6	40	359.9999999993797	19.999999999999996	2.133350639238894	0.0048267557646894995	0.15163700451020712	9.999999999999998	423.9999999768716	19.999999999999996	4.469039306298483	0.010111306054215233	0.3176560481812057	9.999999999999998	340.00000000000006	19.999999999999975	0.9793352800454781	0.0022157689981098243	0.06961043606513831	9.999999999999988
7	40	359.9999999973917	19.999999999999996	0.7611716919636585	0.0017314268319134633	0.05439437815367585	9.999999999999998	418.00000000000006	19.99999999998958	4.656353076140968	0.010591742625234393	0.33274940820132903	9.99999999999479	340.00000000000006	19.999999999999993	2.66100553298848	0.0060529528729589355	0.19015912278213018	9.999999999999996
8	40	359.99999999999994	19.999999999999996	3.3849591640975882	0.007090456898547044	0.22275327303070458	9.999999999999998	423.9999999994374	19.999999999999996	3.965680198840216	0.008306890322794858	0.26096865612268466	9.999999999999998	340.00000000000006	19.999999999999996	1.3312204515524624	0.002788500769613699	0.08760333532347879	9.999999999999998
9	40	359.99999999999994	19.999999999999996	2.0607581339916985	0.004651836577476723	0.14614175617501157	9.999999999999998	419.0260691542742	19.999999999999996	5.076928314903712	0.011460365215567547	0.36003799168683004	9.999999999999998	340.00000000000006	19.999999999999996	0.4331963233018088	0.0009778723998339458	0.03072076747466544	9.999999999999998
10	40	359.99999999999994	19.999999999999996	1.3761658629107238	0.0032110943415119696	0.10087950393277756	9.999999999999998	423.9999999370383	19.999999549634534	4.427995219418799	0.01033211967868743	0.3245931054764732	9.999999774817267	342.53360296127346	19.999999999999996	2.6845354381805833	0.006263995342027498	0.19678921748634268	9.999999999999998
11	40	359.99999999999994	19.999999999999996	2.4453731118679043	0.005693876913440248	0.17887841881708408	9.999999999999998	423.99999999999727	19.999999999999996	3.755420809671069	0.008744229559351701	0.2747080734496201	9.999999999999998	340.0000000000001	19.999999999999996	1.0984563043525593	0.0025576771746698545	0.08035179822197111	9.999999999999998
12	40	359.99999999999994	19.999999999999996	1.0286676717310077	0.002344773625014689	0.07366323594677253	9.999999999999998	423.9999999998907	19.999999999999996	3.5650340630745316	0.008126237533361513	0.25529328136134166	9.999999999999998	340.00000000000006	19.999999999999996	1.7147859158610153	0.003908730582824211	0.12279639283862287	9.999999999999998
13	40	358.15330836337625	19.999999999999996	2.1397673772560233	0.004926930322735177	0.15478408106653616	9.999999999999998	423.9999999999993	19.999999999999996	3.481561467812502	0.008016483917157785	0.2518452698176362	9.999999999999998	340.00000000000006	19.999999999999996	0.5185571990170639	0.0011940060471368232	0.03751080626026831	9.999999999999998
14	40	359.99999999999994	19.999999999995925	2.90338197749851	0.00652390208365421	0.20495442858743035	9.999999999997963	423.9999999999911	19.999999999999996	3.5722726768299724	0.008026900125567105	0.252172504655806	9.999999999999998	340.00000000000006	19.999999999999996	2.617166451179396	0.005880775521941436	0.18475001177141892	9.999999999999998
15	40	359.99999999999994	19.999999999257696	1.2735857948114186	0.002905810777833275	0.0912887379202424	9.999999999628848	418.00000000000006	19.99999999993616	3.9076652248752706	0.008915721086766824	0.28009563867552856	9.99999999996808	340.0000000013158	19.999999999990965	1.9123479414494038	0.00436320920182199	0.13707425974513157	9.999999999995483
16	40	359.99999999999994	19.999999999999996	2.2608976391662763	0.00509894774886372	0.1601881678886847	9.999999999999998	423.99999999999676	19.999999999999996	3.8158776077404024	0.008605856453148542	0.27036095411059763	9.999999999999998	340.00000000000006	19.999999999999986	1.0612630787874215	0.002393440946990759	0.0751921649586716	9.999999999999993
17	40	359.99999999999994	19.999999999999993	1.7443040534825032	0.003967669590387119	0.12464801637031792	9.999999999999996	423.99999999688146	19.999999999999996	4.40511242777248	0.010020059626080872	0.3147894570982735	9.999999999999998	340.00000000000006	19.999999999999996	1.6827991074893571	0.0038277677748818463	0.12025287121216555	9.999999999999998
18	40	359.99999999999994	19.99999999999994	1.0436206427699122	0.002526210966596315	0.07936325814076929	9.99999999999997	423.9999999999534	19.999999999999996	4.020328266536614	0.00973169458327885	0.3057302020980841	9.999999999999998	340.00000000000006	19.999999999999996	1.9418398983888352	0.0047004601534752005	0.14766931086649238	9.999999999999998
19	40	356.087903891067	19.999999999999996	1.9313254534027462	0.004394176610268526	0.13804712957395698	9.999999999999998	423.9999999979551	19.99999999999998	4.521135644314849	0.010286546198154809	0.3231613796693513	9.99999999999999	340.00000000000006	19.999999999999996	0.8673955138412288	0.0019735094735367493	0.0619996286385291	9.999999999999998
20	40	355.0751366665974	19.999998470740007	1.9931266582699056	0.0044750258488415375	0.14058707256373992	9.999999235370003	418.00000000000006	19.999999999999996	5.236610589564784	0.011757390154502839	0.36936930534775075	9.999999999999998	340.0000000001991	19.999999530270202	1.6483363245262428	0.0037008925796227538	0.11626696666797522	9.999999765135101
0	41	359.9999999999998	19.999999999999996	1.2572708984375918	0.0029651861194373115	0.09315406929350682	9.999999999999998	423.9999999993317	19.999999999999996	4.136981976618875	0.009756784753927496	0.3065184330559551	9.999999999999998	340.00000000000006	19.999999999999996	0.8066182356949032	0.0019023531039649396	0.05976418535949993	9.999999999999998
1	41	359.99999982712694	19.999999999814797	2.533701235201378e-10	5.632505090625818e-13	1.7695036613853322e-11	9.999999999907399	423.99999849851054	19.999999999999996	4.628906373399705	0.010290218258559561	0.32327674084926267	9.999999999999998	348.5536066560057	19.999999999999996	3.18329926272422	0.007076583873889345	0.2223174391072276	9.999999999999998
2	41	359.9999999999999	19.999999999666432	1.2957750057179125	0.002933085323361387	0.09214559304070491	9.999999999833216	423.9999999902248	19.99999999999999	4.238845250104571	0.009594948765193624	0.3014342055230273	9.999999999999995	345.38584946969286	19.999999999999996	1.1559083526357112	0.002616486511397274	0.0821993480242246	9.999999999999998
3	41	359.99999999999994	19.999999999999996	2.4797957934889063	0.005649640884358274	0.17748870297720493	9.999999999999998	423.9999999999531	19.999999999999996	3.4708490450258394	0.007907526385721154	0.24842226801449024	9.999999999999998	340.00000000000006	19.999999999999996	1.8478562985314306	0.004209912977517446	0.13225831682421138	9.999999999999998
4	41	359.99999999999994	19.99999999999192	1.9078717598646635	0.0044838143665390075	0.14086318273973628	9.99999999999596	423.9999999314397	19.999999999999996	4.380422309695841	0.010294717337351563	0.3234180835780714	9.999999999999998	340.00000000000045	19.999999999999996	0.6694007227856369	0.0015732024766752382	0.04942361343332195	9.999999999999998
5	41	359.99999999999994	19.999999999999996	1.4367005805419004	0.0033861867762191252	0.10638019499852906	9.999999999999998	423.9999999997869	19.999999999999996	3.637100047442619	0.008572349904522757	0.2693083148404985	9.999999999999998	340.00000000000006	19.999999999999996	1.1455895938604688	0.0027000617847884444	0.0848249426732992	9.999999999999998
6	41	353.412675536437	19.999999999999996	2.348367704951835	0.005247634868468428	0.1648593115150205	9.999999999999998	422.45452144389253	19.999999999999996	5.675787025082916	0.012683046967483602	0.3984496717818078	9.999999999999998	349.48008630804986	1.0000000016275266	22.59695547078436	0.0504948910682403	0.07931718954099114	0.5000000008137633
7	41	359.9999999999983	19.999999999988404	0.9226521122335234	0.002059679702213868	0.06470674621219348	9.999999999994202	423.99999999240646	19.999999999999996	4.541553443756586	0.010138323340506692	0.3185048212625375	9.999999999999998	347.56084298234316	19.999999999999996	2.466713391638899	0.005506560313007614	0.1729936942589383	9.999999999999998
8	41	359.99999999999994	1.0000464515111713	3.5361632888589596	0.008384844787530129	0.013171495200434728	0.5000232257555857	423.9999981543168	19.999999999997232	3.7134864781252657	0.008805308238387221	0.2766269167430715	9.999999999998616	349.9999997741362	19.999999999999996	4.014017854928396	0.009517919264076052	0.2990142523748209	9.999999999999998
9	41	359.99999999999994	19.999999999999996	1.237631339274487	0.0029251216614612214	0.09189540722502941	9.999999999999998	423.99999996293036	19.999999999999996	4.019335651547966	0.009499634831417903	0.2984398299816819	9.999999999999998	340.00000000000006	19.999999999999996	1.8303948584850154	0.004326108655846104	0.13590871171837332	9.999999999999998
10	41	359.99999999999994	19.999999999999996	2.045148431671087	0.004649630794341448	0.14607245945407962	9.999999999999998	423.99999999794534	19.999999999999996	5.695121013532043	0.012947818178841294	0.40676770470664175	9.999999999999998	340.3280390413684	1.9696567168945274	10.37622286852044	0.02359027082401114	0.07298663566334539	0.9848283584472637
11	41	359.99999999999994	19.999999999999996	1.4422990615439915	0.0032725267065598805	0.10280945860004918	9.999999999999998	418.00000000000006	19.999999999999996	3.9195660174639237	0.00889335978388835	0.27939313762794543	9.999999999999998	340.0000000047585	19.999999999999996	1.3329620047937594	0.003024444704864094	0.09501573265989585	9.999999999999998
12	41	359.99999999999994	19.999999999999993	1.4468251142241375	0.0034637067209079015	0.10881555588593851	9.999999999999996	418.23996658967997	19.999999999999996	4.139897435518764	0.009910935627465419	0.311361225574467	9.999999999999998	340.00000000000006	19.999999999999996	2.150396537710298	0.0051480603060159265	0.16173108437616854	9.999999999999998
13	41	359.99999999999994	19.999999999999996	1.4033853732407375	0.003186178665310679	0.10009675487964559	9.999999999999998	423.99999999992065	19.999999999999996	4.184815044320488	0.009501002836943388	0.2984828071427712	9.999999999999998	340.00000000000006	19.999999999999996	1.4980592120366767	0.003401121596230723	0.10684938620684027	9.999999999999998
14	41	359.99999999999994	19.999999999999996	1.74207669372245	0.004053413647035659	0.12734174535487836	9.999999999999998	423.9999999981003	19.999999999999996	3.8658924950318574	0.008995046804656603	0.2825877296020552	9.999999999999998	340.00000000000006	19.999999999999996	1.5074754287495076	0.0035075502114706014	0.11019293976453363	9.999999999999998
15	41	359.99999999999994	19.999999999999996	1.9751665760331127	0.004331819603846498	0.13608812644120402	9.999999999999998	423.9999999967498	19.999999999999996	3.4430978029861654	0.007551200360473413	0.23722795578247868	9.999999999999998	340.00000000000006	19.999999999999996	1.2983846581263454	0.0028475411560989	0.08945814376794889	9.999999999999998
16	41	359.99999999999994	19.999999999999996	2.0554016981204257	0.004631175132990756	0.1454926577529149	9.999999999999998	422.4734850283339	19.999999999999996	4.9379237306456405	0.011125995279114136	0.3495334503273968	9.999999999999998	340.00000000000006	19.999999999999996	0.7497200989068634	0.0016892489102913095	0.0530693196665574	9.999999999999998
17	41	355.2653508751682	1.0000001049602851	13.302453589100786	0.03021835782345202	0.047466890452990095	0.5000000524801426	423.99999999992065	19.999999999999996	4.586428816481703	0.010418705555326377	0.32731328832528506	9.999999999999998	340.00000000000017	19.999999999910674	1.9537884784894461	0.004438299969165535	0.13943330577495974	9.999999999955337
18	41	359.99999999999994	19.99999999915477	2.574317072292991	0.006049211843991878	0.19004159488290104	9.999999999577385	423.99999999879697	19.999999999999996	4.511587532133481	0.010601471368202078	0.33305504567586175	9.999999999999998	340.00000000000006	19.99999999999869	0.24317642748128288	0.0005714236762564524	0.017951804234144254	9.999999999999345
19	41	359.99999999999994	19.999999999999996	2.749202058039379	0.006415986101158203	0.20156414800932823	9.999999999999998	423.99999999998556	19.999999999999996	4.0147570186429204	0.009369491469648595	0.2943512556892025	9.999999999999998	340.00000000000006	19.999999999999996	0.5610190790013759	0.001309285580822101	0.041132419621617566	9.999999999999998
20	41	359.99999999999994	19.999999999999996	1.9434650226710626	0.004526043735878352	0.1421898575046153	9.999999999999998	423.99999999999915	19.999999999999996	4.70048400581706	0.010946734796845109	0.3439018161856434	9.999999999999998	340.00000000000006	19.999999999999996	0.8461261543167625	0.0019705031661670378	0.061905182707057915	9.999999999999998
0	42	359.99999999999994	19.999999999999996	1.6184373880821714	0.003660228371505846	0.11498946562383694	9.999999999999998	423.9999999999998	19.999999999999996	4.005046916458891	0.00905774079416568	0.2845573193707147	9.999999999999998	340.00000000000006	19.999999999999996	1.9270237476965677	0.004358121633758492	0.13691442908066423	9.999999999999998
1	42	359.99999999999994	19.999999999999996	1.8009172229620993	0.004123114760593915	0.12953147041789478	9.999999999999998	423.9999999999922	19.999999999999996	4.241958918846125	0.009711764210550583	0.3051040709726198	9.999999999999998	340.00000000000006	19.999999999999996	1.2846630974820776	0.0029411753700187286	0.09239974935370077	9.999999999999998
2	42	359.99999999999994	19.999999999999996	1.3701708481849557	0.003079501901549941	0.09674540550625091	9.999999999999998	423.99999996076144	19.999999999999996	4.8531808902481774	0.010907676075493079	0.34267475026506194	9.999999999999998	340.00000000000006	19.999999999999996	1.8443526744361878	0.004145240409675009	0.13022656818398548	9.999999999999998
3	42	359.99999999999994	19.999999999999996	1.2414793664412136	0.0028344192553520346	0.08904590709807401	9.999999999999998	423.9999999986834	19.999999999999996	3.9823953964490104	0.009092199596097654	0.2856398745607247	9.999999999999998	340.00000000000006	19.999999999999996	2.920458245320011	0.006667692841900023	0.20947174848506359	9.999999999999998
4	42	359.99999999999994	19.99999999999951	2.4250026144975743	0.00570503912297636	0.1792290899718445	9.999999999999755	423.9999999999996	19.999999999999996	4.372153783007419	0.010285889274760356	0.3231407418122517	9.999999999999998	340.00000000000006	19.999999999999996	0.8993410113652391	0.002115781494033086	0.06646923598255577	9.999999999999998
5	42	357.0111753660341	19.999999999999996	2.840053417849947	0.0067708493755704625	0.21271250656855198	9.999999999999998	423.9999999998653	19.999999999999996	3.8524340298210284	0.009184422511667794	0.2885371429012025	9.999999999999998	340.00000000000006	19.999999999999996	1.1026297120045603	0.0026287321393635723	0.08258405577279977	9.999999999999998
6	42	359.99999999999994	19.999999999999996	1.9126457380657333	0.00438491410626026	0.13775613942849485	9.999999999999998	423.9999999999996	19.999999999999996	4.8885006594293445	0.011207331851047483	0.3520887140959366	9.999999999999998	340.1723776643243	19.999999999999996	1.7554145323923087	0.004024447283795298	0.126431740215307	9.999999999999998
7	42	359.99999999999994	19.999999999999996	2.2221034167087415	0.00517348098820055	0.16252969866017308	9.999999999999998	421.8402157113024	19.999999999999996	5.754037284490165	0.013396497333503194	0.42086337606768875	9.999999999999998	340.00000000000006	19.999999999999996	0.2640809094822086	0.0006148307744274493	0.019315478441421976	9.999999999999998
8	42	350.3543052206623	19.999999999999996	2.777491227983408	0.006307543546292279	0.19815732467229533	9.999999999999998	423.9999999989911	19.999999999999996	4.1164902042993194	0.009348343195436606	0.2936868630601977	9.999999999999998	340.00000000000006	19.999999999999996	0.4543558987728274	0.0010318195024886306	0.032415565688489564	9.999999999999998
9	42	354.69295830094916	1.000000000010923	6.736187986711092	0.015353362424675875	0.02411700530089508	0.5000000000054615	423.99749939935106	19.999999999999996	4.40413370421121	0.010038060259137635	0.3153549636639844	9.999999999999998	341.2492443485376	19.999999999999996	3.07376596577298	0.007005838164588988	0.2200948971011176	9.999999999999998
10	42	359.99999999999994	19.999999999999996	1.1505941252413734	0.0025983297344682184	0.0816289360540927	9.999999999999998	423.99999999992895	19.999999999999996	4.992872613912429	0.011275156971985405	0.3542195031126108	9.999999999999998	340.00000000000006	19.999999999999805	1.6896877729000774	0.0038157382225227645	0.11987495167899176	9.999999999999902
11	42	359.99999999999994	19.999999999999996	1.6233742931707176	0.003619442117325378	0.11370812765882891	9.999999999999998	423.99999999967935	19.999999999999996	5.08830577682755	0.011344782476817814	0.35640685285745055	9.999999999999998	340.00000000000006	19.999999999999996	2.8089330190674784	0.0062627396015378445	0.19674976723537155	9.999999999999998
12	42	359.9999999999981	19.999999998215042	1.4958589942246554	0.003404766603237705	0.10696389746964818	9.999999999107521	423.9999999999947	19.999999999999996	4.06426126936306	0.009250779044138697	0.29062179485048534	9.999999999999998	340.00000000000006	19.999999999999996	1.7453706175474304	0.003972687005821736	0.12480564312501197	9.999999999999998
13	42	359.99999999999994	19.999999999999996	1.5429844831344006	0.0034611817981403236	0.10873623309776348	9.999999999999998	423.99999999999756	19.999999999999996	4.642841756705054	0.0104146992763722	0.3271874273599783	9.999999999999998	340.0000000000007	19.999999999999996	1.542928561106675	0.0034610563553334806	0.10873229219575925	9.999999999999998
14	42	358.52148117899105	19.999999999999996	2.2918025944680047	0.005009571805119918	0.1573803398059529	9.999999999999998	423.9999999925098	19.999999999999996	4.047618691934405	0.008847549315955727	0.27795395933279904	9.999999999999998	340.00000000000006	19.999999999999996	1.5591064991465047	0.003407996822307721	0.10706537780419294	9.999999999999998
15	42	355.8046419811791	19.999999999999996	2.818817052832814	0.006029671238043624	0.18942770864999517	9.999999999999998	423.9999999984413	19.999999999999996	3.485454422032641	0.007455660969172043	0.23422649728407044	9.999999999999998	341.7986314698288	1.0000008126589297	5.244264252097579	0.011217893440014108	0.017621040129834703	0.5000004063294649
16	42	359.99999999999994	19.999999999999996	0.5498738437033066	0.0012615676946525244	0.03963331801526581	9.999999999999998	423.999999997817	19.999999999999996	5.843769250932514	0.013407276207809751	0.42120200439104327	9.999999999999998	342.815023569382	19.999999999999996	3.0709641891293704	0.007045669214502231	0.22134622643903973	9.999999999999998
17	42	355.3626930642826	19.999999999999996	1.6661855274532864	0.004018646270399829	0.12624949600464122	9.999999999999998	423.9999999999584	19.999999999999996	3.8595512814505657	0.009308790111942107	0.29244426629486625	9.999999999999998	340.00000000000006	19.999999999999996	1.1817480380367316	0.0028502392244802235	0.08954290608600537	9.999999999999998
18	42	352.6973476571493	19.999999999999996	3.055979416772922	0.006845889076391139	0.21506994829681012	9.999999999999998	423.99999999999966	19.999999999999996	4.047451868007144	0.009066948022728755	0.2848465729868515	9.999999999999998	340.00000000000006	19.999999999999996	0.22593117850411257	0.0005061224491396533	0.015900305680340083	9.999999999999998
19	42	359.99999999999994	19.999999999999996	1.7963388456909675	0.0041729767629616	0.13109793142121076	9.999999999999998	423.99999999999955	19.999999999999996	4.294527790218251	0.00997638319711348	0.31341732161448355	9.999999999999998	340.00000000000006	19.999999999999996	1.875100042070672	0.004355942601007116	0.1368459727478277	9.999999999999998
20	42	359.9999993955843	19.999999999999996	0.7792591615049986	0.001810241530043046	0.05687041492006379	9.999999999999998	418.00000261680935	19.99999999999999	3.8755369847508088	0.00900298430558614	0.2828370935481361	9.999999999999995	340.00000000000006	19.999999999999996	2.5227761170675698	0.005860481754614775	0.18411246426794795	9.999999999999998
0	43	356.3253169250953	19.99999999999855	1.4653223223226275	0.0034011333101607484	0.10684975421079768	9.999999999999275	423.99999999546986	19.999999999999996	4.769939630978571	0.011071421160541864	0.34781895382756894	9.999999999999998	340.0000000000008	19.999999999999805	0.8130358159854465	0.0018871228220414627	0.0592857119414704	9.999999999999902
1	43	355.10446807787554	19.99999996867201	2.0822298634471434	0.0046044593223783	0.1446533555827821	9.999999984336005	418.00000000003104	19.999999999999996	3.55854570212317	0.007869053854181357	0.24721361778998593	9.999999999999998	340.00000000000006	19.99999999999996	0.9598076979915737	0.002122434021473222	0.06667823129589302	9.99999999999998
2	43	359.99999999999994	19.999999999999996	1.3028512580169056	0.0029564662421695895	0.09288012626986203	9.999999999999998	423.999999568204	19.999999999999996	4.063592218126044	0.009221216267710587	0.28969305283802266	9.999999999999998	346.5946624634303	19.999999999999996	1.686254609111326	0.0038264957698462172	0.12021290999541293	9.999999999999998
3	43	359.99999999999994	19.999999999999996	1.6108930878932535	0.003894631552782571	0.1223534587466073	9.999999999999998	423.9999999999753	19.999999999999996	4.359412318996476	0.010539684412798095	0.3311139512240134	9.999999999999998	340.00000000000006	19.999999999999996	1.4952040423223805	0.0036149319187237525	0.11356643559089794	9.999999999999998
4	43	359.99999999999994	19.999999999999996	2.494658199283734	0.005603387835458868	0.1760356205909199	9.999999999999998	423.9999999866686	19.999999999999996	3.4300203266653537	0.0077043557226924575	0.242039473390531	9.999999999999998	340.00000000000006	19.999999999999996	1.1463800004542033	0.002574946640466723	0.08089433449075974	9.999999999999998
5	43	359.99999999999994	19.999999999999996	2.565743558597324	0.00593943830469835	0.18659295744490148	9.999999999999998	423.99999999999744	19.999999999999996	3.720100244089569	0.008611657939479593	0.270543213178973	9.999999999999998	342.11603494255485	1.0000000000000002	23.706880074009526	0.05487904320158939	0.08620379947907508	0.5000000000000001
6	43	359.99999999999994	19.9999999336301	1.8214142087041683	0.004166119302413835	0.13088249751008646	9.99999996681505	423.9999999234889	19.999999999999677	4.737950188590111	0.010837109779989914	0.3404578447096186	9.999999999999838	347.4744261317657	19.999999999999996	1.540422878228956	0.003523408050843786	0.11069112848129967	9.999999999999998
7	43	359.99999999999994	19.999999999999996	0.8284539910961501	0.0018264606171144182	0.05737995256797735	9.999999999999998	418.00000000000006	19.999999999999996	4.4930593959985305	0.009905675059020602	0.3111959599426676	9.999999999999998	340.00000000000006	19.999999999999996	2.761305243336647	0.0060877433544774765	0.1912520979936652	9.999999999999998
8	43	359.99999999999994	19.999999999999996	1.7524922518233974	0.0040643765111364845	0.1276861538880929	9.999999999999998	423.9999999999995	19.999999999999996	3.7710440613225336	0.008745797814143242	0.2747573416269407	9.999999999999998	340.00000000000006	19.999999999999996	1.0117581839470413	0.0023464675484333344	0.07371645212045014	9.999999999999998
9	43	359.99999999999994	19.999999999999996	1.5722146731124491	0.0034847277531639166	0.10947595109100224	9.999999999999998	423.99999925957474	19.999999999999996	5.498191187565356	0.012186439772617437	0.38284829663069403	9.999999999999998	344.2448757148283	19.999999999999996	2.060221790159916	0.0045663688124922	0.14345670714907038	9.999999999999998
10	43	359.99999999999994	19.999999999999996	2.2530001529813743	0.005261320646478304	0.16528926291156537	9.999999999999998	423.99999837135897	19.999999999999996	4.038079331876934	0.00942992841469952	0.2962499383149765	9.999999999999998	340.00000000000006	19.999999999999996	1.3729299441211098	0.003206135894670938	0.10072372973108756	9.999999999999998
11	43	356.9748119062224	19.999999999999996	2.0945737645681786	0.004604495405953649	0.14465448940831935	9.999999999999998	420.11925815904607	19.999999999999996	4.466434369145724	0.009818549664668807	0.30845883495430043	9.999999999999998	340.00000000000006	19.999999999999996	0.8072115973950377	0.0017744909034532002	0.05574727586150487	9.999999999999998
12	43	359.99999999999994	19.999999999999996	2.018207439689413	0.004640037165364645	0.14577106671093173	9.999999999999998	418.00000000000006	19.999999999999996	4.055484702177017	0.009323917537716052	0.29291950839165776	9.999999999999998	344.8081991384353	3.8983078799624784	6.417780052837664	0.014755043202538863	0.09035173534074974	1.9491539399812392
13	43	359.99999999999994	19.99999999999445	1.6414890821141928	0.0037595535783886856	0.11810985902639835	9.999999999997225	423.99999999918975	19.999999999999932	3.3899386701598617	0.007764082135412636	0.24391583398480007	9.999999999999966	340.00000000000006	19.999999999999996	2.0372110692381566	0.004665887972536964	0.14658319376995096	9.999999999999998
14	43	358.5318372485015	19.999999999999996	2.3514928515001947	0.005293077430362327	0.16628693170108222	9.999999999999998	418.0523869547353	19.999999999999996	3.384725392950548	0.007618825451232429	0.23935246066574734	9.999999999999998	341.4295923450793	1.0028760178428626	5.036498158166648	0.011336872536969777	0.017859133627573975	0.5014380089214313
15	43	359.99999999999994	19.999999999999996	1.152250964456112	0.002730725325334699	0.08578826621043087	9.999999999999998	423.9999998191941	19.999999999999996	4.511675672904516	0.01069224274896764	0.33590671270555467	9.999999999999998	340.00000000000006	19.999999999999996	2.4498301207846156	0.0058058646596595	0.18239661762522885	9.999999999999998
16	43	358.6562385930602	3.4621959203069563	7.256109499227501	0.01613311318037614	0.08773839748523811	1.7310979601534782	423.99999999999994	19.999999999999996	4.506077531425394	0.010018737840405422	0.31474793197659734	9.999999999999998	340.0000025277709	19.999999999999996	1.9162095737716127	0.0042604684968258755	0.13384656530478917	9.999999999999998
17	43	359.99999999999994	19.999999999999996	0.7528092858736692	0.0017591433824235044	0.055265119268327806	9.999999999999998	420.5491595850154	19.999999999999996	4.611037477806065	0.010774941565413306	0.3385047726476174	9.999999999999998	340.00000000000006	19.99999999999974	3.06094948301695	0.007152739914376568	0.2247099516804362	9.99999999999987
18	43	351.99738501457045	19.99999999645276	3.1405851185010465	0.0072393533827132	0.22743099399838446	9.99999999822638	418.00000048784176	19.999999999999996	4.606055746754833	0.01061740535379922	0.3335556265968056	9.999999999999998	340.0000002400489	19.999999999978986	0.8040394011991636	0.0018533888238265626	0.05822592713172839	9.999999999989493
19	43	359.99999999999994	19.999999999999996	3.5546181007906386	0.007805406581206135	0.24521407973798612	9.999999999999998	423.99999999999153	19.999999999999996	3.7209293750064263	0.00817060111898333	0.25668700450810567	9.999999999999998	340.00000000000006	19.999999999999996	0.7364716408022404	0.0016171809260496599	0.05080523716803149	9.999999999999998
20	43	359.99999999999994	19.99999997812905	2.2763531923501477	0.005220288594989702	0.16400020281704028	9.999999989064525	418.0000001517573	19.999999999999996	4.584055865355347	0.010512469959902975	0.33025898397114567	9.999999999999998	340.4958287161831	19.999999999999996	1.420819655502881	0.0032583206631047234	0.1023631625824962	9.999999999999998
0	44	357.098697596142	19.999999999999996	1.4922881750767059	0.003402414638482581	0.10689000832723246	9.999999999999998	418.00000000012744	19.999999998470386	5.030325707518638	0.011469134520694644	0.3603134875049169	9.999999999235193	340.0000000015365	19.999999999999996	1.1165831257163836	0.002545807730349925	0.07997890863119426	9.999999999999998
1	44	359.99999999999613	19.999999999999737	1.8731322514063673	0.004234911999216278	0.1330436842533695	9.999999999999869	423.99999999981753	19.999999999999996	3.487421896911599	0.007884614034311706	0.2477024552658463	9.999999999999998	340.00000000000006	19.99999999999932	1.2511655137708264	0.0028287249035915357	0.08886701376149363	9.99999999999966
2	44	359.99999999996413	19.999999999999996	0.908719721950415	0.002080131634606268	0.06534926261778778	9.999999999999998	418.00000000039097	19.999999999999996	3.532601988156533	0.008086406589994056	0.2540419553706541	9.999999999999998	340.00000000000006	19.999999994788457	2.093830463271144	0.004792944269773715	0.15057478503062763	9.999999997394228
3	44	359.99999999999994	19.999999999999996	1.0326614309810467	0.002322168312171874	0.07295306909918167	9.999999999999998	423.9999999999586	19.999999999999996	4.316032000989856	0.00970555541858168	0.3049090160202481	9.999999999999998	340.00000000000006	19.999999999999996	2.3921850337135515	0.005379358728314287	0.16899753861896294	9.999999999999998
4	44	356.7217998097449	19.999999999999996	2.652417795429386	0.006142179624972638	0.19296226386842946	9.999999999999998	423.99999998324313	19.999999999999996	4.636038761538133	0.010735632550336275	0.3372698435177589	9.999999999999998	340.00000000000006	19.999999977034854	0.40762238929283084	0.0009439274380195375	0.029654355013989307	9.999999988517427
5	44	359.99999999983123	19.999999999999996	1.8810533161361962	0.004173824947932009	0.13112457793792998	9.999999999999998	423.99999999973625	19.999999999999996	4.073322945625835	0.009038200451627199	0.2839434414050395	9.999999999999998	340.00000000000006	19.99999999999998	2.1994257917489923	0.004880254143770577	0.15331770565720773	9.99999999999999
6	44	359.99999999999994	19.999999999999996	1.1280958356360862	0.0026034446082847363	0.08178962455415283	9.999999999999998	423.99999999999693	19.999999999999996	4.700266265481092	0.010847378812873213	0.3407804558922805	9.999999999999998	340.00000000000006	19.999999999999982	2.0181486505159345	0.004657528249752147	0.1463205653330826	9.999999999999991
7	44	359.99999999999994	19.99999999999977	1.6599466371644955	0.003675583850963726	0.1154718722384079	9.999999999999885	423.99999999994424	19.999999999999996	4.20415944317334	0.009309179108673515	0.2924564869876029	9.999999999999998	340.00000000000006	19.999999999999808	0.8658914260642272	0.0019173246121732006	0.06023452916150168	9.999999999999904
8	44	359.99999999999994	19.999999999999993	2.2378853932646243	0.005180778132086561	0.16275894519641784	9.999999999999996	423.99999999999994	19.999999999999996	3.6567431467798004	0.008465480397929392	0.26595091027243367	9.999999999999998	340.00000000000006	19.999999999999996	2.2504571107360194	0.005209882070632565	0.16367327239168442	9.999999999999998
9	44	359.99999999999994	19.999999999999996	2.0810175200649335	0.0047586005758382035	0.14949584610421457	9.999999999999998	423.99999999995066	19.999999999965127	4.128886080487514	0.009441400416256546	0.2966103418725946	9.999999999982563	340.0000000005523	19.999999999999996	0.7906254512183238	0.001807899592946465	0.0567968407962859	9.999999999999998
10	44	359.99999999999994	19.999999999873758	2.386028764717737	0.005399359968995849	0.16962589612577103	9.999999999936879	423.9999999976534	19.999999999999996	4.752710125037727	0.010754938571080338	0.3378763600471549	9.999999999999998	343.5919665012465	1.000000092460912	17.070657083720594	0.03862930064600458	0.06067876917181355	0.500000046230456
11	44	359.99999999999994	19.999999999999996	0.9058643379300405	0.0022177737773648736	0.06967341806293571	9.999999999999998	423.99999999999966	19.999999999999996	3.577184160137557	0.008757807206856568	0.2751346278261633	9.999999999999998	340.00000000000006	19.999999999999996	2.3277676906690212	0.0056989351804703	0.1790373289624991	9.999999999999998
12	44	351.4873747228915	19.999999999999996	3.3723966353959556	0.007723962859222248	0.24265544975133022	9.999999999999998	423.9999999716713	19.999999999999996	5.325107746877608	0.012196351409717884	0.38315967989369215	9.999999999999998	340.01020057978434	1.0000000000426073	16.13931356277785	0.03696464918267292	0.058063935159878545	0.5000000000213036
13	44	359.999999999999	19.999999999999826	2.258310548636172	0.005116928204563602	0.1607530405640328	9.999999999999913	423.9999999999999	19.999999999999996	5.052148232536516	0.011447265213508546	0.35962644298452434	9.999999999999998	345.73567494186057	1.0000000019289796	22.230053465489277	0.05036932924712858	0.07911995751713312	0.5000000009644898
14	44	357.04430316975095	19.999999999999996	1.8106863692677184	0.004162452374385947	0.1307672980028828	9.999999999999998	423.99999999999136	19.999999999999996	3.783535350903913	0.008697688330924101	0.27324593763644817	9.999999999999998	340.00000000000006	19.999999999999996	1.8189574328817875	0.004181466108052591	0.13136463206292723	9.999999999999998
15	44	359.9999995988158	19.999999999999996	3.0719858826255693	0.007057239375227025	0.22170971375837836	9.999999999999998	419.63577447370915	19.999999999999996	5.619469022212673	0.012909544368587033	0.40556529749544495	9.999999999999998	340.00000000000006	19.999999999373674	0.6413178254048291	0.0014732923855801379	0.04628484534983395	9.999999999686837
16	44	359.99999999999994	19.999999999999996	2.074012541096714	0.0044415006923287145	0.13953385945933866	9.999999999999998	423.99999999806573	19.999999999999996	5.7241290553291915	0.01225823019796194	0.3851036593592978	9.999999999999998	340.00000000000006	19.999999999999996	0.4299300835510194	0.0009206958617208048	0.028924513553726036	9.999999999999998
17	44	359.99999999999994	19.999999999999986	2.0351242612606866	0.004666607085030478	0.14660578535521818	9.999999999999993	418.00000004382986	19.999999999999996	4.725329058836994	0.010835335455835583	0.3404021026723407	9.999999999999998	340.000000000006	19.999999999999513	1.149131801290211	0.0026349971388050907	0.08278087653499996	9.999999999999757
18	44	359.999999991202	19.999999999999996	2.3159532828143425	0.005085553859572585	0.15976738644668448	9.999999999999998	423.99999999998465	19.999999999999996	4.580623465614225	0.010058496221691965	0.31599697836228163	9.999999999999998	340.00000000000006	19.999999999999996	1.7369329580797115	0.0038140951176903414	0.11982333201828671	9.999999999999998
19	44	348.00000000008777	19.999999999999996	2.2240786485354334	0.005052888356567152	0.15874116940400765	9.999999999999998	423.99999999999994	19.999999999999996	4.220817984064466	0.009589284111383706	0.3012562451750837	9.999999999999998	346.0067048130779	1.0000000000000002	14.696107493487279	0.03338811354067908	0.052445926108309664	0.5000000000000001
20	44	359.99999999999994	19.999999999999996	1.8169011450236199	0.004082579296195376	0.12825801124625177	9.999999999999998	423.9999999972979	19.999999999999996	5.005270383196373	0.011246849226919145	0.35333018907321223	9.999999999999998	340.00000000000006	19.999999999999737	1.5341217365885769	0.003447173588279289	0.10829615220586838	9.999999999999869
0	45	359.99999999999994	19.999999999999996	1.480665306852957	0.0033487260525591955	0.10520333165604713	9.999999999999998	423.9999999999809	19.999999999999996	3.8380506338354685	0.00868027371822695	0.2726988414433034	9.999999999999998	340.00000000000006	19.99999999999998	1.4537465709511384	0.0032878456687214907	0.10329071798992445	9.99999999999999
1	45	359.99999999999994	19.999999999999996	1.6375606164029868	0.0036151784125112722	0.11357417942161821	9.999999999999998	423.9999999999966	19.999999999999996	3.5455762215835915	0.007827429707205374	0.24590595664646903	9.999999999999998	340.00000000000006	19.999999999999996	0.876211559960974	0.001934377930584165	0.06077027495989438	9.999999999999998
2	45	359.99999999999994	19.999999999999996	1.6998422111479532	0.003982888025452275	0.1251261176083162	9.999999999999998	423.9999999999991	19.999999999999996	3.7720271182063017	0.008838209536307068	0.2776605415014953	9.999999999999998	340.00000000000006	19.999999999941657	1.0739214776870696	0.0025162976691037986	0.07905182271478553	9.999999999970829
3	45	359.99999999999994	19.999999999999996	1.231890443630149	0.002731523589839375	0.08581334442946598	9.999999999999998	423.999999999992	19.999999999999996	3.6643176775891915	0.008125048967426982	0.25525594146125935	9.999999999999998	340.70290964579436	19.999999999999996	1.8836378594684966	0.0041766711272560935	0.1312139932984834	9.999999999999998
4	45	359.99999999999994	19.999999999999996	1.1580502157079324	0.002821364058804723	0.08863576600243198	9.999999999999998	423.99999999999545	19.999999999999996	5.266054552059428	0.012829717436564615	0.4030574604634426	9.999999999999998	340.00000000000006	19.999999999999996	2.211932569293858	0.005388943386785926	0.16929864954537963	9.999999999999998
5	45	348.0000000005128	2.389975132314909	3.1393997164227896	0.0070470546983031936	0.026455800174680903	1.1949875661574545	423.99999999268067	19.999999999999996	3.9973143499560027	0.008972827742543698	0.2818896971790196	9.999999999999998	341.7196304281404	19.999999999999996	2.4049769073679164	0.005398485489349944	0.1695984235385288	9.999999999999998
6	45	359.99999999999994	19.999999999999996	2.1058074906960815	0.004639654568472447	0.1457590470750736	9.999999999999998	423.99999999999864	19.999999999999996	3.8213937529398208	0.008419547875147227	0.26450789751110076	9.999999999999998	340.0000000038629	19.999999999999996	0.6593456886359366	0.0014527141013593444	0.04563835948596814	9.999999999999998
7	45	359.99999999999994	19.999999999999996	2.6376661271453923	0.005987425102584313	0.18810050716197987	9.999999999999998	423.99999999999994	19.999999999999996	4.305854606822409	0.009774164249084932	0.3070644259990521	9.999999999999998	340.00000000000006	19.999999999076188	1.1562400940983835	0.0026246312574485695	0.08245522276401701	9.999999999538094
8	45	359.99999999999994	19.999999999999996	2.7751344161110865	0.006365892564832581	0.19999041315219918	9.999999999999998	419.83835229938234	19.999999999999996	3.6768725217198353	0.008434393416032852	0.26497428393294925	9.999999999999998	340.00000000000006	19.999999999999996	0.540205271311957	0.0012391791547694524	0.0389299612910532	9.999999999999998
9	45	359.99999999999994	19.999999999999996	1.5080530582350096	0.00341293906197061	0.10722064284236506	9.999999999999998	423.9999999999951	19.999999999999996	3.3484537182471836	0.007578028126929228	0.23807077492257678	9.999999999999998	340.00000000000006	19.999999999999996	1.3990135044326564	0.0031661670068099993	0.09946807008632676	9.999999999999998
10	45	359.99999999999994	19.999999999999996	1.4683142971274732	0.0033804809683722317	0.1062009417583831	9.999999999999998	423.9999999850678	19.999999999999996	4.2779216897045345	0.009849003639428212	0.30941557478806797	9.999999999999998	340.00000000000006	19.999999999999996	2.038004087664695	0.004692070386628676	0.14740573856758865	9.999999999999998
11	45	359.99999999999994	19.999999999999996	1.6333417750181043	0.0038690045100252778	0.12154836145401186	9.999999999999998	418.00000000000006	19.999999999999996	3.6742588246014622	0.008703459484605212	0.27342724377652133	9.999999999999998	340.00042769909516	19.999998647265993	1.53381775531558	0.00363325539310782	0.11414207679583625	9.999999323632997
12	45	359.99999999999994	19.999999999999996	1.4227013016159766	0.0032028854246522074	0.10062161320377197	9.999999999999998	423.99999999996965	19.999999999999996	4.822144283109826	0.01085595101543765	0.3410497595782957	9.999999999999998	340.00000000000006	19.999999999999996	1.2045841043987613	0.002711844620064836	0.08519511136072691	9.999999999999998
13	45	359.99999999999994	19.999999999999996	0.6951656936353969	0.0016304272181621718	0.051221381707911205	9.999999999999998	423.9999999999993	19.999999999999996	3.8516890435841824	0.009033671698779742	0.28380116643828457	9.999999999999998	340.00000000000006	19.999999999999996	2.3854989321528506	0.005594899782149953	0.17576896053173421	9.999999999999998
14	45	359.99999997027874	19.999999999999996	1.0818592285136592	0.0024138756910326536	0.07583414137627169	9.999999999999998	418.00000000000006	19.999999999999996	5.26061463743928	0.01173763596826859	0.36874870928423914	9.999999999999998	340.00000000000006	19.99999999999974	1.5666879872928257	0.003495639680547661	0.10981875940005359	9.99999999999987
15	45	359.99999999999994	19.999999999999996	2.322583558454259	0.005126309204126935	0.16104775335714913	9.999999999999998	423.999999999719	19.999999999999996	4.554438280742493	0.01005236551908455	0.31580437665955363	9.999999999999998	340.6831786628294	2.0814879438221623	4.633566168230388	0.010227013279960926	0.0334381773352408	1.0407439719110811
16	45	359.99999999788656	19.999999999999996	2.2029504315062516	0.004859772545814098	0.15267425728046932	9.999999999999998	418.0000000001039	19.999999999999996	4.007046977346025	0.008839661851573675	0.277706167331218	9.999999999999998	340.00000000000057	3.432559076999435	7.880256874421296	0.01738407522228752	0.09373234666838111	1.7162795384997176
17	45	359.99999999999994	19.999999999999996	2.0933143137791372	0.004729078000739945	0.14856836705377713	9.999999999999998	423.99999999977814	19.999999999999996	4.562029941370493	0.010306237955973008	0.3237800144863308	9.999999999999998	340.00000000000006	19.999999999999996	1.288865271859402	0.002911719641406463	0.0914743703475565	9.999999999999998
18	45	354.432334211246	19.999999999999996	2.348202344910111	0.005348191823756298	0.16801840143501778	9.999999999999998	418.0000000001991	19.999999999999996	3.8307070283907363	0.008724697874888365	0.2740944674853976	9.999999999999998	340.00000000000006	19.999999999999996	0.6195830688582408	0.0014111429154255125	0.04433236216266072	9.999999999999998
19	45	359.99999999999994	19.999999999999996	2.1250064934528656	0.004794394785237112	0.15062035435710122	9.999999999999998	423.99999999999994	19.999999999999996	4.423451169767116	0.009980097136843346	0.31353399847219576	9.999999999999998	340.0000000191353	19.999999999999996	2.384988237216587	0.005380960106518698	0.1690478473989889	9.999999999999998
20	45	359.99999999999994	19.999999999999996	0.9592502378513388	0.002069575478463544	0.0650176311919065	9.999999999999998	423.9999999999619	19.999999999999996	4.548524324198512	0.009813408465388442	0.30829731941540206	9.999999999999998	340.00000000000006	19.999999999999996	2.161814712248985	0.004664099669627178	0.1465270125771132	9.999999999999998
0	46	359.99999999999994	19.999999999999996	2.5240724704760207	0.005897049367246834	0.18526126969998988	9.999999999999998	423.99999999912416	19.999999999999996	3.9223575333759815	0.009163895363887268	0.28789226353453795	9.999999999999998	340.00000000000006	19.999999999999535	1.3104602171236372	0.0030616587616177603	0.09618484673296955	9.999999999999767
1	46	359.99999999999994	19.999999999999996	2.1195967857187172	0.005076668259471564	0.15948823708668344	9.999999999999998	423.99999999999034	19.999999999999996	5.0020163396825685	0.011980381248037287	0.3763747771603885	9.999999999999998	340.00000000000006	19.999999999999996	1.0514987409562933	0.002518455547325747	0.07911961445871027	9.999999999999998
2	46	359.9999999681205	19.999999999999996	2.983618674134633	0.0068628667092088215	0.21560331636216387	9.999999999999998	423.17514949833145	19.999999999999638	4.246846983274164	0.009768522041131657	0.3068871708084863	9.999999999999819	340.00000000000006	19.999999990814928	0.6475953823941734	0.0014895874025052376	0.04679676838441198	9.999999995407464
3	46	359.99999999999994	19.999999999889205	1.4401529031181726	0.0034401610484247297	0.1080758467683702	9.999999999944603	423.9999999955408	19.999999999999996	3.8871842684432907	0.009285500087799147	0.2917125886073717	9.999999999999998	344.2753278236025	19.99999863306408	1.7951841976571143	0.004288241018128096	0.13471905558612	9.99999931653204
4	46	359.9999999999922	19.999999999996653	1.7743370933751283	0.004115017557938782	0.12927708929411325	9.999999999998327	418.8407602797857	19.999999999999996	4.2554293321178465	0.009869131679439253	0.31004791581436647	9.999999999999998	340.0000168066284	19.999999999999996	1.108267455167981	0.002570278248668834	0.08074767263699646	9.999999999999998
5	46	359.99999999999994	19.999999999999996	2.711348873495943	0.006055332014047945	0.19023386570380107	9.999999999999998	418.00000000000614	19.999999999999996	3.7191383974352434	0.008306056820208128	0.26094247086665245	9.999999999999998	340.00000000000006	19.999999999999996	1.3698413773036557	0.0030593054354747054	0.09611091481174655	9.999999999999998
6	46	359.99999999999994	19.999999999994223	0.24330778624266589	0.000584485854151899	0.01836216465530231	9.999999999997112	423.9999999999992	19.999999999971607	4.034197094079248	0.009691145403782136	0.3044563120534923	9.999999999985803	340.00000000000074	19.999999999999996	3.022235430695733	0.007260161643148297	0.22808470481989085	9.999999999999998
7	46	359.99999999999994	19.999999999999996	1.10741462887115	0.00253927002225593	0.07977352047400019	9.999999999999998	418.00000000011613	19.999999999999996	5.049882116902561	0.01157923504085205	0.363772397385303	9.999999999999998	340.0000000000002	19.99999999993924	2.716583635812011	0.0062290484607378915	0.1956913288304952	9.99999999996962
8	46	359.99999999999994	19.999999999999996	0.8005582509128096	0.0018589947807072177	0.058402043461315625	9.999999999999998	418.00000000000074	19.999999999999996	5.816702445250509	0.013507098920432331	0.4243380273974083	9.999999999999998	349.999999999991	19.999999999999996	2.142600853125079	0.004975382863841296	0.15630626253840357	9.999999999999998
9	46	359.99999999999994	19.999999999999996	2.4793406513800513	0.00585577463831451	0.18396458584806288	9.999999999999998	421.249414119795	19.999999999999996	5.5849877487469035	0.013190776989924888	0.414400480866893	9.999999999999998	340.00000000000017	19.999999999999893	1.3126529348513858	0.003100259643842542	0.09739752921316587	9.999999999999947
10	46	359.99999999999994	19.999999999999996	0.9389636570623031	0.0021567572586275218	0.06775652759280683	9.999999999999998	423.99999999934784	19.999999999999996	4.009586451148657	0.009209839611540609	0.28933564464356243	9.999999999999998	340.00000000000006	19.999999999999996	1.8774656612215583	0.004312454121315194	0.13547974186466838	9.999999999999998
11	46	359.99999999999994	19.999999999999996	1.4579274803906606	0.0032551828563961776	0.10226458547745668	9.999999999999998	423.9999999999963	19.999999999999996	4.276471038494483	0.009548276850266834	0.2999679640723977	9.999999999999998	340.00000000000006	19.999999999999996	1.608021016143915	0.003590303711864902	0.11279271765350939	9.999999999999998
12	46	359.99999999999994	19.999999999999996	1.0684642205343198	0.002596502572045641	0.08157153405365586	9.999999999999998	418.00000036968174	19.999999999999996	3.8437728445455357	0.009340851930662378	0.2934515180363895	9.999999999999998	344.26458192811964	19.999999999999996	3.6421748640074174	0.008850943457429027	0.2780605894319767	9.999999999999998
13	46	359.99999999999994	19.999999999999964	1.088412672103198	0.002521712603815432	0.07922193790611334	9.999999999999982	423.99999999996993	19.999999999999996	4.262843383281038	0.009876461532682138	0.3102781899453638	9.999999999999998	340.00000000000006	19.999999999999996	1.600104719881283	0.003707237468810555	0.11646629997128057	9.999999999999998
14	46	359.99999999999994	19.999999999999996	1.936749277953577	0.004379328660668957	0.1375806674801282	9.999999999999998	423.9999999999992	19.999999999999996	3.723333014644474	0.008419106783649636	0.2644940402130168	9.999999999999998	340.00000000000006	19.999999999999996	0.9027143705628335	0.0020411949860545207	0.06412603172733201	9.999999999999998
15	46	355.66490261601257	19.999999999999982	1.7430418515254782	0.004044111407243185	0.1270495068729386	9.999999999999991	423.99999987142405	19.999999999999996	3.519933802660738	0.008166759984347453	0.2565663317045705	9.999999999999998	340.00000000000006	19.99999999999977	1.2586066973707686	0.0029201511699877827	0.09173925463005152	9.999999999999885
16	46	359.99999999999994	19.999999999999996	3.038425873387337	0.00680680031509528	0.21384193864356016	9.999999999999998	423.99999999999994	19.999999999999996	4.139733672888249	0.009273993061944319	0.29135108472846977	9.999999999999998	340.00000000000006	19.999999999999996	1.2171100234007144	0.002726617411782909	0.08565921230007201	9.999999999999998
17	46	359.99999999999994	19.999999999999996	0.947798960063361	0.0021439399689969054	0.06735386056338205	9.999999999999998	423.99999999999994	19.999999999999996	3.984388960651016	0.009012766530360716	0.28314441120301187	9.999999999999998	343.00063920652013	19.999999999999996	1.9509450518394655	0.004413076243168439	0.13864087905269606	9.999999999999998
18	46	359.99999999999994	19.999999999999996	2.1053044639409872	0.00474913557307045	0.14919849427260076	9.999999999999998	423.99999999997766	19.999999999999996	3.8988923613567255	0.008795102431042439	0.2763062918493265	9.999999999999998	340.00000000000006	19.999999999941817	0.6895467570018461	0.0015554762216400384	0.04886672670723737	9.999999999970909
19	46	359.99999999999994	19.999999999999996	1.4692212770872568	0.003330714359539597	0.1046374776313563	9.999999999999998	423.9999999999317	19.999999999999996	4.304440345029883	0.00975813615726799	0.3065608886440204	9.999999999999998	340.00000000000006	19.999999999999996	0.965738386228888	0.0021893221672831258	0.06877958437077951	9.999999999999998
20	46	359.99999999999994	19.99999999999991	1.0695567201007283	0.0024399325605846877	0.07665274207587354	9.999999999999956	418.00000000000006	19.999999999596675	4.483399288022682	0.010227781004375831	0.3213152166522438	9.999999999798337	340.00000000000006	19.999999999999886	2.2637773780504706	0.005164255462861464	0.1622398702338644	9.999999999999943
0	47	359.75458915235447	19.999999999999996	1.5101005954765394	0.0034282987681931746	0.10770318224466612	9.999999999999998	423.9999999979982	19.999999999999996	3.9528543128754463	0.008973948896034657	0.28192491925472707	9.999999999999998	340.00000000000006	19.999999999999808	1.2485198329203602	0.0028344462733722008	0.08904675589420986	9.999999999999904
1	47	352.6021606479284	19.999999999999996	1.3820973032074615	0.0031530203118937893	0.09905505448464924	9.999999999999998	423.99999998204436	19.999999999999996	4.458874352705776	0.010172164701889481	0.31956797898561395	9.999999999999998	344.31127902961197	19.99999999994089	2.1193755686587976	0.004834995481869892	0.151895862859374	9.999999999970445
2	47	359.99999999999994	19.999999999999996	1.8575485821128288	0.004381947535306401	0.13766294185334488	9.999999999999998	423.999999999934	19.999999999999996	3.904252275461899	0.00921011100351157	0.2893441706737846	9.999999999999998	340.00000000000006	19.999999999999996	2.102987079654062	0.004960935686532471	0.15585239107741844	9.999999999999998
3	47	358.9604162711824	19.999999999986183	2.470515221377971	0.005613146956750634	0.17634221242835513	9.999999999993092	423.99999999927763	19.999999999999996	3.3972977692260495	0.007718848064360668	0.24249476373171264	9.999999999999998	340.00000000000006	19.999999999999996	0.8229257767203073	0.001869732790657654	0.05873938799306027	9.999999999999998
4	47	359.99999999999994	19.999999999999996	0.9987744602783378	0.0022537513287738237	0.07080368617494077	9.999999999999998	423.9999999999658	19.999999999999996	4.365621351128046	0.009851097832724193	0.3094813658108065	9.999999999999998	340.00000000000006	19.99999999959792	2.295856111758814	0.005180637840006405	0.16275453778746216	9.99999999979896
5	47	359.9999999999958	19.999999999999996	1.969299190214358	0.0044331189483258196	0.139270539205501	9.999999999999998	423.99999999999005	19.999999999999996	3.351120573081153	0.00754375779184344	0.23699414059316104	9.999999999999998	340.00000000000006	19.999999999999996	1.4765173574533457	0.003323810372433002	0.10442058247961071	9.999999999999998
6	47	359.99999999999994	19.999999999999996	1.183388962928045	0.0027767336459623647	0.08723366023130964	9.999999999999998	423.9999996730977	19.999999999999996	4.384986449286035	0.010289042565256647	0.32323980535482955	9.999999999999998	340.00000000000006	19.999999999999996	1.8076935199524298	0.004241617570963654	0.13325434600276795	9.999999999999998
7	47	359.0633661278007	19.999999999999996	1.8580602811017994	0.004088889940290474	0.1284562659775376	9.999999999999998	423.9999999813545	19.999999999999996	4.308127986755787	0.009480564955666513	0.2978407321660275	9.999999999999998	340.00000000000006	19.999999999999996	0.9904569291903721	0.0021796221657867853	0.06847484983637238	9.999999999999998
8	47	351.20363317721785	19.999999999959233	1.7700424778659203	0.0040849203011393016	0.12833155608532876	9.999999999979616	418.00000000000006	19.99999999999274	3.829774912041643	0.008838389746360618	0.2776662029671979	9.99999999999637	340.00000001175897	19.999998338840243	1.5891336318901	0.003667417203432123	0.11521529986996004	9.999999169420121
9	47	356.61201732020004	19.999999999998618	1.1979373681928946	0.0028549488408983795	0.08969086304940424	9.999999999999309	423.9999999997558	19.999999999999996	4.037784658250512	0.009622930994513685	0.3023132931836571	9.999999999999998	340.00000000000006	19.999999999999364	1.8727674295806327	0.0044632176475294105	0.1402161177285027	9.999999999999682
10	47	359.99999999999994	19.999999999999996	0.4913255026506928	0.0011124825873944683	0.034949671238050255	9.999999999999998	423.99999999606604	19.999999999999996	4.758591173653338	0.010774628617195962	0.3384949410894118	9.999999999999998	340.00000000000006	19.99999999999998	3.036186894982092	0.006874678872804673	0.21597440642592097	9.99999999999999
11	47	359.99999999999994	19.999999999999996	1.4095655864246122	0.0031923474480654124	0.1002905529054842	9.999999999999998	423.99999999999125	19.999999999999996	4.188577498110642	0.009486181285848851	0.29801717438243724	9.999999999999998	340.00000000000006	19.999999999999996	1.734833831556334	0.003929006502658827	0.12343337964659494	9.999999999999998
12	47	359.99999999999994	19.999999999999996	2.2053139180977896	0.004928861500031563	0.15484475079060722	9.999999999999998	423.99999999999994	19.999999999999996	4.533900903704406	0.01013323746149596	0.31834504366116584	9.999999999999998	340.0433216039944	1.0000001084170402	16.004983828161006	0.035771029218051	0.05618900739323264	0.5000000542085201
13	47	359.99999999999966	19.999999999999996	1.757846631676765	0.0038837319479785447	0.1220110375628137	9.999999999999998	423.9999999919258	19.999999999999996	4.645837594660268	0.0102643698069899	0.3224646877936834	9.999999999999998	340.00000000000006	19.999999999999996	1.2823795106604128	0.0028332496050774603	0.0890091614509753	9.999999999999998
14	47	359.9999999999924	19.999999999999996	1.1302503295793136	0.0024683529154085676	0.07754559385514502	9.999999999999998	423.9999999999778	19.999999999999996	4.10185599944886	0.0089580404887776	0.28142514190103624	9.999999999999998	340.00000000000006	19.99999999999977	1.851624053317412	0.00404376049325977	0.12703848258501385	9.999999999999885
15	47	359.99999999999994	19.999999999999996	2.7318753355289984	0.0064361185892757265	0.20219662877701322	9.999999999999998	423.9999999999906	19.999999999999996	4.533731962043957	0.010681174276224541	0.3355589863789929	9.999999999999998	340.15946466422264	1.0000000000000002	19.458186133030534	0.045842206580826474	0.07200876970933508	0.5000000000000001
16	47	359.99999999999994	19.999999999999996	2.142066259300218	0.004695826697375698	0.14752374655006312	9.999999999999998	423.9999999997079	19.999999999999996	3.9040081104020325	0.008558346611363036	0.2688683884113321	9.999999999999998	340.00000000000006	19.999999999999996	1.1332704641579718	0.0024843497150638357	0.0780481481379244	9.999999999999998
17	47	359.99999999999994	19.99999999998281	1.5965707918387742	0.0036414394329007858	0.11439919370883457	9.999999999991404	420.09577836722815	19.999999999999996	4.609355966200127	0.010512963572549563	0.3302744912697881	9.999999999999998	340.00000000000006	19.999999999999996	1.1224891205366683	0.002560159666842453	0.08042978801369141	9.999999999999998
18	47	354.876489023503	1.0000000000000002	8.357423883119012	0.01795548777945669	0.028204414249781228	0.5000000000000001	423.9999999998612	19.999999999999996	4.7397056914943585	0.010183009598657254	0.3199086814657597	9.999999999999998	349.9999999999508	19.999999999999996	1.5582802956971724	0.0033478836538223607	0.1051768669192168	9.999999999999998
19	47	359.99999999999994	19.999999999999996	2.930978979660027	0.007059324662766997	0.22177522499854038	9.999999999999998	423.99999999999994	19.999999999999996	3.6181550790361516	0.00871440278501016	0.27377103769810346	9.999999999999998	340.00000000000006	19.999999999999996	1.0474270890688226	0.0025227502256503563	0.0792545357574515	9.999999999999998
20	47	359.99999999999994	19.999999999999996	2.206637628652233	0.004996485797725823	0.15696923075901179	9.999999999999998	423.99999932019165	19.999999999999996	3.5866618946452165	0.008121272376192007	0.25513729634846527	9.999999999999998	341.9366749157871	1.0000000000000107	9.012078060944148	0.02040603289585272	0.032053721517261616	0.5000000000000053
0	48	359.99999999999994	19.999999999999996	0.6394894582293766	0.0014335770860088553	0.04503715241760082	9.999999999999998	423.99999942358204	19.999999999999996	5.571974522078788	0.012490987765137096	0.3924159539903468	9.999999999999998	342.08889655683697	19.999999999999996	2.385856053090263	0.005348498750387387	0.168028043819512	9.999999999999998
1	48	359.99999999999994	19.999999999999996	2.2186868291863773	0.004859026429012525	0.15265081732984392	9.999999999999998	423.999999997551	19.999999999999996	4.325257452334491	0.009472513198667036	0.29758777875964704	9.999999999999998	340.00000000000006	19.999999999999996	1.3557459018090752	0.0029691460197343307	0.09327847323032747	9.999999999999998
2	48	359.99999999999994	19.999999999999996	2.8617673176355103	0.0069179489090494	0.21733377470579116	9.999999999999998	423.999999999645	19.999999999999996	4.424162179276158	0.010694834528639785	0.335988135865332	9.999999999999998	347.41576535309133	1.0000000316963291	8.125351686215637	0.019641977000331885	0.030853546301055294	0.5000000158481646
3	48	359.99999999999994	19.999999999999996	0.7549670437849838	0.0016806114162487438	0.0527979647882619	9.999999999999998	418.0000000000009	19.999999999999996	4.008447383277884	0.008923094708870268	0.2803272878467278	9.999999999999998	340.00000000000006	19.999999999999996	3.423548188755827	0.00762106666438728	0.2394228704535714	9.999999999999998
4	48	353.2160737095439	19.999999999999996	2.0317264499674903	0.004794253342165645	0.150615910791959	9.999999999999998	423.99999999992497	19.999999999999925	4.348414765660517	0.01026092957726861	0.32235660978949165	9.999999999999963	340.88634229471194	19.999999982431167	1.7826092546784158	0.004206412914078149	0.13214835897224683	9.999999991215583
5	48	359.99999999999994	19.999999999999996	1.5391643847314118	0.0034832501107228946	0.10942952958462877	9.999999999999998	423.99999999999994	19.999999999999996	3.9647727832595803	0.008972592773896587	0.28188231542126374	9.999999999999998	341.2096439160726	19.999999999999996	1.5297425257291783	0.0034619277024484385	0.10875966637271003	9.999999999999998
6	48	359.99999999999994	19.999999999999996	2.031933329700222	0.004467103830981959	0.1403382057823574	9.999999999999998	423.99999999999994	19.999999999999996	3.70472068013634	0.00814464318344378	0.25587151191217156	9.999999999999998	340.00000000000006	19.999999999908113	1.1335975230909134	0.0024921574759237666	0.07829343617915016	9.999999999954056
7	48	359.99999999999994	19.999999999999996	1.802114693947838	0.00419462417765515	0.13177800501091544	9.999999999999998	423.9999996623173	19.999999999999996	5.062908202188727	0.011784486983803544	0.37022057734641745	9.999999999999998	340.00000000000006	19.9999999999457	0.77227903178397	0.0017975661091362896	0.05647220482789224	9.99999999997285
8	48	359.99999999999994	19.99999999969888	2.0709460640674253	0.004778171885052649	0.15011069691444687	9.99999999984944	423.99999999999994	19.999999999999996	4.452976506694108	0.010274090435410301	0.32277007034202154	9.999999999999998	340.33164532565604	19.999999999999996	1.3039112144866807	0.0030084375512071603	0.0945128530965608	9.999999999999998
9	48	358.1491772317404	19.999999999999996	3.3767362195365633	0.007840039806999268	0.24630211461520435	9.999999999999998	423.99999991248524	19.999999999723826	3.804154102392884	0.008832410249330356	0.27747835152404277	9.999999999861913	340.00000000231944	1.0000000000324172	8.506360156079376	0.019749899873875147	0.03102307017745575	0.5000000000162086
10	48	359.99999999999994	19.999999999999996	2.123474253793359	0.004880407629405262	0.15332252755063144	9.999999999999998	423.9999999999988	19.999999999999996	4.638286847859818	0.010660233096411245	0.33490109981240335	9.999999999999998	340.00000000000006	19.999999999999996	2.2399869828649948	0.005148190302478996	0.16173516833550225	9.999999999999998
11	48	359.9999999999997	19.999999999999996	2.539710018548305	0.005620061875956178	0.17655945102223997	9.999999999999998	423.9999999999881	19.999999999999996	3.7041631969008546	0.008196851692982563	0.25751169061239076	9.999999999999998	340.0000000000002	19.999999999999996	3.1167833137272534	0.00689705318684663	0.2166773162321544	9.999999999999998
12	48	350.49333370285734	19.999999999999996	1.3592459232192402	0.0031297177807110216	0.09832298387691095	9.999999999999998	423.9970399832459	19.999999999999996	4.744586338434693	0.010924598685092062	0.34320638972501927	9.999999999999998	340.00000000000006	19.999999999999996	2.400960037966093	0.005528305947611117	0.1736768535181184	9.999999999999998
13	48	359.99999999999994	19.999999999999996	0.7944838351258751	0.001815135168448673	0.057024153104708215	9.999999999999998	423.99999999997004	19.999999999999968	5.7788581412990965	0.013202796812204516	0.41477809472060384	9.999999999999984	346.1309700828689	19.999999999999996	1.941476305778748	0.004435637033156854	0.13934964717356396	9.999999999999998
14	48	356.48463275487103	19.999999999999996	1.8534966545324738	0.004320858016312149	0.1357437580125081	9.999999999999998	423.999999999916	19.999999999999996	3.4684784428032347	0.008085691898792506	0.2540195026843704	9.999999999999998	340.00000000000006	19.999999999999996	1.0029823304586023	0.002338145165886278	0.07345499676174817	9.999999999999998
15	48	359.99999999999994	19.999999999999996	1.9112688445958332	0.004400193282646192	0.1382361489113643	9.999999999999998	423.99999999999994	19.999999999999996	5.198646605017167	0.01196851501813982	0.3760019885536716	9.999999999999998	345.6930787613032	1.000521894037434	16.514697881445937	0.03802074359572184	0.059754013378552115	0.500260947018717
16	48	359.99999999998005	19.999999999999996	2.9159888233376057	0.006494621493575384	0.2040345517206279	9.999999999999998	423.9999999958692	19.999999999999996	3.8319052656218884	0.008534591799624082	0.268122108990867	9.999999999999998	347.6945316302894	1.0000016376673877	27.38480823776938	0.06099267691118505	0.09580722975359608	0.5000008188336938
17	48	359.99999999993224	19.999999999999996	2.0408088780639857	0.004447948366353008	0.1397364191128133	9.999999999999998	423.9999999998205	19.999999999999996	5.10300313704841	0.011122008881331955	0.3494082139475289	9.999999999999998	340.0000000017132	19.99999999999972	0.8175591404367524	0.0017818723165063614	0.05597916979171333	9.99999999999986
18	48	359.99999999999994	19.999999999999996	0.9985413454706966	0.002274036802985773	0.07144097314252923	9.999999999999998	418.00001716177536	19.999999999985665	4.980312540308726	0.011341958005449428	0.3563181194721833	9.999999999992832	340.00000010418216	19.999999999999996	3.0414164785295386	0.006926396224608335	0.2175991549508162	9.999999999999998
19	48	359.99999999999994	19.999999999999996	2.03548904621285	0.004504837734846028	0.14152365133406364	9.999999999999998	421.76081158153767	19.999999999999996	4.963809555753876	0.010985643296363415	0.3451241627481325	9.999999999999998	340.00000000000006	19.999999999999996	2.29286867288723	0.0050744568426376235	0.1594187633778881	9.999999999999998
20	48	349.83524332262607	19.999999999999996	2.2641118234658224	0.005161858334259895	0.1621645622178213	9.999999999999998	423.9999998810837	19.999999999999996	5.430182492586498	0.012380056702765992	0.38893095188434706	9.999999999999998	340.00000000000136	19.99999999995439	1.0359505004842537	0.002361822269281602	0.07419883490242934	9.999999999977195
0	49	359.99999999999994	19.999999999999996	1.5953456277440368	0.0038022163858870885	0.11945015065261609	9.999999999999998	423.9999999702343	19.999999999999996	4.605572996451223	0.01097654627873248	0.3448383715105433	9.999999999999998	349.99999999999994	19.999999999999996	1.2898926468631196	0.0030742247151004883	0.09657961780443866	9.999999999999998
1	49	359.99999999999994	19.999999999999826	3.2988664681957385	0.007704749195763617	0.24205183471162633	9.999999999999913	418.000000014078	19.999999999999996	5.243589357895274	0.012246794854432133	0.38474440744705257	9.999999999999998	340.00000000000006	19.999999999999996	0.32377916124533734	0.0007562104305405343	0.023757051331541167	9.999999999999998
2	49	359.99999999999994	19.999999999999996	1.6155306651682269	0.0035896688526864	0.11277277296419694	9.999999999999998	423.999999999996	19.999999999999996	3.8443584627527074	0.00854206864025559	0.2683570008668671	9.999999999999998	340.00000000000006	19.999999999999996	1.7578279110209432	0.003905849784607841	0.12270588989349265	9.999999999999998
3	49	359.99999999999994	19.999999999999996	1.3403070649846744	0.0032395760796880345	0.10177428412693149	9.999999999999998	423.99999999945356	19.999999999999996	4.633509826089433	0.011199379597219708	0.35183888667388846	9.999999999999998	340.00000000000006	19.999999999999996	1.3483254016446877	0.0032589567218716683	0.10238314495799106	9.999999999999998
4	49	353.293154313709	19.999999999999986	2.7310601221556166	0.006320305842747741	0.19855826404016938	9.999999999999993	418.000000000071	19.999999999999996	4.454175792745103	0.010307994708403689	0.32383520449163483	9.999999999999998	340.00000000000057	1.0000001278943946	6.874554490753814	0.015909311758360224	0.024990291667984915	0.5000000639471973
5	49	359.99999999999994	19.999999999999996	1.5844628188760534	0.0035629018271751208	0.11193186205715007	9.999999999999998	418.00000258613875	19.999999999999996	4.920317364163823	0.011064070117780475	0.3475880140082149	9.999999999999998	347.673598409168	19.999999999999996	1.2377102484939198	0.002783176767126982	0.08743607685247916	9.999999999999998
6	49	359.9999999960796	19.999999999999996	2.6153086528082685	0.005935375140224545	0.18646530936828914	9.999999999999998	423.9999999999776	19.999999999999996	4.041988764046012	0.009173188641204876	0.2881842204520257	9.999999999999998	340.00000000000006	19.999999999907253	0.4767452720077456	0.0010819610269158573	0.033990808136135635	9.999999999953626
7	49	359.99999999999994	19.999999999999996	1.5424848470290191	0.0035074572260745825	0.1101900185421634	9.999999999999998	423.99999999997266	19.999999999986084	5.739212068155242	0.013050397791069413	0.40999033826819603	9.999999999993042	340.00000000000006	19.999999999999996	1.6835629850392115	0.0038282548893761575	0.1202681743653334	9.999999999999998
8	49	359.99999999999994	19.999999999999996	2.16321528893195	0.004845941841759078	0.15223975289793706	9.999999999999998	418.00001726737725	19.999999999999996	4.280126193322466	0.009588154593004456	0.30122076030866024	9.999999999999998	340.0000000739033	19.999999981423187	1.4125365442548778	0.0031643036076164756	0.09940952958182038	9.999999990711594
9	49	359.99999999999994	19.999999999999996	1.503247744326238	0.0035328094110470883	0.11098648092278414	9.999999999999998	423.99999999997266	19.999999999999996	3.615131669067912	0.008495985595762034	0.26690925932650705	9.999999999999998	340.000000093351	19.999999999999996	2.212788528922483	0.005200313899781146	0.16337267943913333	9.999999999999998
10	49	359.9999999999997	19.999999999999996	0.690299040318187	0.0015101495206866651	0.047442746400113735	9.999999999999998	423.9999998526972	19.999999999999996	4.559588264734009	0.00997489440133471	0.31337054971567074	9.999999999999998	342.2685979673203	19.999999999430035	2.490899234578603	0.005449276422930806	0.17119406777171614	9.999999999715017
11	49	359.99999808563894	19.999999999999996	1.733717541428874	0.003754418179968242	0.11794852572692188	9.999999999999998	423.9999999999997	19.999999999999996	4.452428447669013	0.009641869514199704	0.3029082643268117	9.999999999999998	340.2490576428238	1.0000000000415559	21.53446225649691	0.04663353439049736	0.07325178452910078	0.5000000000207779
12	49	359.9999999999911	19.999999999999996	2.8206173839420248	0.0064150891008787105	0.20153596791444503	9.999999999999998	418.0000000000001	19.999999999999996	4.4466463212760114	0.010113258364455457	0.31771738181628784	9.999999999999998	340.00000000000006	19.999999999837762	0.3995255856342046	0.0009086635587355685	0.02854650760685263	9.999999999918881
13	49	357.5989601966747	19.999999955008942	2.3616541816532086	0.005290433159987789	0.16620385912337035	9.999999977504471	423.99999999999994	19.999999999999993	4.632843122471535	0.010378211624102997	0.3260411339568216	9.999999999999996	340.00000000000966	19.999999999999996	1.1582474512052536	0.002594635053231265	0.08151286421977902	9.999999999999998
14	49	359.99999999999994	19.999999999999996	1.1101182800424847	0.0025455072269015794	0.07996946803693726	9.999999999999998	423.999999999989	19.999999999999996	4.704995766905555	0.010788580768835803	0.33893326086034675	9.999999999999998	340.00000000000006	19.999999999999996	1.8522321226892837	0.004247178286285299	0.1334290410267998	9.999999999999998
15	49	355.9547243505906	19.999999999999996	2.970643156867736	0.006765053282795362	0.21253041694373417	9.999999999999998	423.9999999897746	19.999999999999996	4.72920500000625	0.010769830680046565	0.3383442094484025	9.999999999999998	340.00000000000006	19.999999999999996	0.4750991825325588	0.001081944587324388	0.033990291671295365	9.999999999999998
16	49	352.572814447446	3.551717706597312	9.862373743869119	0.022435806818732074	0.1251699299937503	1.775858853298656	423.99999999999994	19.999999999999996	4.414158262859392	0.010041720647059016	0.3154699581420154	9.999999999999998	349.99999999999994	19.999999999999996	4.058825639401515	0.009233378324679475	0.29007513512628263	9.999999999999998
17	49	359.99999999999994	19.999999999999996	1.1269702049029993	0.0025394942636128275	0.07978056522399479	9.999999999999998	423.99999999990666	19.999999999985356	4.006286632535882	0.009027693791238533	0.283613364933924	9.999999999992678	344.97901764212514	19.999999999998447	1.9823348100015163	0.004466957384194708	0.14033360502083683	9.999999999999224
18	49	359.99999999999994	5.9317420625274435	4.956334016517143	0.011267675806570007	0.10498723010155393	2.9658710312637218	420.19085272109726	19.999999999999996	4.82681141784311	0.010973220540516523	0.34473389036307317	9.999999999999998	340.00000000000006	19.999999999999996	1.0252415780589423	0.0023307730444491206	0.07322339473626471	9.999999999999998
19	49	359.99999999999994	19.999999999999996	2.1673304910198357	0.004941401598089918	0.15523870958996144	9.999999999999998	421.2641287482419	19.999999999999996	3.4244722521026114	0.0078076198942746075	0.24528361301874618	9.999999999999998	340.00000000000006	19.999999999999996	1.8912502573808763	0.004311952922238614	0.13546399623129865	9.999999999999998
20	49	359.99999999999994	19.999999999999996	1.183456726996329	0.002643769418525999	0.08305646583026635	9.999999999999998	423.9999999999964	19.999999999999996	4.822192243650657	0.010772480390029864	0.3384274525425792	9.999999999999998	340.00000000170013	19.999999999999996	1.372652758738034	0.003066421697578653	0.09633447877921436	9.999999999999998
0	50	359.9996387630896	19.999999999999996	1.738345802213435	0.004084563441579243	0.1283203450118679	9.999999999999998	423.99999598539813	19.999999999999996	4.559296418863499	0.010712906170970524	0.3365558732531775	9.999999999999998	349.99999999999966	19.999999999999996	1.357181989691358	0.0031889489028043595	0.10018378445723405	9.999999999999998
1	50	359.99999999999994	19.999999999999996	1.9212353873739583	0.004284595991712257	0.13460455291163498	9.999999999999998	420.46922231448116	19.999999999999996	5.40727720653356	0.012058906679237223	0.3788417263381654	9.999999999999998	340.00000000000006	19.999999999999996	1.2049712594466881	0.0026872371091449378	0.08442204360543608	9.999999999999998
2	50	359.99999999999994	19.999999999999996	1.6704152931260854	0.0037127026719473194	0.11663799439152892	9.999999999999998	423.99999999990393	19.999999999999996	4.422933403009795	0.009830511448723926	0.30883462548341434	9.999999999999998	340.00000000000006	19.999999999999996	1.5072939907896055	0.003350145589568846	0.1052479277264573	9.999999999999998
3	50	359.99999999999994	19.999999999999996	0.8881264669044289	0.002055039476760318	0.06456096923027227	9.999999999999998	423.99999988809424	19.999999999999996	4.2949367407451415	0.009938071751406721	0.312213732050676	9.999999999999998	340.00000000000006	19.999999999999996	2.446220913560049	0.00566032061150538	0.17782421650068184	9.999999999999998
4	50	359.9999999999997	19.999999999999996	2.0414063236183755	0.004659260295953681	0.14637497916930686	9.999999999999998	423.9999999996561	19.999999999999996	4.8893443031242745	0.011159330468035194	0.35058070617360104	9.999999999999998	340.00000000000006	19.999999999999954	1.7324777979982144	0.0039541687142061336	0.1242238738360456	9.999999999999977
5	50	359.9999999999617	19.999999999999996	1.536497709869134	0.0034713986337460674	0.10905720445458288	9.999999999999998	423.9999999989315	19.99999999999687	3.5667525904799744	0.008058339423465196	0.25316019932887307	9.999999999998435	340.00000000000006	19.999999999999996	1.5074906322276191	0.0034058631441407517	0.10699834632764818	9.999999999999998
6	50	359.99999999999994	19.999999999999996	1.1240614314503397	0.002510224412213956	0.07886102572273118	9.999999999999998	423.9999999988214	19.999999999999996	4.231576633128691	0.009449845595118671	0.2968756549918268	9.999999999999998	340.00000000000006	19.999999999999996	1.9310713999603972	0.004312417839703208	0.1354786020442116	9.999999999999998
7	50	359.99999999999994	19.999999999999996	2.1765198308346907	0.004975299679012527	0.15630364920993406	9.999999999999998	420.48755799945553	19.999999999999996	4.04539958665481	0.009247365900287888	0.29051456777401186	9.999999999999998	340.00000000000006	19.999999999999996	1.1453548161823468	0.0026181628894794517	0.08225201299490069	9.999999999999998
8	50	356.2534191631212	19.999999999999996	2.6486586980086364	0.006156386882739842	0.1934085980347205	9.999999999999998	423.9999999844881	19.999999999999996	4.639142019361687	0.010782949534660047	0.33875635042117475	9.999999999999998	340.6725152359852	1.0000000000204128	10.046826656040057	0.02335225443916531	0.036681635496169464	0.5000000000102064
9	50	359.99999999999994	19.999999999999996	2.055602176341834	0.004827381006308019	0.1516566470549617	9.999999999999998	423.99999999999727	19.999999999999996	4.623069216112083	0.010856826666929711	0.3410772689812413	9.999999999999998	340.00000000000006	19.999999999999996	1.184744736611988	0.0027822573378580807	0.08740719213011239	9.999999999999998
10	50	359.99999999999994	19.999999999999996	0.4676685541814618	0.0010790405538986072	0.033899058770533244	9.999999999999998	423.9999999680849	19.999999999999996	4.723650554101562	0.010898766797015612	0.342394857026926	9.999999999999998	340.00000000000006	19.999999999999996	2.4126843189691614	0.005566729258672412	0.174883957435686	9.999999999999998
11	50	359.99999999999994	19.999999999999996	2.405021823004217	0.005419926296428822	0.1702720063585892	9.999999999999998	423.99999999999574	19.999999999999996	4.290486601937462	0.009668985510189118	0.30376013846476285	9.999999999999998	340.00000000000273	19.999999999999996	0.7826762163246287	0.0017638290704357698	0.05541232449869127	9.999999999999998
12	50	359.99999999999994	19.999999999999996	0.7915433388951544	0.0018285476965041632	0.057445520100760164	9.999999999999998	423.9999999866083	19.999999999999996	4.245344574745625	0.009807188894865804	0.3081019258447781	9.999999999999998	340.19276716632584	19.999999999999996	1.8826652941381	0.004349153252542935	0.13663267907525037	9.999999999999998
13	50	359.99999999999994	19.999999999999996	2.6884636335041407	0.006052602186367309	0.19014810563793055	9.999999999999998	423.9999999999852	19.999999999999996	4.3736942324533565	0.009846601956577482	0.30934012369606695	9.999999999999998	340.00000000000006	19.999999999999996	0.7190834601506277	0.0016188897141284526	0.05085892032878026	9.999999999999998
14	50	354.46865213339765	19.999999999999996	3.8819192479827405	0.008441487008246226	0.2651971357048002	9.999999999999998	423.9999999999898	19.999999999999996	3.9997385530081315	0.008697692784090036	0.27324607753678204	9.999999999999998	340.00000000000006	19.999999999999996	0.040711135687845706	8.852902418783822e-05	0.002781221320179856	9.999999999999998
15	50	351.74447353819113	8.482208997491634	197.1504321546822	0.4889868759777685	6.515174455937409	4.241104498745817	420.7769602605851	3.8238861635361823	122.00389783252632	0.30260296265255254	1.8175987177225723	1.9119430817680911	340.00000000003524	19.999999999999996	20.653853772204563	0.05122719398884211	1.6093497629936555	9.999999999999998
16	50	353.4975078378282	5.9593320852675635	180.12603063209465	0.4120542736954547	3.857197593742206	2.9796660426337818	420.1776510863829	4.563947204066202	164.40985744726356	0.37610213338446025	2.6962880428920073	2.281973602033101	349.2370655210042	11.021452537322649	199.51498101421484	0.45640821765006173	7.901547716255534	5.510726268661324
17	50	352.00445062459454	7.051213188100421	14.232091168278401	0.0332168559168637	0.36791055300900044	3.5256065940502106	423.9999970679062	19.999999999999996	5.661997461208595	0.0132147659572198	0.41515411650110207	9.999999999999998	348.0396553155403	19.999999981470847	7.77804757403648	0.018153501303950263	0.5703090628058616	9.999999990735423
18	50	356.3455018719763	19.999999999999996	3.922464491733338	0.008848992382983586	0.27799929462053263	9.999999999999998	423.93920531640066	19.999999999999996	4.043820095488095	0.009122767917605105	0.2866002067035285	9.999999999999998	349.99743868970796	19.999999999999996	1.606097576126808e-10	3.6233202996298087e-13	1.1382996434919772e-11	9.999999999999998
19	50	351.6590049182802	19.999999999999996	1.5529378761791908	0.0034632201534891558	0.10880026991965645	9.999999999999998	423.9999999999955	19.999999999999996	3.822760318347366	0.008525170761519624	0.26782613834988545	9.999999999999998	340.00000000000006	19.999999999999986	0.8752868340962447	0.0019519847190436201	0.06132340853266969	9.999999999999993
20	50	358.7629749706095	19.999999999999996	2.611189832031	0.00569437762921136	0.17889414926696467	9.999999999999998	423.99999999999005	19.999999999999996	5.163767035048704	0.011260935197487902	0.3537727128897871	9.999999999999998	340.00000000000006	19.999999999999996	0.9706844660916913	0.002116829592751676	0.06650216297490137	9.999999999999998
0	51	359.99999999999994	19.999999999999996	2.0705919909741755	0.004566086736009974	0.14344784545502728	9.999999999999998	423.1250531059923	19.999999999999996	4.922568128198912	0.01085528831138748	0.3410289401165405	9.999999999999998	342.1967184381727	19.999999936642833	1.5025902271284761	0.003313524506835166	0.10409744215186503	9.999999968321417
1	51	359.9999999999965	19.999999999999996	1.6606463507329086	0.003736415944023102	0.11738296880498747	9.999999999999998	423.99999999999994	19.999999999999996	4.6785729269249705	0.010526681055073645	0.3307054386930221	9.999999999999998	340.3922491442519	19.99999883394699	2.172714950544286	0.004888558469687523	0.15357858479610575	9.999999416973495
2	51	359.99999999999994	19.99999999998238	0.31378884995319395	0.000726893586669762	0.022836035518212477	9.99999999999119	423.9999999999966	19.999999999999996	4.955675968170811	0.011479850477205143	0.3606501392349695	9.999999999999998	342.37195522921576	19.999999999999996	2.289531504697981	0.005303712249468323	0.16662103439683876	9.999999999999998
3	51	359.9999999999906	19.999999999999996	1.50114178612591	0.0034944515952785157	0.10978143460052116	9.999999999999998	423.99999999996805	19.999999999999996	3.2944717889851085	0.007669077168473056	0.24093116492288158	9.999999999999998	340.00000000000006	19.999999999999996	3.1141483874594895	0.00724930909329778	0.22774376191105986	9.999999999999998
4	51	359.99999999999994	19.9999999999985	1.6577577860614068	0.0036454594581136024	0.11452548652568263	9.99999999999925	423.9999999999956	19.999999999999996	4.898987249156549	0.010773020976150096	0.33844443555641873	9.999999999999998	340.0000000000732	19.999999999999996	0.9552356986466471	0.002100592162279963	0.06599204905207029	9.999999999999998
5	51	359.99999999999994	19.999999999999996	0.035220472632341	8.110372356676283e-05	0.0025479486213611942	9.999999999999998	423.9999999999996	19.999999999999996	5.361423258755239	0.012345983952049984	0.387860524850977	9.999999999999998	340.00000000000006	19.999999999999996	3.1928188812171285	0.007352243754480342	0.23097754966476877	9.999999999999998
6	51	359.99999999999994	19.999999999999996	1.115562734467227	0.0025909364101564516	0.08139666792065818	9.999999999999998	423.99999999999517	19.999999999999996	5.150769991920638	0.011962857040739999	0.375824237951337	9.999999999999998	340.00000000000006	19.999999999999996	1.6109935881049025	0.00374159320223528	0.11754561716863862	9.999999999999998
7	51	359.99999999999994	19.999999999999996	1.3038492480482593	0.0029026484079209243	0.09118938914278484	9.999999999999998	423.99999999999403	19.999999999999996	3.9358094809727056	0.008761957059780162	0.27526499930074577	9.999999999999998	340.00000000000006	19.999999999999996	1.7638227225778973	0.003926648134521136	0.12335928932643662	9.999999999999998
8	51	359.99999999999994	19.999999999999996	2.500095315739177	0.00574974462075174	0.18063355460571093	9.999999999999998	423.99999999950234	19.999999999999996	3.9299280799134566	0.009038088546133236	0.2839399257902622	9.999999999999998	340.00000000000006	19.999999999999996	1.1827752538311136	0.0027201585517402727	0.0854563012274669	9.999999999999998
9	51	359.99999999999994	19.999999999999996	1.5072109524360993	0.003477151720354656	0.10923794300083296	9.999999999999998	423.99999999999994	19.999999999999996	5.028732698158997	0.01160133989495316	0.36446684185783024	9.999999999999998	340.00000000000006	19.999999999999996	1.3219087467096275	0.0030496575581168517	0.09580781780544487	9.999999999999998
10	51	359.99999999999994	19.999999999999996	2.466428399466198	0.005557767706434443	0.17460242196893036	9.999999999999998	423.9999999999994	19.999999999999996	4.3124632345353815	0.009717561193048955	0.30528618854891854	9.999999999999998	340.00000000000006	19.999999999999996	1.07143139671205	0.0024143278668032507	0.07584834689706207	9.999999999999998
11	51	359.99999999999994	19.999999999999996	1.0901633053032824	0.0024728192535901083	0.07768590800734078	9.999999999999998	423.9999999999386	19.999999999999996	3.7855498829226324	0.00858676914768531	0.2697613087243965	9.999999999999998	340.00000000000006	19.999999999999996	2.0025782473409177	0.004542451596706155	0.1427053256549928	9.999999999999998
12	51	359.9999998528748	19.999999999999986	1.1062869682780399	0.002507785291079298	0.07878439847235258	9.999999999999993	418.0000000022167	19.999999999999996	4.622250633816959	0.010477943321714015	0.32917429764226974	9.999999999999998	340.00000000000534	19.99999983135646	1.8432608562208035	0.004178393667646461	0.13126810739396644	9.99999991567823
13	51	357.061843683892	19.999999999999996	4.76265342190433	0.011295824833923815	0.3548688031449219	9.999999999999998	423.99999999999994	19.999999999999996	5.663287752869876	0.0134319046072736	0.42197572837929626	9.999999999999998	347.39931470831556	1.0000000000000002	12.546419837240977	0.029756975412599706	0.046742147674637684	0.5000000000000001
14	51	353.8153425461735	5.1988937489510345	55.11359751552181	0.13099901077274786	1.069790741328048	2.5994468744755173	420.05456501331776	4.913799362614508	40.61259267654862	0.09653170370607847	0.7450874835052101	2.456899681307254	349.9999999953955	8.865899364090607	62.15956845936699	0.1477465152940648	2.0575951185441954	4.432949682045304
15	51	353.325168341435	5.127980032032665	238.13190158077435	0.5197172872564401	4.1863290884631725	2.5639900160163327	420.1744680940331	4.253336496376481	334.1108011046511	0.7291889832504677	4.871802997384895	2.1266682481882406	349.2876657589763	10.154559110914331	347.4135209877107	0.7582218572369499	12.094202854972357	5.0772795554571655
16	51	354.033878848862	4.847384767693724	61.23249612486464	0.14850087250814709	1.1307233903655556	2.423692383846862	420.1208948537179	5.923782144565349	50.15726055651203	0.12164124323907713	1.1318784870010574	2.9618910722826746	349.999949209921	8.692195682347943	99.36226621106768	0.24097308064399847	3.290166692979247	4.346097841173972
17	51	351.41862804632126	6.755361674156317	6.8840807376981275	0.01719671972784358	0.18247950568460558	3.3776808370781586	423.9999975207703	19.999999999999996	5.2673549378904685	0.013158071502261828	0.41337300766914964	9.999999999999998	349.99999999999955	19.999999999999996	4.921405568615651	0.012293875603038169	0.3862234927865149	9.999999999999998
18	51	359.99999999999994	19.999999999999996	1.4390552093881355	0.0032405724871552026	0.10180558719071986	9.999999999999998	423.99999998954445	19.999999999999996	3.566893389275528	0.008032198143959095	0.2523389468123946	9.999999999999998	342.6947784482096	19.999999999999996	1.801086642940974	0.004055822031024689	0.12741740696934792	9.999999999999998
19	51	359.99999999999994	19.99999999999995	1.5820447179630575	0.003583956445357116	0.11259331239519677	9.999999999999975	423.9999999996737	19.999999999999996	4.968019113082974	0.01125452644847858	0.35357137610172323	9.999999999999998	340.00000000000006	19.999999998161506	1.4259185222126576	0.003230268917314815	0.10148189098822809	9.999999999080753
20	51	359.99999999999994	19.999999999999996	2.645692965813934	0.005859132919368362	0.1840700893589376	9.999999999999998	423.9999999995113	19.999999999999996	3.8241595819904575	0.008468956747921455	0.26606012302839743	9.999999999999998	340.00000000000006	19.999999999999865	0.6250588942560159	0.0013842510038774368	0.04348752784505622	9.999999999999932
0	52	359.99999999999994	19.999999999939593	1.107337027675868	0.002535234896940603	0.07964675327329018	9.999999999969797	423.99999999995464	19.999999999999996	4.8622250233026	0.0111320061081375	0.34972228609041467	9.999999999999998	340.00000000000006	19.999999999755904	2.546788279255456	0.005830841342169679	0.18318128324584343	9.999999999877952
1	52	359.99999999996226	19.99999999999999	1.6564491280398628	0.003720912019968721	0.11689589866587685	9.999999999999995	423.99999998474027	19.999999999999996	4.103365264434197	0.009217464560968938	0.2895751894946428	9.999999999999998	340.00000000000006	19.999999999999996	1.5456216564343035	0.003471958240308822	0.10907478501324738	9.999999999999998
2	52	359.99999999999994	19.999999999999996	1.5120448046595956	0.0034352347480299857	0.10792108247767385	9.999999999999998	423.4786701690737	19.999999999999996	4.6136477846692845	0.01048180790425423	0.3292957070834451	9.999999999999998	340.00000000000006	19.999999999999996	0.8897153905418407	0.002021356256129248	0.06350277964543413	9.999999999999998
3	52	354.9835653480408	19.999999999999996	3.053880306670895	0.006723596413754526	0.21122801099153896	9.999999999999998	423.99999997820083	19.999999999999996	3.8811227104099726	0.00854490029620729	0.26844595996222065	9.999999999999998	340.0000907360174	19.999999999999613	0.287044645073031	0.000631973801325691	0.019854042515059678	9.999999999999806
4	52	359.99999999999994	19.999999999999996	1.7733860031873756	0.004191754229945841	0.1316878429445179	9.999999999999998	423.9999999984093	19.999999999999996	4.094578934428127	0.009678360231437299	0.3040546540187902	9.999999999999998	340.00000000000006	19.999999999999996	1.8473195295025522	0.004366510978397356	0.1371779881155231	9.999999999999998
5	52	359.99999999999994	19.999999999964338	1.3238776798479932	0.003221928607850357	0.10121987244795422	9.999999999982169	423.99999998535526	19.999999999999996	4.253815605631999	0.01035253513291325	0.32523448319590487	9.999999999999998	349.99999999998784	19.999999999999996	2.460403575104093	0.005987898116384418	0.18811536732877443	9.999999999999998
6	52	359.9999997636297	19.999999999999996	1.5008309873320937	0.003326927115833799	0.10451849786132139	9.999999999999998	423.99999988919564	19.999999999999996	4.282752800901614	0.00949367819827666	0.29825269683251526	9.999999999999998	340.00000000000006	19.999999999999996	0.8102557895316587	0.0017961129399027532	0.056426552170160536	9.999999999999998
7	52	359.99999999999994	19.999999999999996	1.9752725022280315	0.004618073685489682	0.14508106364070722	9.999999999999998	423.9999999999632	19.999999999999996	3.6434779795871926	0.008518242299335314	0.26760847429089646	9.999999999999998	340.00000000000006	19.999999999999996	0.8083971927047416	0.001889986216505596	0.059375668131599474	9.999999999999998
8	52	359.99999999483055	19.999999999999996	3.833185182776874	0.008915542562251765	0.2800900301633726	9.999999999999998	423.9999999979006	19.999999999999996	3.453159557308545	0.00803164719141691	0.2523216381278045	9.999999999999998	340.00000000000006	19.999999985130028	0.21371587298591913	0.0004970782445878157	0.01561617360295332	9.999999992565014
9	52	359.99999999999994	19.999999999988727	0.7780018281339595	0.0018281913820968451	0.05743432615348382	9.999999999994364	418.00000000003837	19.999999999997808	4.800176372051721	0.011279717808604983	0.35436278602075494	9.999999999998904	343.72971140635804	19.99999999966711	2.798058624198085	0.006575031675221084	0.2065607120765094	9.999999999833555
10	52	359.99999999999994	19.999999999999996	0.8088695629491431	0.001862936029880453	0.05852586145580165	9.999999999999998	423.9999999999679	19.999999999999996	4.898292328438438	0.011281429888725733	0.3544165726040907	9.999999999999998	340.00000000000006	19.999999999999996	1.4350983937743707	0.003305225745469093	0.10383672920421547	9.999999999999998
11	52	359.99999999999994	19.999999999999996	1.4406716549925969	0.003381789690387817	0.10624205647308065	9.999999999999998	423.9999999999967	19.999999999999996	4.209072825661396	0.00988025206061708	0.31039727289250024	9.999999999999998	340.00000000210434	19.999999999999996	1.0006131819091688	0.0023488095506841665	0.07379002829110919	9.999999999999998
12	52	359.99999999999994	19.999999999999996	1.4730221879410055	0.0032782135572823885	0.10298811628456812	9.999999999999998	418.00000000000017	19.999999999999996	5.432386042664989	0.012089785014269739	0.37981179784309776	9.999999999999998	340.00000000000006	19.999999999999996	2.601594115722692	0.00578985243435436	0.18189357873136633	9.999999999999998
13	52	351.69603458783394	10.43582310240817	18.046894710450502	0.04393332884086929	0.72017940375643	5.217911551204085	422.78936130892265	19.999999999999996	5.1436019541794495	0.012521575578797326	0.3933768984971903	9.999999999999998	348.73655060803515	19.999999998441975	1.4273766281351585	0.003474803160862887	0.10916416081987036	9.999999999220988
14	52	353.47320981886014	4.976070341294479	173.68697817526063	0.38810072411927066	3.0335477887258238	2.4880351706472394	419.82504122284314	4.017181827278338	258.47378862409124	0.5775554712549514	3.6444757829967713	2.008590913639169	349.07140546274184	10.351763408779405	272.1256461358128	0.6080603245348901	9.887372166342944	5.1758817043897025
15	52	353.5567349365122	4.620973171450572	58.368499911976194	0.1386269789919735	1.0062388549114634	2.310486585725286	420.26109926683836	4.308740212185116	53.68549481680922	0.12750469813969798	0.8629713432774584	2.154370106092558	349.40031237645405	9.74366416733028	99.01843366375493	0.2351718194578273	3.599378043027595	4.87183208366514
16	52	353.09330762962236	6.2944227584237575	17.72473376958557	0.04052237076554658	0.40065505949235364	3.1472113792118788	423.99999999999994	19.999999999999996	4.669820315793383	0.0106761654479556	0.33540162939806484	9.999999999999998	345.39025095286115	3.599335759563413	14.662448633052687	0.03352135990098061	0.18952384867356767	1.7996678797817065
17	52	359.99999999999994	19.999999999999996	1.1094762340376065	0.002576088698794535	0.08093021331128598	9.999999999999998	418.00000000000006	19.99999999997351	4.8459725968641445	0.01125184556321608	0.3534871536067973	9.999999999986755	341.0472810276364	19.999999999775692	1.1772321758195607	0.0027334109654153058	0.08587263808094199	9.999999999887846
18	52	359.99999999999994	19.999999999999996	2.087543822558087	0.00482230331284452	0.15149712661014064	9.999999999999998	423.99999999995237	19.999999999999996	6.071600008064209	0.014025620212981251	0.440627854231424	9.999999999999998	340.00000000000006	19.999999999999996	1.0150308394966827	0.002344758719338457	0.07366276767114306	9.999999999999998
19	52	359.99999999999994	19.999999999999996	1.6263959210274128	0.003688780848857511	0.11588646815473476	9.999999999999998	423.9999999999982	19.999999999999996	5.665134213248161	0.012848924620295486	0.40366087193649314	9.999999999999998	340.00000000000006	19.999999999999996	1.1249012077460145	0.00255135541004609	0.08015319412897369	9.999999999999998
20	52	354.9335979236812	19.999999999999996	2.2430588738897934	0.005093149753420655	0.16000601848978993	9.999999999999998	423.99999938547444	19.999999999999996	5.641510364701705	0.012809765029962507	0.40243063712341637	9.999999999999998	340.00000000000006	19.999999999999996	0.7167884361328781	0.0016275590842669576	0.051131276624164036	9.999999999999998
0	53	359.99999999999994	19.999999999999996	1.2722469820203723	0.0029844925379881064	0.0937605983203699	9.999999999999998	423.9999999999977	19.999999999999996	4.079900631876214	0.009570809098899118	0.30067583554011806	9.999999999999998	340.00000000000006	19.999999999999996	2.033237165856077	0.004769656548778812	0.1498431797378996	9.999999999999998
1	53	359.99999999999994	19.999999999999996	1.7775909114816821	0.0040721427695268484	0.12793013809114337	9.999999999999998	423.9999999995303	19.999999999999996	5.3932330674894775	0.012354932115311221	0.38814163969062326	9.999999999999998	340.00000000000296	19.9999984516319	1.4306606903903087	0.003277387698367077	0.10296216319038863	9.99999922581595
2	53	359.99999999999994	19.999999999999996	2.218349139527589	0.005258999652481257	0.16521634673466387	9.999999999999998	423.99999999998346	19.999999999999996	3.8292905811920996	0.009078029006753897	0.28519469236693085	9.999999999999998	340.00000000000006	19.999999999999996	1.3949134124063778	0.003306895664155372	0.10388919124698454	9.999999999999998
3	53	359.99999999999994	19.999999999999996	1.563379654218376	0.003676602093832448	0.11550386128156867	9.999999999999998	423.99999999999807	19.999999999999996	4.300293559602499	0.010113006308268294	0.317709463237629	9.999999999999998	340.00000000000006	19.999999999999996	1.1746499133264119	0.0027624258248487746	0.08678416677431633	9.999999999999998
4	53	359.9999999559038	19.999999999999996	2.123364754538953	0.004967223824860957	0.15604993876919374	9.999999999999998	423.99999999993565	19.999999999999996	4.73533287190497	0.011077445930895114	0.3480082275703823	9.999999999999998	348.57906031960806	1.0001034205356085	2.6015512901007876	0.006085853842192204	0.009560625523490482	0.5000517102678043
5	53	353.135348597688	19.999999999999996	2.0558417050966553	0.004787611855763054	0.15040726234304602	9.999999999999998	423.99999535397063	19.999999999999996	3.852120394878512	0.008970757440432384	0.28182465671998347	9.999999999999998	341.07822006043835	1.0012754177955598	3.2193238478575346	0.007497110785977965	0.011791453957787799	0.5006377088977799
6	53	359.99999999999994	19.999999999874948	0.5424191364241664	0.0012937438564934044	0.04064416195161194	9.999999999937474	423.99999999999994	19.999999999999996	6.320017995397465	0.01507410765109751	0.4735670585610962	9.999999999999998	340.00000000000006	19.999999999999996	2.225033880029877	0.005307010242587164	0.16672464390637617	9.999999999999998
7	53	359.99999999999994	19.99999999999998	2.4750576185879494	0.0054741249493313535	0.17197470725651962	9.99999999999999	418.00000000000006	19.999999999999996	4.2464560317358835	0.00939195545792018	0.2950569826944459	9.999999999999998	340.00000000004854	19.999999999999996	0.9106818859848888	0.0020141698502429695	0.06327701204605365	9.999999999999998
8	53	354.43532638851144	19.999999999999996	2.1050420372786194	0.004839554822986511	0.1520390987853947	9.999999999999998	423.99999983446213	19.999999999999996	4.238625135221195	0.00974472640105121	0.3061396087278498	9.999999999999998	340.00000000000006	19.999999999997137	1.2753816252417054	0.0029321406348570317	0.09211591477757644	9.999999999998568
9	53	359.99999999999994	1.1335006017339428	2.888094094112076	0.006424360426020374	0.011438564626367307	0.5667503008669714	423.99999999999994	19.999999999999996	5.181107332350361	0.011525005704202645	0.3620687325290348	9.999999999999998	346.72752354279834	19.999999999999996	2.039818533457197	0.004537431619461909	0.14254761841867566	9.999999999999998
10	53	359.9999997527977	19.999999999999996	1.2416412663451573	0.002874081339727333	0.09029192822706898	9.999999999999998	423.99998467805773	19.999999999946542	4.884284386638433	0.011305866673455732	0.3551842768369926	9.999999999973271	346.61365410738944	19.999999999644448	1.5758996930653457	0.0036478039381320597	0.11459914053567864	9.999999999822224
11	53	359.99999999999994	19.999999999999996	1.0887746824649862	0.0025554233149038294	0.08028099112913945	9.999999999999998	423.999999978568	19.999999999999996	4.444642551897028	0.010431858295801783	0.32772649385380614	9.999999999999998	340.00000000000006	19.999999999999996	1.8478806858683636	0.004337093306704763	0.13625380470277146	9.999999999999998
12	53	358.7891893414499	1.0000000015366355	21.91575687490862	0.05144901722599323	0.08081592739998215	0.5000000007683177	423.99999999965894	19.999999999999996	3.9131360255564176	0.009186404281433072	0.2885994020345595	9.999999999999998	346.210916274986	19.999999999999996	3.2962611409698543	0.0077382404445859344	0.2431039933242258	9.999999999999998
13	53	353.63187228138275	4.622698802767454	148.656653450691	0.3527043160458972	2.561098304334272	2.311349401383727	419.51176586224	4.024436047725762	322.6566208217718	0.7655384412536325	4.83940435504104	2.012218023862881	348.9873036391474	10.370332172801733	274.54772530274414	0.6513947773416066	10.611012271168155	5.185166086400867
14	53	353.3630100874757	4.278925574912001	106.12885947716727	0.2786572313059522	1.8729445823444335	2.1394627874560004	419.7922628142094	4.404329990104986	96.12620771379332	0.2523937695121406	1.7461371710838394	2.202164995052493	348.8795690941317	10.722181528666743	131.24194205059513	0.3445953945345386	5.803800847091016	5.361090764333372
15	53	350.4514098115802	8.718875073996145	30.305351926129873	0.07015106598589373	0.9607593216339978	4.3594375369980725	420.09417300964503	19.999999999999996	4.405989186548234	0.010199018276114467	0.32041160890069237	9.999999999999998	342.7925039115869	2.820603026747321	6.899056762688321	0.015969990626720984	0.07075652666478409	1.4103015133736605
16	53	359.99999999999994	19.999999924274388	1.8688592640124833	0.004318632375675402	0.13567383693606955	9.999999962137194	420.65182003812924	19.999999999999996	5.36179738036576	0.012390249070410718	0.38925115455750064	9.999999999999998	340.0000000000003	19.99999999999999	0.9361583710700775	0.0021633110250273923	0.06796242023655857	9.999999999999995
17	53	359.99999999999994	19.999999999999996	1.5340380050474995	0.0035176007156396483	0.11050868566515716	9.999999999999998	423.9999999999995	19.999999999999996	3.9150354653359716	0.008977307934554072	0.28203044656208426	9.999999999999998	340.00000000000006	19.99999999999997	1.7195076640602132	0.003942888878726822	0.12386950735329061	9.999999999999986
18	53	359.99999999999994	19.999999999999996	1.6813642865323772	0.003930414543385158	0.12347761455061292	9.999999999999998	423.999999999999	19.999999999999996	3.4703603373579583	0.008112432772596592	0.25485959201130526	9.999999999999998	340.00000000000006	19.999999999999996	1.3386019189111067	0.0031291615339006907	0.09830550886798176	9.999999999999998
19	53	359.99999999999994	19.999999999999996	1.4595153115388109	0.0032921434240300823	0.10342573595496851	9.999999999999998	423.99999999999847	19.999999999999996	3.3515442007810066	0.00755988245804295	0.23750071192190075	9.999999999999998	340.00000000000006	19.999999999999996	2.3399948634987355	0.005278189712178762	0.1658192202403402	9.999999999999998
20	53	359.99999999999994	19.999999999999996	1.0919715883142638	0.0024124137892962355	0.07578821437871767	9.999999999999998	423.99999999978274	19.999999999999996	4.6964420740339845	0.01037550952907206	0.3259562451378367	9.999999999999998	345.71386943734325	19.999999999999996	2.0522665062336283	0.004533923841912236	0.14243741833687087	9.999999999999998
0	54	357.66234125845045	19.999999999999996	2.6854741117600156	0.006118637988914442	0.19222268155949032	9.999999999999998	423.9999999967252	19.999999999999996	4.861137073483151	0.011075712045364295	0.34795375594992445	9.999999999999998	340.00000000000006	19.999999999999996	0.9385558735988588	0.0021384244956124706	0.06718058685672595	9.999999999999998
1	54	359.99999999999994	19.999999999999996	2.0184161526632525	0.004583378199563498	0.14399107280372295	9.999999999999998	423.99999999990473	19.999999999999996	3.8310351410325643	0.00869943639917939	0.2733008548203361	9.999999999999998	340.00000000000006	19.999999999999996	1.1232508109442432	0.002550655013700136	0.08013119052882318	9.999999999999998
2	54	351.4753027218995	19.99999999999999	0.5215115077857866	0.001156501224718376	0.03633255751442846	9.999999999999995	418.0000017679567	19.999999999999996	4.54553480357925	0.010080154491046647	0.316677392961223	9.999999999999998	340.00000000000006	19.99999999791408	1.8055669273113986	0.0040040158876117095	0.12578986896065825	9.99999999895704
3	54	359.99999999999994	19.999999999999996	2.6219611359368287	0.006463921245312401	0.2030700749765642	9.999999999999998	423.99999999999994	19.999999999999996	4.212659227173271	0.01038546952682318	0.3262691476954836	9.999999999999998	340.00000000000006	19.999999999992177	0.2659563402753798	0.0006556622120248622	0.020598235885329347	9.999999999996088
4	54	355.4695727492807	19.999999999999996	2.3783074935473056	0.0053948988401428056	0.1694857456305273	9.999999999999998	418.0000000000001	19.999999999999996	3.3852404390636623	0.007679002722675403	0.2412429854045306	9.999999999999998	340.00000000010454	19.99999999827894	0.5334700283938318	0.0012101113271691367	0.03801676855133209	9.99999999913947
5	54	359.99999999999994	19.999999999999773	2.741930419233336	0.0064937559738501354	0.20400736061652186	9.999999999999886	423.9999999999923	19.999999999999996	4.712239514080705	0.011160069300128434	0.35060391726836465	9.999999999999998	340.00000000000006	19.999999999999996	0.7540941156473296	0.0017859326896046079	0.05610673017467695	9.999999999999998
6	54	359.99999999999994	19.999999999999996	2.298313313770677	0.005245409810146803	0.16478940924625024	9.999999999999998	423.99999999993963	19.999999999999996	4.184193359810967	0.009549528676355869	0.3000072913488465	9.999999999999998	340.00000000000006	19.999999999999996	0.829613489312998	0.0018934157973148843	0.059483411590353	9.999999999999998
7	54	359.3353233390777	19.999999999999996	3.2743021247880066	0.007426705031927224	0.23331681968680912	9.999999999999998	423.9999999999473	19.999999999999996	4.799732530091482	0.010886655041169452	0.3420143549950423	9.999999999999998	340.00000000000006	19.999999999999996	0.552675604033647	0.0012535674879928353	0.03938198411057302	9.999999999999998
8	54	359.99999999999994	19.999999999999996	2.2586194231907055	0.005269419727583632	0.16554370304857866	9.999999999999998	423.9999901163923	19.999999999999996	4.324091206377842	0.010088220827646018	0.31693080439924265	9.999999999999998	340.00000000000006	19.999999999999996	0.9585212948920512	0.0022362559042718	0.07025405120407086	9.999999999999998
9	54	359.99999999999994	19.999999999999996	1.4597321986585958	0.0034504535819274247	0.10839919624535782	9.999999999999998	423.9999999999972	19.999999999999996	4.23317352760674	0.010006197557794083	0.3143539673793401	9.999999999999998	340.00000000000006	19.999999999999996	1.1834736697852302	0.0027974452894714156	0.08788433570222769	9.999999999999998
10	54	359.99999999999994	19.999999999999996	0.7835759368177688	0.001746872208539355	0.054879608971074134	9.999999999999998	423.9999999999975	19.999999999999996	4.310728701679418	0.009610162606700851	0.30191216245014724	9.999999999999998	340.0000000000062	19.999999999999996	2.38638173362975	0.005320102026580309	0.16713593443052865	9.999999999999998
11	54	352.98859799687654	3.1247296403273945	7.745988441955106	0.018216215801153006	0.08941090415205837	1.5623648201636973	423.99999853278126	19.999999999999996	4.128304503213945	0.009708520260125225	0.3050021592643707	9.999999999999998	340.00000000004917	19.999999999999996	1.9603410155374543	0.004610127584165155	0.14483142950524908	9.999999999999998
12	54	355.0720499024826	3.460947713377552	48.77931329962037	0.12713179995847176	0.6911449054236933	1.730473856688776	420.58058116814686	4.523023286411789	67.78853437607462	0.1766748608952676	1.2552304289591867	2.2615116432058944	349.83571877458724	10.049298245526808	112.62104919003023	0.2935202594754765	4.633334930210669	5.024649122763404
13	54	352.53912169034663	6.077827657080948	170.82843937352246	0.43433953319978175	4.146652275074218	3.038913828540474	420.436644552925	3.867401236711766	99.46294036508276	0.25288931542825804	1.5362772155209314	1.933700618355883	347.0637651086698	12.88837226061035	79.07462244188976	0.20105103532709978	4.070279779467209	6.444186130305175
14	54	351.7635539838532	5.84153895131102	51.913633476971846	0.12347346982269009	1.1329762516491695	2.92076947565551	419.94709473593264	3.789432675083766	27.41637574595729	0.06520820864556927	0.3881470969810285	1.894716337541883	345.9172774602098	12.973245204927984	13.45532385360994	0.0320026823884364	0.6521610918501185	6.486622602463992
15	54	354.5999684084194	19.999999999999996	3.6753029539330955	0.008351591269973088	0.262372977795321	9.999999999999998	418.00000000000006	19.99999999997201	4.609514248884208	0.010474450526207886	0.32906456823478386	9.999999999986006	340.00000000000006	19.999999999255024	0.02563646979568884	5.825514794895495e-05	0.0018301394482340633	9.999999999627512
16	54	355.67744401555666	19.999999999999996	2.5083860328150727	0.0058031360902053315	0.1823108970877086	9.999999999999998	423.99999999621946	19.999999999999996	4.461738507119194	0.01032220536113594	0.32428164531389836	9.999999999999998	340.00000000000006	19.999999999999996	0.725827037889189	0.0016791965127052335	0.0527535142824836	9.999999999999998
17	54	359.99999999999994	19.999999999999996	1.1924580605631314	0.002739448431486854	0.0860623106724718	9.999999999999998	423.9999999984146	19.999999999999996	4.054786202460125	0.009315109746583703	0.2926428034725003	9.999999999999998	340.00000000000006	19.999999999999996	2.44391602657786	0.005614438064624794	0.17638277377860143	9.999999999999998
18	54	353.5889531797533	19.99999999893558	2.343551384805603	0.005499699053293757	0.17277814141862863	9.99999999946779	423.9999997569585	19.999999999999996	3.669391906886542	0.00861109823633829	0.2705256295862039	9.999999999999998	340.00000000000006	19.999999999999996	0.5515203998767101	0.0012942734009332333	0.04066079808108522	9.999999999999998
19	54	359.99999999999994	19.999999999999996	0.42807321742440385	0.0009622913448346444	0.030231274195455606	9.999999999999998	423.73042329230094	19.999999999999996	4.935344115918698	0.011094454717592446	0.34854257436373043	9.999999999999998	340.00000000000006	19.999999999999996	2.2991705576389156	0.005168442775342015	0.16237141853513712	9.999999999999998
20	54	350.11703348840064	19.999999999999996	1.686793680181386	0.0036817031640722212	0.11566411612947584	9.999999999999998	423.9999988148341	19.999999999999996	5.614367566659683	0.012254275716881188	0.3849794256721773	9.999999999999998	340.00000000000006	19.998992934902738	1.3480443180092785	0.002942327262211845	0.09243128266391698	9.999496467451369
0	55	359.99999999999994	19.999999999999996	2.3989102539977836	0.005698438786478483	0.17902173428531934	9.999999999999998	423.9999999998568	19.99999999929178	3.971543207358222	0.00943411526849314	0.29638147219567834	9.99999999964589	340.00000000000006	19.999999999999996	0.45638385027193334	0.0010841070146654916	0.0340582263297827	9.999999999999998
1	55	359.99999999999994	19.999999999999996	1.3450263348240616	0.003065629495146774	0.09630959100581289	9.999999999999998	423.99999999999795	19.999999999999996	4.965047474450909	0.011316504062704255	0.35551846027710726	9.999999999999998	340.00000000000006	19.999999999999996	1.932996646902332	0.004405751308608203	0.13841075944667144	9.999999999999998
2	55	359.99999999999994	19.999999977609654	1.5487117697340942	0.003643835903702253	0.11447448093142107	9.999999988804827	423.99999999861006	19.999999999954333	3.737017640640386	0.008792519898051852	0.27622515918198703	9.999999999977167	341.2994665332848	2.9461987062707133	6.928297470306356	0.016301018412332675	0.07543912621296905	1.4730993531353567
3	55	348.0002587777278	1.3282553317436605	2.9191462349167647	0.006601628527243723	0.013773760524106915	0.6641276658718303	423.9999998941666	19.99999999977075	4.57833522379687	0.010353872669747907	0.32527650315111317	9.999999999885375	346.3036489108029	19.999999999999996	2.1602581815614874	0.004885408571528656	0.15347963678099028	9.999999999999998
4	55	357.78861071084344	19.999999999826787	2.686622546362407	0.006283187305697376	0.19739215080536568	9.999999999913394	423.99999999780596	19.999999999999996	3.508658599254744	0.008205677868933342	0.2577889731076533	9.999999999999998	348.60864154727886	1.0000006863543993	0.9515664996186716	0.0022254226069181567	0.003495688055792592	0.5000003431771997
5	55	359.99999999999994	19.999999999999996	1.0718463325480274	0.002472659611141284	0.07768089269189651	9.999999999999998	423.88555183812576	19.999999999999996	4.76892672270026	0.011001514058159011	0.3456227574347717	9.999999999999998	340.00000000000006	19.999999999999996	2.656100703441112	0.00612740159954646	0.19249799850729504	9.999999999999998
6	55	359.9999999993615	19.999999999999996	1.7420674329238541	0.0038217946576251252	0.1200652201992381	9.999999999999998	423.999999999916	19.999999999999996	4.283403625495494	0.009397046740547338	0.2952169300554342	9.999999999999998	340.1005627254939	1.0000000006982503	20.823520695406348	0.04568320298203336	0.07175900749050941	0.5000000003491252
7	55	359.99999999999994	19.999999999999996	0.9604414094306498	0.002228328451933917	0.07000500294380708	9.999999999999998	423.99999999997186	19.999999999999996	3.420143125800603	0.007935103757579068	0.24928863670283158	9.999999999999998	340.00000000000006	19.999999999999996	2.374825827841089	0.005509854019833289	0.1730971691106045	9.999999999999998
8	55	359.99999999999994	19.999999999999996	1.878427808723968	0.004548797458577189	0.14290468678534013	9.999999999999998	423.99999999998875	19.999999999999996	4.730900188446158	0.011456339527152169	0.3599115209553161	9.999999999999998	340.00000000000006	19.999999999999996	0.70777285056993	0.0017139414828560668	0.05384505971223415	9.999999999999998
9	55	359.99999999999994	19.999999999999996	0.843921927098796	0.0019846677490283865	0.06235017620164169	9.999999999999998	423.99999999958766	19.999999999999996	3.8527348625556597	0.009060552145573515	0.28464564058000985	9.999999999999998	340.00000000000017	19.999999999999996	2.2157049365575316	0.005210716759151019	0.16369949490486052	9.999999999999998
10	55	359.99999999999994	19.999999999999996	1.4400629039359183	0.0034215059167333004	0.10748977852223345	9.999999999999998	418.00000000000006	19.999999999999996	4.255322064779149	0.01011039835999797	0.3176275321263591	9.999999999999998	340.0000000140529	19.999999999999996	2.4331119236329206	0.005780932777332922	0.18161335944165544	9.999999999999998
11	55	353.83727512753694	5.852871003047146	52.199497587455674	0.1357095372464852	1.2476684668981348	2.926435501523573	420.3500082009024	4.96317446691323	61.98519137453924	0.16115062455304308	1.2563522212548748	2.481587233456615	348.7475302483439	7.767446147723729	60.94438504459627	0.15844471066636004	1.933195937216371	3.8837230738618644
12	55	351.0519613349416	8.782276761399046	365.63804794462163	1.010510113459391	13.940156859389818	4.391138380699523	420.1964910853913	4.141003924844321	266.9469637486497	0.7377585788504805	4.798878864923833	2.0705019624221603	340.0000000000116	19.999999999999996	55.97359567789399	0.15469365083079487	4.859844370070096	9.999999999999998
13	55	350.80278225675744	7.5269434573129885	72.52636319197056	0.18292516711977225	2.162778238428727	3.7634717286564943	420.6649687465703	4.729044258288847	32.742172395815096	0.08258193426182932	0.6134487790206407	2.3645221291444236	345.4717336081123	1.9181830378593632	20.009721693333596	0.050468292131024876	0.1520647427512932	0.9590915189296816
14	55	350.8683272028208	2.1283205115636035	14.98793867508526	0.035383931098008026	0.1182940738010271	1.0641602557818017	423.9999999999781	19.999999999999996	4.049149401600512	0.009559341450331755	0.30031556873518633	9.999999999999998	340.00000000000006	19.999999999999996	3.2291025578152097	0.0076233526765137295	0.23949468764259613	9.999999999999998
15	55	359.9999999999994	19.9999999999981	1.7400719682575192	0.004047021124853756	0.12714091834762054	9.99999999999905	423.99999999992326	19.999999999999996	4.672501302413228	0.010867200794981435	0.3414031818259883	9.999999999999998	340.00000000000006	19.999999999999996	1.1669352882451438	0.002714032436023065	0.0852638436261447	9.999999999999998
16	55	359.9999984049532	19.999999999999996	1.4316596871485591e-12	3.3995548125535314e-15	1.0680016424593998e-13	9.999999999999998	418.00000000000006	19.999999999999996	3.5785354557472338	0.008497429619401291	0.26695462466707404	9.999999999999998	349.69555078896315	19.999999998163595	3.1181181246483782	0.007404143297400001	0.23260802187102136	9.999999999081798
17	55	359.99999999999994	19.999999999999996	2.7678271313719858	0.0065558967788754	0.20595957158207942	9.999999999999998	423.99999999995975	19.999999999999996	3.977502528627077	0.009421143293175734	0.2959739455825763	9.999999999999998	340.00000000000006	19.999999999999996	0.842681711554858	0.0019959824281588147	0.06270563732998048	9.999999999999998
18	55	359.99999999999994	19.999999999999996	1.8408177379679709	0.004151043768724587	0.13040888608554846	9.999999999999998	423.99999999995504	19.999999999999996	4.247443717067458	0.009577985050385278	0.30090127470483247	9.999999999999998	340.00000000000006	19.999999999999996	1.0695633966273328	0.0024118653255301493	0.0757709838813347	9.999999999999998
19	55	359.99999999999994	19.999999999999996	2.5726528475471855	0.005649299358741729	0.1774779736335254	9.999999999999998	423.9999999945086	19.999999999999996	4.431032722404276	0.009730123650809818	0.30568084979904414	9.999999999999998	340.00000000000006	19.999999999999996	0.3237239125060201	0.0007108667199592231	0.022332536651053676	9.999999999999998
20	55	359.99999999999994	19.999999999999996	1.2482201580778027	0.0028331363538545147	0.08900560355887514	9.999999999999998	423.99999999992843	19.999999999999996	3.681984944239983	0.008357151847263369	0.2625476684829696	9.999999999999998	340.00000000000006	19.999999999999996	2.3061054496556928	0.005234261875166989	0.16443918653989742	9.999999999999998
0	56	359.99999999999994	19.999999999999996	2.0723806280686716	0.004956445064413157	0.1557113140228176	9.999999999999998	423.99999999631854	19.999999999999996	4.761530371634315	0.011387996678744391	0.35776446705048337	9.999999999999998	342.10703165022056	1.0000000002448521	12.033076686817415	0.028779116512811228	0.04520613051779505	0.5000000001224261
1	56	359.99999999999994	19.999999999999996	1.5143967532786042	0.0034289585343843946	0.10772390941086035	9.999999999999998	423.99999999991485	19.999999999999996	3.8699349695125553	0.008762463675713802	0.27528091510969893	9.999999999999998	340.00000000000006	19.999999999999996	1.5234138069218022	0.0034493753128659295	0.10836532142373596	9.999999999999998
2	56	359.99999999999994	19.999999993594336	1.9026474443442816	0.004425158893178215	0.13902046665323628	9.999999996797168	423.999999999988	19.999999999999996	3.6813861631596287	0.008562132079463311	0.2689873123990743	9.999999999999998	340.00000000000006	19.999999999999996	1.3605609364135187	0.0031643793732664452	0.09941190992224935	9.999999999999998
3	56	359.99999999999994	19.999999999999996	1.2140653351332171	0.0027949475012656877	0.08780586537145431	9.999999999999998	423.9999999915217	19.999999999999996	4.377159998739922	0.010076831985138476	0.3165730133596968	9.999999999999998	340.00000000000006	19.999999999999996	1.995183104292287	0.004593189403021176	0.1442993008507781	9.999999999999998
4	56	359.9999999954611	19.999999999999996	1.3482386540486844	0.003144198795181578	0.09877791836368321	9.999999999999998	423.99999999943344	19.999999999999996	5.046190680687753	0.011768114354850721	0.36970621603803605	9.999999999999998	342.8343833847829	19.999999997734616	1.4657993640265878	0.0034183596357443558	0.10739093517765941	9.999999998867308
5	56	359.99999999999994	19.999999999999996	1.9831342324636814	0.0047125141592160216	0.14804799862530932	9.999999999999998	423.99999999999994	19.999999999999996	4.039483935796688	0.009599009956940057	0.3015617916245815	9.999999999999998	340.00000000000006	19.999999999999996	0.852843704932622	0.0020266091771812705	0.06366780502730333	9.999999999999998
6	56	359.99999999999994	19.999999999999996	0.7528105991434938	0.0017047698521366957	0.05355692443534	9.999999999999998	423.9999999999939	19.999999999999996	3.676999128327308	0.008326712279871171	0.2615913812699918	9.999999999999998	340.00000000000006	19.999999999999996	2.0639607713288113	0.004673922103325062	0.14683559343256963	9.999999999999998
7	56	359.99999999999994	19.999999999999996	0.6978472715923878	0.00162369774535286	0.05100996908450855	9.999999999999998	423.9999999999003	19.999999999999996	3.658573852945996	0.008512490279828928	0.26742776926865075	9.999999999999998	340.00000000000006	19.999999999999996	2.487471839413526	0.005787659537692646	0.1818246868509411	9.999999999999998
8	56	348.00000000001364	2.4670353600991013	2.60242867024574	0.006194770651416129	0.02400603768229109	1.2335176800495506	423.9999997418365	19.999999999999996	4.334669293753091	0.010318162580802164	0.3241546376239317	9.999999999999998	345.0306160424184	19.99999999999393	1.9983836577796485	0.004756913638026442	0.14944284938980432	9.999999999996964
9	56	359.99999999999994	19.999999999999996	2.753531194117774	0.006197701071710635	0.19470652156031712	9.999999999999998	418.00000000000006	19.999999999999996	3.531711606472737	0.007949244539218667	0.2497328824599814	9.999999999999998	340.6000377791908	2.7320618272288044	4.156275900500304	0.0093550258874438	0.040147212243771005	1.3660309136144022
10	56	351.54904870415385	8.137995927619631	21.185942562061104	0.05335927436123773	0.6820987602027611	4.0689979638098155	421.0882029075809	19.999999999999996	7.158177250769098	0.018028706663924785	0.5663885240911144	9.999999999999998	340.0000000042519	19.999999999999996	2.097370703993945	0.0052824734374597275	0.16595379743906696	9.999999999999998
11	56	353.75499108745043	4.959718714170599	212.12774021404496	0.4645499683296648	3.619173125935612	2.4798593570852994	419.548440018478	4.123718190819908	300.22656476649263	0.6574823312277188	4.2588558620214325	2.061859095409954	349.43730976180046	10.241331660172815	365.2722521754531	0.799929386927854	12.868500966879552	5.120665830086407
12	56	351.38771191788567	8.384553654266828	134.2132544054366	0.3807324904012385	5.014409121821323	4.192276827133414	419.75762274890224	4.725703756152239	62.77379510885193	0.17807498558623847	1.3218716489624633	2.3628518780761194	341.5875126867086	3.506719146123251	14.885398694886085	0.04222649201694461	0.23259794064948022	1.7533595730616256
13	56	350.7424299507173	8.430520398228378	8.343543249640076	0.019718142506704176	0.2611200748599444	4.215260199114189	421.0321291971226	19.999999999999996	5.043903862110741	0.01192016535031511	0.37448303894125545	9.999999999999998	348.4255035658349	19.99965717557673	5.011788353060273	0.011844267357677534	0.3720922549553653	9.999828587788365
14	56	359.99999999999994	19.999999999995463	0.36812707689608887	0.000825929411023177	0.02594733770053569	9.999999999997732	423.99999999980736	19.999999999999996	4.1131274342727115	0.009228207139490163	0.2899126775522717	9.999999999999998	347.3955836000023	19.999999999999996	3.8329116245105928	0.008599515328315575	0.27016174179869024	9.999999999999998
15	56	354.57739295863325	19.999999999999996	2.556477708126551	0.005841464273224064	0.18351501246967955	9.999999999999998	423.9999958859762	19.999999999999996	4.150971708091288	0.009484828619823355	0.2979746791259526	9.999999999999998	342.06163499045084	1.0000000000000002	24.712562579221444	0.05646736169357203	0.08869872433206182	0.5000000000000001
16	56	359.99999999999994	19.999999999999996	1.4361022335547091	0.0032050770714543656	0.10069046581870121	9.999999999999998	423.9999999999967	19.999999999999996	3.5925478274371794	0.008017808482423373	0.25188688226271194	9.999999999999998	340.00000000000006	19.999999999999996	1.6361457586399586	0.0036515319968510223	0.11471626095655237	9.999999999999998
17	56	359.9999999999999	19.999999980815545	1.5303178876657921	0.0034148871674629807	0.1072818442784904	9.999999990407773	418.0000000000022	19.999999999763943	3.7956300442118565	0.008469905785513973	0.26608993792054325	9.999999999881972	340.0000000000002	19.999999999999996	1.674433880124095	0.003736480384949784	0.11738499327640602	9.999999999999998
18	56	359.99999999999994	19.999999999999996	4.350425298048803	0.010365459328896228	0.3256405087874417	9.999999999999998	418.00000000000006	19.999999999999996	4.181882090452838	0.009963883013063097	0.3130246167506715	9.999999999999998	344.5500815999406	3.740140929206532	8.74855427793503	0.020844578941568895	0.12246189363786156	1.870070464603266
19	56	359.99999999999994	19.999999999999996	1.3264158165200841	0.003038963857453826	0.09547186529101837	9.999999999999998	423.90524830257925	19.99999999999923	4.799420250330511	0.010995997255032409	0.34544944195302013	9.999999999999615	340.00000000000006	19.99999999999275	1.7770465397914983	0.00407140818149161	0.12790706032734783	9.999999999996374
20	56	359.99999999999994	19.999999999999996	2.0238419412527113	0.004526116122857892	0.1421921316086467	9.999999999999998	418.00000010622864	19.999999999999996	3.883269868896426	0.008684537070192917	0.27283277859546284	9.999999999999998	340.00000000000006	19.99999999990455	0.6234597770307402	0.0013943042147973072	0.043803358780555995	9.999999999952275
0	57	359.99999999999994	19.99999999999991	1.469812352979636	0.0033363724732024405	0.1048152325145195	9.999999999999956	423.9999999999993	19.999999999999996	4.0877254871469315	0.009278854382790734	0.2915038076270482	9.999999999999998	340.00000000000045	19.999999999999996	1.3465732076666994	0.003056628129504729	0.09602680476407965	9.999999999999998
1	57	352.1924721091133	19.999999999999996	1.6725434786792361	0.003805428837236567	0.11955107278821145	9.999999999999998	418.0000000989383	19.999999999999996	3.8738443927587576	0.008813904900584374	0.2768969888511494	9.999999999999998	340.00000000000006	19.999999999999996	2.093103489513356	0.00476230153646259	0.14961211521130252	9.999999999999998
2	57	359.99999999999994	19.999999999999993	1.7638793067106768	0.003988971897419652	0.1253172480830971	9.999999999999996	418.0000000000242	19.999999999999996	3.918137135891133	0.008860775715120785	0.27836947891730296	9.999999999999998	340.0000000000003	19.999999999999996	1.284166186301623	0.0029041118682469865	0.09123536510487659	9.999999999999998
3	57	359.99999999999994	19.999999999999996	1.4554686094955953	0.0034131333297129766	0.10722674594348754	9.999999999999998	423.9999999692753	19.999999999999996	3.6982097169682144	0.00867245281890829	0.2724531406448637	9.999999999999998	340.00000000000006	19.999999999999996	1.6711730357334815	0.00391896901847736	0.12311804278094474	9.999999999999998
4	57	359.99999999999994	19.999999999999996	0.5136003114549241	0.001147168444193458	0.03603935956708199	9.999999999999998	423.9999999999537	19.999999999999996	3.8391260133033485	0.00857500300821052	0.2693916645510454	9.999999999999998	340.00000000000006	19.999999999999996	2.358548756740231	0.00526801220225032	0.1654994843361099	9.999999999999998
5	57	359.99999999999994	19.999999999999996	1.2232169294501367	0.002707115571847013	0.08504654392933106	9.999999999999998	423.9999999806074	19.999999999999996	4.737574743112407	0.010484781604219543	0.32938912862309516	9.999999999999998	340.00000000000006	19.999999999999996	1.6552731205133124	0.003663304138715364	0.11508609370053269	9.999999999999998
6	57	359.99999999999994	19.999999999999996	2.1585432051499747	0.004958203238744952	0.15576654869846257	9.999999999999998	423.9999999999982	19.999999999999996	4.572660917770526	0.010503464613578135	0.32997607267257417	9.999999999999998	340.00000000000006	19.999999999999996	1.9207425710242956	0.0044119719326101165	0.138606186113323	9.999999999999998
7	57	356.4245295757289	3.0872165521459722	8.83686332539289	0.020089868286539702	0.09742357463070864	1.5436082760729861	423.99999999999994	19.999999999999996	4.983135492651921	0.01132874098139424	0.3559028944156976	9.999999999999998	340.00000000000006	19.999999999999996	2.821620652990451	0.006414718117261141	0.20152431312036945	9.999999999999998
8	57	359.99999999999994	19.999999999999996	3.374312932014434	0.00795673104628585	0.24996807801601448	9.999999999999998	423.9999999976559	19.999999999999996	3.8029392830221767	0.008967444830998018	0.2817205880253513	9.999999999999998	340.00000000000006	19.999999999999996	1.5078860044612261	0.0035556404007834447	0.11170373761908335	9.999999999999998
9	57	353.3794163023186	19.999999999998515	5.464683962054195	0.013217511336675692	0.41524036514037077	9.999999999999257	423.99999998517086	19.999999999999996	4.237276213949365	0.010248762194373822	0.321974360182336	9.999999999999998	349.99999997714735	4.220221065572615	0.370067501004321	0.0008950876983599928	0.005933632796394919	2.1101105327863077
10	57	351.2488398481444	10.268408091872418	200.76412991096632	0.5191189043696073	8.3731687101842	5.134204045936209	420.23742359708325	4.519352093057083	137.37999166476266	0.3552255613935837	2.5217397480776413	2.2596760465285417	340.00000000000153	19.999999999999996	28.37966979072729	0.07338174949213806	2.3053556511206743	9.999999999999998
11	57	354.2525491367923	4.80652944075354	65.7433992050508	0.1664479196833001	1.2566949080683358	2.40326472037677	419.39154987997205	4.414138120800535	61.60372960385007	0.15596718090757944	1.0814315054613568	2.2070690604002676	349.8120377318466	10.477173469074145	129.28934353220436	0.32733236383222564	5.387074210965806	5.238586734537073
12	57	353.7152032613637	4.949708483629081	43.783012101039894	0.10732550929116616	0.834454107312217	2.4748542418145405	420.9098640758076	19.999999999999996	7.139153694381915	0.017500241974883472	0.5497863162433764	9.999999999999998	347.6459461300676	6.916296109084629	33.657328422500925	0.08250437192372057	0.8963351301458221	3.4581480545423147
13	57	349.1792565954909	19.999999999999996	2.820715746550664	0.006497166598302929	0.20411450854377464	9.999999999999998	418.00000000000006	19.999999999999996	4.2026786920632775	0.009680345726032031	0.30411703017111574	9.999999999999998	344.0341228897302	1.0000000000000002	16.204911314055103	0.037325990272819916	0.05863152841452758	0.5000000000000001
14	57	354.1138827545358	19.999999999999996	1.6434827741456495	0.0037269153591787726	0.11708449912946994	9.999999999999998	423.99999999916776	19.999999999999996	3.5507534443768236	0.008052020840549522	0.25296169519222284	9.999999999999998	340.00000000000006	19.999999999999996	0.8304087200413874	0.0018831125350413668	0.059159725059688084	9.999999999999998
15	57	359.99999999999994	19.999999999999996	2.1254678517688093	0.005033177586609893	0.15812193730306442	9.999999999999998	423.99999999996624	19.999999999999996	4.359959527142845	0.010324527163409937	0.32435458688356916	9.999999999999998	340.00000000000006	19.999999999999996	1.4036228165588807	0.00332382486730119	0.10442103784932485	9.999999999999998
16	57	359.99999999999994	19.999999999999996	2.0244676412267575	0.004598530234841579	0.14446708803088848	9.999999999999998	418.00000000000006	19.999999999999996	4.284810829502433	0.009732846180788408	0.3057663806008433	9.999999999999998	349.99999987610244	1.0000000174824135	2.404157662791886	0.005460987114111266	0.008578098649486105	0.5000000087412068
17	57	359.99999999999994	19.999999999999996	3.3730337065326026	0.007861313940882913	0.2469704612424078	9.999999999999998	423.99999856389894	19.999999999999545	3.780951585658537	0.008812022053789554	0.27683783747455876	9.999999999999773	349.7974684699222	11.561396329011302	6.002416098624299e-14	1.3989447322660233e-16	2.5405674146689003e-15	5.780698164505651
18	57	359.99999999999994	19.999999999999996	1.0744727422923195	0.0025348245029734686	0.07963386036680846	9.999999999999998	423.99999997375085	19.999999999999996	3.985400710556588	0.00940209181457141	0.29537542573034264	9.999999999999998	340.00000000000006	19.999999999999996	2.2978576316452957	0.005420952621480675	0.17030424931102014	9.999999999999998
19	57	359.99999999999994	19.999999999999996	0.5956610204126759	0.0014006137325822301	0.044001578127973125	9.999999999999998	423.99999999998687	19.999999999999996	4.761728816147147	0.011196540552725235	0.3517496954606179	9.999999999999998	340.00000000000006	19.999999999999996	2.57664632470837	0.006058624121306154	0.19033729030357324	9.999999999999998
20	57	359.99999999999994	19.999999999999996	1.3487646049479827	0.002842700167046331	0.08930605961151229	9.999999999999998	423.99999999785217	19.999999999949978	4.716449492360527	0.009940542412377388	0.3122913501534445	9.999999999974989	340.00000000000017	19.999999999999996	2.5376298712049543	0.005348391285115531	0.16802466769842622	9.999999999999998
0	58	359.99999999999994	19.999999998178442	0.961044335140199	0.002321923677053293	0.07294538365362453	9.999999999089221	423.99999999994174	19.999999999999996	4.3042860157726635	0.01039933668759824	0.3267047973996544	9.999999999999998	340.0000003061003	19.999999999999996	1.6490903658884317	0.0039842719280981315	0.12516959419217127	9.999999999999998
1	58	359.99999999999534	19.999999999999996	1.9526091585363925	0.004344670278616148	0.13649184229570405	9.999999999999998	423.9999999999137	19.999999999999993	4.439702991610808	0.00987860040971695	0.3103453847491588	9.999999999999996	340.00000000000006	19.999999999999996	1.6258869944921033	0.0036176942377210103	0.1136532164015845	9.999999999999998
2	58	356.8857070648455	19.999999999999993	3.7975197355143258	0.008573350897855617	0.2693397619735065	9.999999999999996	423.9999973342856	19.999999999999996	4.380707513770766	0.00988996642866499	0.3107024587654361	9.999999999999998	340.0000001087015	1.0000001388211763	3.7888256018380155	0.008553722860623105	0.013436158315111352	0.5000000694105882
3	58	359.99999999999994	19.999999999999996	1.7641409880509913	0.003906701580960179	0.12273264986512125	9.999999999999998	423.9999999999999	19.999999999999996	3.817669339515495	0.008454253342158213	0.26559820191311195	9.999999999999998	340.00000000000006	19.999999999999996	1.9157686180908975	0.004242481944324779	0.13328150109278064	9.999999999999998
4	58	359.99999999999994	19.999999999996106	0.152835182890011	0.0003630671539669913	0.01140609103662232	9.999999999998053	423.99999998770704	19.999999999999996	4.437067557500457	0.010540462343806631	0.33113839064742756	9.999999999999998	343.79250468177713	19.999999999305697	3.300457057633385	0.007840390727098355	0.2463131390867065	9.999999999652848
5	58	359.9999999999999	19.99999999999998	0.8052025726658949	0.001804087298063379	0.056677074020305654	9.99999999999999	420.4721559559357	19.999999999999996	4.240805028589553	0.009501686588396284	0.2985042878281842	9.999999999999998	340.00000000000006	19.999999999999996	1.7707222775685691	0.003967371289913689	0.12463864498455904	9.999999999999998
6	58	359.99999999999994	19.999999999999993	2.2717114763771664	0.004949008178922456	0.15547767737458584	9.999999999999996	423.9999999999867	19.99999999615247	3.3129181591530736	0.007217315771057522	0.22673866200630147	9.999999998076236	340.0000000002269	19.99999997533014	1.1730237498969807	0.0025554759892169546	0.08028264584246286	9.99999998766507
7	58	359.99999999999994	19.999999999999996	1.1817206828462115	0.0027028518852368977	0.08491259626401558	9.999999999999998	423.99999999808074	19.999999999999996	5.175976657062994	0.011838582897432053	0.37192005059486294	9.999999999999998	340.00000000000006	19.999999999999982	1.7614433060382078	0.004028803447018002	0.12656859311908977	9.999999999999991
8	58	359.9999999999746	19.999999999140478	0.8232806359990931	0.0019428298934337654	0.0610358012012385	9.999999999570239	423.99999999551284	19.999999999999947	3.687905777281134	0.008702954102125592	0.27341136671766836	9.999999999999973	343.2637385435959	19.999999999999996	2.6256195860698095	0.006196103731276432	0.1946563396305834	9.999999999999998
9	58	355.1800161487503	4.196320425966085	41.07517693157249	0.10050602656883646	0.662491977990245	2.0981602129830423	420.390816382803	3.7936504626673564	62.692195028407454	0.1534002745668167	0.9141202454637086	1.8968252313336782	349.78221893265885	10.136823845670225	107.54833503242286	0.26315786384097756	4.190232577034394	5.0684119228351125
10	58	355.14117812745593	4.190081523286933	63.47067883743993	0.1723615672130003	1.1344432728158673	2.0950407616434665	420.7705141301171	1.95746991144271	85.50818911567868	0.2322068355889426	0.7139864541219925	0.978734955721355	349.99999999997067	10.352786320102618	98.6499580666394	0.2678947458780411	4.35653616292673	5.176393160051309
11	58	350.5905893937575	9.5436239379405	23.89299838665302	0.05527135536479173	0.8285778309714087	4.77181196897025	423.959947769005	19.999999999999996	5.524190152166056	0.012779035601225107	0.40146524364771213	9.999999999999998	342.8247485411828	3.8193050207773824	9.97906975533617	0.023084449332459605	0.13849169797138675	1.9096525103886912
12	58	353.1757704717938	19.999999989082983	2.7498891590816825	0.0061811493005658295	0.19418653222799612	9.999999994541492	423.9999997909454	19.999999999999996	3.9626070178780073	0.008907073769167268	0.2798239751819823	9.999999999999998	346.0571450688929	1.0000000782881457	9.418416635796945	0.02117054035015547	0.033254609621728874	0.5000000391440729
13	58	359.99999999999994	19.999999999999954	1.791507492469899	0.004028219442865148	0.12655024608752688	9.999999999999977	423.9999999995035	19.999999999999996	4.10557434705731	0.009231417941849614	0.2900135478833175	9.999999999999998	340.00000000000375	19.999999999999996	1.2390997001295927	0.002786125944038866	0.08752872797768427	9.999999999999998
14	58	359.99999999999994	19.999999999999996	0.9115943545850627	0.001962458099853163	0.061652439494764795	9.999999999999998	423.9999999994717	19.999999999999996	3.7427242631432454	0.008057245537754207	0.25312583389577753	9.999999999999998	346.62318995115214	19.999999999999996	2.386933842056806	0.005138532976424781	0.16143177448964982	9.999999999999998
15	58	359.99999999999994	19.999999999999996	1.7576506546798523	0.003941795965973159	0.12383517248651156	9.999999999999998	423.99999999323353	19.999999999999996	4.138710047348423	0.009281679795432445	0.2915925705830338	9.999999999999998	340.91946817023756	19.999999973304384	1.9224268193011331	0.004311331299552288	0.13544446719786338	9.999999986652192
16	58	359.99999999999994	19.999999999999996	2.819071190598025	0.006567641167499854	0.2063285324323143	9.999999999999998	423.9999999999996	19.999999999999996	3.5778702899536694	0.008335429160726361	0.26186523015856067	9.999999999999998	340.00000000000006	19.99999999996676	0.9532199083005953	0.0022207336701232337	0.06976640583627056	9.99999999998338
17	58	359.99999999999994	19.999999999999996	1.410936401722251	0.0032979085116132782	0.10360685152295522	9.999999999999998	423.99999999985806	19.999999999999996	4.751711106463229	0.011106601604157405	0.34892418005969505	9.999999999999998	340.00000000000006	19.999999999999986	2.2296687173469083	0.005211605166640068	0.16372740504927036	9.999999999999993
18	58	351.25445912391416	1.0000057320558309	12.032332455536144	0.026676736486714953	0.041903959878668	0.5000028660279154	423.9999999995175	19.999999999999996	4.711938934351513	0.010446781931740331	0.32819533370410003	9.999999999999998	349.999999999984	19.999999999958973	2.317700470041489	0.005138545242405139	0.1614321598364565	9.999999999979487
19	58	359.99999999999994	19.99999999999835	1.9913315309547386	0.004636561382745772	0.14566187177951048	9.999999999999176	423.99999999999727	19.999999999999996	3.5764488607257228	0.008327304829575815	0.2616099967679818	9.999999999999998	340.0000000000022	19.999999999999996	1.1075677882993398	0.002578830273199036	0.0810163424113705	9.999999999999998
20	58	359.99999999999994	19.999999999999996	1.468051647061089	0.0033019225644935362	0.10373295671335261	9.999999999999998	423.99999999998965	19.999999999999996	5.497843014314291	0.01236567660364616	0.3884791877468195	9.999999999999998	340.00000000000006	19.999999999999996	1.0945976039558794	0.002461954615001416	0.07734458531959934	9.999999999999998
0	59	355.05375225429214	1.0023071557614127	16.757164982928284	0.03782759127833047	0.059556531338138784	0.5011535778807064	423.9999999952822	19.999999999999996	3.586022857575101	0.008095080946526369	0.2543144683182194	9.999999999999998	340.00000000000006	19.999999999999996	3.0803236630387016	0.006953516579272581	0.21845116602057565	9.999999999999998
1	59	359.9999999999999	19.999999999999996	1.632589296369434	0.0039057662067938357	0.12270326421902784	9.999999999999998	423.99999964031355	19.999999999999996	4.1531827379395745	0.009935971541989826	0.3121477520259248	9.999999999999998	349.77327016691066	19.999999999999996	1.6048420170121087	0.003839384302731796	0.12061781519770179	9.999999999999998
2	59	359.99999999999994	19.999999999999996	1.1516336763077692	0.0027233625569485745	0.08555695801971154	9.999999999999998	423.9999999002278	19.999999999999996	3.7702124527246417	0.00891573044165439	0.2800959325688831	9.999999999999998	340.00000000000006	19.999999999999996	1.2960609769647402	0.0030649016339156445	0.0962867245708474	9.999999999999998
3	59	359.99999999999994	19.999999999999996	1.2245820759019348	0.0027561840346524	0.08658807515205454	9.999999999999998	423.99999998882424	19.999999999999996	5.1003855393916755	0.01147950919001451	0.36063941738166094	9.999999999999998	340.15732586748584	19.999999999315232	1.0151701264744126	0.002284857626210184	0.07178091932754761	9.999999999657616
4	59	359.99999999999994	19.999999999999993	1.7620272661899155	0.003936335944792592	0.12366364086221841	9.999999999999996	423.9999929935084	19.999999999999996	5.115395882433357	0.011427698691296045	0.3590117425601334	9.999999999999998	348.72482228599677	1.0059622222212714	3.663227111633809	0.008183580827692322	0.012931381512918868	0.5029811111106357
5	59	359.99999999999994	19.999999999999996	1.0514066175519623	0.0024422664176635225	0.07672606235840781	9.999999999999998	423.9999999974628	19.999999999999638	4.173159265881952	0.009693649022635285	0.30453496555988335	9.999999999999819	340.0000000006248	19.999999999999996	2.146501432480619	0.004986014237022792	0.15664025697724915	9.999999999999998
6	59	359.99999999999994	19.99999999999699	1.8259398488317529	0.004294551715516832	0.13491732119927094	9.999999999998495	423.99999999797694	19.999999999999986	4.081667250238322	0.009599949912312266	0.30159132119350174	9.999999999999993	344.97671355770467	19.999999999999975	1.1994756945081233	0.0028211282013842786	0.08862835632303825	9.999999999999988
7	59	359.99999999999994	19.999999999999996	2.0224634560906245	0.004764846373163621	0.149692063614148	9.999999999999998	423.999999999912	19.999999999999996	4.427501185280604	0.010431023068095728	0.327700254401552	9.999999999999998	340.00000000000006	19.999999999999996	1.43426196117596	0.0033790661993398155	0.10615649547839545	9.999999999999998
8	59	355.273880593766	1.0000013412995086	57.998609976386625	0.14315418433692265	0.22486636853450268	0.5000006706497543	420.84569244713543	4.4618754194453	36.48018421767318	0.09004165820987554	0.6310747465455212	2.23093770972265	349.9745138582821	9.69252821660092	70.48838531513536	0.17398188179205015	2.6488720137851702	4.84626410830046
9	59	351.1495020620864	9.837698267065932	148.67944897821857	0.3847511974191689	5.94556806494634	4.918849133532966	420.4041220099265	3.6266182534191045	68.55830450893059	0.17741449766001885	1.0106733776774697	1.8133091267095522	340.00000000618087	19.999999999999996	22.27720649305601	0.057648733111817334	1.8110883643284394	9.999999999999998
10	59	352.3323019920649	8.661829900555242	27.3740129013344	0.06465871855923427	0.879744623176083	4.330914950277621	423.97624006824583	19.999999999999996	6.415995607031639	0.01515488634156812	0.47610479596658695	9.999999999999998	349.44877632294606	1.0000000000000002	24.87334521869941	0.05875202272751767	0.09228746149215507	0.5000000000000001
11	59	359.99999999999994	19.999999999999996	1.1947874952542268	0.0027140439346301495	0.08526420486554012	9.999999999999998	423.9999999997301	19.999999999999996	3.8986545207193415	0.008856068294324835	0.27822159093140386	9.999999999999998	340.0000000000065	19.99999999999999	2.891486203684538	0.0065682145355119926	0.2063465453196616	9.999999999999995
12	59	359.9999994611497	19.999999999999154	1.420650558214219	0.0032584305508220526	0.1023666148069467	9.999999999999577	418.0000000001924	19.999999999652896	3.6657718631004843	0.008407882545082113	0.264141420354174	9.999999999826448	340.00006096806857	19.999999997436678	1.7189096890255429	0.003942523242214712	0.1238580205276131	9.999999998718339
13	59	359.99999999999994	19.999999999999996	1.9193861741454543	0.004384658450036349	0.137748107751346	9.999999999999998	423.99999999996703	19.999999999999996	4.3557832129272525	0.009950379933100752	0.31260040498256614	9.999999999999998	340.00000000000006	19.999999999999996	1.0403483947398868	0.0023765787424247188	0.07466242317879164	9.999999999999998
14	59	359.99999999999994	19.999999999999996	2.122718107363991	0.004785924950981712	0.15035426666636234	9.999999999999998	418.0000000570113	19.999999999999996	4.325004870789696	0.009751247069698868	0.3063444615750495	9.999999999999998	340.0000000340899	19.99999999999997	0.7134766428971684	0.001608619465457221	0.05053627095101938	9.999999999999986
15	59	351.12622217978804	19.999999999999996	3.078685057612558	0.0065188499624603945	0.2047957115191967	9.999999999999998	423.9999988879832	19.999999999995868	6.077683853166563	0.012868971140810653	0.40429065195221453	9.999999999997934	349.99999994414304	19.999999999999996	9.196389249849546e-11	1.9472560718062697e-13	6.117485369844694e-12	9.999999999999998
16	59	359.99999999999994	19.999999999999996	1.9383803023578878	0.004432465216484296	0.13925000161399353	9.999999999999998	423.99999999999966	19.999999999999996	3.573375351649345	0.008171183916985396	0.25670531364732385	9.999999999999998	340.00000000000006	19.999999999999996	1.3340374992772934	0.0030505235767405935	0.09583502458290706	9.999999999999998
17	59	359.99999999999994	19.999999999999996	1.1764911183662137	0.002831620461599115	0.08895798039914316	9.999999999999998	423.9999999999993	19.999999999999996	3.7010018297518377	0.008907702188261608	0.27984371755008386	9.999999999999998	340.00000000000006	19.999999999999996	2.499689727006733	0.006016341703004769	0.1890089489564568	9.999999999999998
18	59	359.99999999999994	19.999999999999996	3.191399892917562	0.00703447875731459	0.22099466785812968	9.999999999999998	423.99999999982884	19.999999999999996	4.276440865841284	0.009426124408424172	0.2961304319332881	9.999999999999998	340.0000000122014	19.999999999999996	0.4815831582774128	0.0010615048600775391	0.03334815870169457	9.999999999999998
19	59	359.9999999999999	19.999999999999996	2.1811057680934933	0.004973502595062565	0.1562471921525832	9.999999999999998	423.99999999999994	19.999999999999996	5.684796169754606	0.01296285073208074	0.40723996629485915	9.999999999999998	346.4866059644766	2.5441888167258435	5.806114152097002	0.013239488073026873	0.052910322545120875	1.2720944083629218
20	59	359.99999999998613	3.1787923146992614	7.536465706534138	0.017317703142138385	0.08647136649831776	1.5893961573496307	418.2143398801961	19.99999999999515	4.271922525731871	0.009816257252082737	0.3083868166888318	9.999999999997575	340.00000000000006	19.99999999714574	2.9137785475242977	0.00669543972902418	0.21034344262253724	9.99999999857287
0	60	359.99999999999994	19.999999999999996	1.6576522658945545	0.003824461403603893	0.12014899849499695	9.999999999999998	423.99999999772353	19.999999999999996	3.437229366101931	0.007930222349074336	0.24913528273185523	9.999999999999998	340.00000000000006	19.999999999999996	1.9522226302010648	0.0045040810150957095	0.14149987828197935	9.999999999999998
1	60	355.9328881729825	19.999999999999996	1.9215310294689885	0.004393006161492772	0.13801035884120386	9.999999999999998	423.17369330023223	19.999999999999996	3.7060492170698836	0.008472773426866077	0.26618002753373277	9.999999999999998	340.00000000000006	19.999999999999996	0.9886509494449268	0.0022602547894724676	0.07100799841847848	9.999999999999998
2	60	359.9999485576596	19.999984380418187	1.6440534267627491	0.0038732162897215975	0.12168058338547129	9.999992190209094	423.9999999977845	19.999999999703878	4.570708886033305	0.010768107547343229	0.3382900756329742	9.999999999851939	347.31953185113525	19.999999999999996	2.1641510646355924	0.005098511411195484	0.16017445993655458	9.999999999999998
3	60	352.79840457822974	19.999999999999996	4.630482134903559	0.011000084654039273	0.34557785137995595	9.999999999999998	423.9999985478319	19.999999999999996	3.353580640476605	0.007966701925340268	0.2502813224198864	9.999999999999998	340.00000000000006	19.99999999998298	1.2359431567536745e-09	2.9360828863567372e-12	9.223976426101191e-11	9.99999999999149
4	60	359.99999999999994	19.999999999999996	1.7770840298030792	0.004334441110491525	0.1361704835013776	9.999999999999998	423.99999944118576	19.999999999999996	3.9951362268258075	0.00974443662379131	0.306130505106741	9.999999999999998	344.83368421990735	19.999999999999787	1.1038700573480802	0.0026924217858962755	0.0845849250293676	9.999999999999893
5	60	353.0863141525745	19.999999999999996	3.069549763863604	0.007060260560086887	0.2218046270799872	9.999999999999998	423.9999805421657	19.999999999999996	4.633211821628048	0.01065683413113819	0.33479431816908695	9.999999999999998	340.0236921607873	1.0000000000000002	8.697173460732449	0.020004337929923264	0.0314227405402873	0.5000000000000001
6	60	352.099955797292	19.999999999999996	3.9016391010095695	0.008912479020125173	0.27999378614898396	9.999999999999998	423.999999876556	19.999999999999996	3.8585412302710056	0.008814030942579988	0.276900948577224	9.999999999999998	340.00000000000006	19.999999999999996	3.490347919847015e-13	7.972970283316259e-16	2.5047824869356087e-14	9.999999999999998
7	60	351.0314143719642	19.999999999999996	7.446837355301282	0.019445565252102375	0.6109004494090576	9.999999999999998	423.9999726502827	19.999999999999996	4.809085638992908	0.012557732112869762	0.3945127895154027	9.999999999999998	349.4850211922732	2.4412634577685335	13.826135109502754	0.03610351611410238	0.1384471523065183	1.2206317288842667
8	60	352.06576663261484	6.942504248868839	131.66997436589	0.32534812130877067	3.548005909630237	3.4712521244344194	419.92215444999744	4.5117637976524305	74.25004986671783	0.18346714463610655	1.3002430291308997	2.2558818988262153	346.8643634509748	13.485371116956692	67.5451703964214	0.1668998144625556	3.5354006191300495	6.742685558478346
9	60	351.03770921006094	6.997883927996498	46.824105524337966	0.12571204435432742	1.3818582659961518	3.498941963998249	420.94814047712254	3.61585154284593	22.32762629885566	0.059944584443789556	0.34047123189441836	1.807925771422965	345.89721932707283	19.9999999775467	3.7033483102743796	0.009942645605878207	0.3123574235760654	9.99999998877335
10	60	352.85795618389915	6.126265861976692	4.880546827657766	0.01077645076741901	0.103703034865201	3.063132930988346	421.87681204412985	19.99999999999663	5.381840728063407	0.011883328588386751	0.3733257779346309	9.999999999998314	341.781357729546	19.99999997975517	3.524806091490284	0.00778291872836575	0.24450760275770184	9.999999989877585
11	60	359.99999999999994	19.999999999999996	1.0460726002779381	0.002444142179973173	0.0767849911693266	9.999999999999998	423.9999999995323	19.999999999999996	5.5750366465518155	0.013026038746367175	0.40922507630963106	9.999999999999998	340.00000000000006	19.999999999999996	1.5286951028347122	0.0035717866811194672	0.11221098797594785	9.999999999999998
12	60	355.3574171132117	1.0000000053504297	19.987562236960052	0.04540434180612711	0.07132097371120227	0.5000000026752148	418.00000000000006	19.999999999996966	5.565204344508093	0.012642083976190798	0.39716278145660233	9.999999999998483	340.00000000000006	19.999999999999808	2.498503129726195	0.005675674139790458	0.178306561817351	9.999999999999904
13	60	359.99999999999994	19.999999999999996	2.7040987843772446	0.00622698391816122	0.1956264693131707	9.999999999999998	423.9999999998658	19.999999999999996	3.6674994593574537	0.008445497733006567	0.2653231363392268	9.999999999999998	340.00000000000006	19.999999999999996	0.7878901857837827	0.0018143492184892816	0.056999461758523086	9.999999999999998
14	60	359.99999999999994	19.999999999999996	1.8992087503477253	0.004440479779712996	0.13950178654360368	9.999999999999998	423.9999999999999	19.999999999999996	5.030036273265228	0.01176056837278562	0.36946915201983765	9.999999999999998	340.00000000000006	19.999999999999996	0.6617051567878722	0.0015471118529284337	0.04860395231441659	9.999999999999998
15	60	359.99999999999994	19.999999999999996	1.0905503440537407	0.0024734161215599604	0.07770465916763329	9.999999999999998	423.99999999999807	19.999999999998156	6.345512889296589	0.014391902185470564	0.45213494177053043	9.999999999999078	340.00000000000006	19.999999999999996	1.4183181760814296	0.0032168079734689013	0.10105900297458968	9.999999999999998
16	60	359.99999999999994	19.999999999999996	1.8725788916784425	0.004197604138398286	0.13187162323870164	9.999999999999998	423.99999999910426	19.999999999999996	4.157239884314247	0.00931893840107884	0.29276308420085095	9.999999999999998	340.00000000000006	19.999999999999996	0.754684272239537	0.0016917128770459098	0.05314672746510682	9.999999999999998
17	60	359.99999999999994	19.999999999999996	1.2473730406675272	0.0028095163590282257	0.08826355953663416	9.999999999999998	423.99999999999966	19.999999999999996	4.415996296515135	0.009946354003151992	0.3124739266630572	9.999999999999998	340.00000000000006	19.999999999999996	2.1934472428735994	0.004940403320101323	0.15520734776200937	9.999999999999998
18	60	359.99999999999994	19.999999999999996	1.7009934041456647	0.003962291832863161	0.12447906913501741	9.999999999999998	423.99999999994554	19.999999999999996	3.7545424156526512	0.008745826240961053	0.27475823468176075	9.999999999999998	340.00000000000006	19.999999999999996	1.2195639386752832	0.002840850659438355	0.08924795561637253	9.999999999999998
19	60	359.99999999999994	19.999999999999996	2.2683737557801993	0.005063361437454375	0.15907019094376518	9.999999999999998	423.99999999994617	19.999999999999996	3.32661622229857	0.00742552247145151	0.23327966845377984	9.999999999999998	340.00000000000006	19.99999999999998	0.955777489304425	0.002133443340101806	0.06702409924113897	9.99999999999999
20	60	359.99999999999994	19.999999999999996	1.3773406018143544	0.0031226350782366887	0.09810047421630168	9.999999999999998	418.00000000000006	19.999999999999996	3.9210142191600847	0.00888951979407663	0.27927250079012184	9.999999999999998	340.00001197035687	19.999999999999996	1.806837140126061	0.004096367323366664	0.12869117489493995	9.999999999999998
0	61	359.9999999999997	19.999999999999996	1.3192902855733084	0.0030535458925302667	0.09592997343372371	9.999999999999998	423.99999997865535	19.999999999999996	4.053166184002034	0.009381202217769431	0.29471915969184714	9.999999999999998	340.00000000000006	19.999999999999996	1.595697077484065	0.0036932995792935885	0.11602842825815009	9.999999999999998
1	61	352.1611630763655	19.999999999999996	4.676344970651703	0.011049719565211193	0.3471371781029488	9.999999999999998	423.99999999999875	19.999999999999996	6.1967983378844975	0.014642393635525148	0.4600043627633574	9.999999999999998	340.00000000000006	1.0000305956651871	3.87572128142723e-09	9.157928583426044e-12	1.438568070590004e-11	0.5000152978325936
2	61	359.99999999999466	19.999999999999996	1.7293520107849474	0.003945386299452367	0.12394796613933373	9.999999999999998	423.99999999942827	19.999999999999996	5.781067986934726	0.013189070987058451	0.414346885206171	9.999999999999998	340.00000000000006	19.999999999999996	2.843083255018873	0.006486280209349925	0.20377250254818585	9.999999999999998
3	61	350.8401204946012	19.999999999999986	4.951715184332337	0.011336773746084002	0.35615525116107116	9.999999999999993	418.00000000000006	19.999999999999996	3.4479084401640567	0.007893862314018322	0.24799299854169277	9.999999999999998	349.99999985098947	3.2452312288499905	3.24728754365708	0.00743454799003771	0.03789833171521978	1.6226156144249952
4	61	349.2112352755395	19.999999999999996	7.018530726136666	0.015895320270419455	0.49936621388006674	9.999999999999998	423.99999999999994	19.999999999999996	4.584495600385889	0.010382803565294765	0.3261853940439594	9.999999999999998	349.99999995193264	1.0000000003207656	17.740364500856685	0.040177750366609435	0.06311106271499627	0.5000000001603828
5	61	351.12204361949864	4.4493891601320845	10.82840952281039	0.024897149439219772	0.17400827250632558	2.2246945800660423	423.9999999746543	19.999999999999996	4.166664712679027	0.009580176460464105	0.3009701198828789	9.999999999999998	346.007009632724	19.999999999999996	3.686413632079504	0.008475962319241836	0.2662802095423405	9.999999999999998
6	61	355.08627538020767	1.000000000142795	17.892640036866094	0.04305074345278824	0.06762394969108558	0.5000000000713976	423.99999999999994	19.999999999999996	4.253116347947104	0.010233247882541121	0.32148696370154484	9.999999999999998	349.3399683002906	19.999999994345327	5.66530307131362	0.013631052131093694	0.4282321322363588	9.999999997172663
7	61	351.1496548057042	9.875371764869067	116.03516384055013	0.3000554676378029	4.654519733160327	4.9376858824345335	420.73083583404144	3.8199754133723904	51.10680476287435	0.13215714698063938	0.792996187174647	1.9099877066861952	340.0000000002741	19.999999999999996	10.890327492118477	0.02816131076323336	0.8847136700923307	9.999999999999998
8	61	351.09791410116713	9.418238989392975	44.63220874658409	0.12247006207533688	1.8118386574479777	4.709119494696488	420.16180111570725	4.795239697338751	15.650865042606394	0.042945721646532306	0.3234819875362053	2.3976198486693754	340.0849503332565	1.000000000000065	20.473925031982127	0.05618012059025761	0.08824752706207672	0.5000000000000325
9	61	349.8849967558607	19.999999999999996	3.703726366530432	0.008447002110823422	0.26537039776220334	9.999999999999998	423.9999999998415	19.999999999999996	4.014258188320256	0.009155224774851844	0.28761986894637814	9.999999999999998	345.583345864416	1.0000001405664039	11.885661656174321	0.027107350587642978	0.04258013271754636	0.5000000702832019
10	61	359.99999999999994	19.999999999999996	1.211953850825127	0.0027809786277356186	0.08736702026684441	9.999999999999998	423.99999999999994	19.999999999999996	4.907455759008104	0.01126076671406923	0.3537674198270836	9.999999999999998	340.0000000119883	19.999999999999996	2.045804049937904	0.004694351468530626	0.14747740086904268	9.999999999999998
11	61	355.3503903633071	19.999999999999996	2.777286914466901	0.006322561384912465	0.19862912398711502	9.999999999999998	423.9999999999906	19.999999999999996	5.063460656771988	0.011527091657606129	0.362134264687916	9.999999999999998	340.00000000000006	19.999999999999996	1.1241582969674884	0.00255917377564136	0.08039881532814548	9.999999999999998
12	61	359.99999999999994	19.999999999999954	1.1912899923994174	0.0026951802425262115	0.08467158450020684	9.999999999999977	423.99999992967236	19.999999999999996	4.156854508128176	0.009404487750961277	0.29545069629195136	9.999999999999998	343.7454361620628	19.999999999999996	2.1142642124820497	0.004783321583592485	0.15027247946771644	9.999999999999998
13	61	359.99999999999994	19.999999999999996	0.9586765695712133	0.002151379067900963	0.06758756674804521	9.999999999999998	423.9999999940781	19.999999999999996	5.06265272552055	0.011361167517224489	0.3569216040831544	9.999999999999998	340.00000000000006	19.999999999999996	1.9526928638653727	0.004382064490465767	0.13766661610803949	9.999999999999998
14	61	359.99999999999994	19.999999999999996	1.8344926404749877	0.00429680687387062	0.13498816908846062	9.999999999999998	423.99999998702236	19.999999999999996	3.2430638558636873	0.007596007070744334	0.23863560010066517	9.999999999999998	340.00000000000006	19.999999999999996	0.8537050920109162	0.0019995751559194488	0.06281850620137204	9.999999999999998
15	61	359.99999999999994	19.999999999999996	1.2034891536196315	0.0027933509068558517	0.08775570687876728	9.999999999999998	418.00000000000006	19.999999999999996	3.8667447564257027	0.008974883520517053	0.2819542813488046	9.999999999999998	348.5687408356224	19.999999999999996	1.9453554975359473	0.004515255103758514	0.14185092263051563	9.999999999999998
16	61	352.2299753288818	19.999999999999996	3.1046849119449624	0.007205270561620734	0.22636025063514495	9.999999999999998	423.99999999999994	19.999999999999996	3.658939363704047	0.008491569621967301	0.26677052741818724	9.999999999999998	340.00000000000006	1.0000000000000016	2.401300900700626	0.00557287556712882	0.00875385247053099	0.5000000000000008
17	61	353.2844953493128	19.999999999999996	3.871610609563963	0.008657583002665968	0.2719859915901926	9.999999999999998	423.9999999995807	19.999999999999996	3.533760342530842	0.007902092065099411	0.24825154379706502	9.999999999999998	340.00000000000006	1.0000000000000002	10.336157950858079	0.02311341568471885	0.03630646845723993	0.5000000000000001
18	61	359.99999999999994	19.999999999999996	0.604652566951594	0.0013564071933282718	0.04261278873836448	9.999999999999998	423.99999999929776	19.999999999999996	3.680839127671238	0.008257166087011958	0.25940652318427543	9.999999999999998	343.97881230287373	19.999999999999996	2.2010143506917523	0.004937499418796073	0.15511611901193612	9.999999999999998
19	61	359.9999998553275	19.999999999999996	2.2435411278884194	0.0051594704116890416	0.16208954341776194	9.999999999999998	421.8566713702832	19.999999999999996	4.4806432418513715	0.010304133026268446	0.323713886169369	9.999999999999998	347.60941229260305	1.000000003274509	23.651372953308968	0.054391050572481	0.08543726272953371	0.5000000016372546
20	61	359.99999999999994	19.999999999999996	2.20768824220849	0.005095453922616034	0.16007840609995821	9.999999999999998	423.9999999997848	19.999999999999996	5.824005743853385	0.013442094017391382	0.4222958381390006	9.999999999999998	340.00000000000006	19.999999999999996	0.8900905702059356	0.002054373167699763	0.06454003651377566	9.999999999999998
0	62	359.99999999999994	19.999999999999996	1.7974344226110675	0.004263839751128465	0.13395247638229316	9.999999999999998	423.99999999995975	19.999999999999996	3.5589352430957053	0.008442438494729471	0.2652270275342577	9.999999999999998	342.1458305321195	19.999999999999996	1.7485840771612986	0.004147957890758557	0.13031194037006893	9.999999999999998
1	62	359.99999999999994	19.999999999999996	0.4683884112805101	0.0010931446918655116	0.034342153332753686	9.999999999999998	423.99999999999557	19.999999999999996	4.261536089487837	0.0099457532321974	0.31245505288688286	9.999999999999998	340.00000000000006	19.999999999999996	3.8082178746704	0.008887780002460812	0.27921784362453156	9.999999999999998
2	62	359.99999999999994	19.999999999999996	0.8514865134534342	0.0020205976810773246	0.06347894830733093	9.999999999999998	423.9999999999999	19.999999999999996	4.138019339253274	0.009819617984596003	0.30849239721465005	9.999999999999998	340.00000000000006	19.999999999999996	1.2060130583216766	0.0028618975761699117	0.08990916400621828	9.999999999999998
3	62	354.82303204446947	2.7280303446295577	24.630773284571276	0.055351173433690656	0.23718974385039207	1.3640151723147789	420.5964788197693	19.999999999999996	7.011243806939886	0.015755923188449504	0.4949869253935802	9.999999999999998	348.9582797147921	8.037330528340078	30.073738893890912	0.06758280457065473	0.8532335342750428	4.018665264170039
4	62	352.29030393519724	10.3704649664461	17.20012480051532	0.039131029266420564	0.637440094892435	5.18523248322305	419.602547267029	19.999999999999996	6.247067448414975	0.01421234915376345	0.4464941169171636	9.999999999999998	349.6080223842296	1.0000000148384265	16.640841825502587	0.03785863626245944	0.05946820766094997	0.5000000074192132
5	62	352.35611900858197	7.656090313049504	16.32712114637128	0.04043226581315715	0.48624483885495867	3.828045156524752	419.21096562322003	19.999999999999996	5.994496043170543	0.01484469033215065	0.46635970092299894	9.999999999999998	346.72010609803465	4.41747906509706	9.322916946545371	0.023087147621274718	0.1602007912988597	2.20873953254853
6	62	352.88764924147574	6.8427341085531985	106.20512523779198	0.28828964002690616	3.098693189528541	3.4213670542765993	420.33309664996165	4.219443961027108	84.75753053671588	0.23007098681245647	1.5248845198493892	2.109721980513554	347.72261111296103	13.173880449717142	79.36855403854027	0.2154428218223579	4.458262375172791	6.586940224858571
7	62	351.6404189039921	9.334367258773279	79.1140482421036	0.21026717134220504	3.0830192290010894	4.667183629386639	420.7887274439382	4.462768278057741	28.757919438212927	0.07643201818538699	0.5357960920961292	2.2313841390288705	343.9929790106835	5.855087239562079	17.25115017589334	0.04584963897668733	0.4216859855177829	2.9275436197810394
8	62	351.80725717146925	5.538906767676967	10.227058756828828	0.02477058898356355	0.21551637086317965	2.7694533838384836	418.8434379267781	19.999999999999996	5.2300335947550725	0.012667475138871502	0.39796046835810045	9.999999999999998	349.99999999999994	19.999999999999996	3.501823455999424	0.008481639891199814	0.2664585757258746	9.999999999999998
9	62	359.99999999999994	19.999999999999996	1.6495737846348075	0.003776477183034018	0.11864152974669144	9.999999999999998	423.9999999034951	19.999999999999996	3.799225854595447	0.008697816300620345	0.2732499579230242	9.999999999999998	341.0311082179429	19.999999999999996	1.7101633008982047	0.00391518872648307	0.12299928140536787	9.999999999999998
10	62	358.15319541694606	19.999999999999996	1.8344358899921627	0.00431212472675668	0.13546939362941676	9.999999999999998	418.69924567438136	19.999999999997772	4.30944006090385	0.010130004077263608	0.3182434638996246	9.999999999998886	340.00000000000006	19.9999991977838	2.2718342081751404	0.005340296991357686	0.16777037123096405	9.9999995988919
11	62	359.99999999999994	19.999999999999996	1.8720932605145622	0.004235624518188956	0.13306606869707227	9.999999999999998	423.99999993298513	19.999999999999996	3.948727845157466	0.008934025258980578	0.28067068120599026	9.999999999999998	340.00000000000006	19.999999999999996	1.6753780859841811	0.003790555015555478	0.1190837978989703	9.999999999999998
12	62	359.99999999999994	19.999999999999996	1.0341878257378536	0.002504821497203302	0.07869128814167678	9.999999999999998	423.9999999999607	19.999999999999996	3.865261617609573	0.009361733092531504	0.29410751908365423	9.999999999999998	340.00000000000006	19.999999999999993	2.2226057902831604	0.005383191161951444	0.16911793807256154	9.999999999999996
13	62	359.99999999999994	19.999999999999996	1.0057967109486854	0.002292272189627619	0.07201385470962315	9.999999999999998	423.99999999999807	19.999999999999996	3.7305964264044205	0.008502257310928232	0.26710629106942235	9.999999999999998	340.00000000000006	19.999999999999996	1.6327351564172237	0.0037211032322350163	0.11690190577638758	9.999999999999998
14	62	359.99999999999994	19.999999999999996	1.8860620346489543	0.004290721085955635	0.1347969784224104	9.999999999999998	423.99999999998664	19.999999999999996	4.763411951158784	0.010836585289589484	0.34044136735773534	9.999999999999998	340.00000000000006	19.999999999999996	0.6998717126312516	0.001592182155031673	0.050019877614242675	9.999999999999998
15	62	359.99999999999994	19.999999999999996	1.937771148133185	0.004425250029064696	0.13902332981607665	9.999999999999998	423.99999999999153	19.999999999999996	3.8032937274742022	0.008685507416219417	0.2728632629149458	9.999999999999998	340.00000000000006	19.999999999999996	1.2121693227604868	0.0027682073478825964	0.08696579867721248	9.999999999999998
16	62	359.99999999999994	19.999999999999996	1.537340359717073	0.003456347315470184	0.1085843533453593	9.999999999999998	421.1787323726432	19.999999999999996	3.558267041401623	0.007999924452993563	0.25132503890797914	9.999999999999998	346.182330026594	19.999999999999996	2.786692716006414	0.006265221508776161	0.1968277386508394	9.999999999999998
17	62	359.99999999999994	19.999999999999996	2.2201787367732733	0.004886949513029463	0.15352804688597577	9.999999999999998	423.99999999999767	19.999999999999996	4.016283695984773	0.00884044844101456	0.2777308787673068	9.999999999999998	340.00000000000006	19.999999999999996	0.736377491928419	0.0016208783400995794	0.05092139485619656	9.999999999999998
18	62	359.99999999999994	19.999999999999996	0.9382023806004198	0.0021058783819897183	0.06615812054212458	9.999999999999998	423.9999999998588	19.999999999999996	3.9291065290308245	0.008819227781883725	0.2770642120990091	9.999999999999998	340.0000000000001	19.999999999999996	2.5116318594977884	0.005637580276707585	0.1771098078132726	9.999999999999998
19	62	359.99999999999994	19.999999999999996	2.9022160591560167	0.006540549600364499	0.20547742574944763	9.999999999999998	423.99999838377835	19.999999999999996	4.32765349092786	0.009752972119806818	0.3063986556225116	9.999999999999998	341.1421203785501	1.0000633223834052	3.653789265390649	0.008234324885693225	0.012935266324112783	0.5000316611917026
20	62	359.99999999999994	19.99999999991777	1.319722849257846	0.002989684686439192	0.09392371447428653	9.999999999958884	419.3090596587243	19.999999999999996	5.009083063951304	0.011347518107926014	0.35649279524337507	9.999999999999998	341.255928301045	19.999999999998145	2.214838053748581	0.0050174681873233085	0.1576284119691394	9.999999999999073
0	63	359.99999999999994	19.999999997266674	0.394197780618645	0.0009010815260054358	0.02830831101997278	9.999999998633337	423.9999999999635	19.99999999998266	4.04981723426287	0.00925732125575569	0.290827324489775	9.99999999999133	348.9612739594614	19.999999999999996	1.7461881090031024	0.00399154415198308	0.12539805784349342	9.999999999999998
1	63	359.99999999999994	19.999999999999996	0.6430703415369057	0.0015556210606601215	0.048871276959393986	9.999999999999998	422.01623210643805	19.999999999957083	4.2368213999864235	0.010249094343742382	0.32198479496180676	9.999999999978542	340.00000000000006	19.999999999999996	2.1295856126402937	0.005151579874737398	0.1618416548885603	9.999999999999998
2	63	351.71467892845766	1.8183885167653742	9.922179366664972	0.023724264695097634	0.0677640443522997	0.9091942583826871	418.00000000000006	7.860706177513698	21.004687585154354	0.05022291471389998	0.6201308741575633	3.930353088756849	349.99999999999994	19.999999999999996	4.415511589219248	0.010557636768676826	0.3316779411174459	9.999999999999998
3	63	348.00000000000006	1.0000000000000002	17.66350974529786	0.04581705709278167	0.07196926498589354	0.5000000000000001	419.2660427870982	19.999999999999996	5.134565533252661	0.013318456273747713	0.41841164386762697	9.999999999999998	347.79673772592105	19.999999999999996	3.3343138218826778	0.008648816058944213	0.2717105699302856	9.999999999999998
4	63	353.7414708565832	5.231234491084521	37.35216901579858	0.10222463751473249	0.8400006924335875	2.6156172455422606	418.00000000000006	6.694329041930329	63.39652252089392	0.1735022812638234	1.8244506544087407	3.3471645209651646	348.57578607104324	11.634933641188356	61.14647657764414	0.16734440243105955	3.05840487842323	5.817466820594178
5	63	350.93283436562433	8.58440557361336	221.05467082414177	0.6752001981773212	9.10463764419737	4.29220278680668	420.5359385028021	3.793500031735303	169.38845968963378	0.517388395933868	3.083022208209619	1.8967500158676516	340.0000000000327	19.999999999999996	24.701190802468467	0.07544852530309472	2.370285328163859	9.999999999999998
6	63	351.0047546377547	9.11515793030437	404.98786601748657	0.9980193932157936	14.289698155048615	4.557578965152185	419.79959729202056	4.314515916645214	288.7811925490312	0.7116490511038497	4.823006276783021	2.157257958322607	340.00000000000017	19.999999999999996	56.252045982091154	0.1386229996228319	4.354969972336693	9.999999999999998
7	63	355.2097266075131	1.0000000000000229	71.60402876608822	0.17506321239653996	0.27498865098940606	0.5000000000000114	419.67934636091167	4.04539059630732	26.926280224338576	0.06583150690250827	0.4183253026743549	2.02269529815366	349.2347945922631	8.543430613599158	55.67867838720373	0.1361276518713709	1.8268316487093488	4.271715306799579
8	63	354.091860795797	19.999999999999996	5.074927922400579	0.011511241600650658	0.3616363204630131	9.999999999999998	423.9999999990189	19.999999999999996	4.187638090928582	0.009498640086688001	0.29840857915432534	9.999999999999998	340.00000000000006	19.999999999999996	0.2178934224558987	0.0004942383157820361	0.015526954619834365	9.999999999999998
9	63	359.99999741152493	19.999999999999996	1.9226340252844554	0.00427118796563116	0.13418332734927985	9.999999999999998	423.99999999999966	19.999999999999996	5.048426797925822	0.011215228431984291	0.35233679250253214	9.999999999999998	344.9510294862123	19.999999999689717	0.8628975071771021	0.0019169521602961745	0.06022282823976115	9.999999999844858
10	63	359.9999999999525	19.999999999999996	1.8903293672610113	0.004368986682980332	0.13725576466882647	9.999999999999998	423.9999999999922	19.999999999999996	4.042049153194636	0.009342106845563754	0.29349094235073997	9.999999999999998	340.00000000000006	19.999999999999996	1.8404741949215382	0.004253759893511123	0.13363580831589442	9.999999999999998
11	63	359.99999999999994	19.999999999999996	1.0992630545667583	0.002414969482461773	0.0758685038474545	9.999999999999998	423.99999999947187	19.999999999999996	3.742182009489375	0.008221194474962208	0.2582764416627426	9.999999999999998	340.00000000000006	19.999999999999996	1.5538869093281502	0.0034137319994833244	0.10724555370901205	9.999999999999998
12	63	359.99999999999994	19.999999999999996	1.1365263768687948	0.002605259590548932	0.08184664390362877	9.999999999999998	423.9999999992465	19.999999999999996	4.971731148984819	0.011396700086459032	0.35803789266785846	9.999999999999998	340.00000000000006	19.999999999999996	1.446551933569343	0.0033159312224160555	0.104173051681513	9.999999999999998
13	63	359.99999999999994	19.99999999992694	0.783031558867649	0.0016910588057037403	0.053126179207677926	9.99999999996347	423.9999999998951	19.999999999999996	4.317996388625204	0.009325276527220804	0.2929622023061021	9.999999999999998	349.99999907575835	19.999999999999996	2.1993370313068397	0.004749755244705774	0.14921796183117247	9.999999999999998
14	63	359.99999999999994	19.999999999999996	1.0180502813661187	0.0023598459482079654	0.07413674694493783	9.999999999999998	423.99999999999926	19.999999999999996	4.224902037248271	0.009793345315711754	0.3076670169790805	9.999999999999998	340.00000000000006	19.999999999999996	1.5084308732004459	0.003496550759258346	0.1098473817818983	9.999999999999998
15	63	359.99999999999994	19.999999999999996	1.5972002577516051	0.003554033169770641	0.1116532449676589	9.999999999999998	423.9126853313514	19.999999999999996	4.208467670796063	0.009364532483216453	0.29419546453575784	9.999999999999998	340.00000000000006	19.999999999999996	1.8078366381523772	0.0040227337469660104	0.12637790786816158	9.999999999999998
16	63	359.99999999993724	19.999999999999996	1.5251065208440446	0.003515516326808151	0.1104432026587546	9.999999999999998	423.9999999980041	19.999999999999996	4.860239095201679	0.011203315740802603	0.3519625442715234	9.999999999999998	340.00000000000006	19.99999999982375	1.1181430317695387	0.0025774265798280864	0.08097224408283626	9.999999999911875
17	63	359.99999999999994	19.99999999999998	1.524508617984766	0.003440616388996897	0.10809015171493282	9.99999999999999	423.9999999888834	19.999999999999996	4.272955040748726	0.009643500187018213	0.3029594934242821	9.999999999999998	340.00000000000006	19.999999999999996	1.891056400250291	0.004267866751595919	0.1340789883331387	9.999999999999998
18	63	359.99999999999994	19.999999999999996	0.5845421833541677	0.0013506840863589619	0.042432992030259555	9.999999999999998	423.9999960898274	19.999999999999996	3.749992644620226	0.008664995501244836	0.2722188621009938	9.999999999999998	347.21281624531974	19.999999999999996	2.2713067463122885	0.005248240357745067	0.16487833352165365	9.999999999999998
19	63	359.99999999999994	19.999999999999993	0.9018422825375652	0.002103775750596338	0.06609206442873806	9.999999999999996	418.0000000001764	19.999999999999996	3.845323686221741	0.008970192328424182	0.28180690320264923	9.999999999999998	340.0000000000004	19.999999999999996	1.3702153032328988	0.003196374558893349	0.10041706832340658	9.999999999999998
20	63	359.99999999999994	19.999999999999996	1.0103417010837834	0.0022524767245380205	0.07076364330190643	9.999999999999998	423.9999999999966	19.999999999999996	4.762107592606449	0.010616741346601415	0.3335347661954601	9.999999999999998	340.00000000000006	19.999999999999996	1.1006400967352983	0.002453789838952661	0.0770880813150696	9.999999999999998
0	64	354.67427752445667	19.999999999963695	4.0969692747772655	0.009619631924946656	0.30220964985595394	9.999999999981847	423.999999955839	19.999999999999996	5.022273930070768	0.011792235526629037	0.3704640049985834	9.999999999999998	340.00000000000006	19.999999999999996	0.003132278520679755	7.354550262521499e-06	0.0002310500107519442	9.999999999999998
1	64	359.9999999999925	19.999999999999996	1.2687467980616483	0.0028193443666938833	0.0885723155034527	9.999999999999998	419.6618081063304	19.999999999999996	4.3077665238362375	0.009572498863102599	0.30072892104819765	9.999999999999998	340.4714852595128	19.999999999999513	1.9903660058344743	0.004422889732436406	0.13894917891059602	9.999999999999757
2	64	359.99999999999994	19.999999999999996	2.639424007533243	0.006017082156402377	0.18903221098599934	9.999999999999998	422.51607953591287	19.999999999999684	4.21133971589773	0.009600570801339024	0.3016108269975487	9.999999999999842	340.00000000000006	19.99999999536744	1.3368554192809472	0.003047622839713029	0.09574389521937218	9.99999999768372
3	64	353.88433878874474	19.999999999999996	1.7873636632438703	0.00413828995895601	0.13000821333480606	9.999999999999998	423.99999969536566	19.999999999999996	3.793425393458218	0.008782932392899944	0.2759239588251028	9.999999999999998	340.00000000000006	19.999999999999996	1.3048323249831022	0.0030210832969485317	0.09491013091576336	9.999999999999998
4	64	355.6718125329338	1.8499236594176243	24.155703025849913	0.06442275740287329	0.18720308148972292	0.9249618297088121	418.00000000000006	11.5245825689	49.89026174671262	0.13305629009575182	2.4086876783880573	5.76229128445	349.6398785025025	8.492028992569892	79.4326750086067	0.21184529162593868	2.825856871734362	4.246014496284946
5	64	350.1016234174772	9.985907494854516	393.22907418959363	0.9396621140196324	14.739377182902773	4.992953747427258	418.96702624488285	5.775100760682853	432.4537144186183	1.033393505665139	9.374436484208971	2.8875503803414264	340.0000000000003	19.999999999999996	62.47662714334757	0.1492944530089071	4.69022356794489	9.999999999999998
6	64	353.42834751452017	3.29579149614143	132.29601522902203	0.3665154362359795	1.8974567086704277	1.647895748070715	418.5020529718706	5.713272316072368	199.0453065547456	0.5514389623628888	4.948826747800835	2.856636158036184	349.0149808904293	10.022168157178731	236.69283225998234	0.6557383948376555	10.32314851884124	5.0110840785893656
7	64	354.2062668516337	3.8359039539650173	26.460399146739334	0.06305500990275882	0.37993315995161947	1.9179519769825086	418.95777502840116	19.999999999999996	9.653506368709404	0.023004261436106344	0.7227001872893065	9.999999999999998	347.789322962068	6.564121103033073	32.02435414771802	0.07631388917134493	0.7868646751281164	3.2820605515165364
8	64	355.18385191121257	19.999999999999996	1.550276462293919	0.003531911344709765	0.11095826733670643	9.999999999999998	423.999999893172	19.999999999999996	3.7939415274231494	0.008643532587757768	0.2715445847876377	9.999999999999998	340.00000000000006	19.999999999999996	1.7000654201616001	0.0038731674577144755	0.12167914431278849	9.999999999999998
9	64	359.99999999999994	19.999999999999996	2.558195870392162	0.005508479066173164	0.17305397366742772	9.999999999999998	423.9999999994559	19.999999999999996	3.3847754074252956	0.007288325609188705	0.22896950190797583	9.999999999999998	340.00000000000006	19.999999999999996	1.1065339301034631	0.0023826631340198574	0.07485356997816014	9.999999999999998
10	64	359.99999999999994	19.999999999999996	0.8536216111470891	0.0019051419117630463	0.05985179834040799	9.999999999999998	423.9999999999999	19.999999999999996	3.84985647552052	0.008592241374876205	0.26993322381181345	9.999999999999998	340.00000000000006	19.999999999999996	2.907954826310066	0.006490073054350444	0.2038916582880842	9.999999999999998
11	64	359.99999999137384	19.999999999999996	2.1379659106324818	0.0048422909509888154	0.15212505678170793	9.999999999999998	418.00000000095866	19.999999999999996	3.44409884029217	0.007800558730014613	0.2450617800010963	9.999999999999998	340.00000000000085	19.99999999890706	1.3661655658975718	0.0030942360326696124	0.09720829188176468	9.99999999945353
12	64	359.99999999999994	19.999999999999996	1.7128806085825004	0.003913783791545951	0.12295514407259563	9.999999999999998	423.9999999999995	19.999999999999996	3.759280657968273	0.008589630610159235	0.26985120421926256	9.999999999999998	340.00000000000045	19.999999999999996	2.027967366419044	0.004633729734989114	0.14557291294162378	9.999999999999998
13	64	357.96778362474873	19.999999999999996	3.9881966310504677	0.009557544209881506	0.30025910676123396	9.999999999999998	418.0221903701547	19.999999999999996	3.684918720507012	0.008830751549927802	0.27742624194929855	9.999999999999998	340.00000000000006	19.999999999999996	0.4331331986387445	0.0010379853547157775	0.03260927164908881	9.999999999999998
14	64	357.48620965218845	19.999999999999616	3.1323313986187498	0.00729883196651462	0.2292995688578823	9.999999999999808	423.9999999997372	19.999999999999996	4.941584034209024	0.011514679299261804	0.36174431895003345	9.999999999999998	340.22375702876025	1.000000211566232	16.466911912001077	0.03837053228342733	0.06027230391955418	0.500000105783116
15	64	359.99999999999994	19.999999999999996	2.820671396710553	0.006294900834990036	0.1977601421828095	9.999999999999998	423.99999999998744	19.999999999999996	4.2148956587509625	0.009406395311630115	0.2955106240777864	9.999999999999998	340.57068952037855	1.6434963957917295	10.03266791046274	0.02238993513402524	0.05780181403717732	0.8217481978958647
16	64	359.99999999999994	19.999999999999996	2.204582632836361	0.0051755082875170775	0.16259338814656737	9.999999999999998	423.9999999974467	19.999999999999996	3.977514587593639	0.009337667549946157	0.29335147776574644	9.999999999999998	340.00000000000006	19.999999999999996	1.464406144963447	0.003437859859123649	0.10800355277494095	9.999999999999998
17	64	359.9999999992979	19.999999999999964	2.0551488097754174	0.0048137389257882635	0.15122806845555603	9.999999999999982	423.99999999993054	19.999999999999996	4.319692112847693	0.010117938891883844	0.3178644249221273	9.999999999999998	340.00000000000006	19.999999999999996	1.1621756820845865	0.0027221436680618986	0.08551866549599231	9.999999999999998
18	64	359.99999999999994	19.999999999999996	0.9523981727837447	0.0021871116654685785	0.06871013940816621	9.999999999999998	423.9999999999869	19.999999999999996	4.50623857720904	0.010348242196634584	0.3250996166251511	9.999999999999998	340.00000000000006	19.999999999999996	2.7327294872636023	0.006275510297016607	0.1971509704663447	9.999999999999998
19	64	359.99999999999994	19.999999999999996	2.7413976728594163	0.005974396942803655	0.1876912154514128	9.999999999999998	423.99999999999994	19.999999999999996	4.673444473707742	0.010184955160831937	0.31996980310411055	9.999999999999998	340.00000000000006	19.999999999999996	0.6442691127932765	0.0014040718922038583	0.044110219416595604	9.999999999999998
20	64	359.99999999999994	19.999999999999996	0.9930824833172673	0.002220240329644848	0.06975090708816033	9.999999999999998	423.9999976901569	19.999999999999996	4.567613200585258	0.01021183960901432	0.3208144029531665	9.999999999999998	342.49923963005665	19.999999999999996	2.288162698680815	0.00511565875921014	0.16071315976206849	9.999999999999998
0	65	359.99999999999994	19.999999999999996	2.731190966280894	0.006422149667354976	0.20175778215216522	9.999999999999998	419.7971315327959	19.999999999999996	3.654519473578643	0.008593273524752705	0.2699656497565076	9.999999999999998	340.00000000000006	19.999999999999996	0.26942326134549216	0.000633524542805511	0.019902760495466253	9.999999999999998
1	65	359.99999999999994	19.999999999999996	0.8116933285293012	0.0019023009153439476	0.05976254580561683	9.999999999999998	423.9999999999273	19.999999999999996	3.4691910421087955	0.00813046635096047	0.2554261335843642	9.999999999999998	340.00000000000006	19.999999999999996	2.4627057194864133	0.005771646975206921	0.18132163736423812	9.999999999999998
2	65	359.99999999999994	19.999999999999996	2.2033936816949837	0.005262260396246627	0.16531878602124914	9.999999999999998	423.9999999994023	19.999999999999996	3.2417116619956796	0.007742025874308622	0.24322291610630056	9.999999999999998	340.00000000000006	19.999999999999996	1.0926891273568602	0.0026096175041566035	0.08198355179737715	9.999999999999998
3	65	353.3296888686113	3.654501007696621	5.571944604340743	0.013663817299805226	0.07843682565091428	1.8272505038483104	423.99997327304806	19.999999999999996	4.7591709660077	0.011670690790322518	0.36664556449195274	9.999999999999998	349.86331036354886	19.999999999999996	3.7562404941770637	0.009211251634946589	0.2893800046671517	9.999999999999998
4	65	353.6204033466577	3.933970702668337	194.45467859008676	0.43884991678170104	2.7118584599832705	1.9669853513341684	419.60822469014215	4.378747373773331	464.08393544207985	1.0473555993877937	7.203837799712726	2.1893736868866656	348.9234667498071	11.38190999489025	331.26110438011153	0.7475978934745849	13.366050357267515	5.690954997445125
5	65	351.1524652207569	8.602415625884051	340.824045649075	0.9414886143322929	12.721999408538114	4.3012078129420255	420.09311429275596	4.219693633689708	222.76223604511304	0.6153559633395715	4.078751169320758	2.109846816844854	340.00000000000045	19.999999999999996	40.94151818824355	0.11309640185246243	3.55302825207135	9.999999999999998
6	65	351.6390790221999	5.50648831492691	107.92926607975123	0.272155561551746	2.3540290210492603	2.753244157463455	418.00000000000006	9.787898193072548	116.24534117839382	0.2931254631417854	4.506743766941062	4.893949096536274	347.3616209325621	8.491278899453382	53.62126763640667	0.13521194699794772	1.8034663740144754	4.245639449726691
7	65	351.85319038779653	5.976861322240478	67.4433127251763	0.1597250799186321	1.499568021280728	2.988430661120239	418.00000000000006	9.89580436727172	79.94349666115271	0.18932909546139348	2.942986961826054	4.94790218363586	345.76579174700527	12.434353430373235	19.20843330417675	0.04549107125154678	0.8885241747430662	6.217176715186618
8	65	352.42293961077615	7.859785279522188	119.2463128491639	0.28288890407540823	3.492580878729368	3.929892639761094	418.0529869607383	5.660945381506654	60.73232188807333	0.14407573341578966	1.2811491145398666	2.830472690753327	345.6659270135754	14.200942033200542	45.78094501355976	0.10860647220853045	2.422661505670643	7.100471016600271
9	65	350.67358060725223	19.999999999999996	6.927889079190302	0.016414217253278365	0.5156678433732613	9.999999999999998	423.99999999999994	19.999999999999996	4.033329099250704	0.009556148970099878	0.3002152740107544	9.999999999999998	349.7199488563711	1.0000008043118354	16.170669730762707	0.03831309697048058	0.06018212039452035	0.5000004021559177
10	65	353.41720016825406	19.999999999999996	2.1656698919417927	0.004843204965853228	0.15215377140554104	9.999999999999998	423.9999707444764	19.999999999999996	4.027843970754297	0.009007685794323962	0.28298479517293296	9.999999999999998	340.00000000000017	19.999999999643247	2.112569588916269	0.0047244538799843935	0.14842309601318013	9.999999999821624
11	65	359.9999987536682	19.999999999999996	1.5541336335070537	0.003540618687021256	0.11123181656308714	9.999999999999998	423.99999997290956	19.99999999999935	4.118076363440501	0.00938177889765861	0.29473727662487076	9.999999999999675	344.8895309964906	19.999999955491415	1.7697087996230991	0.004031740843541214	0.1266608738705951	9.999999977745707
12	65	359.9999999121675	19.999999999999996	1.7578396537371221	0.0038866081459622876	0.12210139598737366	9.999999999999998	418.00000000000006	19.999999999999996	3.5203114998245386	0.007783458134224606	0.24452454894003736	9.999999999999998	340.00000000000006	19.99999999999973	0.9405610814514723	0.0020795937520084354	0.06533236453760846	9.999999999999865
13	65	359.99999999999994	19.999999999999996	1.8071059772568692	0.004030211087556023	0.1266128154508213	9.999999999999998	423.99999999947323	19.999999999999996	3.9556252322505423	0.008821842697588756	0.2771463620986959	9.999999999999998	340.00000000000006	19.999999999999996	1.2950884239709175	0.002888308594704587	0.09073889062424187	9.999999999999998
14	65	352.2489120378722	19.999999999999996	3.9375351082849375	0.008656588250892711	0.2719547405415625	9.999999999999998	423.9999999255501	19.999999999999996	3.7409756841999013	0.008224456484611675	0.2583789207182497	9.999999999999998	349.99999999999994	1.0000000000000102	1.4541157969748153	0.003196843044534138	0.005021589311694089	0.5000000000000051
15	65	357.8344544541108	19.999999999999996	4.601199565439567	0.010692903399723494	0.33592746766116643	9.999999999999998	423.99999999505053	19.999999999999996	4.322132358708871	0.010044368459831808	0.31555314163356624	9.999999999999998	340.00000000000006	19.999999999999996	0.25943288038560197	0.0006029059790216345	0.018940849944997284	9.999999999999998
16	65	359.99999999999994	19.999999999999996	1.2150357733236117	0.0029905994323150237	0.09395245206390682	9.999999999999998	423.9999999999951	19.999999999999996	3.6985891458101228	0.009103434518285812	0.2859928300508244	9.999999999999998	340.00000000000006	19.999999999999996	1.1864396717911703	0.0029202150972304592	0.09174126296361212	9.999999999999998
17	65	359.99999999999994	19.999999999999996	1.717984262942899	0.003814530819479957	0.11983701999370083	9.999999999999998	423.9999999997019	19.999999999999726	4.042226772535641	0.008975168711237894	0.2819632408795355	9.999999999999863	340.00000000000006	19.999999999999996	2.521080264340588	0.005597687111659814	0.17585652707084734	9.999999999999998
18	65	359.99999999999994	19.999999999999996	0.9585040522212697	0.002200828829926197	0.06914107683904759	9.999999999999998	423.9999999999981	19.999999999999996	5.457417170528432	0.012530819267794327	0.3936672975516408	9.999999999999998	343.4822891112651	19.999999999999996	1.8615444893508613	0.004274307209092363	0.13428132127270456	9.999999999999998
19	65	359.99999999999994	19.999999999999996	1.5833066070146502	0.0036582807110948205	0.11492827806744729	9.999999999999998	418.00000000016865	19.999999999999996	3.668482072263187	0.008476145520078282	0.2662859649663596	9.999999999999998	340.00000000000006	19.999999999999996	1.829412730747803	0.004226916805548367	0.13279250783645985	9.999999999999998
20	65	358.40893190693095	19.999999999999932	1.6169766016858051	0.0036991582349548773	0.11621248335400389	9.999999999999966	423.9999998482181	19.999999999999996	4.133199396630343	0.009455522466321092	0.29705399916047576	9.999999999999998	340.00000000000006	19.999999999999996	1.8104122018583995	0.004141680960741932	0.13011474479779567	9.999999999999998
0	66	359.99999999999994	19.999999999999996	1.4110812928714132	0.0033090685307604305	0.10395745386462137	9.999999999999998	423.99954637770384	19.999999999999996	3.925528973566584	0.009205596062140692	0.2892023296073632	9.999999999999998	343.1391652881915	19.999999999999996	1.4349034429331662	0.003364932872171966	0.10571248391038247	9.999999999999998
1	66	358.2956357086128	1.0000044224818505	4.207312094997109	0.010166197078936144	0.015969095651789264	0.5000022112409253	423.9999999999609	19.999999999999996	3.937247182831042	0.00951363481134242	0.2988796523224946	9.999999999999998	340.00000000000006	19.999999999999996	2.8972786885737607	0.007000741916832473	0.2199347937559902	9.999999999999998
2	66	348.0000000000001	19.999999999999996	2.6519849340788912	0.005872189975980915	0.18448028889025261	9.999999999999998	423.99999883738	19.999999999999996	3.5617661096904576	0.007886684037055941	0.24776748631998832	9.999999999999998	349.99999999999994	1.0000000000000002	6.9776858044163	0.015450425871468703	0.024269472206319885	0.5000000000000001
3	66	353.78991848382884	4.865749843537159	97.78010980240167	0.23633546438985767	1.8063360561369062	2.4328749217685797	419.9451826217377	4.698069140958919	173.42019043729698	0.4191582656677427	3.093266339793253	2.3490345704794593	349.3402263981858	10.605610384182988	153.1361929397301	0.37013164892577183	6.1661170917817305	5.302805192091494
4	66	351.3584883162632	9.226240953835878	390.8519441536054	0.9968768936182042	14.447283639381554	4.613120476917939	420.25082339040483	4.4000448200188655	243.37878712956464	0.620743207026078	4.290312759968683	2.2000224100094328	340.0000000003092	19.999999999999996	56.443558060589496	0.1439605959899897	4.522655507685598	9.999999999999998
5	66	352.2343337981208	7.101835533169414	85.75778177322445	0.213980130581	2.3870633001246726	3.550917766584707	420.51958331892826	4.185495853872869	51.0936802493018	0.1274873503668795	0.8381734271264748	2.0927479269364344	347.05484061064925	12.479222881808324	46.79152399137454	0.11675274484401876	2.2886243692257677	6.239611440904162
6	66	353.10103108536043	5.407465096840453	28.495620476422076	0.06883458147190347	0.5846827461557698	2.7037325484202266	420.4992513287122	19.999999999999996	7.288486561319279	0.017606211537914165	0.5531154482505898	9.999999999999998	348.8250310140249	4.714363965049164	33.05885887072116	0.0798576299185235	0.5913701539963206	2.357181982524582
7	66	352.25103554946156	6.963570319715168	49.153611991184306	0.11215361408317281	1.2267755608247608	3.481785159857584	418.49698037640127	19.999999999999996	10.364320233712029	0.02364823101778632	0.7429310883587176	9.999999999999998	345.71832258831716	1.972104128421289	25.34500056109845	0.05782959373111872	0.17914300732119814	0.9860520642106445
8	66	351.6175799714922	10.13214645002026	136.72102602617827	0.3182225271518787	5.064682858980856	5.06607322501013	418.75813205005426	5.596104544814053	67.135216837071	0.1562593478393842	1.3735728680898684	2.7980522724070265	340.00000000000006	19.999999999999996	15.89619149075234	0.03699889018759143	1.162354416043127	9.999999999999998
9	66	353.4171043861758	5.514780988241469	128.8040014948673	0.2804278422534991	2.429233586763676	2.7573904941207346	418.0288652749636	5.081715683418991	146.63569365534198	0.319250416849443	2.548365477572904	2.5408578417094954	348.2130415162278	13.233199580354615	149.739563225374	0.3260080597491868	6.776619116652571	6.6165997901773075
10	66	351.6768864285262	9.217983183347677	200.45364018629516	0.4437400421188113	6.425166832027675	4.608991591673838	418.8264671743016	4.9899356537629185	103.23348375671675	0.22852580969696465	1.7912247390165927	2.4949678268814592	340.00000000000006	19.999999999999996	33.636838784859265	0.07446116840415251	2.3392665963619788	9.999999999999998
11	66	351.3212884655769	8.293040136320005	30.803446094266146	0.07357898070078023	0.9584896144079587	4.146520068160003	420.1711794059711	19.99999999999825	7.249008196959333	0.017315420897766127	0.5439799908623248	9.999999999999124	349.99997717856144	19.999998497791537	5.996285870070138e-07	1.432309232415325e-09	4.499731824248034e-08	9.999999248895769
12	66	349.3936542730009	1.0000000000136764	16.522003520709227	0.03840017150539937	0.06031884834980033	0.5000000000068382	423.999999996514	19.999999999999954	4.8161796790141755	0.011193686373638103	0.35166002878009556	9.999999999999977	349.9999931210772	19.999999999999996	1.8559404429682633	0.004313546551691384	0.13551406157711235	9.999999999999998
13	66	353.3230081094703	1.0000000000000002	8.701415615639126	0.019230421285869527	0.030207075118562254	0.5000000000000001	423.99999999992946	19.999999999999996	4.249761690060353	0.009392116326167087	0.2950620365194727	9.999999999999998	348.76735920980406	19.999999999999996	3.630397515948937	0.008023300661721626	0.2520594241640678	9.999999999999998
14	66	359.9999999997499	19.99999999999888	0.4561571169034483	0.0010143821272824683	0.0318677543900321	9.99999999999944	423.9999999998938	19.999999999999996	3.6233067604675564	0.008057350161343596	0.2531291207427757	9.999999999999998	345.51764285243223	19.999999999999996	3.0689069422124127	0.006824500237123955	0.21439799809370413	9.999999999999998
15	66	359.9999999999999	19.999999999999996	2.240166598825176	0.005005460155960765	0.15725116853802756	9.999999999999998	423.9999999998333	19.999999999999996	3.308588193516654	0.00739275658507497	0.23225029777449085	9.999999999999998	340.00000000000006	19.999999999999996	1.4542724848370967	0.0032494471538767125	0.1020843930684734	9.999999999999998
16	66	353.9122910486376	19.999999982653996	2.587264747131018	0.006289274661579945	0.19758339056091576	9.999999991326998	423.99999999999994	19.999999999999996	3.5916655127058794	0.008730830861812741	0.2742871409520594	9.999999999999998	340.00000000000074	19.999999999999996	1.326625152351558	0.0032248381095716203	0.10131127714046596	9.999999999999998
17	66	359.99999999999994	19.999999999999996	2.455908755968874	0.005742758327499755	0.18041407373014834	9.999999999999998	419.9282111445106	19.999999999999996	4.224907248598225	0.0098792844912635	0.31036687580476985	9.999999999999998	340.00000000000006	3.455486679145106	7.559998316890302	0.01767787308249499	0.09595312241874368	1.727743339572553
18	66	348.00000561206065	19.999999999999996	2.8368813089491525	0.00637540293753087	0.20028919032221765	9.999999999999998	423.9999999945262	19.999999999999996	3.5821663410298012	0.0080503028946901	0.2529077243313106	9.999999999999998	340.00000000000006	1.00000000014732	2.2453099419882805	0.005045948011523215	0.00792615660286636	0.50000000007366
19	66	359.9999999998376	19.999999999999996	1.9037813258267255	0.004507767627254402	0.1416156966187232	9.999999999999998	419.8331836284434	19.999999999999996	3.1907615786221233	0.0075550755516282765	0.2373496985031124	9.999999999999998	340.00000000000006	19.999999999999996	0.9572864505133797	0.0022666599430791142	0.07120922225363602	9.999999999999998
20	66	359.9999999996687	19.999999999999996	1.5102422482657398	0.003435740165181408	0.10793696062577292	9.999999999999998	423.9999999989112	19.999999999999496	5.819847928016909	0.013239919161642416	0.415944327723375	9.999999999999748	340.00000000000006	19.999999999999996	1.2002129302073605	0.002730435978611236	0.08577917611502316	9.999999999999998
0	67	359.999979753515	19.999999999999996	2.5310364657957782	0.005776000761127791	0.18145841558288117	9.999999999999998	423.99999999999795	19.999999999999996	3.952408861319801	0.009019671150448534	0.2833613262404491	9.999999999999998	345.8715214886028	1.0000186669119808	18.773669600422874	0.04284281612162028	0.06729859442687892	0.5000093334559904
1	67	359.99996198014185	19.999999999999996	2.9706163922953714	0.0066224979370065155	0.20805190867313225	9.999999999999998	418.0000000000023	19.999999999999996	5.219184460319214	0.011635308554469096	0.36553399876970577	9.999999999999998	349.9999997154331	19.999999999865064	0.6199167152360435	0.00138200178872451	0.04341686666675582	9.999999999932532
2	67	353.01785435385295	19.999998838947842	1.9630524612635267	0.004423702484769202	0.13897470421033392	9.999999419473921	423.99999999874444	19.999999994988496	4.480687130348464	0.010097145737632438	0.3172111886362303	9.999999997494248	340.00000000000006	19.999999444215227	1.1935784851361029	0.0026897070835616493	0.08449963779207639	9.999999722107614
3	67	353.9035554284841	5.34887241384907	48.51801702365049	0.11464420732948986	0.9632393849656192	2.674436206924535	419.956422144066	11.026379755637551	18.886266836622774	0.044626743295019776	0.7729439772161524	5.513189877818776	349.99999999999847	9.239087602854582	66.58629336931392	0.1573381042884077	2.2834046190263972	4.619543801427291
4	67	353.7527338306236	4.128182389293609	35.72301527927367	0.0863362858741966	0.5598505581713009	2.0640911946468044	420.1472434938797	4.046361095632217	29.288029900229116	0.07078405062926736	0.4499040731838159	2.0231805478161085	349.8338214536623	8.223879505383508	66.08500801651984	0.1597159170217962	2.0632165598536933	4.111939752691754
5	67	352.9910922768995	2.988597040406154	18.386067339490832	0.04110601349344824	0.19297124532048338	1.494298520203077	422.6747062138807	19.999999999999996	5.236085413819186	0.01170639668065414	0.36776729811950976	9.999999999999998	346.13763702335103	19.999999999999996	5.065672009605863	0.011325400812222206	0.3557979599063715	9.999999999999998
6	67	359.99999999999994	19.999999999999996	1.4124998835120086	0.003252156880003425	0.1021695216254026	9.999999999999998	423.19084838281333	19.999999999999996	5.649881579997594	0.013008355941175965	0.4086695546007954	9.999999999999998	340.000034548684	19.999999999999996	0.6833922994955357	0.0015734507269620406	0.04943141244609465	9.999999999999998
7	67	358.99918139950387	1.000000000223934	16.012007684427925	0.037696252670390826	0.059213135241842046	0.500000000111967	418.00000000000006	19.999999997123293	4.110871002496048	0.00967801384183575	0.304043771824783	9.999999998561647	347.53016602603725	19.999999999988706	4.5585683910305175	0.010732004959669294	0.3371558793956724	9.999999999994353
8	67	356.2411271865063	19.99999999999999	1.3966635430573673	0.0032716386799184673	0.10278156042032059	9.999999999999995	423.77532135956903	19.999999999999996	6.3136059570465415	0.0147894155049114	0.4646231910111662	9.999999999999998	346.9669647339861	19.999999999398995	3.51648921248539	0.008237260994082297	0.25878118623933055	9.999999999699497
9	67	353.5840005756947	4.594087300089916	39.609205944806426	0.09250670510140957	0.6675631162052016	2.297043650044958	419.2032017836094	19.999999999999996	7.044032507929843	0.016451232040445615	0.5168306972076495	9.999999999999998	348.946140042645	8.703825799849808	24.65806237352781	0.05758853402763533	0.7873468434402425	4.351912899924904
10	67	351.6670231433969	9.072592305835064	143.83521835596406	0.34604840465625303	4.931603179484747	4.536296152917532	419.0402192758827	5.01229889601205	74.5172372258013	0.17927856164936853	1.411514023970515	2.506149448006025	340.0000000000058	19.999999999999996	21.8161680231745	0.052486798618742204	1.6489214095108737	9.999999999999998
11	67	352.4156495162317	5.845194352431182	152.34815738106343	0.34032954866280846	3.1247731254264166	2.922597176215591	418.5104166260492	4.9030208056036955	210.91939320972054	0.47117144788139054	3.628796201816674	2.4515104028018477	347.5385457238998	12.110782778568877	123.1645707791437	0.27513652613250866	5.2340798182386665	6.055391389284439
12	67	350.52520014727054	9.450747706313253	258.61514467458653	0.5750040924152344	8.536050627683485	4.7253738531566265	419.32611125433266	4.705491482589353	194.23512300695512	0.4318617564346794	3.192049485051375	2.3527457412946764	340.00000000009544	19.999999999999996	35.5594653252426	0.07906280241955753	2.483831192535032	9.999999999999998
13	67	355.22621440292346	1.0025280579618872	58.044218950535615	0.13269330358860743	0.20896108748947798	0.5012640289809436	418.6275757261107	7.717910865214909	20.481953978103796	0.04682323556839476	0.5676505415373329	3.8589554326074547	349.97912223297504	9.032454985587533	52.34392737257199	0.11966202270354816	1.697782381993123	4.5162274927937665
14	67	355.85136310032436	5.906497624888059	7.08786514938724	0.016574057918755995	0.15377253107898367	2.9532488124440297	423.9999999998396	19.999999999999996	4.407776278396941	0.010307015976084896	0.3238044567090093	9.999999999999998	340.00000000000006	19.999999999999996	2.3066819052744756	0.005393877943836267	0.16945367322716032	9.999999999999998
15	67	359.9999996596938	19.999999999999996	1.3106337699805404	0.002955026562358041	0.0928348973946672	9.999999999999998	423.99999999999994	19.999999999999996	4.298173343080389	0.009690896640493548	0.3044484969247253	9.999999999999998	340.00000000000006	19.999999999999996	2.4659075783912963	0.0055597700603841945	0.17466532777351462	9.999999999999998
16	67	349.36365412232095	19.99999999981789	4.2027276549739945	0.009565876068910784	0.3005208598296689	9.999999999908946	423.99999915105326	19.999999999999996	4.227910758342998	0.009623195616032367	0.3023216065138478	9.999999999999998	340.00001212533243	19.99999999620641	0.01506377068484558	3.4286819259197466e-05	0.0010771521947922442	9.999999998103204
17	67	359.99999999999994	19.999999999999996	1.804605885498811	0.004208985427910388	0.13222917699389763	9.999999999999998	423.99999999997	19.999999999999996	4.571137388303647	0.010661524940681613	0.33494168429709703	9.999999999999998	340.00000000000006	19.999999999999996	1.6335800560131564	0.003810092112818248	0.11969757391130219	9.999999999999998
18	67	359.99999999999994	19.999999999999996	3.183288163252691	0.00737198792344132	0.2315978310263592	9.999999999999998	423.9999999980593	19.999999999999996	4.4128154092887	0.010219377020650115	0.3210511977233874	9.999999999999998	340.00000000000006	19.999999999999996	4.343724471874968e-10	1.005937342370499e-12	3.1602453647627994e-11	9.999999999999998
19	67	359.99999999999994	19.999999999999996	2.040388407480082	0.004875002902050658	0.15315273303311266	9.999999999999998	423.99999999999983	19.999999999999996	3.7419327334436825	0.00894042176868934	0.28087163348508687	9.999999999999998	340.00000000000006	19.999999999999996	0.6462221943158094	0.0015439879295088908	0.048505811365764456	9.999999999999998
20	67	359.99999999999994	19.999999999999996	3.025073283704901	0.006793674443951159	0.2134295772399768	9.999999999999998	423.9999999999197	19.999999999999996	4.771056424035526	0.010714783100699614	0.33661483873965964	9.999999999999998	340.00000000318033	19.999999999999996	1.2403163237901578	0.0027854879935433133	0.08750868617178244	9.999999999999998
0	68	359.99999999999994	19.999999999999996	1.2906662654751733	0.0029391753862673935	0.09233691801109584	9.999999999999998	423.99999999999943	19.999999999999996	4.273810693583856	0.009732554055345514	0.3057572032093901	9.999999999999998	340.00000000000006	19.999999999999996	1.647869712560798	0.0037526184951855684	0.11789198696200164	9.999999999999998
1	68	359.99999999999994	19.999999999999996	1.3684305390364349	0.003219804344349589	0.10115313674205167	9.999999999999998	418.0000000000318	19.999999999999996	4.253255701243522	0.010007560335606428	0.31439678030697754	9.999999999999998	340.00000000000006	19.999999999999996	0.9193956585902198	0.002163262256474768	0.06796088812729209	9.999999999999998
2	68	348.2314555824318	19.999999999999996	3.2840935182752826	0.0072987272422761285	0.2292962788489037	9.999999999999998	423.9999999652283	19.999999999999996	4.511644646822117	0.010026895856645218	0.31500422361546543	9.999999999999998	347.6513698223227	1.0000001801180745	16.30606634905248	0.03623938539323145	0.056924703714158774	0.5000000900590372
3	68	357.6367514071402	19.999999999999996	2.2671678596049363	0.005176706646359826	0.16263103569993478	9.999999999999998	423.99999999999994	19.999999999999996	5.334262701078501	0.012179915598712765	0.3826433336625974	9.999999999999998	348.5708461016331	3.1009238251034126	3.38536879476842	0.0077299354196520105	0.037651895133834344	1.5504619125517063
4	68	353.78016976659984	19.999999999999996	3.0811772658730026	0.006891492217437765	0.2165026132257371	9.999999999999998	423.9999992252793	19.999999999999996	5.5446005782329255	0.012401289648898788	0.38959800456019567	9.999999999999998	340.00000000000006	1.0000001841890054	11.84546363083383	0.02649406813687626	0.04161679257661315	0.5000000920945027
5	68	351.50268377166407	19.999999999999996	3.311774773886558	0.007602344883163609	0.23883470835002743	9.999999999999998	423.999999858106	19.999999999999996	4.377559410302436	0.010048906902144729	0.3156957210038564	9.999999999999998	349.9999961566751	19.995966458738984	4.73868748388768e-08	1.0877894484282024e-10	3.416702130385821e-09	9.997983229369492
6	68	352.83658868809044	19.999999999999996	1.9198439115965011	0.004265906791554628	0.13401741437246822	9.999999999999998	418.0000000000005	19.999999999999996	3.654780700608678	0.008120948644936576	0.25512712603112725	9.999999999999998	340.00000000000006	19.999997972379962	0.9428832679678725	0.002095093310540309	0.0658192908569592	9.999998986189981
7	68	359.99999999999994	19.999999999999996	2.192392501547347	0.0048391315497344715	0.15202580126400403	9.999999999999998	423.99999999998477	19.999999999999996	4.234371088435726	0.009346263824963322	0.2936215377101681	9.999999999999998	340.00000000000006	19.999999999999996	0.5247388704361081	0.0011582234574818268	0.03638666305240276	9.999999999999998
8	68	359.99999999999994	19.999999999999996	0.9467183900885894	0.00205107121100936	0.06443630248496524	9.999999999999998	423.9999999999829	19.999999999999996	4.321798645806334	0.009363203329517164	0.29415370794078605	9.999999999999998	340.0151761357095	19.999999999980933	2.267875426036868	0.00491336604971256	0.15435794686159765	9.999999999990466
9	68	354.75363222186485	19.999999999999996	2.9138575106686497	0.006954089324973348	0.2184691593574347	9.999999999999998	423.99999999989075	19.999999999999996	4.362323734820349	0.01041093766778966	0.32706925294109246	9.999999999999998	340.00000000000006	19.999999999999996	0.8357875855857907	0.0019946553685576992	0.06266394652304308	9.999999999999998
10	68	351.1227453001216	19.999999999999996	3.8891423602538806	0.008940318155154793	0.2808683783698974	9.999999999999998	423.99998287850184	19.999999999999996	4.508826647018794	0.01036484165320099	0.32562110393317706	9.999999999999998	349.9999978402432	1.6939276430755115	1.5650507668693393e-11	3.5977216796629404e-14	9.572872960901857e-14	0.8469638215377557
11	68	353.93425904445417	4.678059309182903	18.480530626153485	0.0430907951429928	0.3166431583001144	2.3390296545914513	419.30135169290617	4.567969540382943	21.650471927678534	0.050482103001113464	0.3622267464077644	2.2839847701914713	349.9999999749762	9.650214121386286	21.24223651065585	0.049530226181075415	0.7508049684829593	4.825107060693143
12	68	350.6046865283055	9.66481719392807	126.82455468589956	0.3301505182712512	5.012166671646938	4.832408596964035	419.4146276129163	4.54068335340891	101.5951523572168	0.2644731715215007	1.886351915971516	2.270341676704455	340.00000000000995	19.999999999999996	16.615540274796192	0.04325368416760312	1.3588545642163508	9.999999999999998
13	68	353.3782889968871	3.097173497323352	141.41867613020327	0.3075475361456352	1.4962276062757465	1.548586748661676	418.2461888642507	4.823454639749055	374.819334171007	0.8151311119466849	6.1759752281977045	2.4117273198745277	348.4509054344847	11.965346064433696	207.49948919197675	0.45125550881069887	8.481402181904768	5.982673032216848
14	68	353.4150248087481	5.121678698212089	135.2694038458014	0.31152757420542515	2.5062748754720614	2.5608393491060446	418.8709188050805	4.273616626602487	205.49787194106824	0.47326484578253086	3.177018059305379	2.1368083133012434	348.83626877728113	10.457371130379386	187.6948277039646	0.4322641536306011	7.100543962157211	5.228685565189693
15	68	354.12776078033227	9.587591462455833	13.187979268106048	0.029237985486229127	0.44032854805100424	4.793795731227917	420.17955524334764	19.999999999999996	5.321369819547359	0.011797571893903	0.3706316519208308	9.999999999999998	347.82749180296173	1.0000000070325532	16.1813442823082	0.035874329164133426	0.056351264873545075	0.5000000035162766
16	68	359.99999999999994	19.999999999999996	0.00031333414539795547	7.284787207633277e-07	2.28858339744656e-05	9.999999999999998	418.00000000000006	19.999999999999996	3.5577311120172386	0.00827146178406613	0.25985563575270876	9.999999999999998	340.00000000000006	19.999999999999996	3.2062133795723224	0.0074542090466350784	0.23418088379231333	9.999999999999998
17	68	359.99999999760774	19.999999999999996	1.1711370954573843	0.0025944829436803686	0.08150808555730266	9.999999999999998	423.9999999999939	19.999999999999996	3.485833569325481	0.0077223544324597935	0.2426049195343226	9.999999999999998	340.0000000000003	19.999999994669977	1.7099153774822062	0.003788067425429608	0.11900564791860946	9.999999997334989
18	68	359.99999999999994	19.999999999999996	3.110299278334473	0.007291374566672487	0.22906528773229742	9.999999999999998	421.0002813191472	19.999999999999996	4.743988647900334	0.011121180014035859	0.3493821743134468	9.999999999999998	340.00000000000006	19.999999999999996	0.3727237912840701	0.000873764396594559	0.027450118093097844	9.999999999999998
19	68	359.99999999999994	19.999999999999996	1.4030610155735606	0.0031795324612998214	0.0998879582226979	9.999999999999998	423.9999999999965	19.999999999999996	3.9751548105994075	0.009008256675014365	0.2830027299187634	9.999999999999998	340.00000000002115	19.999999999999996	0.7713050781151217	0.0017478851640888235	0.054911431908200366	9.999999999999998
20	68	359.99999999999994	19.999999999999996	3.107855136584371	0.007098840732007097	0.2230166589267748	9.999999999999998	421.0527092871643	19.999999999999996	4.701251546637581	0.01073841427736579	0.33735723404976103	9.999999999999998	340.00000000000006	19.999999999999996	1.0200667761267939	0.0023299964964565404	0.07319899876157822	9.999999999999998
0	69	359.99999999999994	19.999999995008643	1.4850880959038	0.003579902403085526	0.11246595087295147	9.999999997504322	418.00000000000006	19.999999999970285	3.433352120246462	0.008276320805351926	0.2600082864080734	9.999999999985143	340.00000000000006	19.999999999999996	2.242470755884729	0.005405623053597475	0.16982265673257446	9.999999999999998
1	69	359.99999999999994	19.999999988653975	1.0559904626048175	0.0024386409082791565	0.07661216357847121	9.999999994326988	418.0000000000025	19.999999999999996	3.721811170069499	0.00859492703166426	0.2700175962081676	9.999999999999998	340.0000004214734	19.999999999999996	1.0109481727581455	0.002334622951192959	0.07334434312369921	9.999999999999998
2	69	359.99999999999994	19.999999999999996	1.0635339558655563	0.0023907512730321403	0.07510766635918216	9.999999999999998	423.9999999999999	19.999999999999996	4.750589356796215	0.010678998531053214	0.33549063332852963	9.999999999999998	340.00000000000006	19.999999999999996	2.7074543893358967	0.0060861714779133	0.19120271603500152	9.999999999999998
3	69	359.99999999999994	19.999999999999996	1.1227334711870731	0.0025617897800273605	0.08048099952975366	9.999999999999998	419.1956233115177	19.999999999999996	4.460267204261914	0.01017718562179171	0.319725715836405	9.999999999999998	340.00000000000006	19.999995104375536	1.5542244842186914	0.003546341586601112	0.11141157948439086	9.999997552187768
4	69	359.99999999999994	19.999999999999996	2.838062753447737	0.006516583840876164	0.2047245192099851	9.999999999999998	423.9953417561967	19.999999999999996	4.55986877294496	0.010470088135363055	0.3289275196849422	9.999999999999998	344.0942207320627	1.0000000000001246	15.201444256287589	0.03490461438111668	0.054828040058057234	0.5000000000000623
5	69	359.9999999975135	19.999999999999996	1.3177277858184007	0.0031146616610042382	0.09784998192628695	9.999999999999998	423.9999999999239	19.999999999999996	5.401126026327818	0.012766430473352557	0.4010692418764925	9.999999999999998	340.00000000000006	19.999999999999996	1.5062734741988435	0.003560319734899592	0.11185074323591315	9.999999999999998
6	69	359.9999999999975	19.99999999999975	2.1714157961313716	0.005245761321913167	0.16480045231407683	9.999999999999876	423.9999999999797	19.999999999999996	5.231063206906769	0.012637335093612072	0.3970135909104416	9.999999999999998	340.00000000074397	19.999999999999996	1.1756812470611935	0.002840240558128057	0.08922878871842876	9.999999999999998
7	69	359.83222114653915	19.999999999985427	2.36820460035453	0.005345621565241452	0.1679376543822148	9.999999999992713	423.9999991647698	19.999999999999996	3.802675556154739	0.008583576121570817	0.2696609968505564	9.999999999999998	340.00000035162475	19.99999999999999	0.895513963922883	0.0020213957682559914	0.06350402095550516	9.999999999999995
8	69	359.99999999999994	19.999999999999996	1.0306776218590472	0.0023121041656901553	0.07263689461266548	9.999999999999998	423.99999999986017	19.999999999999996	3.9714519037871545	0.008909100475104854	0.2798876460268274	9.999999999999998	340.00000000000006	19.999999999999996	1.5172712623243239	0.003403672624398735	0.10692952912035754	9.999999999999998
9	69	359.99999999999994	19.999999999999996	1.5686955161198752	0.003588486585066071	0.1127356309314909	9.999999999999998	423.9999999999288	19.999999999999996	3.836923480036809	0.008777196272029724	0.27574375327324296	9.999999999999998	340.00000000000006	19.999999999999996	1.6258597838523634	0.003719253330935626	0.11684378941306728	9.999999999999998
10	69	359.99999999999994	19.999999999999993	3.133968483264295	0.007421439562896879	0.2331514000985747	9.999999999999996	423.99999999985624	19.999999999999996	3.1662916936872056	0.00749798301057781	0.23555608342772322	9.999999999999998	341.9832903180439	19.999999999999996	0.9560592123201407	0.0022640098969324424	0.07112596859857544	9.999999999999998
11	69	352.22580063985447	19.9999999999997	2.30522500350852	0.0052336835635894315	0.16442101834585962	9.99999999999985	423.9999991391767	19.999999999999996	5.318172623880224	0.012074150075402967	0.379320611752266	9.999999999999998	340.00000000000006	1.0000000000001923	16.769312306156046	0.03807232441772467	0.05980386734791706	0.5000000000000961
12	69	353.3261627081556	1.0000000000000002	11.197205732615716	0.02599989414405124	0.04084053821853184	0.5000000000000001	423.9927456954934	19.999999999999996	5.426790732095034	0.012600999565936221	0.395872076642334	9.999999999999998	349.99999999999994	19.999999999999996	2.924715831054468	0.006791185571177604	0.21335138699576559	9.999999999999998
13	69	352.42673326186286	8.658842700107364	46.608259280420754	0.10822584145900992	1.4720097897607263	4.329421350053682	420.8077965714745	19.999999999999996	9.637673515402462	0.022378980507212574	0.7030564075628819	9.999999999999998	340.0000000017787	19.999999999999996	2.1968123416749776	0.00510106723305986	0.16025475344848467	9.999999999999998
14	69	354.9521084075625	3.622284058116527	43.09357511151371	0.09745835518428365	0.5545254194688375	1.8111420290582636	419.5224831748988	5.975461657329839	29.85347065560987	0.06751517225268845	0.6337131528032688	2.9877308286649193	349.8444278510782	10.454141734595375	72.72987359518386	0.1644823813063883	2.701019040966732	5.227070867297687
15	69	352.3018800288484	3.301294624908027	13.930021302274703	0.031857442287318426	0.16520191101717283	1.6506473124540135	420.26897447384385	19.999999999999996	5.685863170226876	0.013003358276954917	0.4085125483487759	9.999999999999998	346.4563603794475	19.999999999999996	5.1833015961736	0.011854018588679514	0.372404977137124	9.999999999999998
16	69	359.32124674790776	19.999999999999996	2.4618723718734405	0.005691684300444141	0.1788095358482767	9.999999999999998	423.9999999999994	19.999999999999996	3.5617393441497147	0.008234503193170931	0.25869454737627484	9.999999999999998	340.00000000000006	19.999999999999996	0.7538726883705684	0.001742903244682484	0.054754920294123044	9.999999999999998
17	69	359.99999999999994	19.999999999999996	1.125202064928155	0.0025524359693669054	0.08018714090121411	9.999999999999998	423.99999999944436	19.999999999999996	4.90535021839043	0.011127416781412488	0.34957810813917245	9.999999999999998	340.00000000000006	19.999999999999996	1.72443997917999	0.003911761955533172	0.12289162622095054	9.999999999999998
18	69	359.99999999999994	19.999999999999996	3.988589869909228	0.00919027534573619	0.28872101510632203	9.999999999999998	423.99999999999994	19.999999999999996	4.636206588537272	0.010682475886983948	0.33559987768698873	9.999999999999998	340.00000000000006	19.999999999999996	4.4716926441291777e-08	1.0303412484469232e-10	3.236912496811389e-09	9.999999999999998
19	69	359.99999999999994	19.999999999999964	1.1127656787515134	0.0024885060153109367	0.07817872216114834	9.999999999999982	423.99999999999994	19.999999999999996	4.528527190413856	0.010127259825705412	0.3181572506943116	9.999999999999998	348.9359816485273	19.999999999999996	2.317636639474371	0.005182989400884371	0.162828414254521	9.999999999999998
20	69	359.99999999999994	19.999999999999996	1.884102560609297	0.004193213247354101	0.1317336793282304	9.999999999999998	423.9999999447576	19.999999999999996	3.696346039614774	0.008226498654672575	0.2584430773828567	9.999999999999998	342.3430710488001	19.999999999265476	1.1210849638890097	0.002495059674707229	0.07838461144040493	9.999999999632738
0	70	359.99999999999994	19.999999999999996	1.8789395252717787	0.004338546125825481	0.13629944636153785	9.999999999999998	423.99999999592046	19.999999999999996	3.952238119707106	0.009125875075790334	0.28669782095681107	9.999999999999998	340.00000000000006	1.0000000002739122	9.571219653598897	0.022100327013739197	0.03471511250365645	0.5000000001369561
1	70	354.96661028521345	19.999999999999996	2.002468685068846	0.004597309652495565	0.1444287423055751	9.999999999999998	423.999999993119	19.999999999999996	4.866730681450198	0.011173142483952545	0.35101462345097323	9.999999999999998	340.00000000000006	19.999999999999996	0.3587929615439372	0.0008237244145951288	0.02587806569474609	9.999999999999998
2	70	359.99999999999994	19.999999999999996	1.6328121136236318	0.00395943933727992	0.1243894553433303	9.999999999999998	418.00000000000006	19.999999999999996	3.6018317654216285	0.0087341551788377	0.27439157745149756	9.999999999999998	340.00000000000006	19.999999999394714	1.261910721453266	0.0030600330001036755	0.096133771925771	9.999999999697357
3	70	359.99999999999994	19.99999999999998	1.0707874350244702	0.002450086198742368	0.07697172802630757	9.99999999999999	418.0000000015279	19.999999999999996	3.4814213879237084	0.007965897073085705	0.2502560372405848	9.999999999999998	340.00000000000017	19.999999999999996	1.9476935155201904	0.0044565493072366595	0.1400066256397537	9.999999999999998
4	70	359.99999999999994	19.999999999999996	1.3270406330396598	0.0029610381883298335	0.09302375819455833	9.999999999999998	423.9999999993392	19.999999999999996	4.228806821726731	0.00943577625164424	0.29643365353082574	9.999999999999998	340.00000000000006	19.999999999999996	1.7654661883016598	0.003939301234350442	0.12375679818112549	9.999999999999998
5	70	359.99999999999994	19.999999999999996	2.9598875552352424	0.0068071131003223035	0.21385176508127385	9.999999999999998	423.9999999997325	19.999999999999996	3.427664582559305	0.00788290097107957	0.24764863779719415	9.999999999999998	340.00000000000006	19.999999999999996	0.9209923303967303	0.002118086866661962	0.06654166139970243	9.999999999999998
6	70	359.99999999999994	19.999999999999996	2.0699408625817535	0.004818054536606649	0.15136364736798422	9.999999999999998	423.9999999999629	19.999999999999996	4.0798813017970215	0.009496450343234583	0.2983397863348603	9.999999999999998	340.00000000000324	19.999999999999996	0.5472194022823137	0.0012737237915082461	0.040015213061048424	9.999999999999998
7	70	348.00000007250884	19.999999999999996	2.3204751901868703	0.005011556664890945	0.15744269601470354	9.999999999999998	423.99999999979093	19.999999999999996	4.385628980919694	0.009471692798963732	0.297562005142838	9.999999999999998	340.0000000000053	19.999999999999943	1.4483829898173122	0.0031280892192383563	0.09827182110932624	9.999999999999972
8	70	359.99999999999994	19.999999999999996	1.5268750850521504	0.0034311891528733007	0.10779398635743745	9.999999999999998	423.9999999354128	19.999999999999996	4.1409688550670385	0.009305572903108118	0.292343194698487	9.999999999999998	340.00000000000006	19.999999999999996	1.570314501315616	0.003528806079987715	0.11086071256832399	9.999999999999998
9	70	359.99999999999994	19.999999999999996	2.5092201041213986	0.005804273350812014	0.18234662518338032	9.999999999999998	423.9999999758407	19.999999999999996	4.125439215027166	0.009542876233474702	0.2997982986920075	9.999999999999998	341.72971031099854	19.999999999999996	1.4515162291902748	0.003357615760180696	0.10548261005760981	9.999999999999998
10	70	359.99999999999994	19.999999999999996	1.2437521360455743	0.0028443006524846203	0.08935634034446337	9.999999999999998	423.9999999781778	19.999999999999996	3.723184999116935	0.008514443686488035	0.267489137348748	9.999999999999998	340.00000000000006	19.999999999999996	1.9296723069151165	0.004412911578259233	0.13863570595200544	9.999999999999998
11	70	348.0000000000065	19.999999999999996	2.440337137101995	0.005691526357221864	0.1788045739156088	9.999999999999998	423.99999999999994	19.999999999999996	3.6206094248923026	0.0084442406164633	0.2652836428582564	9.999999999999998	340.2870807043633	1.0000000000000002	7.0019412699197785	0.016330421187948477	0.025651765617043024	0.5000000000000001
12	70	359.99999999999994	19.99999999993699	2.0707465891468275	0.004714065399232793	0.14809673226724918	9.999999999968495	423.99999999999994	19.99999999999993	4.900966913558608	0.011157076713819568	0.3505099023967318	9.999999999999964	340.00000000000006	19.9999999989107	1.334271394873209	0.003037475782272982	0.09542511602525977	9.99999999945535
13	70	359.99999999999994	19.999999999999996	2.705721896187114	0.006151686400579771	0.1932609280324964	9.999999999999998	423.9999999999309	19.999999999999996	3.7318902040299093	0.008484766394114305	0.26655679771175056	9.999999999999998	340.00000000000006	19.999999999999996	1.1451539065134622	0.0026036037640072723	0.08179462457863979	9.999999999999998
14	70	355.15623312321344	19.999999999999996	2.5843357487121357	0.005988920529213303	0.18814748737509607	9.999999999999998	423.999993484206	19.999999999999996	4.08430839528961	0.009464946034344708	0.2973500492812117	9.999999999999998	340.00000000000006	19.999999999999996	1.1537777243082872	0.002673755955549639	0.083998520674467	9.999999999999998
15	70	354.9673571784303	19.999999999999996	1.8870654862669376	0.004362389732349391	0.13704851535244386	9.999999999999998	423.99999999999994	19.999999999999996	5.066334335198373	0.011712007370894274	0.3679435631519095	9.999999999999998	340.00000000297933	19.999999999999996	1.1426345081093119	0.0026414647940304985	0.08298406391642288	9.999999999999998
16	70	359.99999999999994	19.999999999999996	0.6652807842068488	0.001564873648857566	0.04916195559047182	9.999999999999998	418.0000000002497	19.99999999999844	4.267599657939467	0.010038249122954729	0.315360896995763	9.99999999999922	340.0000000648756	19.999999999999996	2.2430356848506974	0.005276069172589677	0.16575260152439306	9.999999999999998
17	70	348.0000066746551	19.999999999999996	2.5117137336312796	0.0056943837522473156	0.17889434162781243	9.999999999999998	423.99999999999994	19.999999999999996	4.6068471930951835	0.010444325503416783	0.3281181627323468	9.999999999999998	347.7302025151955	1.0000007061510157	9.689137621360427	0.02196654304413758	0.034504989491829466	0.5000003530755078
18	70	359.99999999999994	19.999999999999996	3.0570223272712256	0.006991798668897014	0.21965383333585747	9.999999999999998	423.9999986228515	19.999999999999996	5.2135614146389155	0.011924077699368103	0.3746059490116871	9.999999999999998	340.00000000000006	1.0000000051279345	13.168140495757445	0.03011721123812296	0.04730800502874188	0.5000000025639673
19	70	359.99999999999994	19.999999999999996	1.803411143063518	0.004031817586651128	0.1266632851083731	9.999999999999998	423.99999999999864	19.999999999999996	4.579162742881228	0.01023745968848984	0.32161928148781327	9.999999999999998	340.00000000000006	19.999999999999996	1.0820873845419663	0.0024191815405323574	0.07600082955436491	9.999999999999998
20	70	359.99999999999994	19.999999999999996	0.6619490762038432	0.001528586319792468	0.04802195552637875	9.999999999999998	418.00000000000006	19.999999999999996	4.43270652589429	0.010236096398826684	0.3215764524799084	9.999999999999998	340.0000000000003	19.999999999999893	3.2398609131055527	0.007481552959035202	0.23503991813547842	9.999999999999947
0	71	359.99999999999994	19.999999999999996	0.15554548453031933	0.0003710610697115971	0.011657227306391233	9.999999999999998	423.9999999999961	19.999999999999996	4.1091973373537485	0.009802683531821316	0.30796038569035483	9.999999999999998	348.8696587092863	19.999999999999996	2.5289513811674165	0.006032932473598667	0.18953016338660866	9.999999999999998
1	71	353.5136429893284	19.999999999999496	2.6723616250032545	0.0062559918311645485	0.19653777977703807	9.999999999999748	423.99999999974244	19.999999999999996	4.846899076530873	0.011346578526481875	0.3564632774217515	9.999999999999998	349.9998985604202	19.999999999999996	2.8067796530773065e-11	6.570664096222049e-14	2.06423500538974e-12	9.999999999999998
2	71	352.60962327190896	19.999999995218694	1.2694558544644345	0.002910796575784161	0.09144537136391705	9.999999997609347	418.00000000000057	19.99999999843584	4.426033744469333	0.01014866631430973	0.3188297553427614	9.99999999921792	340.00000002976685	19.99994562357235	1.1650957271100564	0.002671504204739341	0.08392755165179115	9.999972811786176
3	71	359.99999999999994	19.9999999999305	1.7222519231123314	0.00386170263559647	0.12131896630296053	9.99999999996525	423.9999999543648	19.999999999999996	3.595597049585239	0.008062192537915123	0.253281248489406	9.999999999999998	340.9369962488747	19.999999999999996	1.5639395961275229	0.0035067283590923403	0.11016712051059484	9.999999999999998
4	71	359.99999999999994	19.999999999999996	2.165624276687219	0.004825241089691389	0.15158941959174072	9.999999999999998	418.00000000000364	19.999999999999996	4.525092818742065	0.010082387807852977	0.316747554677942	9.999999999999998	340.0000000000035	19.999999999999996	1.0610848941621032	0.0023642099352496767	0.07427384564124383	9.999999999999998
5	71	359.99999999999994	19.999999999999755	1.5149369979403624	0.0033871528917606922	0.10641054641340685	9.999999999999877	423.99999999983703	19.999999999999996	4.62381426499482	0.010338097148550916	0.32478090053985137	9.999999999999998	340.0000000123784	19.999999999999996	1.253509069959859	0.002802642536907621	0.0880476120458724	9.999999999999998
6	71	359.99999999999994	19.999999999999996	3.071187482712696	0.007087531277220851	0.22266136192604902	9.999999999999998	423.99999999999847	19.999999999999996	4.205098381149301	0.009704313549058093	0.3048700015385279	9.999999999999998	340.00000000000006	19.999999999999996	0.3182264956893317	0.0007343870259090649	0.023071448854875748	9.999999999999998
7	71	359.99999999999994	19.999999999999996	2.027748300845595	0.004700134063506504	0.1476590664479917	9.999999999999998	418.0000000000021	19.999999999999996	3.7706058800957067	0.008739917636575171	0.2745726104004442	9.999999999999998	340.0000000000002	19.999999999999996	1.4957603671461557	0.003467034961654232	0.10892011565271903	9.999999999999998
8	71	354.30669756496417	19.999999999999996	2.835549776494384	0.006494661781951567	0.20403581741729435	9.999999999999998	423.99999999979343	19.999999999999996	4.0033365257743085	0.00916940938571059	0.2880654916390568	9.999999999999998	340.00000000000006	19.999999999999996	1.3594758188854998	0.0031138002646240812	0.09782292036088965	9.999999999999998
9	71	359.99999999999994	19.999999999999996	1.613910184569408	0.0036649702206936643	0.11513843520956576	9.999999999999998	423.9999999999985	19.999999999999996	3.8785653338341453	0.008807693627207295	0.2767018559430407	9.999999999999998	343.97079371801254	19.999999999999996	2.05924861725339	0.0046762731479086895	0.14690945367649152	9.999999999999998
10	71	359.99999999999994	19.999999999999996	1.4478987612480096	0.003314714557331386	0.10413482902059423	9.999999999999998	423.9999999999701	19.999999999999996	4.274197701938716	0.009785038652368757	0.3074060554537385	9.999999999999998	340.00000000000006	19.999999999999996	1.0733941634705222	0.002457350855348124	0.07719995394454258	9.999999999999998
11	71	359.99999999999994	19.999999999999996	0.91032705995133	0.0020446811186105992	0.06423555181160817	9.999999999999998	423.9999999999976	19.999999999999996	4.0674544243450015	0.009135889317309773	0.28701242763269846	9.999999999999998	340.00000000000006	19.999999999999996	3.118369603054107	0.007004154582150787	0.22004200579892194	9.999999999999998
12	71	359.99999999999994	19.99999999999772	3.5535964510816096	0.008247152682517859	0.25909194280428505	9.99999999999886	423.9999999947905	19.999999999999996	4.046460012265962	0.009390985725096359	0.29502651763929333	9.999999999999998	346.55155765538024	19.999999999999996	1.1503319422420064	0.002669679378017048	0.08387045121418525	9.999999999999998
13	71	359.99999999999994	19.999999999999996	0.3444880694328869	0.0007875992237141795	0.0247431593519349	9.999999999999998	423.99999999999994	19.999999999999996	4.37164108392264	0.00999483415992515	0.31399697570669155	9.999999999999998	340.00000000000006	19.999999999999996	3.2292971600144	0.007383106011644472	0.23194711606856908	9.999999999999998
14	71	359.99999999999994	1.0000000003845066	0.975331055292696	0.0022063152795600443	0.003465671938216947	0.5000000001922533	423.9999999994725	19.999999999999996	3.811052885885202	0.008621056581466663	0.270838480225176	9.999999999999998	340.00000000000006	19.999999999999996	3.226500499512372	0.0072987293011458065	0.22929634353020226	9.999999999999998
15	71	359.99999999999994	19.99999999978641	1.9312397585993837	0.004162452296809631	0.13076729556435446	9.999999999893205	423.99999999479365	19.99999999999998	3.7469732624646275	0.008075950897853032	0.25371348011446954	9.99999999999999	340.0000000010386	19.99999999999944	1.8062134712986553	0.003892979822240277	0.12230156810123011	9.99999999999972
16	71	359.99999999999994	19.999999999999996	2.3155728989971824	0.00537821207466849	0.16896151543226445	9.999999999999998	423.99999999999403	19.999999999999996	3.502163234991055	0.008134218795722688	0.25554402011334404	9.999999999999998	340.00000000000006	19.999999999999996	1.1732872570940467	0.0027251086311688402	0.08561181255914163	9.999999999999998
17	71	359.99999999999994	19.999999999999996	2.176885279122915	0.004815602049868	0.15128660022477253	9.999999999999998	423.9999999999791	19.999999999999996	5.308444419293354	0.01174308819684752	0.3689199960967317	9.999999999999998	340.00000000000006	19.999999999999996	1.5869432756911288	0.003510560416174755	0.11028750813437735	9.999999999999998
18	71	359.9999999828098	19.999999999995698	2.1784098737066193	0.004767381426801263	0.14977170467296053	9.999999999997849	423.9999997961657	19.999999999999996	3.784542321934378	0.008282351724670506	0.2601977533267161	9.999999999999998	340.31615026116594	1.0000000069312818	12.92236361020827	0.028280185932528637	0.044422412491796945	0.5000000034656409
19	71	359.99999999999994	19.999999999999996	1.648776707366499	0.003710737200088885	0.11657624727201597	9.999999999999998	423.9999999366953	19.999999999999996	3.9205823420273265	0.008823663433364201	0.2772035622000586	9.999999999999998	340.96579150642026	2.338273448206024	7.793110081147522	0.01753917516744354	0.064420536994864	1.169136724103012
20	71	359.99999999999994	19.999999999999996	1.463651728020374	0.003381374850762762	0.10622902390189573	9.999999999999998	423.99999999998727	19.999999999999996	3.8895486875797536	0.008985759290420767	0.2822959537371211	9.999999999999998	340.00000000000006	19.999999999999996	1.4450633586053268	0.0033384314075559957	0.10487991584491346	9.999999999999998
0	72	359.01300564705804	19.999999999999996	2.3313856327767692	0.005454882226533891	0.171370179290764	9.999999999999998	423.9999999998307	19.999999999999996	4.21214644969991	0.009855410654075133	0.3096168570895301	9.999999999999998	340.00000000000006	19.999999999413497	0.5444910037727861	0.0012739781258110548	0.040023203207647344	9.999999999706748
1	72	359.99999999999994	19.999999999999996	1.2973447273581171	0.003102003360227623	0.09745230967901952	9.999999999999998	423.9999999999992	19.999999999999996	4.560310347788197	0.010903885238988541	0.34255565762392576	9.999999999999998	340.00000000000006	19.999999999999996	1.2264169222013608	0.002932412128776081	0.0921244440106054	9.999999999999998
2	72	356.1288911793131	19.999999999999996	2.1850123408775777	0.004958044517352851	0.15576156231886865	9.999999999999998	423.9999999999457	19.999999999999996	4.487726676083014	0.010183168408465372	0.3199136706230247	9.999999999999998	340.00000000000006	19.999999997815596	0.9548671616226861	0.0021667035041011196	0.06806899810247889	9.999999998907798
3	72	359.99999999999994	19.999999999962704	0.9603976341480388	0.0022776640758163393	0.07155492727916654	9.999999999981352	423.9999999920518	19.999999999999996	4.010138257632305	0.009510381454207044	0.29877744509373455	9.999999999999998	343.15771187526263	19.999999999999996	2.4955243877306392	0.005918346782788407	0.18593034774204842	9.999999999999998
4	72	359.99999999999983	19.999999999999996	0.5504857598687347	0.0012346484408566028	0.038787624715611944	9.999999999999998	423.99999999927	19.999999999999996	4.002216958465675	0.008976310175430838	0.2819991010347682	9.999999999999998	344.92961957717336	19.999999999999996	2.5161430202301003	0.005643292312665972	0.17728925671531168	9.999999999999998
5	72	359.99999999999994	19.999999999999996	2.927938093915021	0.006655854392417861	0.20909983262583304	9.999999999999998	423.9999999987439	19.999999999999996	4.245214014873656	0.009650315492111209	0.30317360254840336	9.999999999999998	340.00000000000006	19.999999999999996	0.9443523881828598	0.002146722980222823	0.06744129143960405	9.999999999999998
6	72	359.99999999999994	19.999999999999996	1.5889531281810352	0.0036207169266835046	0.11374817697597109	9.999999999999998	423.99999999999346	19.999999999999996	3.96396154188113	0.009032602911227115	0.2837675894870488	9.999999999999998	340.00000000000006	19.999999999999996	1.5249862156923875	0.0034749567537195217	0.10916898609027482	9.999999999999998
7	72	358.57970802214726	19.999999999999996	2.9939318286737246	0.0068180972052277085	0.21419684091404464	9.999999999999998	423.99999994235486	19.999999999999996	4.5474045147824445	0.010355828985930094	0.3253379626403021	9.999999999999998	340.00000000000006	19.999999999999854	2.00754352487128	0.004571789766623146	0.14362701144580164	9.999999999999927
8	72	359.99999999999994	19.999999999999996	0.4358478599346218	0.000996078784747595	0.031292737925596927	9.999999999999998	423.99999999985704	19.999999999999996	4.003994715208264	0.009150656815565629	0.2874763622730234	9.999999999999998	340.00000000000006	19.999999999999996	3.1243712420298007	0.0071403813026137235	0.22432169444121186	9.999999999999998
9	72	359.99999999999994	19.999999999999996	0.8464510286400077	0.0020300055006235713	0.06377450367505881	9.999999999999998	423.99999999999494	19.999999999999996	4.064262219144441	0.009747137615386692	0.3062153592602756	9.999999999999998	340.00000000000006	19.999999999999996	1.9873821571796437	0.004766249404171531	0.14973614113322006	9.999999999999998
10	72	359.99999999999994	19.999999999999996	1.976189022699403	0.004434574000150078	0.13931625100671785	9.999999999999998	423.99999999999994	19.999999999999996	4.141505395431674	0.009293550332030246	0.291965494488732	9.999999999999998	345.2353169653821	4.813543182171226	4.904023772472724	0.011004643820872698	0.08320716781884537	2.406771591085613
11	72	359.9999999999568	19.999999999999996	1.988145788492645	0.004694204785431239	0.14747279268356828	9.999999999999998	418.54237297364136	19.999999999999996	3.942411422501468	0.009308415244375139	0.29243248948292166	9.999999999999998	340.00000000000006	19.999999999999996	1.451109573955188	0.0034262102636899907	0.1076375699406242	9.999999999999998
12	72	359.99999999999994	19.999999999999996	0.985371080761971	0.00231869085181983	0.07284382146023036	9.999999999999998	423.99999999078227	19.999999999999996	4.307246091117586	0.010135442680424673	0.31841432265702585	9.999999999999998	349.99999999650714	19.999999999999996	2.46786765993402	0.005807174858598574	0.18243777873884623	9.999999999999998
13	72	359.9999999994758	19.999999999999996	1.0554215878602902	0.002487816279872723	0.07815705348329234	9.999999999999998	421.539319838275	19.999999999992873	4.424129635308641	0.010428459923111947	0.32761973082692397	9.999999999996437	340.00000000000006	19.99999998939341	1.7357304062382106	0.004091425087167279	0.12853590989741062	9.999999994696704
14	72	359.99999999999994	19.999999999999996	0.7433504731950045	0.0016343300314596307	0.0513439922037475	9.999999999999998	423.9999999984176	19.999999999999996	4.42666655800335	0.009732467195329324	0.30575447442150255	9.999999999999998	343.6949060022761	19.999999999999996	2.4765647729871128	0.005444974247411351	0.17105891094653108	9.999999999999998
15	72	359.99999999999994	19.999999999999996	1.8384967509284975	0.004364067458204187	0.13710122266464553	9.999999999999998	423.999999991929	19.999999999999996	3.621271591725072	0.008595866978163233	0.27004712549832705	9.999999999999998	340.00000000000006	19.999999999999996	0.8909819172310607	0.002114937210997373	0.06644271204873033	9.999999999999998
16	72	359.99999999999994	19.999999999999996	1.357006275752049	0.003099052626177648	0.09735960963487852	9.999999999999998	423.99999999846085	19.999999999999996	4.012429806747154	0.009163355654388517	0.2878753080605745	9.999999999999998	343.6896969252079	19.999999999999996	1.0957456362503541	0.002502400653793904	0.07861523510297222	9.999999999999998
17	72	359.99999999999994	19.999999999885034	0.7054890841828874	0.001590468778226131	0.049966050294104246	9.999999999942517	423.9999999999998	19.999999999999996	4.708050802916415	0.010613924405384383	0.33344626937712984	9.999999999999998	348.93522266135454	19.999999999999996	2.1880633437651826	0.004932814002459382	0.15496892231651255	9.999999999999998
18	72	359.99999999999994	19.999999999999996	1.076405597521152	0.0024284454703654606	0.07629186449343539	9.999999999999998	423.9999999967445	19.999999999999996	4.786851316810865	0.01079946762112026	0.33927528141192237	9.999999999999998	340.16887949952826	19.999999999999996	1.4196716085703396	0.0032028773309787082	0.10062135893351992	9.999999999999998
19	72	359.99999999999994	19.999999999999996	1.384286358604809	0.0032182348784462566	0.10110383051653199	9.999999999999998	423.99999999931975	19.999999999999996	4.529304710581166	0.010529877943314002	0.3308058718991246	9.999999999999998	343.09656806487254	19.999999999999996	2.039998852718397	0.004742657051410667	0.14899496551207578	9.999999999999998
20	72	359.99999999999994	19.999999999999996	1.3571966479822892	0.003123209705340404	0.09811852665917754	9.999999999999998	423.999999999118	19.999999999999996	4.077196644500367	0.00938253137422356	0.29476091637336477	9.999999999999998	340.00000000000006	19.999999999999996	0.9434142430601339	0.002171004860984767	0.06820412922177473	9.999999999999998
