# RamanPL_2D export
# schema_version: "0.3.8"
# export_kind: "mapping_fit"
# map_kind: "fit_params"
# spectrum_type: "Raman"
# x_quantity: "Raman shift"
# x_unit: "cm^-1"
# coord_mode: "pixel"
# step_size: 0.5
# step_unit: "um"
# scaled: true
# peak_labels: ["E2g", "A1g", "2LA(M)"]
# peak_profile: "lorentzian"
# params_per_peak: 3
# baseline_spec: {"method": "poly", "poly_order": 3}
# preprocessing_recipe: {"name": "pipeline", "backend": "native", "steps": [{"name": "crop", "data_range": [330, 440]}, {"name": "savgol", "window_length": 11, "polyorder": 9}, {"name": "baseline", "baseline_spec": {"method": "arpls", "lam": 10000.0, "niter": 250, "tol": 1e-07}, "clip_nonnegative": true}]}
# background_remove: false
# smoothing: false
# smooth_window: 11
# smooth_poly: 3
# preprocessing_backend_requested: "native"
# preprocessing_backend_resolved: "native"
# 
x	y	E2g_centre	E2g_fwhm	E2g_peak_height	E2g_peak_height_norm	E2g_amp	E2g_scale	A1g_centre	A1g_fwhm	A1g_peak_height	A1g_peak_height_norm	A1g_amp	A1g_scale	2LA(M)_centre	2LA(M)_fwhm	2LA(M)_peak_height	2LA(M)_peak_height_norm	2LA(M)_amp	2LA(M)_scale
0	0	359.6323458509467	19.999999999999996	2.364153192347299	0.0058740613271959525	0.1845390791225471	9.999999999999998	423.99999999986636	19.999999999994195	3.871387986792408	0.009618991920404968	0.3021895435207505	9.999999999997097	340.00000000007225	19.999999999070138	0.6561787663851596	0.0016303657173430703	0.051219449600315076	9.999999999535069
1	0	359.9999999973719	19.999999999999996	1.1595965170832292	0.002878177578862775	0.09042061537482149	9.999999999999998	422.6871304889444	19.999999999999996	4.986170813415165	0.012375929754988609	0.3888012999961553	9.999999999999998	340.00000000000006	19.999999999999996	3.8500422849979925	0.009556000918515599	0.30021062283305916	9.999999999999998
2	0	359.9999951927046	19.999999999999993	1.315669460454757	0.0031303626085319863	0.09834324174036266	9.999999999999996	423.99999999999994	19.999999999999996	4.115038092092284	0.009790879672556981	0.30758955651486647	9.999999999999998	340.00000000000006	19.999999999999996	2.077336655776714	0.004942591728418344	0.15527609863692746	9.999999999999998
3	0	359.99999999999994	19.999999999999996	2.0213799522514537	0.004895288498856142	0.1537900238520906	9.999999999999998	423.999997982571	19.999999999999996	4.03497241707576	0.009771717605347856	0.30698756241914865	9.999999999999998	342.21751126336426	19.999999999999996	1.6220239449468878	0.003928145796500916	0.123406339765169	9.999999999999998
4	0	357.02959071645245	19.999999999999996	2.1591764088503815	0.005286625182136826	0.16608422834483852	9.999999999999998	423.9999999969133	19.999999999999996	4.491164937777121	0.0109963713756136	0.3454611952977277	9.999999999999998	340.00000000000006	19.999999999999428	0.8617449891452034	0.0021099354094095903	0.06628557581749951	9.999999999999714
5	0	359.99999999822325	19.999999897621326	0.5175562466253738	0.001193637882763332	0.03749923984340146	9.999999948810663	423.99999999909153	19.999999999999808	5.238585568197542	0.012081728753288515	0.37955870293995403	9.999999999999904	341.9568647346977	19.999999999999996	2.747970433705371	0.006337633120595988	0.19910261652811706	9.999999999999998
6	0	359.99999999509686	19.999999999999996	0.9443955066280172	0.0021897155992387234	0.06879194440019343	9.999999999999998	423.9999999999984	19.999999999999996	4.335187086761069	0.01005174921193062	0.31578501479928217	9.999999999999998	340.00000000000006	19.999999999999996	2.407029924928008	0.005581041986602043	0.1753336050448516	9.999999999999998
7	0	359.9999999261385	19.999999999989125	1.5060679828147983	0.003539483147129001	0.11119614252519305	9.999999999994563	423.99999999999994	19.999999999999996	5.138389297152932	0.012075976999835954	0.37937800627603935	9.999999999999998	342.8013230736179	19.999999999999996	2.5334318030176246	0.005953940508331091	0.1870485576088363	9.999999999999998
8	0	348.00000000000006	2.3486896982914014	7.840633502287141	0.017918010534503058	0.06610515190213903	1.1743448491457007	423.99892253933797	19.999999999999996	4.947323497232272	0.011305999000609319	0.3551884340180777	9.999999999999998	344.461346875147	19.999999999999996	2.4138606425175446	0.005516337475643396	0.17330085288203353	9.999999999999998
9	0	348.00000001401384	19.999999999999666	1.3271432524803242	0.0031323880022520183	0.09840687136067584	9.999999999999833	423.9999992227018	19.999999989855663	4.013986812625457	0.009474006750640666	0.29763469992776287	9.999999994927832	340.00000000010596	19.999999999999996	2.5238930139616187	0.005957014950063403	0.18714514404443752	9.999999999999998
10	0	359.9999999871445	19.999999999999996	1.4217182512211703	0.0033650546987355296	0.10571631120475353	9.999999999999998	423.99999999999994	19.999999999999996	4.893419209466027	0.01158219871592175	0.363865503983569	9.999999999999998	340.00000000000006	19.999999999999996	1.3972751145483955	0.003307200414427154	0.10389876525913465	9.999999999999998
11	0	359.9999999974341	19.999999999999996	2.3017434861424033	0.005505582807314043	0.17296298501188062	9.999999999999998	423.99999999999994	19.999999999999996	5.346275918779674	0.0127878562310698	0.4017423519069134	9.999999999999998	340.00000000000006	19.999999999999996	1.8410600936578814	0.004403665682079274	0.1383452375568573	9.999999999999998
12	0	359.99999997733835	19.999999999999996	0.9316359348022626	0.0022970615403172553	0.07216431659904342	9.999999999999998	423.99999999999994	19.999999999999996	4.487020213882581	0.011063293266079749	0.3475636084922556	9.999999999999998	340.00000000000006	19.999999999999996	2.262634098035438	0.0055787991556065985	0.17526314443106628	9.999999999999998
13	0	358.9554008697109	19.999999999992724	2.5456401312313774	0.005785013196793543	0.18174154959959987	9.999999999996362	423.99999999999915	19.999999999999996	4.34544076565469	0.009875092660107087	0.31023518554510904	9.999999999999998	340.00000000000017	19.999999999682995	1.5936996693546026	0.003621711296043321	0.11377941600892522	9.999999999841497
14	0	348.00000000000006	3.1605885696354505	5.319673463809262	0.012955091684498246	0.06431737824341806	1.5802942848177253	423.9949519652035	19.999999999999996	3.9649749085214014	0.009655971144861903	0.3033512801197317	9.999999999999998	349.9999993861646	19.99999999999994	4.683107209287854	0.01140485100775618	0.35829396141252856	9.99999999999997
15	0	353.5606040407468	6.865795625210876	118.58994306267842	0.29198859704888686	3.1490288540271485	3.432897812605438	420.76492029695197	4.189181013684151	60.66949922566879	0.14937861934210342	0.9829636199815872	2.0945905068420756	348.34475731232135	12.88328288753452	63.329105939424394	0.1559270231358455	3.1554972623601385	6.44164144376726
16	0	351.2675355054679	9.096921982270786	261.27498351276097	0.6236964830804492	8.912255781970181	4.548460991135393	419.6541271087856	5.088270390045164	268.6348802294363	0.6412654888700967	5.125401913045747	2.544135195022582	340.00000000000006	19.999999999999996	36.34694625890738	0.08676476502882421	2.725795484049987	9.999999999999998
17	0	352.55120124404954	4.909981342486595	33.1295114755365	0.07589110983763951	0.5853163058031121	2.4549906712432974	420.51579687559257	5.853123316506496	21.83629204603204	0.05002127602563312	0.4598988434465248	2.926561658253248	346.21895981690653	15.077016232217971	14.159320138414136	0.03243532645038155	0.7681632971765902	7.538508116108986
18	0	354.6002377914814	19.999999999999996	3.407873359098348	0.007709247454408443	0.24219315167475372	9.999999999999998	423.99999997736114	19.99999999997367	4.044045595808391	0.009148388138239436	0.28740508967243183	9.999999999986835	340.00000000000006	19.999999999989836	0.20687720504247709	0.00046799496292632733	0.014702495374456304	9.999999999994918
19	0	350.0092446921612	19.999999999948958	3.603387520720088	0.00831570837574613	0.2612456834257248	9.999999999974479	423.9999999996848	19.999999999999996	4.471391293867346	0.010318841873055203	0.3241759782194496	9.999999999999998	340.00000000000006	19.999999999999996	1.6501061217935506e-10	3.808028200954217e-13	1.1963273420780521e-11	9.999999999999998
20	0	359.99999971757734	19.999999999999996	1.1614262467436907	0.0026948646024480003	0.08466166837469814	9.999999999999998	418.00000000000006	19.999999999999996	4.387283569474351	0.010179841574466613	0.3198091550505226	9.999999999999998	342.45208097093274	19.999999999999996	2.412433201401363	0.005597583883138775	0.175853284051214	9.999999999999998
0	1	359.99999999995987	19.999999999998728	1.1135705907564197	0.0026909889264961724	0.08453991042371321	9.999999999999364	418.00000015499097	19.99999999471478	4.618819402859039	0.01116156619953164	0.35065094365738414	9.99999999735739	341.0649737757555	19.999999999999996	2.3977667432688317	0.0057943015090532275	0.18203335053525868	9.999999999999998
1	1	359.9999999993279	19.999999999999996	1.9774599970824411	0.004817752326172492	0.15135415314718634	9.999999999999998	418.00000000000006	19.999999999998476	4.565911273552599	0.011124083264243224	0.34947338260865013	9.999999999999238	349.9419723705342	19.99999999999901	0.8198780220616124	0.001997496411453505	0.06275320051793995	9.999999999999504
2	1	359.99999999999767	19.999999999999996	1.8629521987006694	0.0045047100071507334	0.14151963865017164	9.999999999999998	423.99999999958305	19.999999999999996	3.785779263004563	0.009154200383034366	0.28758768672829627	9.999999999999998	340.00000000000006	19.999999999999975	1.1182353299281347	0.002703948004994488	0.0849470318817945	9.999999999999988
3	1	359.99999998127	19.999999999999996	1.905274508786862	0.0046643875508828	0.1465360566334909	9.999999999999998	423.99999999978274	19.999999999999996	3.8054460885704184	0.009316282393546241	0.29267964326332796	9.999999999999998	340.00000000000006	19.999999999999996	1.7140476187096687	0.004196236467479062	0.13182865658957804	9.999999999999998
4	1	359.9999999951121	19.999999999999964	1.5440167437007934	0.0036522008613407856	0.11473727395422506	9.999999999999982	423.9999999999442	19.999999999999996	5.509012288345361	0.013030959351131783	0.4093796616674282	9.999999999999998	340.00000000000006	19.999999999999996	1.2043105655433302	0.002848663463491234	0.08949340209453714	9.999999999999998
5	1	359.999999982251	19.999999999999993	1.2899831024048567	0.003113040402677385	0.0977990485937948	9.999999999999996	423.99999999999704	19.999999999999996	3.6798820898858753	0.00888044316359449	0.27898735003370145	9.999999999999998	340.00000000000006	19.999999999999996	0.9926609755977441	0.0023955303890694536	0.07525780671751693	9.999999999999998
6	1	359.99999999999994	19.999999999999996	1.5553526382494571	0.0036902631984411446	0.11593303754035471	9.999999999999998	423.9999999634961	19.999999999999996	5.717199229009194	0.013564750137122853	0.42614919378566285	9.999999999999998	340.00000000000006	19.999999999999996	1.0862915300260485	0.0025773587014615716	0.080970111621774	9.999999999999998
7	1	359.99999999999994	19.999999999999996	2.2699277308069767	0.005535317262794894	0.17389712048085199	9.999999999999998	423.9999999990111	19.999999999999996	3.90782597057926	0.009529403188204402	0.299375030491581	9.999999999999998	340.00000000000006	19.999999999999996	0.6797654476475907	0.0016576375388292792	0.05207621914300728	9.999999999999998
8	1	359.999999145681	19.999999999642043	1.4786255543070899	0.003534324597771992	0.11103408191563464	9.999999999821021	423.9999999941088	19.999999999999904	4.604837407521683	0.01100683676860383	0.3457899753150765	9.999999999999952	340.7667147379176	19.999999936237884	2.8867390339798003	0.006900105808007978	0.21677321646320533	9.999999968118942
9	1	359.99999995873463	19.999999999999996	0.2617172855772612	0.0006290417300608982	0.01976192877960731	9.999999999999998	423.99999999999994	19.999999999999996	4.797809026874403	0.011531611617131506	0.36227626340431046	9.999999999999998	340.00000000000006	19.999999999999996	3.0396091152592035	0.007305749684642342	0.22951689538238326	9.999999999999998
10	1	359.99999999982435	19.99999999999645	1.412576663963413	0.003140048620657103	0.09864753678569367	9.999999999998225	423.9999999999786	19.99999999999891	4.689188090460115	0.010423702281855315	0.3274702651188204	9.999999999999455	340.00000000000006	19.999999999999996	2.1581234116527126	0.004797341351338805	0.15071292346128518	9.999999999999998
11	1	355.43032226776376	19.999999999999986	2.4944867975826166	0.005812054750338725	0.18259108505925783	9.999999999999993	423.9999999999997	19.999999999993708	3.720199300496018	0.008667915996832838	0.27231061217574926	9.999999999996854	340.00000000000034	19.999999999914635	2.0220512356317752	0.004711298733218777	0.14800981489083836	9.999999999957318
12	1	359.9999999768352	19.999999999034905	1.7920373776806275	0.004188819313507357	0.13159563981894742	9.999999999517453	423.9999999975219	19.999999730829042	3.8984461515629985	0.009112469826645429	0.28627667878161095	9.999999865414521	341.06541732653795	19.999999977324386	2.0414034871129108	0.0047717031240426385	0.14990747462607598	9.999999988662193
13	1	351.6831016606883	7.653763005732255	44.57222916761526	0.11034937010615092	1.3266756127967911	3.8268815028661276	420.18835756067045	7.633813147531804	18.563031791656375	0.04595729008227504	0.5510814782743456	3.816906573765902	344.65258364068654	19.999999999999996	12.416688290087505	0.030740525147687704	0.9657420797146796	9.999999999999998
14	1	351.3775411567612	9.553120711195195	248.96237128503222	0.5768543627649163	8.656280560967152	4.7765603555975975	420.1740396887476	4.5501589411006504	156.03059741187457	0.36152825174857006	2.583977247575058	2.2750794705503252	340.0000000000039	19.999999999999996	41.022173614307576	0.0950497848223855	2.9860770572329685	9.999999999999998
15	1	351.34183179756445	9.719821465802111	312.7055905668642	0.7859996002673943	12.000531743427734	4.859910732901056	420.076521096846	4.8801194401204775	136.73421336225522	0.34368760996816533	2.6345970696080725	2.4400597200602387	340.00000000000375	19.999999999999407	44.920204818124986	0.11290896004440366	3.5471395939995154	9.999999999999703
16	1	353.2191360511649	5.931194607676543	95.07654671577406	0.23407512065324515	2.1808073730517745	2.9655973038382717	420.4333992938137	6.060305268058093	42.13572579423117	0.10373667786421997	0.9875218499942898	3.0301526340290463	348.88920692521015	12.182319197389955	66.01073809639745	0.16251612009547733	3.1098990883703244	6.091159598694977
17	1	352.7147718663952	7.708643775522054	19.829684530965718	0.04673867794081228	0.565945065521059	3.854321887761027	423.9999999999963	19.999999999999996	4.583069799265445	0.010802321287241318	0.3393649319771395	9.999999999999998	343.3506084777461	19.999999999926946	4.180039842617442	0.009852377413204652	0.30952156501604683	9.999999999963473
18	1	358.5098660305811	19.999999999999996	1.252784425147875	0.002864664182752406	0.08999607951536764	9.999999999999998	423.99999999912893	19.999999999999996	4.253575511822312	0.009726386417928065	0.3055634411653835	9.999999999999998	340.00000000000006	19.999999999999996	2.396956692816464	0.005480971704057932	0.17218980440001924	9.999999999999998
19	1	359.9999999995958	19.999999999999996	1.6868484220536175	0.003954406121070698	0.12423133219266214	9.999999999999998	423.99999999999994	19.999999999999996	4.685312556537291	0.010983576479352188	0.3450592317767447	9.999999999999998	340.00000000000006	19.999999999999996	2.030084310428259	0.0047590392346419895	0.14950962697696862	9.999999999999998
20	1	359.9999999987053	19.99999999999951	0.6663449886369323	0.0015242110717430084	0.04788450305507943	9.999999999999755	423.99999999957515	19.999999999999996	4.573348019370105	0.010461169221542665	0.32864732374358085	9.999999999999998	341.6428589794427	19.999999999999996	1.9837564505200258	0.004537684828559162	0.1425555732170732	9.999999999999998
0	2	359.9999999999998	19.999999999999996	1.915866497072069	0.004723362972450829	0.1483888241448957	9.999999999999998	423.99999999994407	19.999999999999986	3.6288721123266447	0.008946594239900385	0.2810655473871979	9.999999999999993	340.00000000000006	19.999999999999996	0.5420603449790634	0.0013363915315711679	0.04198397817903592	9.999999999999998
1	2	359.99999999999994	19.999999999999996	1.0855222187137454	0.002747449934127517	0.08631368529160767	9.999999999999998	423.99999999540097	19.999999999999996	4.799432047854667	0.01214733244184754	0.38161970360021186	9.999999999999998	343.1096456606907	19.999999999999996	2.387278213687242	0.006042186201136315	0.18982087781111462	9.999999999999998
2	2	359.99999999999994	19.999999999999996	2.4933777310016185	0.006070460733389966	0.1907091484392322	9.999999999999998	423.99999999999966	19.999999999999996	4.618730946710117	0.01124491668530051	0.35326947648769363	9.999999999999998	340.00000000000006	19.999999999999996	0.7999685638362236	0.0019476301943080951	0.061186607103479715	9.999999999999998
3	2	359.99999999688873	19.999999999999996	1.197299321083343	0.002860062543079549	0.0898515147414605	9.999999999999998	420.181345824057	19.999999999999996	4.636358496262879	0.01107515475700086	0.3479362482196394	9.999999999999998	340.00000000000006	19.999999999999996	1.7697930494435345	0.004227613530371027	0.13281439609230425	9.999999999999998
4	2	359.9999999993205	19.999999999999996	1.8571846365327371	0.004624068526693666	0.14526939713156597	9.999999999999998	423.99999999999994	19.999999999999996	4.21322162184275	0.010490193120443081	0.32955913641922163	9.999999999999998	340.00000000000006	19.999999999999996	1.2902996827649478	0.003212623040116908	0.10092752941584583	9.999999999999998
5	2	359.99999999999994	19.99999999999925	2.3559328300770686	0.005675826400243211	0.17831134522054407	9.999999999999625	422.6167119438553	19.999999999998668	4.472021454930218	0.01077382899559011	0.33846982023576333	9.999999999999334	340.00000000000927	19.999999999467306	0.9116954571943665	0.0021964230384090852	0.06900266481457568	9.999999999733653
6	2	359.9999999994575	19.999999999999986	2.486413647723746	0.006012127476583951	0.18887655512881468	9.999999999999993	423.9999999992897	19.999999999940925	4.220206293907538	0.010204423644344898	0.32058142355097224	9.999999999970463	340.00000000000006	19.999999999999996	0.7642107728308927	0.0018478552792067617	0.05805208570053077	9.999999999999998
7	2	359.99999999964234	19.999999999999996	1.1985478202093214	0.002689871193256293	0.08450479579836778	9.999999999999998	423.99999999999994	19.999999999999996	3.901029901073969	0.00875498480577747	0.2750459594812075	9.999999999999998	340.00000000000006	19.999999999999996	1.5979359994920497	0.003586208193971098	0.11266405316423118	9.999999999999998
8	2	359.9999989008022	19.999999999999996	1.7541879797525057	0.00416590270515935	0.13087569334098456	9.999999999999998	423.99999999999994	19.999999999999996	3.978481995841485	0.009448228525224643	0.2968248532428326	9.999999999999998	340.00000000000006	19.999999999999996	1.5383347344552398	0.003653287393185673	0.11477140835884314	9.999999999999998
9	2	359.9999950588992	19.999999999999993	1.0471748590584893	0.00236264680915201	0.07422473858659319	9.999999999999996	420.9445552542518	19.999999999999996	4.340019745913622	0.009791997693258992	0.30762468017110645	9.999999999999998	340.00000000000006	19.99999999999999	1.6260125929666749	0.0036686265251514457	0.11525330140180426	9.999999999999995
10	2	359.99999986658867	19.999999999999996	1.321736610898095	0.003198967426169196	0.10049852565126192	9.999999999999998	423.99999999999983	19.999999999999996	5.221835630428577	0.012638283564832428	0.3970433880126217	9.999999999999998	340.00000000000006	19.999999999999996	1.986271977511302	0.004807326439458988	0.15102661425612332	9.999999999999998
11	2	353.32728190685776	1.0000003748190016	41.03038683581448	0.0958142368006294	0.15050470763308815	0.5000001874095008	421.250242321436	4.571253924507243	21.008584937668363	0.049059287208739144	0.3522706471281081	2.2856269622536214	348.82455529554926	12.712451322446604	14.686320339810813	0.034295522983962136	0.6848360441116402	6.356225661223302
12	2	350.3417172422145	9.813487486516674	154.67287550512256	0.3827562775164223	5.9001842274297385	4.906743743258337	420.1712213791215	4.152734090171671	155.4753868336178	0.3847421864727048	2.5097115468946884	2.0763670450858354	340.0000000001251	19.999999999999996	33.79089903446886	0.08361956604303399	2.6269861437716204	9.999999999999998
13	2	350.87257868944926	10.020401665886787	187.93157548688419	0.4140703067955007	6.517470823404127	5.010200832943394	420.08597045009316	4.42504871213487	141.57008716726264	0.31192187515346687	2.168122247917837	2.212524356067435	340.00000000000006	19.999999999999996	37.32803460169762	0.08224499102694272	2.583802596048016	9.999999999999998
14	2	352.9449796189646	6.835496451339586	45.573485448373	0.1113543254790761	1.1956306255188796	3.417748225669793	419.8923751495475	4.793018787813687	48.374928606847966	0.11819937606519688	0.889906117872241	2.3965093939068436	348.29911724669665	10.072994317322154	57.57302151204844	0.14067401062683849	2.2258317619781467	5.036497158661077
15	2	351.67562726585146	6.506598015599538	35.78746315636875	0.08550252575876015	0.8738820070914707	3.253299007799769	423.99999999954537	19.99999999999998	7.213544960777897	0.017234423997195925	0.541435398184423	9.99999999999999	340.00000000000006	19.999999999999996	2.606522268367946	0.006227438821749824	0.1956407605308912	9.999999999999998
16	2	352.564826754117	19.999999999999503	3.56120386470546	0.008454875287991156	0.2656177409177024	9.999999999999751	423.9999847724552	19.9999999785349	4.16435716214227	0.009886858994374852	0.3106048355047038	9.99999998926745	340.00000000000006	19.999999829472404	1.182597183096867	0.0028076774256338803	0.08820578698813697	9.999999914736202
17	2	358.9374021315208	19.999999999999996	1.720491428969874	0.004040775066806557	0.12694469264688282	9.999999999999998	423.999999878906	19.999999999999996	4.21618875002307	0.00990221171182704	0.3110871556816663	9.999999999999998	340.0000000000108	19.999999999999996	1.0886763104079338	0.002556883467622531	0.08032686317968137	9.999999999999998
18	2	359.99999999999994	19.999999999999996	2.1560304347356016	0.0052893771239435694	0.16617068314647024	9.999999999999998	423.999999999876	19.999999999999996	4.2354034064814625	0.010390690932738618	0.32643318300013713	9.999999999999998	340.00000000000006	19.999999999999996	1.7564309162771596	0.004309041912705168	0.13537254416965064	9.999999999999998
19	2	359.99999989170357	19.999999999999996	2.1322330469597293	0.004666994379338491	0.14661795256474655	9.999999999999998	421.32842482948763	19.999999975869258	5.482182905182664	0.011999306005257818	0.376969315488111	9.999999987934629	340.00000000055115	19.999999999999996	0.6517235327695095	0.001426481063434794	0.04481422429371703	9.999999999999998
20	2	359.9999999977518	19.999999999999996	2.7757604330726933	0.00642595774358527	0.20187741639525925	9.999999999999998	418.0000000000027	19.999999999999996	3.3481763391550055	0.007751115484294619	0.24350847462586062	9.999999999999998	340.00000000000006	19.99999999999987	1.0476475902663134	0.0024253314749385505	0.07619403544186998	9.999999999999934
0	3	359.99999999999994	19.999999999999996	2.2280467035367915	0.005544883497442714	0.17419765260577305	9.999999999999998	423.99999999999994	19.999999999999996	4.389662419017524	0.010924441874542964	0.3432014633763288	9.999999999999998	340.0000001109655	19.999999999999996	1.5115802601614632	0.0037618315748609078	0.11818142439625147	9.999999999999998
1	3	359.99999972761077	19.99999999999694	2.4105599311674393	0.006001521559657627	0.18854336042178274	9.99999999999847	423.99999999999994	19.999999999999996	3.9385967349848086	0.009805843411808781	0.3080596562479033	9.999999999999998	347.11743294441425	19.999999999999996	1.2685509789770626	0.003158285322600763	0.09922045967423025	9.999999999999998
2	3	359.99999997879746	19.99999999999999	0.9695339298664659	0.002394503752298066	0.07522555397212793	9.999999999999995	423.99999999999744	19.999999999999996	4.136708580924136	0.010216624621430958	0.3209647285517209	9.999999999999998	340.00000000000006	19.99999999999985	1.6151322028487456	0.0039889683084236415	0.12531713533146122	9.999999999999925
3	3	351.2180039734503	19.999999999999996	3.787321392158448	0.00876320474757037	0.27530419656870264	9.999999999999998	423.99999999999994	19.999999999999996	3.941393573035187	0.009119701048550541	0.2865038581706151	9.999999999999998	340.00000000000006	19.999999999999996	4.877311004131697e-06	1.128525163860611e-08	3.545366364175712e-07	9.999999999999998
4	3	359.99999999999994	19.999999999999996	1.196071759723071	0.0028994621279050913	0.09108928920388462	9.999999999999998	423.999986193822	19.999999999999996	3.818815828681209	0.009257397625765619	0.29082972372464855	9.999999999999998	345.2598429863715	19.999999999999996	2.2331561363120427	0.005413514356726211	0.17007056933193937	9.999999999999998
5	3	359.99999976444104	19.999999999999996	2.157581769488291	0.005244820712545711	0.16477090219929186	9.999999999999998	423.99999999999994	19.999999999999996	3.9468748739004806	0.009594376158160165	0.3014162165425303	9.999999999999998	343.7313704067025	1.0000000000000002	26.70622783410362	0.06491961457919224	0.1019754921179356	0.5000000000000001
6	3	359.9999999796126	19.999999999999975	1.0466693838965997	0.002501364444388856	0.07858268162442734	9.999999999999988	423.99999999999994	19.999999999999996	3.8787199786593174	0.009269490818810065	0.2912096425889173	9.999999999999998	340.00000000000006	19.999999999999996	1.8621427506400856	0.004450209147693697	0.1398074436533261	9.999999999999998
7	3	359.99999999999994	19.999999999999996	2.271403267869859	0.0053515047708203815	0.16812248073660035	9.999999999999998	423.9999999993709	19.999999999999996	4.140750340369987	0.00975575121983831	0.3064859636249369	9.999999999999998	340.00000000000006	19.999999999999996	1.4218760687812013	0.0033499892657695594	0.1052430166694631	9.999999999999998
8	3	359.9999999837981	19.99999999999895	0.7802506050295146	0.0018497351878826605	0.058111144773383965	9.999999999999474	423.9999999999877	19.999999999999996	3.6112886490659695	0.00856125922199814	0.2689598907730722	9.999999999999998	340.00000000000006	19.999999999999996	3.018997931883156	0.007157119354669407	0.22484753585494724	9.999999999999998
9	3	351.06452409365426	3.0915082706243986	17.682800196850074	0.041967622411516026	0.20380022332817288	1.5457541353121993	420.3242975491752	19.999999999999996	4.684201688882312	0.011117289433232253	0.34925994811273875	9.999999999999998	340.0000000001143	19.999999999999996	3.421877341026798	0.008121341336668881	0.2551394628057406	9.999999999999998
10	3	351.2565244628684	10.8938063616062	67.00311196656533	0.16558091176204603	2.8334124515259673	5.4469031808031	419.7783410364683	4.697309115084788	31.88200263197602	0.07878814744062629	0.5813395989212355	2.348654557542394	340.00000000014523	19.999999999999996	4.398887188969387	0.010870715256500229	0.34151359189087593	9.999999999999998
11	3	350.0137846752017	10.384790212818917	144.7087652328323	0.3508868925157033	5.7238039491798185	5.1923951064094584	419.95787944202004	4.574611743897733	105.01937368165046	0.25464885714289176	1.8298515110890858	2.2873058719488664	340.0000000000024	19.999999999999996	16.910995436531817	0.04100544033061507	1.2882239009987488	9.999999999999998
12	3	350.81966480226805	7.672882962936703	82.6965148616453	0.21023621693899897	2.53387965181217	3.8364414814683516	420.35659840645434	3.8351665108821025	70.98078547226181	0.18045176193958515	1.0870893180816457	1.9175832554410512	341.6314173961215	16.95889807929479	23.188002304035837	0.058949979825985335	1.570367027601731	8.479449039647395
13	3	351.1813810486027	2.6533732213381316	23.4494991072719	0.056901229760900514	0.23715914249299577	1.3266866106690658	419.86923309216394	4.7788362765873105	25.114354216700367	0.06094107311392211	0.45745894735235654	2.3894181382936552	346.9060269606162	15.99215360429127	15.993774369302933	0.03880958932080082	0.9749130339284358	7.996076802145635
14	3	350.09429752867084	2.1470949271306967	6.764747351869953	0.016351488671181746	0.05514782905086723	1.0735474635653484	423.99999999999994	19.999999999999996	5.086498756173867	0.012294890327953811	0.3862553713099189	9.999999999999998	348.0148401672831	19.999999999999996	3.3233634616109877	0.008033107101587451	0.2523675025584713	9.999999999999998
15	3	359.99999999713873	19.999999999999996	1.3810730944041367	0.00323782375475257	0.10171923321549191	9.999999999999998	423.99999999999994	19.999999999999996	4.536902476186555	0.010636432401668386	0.3341533789348583	9.999999999999998	346.4027489190536	19.999999999999996	1.8789910810306685	0.004405155658871321	0.13839204655829646	9.999999999999998
16	3	359.99999997973583	19.999999999999954	1.9554832998128795	0.0044575460137191965	0.14003793809738663	9.999999999999977	423.99999999999375	19.999999999999996	3.420066974946802	0.007796080852383446	0.24492110332639883	9.999999999999998	340.00000000000006	19.999999999999996	1.639312159773339	0.0037368303701383145	0.11739598838537754	9.999999999999998
17	3	359.9999996525391	19.99999999999368	1.6960439474904259	0.0038825735003259424	0.12197464385642535	9.99999999999684	423.9999999999997	19.99999999998886	3.96557758855178	0.009077976122953328	0.2851930309731784	9.99999999999443	340.00000000000006	19.999999999999996	0.8486522547095905	0.0019427295855173692	0.0610326499377291	9.999999999999998
18	3	348.0000011247147	19.999999999999996	1.6801659295828706	0.0036940387129101196	0.11605164882554724	9.999999999999998	421.38089129071574	19.999999999999996	4.882536876699289	0.010734820842496341	0.3372443429638909	9.999999999999998	349.9999999997713	1.0000000000070577	3.733229267941173	0.008207935417049892	0.012892994803762704	0.5000000000035288
19	3	359.9999999810358	19.999999999999996	2.085045326248825	0.00465474485647095	0.1462331224542401	9.999999999999998	418.00000000000006	19.999999999999996	4.265378100640715	0.009522213510140182	0.29914916009369863	9.999999999999998	340.00000000000006	19.999999999999996	1.2387151564655843	0.0027653609878899566	0.08687637764078898	9.999999999999998
20	3	359.99999999995595	19.999999999999996	2.062609240140245	0.004878162223921121	0.15325198605689838	9.999999999999998	423.999999999973	19.999999999999996	3.2954939470350935	0.0077939891709659145	0.24485539121664912	9.999999999999998	340.00000000000006	19.999999999999996	0.8842446739221016	0.002091277824750244	0.06569943050850609	9.999999999999998
0	4	359.99999999782654	19.999999999999996	1.5230226486334912	0.003809746129999804	0.11968670454049526	9.999999999999998	423.9999999999105	19.99999999999991	3.8606468295215315	0.009657167167712359	0.30338885428573564	9.999999999999956	340.00000000000006	19.999999999995328	1.268459424854165	0.0031729721086129785	0.0996818586646152	9.999999999997664
1	4	359.9999999999999	19.999999999999996	2.3382493424258906	0.005842953191794533	0.18356178822610733	9.999999999999998	418.00000020649514	19.999999999999996	3.630898500983845	0.009073099947243092	0.2850398413954483	9.999999999999998	340.00000000000006	19.999999999999996	0.4723435820450077	0.0011803195622714106	0.03708083265720183	9.999999999999998
2	4	359.9999979850449	19.999999999999996	1.2728325704286485	0.0031526352829620414	0.09904295844401526	9.999999999999998	423.99999999999994	19.999999999999996	4.508610378016407	0.0111672222137406	0.3508286326769221	9.999999999999998	340.00000000000006	19.999999999999996	2.118178201166816	0.005246442845464501	0.16482186300790003	9.999999999999998
3	4	359.99999999999994	19.999999999999996	1.7752369891056148	0.00423717968165864	0.1331149255983872	9.999999999999998	423.32375088592374	19.999999999999996	4.329012117998562	0.010332593507573803	0.32460799855923445	9.999999999999998	340.00000000000006	19.999999999999996	1.884921727562051	0.004498977936217206	0.1413395603308254	9.999999999999998
4	4	359.99999979903316	19.99999999999997	1.2139688146607537	0.002913194446638377	0.09152070272037693	9.999999999999986	423.99999999999994	19.99999999999853	4.101068202960838	0.009841446476933935	0.3091781595263053	9.999999999999265	340.00000000000006	19.999999994557268	1.952787415204497	0.004686157819489632	0.14721998975264597	9.999999997278634
5	4	349.62659868846436	19.9999999929679	3.333498189446456	0.007861691798846392	0.24698233191358931	9.99999999648395	418.00000000000006	19.999999999999666	4.337143434525173	0.010228679612779106	0.3213434472742999	9.999999999999833	340.00000000000006	19.999999999999996	0.10272455910691457	0.00024226466551795122	0.007610968934155839	9.999999999999998
6	4	359.99999994116854	19.999999999999996	0.8730083752190773	0.0021000662795364698	0.06597552795843421	9.999999999999998	423.99999999999994	19.999999999999996	4.8177232298453445	0.011589279537666279	0.36408795455930887	9.999999999999998	340.00000000000006	19.999999999999996	1.5885474684610312	0.003821332150588897	0.12005069011216561	9.999999999999998
7	4	359.9999999943344	19.999999999999996	1.7782059716625727	0.004436167711613604	0.1393663189289754	9.999999999999998	423.9999999943836	19.99999999999325	4.574688781202615	0.011412674901140745	0.3585397562722028	9.999999999996625	340.00000000000006	19.999999999823583	1.740664880894587	0.004342512321080873	0.13642404805910494	9.999999999911791
8	4	352.02499633474696	5.86100787070975	51.59631397718309	0.13410973543682989	1.2346745248123066	2.930503935354875	419.5632390555743	5.54097875078213	40.104036278487	0.1042388744598176	0.9072690064891673	2.770489375391065	347.12718851656115	9.927851859521613	34.799778526832235	0.0904519864259602	1.4105655535905897	4.963925929760807
9	4	353.25197932884106	4.041508233792436	62.26807304265988	0.15544886605641509	0.9868494498124881	2.020754116896218	419.6424992176628	4.587380841160991	59.643564628591	0.14889692319087913	1.0729275501661146	2.2936904205804955	348.231124456464	10.782851599399388	91.80904681890628	0.22919630437161298	3.882049921225046	5.391425799699694
10	4	351.1288519331899	8.472786762033584	54.51036612715211	0.1331991414311591	1.7727503467808314	4.236393381016792	420.2622904205564	4.784938905355896	37.54153341704437	0.0917348455795582	0.6894941857649344	2.392469452677948	344.46356231253793	19.999999999999996	12.53819097010768	0.030637773894649636	0.9625140538977642	9.999999999999998
11	4	349.50595460746234	6.248516415338895	24.660082517333134	0.05873648050388099	0.576507168859688	3.1242582076694476	420.81019908099273	19.99999999999998	6.575751162487198	0.015662416363867532	0.4920493218619075	9.99999999999999	348.79426513302644	19.999999999999805	1.9519969901719687	0.004649353183481132	0.14606373805168502	9.999999999999902
12	4	353.55379680898653	1.0000000000322722	33.39965923969588	0.08213434881904351	0.12901633343280794	0.5000000000161361	421.3575892031814	19.999999999999996	5.013787253666612	0.012329591396180884	0.3873455375200578	9.999999999999998	349.3041500695946	19.999999999999996	3.5238919392498986	0.008665734211891986	0.27224206938041595	9.999999999999998
13	4	359.99999938849794	19.999999999999996	0.3048036766129133	0.0007071630336740923	0.022216181914807995	9.999999999999998	418.00000008430294	19.999999999999996	5.522726500472922	0.012813060753156533	0.4025341753211626	9.999999999999998	345.46901379308633	19.999999999999996	3.279911582843549	0.00760959398810668	0.23906244569836996	9.999999999999998
14	4	359.99999999567996	19.999999999999996	3.2303856942570435	0.007594156312919051	0.23857745682879036	9.999999999999998	418.81383439686505	19.999999999998703	4.489220607590042	0.01055348996803213	0.3315476655330117	9.999999999999352	340.00000000000006	19.999999999999996	0.420108092843206	0.0009876116437258333	0.03102673484528817	9.999999999999998
15	4	351.44666035927656	19.999999999999996	3.746967163397345	0.008984446436260105	0.28225470920725737	9.999999999999998	423.99999999999994	19.999999999999996	4.120403597195304	0.009879869184978216	0.31038524449955734	9.999999999999998	340.00000000000006	19.999999999999996	1.7335906255877214e-06	4.1567890613360704e-09	1.3058937977615808e-07	9.999999999999998
16	4	357.05384219689296	19.99999858273902	1.8116130957887628	0.004529529088642917	0.14229934300725255	9.99999929136951	423.99999999871613	19.999999999999968	3.425826518118676	0.008565504909704062	0.26909327298613545	9.999999999999984	340.00000000000006	19.999999999999996	1.7117776921628274	0.0042799132264859955	0.13445743950330188	9.999999999999998
17	4	359.99999999999994	19.999999999999996	2.3381716876163265	0.005516116826596817	0.17329392098779597	9.999999999999998	423.99999999998687	19.999999999999996	4.389070420856555	0.010354511317467448	0.325296566864681	9.999999999999998	340.00000000000006	19.999999999999996	1.3753252800039615	0.0032446098630199054	0.10193242509428317	9.999999999999998
18	4	354.3750709297023	19.999999999999996	2.9210368859747975	0.00651731003258689	0.20474733319542024	9.999999999999998	423.9999999937128	19.999999999999588	4.871576798667249	0.010869282923784864	0.3414685938315081	9.999999999999794	340.00000000000006	19.999999999999996	0.43766603191207576	0.0009765043483013639	0.030677788868220528	9.999999999999998
19	4	359.99999999439837	19.999999999261007	1.866593809172217	0.004239168076664395	0.1331773928648915	9.999999999630504	423.999999948623	19.999999999974765	3.94523697199076	0.008959915405460494	0.28148404414545186	9.999999999987383	340.00000000000006	19.999999999891674	2.1941196423796963	0.004983002675061455	0.15654564596706563	9.999999999945837
20	4	359.9999999803608	19.999999999999996	2.5865630814737024	0.006467822950200331	0.2031926506506882	9.999999999999998	423.99999999992724	19.999999999999932	4.932038540121386	0.012332794931448093	0.38744617954866634	9.999999999999966	340.00000000000125	19.999999995910276	1.937735094537887e-10	4.845397974489019e-13	1.5222266677260824e-11	9.999999997955138
0	5	359.99999832338534	19.999999999999968	1.2271461145512332	0.00309526883275939	0.09724073825882339	9.999999999999984	423.9999999991123	19.999999999999286	3.7269943215324584	0.00940071375895557	0.2953321328363425	9.999999999999643	340.0000000000001	19.999999999996216	2.585987786143862	0.0065227174673284346	0.20491721276796954	9.999999999998108
1	5	359.21998936313156	19.999999999999996	2.094760651767102	0.005262355057433778	0.16532175989015047	9.999999999999998	423.99999984039925	19.999999999999993	4.016520375045466	0.01009010566007915	0.31699001815649436	9.999999999999996	340.50109060089176	19.999999999999996	1.7167016297891804	0.004312613708876513	0.1354847554557708	9.999999999999998
2	5	359.9999999570516	19.999999999658787	1.7849973242335604	0.004273492671834059	0.13425573182774647	9.999999999829393	423.99999999676504	19.999999999897096	3.715769371137928	0.008895987104407354	0.2794756773349188	9.999999999948548	340.000000000001	19.999999995797705	1.6760028187408957	0.004012547059104315	0.12605788360416784	9.999999997898852
3	5	359.99999995852033	19.999999999999762	1.7270346717939902	0.004177758609195142	0.13124815755118815	9.999999999999881	423.9999999964672	19.999999999999996	4.157520156216676	0.010057189881135421	0.31595593846332637	9.999999999999998	340.00000000000006	19.99999999999985	1.0605991937341215	0.002565627363998108	0.08060156078585343	9.999999999999925
4	5	355.5552114392032	19.999999999999996	2.578349600785296	0.006092789853728879	0.19141063844341072	9.999999999999998	423.99999999997993	19.999999999999915	3.41355161965565	0.008066420731728233	0.25341408111561714	9.999999999999957	340.0000000000171	19.999999999108628	0.9736538516182958	0.00230080059987877	0.07228178261631983	9.999999999554314
5	5	351.68056255077704	19.99999999985033	3.9823532638893804	0.009693571732039743	0.3045325374019385	9.999999999925166	423.9999999999786	19.999999999999908	5.555007191865994	0.013521618278976825	0.4247941664987886	9.999999999999954	340.00000000000006	19.999999999999996	0.21694952318408828	0.000528083679638923	0.01659023808434306	9.999999999999998
6	5	351.2842111661008	9.53294023554382	105.419082492986	0.24423289408212473	3.6572184589555503	4.76647011777191	420.7014722180393	4.014774560556801	43.639793217004176	0.10110382999438026	0.637600499159375	2.0073872802784005	340.0000000010312	19.999999999999996	10.620155627621916	0.02460457142291331	0.7729754082694981	9.999999999999998
7	5	351.02659154606044	9.511204741931088	244.38041332518543	0.583987361943856	8.724867821009385	4.755602370965544	420.0185830791921	3.965828803260468	171.8754561715451	0.4107247911842908	2.5586139133474837	1.982914401630234	340.0000000000134	19.99999999999997	31.51551779814904	0.07531153519552111	2.365981657008179	9.999999999999986
8	5	351.64350561153475	6.781335832962363	91.23573546324327	0.21242986228360317	2.262823587363049	3.3906679164811817	420.03516255397517	4.867620549595659	66.97054390439304	0.15593170095504683	1.1922600975452242	2.4338102747978296	347.32176642732026	12.831942463060798	57.8507108759152	0.13469742400805487	2.7150108586257935	6.415971231530399
9	5	351.0662089260321	7.478396455422442	26.059087080147005	0.06521627592512319	0.7660980508043188	3.739198227711221	419.82266506193497	19.999999999999996	8.9908283761604	0.02250072469429716	0.7068811140005039	9.999999999999998	345.52711597848787	11.004447712588291	11.495529317735858	0.028769066605635506	0.49729477930649246	5.502223856294146
10	5	351.2833182421779	2.393868386103598	12.710159457379019	0.03123506740969179	0.11745258890058882	1.196934193051799	419.9314412240633	19.999999999999996	6.20724225275161	0.015254224846126728	0.4792256071279861	9.999999999999998	349.28026522379747	19.999999999999996	3.199395214323473	0.007862476118001937	0.24700697211340075	9.999999999999998
11	5	351.2807195686068	4.365107868742101	7.538651632065675	0.018007313313382362	0.12347066247537822	2.1825539343710507	423.9999996106972	19.999999999999996	4.225047888852755	0.010092224022529742	0.31705656847561864	9.999999999999998	340.00000000000006	19.999999999999996	3.2508594907012016	0.0077652142908212285	0.24395140169594443	9.999999999999998
12	5	349.68177071484166	19.99999996417973	2.2154517083736502	0.005142778462047377	0.16156515006471314	9.999999982089864	423.99998713393467	19.99999999999999	3.8001005910588495	0.008821259971248668	0.2771280552108051	9.999999999999995	340.00000005188207	19.99999999999992	1.5347045739797514	0.0035625446489477327	0.1119206409721978	9.99999999999996
13	5	359.999999945313	19.999999999999996	2.1217294733585303	0.0049548581874320555	0.15566146081215781	9.999999999999998	423.99999999999994	19.999999999999996	4.3337829754356125	0.010120649370251849	0.3179495771114137	9.999999999999998	340.00000000000006	19.999999999999996	1.7200160110517881	0.004016739891624277	0.1261896053490789	9.999999999999998
14	5	359.84896575461863	19.999999999999996	2.7414178153911646	0.006329150045218086	0.1988361128552464	9.999999999999998	418.00000108854414	19.999999999999996	3.5563888256839733	0.008210685131802533	0.25794628091009775	9.999999999999998	340.0000000000025	19.999999999999996	0.7629295774799345	0.0017613862953306703	0.055335582455445745	9.999999999999998
15	5	354.4812821928505	19.999999997875744	1.798032077438811	0.004118634521431094	0.12939071953974943	9.999999998937872	418.00000411805235	19.999999999998114	4.239979993429362	0.00971224495393333	0.3051191739713861	9.999999999999057	340.00000000000006	19.999999999282927	0.7505132092528668	0.0017191515386210281	0.05400873843945771	9.999999999641464
16	5	359.99999999999994	19.999999999999996	2.0574684097532208	0.0046762096948402745	0.14690746023955573	9.999999999999998	423.99999999998704	19.999999999999996	3.7497179435876276	0.008522350728497522	0.2677375443996343	9.999999999999998	340.00000000001984	19.999999999999996	2.2041260973980616	0.005009532966068491	0.15737911964116655	9.999999999999998
17	5	359.99999999826383	19.999999999999996	2.219280798165713	0.005117620661950336	0.16077479475442508	9.999999999999998	423.99999999999994	19.999999999999996	5.266871575285288	0.012145308885561885	0.38155613170460045	9.999999999999998	340.00000000000006	19.999999999999996	2.00689349440039	0.004627859449676657	0.14538849248950284	9.999999999999998
18	5	359.99999999999994	19.999999999999996	3.3161730042472835	0.007908978034589386	0.2484678729086905	9.999999999999998	423.99999998792794	19.999999999999996	4.926415008294129	0.01174935928854342	0.36911700825274996	9.999999999999998	340.00000000000006	19.999999999999996	1.3327332138635783	0.0031785307041926453	0.09985648709501205	9.999999999999998
19	5	353.3091583867648	19.999999945456622	2.5092549385502854	0.005872344269497958	0.18448513566092692	9.999999972728311	423.99999999998886	19.999999999984325	3.727302205715364	0.008722908705747311	0.2740382590788873	9.999999999992163	340.00000000000006	19.999997003165536	1.8556176491647594	0.004342653869497834	0.13642847449229606	9.999998501582768
20	5	350.205438979718	19.999999950201	2.4741642753310473	0.006007720760519279	0.18873811359071407	9.9999999751005	423.9999999517276	19.999999999990354	4.489666636753214	0.01090172699135916	0.3424878542747898	9.999999999995177	340.00000000000006	19.999999999999996	0.21922025120601463	0.0005323066327600284	0.016722906069360246	9.999999999999998
0	6	359.99999999995345	19.99999999545703	0.6524979926698627	0.0015999791813024666	0.05026482840734683	9.999999997728516	418.00000000000006	19.999999999864343	3.671107824342613	0.009001860783097646	0.2828017970462581	9.999999999932172	344.60917336264424	19.999999999999996	1.8010178075303465	0.004416244999333713	0.1387404284635945	9.999999999999998
1	6	348.02736095423273	19.9999999938344	2.8860809918819417	0.006464040485633338	0.20307382095912335	9.9999999969172	423.999998119112	19.999999991165176	3.460886791619287	0.00775144994203124	0.24351898181797135	9.999999995582588	340.4499134479727	1.000000002826416	12.914823634977438	0.028925710358139317	0.0454363997089205	0.500000001413208
2	6	359.9999999856722	19.999999999999964	2.5420227675765896	0.006035996742020803	0.18962643021824446	9.999999999999982	423.99999999999926	19.999999999999996	3.6309732161177384	0.008621694023513949	0.2708585060577044	9.999999999999998	340.00000000000006	19.999999999999996	0.6141440998471922	0.0014582763903971457	0.04581310394975113	9.999999999999998
3	6	359.9999999532663	19.999999999999996	0.7073678208346423	0.001734401837371622	0.05448784070659325	9.999999999999998	418.97352792212206	19.999999999999996	4.574770972362028	0.011216924132422285	0.35239006450291904	9.999999999999998	340.00000000000006	19.99999999999594	2.0889801276556734	0.005121990094720135	0.160912064533292	9.99999999999797
4	6	354.5206182423144	5.177035717524676	59.166934445683445	0.1432645623088783	1.165037261362904	2.588517858762338	421.2966811618461	19.999999999999996	8.184804978146033	0.019818375140832848	0.6226126174852704	9.999999999999998	349.99999999999994	8.23793628844285	33.569056988487795	0.08128283646320225	1.0518096628345905	4.118968144221425
5	6	351.8869174255958	8.892384815474145	322.212105634413	0.7474733139928962	10.440800986439868	4.4461924077370725	420.2274950159277	4.648864842635709	137.85102442092855	0.31978923280473487	2.335235231401184	2.3244324213178547	340.0000000001039	19.999999999999996	50.14633058678212	0.11633034033430831	3.654625425838633	9.999999999999998
6	6	351.3360401883425	9.604439229133622	255.29172578248097	0.6017054471024516	9.077700145947363	4.802219614566811	419.91649501763425	4.5742063727336735	118.50302426821428	0.27930366713511273	2.0068377854271877	2.2871031863668367	340.0000000000088	19.999999999999996	34.17626358722828	0.08055115730450987	2.53058924026004	9.999999999999998
7	6	351.8699548717117	8.952122964693471	64.93100300309763	0.16015804492779395	2.2521363209414575	4.4760614823467355	420.135476307451	4.568933501790826	28.206749021443414	0.06957443390837234	0.49932624739237763	2.284466750895413	343.8167324662964	19.999999999999996	10.123342461506299	0.024970116920756975	0.7844593587752828	9.999999999999998
8	6	355.2041769169915	2.776149674518406	12.162875926839735	0.02857818790419692	0.1246227819056068	1.388074837259203	420.5421846150406	19.999999999999996	4.822370985149131	0.011330759681040936	0.35596631373549625	9.999999999999998	349.1817040538552	12.954732475448901	10.800541565940922	0.025377214089426926	0.5164071770471131	6.477366237724451
9	6	352.251036567373	19.999999999999996	3.704858358181506	0.008910936013990583	0.2799453111816152	9.999999999999998	422.2604669814262	19.999999999999996	5.556771826732154	0.013365163632506658	0.4198789988190838	9.999999999999998	349.3502678576828	1.0000397424497922	34.75172503360184	0.08358494933183343	0.13130014936800005	0.5000198712248961
10	6	352.16205332036003	19.983719040191723	4.721828412857246	0.011202793731156357	0.351659643802873	9.991859520095861	423.82364997006033	19.99999999999993	4.3582369596115775	0.010340153309485924	0.32484549674073054	9.999999999999964	341.027840087226	1.0002230253278526	1.763868742068717	0.0041848741543475225	0.006575051025686571	0.5001115126639263
11	6	359.9999999979419	19.999999999999996	2.062159698768205	0.004798855912130644	0.15076050479185574	9.999999999999998	418.00000000000006	19.999999999999996	4.810120129872623	0.011193640064387899	0.35165857393209393	9.999999999999998	340.00000000000006	19.999999999999996	1.0217544004479575	0.002377726685408533	0.07469848687123855	9.999999999999998
12	6	355.74357662051193	1.0000005212515912	6.425370909473052	0.015347549714358522	0.024107887282884488	0.5000002606257956	418.0000000954472	19.999999999999996	4.935053075406007	0.011787797698359357	0.3703245865116842	9.999999999999998	340.00657267074774	19.999999999999996	3.112242327874707	0.0074338578306454885	0.23354153148586818	9.999999999999998
13	6	359.9999995700894	19.999999999999996	1.2913719553050507	0.0031970934350737446	0.1004396524846783	9.999999999999998	423.99999999999994	19.999999999999996	4.986434187455818	0.012345084574317244	0.38783227006619725	9.999999999999998	340.00000000000006	19.999999999999996	1.5224112095618842	0.0037690851683574137	0.11840930275665897	9.999999999999998
14	6	359.999999993169	19.999999999999996	1.472438110227098	0.0035517250266649206	0.11158073251341524	9.999999999999998	423.99999999999454	19.999999999999996	3.8209757151686605	0.009216723595771591	0.28955191138643727	9.999999999999998	340.00000000000006	19.999999999999996	1.7212401342104247	0.004151870030471006	0.1304348438638734	9.999999999999998
15	6	359.99999999999335	19.999999999980147	2.719812898176925	0.0065216939320339	0.20488505745818494	9.999999999990074	423.9999999999997	19.999999999999964	4.185800711667489	0.010036907730043886	0.3153187558946442	9.999999999999982	340.00000000000153	19.999999999999996	0.9691339576843793	0.0023238345017757432	0.0730054139893717	9.999999999999998
16	6	359.9999998998719	19.999999999999996	3.1442395069901283	0.007136891127863795	0.22421204736767067	9.999999999999998	423.999999999992	19.99999999999998	4.260423312014928	0.009670439312547857	0.30380581101286247	9.99999999999999	340.00000000000006	19.999999999999996	0.5483610664369046	0.0012446867426030854	0.03910298726582462	9.999999999999998
17	6	359.99999999986017	19.999999999999996	2.3995209092661756	0.005783955185569546	0.18170831119677872	9.999999999999998	423.99999999999994	19.999999999999996	4.084359968863459	0.009845196568370441	0.30929597212340015	9.999999999999998	340.00000000000006	19.999999999999996	1.3334090314057088	0.0032141324761545517	0.10097494974751509	9.999999999999998
18	6	355.4864291124102	19.999999999999996	4.080990443861662	0.009364009605549459	0.2941790378493843	9.999999999999998	423.99999989294247	19.999999999999996	3.8018998332635716	0.008723624092667389	0.2740607336220279	9.999999999999998	340.00000000000006	19.999999999999996	0.04651610826448156	0.00010673322826730668	0.0033531232581849304	9.999999999999998
19	6	359.99999980357643	19.999999999984738	3.192246634656732	0.0073178318377471714	0.22989646741654465	9.999999999992369	423.9999999999872	19.999999999999954	4.0862112908830825	0.009367135595211185	0.29427724371094843	9.999999999999977	340.00000000000006	19.99999999993609	0.6290571047951492	0.00144203585626961	0.04530289252255197	9.999999999968045
20	6	359.9999999970711	19.999999999999996	0.9552550803893728	0.002258565677280754	0.07095493339395272	9.999999999999998	418.00000000000006	19.999999999999996	3.5679040503591386	0.008435805046634728	0.26501863161623357	9.999999999999998	340.00000000000006	19.999999999999982	2.268600903417517	0.005363786323772706	0.16850831710189723	9.999999999999991
0	7	359.9999998102094	19.999999999999996	1.3266617484371839	0.0033165547566881945	0.10419264058839914	9.999999999999998	423.99999999999994	19.999999999999996	3.5183032309333977	0.008795493900211823	0.2763185902159929	9.999999999999998	340.00000000000006	19.999999999999996	1.7606843421801772	0.004401578651802503	0.13827967156700408	9.999999999999998
1	7	359.99999999998647	19.999999999999996	3.2524314581591236	0.0076933498130701715	0.24169371254237654	9.999999999999998	423.99999999999176	19.999999999999996	3.8764643721068226	0.009169446562111725	0.2880666595701437	9.999999999999998	340.00000000000006	19.9999999999999	0.3268172573357845	0.0007730584081410492	0.02428634615811728	9.99999999999995
2	7	353.4386921354445	2.854510399297405	8.425306734280413	0.021237517896022306	0.09522593912533575	1.4272551996487024	420.83413563065375	19.999999999963407	8.310533535157587	0.02094821117435279	0.6581074633107393	9.999999999981704	349.3163143551968	19.999999787677318	5.718117168009244	0.014413554249965299	0.45281515663094274	9.999999893838659
3	7	351.27670997586523	9.613947068604721	241.81257656650007	0.5325690934792465	8.042620253597713	4.806973534302361	419.43379437148565	3.7702662138719556	213.16297068454324	0.46947107413824085	2.7803580819220577	1.8851331069359778	340.0000000000004	19.999999999999996	35.429588049619014	0.07803028220386926	2.4513936132921397	9.999999999999998
4	7	352.1192134413955	9.37500110294568	262.4647871188015	0.5872567365788842	8.648070311520973	4.68750055147284	419.4953340009293	4.461725229489306	64.80780674449977	0.14500543677267866	1.0162650356517935	2.230862614744653	340.0000000000013	19.999999999999996	35.58425261591946	0.0796186501595914	2.501293664301081	9.999999999999998
5	7	354.7747307531843	5.517953077189618	65.79716913123542	0.16796277029822979	1.455830819978481	2.758976538594809	419.50877081625214	6.822419640914418	20.35466783702235	0.05196008344352244	0.5568370779787164	3.411209820457209	349.99999999997056	9.717080623062952	82.13406700140993	0.20966654966418927	3.2002568180838793	4.858540311531476
6	7	352.16405132370727	8.200715971681538	35.269388129781845	0.08806580513354012	1.134433277231955	4.100357985840769	421.1939677101187	19.999999999999964	5.164812318539663	0.012896264418370983	0.40514809555505654	9.999999999999982	342.9722926400644	6.156392228613158	5.177319430221333	0.01292749401770762	0.12501453325911666	3.078196114306579
7	7	355.06288370130346	19.99999420953613	5.980799305193677	0.013781007962213414	0.4329430083844424	9.999997104768065	422.8050259936569	19.999999999999996	4.275715941130807	0.009852140562168278	0.3095141241224187	9.999999999999998	349.99999999999994	1.7624544992766122	4.531442641048479	0.010441388170703753	0.028906534730631837	0.8812272496383061
8	7	353.63442834633776	19.999999999999996	3.9169554757163527	0.009624494901612577	0.30236242477418485	9.999999999999998	423.8682014791197	19.999999999999996	6.014051556936886	0.014777346565878044	0.4642440341091281	9.999999999999998	340.00000000000006	19.999999999999996	0.012369704516509029	3.039405446185787e-05	0.0009548573821018074	9.999999999999998
9	7	350.9912283858875	19.999999502854063	2.7027355843899854	0.006743729865920508	0.2118605167794196	9.999999751427032	423.9999999999999	19.999999999999893	3.62814329942524	0.00905276064276768	0.28440086330025605	9.999999999999947	342.5902218457006	19.999999999999442	1.4455025029878654	0.0036067451277747857	0.1133092399678773	9.999999999999721
10	7	353.77705454224844	19.999999999997478	3.407065409441293	0.008501192816612192	0.2670728489941582	9.999999999998739	423.9999999999984	19.999999999999996	4.136746922029605	0.010321869113592267	0.32427108178576847	9.999999999999998	349.9999826937821	1.473933598356592	2.2840076766530317	0.005698977659790193	0.01319455507611585	0.736966799178296
11	7	349.98036454364956	1.0000000328097256	4.588540515940276	0.010836462996880746	0.01702187682943218	0.5000000164048628	419.3660046458072	19.999999999999996	4.295642285452047	0.010144743957785123	0.3187065309032718	9.999999999999998	340.00000000000006	19.999999999999996	2.2588146812387313	0.005334498327958774	0.16758820757702314	9.999999999999998
12	7	354.92186514922105	19.99999999994144	3.4251014338032064	0.008149974521205148	0.25603900082687114	9.99999999997072	423.9999999999971	19.999999999999996	4.581305283882772	0.01090114323885813	0.3424695151492674	9.999999999999998	345.4159268372872	19.999999999999996	0.2862203259718591	0.0006810567246563219	0.02139602802858227	9.999999999999998
13	7	349.55357830066697	19.999999999999996	4.513935231931479e-11	1.088500136688084e-13	3.4196240328507694e-12	9.999999999999998	418.00000000000887	19.999999999999996	3.3445349548410186	0.008065084163701589	0.25337209159268287	9.999999999999998	347.06392717974137	19.999999999999964	3.944826148431808	0.009512639373740868	0.29884837972793266	9.999999999999982
14	7	359.99999999999994	19.999999999999996	2.290641385272524	0.0058398569572740856	0.18346451714987505	9.999999999999998	423.9999999985382	19.999999999999996	4.23359369736921	0.010793300848754144	0.3390815465443049	9.999999999999998	340.34698229667396	19.999999999999996	1.5201154814838362	0.0038754459897035673	0.1217507265063675	9.999999999999998
15	7	359.99999999999983	19.999999999999996	1.6339900575586541	0.003807628754355209	0.11962018522279577	9.999999999999998	423.9999999999683	19.999999999999996	5.251517991320413	0.012237425078118957	0.38445004724274007	9.999999999999998	340.00000000000006	19.999999999999996	2.0183208971096493	0.004703221202479586	0.14775605177917617	9.999999999999998
16	7	359.9999999841405	19.999999999999996	0.6592657611817266	0.0016646433352072252	0.05229631272734229	9.999999999999998	423.9999984962023	19.999999999999996	3.8853013370443787	0.009810369894516394	0.3082018598961117	9.999999999999998	340.00000000000006	19.999999999999996	2.348308357382963	0.005929468943028324	0.18627976071106614	9.999999999999998
17	7	351.08569155099593	19.999999999999996	2.8425205385765917	0.0066166391922183225	0.2078678507772738	9.999999999999998	423.9999999915527	19.999999999999957	3.7297827675222375	0.008681951987022799	0.2727515658125007	9.999999999999979	340.00000000000006	19.99999999999922	6.849725684800381e-05	1.5944357413399735e-07	5.00906761161446e-06	9.99999999999961
18	7	358.856579143675	19.999999961291227	1.8155453017073049	0.004056805398852598	0.12744830013411895	9.999999980645613	418.00000000000006	19.999999999999996	3.6714511448606286	0.008203795747805229	0.25772984452856085	9.999999999999998	348.305706622914	19.999999999991807	2.9402129177617167	0.006569856245027394	0.2063981211451063	9.999999999995904
19	7	353.2385787272669	3.3751340548929494	11.159171020657118	0.026071109063930644	0.1382198478115969	1.6875670274464747	423.99999999999994	19.999999999999996	4.3062769452455845	0.0100607308276898	0.3160671805801463	9.999999999999998	349.99999999999994	19.999999999999996	8.645424867791474	0.020198257936451722	0.6345469874846845	9.999999999999998
20	7	359.9999999999976	19.999999999821316	1.768957220901157	0.004001578250842044	0.12571328835497744	9.999999999910658	423.9999999991378	19.99999999999991	3.687722846520616	0.00834203979803012	0.2620729094544499	9.999999999999956	340.0000000002496	19.999999991840312	1.3350165330090107	0.003019956084795511	0.09487471846286633	9.999999995920156
0	8	359.99999871507384	19.999999999999996	1.8438183294759134	0.004310789735733248	0.13542745364949857	9.999999999999998	423.99999999999994	19.999999999999964	4.6476723714619945	0.010866113018653065	0.3413690083247682	9.999999999999982	340.00000000000006	19.999999999999996	0.9557963746629666	0.0022346221075474947	0.07020272396620549	9.999999999999998
1	8	359.99999996803274	19.999999999999996	1.6773076021310311	0.0041509843729221835	0.13040702011138364	9.999999999999998	423.99999915206735	19.9999999999523	3.6125704475726717	0.008940353847381653	0.28086949967360453	9.99999999997615	340.00000000000006	19.999999999999996	2.3819157708748953	0.005894741745614644	0.18518877362832034	9.999999999999998
2	8	351.63047592783374	4.468303900456649	14.330803377018336	0.03405107122843156	0.23899750053141122	2.2341519502283247	419.9468102527016	19.999999999999996	5.258657183312323	0.012494966653581076	0.3925409544573974	9.999999999999998	340.0000457426849	19.999999999999996	2.4865242999797577	0.00590816954376865	0.18561062034866546	9.999999999999998
3	8	351.75763156058616	7.53222778969315	118.4939600739121	0.28492195613247895	3.3710814037293892	3.766113894846575	419.6272181292099	4.231631450821207	65.37338911259312	0.15719209564227016	1.0448607545859483	2.1158157254106036	344.62494482877463	7.368422324202297	13.708012709773271	0.03296129012416536	0.38150355444061695	3.6842111621011484
4	8	351.76208973906625	9.701968988683582	32.08985788979598	0.07963003867935448	1.2135472370919294	4.850984494341791	421.52139507238456	19.999999995423792	5.048252557419596	0.012527090266058773	0.3935501474170161	9.999999997711896	347.13205779356366	19.999999999999954	2.4300846312865203	0.006030183550453883	0.1894438034190389	9.999999999999977
5	8	351.3848212091487	2.2553705087894413	13.634201781464542	0.03379978458623532	0.11974343347164469	1.1276852543947207	423.9999999992883	19.999999999999996	3.70485905841841	0.009184508202536941	0.28853983495925245	9.999999999999998	349.99999999999994	19.999999999999996	4.030034344165175	0.009990632007008579	0.31386496117937196	9.999999999999998
6	8	359.937324767757	19.999999999999996	2.2513255776861145	0.005044411873175946	0.15847487282450676	9.999999999999998	423.9999999999357	19.999999999999996	4.235788714254554	0.009490880881125669	0.2981648165224022	9.999999999999998	340.00000000000006	19.999999999999996	1.8241816375577364	0.004087335746784085	0.1284074395485183	9.999999999999998
7	8	353.7640917700647	19.999999998420993	1.4431316506108922	0.0034343750874638347	0.10789407543596359	9.999999999210496	418.7176772841327	19.999999999999996	5.106064576976812	0.01215144922552804	0.38174903617388267	9.999999999999998	346.6969442432313	19.999999999982535	2.3518893783540737	0.00559704326772325	0.17583630011688217	9.999999999991267
8	8	349.44322932090546	1.00000000156258	39.04507743924347	0.0999488610014371	0.15699930397371506	0.50000000078129	418.236353123827	19.999999999999996	5.105015520970703	0.013067985010649426	0.4105428570667776	9.999999999999998	340.00000000000006	19.999999999999996	1.8989869624619191	0.004861088680128512	0.15271560485940233	9.999999999999998
9	8	349.89120579167474	19.99999619974807	3.279762555879234	0.008182752374865716	0.2570686986239255	9.999998099874036	418.0338331108639	19.99999999320716	5.326258052262465	0.013288599398200806	0.4174736623170624	9.99999999660358	340.00000000000006	19.999999999999993	0.1278583030273214	0.0003189965172532565	0.0100215711512356	9.999999999999996
10	8	353.2821216744473	3.5993722050008436	8.048063517260395	0.019420608650609975	0.10980180323529659	1.7996861025004218	423.0319281618256	19.999999999999996	5.26343094647162	0.012701071798415788	0.3990159385461953	9.999999999999998	340.00000001372575	19.999999999999996	2.7468553042112998	0.006628377344255726	0.20823661569934807	9.999999999999998
11	8	355.5981006469907	19.999999573649625	3.318099448864189	0.007813066788694648	0.24545472702120918	9.999999786824812	418.00000000000006	19.999999999997478	4.040075603496817	0.009513090553178428	0.29886255394796046	9.999999999998739	340.00000000000006	19.999999999999996	0.8875006242585876	0.0020897811410426938	0.0656524108031022	9.999999999999998
12	8	358.3782519078299	19.999999999999996	1.983812585125657	0.0049224186738963255	0.15464234343805905	9.999999999999998	423.9999999999693	19.999999999999996	5.321203133497194	0.013203459776550982	0.41479892235980886	9.999999999999998	340.00000000000006	19.999999999999996	1.3286857991658696	0.003296857696434397	0.10357383919049268	9.999999999999998
13	8	359.99999999999994	19.999999999999996	1.23755709390857	0.002880202343371428	0.09048422522787783	9.999999999999998	423.99999999999847	19.999999999999996	3.4807947531605503	0.008100954092699548	0.2544989786469306	9.999999999999998	340.00000000000006	19.999999999999996	1.5962800597723412	0.0037150686553884755	0.11671232395350142	9.999999999999998
14	8	352.55438679260124	19.99999997439292	2.115416274610475	0.004812882940835558	0.15120117670157526	9.99999998719646	423.99999963483083	19.999999999999993	3.5600729151263453	0.008099689128324086	0.2544592386190406	9.999999999999996	340.0000000000256	19.999999942724934	1.3951213577845083	0.003174106138761174	0.0997174849868974	9.999999971362467
15	8	358.98968527569866	19.999999999999996	2.8363152220639396	0.006585248025768814	0.2068816681982199	9.999999999999998	423.9999999998733	19.999999999999996	4.905158364170373	0.011388608777493685	0.3577836966998239	9.999999999999998	340.00000000000006	19.999999999999996	0.6367318606815447	0.0014783396414754077	0.046443409571697084	9.999999999999998
16	8	359.99999999055325	19.999999999999993	1.6121637325811682	0.0038476388518679417	0.12087713950694988	9.999999999999996	418.8423873351403	19.999999999999996	4.105649146330686	0.009798666753449656	0.3078341948761198	9.999999999999998	340.00000000000006	19.999999999999996	2.22893318107929	0.005319639520737384	0.1671214043809449	9.999999999999998
17	8	359.9999999995903	19.999999999999996	2.0989832347538133	0.004908257212524234	0.15419744800795246	9.999999999999998	423.99999999999994	19.999999999999996	4.138185198564618	0.009676722048710455	0.3040031889905913	9.999999999999998	340.00000000000006	19.999999999999975	0.808537160962512	0.0018906813004409624	0.05939750483744917	9.999999999999988
18	8	352.4210159810619	9.090627285515197	26.468745315460893	0.06362970472731357	0.9086018924800325	4.545313642757598	421.5185390763697	19.999999999999993	5.413454280697869	0.013013707046945423	0.4088376645465345	9.999999999999996	340.0000000028024	19.999999999999996	2.258426778435059	0.005429159083567938	0.17056206292107326	9.999999999999998
19	8	352.5940738494676	7.972852581588788	55.950292120050754	0.13713780026003985	1.7174764471584054	3.986426290794394	418.5683880030701	19.999999999999996	4.859014092624057	0.011909759160242115	0.37415611883840366	9.999999999999998	343.7337238769204	1.000000000237304	35.16173448431502	0.08618369516570407	0.13537703182802455	0.500000000118652
20	8	354.1357648777425	8.846178991943836	9.101410559154202	0.02075882561332047	0.28845520514551404	4.423089495971918	423.99999999999994	19.999999999999996	4.417787818936943	0.01007624986631587	0.31655472555753067	9.999999999999998	340.00000000000006	19.999999999999996	1.3934824936914993	0.003178305153222863	0.09984940120231525	9.999999999999998
0	9	359.9999999519056	19.999999999999996	2.622183003155007	0.00617057611843601	0.19385436602095185	9.999999999999998	418.00000000000006	19.999999999999996	3.562379915765023	0.008383067240755927	0.2633618245810807	9.999999999999998	340.00000000000006	19.999999999999996	0.804129659687322	0.0018922948048334008	0.05944819457290742	9.999999999999998
1	9	348.25578823672754	19.99999996109374	3.6058868963502064	0.008875501624369864	0.27883210645803064	9.99999998054687	423.9999999999892	19.999999999999996	4.061711887499551	0.009997465669739485	0.3140796470256972	9.999999999999998	345.84573776199124	1.0000611631522345	13.335555630149067	0.03282403166251933	0.0515630219301628	0.5000305815761172
2	9	354.2493818760027	19.999999997010878	3.47409485263517	0.00850031185081183	0.2670451725974155	9.999999998505439	423.9999999737893	19.999999999999865	3.677712840114744	0.008998518280235662	0.2826967892238162	9.999999999999932	340.00000000000006	19.999999999999996	1.9106422019205866e-09	4.674902453894605e-12	1.4686639205404185e-10	9.999999999999998
3	9	351.08819796980526	19.999999998530768	3.477522487902704	0.008369569245971755	0.2629377725492435	9.999999999265384	423.99999999999994	19.999999999999996	3.4100760896255284	0.008207241812364659	0.2578381058395979	9.999999999999998	343.26152589691935	19.999999999999996	1.4513337301765072e-13	3.4930149829319003e-16	1.0973630209257932e-14	9.999999999999998
4	9	359.9999998916621	19.999999999999996	1.0809012790514607	0.0025822402489260824	0.08112346995830057	9.999999999999998	423.99999999999994	19.999999999999996	5.183658635923035	0.0123836026710229	0.3890423517626047	9.999999999999998	343.79819138993264	19.999999999999996	2.2961403098728166	0.0054854092970806	0.17232921549641558	9.999999999999998
5	9	359.9999999910839	19.999999999999996	1.674937029996837	0.004050981010637244	0.12726532182849717	9.999999999999998	423.99999999785507	19.999999999999815	3.590298692643747	0.008683449924349102	0.2727986249014973	9.999999999999908	340.00000000000006	19.99999999999944	1.2881721076280086	0.0031155563779275176	0.0978780902874164	9.99999999999972
6	9	359.20217807326577	19.999999934936145	2.3514983507536815	0.006032664507147678	0.18952174435571958	9.999999967468073	423.999999983943	19.999997599632298	3.8669987047245233	0.009920613309254795	0.31166522150903886	9.999998799816149	340.001825120332	19.999999999999996	1.3262345404617006	0.0034023957694175244	0.10688941553807084	9.999999999999998
7	9	354.4546983623151	19.999999999994415	2.2892923697982446	0.005818203791202455	0.18278426287524813	9.999999999997208	423.99999999999994	19.999999999999996	3.3469889602119	0.008506324536928343	0.26723406674264677	9.999999999999998	340.0000000078857	19.999999999999996	2.1265817197545918	0.005404677002993911	0.16979293567631368	9.999999999999998
8	9	353.626437377456	19.999999715589777	2.6295223932929566	0.006516774133928344	0.20473049453116038	9.999999857794888	419.6879537768053	19.999999999933813	5.234933966041181	0.012973794157348076	0.4075837641377601	9.999999999966906	340.00000000000006	19.999999999999996	0.6307241390682007	0.0015631305386894056	0.04910719416948491	9.999999999999998
9	9	356.607126951805	19.999999999999996	2.5607003954223435	0.0065337759958332565	0.20526462668711087	9.999999999999998	423.9999999998452	19.999999999999996	4.324338859803539	0.011033802115445551	0.34663711667047253	9.999999999999998	340.00000000000006	19.999999999999996	0.5699850938900018	0.0014543501188576276	0.04568975649150564	9.999999999999998
10	9	349.76816677964837	19.999999999298964	3.5145695425440766	0.008866615967428408	0.2785529558449866	9.999999999649482	423.9999999961439	19.999999999999943	6.902675878589832	0.017414188401230067	0.5470828634953281	9.999999999999972	349.7136343532547	1.013553351380376	11.01205397649677	0.02778139753396706	0.04423037077824936	0.506776675690188
11	9	356.1660847926781	19.99999999997539	1.3568217754624774	0.0032808988628535585	0.10307247764699162	9.999999999987695	418.0000000112512	19.999999999999996	3.9141823523242207	0.00946479240014021	0.2973452227203298	9.999999999999998	340.00000000000057	19.9999999992486	1.1657942672443216	0.002818979732558742	0.08856086018092342	9.9999999996243
12	9	357.27284505245007	19.9999999999989	2.847782456262023	0.006978995143273091	0.2192515987154438	9.99999999999945	423.99999999999994	19.999999999999996	4.057065489536102	0.009942557334445544	0.31235465079789426	9.999999999999998	340.00000000000006	19.999999999999996	1.3359367871969847	0.0032739496407339914	0.10285416139552847	9.999999999999998
13	9	355.48928708874087	19.999999999999996	2.188551611375199	0.0049660251350891905	0.15601228081938456	9.999999999999998	423.9999999999829	19.999999999999996	5.006740321913731	0.01136075482719132	0.3569086390433902	9.999999999999998	340.00000000000006	19.999999999999996	1.0287398321032288	0.0023343054087182043	0.07333436723264028	9.999999999999998
14	9	350.59261205933905	19.999999999999996	2.6064631387859887	0.0063089591674732794	0.19820179772332028	9.999999999999998	423.9999999999797	19.999999999999996	4.2996313806901565	0.010407282732030317	0.3269544297477835	9.999999999999998	340.0000000000095	19.999999998952948	0.6736954101823245	0.0016306836536096635	0.05122943786240882	9.999999999476474
15	9	359.9999999999999	19.999999999999545	2.477598283842974	0.005902810140425101	0.1854422497269441	9.999999999999773	423.9999999999926	19.999999999999996	3.817526441173118	0.009095152323622534	0.2857326372317268	9.999999999999998	340.00000006986875	19.999999999999922	0.7255974576163989	0.001728716095186077	0.054309217847789915	9.999999999999961
16	9	359.99999999999545	19.99999999993883	1.5998957428802876	0.003677422982243517	0.11552965025123166	9.999999999969415	423.99999998762934	19.99999999999988	4.249178918557818	0.009766904050033711	0.3068363401190212	9.99999999999994	340.0000000000048	19.999999999868507	1.0387091204537071	0.002387513566693844	0.07500595081422032	9.999999999934253
17	9	356.7510926179383	19.999999999981767	2.7884436665934755	0.00657810960557858	0.2066574081137528	9.999999999990884	418.0000000012357	19.999999999999996	3.797543328863673	0.00895863759002053	0.2814439003898186	9.999999999999998	340.0000000000161	19.999999999999996	0.3471184129073562	0.0008188736224349063	0.02572567356459963	9.999999999999998
18	9	354.0709742796016	4.996841473207573	15.093679335059017	0.03536186897930044	0.2775560250489304	2.4984207366037867	423.99999384294625	19.999999999962988	4.84994172265448	0.01136257104358841	0.35696569716363397	9.999999999981494	347.601899257115	19.999999999999854	7.131601539740014	0.01670810368119415	0.5249005578025575	9.999999999999927
19	9	352.30639434531105	7.942743621877477	23.63803290436081	0.059644793998751874	0.7441542466548545	3.9713718109387384	423.9999999467501	19.999999999999996	4.9838277381340825	0.012575470216535389	0.39507004847704813	9.999999999999998	340.00000000000006	19.999999999999996	2.825658883614448	0.007129859016011226	0.22399112705831814	9.999999999999998
20	9	353.5499984650632	3.17215740589383	4.913287982706464	0.011409408337389619	0.05685095048134939	1.586078702946915	423.99999999999994	19.999999999999996	4.036379120864861	0.009373091452517097	0.29446435248652986	9.999999999999998	349.99999999999994	19.999999999999996	6.437066614350139	0.014947856050082985	0.4696007475385844	9.999999999999998
0	10	356.8916927977082	19.999999999999265	2.547475457303253	0.005915474945845866	0.18584012632363167	9.999999999999632	418.00000009486257	19.999999999999996	3.610715045891244	0.00838441615966303	0.2634042021183691	9.999999999999998	340.00000000000006	19.999999999999982	0.39406209873566067	0.0009150488439428955	0.02874710725806831	9.999999999999991
1	10	359.99999999999955	19.999999999999996	2.2626629703286048	0.0056961807630163865	0.17895079638611777	9.999999999999998	423.99999999999534	19.999999999999996	3.764855487532009	0.009477901784242319	0.29775706616821257	9.999999999999998	340.00000000000006	19.999999999999996	1.623718862642799	0.004087659660859493	0.12841761560931528	9.999999999999998
2	10	359.9999999765565	19.999999999999996	2.578531121289653	0.006069887066251765	0.1906911261545624	9.999999999999998	423.99999999999994	19.999999999999996	3.880012002066788	0.009133585580486481	0.2869400536058999	9.999999999999998	340.00000000000006	19.999999999999996	1.043945535408396	0.0024574578336201847	0.07720331476607858	9.999999999999998
3	10	359.9999999995594	19.999999999999996	1.3454506162762083	0.0031206609680268236	0.09803845571497478	9.999999999999998	423.99999999999994	19.999999999999996	4.600795134283662	0.010671162229041105	0.3352444486402041	9.999999999999998	340.00000000000006	19.999999999999996	1.8571843968168662	0.004307584973735701	0.13532677308201857	9.999999999999998
4	10	359.9999803340914	19.999999999999996	1.2006042305060545	0.002896031029766697	0.09098149807683135	9.999999999999998	423.99999999999994	19.999999999999996	4.715216824517323	0.011373784873408618	0.3573179900181122	9.999999999999998	340.00000000000006	19.999999999999996	2.292795413244416	0.005530554110128217	0.1737474816265964	9.999999999999998
5	10	352.85971677845686	19.999999999932626	2.4667830818673524	0.005973903215494265	0.1876757045499	9.999999999966313	423.9999999864314	19.999999999603958	5.0305279451118246	0.012182622496416684	0.38272837335442517	9.999999999801979	340.00000000000006	19.99999999999989	1.0482361023635267	0.002538553579573877	0.0797510127633332	9.999999999999945
6	10	355.26997100577796	19.999999999999996	2.836768001516098	0.007227111664224356	0.22704640911000334	9.999999999999998	423.99999999999994	19.999999999999996	4.283155329331532	0.010912010366640116	0.34281091603732244	9.999999999999998	340.00000000000006	19.999999999999996	4.936311429855297e-06	1.2576028033975542e-08	3.9508757282876844e-07	9.999999999999998
7	10	353.3173081329776	19.999999999999996	1.9670384069302203	0.005044458026063488	0.1584763227602312	9.999999999999998	419.556673249763	19.99999999552985	4.198426641878918	0.010766839577635247	0.3382502411191858	9.999999997764926	340.00000000000006	19.999999999999996	1.536343924389235	0.003939944646161696	0.1237770115593202	9.999999999999998
8	10	353.9778213916822	1.0000524850584247	6.914995194291516	0.017661842088511223	0.02774461277826401	0.5000262425292124	418.8540256163967	19.999999999999996	8.000387290316015	0.020434081730836384	0.6419556104844898	9.999999999999998	349.99999999999994	19.999999999999996	4.278950517160298	0.010929023985588128	0.34334541464030294	9.999999999999998
9	10	351.42046298239035	19.999999999999996	2.941430130020431	0.007826817384937255	0.24588671997507752	9.999999999999998	420.86288552362805	19.999999999999996	5.575526414739129	0.014835853698402821	0.4660820898863525	9.999999999999998	340.00000000000006	19.999999999999996	0.10275651416955603	0.00027342361911287226	0.00858985633122933	9.999999999999998
10	10	359.99999942244995	19.999999999995747	0.9584242897303997	0.002447932241864859	0.07690405947526599	9.999999999997874	423.9999999994173	19.999999999999996	5.2259067626979885	0.013347601677526905	0.41932727373161316	9.999999999999998	340.00000000000006	19.999999999999996	2.2494296878514377	0.00574531709776312	0.18049445986876445	9.999999999999998
11	10	355.9773089989756	19.99999999996454	3.869291575335542	0.009704604827936995	0.3048791523338485	9.99999999998227	419.5945748120275	19.999999999999304	4.162317362549622	0.010439545427253602	0.3279679922107569	9.999999999999652	349.9999999996451	1.0000080870307142	3.5738544442895996	0.008963616315575615	0.01408012944882346	0.5000040435153571
12	10	352.52627731529356	19.999999999999996	2.7829209221516455	0.006919187025410241	0.21737267127842622	9.999999999999998	422.80254876232914	19.999999999999996	4.333267170067561	0.01077381888292614	0.3384695025370774	9.999999999999998	340.00000000000006	19.99999999999997	6.474254542791517e-10	1.609696404777877e-12	5.057010399760073e-11	9.999999999999986
13	10	359.99999999999994	19.999999999999996	2.319528536739951	0.005444384039516233	0.17104036901865716	9.999999999999998	423.99999999998266	19.999999999999996	4.1622096694682735	0.009769514595160919	0.306918352812958	9.999999999999998	340.00000000000006	19.999999999999996	1.5465003262229935	0.0036299366702463097	0.11403782376242	9.999999999999998
14	10	358.6592161701002	19.999999999895646	2.588357220432053	0.00614471118121101	0.19304179505222846	9.999999999947823	423.9999999999869	19.999999999999996	4.781360568499837	0.01135085973247472	0.3565977754747077	9.999999999999998	340.0000000000005	19.999999999999996	1.4630269174975095	0.003473198284763422	0.10911374215873434	9.999999999999998
15	10	359.9999999937331	19.999999999999996	1.1512703502248114	0.0026084213924838337	0.08194597484093669	9.999999999999998	423.99999999999994	19.999999999999996	4.151144799385596	0.009405206080310332	0.29547326327400986	9.999999999999998	340.00000000000006	19.999999999999996	1.7753625345872834	0.004022420636236749	0.12636807120449348	9.999999999999998
16	10	359.9999999934617	19.999999999999993	1.972318366472587	0.004644897776865136	0.14592376732475068	9.999999999999996	423.9999999999895	19.999999999999996	4.045215623642137	0.009526663330119443	0.2992889553112651	9.999999999999998	340.00000000000006	19.999999999999996	1.313030950578843	0.003092246488687531	0.09714578851949578	9.999999999999998
17	10	348.00000000011994	19.999999999999996	2.639459428664483	0.005994194155314442	0.18831316322526723	9.999999999999998	423.5196596009666	19.999999999999996	5.256965440850547	0.011938532253242654	0.37506005221431915	9.999999999999998	340.2396643207706	1.0000000000000002	16.61754294189217	0.03773832539202051	0.059279222905176406	0.5000000000000001
18	10	359.9999999897314	19.99999999998735	1.936082001643794	0.004453774376514362	0.1399194486199513	9.999999999993674	423.99999999999994	19.999999999999996	3.508548462335889	0.008071085432870738	0.253560627024023	9.999999999999998	340.00000000000006	19.999999999999996	0.7337892312588552	0.0016880130455053633	0.05303049382923381	9.999999999999998
19	10	357.56973066078086	19.99999998773638	1.6012641568928156	0.0036504933116839906	0.11468362962932918	9.99999999386819	423.99999999999994	19.999999999999996	4.170234086884744	0.009507120718838625	0.2986750060709473	9.999999999999998	340.0000000000002	19.999999999999996	0.9414473184550368	0.0021462711973718315	0.06742709826274713	9.999999999999998
20	10	355.6172601680192	19.999999999999957	2.5809548505835664	0.006141901073578419	0.19295351291829185	9.999999999999979	423.99999744460143	19.999999998732278	5.352157955226499	0.012736536124889706	0.4001300831959825	9.999999999366139	340.00000000000006	19.999999999999996	0.7359384732442369	0.0017513135876377046	0.055019139010545955	9.999999999999998
0	11	359.99999999755306	19.999999999999996	2.5231131617629963	0.005925535603359775	0.18615619120099827	9.999999999999998	423.9999999999967	19.999999999999993	5.828287723774848	0.013687743751342933	0.4300131521343854	9.999999999999996	340.00000000000006	19.99999999997764	0.837764073443954	0.001967490368501421	0.06181053287685828	9.99999999998882
1	11	355.1446992203991	19.99999999781166	1.6530318781620719	0.004184480936664768	0.13145934568274184	9.99999999890583	423.99999999999983	19.999999999999996	4.3394590337734344	0.01098489620324328	0.34510069212555494	9.999999999999998	340.00000000000006	19.999999999999996	1.393295190650802	0.0035269841080786224	0.11080347363267747	9.999999999999998
2	11	359.99999999999994	19.999999999999996	1.9257205139093667	0.004621547607076505	0.1451902001060703	9.999999999999998	423.99999994262606	19.999999999999996	3.877054103853939	0.009304564180913959	0.29231150475614015	9.999999999999998	340.00000000000006	19.999999999999996	0.97390703498572	0.0023372850289245365	0.0734279747621473	9.999999999999998
3	11	356.2660167325187	19.9999999999259	2.7236079379900495	0.006475408614573014	0.2034309613245927	9.99999999996295	421.1251698710472	19.999999999999996	4.776787217349168	0.011356865525965458	0.35678645304180256	9.999999999999998	340.00000000000006	19.999999999999996	0.789266189005082	0.0018764892729921958	0.058951649145723324	9.999999999999998
4	11	356.13993208012613	19.999999999999712	2.2969435369420252	0.0052340225495434755	0.16443166790368866	9.999999999999856	418.0000000000003	19.99999999959257	3.924079135905692	0.00894176036685131	0.28091368678088185	9.999999999796286	340.00000000000006	19.99999999008091	1.1863950114382102	0.0027034265939338206	0.08493065122809593	9.999999995040454
5	11	353.29565328198714	19.999999999999996	3.1112352337695803	0.00768483694336007	0.24142627285295432	9.999999999999998	423.9999993366012	19.999999999999996	3.5972457559776294	0.008885296354267713	0.27913981751535616	9.999999999999998	340.00000000000006	19.99999999999997	1.5653665273148116e-14	3.866498549655806e-17	1.2146963438714253e-15	9.999999999999986
6	11	359.9999999979484	19.999999999999996	3.8187629919973745	0.010027307253719196	0.3150171480357186	9.999999999999998	421.8549450458931	19.999999999999996	5.034000340520903	0.01321827728914077	0.4152644282467744	9.999999999999998	340.00000000000006	19.999999999999996	0.17251043771193716	0.0004529778797574485	0.014230719792846805	9.999999999999998
7	11	355.11214988306455	19.999999999999996	1.5657380330539565	0.00395867558293764	0.12436546129302178	9.999999999999998	418.88912267215755	19.999999999999996	4.410630142877667	0.011151452850591183	0.35033322352270213	9.999999999999998	340.0000000000139	19.999999999999996	1.7102695050093548	0.004324096360179598	0.13584549358554587	9.999999999999998
8	11	348.6016919153413	19.99999998138377	3.7194779445439834	0.010603256651120564	0.3331111316828111	9.999999990691885	418.43547977634415	19.999999966995727	3.9272084507364906	0.011195441872881944	0.3517151788349695	9.999999983497863	340.0000015293341	19.999999999721254	0.6442656333117527	0.001836632442335608	0.05769950988105808	9.999999999860627
9	11	348.65146666267043	19.999999999999815	3.909343145805573	0.011238448701030069	0.3530662787690149	9.999999999999908	419.1478299958971	19.999999999997577	3.5409273620707986	0.010179339348965283	0.3197933771710297	9.999999999998789	349.99999999999994	2.39874389853194	4.804358043383538	0.01381140754294696	0.05204052876110311	1.19937194926597
10	11	359.9999999959604	19.999999999999996	1.1394295779268384	0.003201750515621734	0.10058595898504569	9.999999999999998	423.99999999999994	19.999999999999996	4.626952598571504	0.013001547577155177	0.40845566353688867	9.999999999999998	345.5987059293291	19.999999999999996	1.9362983337236448	0.005440919130497813	0.1709315156914809	9.999999999999998
11	11	354.6951245398359	19.999999999999996	2.5604551067947394	0.0068209660568683	0.21428696854642787	9.999999999999998	418.01356172292765	19.999999999999996	3.980045612196021	0.010602707289627552	0.33309387329256857	9.999999999999998	340.00000000000006	19.999999999999996	0.5869278625264469	0.0015635560324800083	0.04912056145115197	9.999999999999998
12	11	359.8427405531652	19.999999971744902	2.5729204863033477	0.006444348560638016	0.20245518066670393	9.999999985872451	418.0000000201934	19.999999999999975	4.621146738787711	0.01157450472843433	0.3636237902378957	9.999999999999988	343.4929508823413	19.999999999999996	2.335566702963112	0.0058498527259733864	0.1837785434850021	9.999999999999998
13	11	352.11538571876235	19.999999999999996	2.7903547176079337	0.007012427188040972	0.22030189737782843	9.999999999999998	423.9999999999999	19.999999999987256	4.8756104686042825	0.012252873511955333	0.3849353741049932	9.999999999993628	340.00000000587676	19.999999933650738	0.6415851100198663	0.0016123644927847924	0.05065392428637484	9.999999966825369
14	11	359.9999999999927	19.999999999999996	2.0678947688825216	0.0050981972924868495	0.16016459160628058	9.999999999999998	423.9999999964846	19.999999999999996	4.4488126963239925	0.010968123322559949	0.344573756538212	9.999999999999998	340.00000000000006	19.999999999999996	2.029998958824008	0.005004768787736914	0.15722944856469778	9.999999999999998
15	11	359.99999998248245	19.999999999999932	2.8236275376785884	0.0066831507984778105	0.2099573745133058	9.999999999999966	423.9999999991726	19.999999999999986	3.750031746076117	0.008875826334627046	0.2788423080740313	9.999999999999993	340.00000000000006	19.999999999999996	0.8428150284380078	0.0019948310657521757	0.06266946621319731	9.999999999999998
16	11	359.99999999999835	19.999999999999996	1.583056560124237	0.003748340222684833	0.11775758106741797	9.999999999999998	423.0195221453845	19.999999999999996	4.573525733636019	0.010829133272109158	0.3402072553240292	9.999999999999998	340.00000000000006	19.999999999999996	1.1987708710438636	0.0028384336901797168	0.08917202428770363	9.999999999999998
17	11	359.99999384420374	19.999999999999996	1.9242474402834304	0.004262734361189588	0.13391774953317986	9.999999999999998	423.99999999999994	19.999999999993175	3.868663591350216	0.008570147932899232	0.26923913786164794	9.999999999996588	340.00000000000006	19.999999999999996	1.220588624498492	0.002703937633800609	0.08494670606112958	9.999999999999998
18	11	352.78308672022155	19.999999999999996	2.776340075242593	0.006650548827738513	0.2089331533956352	9.999999999999998	423.9999999997825	19.999999999999996	4.493151603498026	0.010763063356669003	0.3381316077143283	9.999999999999998	340.00000000000006	19.999999999999996	0.1794056505761308	0.00042975500363531534	0.013501151622641611	9.999999999999998
19	11	359.99999998930286	19.999999999999996	2.2173524623430088	0.00499409576253724	0.15689414558910908	9.999999999999998	423.99999999999994	19.999999999999996	3.848921736111683	0.008668844515743634	0.2723397824577236	9.999999999999998	340.00000000000006	19.999999999999982	1.8003177347518924	0.00405481732067287	0.12738584306274525	9.999999999999991
20	11	359.5859347800344	19.999999999999996	2.097049043665629	0.004830494466199772	0.1517544592821935	9.999999999999998	423.999999063562	19.999999999999996	4.529663683958478	0.01043395500224472	0.32779236382938476	9.999999999999998	340.00000000000006	19.999999999999996	2.7913951263927	0.006429901461649803	0.20200131195225288	9.999999999999998
0	12	359.9999998426068	19.999999999999996	2.5518480680952256	0.006246516940741831	0.19624011731558721	9.999999999999998	418.00000000000006	19.999999999999996	3.8474733605171605	0.00941800094841168	0.29587522591031834	9.999999999999998	340.00000000000006	19.999999999999996	0.7624682786521705	0.0018664006995268015	0.058634707262882495	9.999999999999998
1	12	359.99999999999994	19.999999999999996	3.0635644099536075	0.00753661332216773	0.236769690458691	9.999999999999998	423.9999999974257	19.999999999999996	3.3406731088367403	0.008218322870987959	0.25818622756324744	9.999999999999998	344.5980042418207	19.999999999999996	2.0746787530565145	0.005103875563608876	0.16034297975470105	9.999999999999998
2	12	359.9999999486458	19.999999999999996	0.8150093810305187	0.001888654705042682	0.05933383746529886	9.999999999999998	423.99999999999994	19.999999999999996	4.219271244850675	0.00977749050981798	0.3071689235618808	9.999999999999998	340.00000000000006	19.999999999999996	2.0815143085261436	0.004823578579476936	0.1515371902929783	9.999999999999998
3	12	359.9999997249865	19.999999999999996	2.717771779094458	0.006816124210796125	0.21413485746592628	9.999999999999998	423.99999999999994	19.999999999999996	4.695897872827365	0.011777229945727597	0.36999259077135527	9.999999999999998	340.00000000000006	19.999999999999996	1.1078084364137661	0.002778364232952627	0.08728488663240612	9.999999999999998
4	12	359.99999999994003	19.999999999999996	1.2348326794273239	0.0027803180290626806	0.08734626694746568	9.999999999999998	423.99930093109896	19.999999999999996	3.8162718551779413	0.008592621186278048	0.2699451559389112	9.999999999999998	340.7201367111179	19.999999999999996	1.8643132021837818	0.004197640453000511	0.13187276409557733	9.999999999999998
5	12	348.8661658718756	19.999999997777874	2.738732611090455	0.006923378764915727	0.2175043586346221	9.999999998888937	419.51606770340163	19.999999999997605	4.651267459634449	0.011758170998356392	0.3693938362808458	9.999999999998803	340.00000000000006	19.999999999999996	0.21397992584863434	0.0005409305270399568	0.016993833698511828	9.999999999999998
6	12	351.4759654861868	1.0000000000525309	22.465257179932912	0.05665698531642036	0.08899658442698057	0.5000000000262654	423.99999999068854	19.999999999999996	4.949945677088417	0.012483676340655824	0.3921862588159704	9.999999999999998	340.00000000000006	3.1933736201184786	6.1956043660733435	0.01562520574696646	0.07837821256433734	1.5966868100592393
7	12	350.7389807399486	3.595889378067048	11.257724512928114	0.0314002236934366	0.17736133206834048	1.797944689033524	418.00000000000006	19.999999999999996	6.694436286742552	0.018672227825772297	0.5866053376360115	9.999999999999998	340.00000000000006	19.999999999999996	0.7872490693083692	0.002195807585302422	0.0689833297868283	9.999999999999998
8	12	349.2039105746947	5.815684436742093	3.5800329728704696	0.009611730649637721	0.08780561769448052	2.9078422183710466	418.00000354698375	19.99999999993428	4.434835284463811	0.011906717774053843	0.37406057087211647	9.99999999996714	349.4276688047117	19.999999999999996	3.5983163989351064	0.009660818288778919	0.3035035576369376	9.999999999999998
9	12	351.18777991644424	19.999999999999996	3.6063257984458703	0.009441172025402225	0.2966031667628109	9.999999999999998	423.99801607285315	19.999999999999996	3.8194453534012833	0.00999910785615227	0.3141312378333995	9.999999999999998	340.00000000000006	19.999999999999996	5.807450911939277e-12	1.5203602268082965e-14	4.776352519351055e-13	9.999999999999998
10	12	355.11698965276844	19.999999999999996	2.182185914597852	0.005583471789685044	0.17540993956000386	9.999999999999998	423.9999999768773	19.999999999999996	4.071526687232895	0.010417652431463023	0.32728020346336073	9.999999999999998	340.00000000000006	19.999999999999996	0.79037207848265	0.002022293414159385	0.06353222133326143	9.999999999999998
11	12	353.7143203615489	19.999999999999996	2.9768574313255423	0.0077609387598917366	0.24381708193036153	9.999999999999998	423.9999999999999	19.999999999999996	4.94997076985693	0.012905025146268973	0.4054233219391014	9.999999999999998	340.00000000000006	19.999999999999996	0.3612350582441049	0.0009417727350516962	0.029586663057895746	9.999999999999998
12	12	359.999999999984	19.999999999999996	3.033578366694769	0.007623137477888595	0.2394879269783983	9.999999999999998	418.00000000044474	19.999999999999996	5.184412402197993	0.013028009731980828	0.4092869966488729	9.999999999999998	340.00000000000006	19.999999999999996	1.1773593344250983	0.0029586089371334834	0.09294744101743656	9.999999999999998
13	12	359.99999039408937	19.999999999999993	1.972319748210689	0.004814267583523144	0.15124467672811792	9.999999999999996	423.9999999996373	19.999999999999996	3.8854121756045807	0.009483966229415405	0.2979475863322512	9.999999999999998	340.00000000000006	19.999999999999996	0.9486198240538695	0.0023155016686179438	0.07274363031505038	9.999999999999998
14	12	359.9999999993258	19.999999999999996	1.617703435475386	0.004036884381706441	0.12682246316960327	9.999999999999998	418.00000000000006	19.999999999999996	3.9284615490113786	0.009803246209140923	0.3079780627196911	9.999999999999998	340.00000000000006	19.999999999999996	1.5811496344213782	0.003945666507446586	0.12395676913309488	9.999999999999998
15	12	359.99999996961617	19.999999999999996	0.9614070419287297	0.0022567340723528544	0.07089739182809503	9.999999999999998	423.99999999999994	19.999999999999996	6.028920035187185	0.014151830254543002	0.44459285962522055	9.999999999999998	340.00000000000006	19.999999999999996	1.6458137598876026	0.0038632585644830836	0.12136784725097903	9.999999999999998
16	12	355.00562707324116	1.4566747252316414	7.703715943973488	0.017315891842348333	0.03962117277285817	0.7283373626158207	423.99999999999994	19.999999999999996	3.3261804923806966	0.007476363624135111	0.2348768903714882	9.999999999999998	349.99999977829	19.999999999999996	2.6754131794412874	0.006013612857187409	0.18892321973673087	9.999999999999998
17	12	359.9999999997529	19.999999999999996	1.0331111712166703	0.002499260629687947	0.07851658833633852	9.999999999999998	423.9999999994581	19.99999999999989	4.348064847772966	0.010518662068643927	0.33045351480445195	9.999999999999945	340.00000000000006	19.99999999998234	1.6826754880782173	0.004070660270706576	0.12788356401700327	9.99999999999117
18	12	359.99999802855007	19.999999999999996	1.1901548930824535	0.002752661645720546	0.08647741604014056	9.999999999999998	423.99999999999994	19.999999999999996	4.42969750600011	0.01024527017263265	0.3218646550838536	9.999999999999998	340.00000000000006	19.999999999999996	1.3337361179002285	0.0030847449173171003	0.09691011970441854	9.999999999999998
19	12	359.9999965982996	19.999999999999996	2.3563875323391263	0.005422649882780627	0.17035757034733168	9.999999999999998	423.9999999998479	19.999999999999176	5.31280993354554	0.012226133336725816	0.3840953067246551	9.999999999999588	340.00000000000006	1.0000000000072267	24.216112784510212	0.0557274639040265	0.0875364956026726	0.5000000000036133
20	12	359.99999604600123	19.999999999999996	3.278491845981743	0.007782030422886723	0.24447969606553194	9.999999999999998	423.99999999999994	19.999999999999996	3.3916050303584715	0.008050522852760589	0.25291463451789403	9.999999999999998	340.00000000000006	19.999999999999996	1.172499476520482	0.0027831170628911054	0.08743420118859097	9.999999999999998
0	13	355.49292565542464	19.999999882885106	1.1175979178560003	0.0026321109873460678	0.0826902049285811	9.999999941442553	423.99975672562636	19.999999999999993	4.41079315954173	0.010388080500733848	0.32635117386004825	9.999999999999996	340.0000000000021	19.999999999999996	2.3726433258479935	0.005587931461968312	0.17555004429682916	9.999999999999998
1	13	359.99999998831845	19.999999999999996	1.584072655472682	0.003974975525442091	0.12487753908928098	9.999999999999998	423.9999999999796	19.999999999999996	4.12950668873659	0.010362332790208583	0.325542285677719	9.999999999999998	340.00000000000006	19.999999999999996	0.9780763406772984	0.002454325250028451	0.07710490175009312	9.999999999999998
2	13	359.99999999944714	19.999999999999996	2.3876597004658433	0.00565483034273704	0.17765173462039333	9.999999999999998	419.97647805179923	19.999999999999982	5.014346334851031	0.011875761775338266	0.3730880594918514	9.999999999999991	340.00000000000006	19.999999999999996	0.7166570801478594	0.001697299745590534	0.05332224411687045	9.999999999999998
3	13	359.99999883309823	19.999999999999996	1.6523602537212265	0.0039107905900818115	0.12286110987529107	9.999999999999998	423.99999999999994	19.999999999999996	4.4657115441415565	0.010569403763808388	0.3320476121720473	9.999999999999998	340.00000000000006	19.999999999999996	1.2930930101536142	0.0030604802825658496	0.09614782372165286	9.999999999999998
4	13	348.00001392299475	19.999999999999996	5.073691417813293e-09	1.249043945041633e-11	3.923987281753607e-10	9.999999999999998	423.99999999999994	19.999999999999996	4.462424849539255	0.01098562029009356	0.3451234399848489	9.999999999999998	343.050638854189	19.999999999999996	2.5006495676322884	0.006156111879717448	0.19339995855997183	9.999999999999998
5	13	354.23992445892554	19.999999999999993	1.165534385760373	0.0028316081307536147	0.08895759301420679	9.999999999999996	423.9999999999929	19.999999999999996	3.2635409909017588	0.007928611388720572	0.2490846729197291	9.999999999999998	340.00000000000006	19.999999999999996	2.1612126706530987	0.005250559267298378	0.16495118421382388	9.999999999999998
6	13	359.99999999999966	19.999999999999996	2.387357213362076	0.006496833040918382	0.2041040295294862	9.999999999999998	423.9999999994426	19.999999999999996	4.424412360118085	0.01204037177468813	0.37825943513850124	9.999999999999998	340.00000000000006	19.999999999999996	1.350461024895129	0.003675076254992142	0.115455925640656	9.999999999999998
7	13	349.5998691811031	2.2628771953835565	21.903104452065	0.06329858112650795	0.22499602109217318	1.1314385976917782	418.00000000000006	19.999999999999996	6.9198450162843255	0.01999791272076226	0.6282529569067656	9.999999999999998	340.0000000000385	19.999999999964505	1.9902991307948794	0.005751838113741013	0.18069932362734467	9.999999999982252
8	13	348.04647590125546	19.999999999989075	3.144771123839936	0.008772708224104538	0.27560275708918525	9.999999999994538	418.0000000000616	19.999999999999996	3.9839478846601875	0.01111369031189985	0.3491468783813662	9.999999999999998	349.13548784124094	1.000000469486975	7.549996174384756	0.021061600645234792	0.033083500462221097	0.5000002347434875
9	13	350.0746620824099	3.593917529663947	9.558368663353294	0.026669749743258562	0.15055907038134653	1.7969587648319736	423.999999709765	19.999999999999996	4.840157381871239	0.01350500180929465	0.42427214470796926	9.999999999999998	349.9999999923843	19.999999999999996	2.1796388860312303	0.00608162602516048	0.19105991642524656	9.999999999999998
10	13	353.22341159867256	19.999929280266056	2.2316302696280763	0.0058069282286150265	0.1824293855592401	9.999964640133028	420.9215303946194	19.999999999998888	4.7602498612753195	0.012386652785144068	0.3891381739237399	9.999999999999444	340.00000000000006	19.999999999999996	0.6422687904656836	0.001671248513014293	0.05250382050808567	9.999999999999998
11	13	348.5847650575125	19.999999999999996	4.203089803532117	0.010747117064944623	0.3376306401849952	9.999999999999998	423.9999992399923	19.999999999999996	4.534203429784238	0.011593760146455617	0.3642287170358708	9.999999999999998	340.00000000000006	19.999999999999996	3.539844352168672e-13	9.051227411907732e-16	2.8435269543219884e-14	9.999999999999998
12	13	353.97541041411745	19.999999999942347	2.092345011363031	0.005045085774576012	0.15849604406092682	9.999999999971173	423.9999125196164	19.999999999999996	5.1523079024191025	0.012423302640608416	0.39028956309058066	9.999999999999998	340.00000000000017	19.999999999999996	1.38427773284198	0.0033377860056998444	0.10485963994761448	9.999999999999998
13	13	359.9999999999877	19.999999999999968	1.2732339835761202	0.0030873643749386778	0.09699241239262178	9.999999999999984	423.99999999999085	19.999999999999996	4.111582553120971	0.009969851310025288	0.3132121163295801	9.999999999999998	340.00000000000006	19.999999999999996	1.480736090632288	0.00359051982108109	0.1127995069247689	9.999999999999998
14	13	359.69348765915555	19.999999997565585	1.7612636975421831	0.004186945366784662	0.1315367680367144	9.999999998782792	423.99999999999494	19.999999999999996	3.802472695703145	0.009039387717930385	0.28398074047599897	9.999999999999998	343.432765702478	19.999999999999996	1.5185735564952427	0.00361001281373267	0.11341189734987571	9.999999999999998
15	13	359.99999999892566	19.999999999914138	2.508651708842232	0.005704963262137356	0.17922670673253432	9.999999999957069	423.9999999098915	19.99999999960074	4.632190349871301	0.010534135000126838	0.3309396112766093	9.99999999980037	340.00000000000006	19.999999999999996	1.067420061025383	0.002427436304511411	0.07626016061310203	9.999999999999998
16	13	359.99999997198665	19.999999999999996	1.0464642286511099	0.002479153228300352	0.07788489569151803	9.999999999999998	423.99999999998965	19.999999999999876	4.212305257596222	0.009979271046290001	0.313508046072058	9.999999999999938	340.0000000000023	19.999999999999996	1.4763623998596846	0.0034976146432365777	0.10988080468280115	9.999999999999998
17	13	356.88614516763806	19.99999999985358	1.9378290349979879	0.004574629501210966	0.14371622433794295	9.99999999992679	418.0000000025647	19.999999999999826	4.043304073889597	0.0095450206208728	0.29986566660896813	9.999999999999913	340.00000000000006	19.999999999999996	1.450538231983401	0.0034242829830819174	0.10757702263462691	9.999999999999998
18	13	352.748881267679	19.999999999999922	1.490018366610579	0.003486300191613799	0.10952535070182555	9.999999999999961	423.9999999975975	19.999999999999982	4.141971448247317	0.009691260307435851	0.30445992185866805	9.999999999999991	340.0000000009215	19.999999999999996	1.2540981828010562	0.0029343012361300095	0.09218379206845484	9.999999999999998
19	13	359.99999999833125	19.999999999999996	2.0667718932164454	0.004917482317809171	0.15448726323786996	9.999999999999998	423.99999999999994	19.999999999999996	4.04472592601366	0.009623639786683276	0.30233556054638616	9.999999999999998	340.00000000000006	19.999999999999996	1.0260126009988266	0.002441197715055602	0.07669248807578867	9.999999999999998
20	13	359.54541293825076	19.999999999999996	3.9277519346573415	0.009325158632106768	0.2929584985218606	9.999999999999998	423.99999999999994	19.999999999195403	3.9549242358911307	0.009389670348635673	0.2949851938571702	9.999999999597701	340.00000000000006	19.999999999999996	0.25839210714088146	0.0006134673035514034	0.019272643740546283	9.999999999999998
0	14	359.99999993717904	19.999999999999996	0.8043376691377994	0.0018161028442224285	0.05705455353572709	9.999999999999998	418.0000000000037	19.999999999999996	3.8276345352176193	0.00864236281946631	0.2715078354329292	9.999999999999998	340.00000000000006	19.999999999999975	2.8651372618797164	0.006469153603069619	0.20323445434347429	9.999999999999988
1	14	359.99999999100515	19.99999999999984	1.1544856265787031	0.002785035046305496	0.08749445641463385	9.99999999999992	423.99999999976353	19.9999999999997	5.143812260328138	0.012408727390642095	0.38983166810839065	9.99999999999985	340.00000000000006	19.999999999999996	2.150531447420925	0.005187856229097072	0.16298131017211406	9.999999999999998
2	14	359.99999915155365	19.99999999999773	1.5980497231673059	0.0037635128822698016	0.11823424422628014	9.999999999998865	423.99999999695865	19.9999999999985	4.484512096830524	0.010561322843988544	0.3317937425886198	9.99999999999925	340.00000000000006	19.999999999999996	1.2856654914396164	0.00302782733802092	0.0951220012146486	9.999999999999998
3	14	359.9999999999999	19.9999999999972	2.006437235175103	0.004904777579505856	0.15408813211265368	9.9999999999986	423.999999991304	19.99999999989169	3.3840236759667617	0.008272316304452083	0.2598824813009699	9.999999999945844	343.2199266541141	19.999999999999996	1.6694330692379618	0.004080963882116858	0.128207261516236	9.999999999999998
4	14	359.9999999999999	19.999999999999996	2.5056702242276034	0.005924331973002324	0.1861183780381122	9.999999999999998	423.99999980966106	19.999999999999996	4.525229623343794	0.010699318004234582	0.33612898840524363	9.999999999999998	340.0000033113592	19.9999999999351	0.41343023682285474	0.0009775021257518357	0.030709134971204078	9.99999999996755
5	14	359.9999999320463	19.999999999999268	1.0177999248882033	0.0024701928878185105	0.07760339829320104	9.999999999999634	418.0000000000007	19.999999999999996	3.7134180361051583	0.009012438101026097	0.28313409329116324	9.999999999999998	342.4083376303926	19.999999997663767	1.6705497699284868	0.004054411932558815	0.12737310740465702	9.999999998831884
6	14	353.7656948567737	19.999997751776565	1.8433754591991742	0.004738954844702274	0.14887864052247993	9.999998875888283	418.3684535162488	19.999999999999982	5.503236660144739	0.014147736372418642	0.44446424652515476	9.999999999999991	340.00000000000006	19.999999999999996	1.0002545995133643	0.002571457353760628	0.08078471531593837	9.999999999999998
7	14	349.2822006684913	3.3483602823325915	9.342306584858862	0.027638379374297323	0.1453665999420191	1.6741801411662958	418.00000000000006	19.999999999996387	7.658866210892653	0.02265807142924502	0.7118243074661609	9.999999999998193	349.0382168449095	19.99999999992578	2.6333157959433136	0.00779042951754195	0.24474356140528042	9.99999999996289
8	14	352.19481108348776	19.999999999999996	3.143120545386843	0.00945636428748328	0.29708044575226344	9.999999999999998	418.00000000000006	19.999999999999996	7.394010850605479	0.022245554740670626	0.6988647134832042	9.999999999999998	340.00000000000006	19.999999999999996	4.77187062232641e-09	1.4356607163440603e-11	4.5102611595139585e-10	9.999999999999998
9	14	350.5522190524168	19.999999999999876	3.2623734302787546	0.009240114240895285	0.2902867501752688	9.999999999999938	418.00000004012156	19.999999999999996	3.6205823739603002	0.010254679750474333	0.3221602656900617	9.999999999999998	349.8740921965058	1.0000000000490996	17.022472051693693	0.048213237932929476	0.07573317705165246	0.5000000000245498
10	14	348.31862814717607	19.999999999999623	3.866011221769527	0.009959785242364383	0.3128958814874339	9.999999999999812	419.46301752354447	19.999999999999996	5.328209793114934	0.013726764414666552	0.4312390224267423	9.999999999999998	340.0000000147379	19.999999999999012	0.03860768893060252	9.946279728510658e-05	0.003124715932563662	9.999999999999506
11	14	359.99999968686126	19.999999999999996	0.7243588870776857	0.001808331623061148	0.05681041342263008	9.999999999999998	418.0000000070826	19.999999999997197	5.04979022225309	0.01260658978806164	0.39604769864989003	9.999999999998598	340.1571183293142	19.999999999999996	1.8465521279855788	0.0046098400478505625	0.14482239628551344	9.999999999999998
12	14	352.5234849979716	19.999999999999996	1.9669577809218377	0.005046129061521056	0.15852881988740505	9.999999999999998	423.9999999998333	19.999999999999996	4.2286507546911904	0.010848386107336636	0.3408121009811434	9.999999999999998	340.00000000000006	19.999999999999996	1.2701926340971526	0.0032586138995030745	0.10237237487564445	9.999999999999998
13	14	359.99999999999994	19.999999999999996	2.017678859846537	0.004880211289561344	0.15331635935251886	9.999999999999998	423.99999999986034	19.999999999999996	3.793163179950144	0.009174620472233656	0.2882292027504377	9.999999999999998	340.00000000000006	19.999999999999996	0.6753921559751961	0.0016335882236095905	0.051320687622826884	9.999999999999998
14	14	359.9999805909725	19.999999999999996	1.5550132479163794	0.0037073663998335223	0.11647035045882631	9.999999999999998	422.1485435135261	19.999999999999996	4.376371818199505	0.010433874987053275	0.3277898500780086	9.999999999999998	340.00000000000006	19.999999999999996	1.6272946237772032	0.0038796951851729554	0.12188421891907046	9.999999999999998
15	14	359.99999998051953	19.999999999999854	1.255565971496227	0.0029348605609625885	0.09220136377630421	9.999999999999927	423.99999999999994	19.999999999999996	4.69243553717962	0.010968475018892422	0.34458480540435593	9.999999999999998	340.00000000000006	19.999999999999996	3.158359319003009	0.007382602279069844	0.2319312908430108	9.999999999999998
16	14	349.650660853589	19.999999999999996	1.8668067644160955	0.004366489519518139	0.1371773139649501	9.999999999999998	423.99999999776475	19.999999999999996	3.7808171434290654	0.008843389014160347	0.2778232595972282	9.999999999999998	349.99999999999994	1.0000000000000002	11.813299057905732	0.027631486831157393	0.0434034380182636	0.5000000000000001
17	14	359.99999999999574	19.999999998553527	0.7556945152109048	0.001708648565312129	0.053678777799631004	9.999999999276763	423.9999999962947	19.999999999500357	3.8372536690382213	0.008676148687556662	0.272569249775998	9.999999999750179	340.00000000000006	19.99999999999999	2.783330241675014	0.006293195369957937	0.19770656341865145	9.999999999999995
18	14	359.9999999973289	19.999999999999996	1.6689017556749985	0.003786628610122283	0.11896044623433091	9.999999999999998	423.99999999858795	19.999999999973944	4.397380998102867	0.009977369033499332	0.3134482925775496	9.999999999986972	340.00000000000006	19.999999999826176	1.9629664304781393	0.004453842067744605	0.13992157520154017	9.999999999913088
19	14	359.99999999999994	19.999999999999996	0.46128798685172484	0.0009982282158369292	0.031360264294793425	9.999999999999998	423.99999999998715	19.999999999999996	4.263796399411849	0.009226864765166596	0.28987050561913885	9.999999999999998	340.00000000000006	19.999999999999996	2.7257211626704874	0.005898466577574492	0.18530579267552952	9.999999999999998
20	14	359.80331589130594	19.999999999999908	1.7263096156450009	0.004007027373439891	0.12588447759131907	9.999999999999954	418.00000000000034	19.999999999999996	3.1756585120861316	0.007371186762388566	0.23157266180958247	9.999999999999998	340.00000000006224	19.999999999999996	2.3776449096812833	0.005518875728357245	0.17338059444282133	9.999999999999998
0	15	356.32404853451516	19.999999999999996	2.938950582921326	0.00714412820830158	0.22443940695503847	9.999999999999998	423.99999999999847	19.999999999999996	3.3629516166896534	0.00817480826236441	0.2568191758154917	9.999999999999998	340.00000000000006	19.999999999999996	0.7278527045467776	0.001769295839221815	0.0555840681052624	9.999999999999998
1	15	356.6913601713695	19.99999889001372	1.5247599223453348	0.0036188231699451415	0.11368867654375794	9.99999944500686	418.0000000001566	19.999999999176165	4.737442462647282	0.011243715354047133	0.3532317355387421	9.999999999588082	340.0000003301517	19.999999999999996	1.3012830234299373	0.0030884292581622444	0.0970258666857428	9.999999999999998
2	15	359.99999995550456	19.999999999999996	3.4075382886037056	0.008203202265941801	0.25771119974593903	9.999999999999998	423.9999999995813	19.999999999999876	3.938851402662844	0.009482269020892477	0.297894266953977	9.999999999999938	340.0000000000136	19.999999999999996	0.5177519801124414	0.0012464201005925022	0.03915744231308055	9.999999999999998
3	15	359.9999999879199	19.99999999963804	1.7818456317235936	0.00429211349187268	0.1348407221419681	9.99999999981902	423.99999999999994	19.99999999999996	3.9624376282246145	0.009544728062865703	0.29985647562811174	9.99999999999998	340.0000000004343	19.999999999999996	1.6955067628925562	0.004084140243693903	0.12830704985819189	9.999999999999998
4	15	359.9999994980244	19.99999999999931	1.027629271141558	0.002536443891543444	0.07968473495915314	9.999999999999655	418.0000000019323	19.999999999999986	3.549419667408311	0.00876084798939306	0.27523015682694124	9.999999999999993	340.00000000000006	19.999999999999996	1.1973457627458817	0.002955346282233201	0.0928449416907773	9.999999999999998
5	15	359.99999999974835	19.999999999999996	3.345539574702642e-08	8.816485858164044e-11	2.7697807202486458e-09	9.999999999999998	423.99999999827804	19.99999999999997	4.187373405531023	0.011034966883031959	0.3466737089233981	9.999999999999986	348.1462187862107	19.999999999999993	2.813797651385163	0.007415188685483553	0.23295502299297277	9.999999999999996
6	15	355.2950610053567	1.0001576703654638	19.635097224879665	0.055172750562966805	0.08667881844997141	0.5000788351827319	418.00000000000006	19.999999999999996	6.919349765922587	0.019442712929857126	0.6108108410629441	9.999999999999998	349.99999999999994	19.999999999999996	3.8022297206279236	0.010683902888623921	0.3356447082656767	9.999999999999998
7	15	349.8834680840964	5.45140941696393	14.562266146419475	0.04120917076376881	0.3528763499308551	2.725704708481965	418.00000000000006	19.999999999999996	5.484809500053991	0.015521241613211454	0.4876141862665728	9.999999999999998	345.4883938259619	3.901700812826226	8.2310339952628	0.023292671762943362	0.1427555980744756	1.950850406413113
8	15	351.72356016727883	3.323820342917265	7.487530991000855	0.021479615138578843	0.11214603261555503	1.6619101714586324	418.0000000000008	19.999999999999808	4.557881552761425	0.013075276979582436	0.41077194102707526	9.999999999999904	347.82354995876403	19.999999999999996	3.9866870072378733	0.01143668088938297	0.3592939266353631	9.999999999999998
9	15	359.9999999424374	19.999999999999996	1.2124019867144722	0.0032299444567055026	0.1014716977668908	9.999999999999998	419.64099846285166	19.999999999999996	6.085275495894153	0.01621170376729021	0.5093056945749289	9.999999999999998	340.00000000000006	19.999999999999996	1.895915606381509	0.005050884253174334	0.15867820863904852	9.999999999999998
10	15	350.3051989675391	19.99999973055748	3.35830449716645	0.00879829564829496	0.2764066060041603	9.99999986527874	423.99999995106896	19.99999999997998	4.206898457524274	0.011021495049923126	0.34625047880380105	9.99999999998999	349.9841386962944	19.999999999999996	0.0009570089927735901	2.5072318676294505e-06	7.876701216190897e-05	9.999999999999998
11	15	359.9999999984314	19.99999999736913	0.6973920444139086	0.0017074778824620392	0.05364199971004173	9.999999998684565	423.9999976177225	19.99999999990063	3.964301059550447	0.009706099220406045	0.30492610005689746	9.999999999950315	347.7153417835163	19.99999997443224	2.843924685344257	0.00696299669390993	0.21874899232592845	9.99999998721612
12	15	351.4134676195881	1.0000009920626145	10.002529703854554	0.02292340178474996	0.03600803104331479	0.5000004960313073	423.99999988184584	19.999999999999993	4.130136460675546	0.009465283315022423	0.29736064526620476	9.999999999999996	347.7695572011536	19.999999999999996	2.6554425237891106	0.006085638102696242	0.19118595955836637	9.999999999999998
13	15	348.0000000014726	19.999999999998547	1.6573763307573326	0.003828357266717107	0.1202713906443469	9.999999999999273	423.9999999999982	19.999999999780538	5.079708920772866	0.011733569617687432	0.3686209611090674	9.999999999890269	340.0000000000015	19.99999999999705	0.9068784407372837	0.0020947895804926857	0.06580975556891296	9.999999999998526
14	15	357.11091304704786	19.999995783931954	1.8736260379220715	0.004204633681802388	0.1320924350123253	9.999997891965977	423.99999994418243	19.99999999999994	5.140722132733285	0.011536375450913962	0.3624259236564483	9.99999999999997	340.00000000000006	19.999999999999996	0.7451781330721299	0.0016722659772237945	0.05253578508894428	9.999999999999998
15	15	359.99999999999824	19.999999999999996	1.0918895516329308	0.0023713988122594644	0.07449969087325893	9.999999999999998	423.9999999999811	19.999999999999996	4.664372403446081	0.01013022531530401	0.31825041429768414	9.999999999999998	340.00000000000006	19.999999999999996	1.4604929935148006	0.003171942935945036	0.09964952625170963	9.999999999999998
16	15	359.9999999316611	19.999999999999996	0.9570898574059584	0.002226695064348629	0.06995368855942304	9.999999999999998	423.99999999999994	19.999999999999996	5.570489345315934	0.01295989194247666	0.4071470131780222	9.999999999999998	340.00000000000006	19.999999999999996	1.6471826791365378	0.003832214408430577	0.12039256632506454	9.999999999999998
17	15	356.27243823038077	19.99999999999998	1.6933828256565626	0.0038201339587476775	0.12001304780530585	9.99999999999999	423.9999999993667	19.999999999975554	3.2692739534599307	0.0073752162008725135	0.2316992503526919	9.999999999987777	340.00000000000006	19.999999999999996	2.0516844298176617	0.0046284332427556415	0.14540651873071903	9.999999999999998
18	15	355.31003968398255	19.999999999999996	2.3085066618941266	0.005412583601299566	0.17004132878783298	9.999999999999998	422.81284280533635	19.999999999999996	4.699765660884381	0.011019190442873522	0.3461780774383831	9.999999999999998	340.00000000000006	19.999999999999996	0.797305724937975	0.0018693833391326222	0.05872840964962202	9.999999999999998
19	15	359.9999999994496	19.999999999993186	1.016685177514571	0.0022887887605857957	0.07190441955872774	9.999999999996593	420.1790001764679	19.999999993166526	4.227510288432148	0.009517083800787134	0.2989880054193565	9.999999996583263	340.00000000000006	19.999999999999996	1.3401561929640171	0.0030169953292562193	0.09478170362306056	9.999999999999998
20	15	355.7601371900379	19.999999986771474	2.444412491488641	0.005670182845604047	0.17813404760478288	9.999999993385737	422.64308674466236	19.99999999999982	5.017600932700197	0.01163908089724951	0.3656525104133603	9.99999999999991	340.000067297833	19.999999999999996	0.883508256405124	0.0020494304365001052	0.06438475603352052	9.999999999999998
0	16	359.99999999825303	19.999999999999996	1.4099465996826472	0.0033459587871123822	0.10511639544806473	9.999999999999998	423.3714098522093	19.999999999999996	4.789720101283971	0.01136653406895489	0.35709019927806773	9.999999999999998	340.00000000000006	19.999999999999996	1.4633425696114917	0.003472673312910748	0.10909724968157733	9.999999999999998
1	16	359.99999999940803	19.999999999999996	2.8481459802015694	0.0064284153356156835	0.2019546239259419	9.999999999999998	423.99999999999994	19.999999999999996	4.131127744969906	0.009324172684179802	0.2929275240542188	9.999999999999998	340.00000000000006	19.999999999999996	1.0360297590399823	0.0023383736779866524	0.0734621756811061	9.999999999999998
2	16	359.99999999999994	19.999999999999996	1.8897286719307107	0.00446831669345084	0.14037630898057793	9.999999999999998	423.9999999996389	19.999999999999996	3.5413754849938863	0.008373682122951857	0.26306698240961734	9.999999999999998	340.00000000000006	19.999999999999996	1.5038126527185873	0.0035558073917033913	0.11170898379355655	9.999999999999998
3	16	359.99999999999994	19.999999999999996	1.6335418349469084	0.0038821261667856388	0.12196059045882464	9.999999999999998	423.99999996368757	19.999999999999996	3.9025262096135505	0.009274386973627726	0.2913634598289773	9.999999999999998	343.2820131086203	19.999999999999996	1.614310922625079	0.003836423738884145	0.12052480634135915	9.999999999999998
4	16	359.99999997949567	19.9999999999994	2.278536296049497	0.005470601301426508	0.17186400859279766	9.9999999999997	423.99999992819926	19.999999999971536	5.319136149447859	0.012770862238220904	0.40120846987544995	9.999999999985768	340.00000000000006	19.999999999999776	0.49407119421975065	0.001186229301144827	0.03726649257949501	9.999999999999888
5	16	352.3386088917096	19.99999917967423	1.2923462637903442	0.0034701556141911337	0.10901814937204236	9.999999589837115	418.00000000000006	19.999999999965194	5.070883401344311	0.013616129823035023	0.42776333422297275	9.999999999982597	340.00001611931157	19.999999999999996	1.7117067390791911	0.004596205302627837	0.1443940481312606	9.999999999999998
6	16	351.2819515331681	1.0000000000046616	29.726599967840784	0.09328136986404305	0.14652603314151802	0.5000000000023308	418.00000000000006	19.999999999999996	11.104067232516483	0.03484430118587852	1.0946660062502607	9.999999999999998	347.95179841357526	5.743765982825756	21.038736443769782	0.06601905895078926	0.5956428648288422	2.871882991412878
7	16	349.49692875568195	2.342561118863905	26.02715898091609	0.0864347092871792	0.31805262432147746	1.1712805594319524	418.00000000000006	19.999999999999996	9.331813101784697	0.030990418630264967	0.9735927150051266	9.999999999999998	344.3359208659221	19.999999999999996	4.2534691292973275	0.014125528180865843	0.44376655561083717	9.999999999999998
8	16	350.74498619905097	19.999999999999996	3.820269128131982	0.011089381446934781	0.3483831928654525	9.999999999999998	418.3274569999886	19.99999999988041	10.138622841240155	0.029430140197503257	0.9245751223804104	9.999999999940204	340.00000000000006	19.999999999999996	2.9979220458087963	0.008702292953482276	0.27339059612046135	9.999999999999998
9	16	359.9999999946496	19.999999999999964	1.5045698128369238	0.0038582601525344426	0.12121081750840418	9.999999999999982	418.7819237507556	19.999999999999996	6.1485803016219736	0.01576717954195557	0.49534055416838885	9.999999999999998	340.00000000000006	19.999999999999996	1.9718132915347444	0.005056441107655581	0.15885278237120204	9.999999999999998
10	16	355.7063180746973	19.999999999994603	2.0635681147253853	0.005097290612130724	0.1601361074027778	9.999999999997302	423.99999999999994	19.999999999999996	3.5362980781790427	0.008735131574756257	0.2744222518339449	9.999999999999998	340.00000000000006	19.999999999999996	1.077494052450015	0.002661555137912689	0.0836152206839067	9.999999999999998
11	16	359.99999999254453	19.999999999999996	1.8730430696879377	0.004603906270445963	0.14463598117049017	9.999999999999998	423.99999999999994	19.999999999999996	3.027132399371695	0.007440637143095392	0.23375450986775825	9.999999999999998	340.00000000000006	19.999999999999996	1.3103067587445094	0.003220710511369413	0.10118160481857572	9.999999999999998
12	16	359.9999997943531	19.99999999999967	0.8696755728750704	0.0020705651953539074	0.06504872406502443	9.999999999999835	419.4731770795119	19.999999999999996	4.256382028155184	0.010133797890278348	0.3183626500506219	9.999999999999998	340.00000000000006	19.999999999999996	1.650828837914606	0.003930372246713132	0.12347628576147184	9.999999999999998
13	16	359.99999999999994	19.999999999999957	1.6388703348638267	0.003908915376012556	0.12280219828785202	9.999999999999979	423.99999999999994	19.999999999999996	4.335059126248351	0.010339670512080946	0.32483032921292504	9.999999999999998	340.00000000000006	19.999999998495	1.6683031478440704	0.0039791163997118075	0.12500762848172597	9.9999999992475
14	16	349.58514622937724	1.0000000000298326	59.73066479803764	0.14070128880013663	0.22101306762915596	0.5000000000149163	419.42490024884466	19.999999999999996	9.289352115415298	0.02188195659928681	0.6874419409849012	9.999999999999998	347.6253027915623	19.999999994902204	8.927390946050556	0.02102932247580227	0.6606556498311169	9.999999997451102
15	16	350.45046805827326	4.390666011387903	12.10668350046303	0.02773345314860132	0.19127324566927548	2.1953330056939513	420.97119870529644	19.999999999998394	7.238794038569574	0.016582308054337566	0.5209485716306557	9.999999999999197	348.803878676912	19.999999999999996	6.488626761336863	0.014863858155490246	0.4669618758528888	9.999999999999998
16	16	359.99999999999994	19.999999999999996	1.0859332443912104	0.002398524751647382	0.07535187739228696	9.999999999999998	423.9999996672502	19.999999999999996	3.8653337145585867	0.008537447983686507	0.2682118386595452	9.999999999999998	340.00000000000006	19.999999999999996	2.8851210684429125	0.0063724306534506505	0.20019581326390964	9.999999999999998
17	16	359.9999999756133	19.999999999999996	1.717589513032864	0.0039988251205428735	0.12562679621687808	9.999999999999998	423.99999999999994	19.999999999999996	5.127818976594902	0.011938388760302008	0.37505554425063736	9.999999999999998	340.385523934032	19.999999999990212	1.5473995742178648	0.003602595522357121	0.11317887626887076	9.999999999995106
18	16	359.9999999491909	19.999999999999996	1.1447666368082956	0.002674587049083948	0.08402463024788533	9.999999999999998	423.9999999999171	19.999999999999996	4.206012765361757	0.009826760239870749	0.3087167777816621	9.999999999999998	340.0000000000001	19.999999999887958	2.127122790132455	0.004969724731113294	0.1561285070554157	9.999999999943979
19	16	359.99999999999994	19.999999999999996	1.9807268711110424	0.00448024925586976	0.14075118148491572	9.999999999999998	423.9999999997542	19.999999999999996	4.204612393937898	0.009510504362771868	0.2987813063801777	9.999999999999998	340.00000000000006	19.999999999999996	1.0975645013463418	0.0024826050538041787	0.07799333798796099	9.999999999999998
20	16	359.9999999213776	19.999999999999996	1.1757973188820237	0.002661748672479031	0.08362130075162506	9.999999999999998	423.99999999999994	19.999999999999996	4.519382409253447	0.010230896035460728	0.32141307824644355	9.999999999999998	340.00000000000006	19.999999999999996	1.583413136335493	0.0035845019766112805	0.11261045076500088	9.999999999999998
0	17	354.39791138380775	19.999999999999996	3.4074219778863704	0.007846291821401207	0.24649852744035705	9.999999999999998	423.99999999862894	19.999999999999996	4.437821847079916	0.010219000021000606	0.3210393539300944	9.999999999999998	340.00000000000006	19.999999999999996	4.660629096682062e-10	1.073205966305487e-12	3.371575979534052e-11	9.999999999999998
1	17	359.99999999999994	19.999999999999996	1.9545287834445966	0.00463022073539914	0.14546267446829064	9.999999999999998	423.9999978799648	19.999999999999996	3.7467476916804525	0.00887593418898323	0.2788456964185619	9.999999999999998	340.00000000000006	19.999999999999996	0.9712816508391734	0.0023009374319381713	0.07228608132546722	9.999999999999998
2	17	351.33547315185166	1.4431798547490586	13.294496099651312	0.030251792188961648	0.06857904663375111	0.7215899273745293	418.00000559839486	19.999999999999996	3.9321395405952186	0.008947632715707489	0.28109817206686327	9.999999999999998	340.00000000000006	19.999999999999996	1.8774898140587803	0.004272251559296644	0.13421674112973872	9.999999999999998
3	17	359.99999999045764	19.999999999999996	0.8926344249392197	0.002060975825374114	0.06474746512221476	9.999999999999998	423.99999999999994	19.999999999999996	3.835955345769515	0.008856717838754522	0.2782419969714887	9.999999999999998	340.00000000000006	19.999999999999996	1.7202007242764799	0.003971717881893553	0.12477519719887996	9.999999999999998
4	17	359.99999999999994	19.99999999999772	1.2719608559696054	0.0030138420087258925	0.0946826391369249	9.99999999999886	423.99999999999994	19.999999999999996	4.700251376415605	0.011136989777106436	0.349878852668622	9.999999999999998	340.00000000299866	19.999999999999996	2.2728321153967124	0.005385351975271504	0.16918582202508234	9.999999999999998
5	17	357.3900856472329	1.8963371642390314	5.625173914891007	0.01597049367935539	0.0475722589997087	0.9481685821195157	418.54314158569775	19.999999635082858	6.243504451276479	0.01772600276627541	0.5568787905197007	9.999999817541429	340.00000000000006	19.999999999999993	2.5807707847687253	0.007327094971571662	0.2301874773484424	9.999999999999996
6	17	348.01682084870106	5.250016878578785	30.812498328959077	0.10173251735655839	0.8389582862560783	2.6250084392893926	418.00000000000006	19.999999999999996	13.6979752532724	0.04522611215506453	1.4208202169677875	9.999999999999998	343.09532525745595	11.097776951812012	16.392054217762094	0.054121055761675536	0.9434570387374935	5.548888475906006
7	17	349.53681019914217	4.855005193289828	15.079193070958683	0.045250499100251626	0.345090456920068	2.427502596644914	418.00000000000006	6.242069834897322	25.466905174400935	0.07642253562624873	0.7493245184089812	3.121034917448661	340.0000000038837	19.999999999999996	3.233047615715532	0.009701912929794809	0.30479458386011193	9.999999999999998
8	17	351.7664964728218	19.999999997378392	4.606798169377888	0.011981187950837047	0.3764001204269435	9.999999998689196	418.0000000000026	19.999999999999996	7.8275671212980376	0.02035764308092729	0.6395542194744425	9.999999999999998	349.5934104779137	1.00000541176596	23.198501807147213	0.06033379369142148	0.09477261439651889	0.50000270588298
9	17	352.37931493950896	19.999999999999996	2.930943853332369	0.007361148633833629	0.23125730470034267	9.999999999999998	423.99999999998494	19.999999999999996	4.203028835706793	0.010556026154083383	0.3316273421677007	9.999999999999998	349.4024412966153	1.0000000000606972	14.148383818126593	0.03553406732624502	0.05581678243553615	0.5000000000303486
10	17	359.9999999999926	19.999999999999993	0.8306440913091546	0.0019795501697898676	0.06218940270824274	9.999999999999996	423.9999999420297	19.99999999999988	3.8252355011061923	0.009116113224578039	0.28639114335626953	9.99999999999994	341.21088781963067	19.999999999984883	1.9709165344135842	0.004696991408427381	0.1475603370267868	9.999999999992442
11	17	359.9999058817654	19.99999999999992	2.2845570664822783	0.005272606649512438	0.165643823153769	9.99999999999996	422.60460331354676	19.999999999999996	4.251799265546171	0.009812871566578896	0.30828045224184414	9.999999999999998	348.269599529928	19.999999999999996	1.2881908108541624	0.0029730592134469508	0.09340140983652387	9.999999999999998
12	17	348.0000005484337	19.999999999999478	2.0184501985316587	0.004454692980176262	0.139948307405194	9.999999999999739	423.999999999988	19.999999999999996	4.491438631812497	0.00991254585254697	0.3114118122873353	9.999999999999998	341.89494706250025	1.0000000697130065	12.81401665814517	0.028280365845254046	0.044422697886980514	0.5000000348565032
13	17	357.0477872842986	19.99997406244112	1.4994677565089742	0.003413260900299175	0.10723061462645232	9.99998703122056	423.8825831779276	19.999999999999996	6.15566003603439	0.014012221086665723	0.44020690826345016	9.999999999999998	340.00000000000006	19.999999864929727	2.2060700284219377	0.00502171022927856	0.15776167858213674	9.999999932464863
14	17	349.85127785746863	9.674534368602897	29.57145199984651	0.07204020793037152	1.0947750883572296	4.8372671843014485	421.4903003317569	6.420569466920811	20.755317418386234	0.050562866594753855	0.5099470853865026	3.2102847334604054	340.0980252934355	3.5132230618722624	17.673016478248474	0.04305394885095634	0.23759570873100821	1.7566115309361312
15	17	351.067992008922	8.64285949587932	166.61896530052226	0.4723200210827666	6.4122978212371144	4.32142974793966	420.72710520547554	3.7094001948830417	203.30494318170216	0.5763149163519097	3.3580211545729868	1.8547000974415209	343.9274454205899	19.999999967911634	65.57159522982207	0.18587786321634972	5.839525286085486	9.999999983955817
16	17	354.0306899958402	4.632136920397278	22.656538186370152	0.05457126723883594	0.39706838012552875	2.316068460198639	421.1073183627828	3.4497102756133504	52.1131472356788	0.12552140406718754	0.680174408987682	1.7248551378066752	348.1552339608994	12.262696703762717	40.6823197258248	0.09798874494380273	1.8874786988777557	6.131348351881359
17	17	349.8526987478703	19.999999999813422	4.6817439628529565	0.010519708605694195	0.330486392732459	9.999999999906711	423.99999365016976	19.999999999999996	5.342828662426808	0.012005141909689302	0.3771526562878284	9.999999999999998	340.00000000000006	19.999999999999996	0.8218767738524755	0.001846727253629529	0.05801664773186582	9.999999999999998
18	17	350.18769247587636	19.999999999882405	2.5605080047318776	0.005478963654424748	0.1721267196592507	9.999999999941203	423.9999999999921	19.999999999999996	4.768505491273697	0.010203626867922732	0.3205563920823748	9.999999999999998	340.00000197039935	19.999999999877556	0.31912984177504294	0.000682872617815102	0.021453075994524208	9.999999999938778
19	17	359.9999999993619	19.999999999999996	1.4833288500400716	0.0033971685380869035	0.1067251972226019	9.999999999999998	423.99999999999994	19.999999999999996	4.167455320467152	0.009544443296030694	0.2998475294141437	9.999999999999998	340.00000000000006	19.999999999999996	2.2880193391238066	0.005240097172785257	0.16462250782118804	9.999999999999998
20	17	359.99999999951115	19.999999999999996	0.9490355194780562	0.002124161977445426	0.06673251663377316	9.999999999999998	418.00000000000006	19.999999999999982	4.222475145818213	0.009450880363664585	0.29690816320444663	9.999999999999991	340.00000000000006	19.999999999999872	3.2168167154749416	0.007199983156774511	0.22619414191292905	9.999999999999936
0	18	359.9999971565302	19.999999999999996	1.4282948253886005	0.0033688370206904263	0.10583513635342366	9.999999999999998	423.9999999999986	19.999999999999996	3.916019509850955	0.009236490438829792	0.29017290507580035	9.999999999999998	340.00000000000006	19.999999999999996	1.729460050133127	0.0040791781494471414	0.12815116106987143	9.999999999999998
1	18	354.4292839258907	19.999999926320765	1.775703927574432	0.004164415086060628	0.13082895792669685	9.999999963160382	423.99999737798777	19.99999998950076	4.056478219557348	0.009513330928358201	0.2988701054000915	9.99999999475038	340.00000000000006	19.999999999999996	2.692583772395571	0.006314699375341746	0.19838213167201682	9.999999999999998
2	18	359.9999999842735	19.999999999999996	2.0496277880134373	0.005041705366925353	0.15838984542296916	9.999999999999998	423.99999999999994	19.999999999999996	3.5039853586101564	0.008619156068944193	0.2707787738633895	9.999999999999998	343.04847719286084	19.999999999999996	1.21030624537872	0.002977129568907445	0.09352928382464575	9.999999999999998
3	18	359.99999955503597	19.99999999999842	2.6410960369294494	0.00646515031285097	0.20310868727204756	9.99999999999921	422.2630531623172	19.99999999999972	4.770513146675334	0.011677759585957674	0.366867637256319	9.99999999999986	340.00000000001313	19.999999999999996	1.420618629289669	0.0034775384337299513	0.10925009195982169	9.999999999999998
4	18	356.1926061598254	19.999999999999996	2.2794846507190165	0.00530972019633526	0.16680977961424204	9.999999999999998	423.9999999997955	19.999999999999996	3.714254170047131	0.008651802228543597	0.2718043832150436	9.999999999999998	340.00000000000006	19.999999999999996	1.279247122544237	0.0029798157581514603	0.09361367294859725	9.999999999999998
5	18	349.7725728903293	7.389825412660993	10.974050024732728	0.03208599609672422	0.3724513746475468	3.6949127063304963	418.00000000000006	19.999993085306766	8.97064195722727	0.026228419059144466	0.8239898014328939	9.999996542653383	345.8388466042321	19.999999980237124	5.523564000756661	0.016149830971141487	0.5073619028552036	9.999999990118562
6	18	349.54331693764584	4.274219713628712	51.47073499798072	0.18413163529187818	1.2362466571534898	2.137109856814356	418.00000000000006	18.422727241569046	20.719604791772227	0.07412240592756503	2.1449802946175796	9.211363620784523	344.22371448696475	6.841995363132839	23.979068615017013	0.08578282624160029	0.9219407326899218	3.4209976815664196
7	18	352.33651293952903	5.138113214510656	22.917131041354835	0.06306571043413901	0.5089988942050229	2.569056607255328	418.00000000000006	10.868436560723016	18.90914999779065	0.05203613734042099	0.8883661521321533	5.434218280361508	342.7821989546141	5.440842230356534	8.740451917833232	0.024052871571004376	0.20556678426459585	2.720421115178267
8	18	350.66554250657424	19.999999999999996	5.0660140098460085	0.012493812578464384	0.3925046981183145	9.999999999999998	419.3626749712194	19.999999999999996	5.942226906997441	0.014654730352194752	0.4603919321479438	9.999999999999998	349.99956826495554	19.999999999999996	0.001999887695061647	4.932126518307211e-06	0.00015494732436489335	9.999999999999998
9	18	348.00000000000006	1.747922671061701	11.118776541965085	0.026804799606885543	0.07359607564794338	0.8739613355308505	418.00000000002063	19.999999999690107	4.084214521084393	0.009846096949246787	0.30932425841807293	9.999999999845054	349.99999999984703	19.999999999999996	2.858828631639278	0.006891974876219101	0.21651777639855346	9.999999999999998
10	18	359.99999999999994	19.999999999999996	2.3798283437106216	0.005721289297711341	0.1797396042675185	9.999999999999998	423.99999999936176	19.999999999999996	4.12364437474686	0.00991355636685179	0.311443558530499	9.999999999999998	340.00000000000006	19.999999999999996	0.8051486740286689	0.0019356389732732894	0.06080989178437454	9.999999999999998
11	18	359.99999999465985	19.999999999999996	3.9526417324438112	0.009053285479352675	0.2844173515278551	9.999999999999998	423.99999999999994	19.999999999999996	4.618399452748139	0.010578163044785755	0.33232279309973956	9.999999999999998	340.00000000000006	19.999999999999996	0.11069398604099817	0.0002535378423627172	0.007965126229737192	9.999999999999998
12	18	359.999999999946	19.999999999999996	2.0192245952874166	0.004824277892986459	0.15155915987481902	9.999999999999998	423.99999999998624	19.999999999999996	4.768747037887602	0.011393364049654506	0.3579330879806864	9.999999999999998	340.00000000000006	19.999999999999996	1.3173693101077009	0.0031474238450164994	0.09887923629237172	9.999999999999998
13	18	359.9999999979162	19.999999999999996	1.8542953251496455	0.004111382547915498	0.12916289208628612	9.999999999999998	423.9999999990962	19.999999999999996	4.065886048243632	0.009014967957821352	0.28321357108638934	9.999999999999998	340.00000000000006	19.999999999999996	1.0135346091401372	0.002247230226604183	0.07059881970824626	9.999999999999998
14	18	349.942947153123	19.999999998718334	1.8207488087777977	0.004075700280489122	0.1280419005859795	9.999999999359167	423.99999948324785	19.99999999999988	4.235486890572262	0.009481030565386505	0.29785535972678345	9.99999999999994	340.0000001419414	19.999999999999996	2.885592768479856	0.006459326623844031	0.20292573068605363	9.999999999999998
15	18	350.1997925251025	10.105101913681223	59.746246423538786	0.16216181635203514	2.5740037489737553	5.052550956840611	421.4696925310018	4.33347368232113	44.02574604069248	0.11949361460470558	0.8133935774082856	2.166736841160565	340.00000001114506	19.999999999999996	3.0689980706245596	0.008329800302187631	0.26168839435222696	9.999999999999998
16	18	352.1951218707324	6.64010629354347	183.63753512168975	0.5419197590237143	5.65236104607072	3.320053146771735	420.1164077254688	4.674957833962622	356.3720335109507	1.051664336460782	7.722798822524912	2.337478916981311	346.38066436218395	13.529041390121103	116.76546908526073	0.34457832831966406	7.322761039353586	6.764520695060551
17	18	353.235746745585	2.9349616192080132	31.59923013445746	0.0752696463400994	0.3470101506240968	1.4674808096040066	420.7334337089462	3.3449468814298293	79.77407890126267	0.19002256322243533	0.9984223045544778	1.6724734407149147	348.6444023819295	10.192549091967717	65.14288566946215	0.15517093122364234	2.484351574977661	5.096274545983858
18	18	351.013576949339	2.5500651079974057	10.107315314565858	0.023004484591183937	0.09214752043480423	1.2750325539987029	423.99999999999994	19.999999999999996	5.794556896645197	0.01318854618590068	0.4143303980915525	9.999999999999998	349.99981183649584	19.999999999999996	3.2855150397133768	0.007477908599157613	0.23492542719329493	9.999999999999998
19	18	359.99481901471194	19.99999999999999	1.6644510489668127	0.0037512954483759605	0.1178504222206274	9.999999999999995	423.99999999980014	19.999999999999876	4.06750233766061	0.009167228447478998	0.28799697544379205	9.999999999999938	347.85253729092864	19.99999999999999	1.3823327473900322	0.0031154647333390324	0.09787521118775983	9.999999999999995
20	18	353.55530385230804	19.99999999750885	0.9357371928125979	0.002122049837006133	0.06666616177659508	9.999999998754426	423.99999999999994	19.999999999999996	3.748656404949335	0.008501143028422793	0.26707128485209125	9.999999999999998	340.00000000000006	19.999999999999996	2.709850830332456	0.0061453563639311	0.1930620640661722	9.999999999999998
0	19	359.9999999947232	19.999999999999996	2.4446215545019068	0.005588176587981082	0.1755577451576384	9.999999999999998	423.9999999999853	19.999999999948145	4.340284270973766	0.009921484535539883	0.3116926292947602	9.999999999974072	340.0000000000268	19.999999999998792	0.21533808152081557	0.0004922427454831822	0.01546426192992742	9.999999999999396
1	19	354.9135226549986	19.999999999999996	3.4283990751026305	0.007888248279364827	0.2478166284414486	9.999999999999998	423.99999999999994	19.999999999999996	3.8662133917420025	0.00889559542719021	0.27946337243367714	9.999999999999998	340.00000000000006	19.999999999999996	1.8557360255279118e-08	4.26977903962002e-11	1.3413906463321933e-09	9.999999999999998
2	19	359.9999999999993	19.999999999999996	0.7867249705284275	0.0018924274721127186	0.059452362438408186	9.999999999999998	423.99999999996686	19.999999999999996	5.034989836707167	0.012111415609946852	0.3804913430478177	9.999999999999998	340.00000000000006	19.999999999999996	2.029005675550402	0.004880671423083374	0.15333081487344366	9.999999999999998
3	19	359.99999999406816	19.999999999999996	1.4748649407176844	0.0034999272430026856	0.10995345714716014	9.999999999999998	418.00000000000006	19.999999999999996	4.333231750472471	0.010282972653986127	0.3230491134682755	9.999999999999998	340.00000000000006	19.999999999999996	1.444901009396874	0.0034288213561910197	0.10771959983081496	9.999999999999998
4	19	353.27480979432823	19.999999998317087	4.101952478770446	0.009925135243050701	0.31180731962829505	9.999999999158543	418.00000000000284	19.99999999999974	3.9994027698624284	0.00967700469173026	0.3040120684829335	9.99999999999987	349.19645532801826	1.0000002288401948	10.879883894403266	0.026325102409038556	0.04135138362947376	0.5000001144200974
5	19	348.00000000000006	5.120337698059851	52.19437290560589	0.16920327047646	1.3609031985192457	2.5601688490299255	418.00000000000006	19.999999999999996	17.820897194720235	0.05777163169724708	1.8149493372596663	9.999999999999998	340.3775423289682	11.216647838018043	12.57769803541895	0.040774273627294716	0.7184047495532061	5.608323919009021
6	19	350.4163639760915	4.967725494629415	22.068893648619024	0.06536842946882114	0.5100884824994856	2.4838627473147077	418.00000000000006	11.108734650371362	26.728098631253633	0.0791690719993174	1.3814654390733585	5.554367325185681	343.643083299653	19.999999999999996	4.861089673228089	0.014398628336582215	0.45234625003976503	9.999999999999998
7	19	351.2847006771875	6.712025508795657	21.526437409802448	0.06097790883462217	0.6429038137613492	3.3560127543978284	420.89167047889555	19.999999999999996	6.008310962048755	0.017019733972656104	0.5346907121454902	9.999999999999998	343.38735897381406	1.0000002484631871	7.601100541688438	0.021531626764343833	0.03382180863482225	0.5000001242315936
8	19	352.2700812978225	2.5747896078577237	5.432498572655436	0.014261454120379866	0.05768002417758977	1.2873948039288619	423.99999999999994	19.999999999999996	4.732594127960596	0.012424057387887709	0.3903132741756601	9.999999999999998	349.36720935457146	19.99999999999935	3.519227373031347	0.00923871383460644	0.29024275511417036	9.999999999999675
9	19	359.9999999972663	19.999999999999996	1.4537582955430022	0.003583117044944308	0.11256694185349404	9.999999999999998	423.99999999999994	19.999999999999996	4.470589483042365	0.011018781751236465	0.3461652380119375	9.999999999999998	340.00000000000006	19.999999999999996	2.4488688343702427	0.006035792667987816	0.18962001904341655	9.999999999999998
10	19	353.44678448960997	19.999999999992383	2.005907370078129	0.004631880723887017	0.14551482454462084	9.999999999996191	423.99999148071043	19.999999999999996	3.358472592338223	0.007755116060792166	0.2436341564432088	9.999999999999998	340.00000000000006	19.999999999999996	1.1485549094642085	0.002652151053847444	0.08331978266977556	9.999999999999998
11	19	359.99999999999994	19.999999999934218	0.9976381591785352	0.002319027558531011	0.07285439941329336	9.999999999967109	423.99999999999994	19.999999999999996	4.5666869123475164	0.010615344555020743	0.3334908846937757	9.999999999999998	340.00000000013864	19.999999999999996	1.9896863546788277	0.004625061147553371	0.14530058123557246	9.999999999999998
12	19	359.99999981155105	19.999999997919122	1.330556010639681	0.003122276821520362	0.09808921923941501	9.999999998959561	423.9999999851538	19.999999951853987	3.5124175110265403	0.008242223322044153	0.2589370817544643	9.999999975926993	340.0000000000562	19.999999999999996	2.5488055187335843	0.005981015703261609	0.18789914994371856	9.999999999999998
13	19	353.0634159594956	19.99999999999925	2.105538483189177	0.004602900866482111	0.14460439547341752	9.999999999999625	423.99999999999994	19.99999999999994	4.101213104343816	0.008965629221375693	0.2816635489668377	9.99999999999997	340.00000000000006	19.999999999999996	1.0058207927981728	0.0021988168041858908	0.06907786718620179	9.999999999999998
14	19	359.9999998135385	19.999999999999687	1.9900239741559622	0.004741437048445445	0.1489566379885445	9.999999999999844	423.99999997672757	19.999999999871545	5.2263711406397375	0.0124523674473146	0.3912026609203297	9.999999999935772	340.00000000000136	19.999999999999407	0.8681622635415935	0.0020684859950816674	0.06498340406201747	9.999999999999703
15	19	351.26911931336645	19.99999999979095	2.563532539973955	0.006098696873497112	0.19159621294049303	9.999999999895476	423.99999999972295	19.999999990567748	5.139611181877316	0.01222724118267851	0.38413011055057317	9.999999995283874	340.000232035552	19.999975393669356	1.057046027867852	0.0025147343381745043	0.07900261202705088	9.999987696834678
16	19	350.373110335656	12.316627169789571	85.92983525957997	0.241183898177126	4.666163826732287	6.158313584894786	421.2083701235194	4.121766028160358	87.66562035480187	0.24605581972100793	1.5930773167560595	2.060883014080179	340.00000000000006	19.999999999999996	4.884010103043686	0.013708214287042041	0.4306562529800591	9.999999999999998
17	19	350.89666897584954	9.504035170329223	289.6329384327011	0.6872703355963872	10.2601925427798	4.752017585164611	419.95456565830614	4.6724051326009635	436.53135253028796	1.035845752818432	7.602483023818524	2.3362025663004817	342.7365816781092	19.99999999998464	88.25008041435372	0.20940871818995135	6.578768906627012	9.99999999999232
18	19	350.98405195962516	5.820059839532094	30.075396985202804	0.07133140384977654	0.6521208684731551	2.910029919766047	420.21256709928423	6.006840792887782	36.27050219690283	0.08602466133080161	0.8116877095326125	3.003420396443891	347.71074594961317	11.153041418297015	33.509667639747214	0.07947664452970074	1.3923637730108298	5.576520709148507
19	19	359.9999931916902	19.999999999998973	1.2254161218655846	0.002832796900232874	0.08899493930883079	9.999999999999487	423.9999999999997	19.99999999999223	3.7022623107154042	0.008558527189667571	0.268874061445977	9.999999999996115	343.4341437224972	19.999999999999975	2.678810427557788	0.006192611424064148	0.19454662556376132	9.999999999999988
20	19	359.99999996840324	19.999999999999996	1.3536717691081332	0.003086048317413716	0.0969510672261007	9.999999999999998	423.9999999999776	19.999999999999996	3.858928068815409	0.008797434315731127	0.2763795501673965	9.999999999999998	340.00000000000006	19.99999999999982	1.6094986345312328	0.0036692724679094745	0.1152735942920359	9.99999999999991
0	20	359.99999999984124	19.999999999999996	1.6824997637307095	0.003876984963311577	0.12179907478817742	9.999999999999998	423.9999999999418	19.999999999999602	4.246269951319959	0.009784681761217879	0.30739484338755513	9.999999999999801	340.00000000000006	19.999999999999996	2.3048406119910743	0.005311045260241393	0.16685140772457246	9.999999999999998
1	20	359.9999999691536	19.99999999999982	2.4208721361131684	0.005587244576769112	0.17552846516187098	9.99999999999991	423.999999999833	19.999999999999996	4.825696762963324	0.011137452352724625	0.3498933849102603	9.999999999999998	340.0000000000277	19.999999999889365	1.5615168932751236	0.003603898224667302	0.11321980186837463	9.999999999944682
2	20	359.9999999999056	19.999999999999996	3.7505469767969792	0.009033057230026249	0.28378186233306624	9.999999999999998	418.00002344788896	19.999999999999996	4.442660548482432	0.010699987824787599	0.33615003143852945	9.999999999999998	340.00000000000006	19.999999999999996	0.0017321422479680021	4.1718021806525e-06	0.0001310610308296777	9.999999999999998
3	20	359.9999993919096	19.999999999999996	2.003096431738742	0.0045649283177808106	0.14341145267304203	9.999999999999998	421.89538352427763	19.999999999999996	5.2679556255785664	0.012005333058849366	0.3771586614157984	9.999999999999998	341.9529117216413	19.999999999999996	2.0990202681770262	0.004783532589831359	0.15027910842421552	9.999999999999998
4	20	352.65640720092466	6.342978762917065	26.77442347468743	0.06753476388208823	0.6728844934702473	3.1714893814585325	421.2319185231745	19.999999999965407	6.121130399726438	0.015439701124762438	0.48505251627091844	9.999999999982704	340.00000000000006	19.999999999999563	2.0682339205257927	0.005216832758609592	0.1638916346945411	9.999999999999782
5	20	348.00000000000006	6.8316752646928895	82.59056615575275	0.3464307684319289	3.7176076118767414	3.4158376323464448	418.00000000000006	17.65284280053371	49.43390947820001	0.20735330975733224	5.749704203662518	8.826421400266854	341.49747673683635	9.364935974640387	34.2916194647081	0.14383812383040132	2.115917347924174	4.6824679873201935
6	20	351.936083041855	5.532161242009103	42.846160822426754	0.1225929894998853	1.065320642698641	2.7660806210045514	418.0000000000018	8.419296066738953	30.78449568361853	0.08808171569308314	1.164880631539991	4.209648033369477	344.1056685173697	9.933250035868046	11.434589030048603	0.032717060898546466	0.5104879874141544	4.966625017934023
7	20	349.4598331757516	1.9618781785892672	11.461162411350625	0.02885187423270826	0.08891313924800544	0.9809390892946336	420.1223825531432	19.999999999999996	3.8391750967443223	0.009664586633805455	0.3036219436874532	9.999999999999998	349.99999999999994	19.999999999999996	4.515611452021968	0.011367420600242747	0.3571180504798788	9.999999999999998
8	20	354.3181497607402	19.99999999999238	2.9358816219252413	0.00684589385247671	0.21507009834188165	9.99999999999619	423.999999897199	19.999999999194095	4.100132033033614	0.009560694978185466	0.30035809105469985	9.999999999597048	340.00000000000006	19.9999999999908	0.4751071708808915	0.0011078557241923834	0.03480431404358591	9.9999999999954
9	20	349.8147240755068	19.999999999887198	3.6487595297791953	0.008667998156325709	0.2723131932908913	9.999999999943599	423.9999999964102	19.999999999999964	3.6622443542807828	0.008700032723954563	0.273319588915664	9.999999999999982	340.00000000000006	19.999999999999996	3.241341477556677e-05	7.700135271228342e-08	2.4190688399738605e-06	9.999999999999998
10	20	357.8458468652919	19.999999999999996	1.7421739575615223	0.003785864478422514	0.11893644032898722	9.999999999999998	423.99999994322775	19.999999999999996	4.730419162007944	0.010279527940230189	0.32294089459398173	9.999999999999998	340.00000000000006	19.999999999999996	1.331919804282977	0.002894353834906479	0.09092880744631637	9.999999999999998
11	20	359.9999999441064	19.999999999990237	1.2575154030390023	0.002836059436755761	0.08909743491651556	9.999999999995119	423.99999999999994	19.99999999999997	5.03915992689157	0.011364757067344692	0.35703437312602715	9.999999999999986	340.00000000020447	19.999999999999996	1.6886842583095443	0.0038084693952103797	0.11964659473414489	9.999999999999998
12	20	359.9999989320283	19.999999999999947	1.8820243496044609	0.00418729278926889	0.13154768265196623	9.999999999999973	418.536680154908	19.999999999999744	4.507135431285885	0.010027870094054911	0.3150348301863529	9.999999999999872	340.00000000000006	19.999999999999982	0.6675455590755838	0.0014852138903586035	0.04665937046960101	9.999999999999991
13	20	359.27999344990496	19.999999999916625	1.9111194199515076	0.0042191950861486084	0.13254992286651365	9.999999999958312	423.9999999942344	19.999999999999996	4.407121374591843	0.00972964046810336	0.30566567016663465	9.999999999999998	340.00000000000006	19.999999999999996	1.1602358362204235	0.002561462820088419	0.0804707277803317	9.999999999999998
14	20	359.99999999999994	19.99999999999457	1.2900182293674463	0.0029118021595278287	0.09147696273077038	9.999999999997286	423.99999999968554	19.999999999999996	5.133792896248312	0.011587889924000859	0.36404429855848275	9.999999999999998	345.2661703015844	19.999999999999996	1.4949902419439751	0.003374460698202711	0.10601180939301119	9.999999999999998
15	20	359.9999999979115	19.99999999999937	1.6033841715059178	0.003609042741054067	0.1133814216178667	9.999999999999686	423.9999999999885	19.999999999999996	4.533611908729126	0.010204665507323636	0.32058902190149086	9.999999999999998	340.00000000000006	19.999999999999996	1.1425980582500375	0.0025718635005587925	0.08079747479391229	9.999999999999998
16	20	350.0165898657559	19.999999994286352	5.714776952178746	0.01311006411159684	0.4118648108931758	9.999999997143176	423.99192364283186	19.999999999999996	5.2691346890795945	0.012087732236012514	0.37974730791217426	9.999999999999998	345.7099203354149	1.0040545227576916	30.267481196663066	0.06943553918294611	0.10951131300474536	0.5020272613788458
17	20	351.74100952539425	8.234958333259986	134.4162187076585	0.4067565812906757	5.261576287916385	4.117479166629993	420.48311715183655	4.132324599364013	202.0173276363896	0.6113241269609853	3.968129545569625	2.0661622996820066	343.84689374906327	19.999999999999996	41.06998648884047	0.12428178279726583	3.904427358109326	9.999999999999998
18	20	352.1262193958682	5.931684169154269	130.68692468454944	0.38012422170578425	3.5417951594855435	2.9658420845771345	420.2842301480502	4.609739092907279	221.4754979463784	0.6441975850834396	4.664609741026031	2.3048695464536393	346.6320035897378	11.528224826667941	142.43489686840562	0.4142951136583553	7.5022602535281875	5.7641124133339705
19	20	353.52490540374606	3.1526329127514083	15.03940756153202	0.03710398406855117	0.18374427946792918	1.5763164563757042	420.45517369244203	19.999999999999996	7.396767533436361	0.0182486938794976	0.5732996262943867	9.999999999999998	346.1536930718144	8.135117502022585	14.583423407576465	0.03597901762857292	0.4597619312502011	4.067558751011292
20	20	359.8419790342191	19.999999999999996	2.458183640274762	0.005626563533109459	0.17676370660572902	9.999999999999998	423.99999999999994	19.999999999999996	4.882318930054304	0.011175193422808321	0.3510790555953959	9.999999999999998	340.00000000001324	19.999999999999996	1.3515100694615008	0.0030934862419848904	0.09718473651800827	9.999999999999998
0	21	350.4627299098464	19.999999999999996	1.8729513355040568	0.004392931055229636	0.1380079993083588	9.999999999999998	423.99999940121353	19.999999999999858	4.5838448228257045	0.010751221290608386	0.3377595782369324	9.999999999999929	340.00000000000006	19.999999999999996	0.9704184165331162	0.002276076862086661	0.0715050634893716	9.999999999999998
1	21	359.9999999998139	19.999999999999996	2.195021209090103	0.0050181299295477865	0.15764920121426387	9.999999999999998	423.9999999999847	19.999999999999996	3.8883610429998394	0.008889345053232323	0.2792670111445943	9.999999999999998	340.00000000000006	19.999999999999996	2.5347318853674694	0.005794756736138426	0.18204765191592442	9.999999999999998
2	21	359.9999999313853	19.999999999999996	1.8096674565100581	0.004171655601382201	0.1310564259060903	9.999999999999998	423.99999999999994	19.999999999999996	4.664454653825538	0.010752527108792835	0.33780060172508664	9.999999999999998	340.00000000000006	19.999999999999996	1.9400368401675012	0.004472183838007588	0.1404977989098764	9.999999999999998
3	21	359.999999999727	19.999999999999996	0.8483647844787174	0.002088826184689722	0.06562240996447226	9.999999999999998	423.99999998508207	19.999999999999783	4.320682708308337	0.010638295391287507	0.3342119064798662	9.999999999999892	340.00000000000006	19.999999999999996	2.201454872917612	0.005420376549208888	0.1702861514668503	9.999999999999998
4	21	354.2912294975878	5.83971141607851	46.57260133066945	0.12077308383279717	1.1078511648962217	2.919855708039255	419.7853504047294	5.767621166574865	31.524884417377237	0.08175101668739906	0.7406444391158664	2.8838105832874326	349.99999999999943	8.374642520392053	38.58154976688131	0.10005051492209215	1.3161502875375353	4.187321260196026
5	21	353.29284067514567	4.391210943000003	165.960120109318	0.48889708526034165	3.37226445671316	2.1956054715000013	418.5326022714351	4.481676132891886	349.32405881291686	1.0290635729381976	7.244402160042653	2.240838066445943	348.42786992723404	10.137479793469465	170.17099496058856	0.5013017788688193	7.982687428656656	5.068739896734733
6	21	354.2564890890101	4.771281623782102	56.925069662786306	0.14364171976077805	1.0765532703362812	2.385640811891051	418.8159698261297	6.415784474446931	27.979484434411965	0.07060195597452583	0.7115187945268647	3.2078922372234655	349.99999999781437	9.122073017973326	80.6036164079717	0.2033909163109562	2.914371922318768	4.561036508986663
7	21	351.8973056345075	19.999999999999996	6.437093520074689	0.014970550051280663	0.4703137006130162	9.999999999999998	422.0101683250526	19.999999999999996	5.576766261569602	0.012969713455732484	0.4074555651169385	9.999999999999998	340.00000000000006	19.999999999999996	2.041434287918673e-06	4.747700820001818e-09	1.4915342017559946e-07	9.999999999999998
8	21	359.99999999999994	19.999999999999996	1.182270590683862	0.0027480268189637915	0.08633180866324373	9.999999999999998	422.79835340048845	19.999999999999996	4.296164189480363	0.009985847998244576	0.3137146671114949	9.999999999999998	344.60010171861603	19.999999999999996	2.1187009695982213	0.004924631579013339	0.15471186390264605	9.999999999999998
9	21	359.9999994168734	19.999999999971564	1.2442325032005417	0.002912093525292017	0.09148611625610796	9.999999999985782	423.9999999998572	19.999999999977355	6.002630832013245	0.014048999954316894	0.4413623504671532	9.999999999988678	340.00000000000256	19.999999999999996	3.3715212006913977	0.007890956902076461	0.2479017223335708	9.999999999999998
10	21	359.9999999967016	19.999999999999996	3.7527515259360515	0.008683972458532693	0.27281504079702396	9.999999999999998	421.4887625248429	19.999999999999996	4.66064028920893	0.010784852562420318	0.3388161358014872	9.999999999999998	340.00000000000006	19.99999999999984	0.8567647513574793	0.0019825777040685276	0.062284515502725554	9.99999999999992
11	21	349.0052090961344	19.999999999897987	3.307989229320928	0.0074231811027115095	0.23320611218426107	9.999999999948994	423.9999999864415	19.99999999999999	3.645746841990703	0.008181114624817298	0.25701729603502027	9.999999999999995	340.00000000000006	19.999999999999996	2.0036006165926028e-06	4.496112049773669e-09	1.4124952585285502e-07	9.999999999999998
12	21	357.04449265061305	19.999999999957833	1.989210587824412	0.004668784874821464	0.14667420263899328	9.999999999978916	423.99999999990433	19.999999999970164	4.767841608878025	0.011190382217611169	0.3515562256565666	9.999999999985082	340.00000000000006	19.999999999999996	1.0338005931097796	0.0024263859252685828	0.07622716197597451	9.999999999999998
13	21	359.999996767257	19.999999999999996	2.4677057574175705	0.00579843291588762	0.18216314250885787	9.999999999999998	423.9999999996498	19.999999999999996	3.803456315222101	0.008937081021930205	0.28076668083032685	9.999999999999998	340.00000000000006	19.999999999999996	1.184723938045547	0.002783776898017296	0.08745493052044118	9.999999999999998
14	21	359.99999999999994	19.999999999999996	1.9893981724472287	0.0045688106690032265	0.143533420333832	9.999999999999998	423.99999888278046	19.999999999999996	4.320539725214962	0.009922462112314023	0.31172334077568786	9.999999999999998	340.00000000000006	19.999999999999996	1.6997933773909502	0.0039037102905204383	0.12263867570441883	9.999999999999998
15	21	359.9999996517103	19.999999999999847	1.6608288717574706	0.0037098852903714574	0.11654948373891717	9.999999999999924	423.9999999998854	19.999999999999996	4.833398074684922	0.010796628553794683	0.3391860894813916	9.999999999999998	340.00000000000006	19.999999998505228	1.1378305650667715	0.0025416350522672513	0.07984782007712335	9.999999999252614
16	21	359.9999999999991	19.999999999987192	2.1937330782132434	0.005048717956869238	0.1586101524333711	9.999999999993596	423.99999999999955	19.999999999999996	4.754417019085844	0.010941946774242019	0.34375139601929255	9.999999999999998	340.0000000524071	19.999999999990468	1.0081803549332304	0.002320254142249581	0.07289293367749096	9.999999999995234
17	21	350.8412193482325	9.590490134200223	20.044323769084976	0.051432909129863175	0.7748216894814874	4.795245067100112	422.09435600172526	19.999999999999993	7.728525574134251	0.019831078271413116	0.623011698102356	9.999999999999996	345.4876575730558	19.999999999999996	2.660422149842206	0.006826533648940148	0.2144618796099389	9.999999999999998
18	21	350.42150781353746	10.107259523306773	212.4394128539931	0.7055856230590104	11.2021921368377	5.0536297616533865	420.6337737070559	3.985938596737345	281.7047436704566	0.9356400227767897	5.858133600796919	1.9929692983686724	340.00000000000006	19.999999999999996	36.76430782713681	0.1221071301979735	3.8361086318088584	9.999999999999998
19	21	349.16506392804274	9.989406842250139	37.117623305318865	0.09021585171315412	1.4156061207952164	4.994703421125069	420.55175102380434	5.252328886231974	37.311290318777345	0.09068656705029146	0.7481949138023882	2.626164443115987	340.0000005027334	1.0000000394543351	19.448435417255812	0.047270191607461605	0.07425184627344875	0.5000000197271676
20	21	348.00000000000006	2.4586184709127816	5.620623539556316	0.013117684598888664	0.050660351830564866	1.2293092354563908	423.9999943564463	19.999999999999996	4.264760824322289	0.009953306246084637	0.3126923378162889	9.999999999999998	345.65549888270186	19.999999999999996	2.9429841534502645	0.006868479561528393	0.21577964931829235	9.999999999999998
0	22	359.9999999997919	19.999999999999996	1.6270593885043598	0.0037726443295172983	0.11852111710218732	9.999999999999998	423.10960380952224	19.999999999999996	4.848850132304996	0.011242974341050383	0.3532084559434242	9.999999999999998	340.00000000000006	19.999999999999424	1.5101565613953856	0.003501583057314676	0.11000547608793958	9.999999999999712
1	22	359.99999997168004	19.999999999999996	2.194269302732516	0.005082519653025005	0.15967206403669099	9.999999999999998	423.99999999999994	19.999999999999996	3.270955285762159	0.007576414847233893	0.23802009224618628	9.999999999999998	340.00000000000006	19.999999999999996	0.7292480461640182	0.0016891352041169786	0.053065747481737945	9.999999999999998
2	22	354.9850534164114	19.999999999999996	2.2559101551424403	0.005369796505990189	0.16869713254490912	9.999999999999998	423.9999999999809	19.999999999999996	3.5949297832592837	0.00855709672010714	0.268829121919459	9.999999999999998	340.00000000000006	19.999999999999996	0.9544025371595872	0.002271787020269931	0.0713702941340066	9.999999999999998
3	22	359.99999687903227	19.99999999965584	1.098626130920565	0.0025090641464896183	0.07882457489861688	9.99999999982792	418.0000663350412	19.999999999999996	3.2026845870220537	0.0073143545776383516	0.22978722606859514	9.999999999999998	346.29586509493816	19.999999999999996	2.127417176998068	0.004858637541198223	0.1526386000588391	9.999999999999998
4	22	354.0676238868335	5.539697511749037	21.643365055181384	0.052125487970153976	0.4535822614071087	2.7698487558745186	422.66156795638204	19.999999999999996	5.753027932062071	0.01385548816000175	0.4352829981536185	9.999999999999998	349.37498862089814	2.425130661286583	9.054452113143759	0.021806578297630386	0.0830696813745759	1.2125653306432915
5	22	354.41522287184966	4.3177785855791955	61.57305084487687	0.1538359123999664	1.0433691146339215	2.1588892927895977	420.4301706238484	2.8154374176573937	22.337533883111586	0.05580874844631076	0.2468130042898642	1.4077187088286969	349.9999999937537	8.955638870151182	52.48070434230617	0.1311193277758997	1.8445191296696486	4.477819435075591
6	22	353.2984931993193	1.8677305101794826	33.691533069888514	0.07938661326583665	0.2329063691267357	0.9338652550897413	423.99999999999994	19.999999999999996	4.725303628494401	0.0111341282968867	0.3497889566162548	9.999999999999998	349.6057184297508	9.533233549354827	25.170741764106758	0.059309261406904526	0.8881424441609914	4.766616774677414
7	22	351.9518352050121	19.999999999999996	2.244721192220484	0.0049556608778952085	0.15568667807677927	9.999999999999998	423.9999665575304	19.99999999927573	4.237930618823745	0.00935606036229563	0.29392930499666187	9.999999999637865	340.0000000000001	19.999999999999996	0.8769461781707878	0.0019360301324913185	0.060822180413631986	9.999999999999998
8	22	359.9999999827661	19.99999999999603	1.3279067956973767	0.0030291339899083496	0.0951630508943332	9.999999999998016	423.9999999973371	19.99999999889305	4.8907055017254555	0.011156356995769542	0.3504872917679483	9.999999999446525	340.00000000000006	19.999999999999996	0.8609683670045952	0.0019639846359547158	0.06170039704078557	9.999999999999998
9	22	359.9999999591572	19.99999999999993	1.5902872556423024	0.003688583749544125	0.11588027609718476	9.999999999999964	423.9999999998423	19.999999999999996	4.8328234009885715	0.011209467848060662	0.35215581842118354	9.999999999999998	340.00000000000006	19.999999999999996	1.5241153333566737	0.0035351016183424355	0.11105849273877981	9.999999999999998
10	22	358.20073828297586	19.999998811133665	3.356570822651484	0.007532930568766907	0.2366539792809027	9.999999405566832	423.9999996304671	19.999999999999996	3.9566900039464876	0.008879738476162547	0.27896521162510873	9.999999999999998	341.70738809532776	19.999999986375908	1.2244310628938577	0.0027479098968437254	0.08632813538770222	9.999999993187954
11	22	359.9999999979639	19.999999999999996	3.3012131025297298	0.00725676341567359	0.22797794635519317	9.999999999999998	419.3559206655666	19.999999999875268	4.249992384153484	0.009342380601416699	0.29349954264267447	9.999999999937634	340.00000000000006	19.999999999999982	1.618050972764113	0.003556817672525258	0.11174072270163687	9.999999999999991
12	22	359.9999999965603	19.999999999999996	0.5665359999959171	0.0012301788806969279	0.03864720934198782	9.999999999999998	423.99999999999994	19.999999999999996	4.256421826106321	0.009242413964604514	0.2903589981263725	9.999999999999998	341.8365205875618	19.999999999999996	1.6534214647352152	0.0035902469866396854	0.11279093557800125	9.999999999999998
13	22	359.99999992830027	19.999999999999996	1.6761616468255758	0.0037384778517868932	0.11744774554781852	9.999999999999998	423.99999999999994	19.999999999999996	3.8070826872647756	0.008491242078719255	0.2667602373435693	9.999999999999998	340.00000000000006	19.999999999999996	1.6131278248909449	0.003597888459551134	0.11303099952961337	9.999999999999998
14	22	359.9999999999731	19.99999999998459	0.9920261025717867	0.0022009704927633393	0.06914552730827886	9.999999999992294	423.9999999994485	19.999999999998582	3.676792435230176	0.008157559198268651	0.25627728048502824	9.999999999999291	341.5062977193903	19.99999999999998	2.5692736658281707	0.005700349528769069	0.17908176202474926	9.99999999999999
15	22	348.26624788624224	19.999999999945377	2.528809076962077	0.005663772708526123	0.17793266732659438	9.999999999972689	418.0800831055014	19.999999999713623	5.2027812655193255	0.011652667181770507	0.3660793361245292	9.999999999856811	348.28850210305455	19.999999999999996	1.4240296570875097e-06	3.189398670473454e-09	1.0019791432528454e-07	9.999999999999998
16	22	356.372311031491	19.999999999999996	2.684328467342376	0.0059343573662832706	0.18643333505691992	9.999999999999998	423.99999885062374	19.999999999999996	4.031440659737792	0.008912474709004171	0.27999365071112325	9.999999999999998	340.00000000000006	19.999999999999996	1.438673625028437	0.003180536036566952	0.09991948646956332	9.999999999999998
17	22	356.64920695513894	19.999999988858356	2.5064492319530767	0.005775077934292861	0.1814294240217586	9.999999994429178	421.20880070549845	19.999999999999982	5.796021259453487	0.013354539184533856	0.4195452219420855	9.999999999999991	340.00000000000006	19.999999999999996	1.1711951698448704	0.002698535959114976	0.08477700744603493	9.999999999999998
18	22	350.35077284897784	9.264864865526771	87.49540368086367	0.2551882128959616	3.7138091061225063	4.632432432763386	420.8587260179222	3.486294183328368	105.57873552432571	0.30792987636858804	1.6863034788636413	1.743147091664184	340.5278804286884	19.999999999999996	5.500527982231745	0.016042784497455248	0.5039989392032962	9.999999999999998
19	22	353.29132936187193	2.3034733951074204	28.152255396114004	0.06826319798466349	0.2469958792480478	1.1517366975537102	420.63077231314156	2.933140799810512	45.78310476756799	0.11101423673260954	0.511483308018005	1.466570399905256	347.0362409115111	10.921500292931857	27.19869382650405	0.06595101513107103	1.1314195102587181	5.460750146465928
20	22	349.5717618567398	1.7587708231210306	12.517937859074657	0.029176324436028016	0.08060457807202773	0.8793854115605153	423.9999999583565	19.999999999999996	3.9465920836777415	0.009198563880596979	0.2889814071085988	9.999999999999998	349.75817067257486	19.999999999999996	3.0270429873518587	0.007055314483507899	0.22164924150154075	9.999999999999998
0	23	359.99999985162964	19.999999999999723	1.573391615551664	0.003580747458896565	0.11249249911229611	9.999999999999861	418.00000000000006	19.999999999999993	4.244908087911821	0.009660623393947798	0.3034974348352409	9.999999999999996	340.00000000000006	19.999999997281407	1.5529609699621865	0.0035342510993411668	0.11103177288122609	9.999999998640703
1	23	359.99999997226774	19.999999999999996	2.3904794557475895	0.005364752093564967	0.16853865765474157	9.999999999999998	423.99999999999994	19.999999999999996	4.002880676143533	0.00898332861050083	0.282219591675324	9.999999999999998	340.00000000000006	19.999999999999996	1.3988022380624878	0.003139214276485906	0.09862132509052318	9.999999999999998
2	23	359.9999999894468	19.99999999999998	2.447004271728772	0.0056194155268974024	0.17653914536769277	9.99999999999999	423.99999999999596	19.999999999999957	4.525531356938434	0.01039264273808333	0.3264945007734583	9.999999999999979	340.00000000000006	19.999999999997407	2.1714407839372827	0.004986598592398346	0.15665861504277814	9.999999999998703
3	23	359.99999999713106	19.999999999999996	2.8819137180631356	0.006449933992733957	0.20263065247712078	9.999999999999998	423.99999999999994	19.999999999999996	4.092624937831929	0.009159594383614562	0.2877571442542583	9.999999999999998	340.00000000000006	19.999999999999996	0.9652966575923824	0.002160404624834497	0.06787111298161468	9.999999999999998
4	23	358.30106455507274	19.999999999997886	3.600256441384521	0.007977819623323562	0.25063059520295144	9.999999999998943	423.99999963551585	19.999999999984773	3.7547776022035255	0.008320223551785537	0.2613875318649432	9.999999999992387	340.00000000000006	19.99999999846801	1.8809396876014726	0.004167980196506353	0.130940959646491	9.999999999234005
5	23	359.9999967459902	19.999999999916184	3.1799087705836637	0.007066036245729901	0.22198607559491232	9.999999999958092	423.999999999999	19.999999999999957	4.383821614084285	0.009741236197241002	0.30602996074135236	9.999999999999979	342.50873143964964	19.999999999999996	1.352218068930347	0.0030047471724916697	0.0943969164299453	9.999999999999998
6	23	354.27370917629656	19.99999996166785	3.0070188268554543	0.007010948687315356	0.22025544848550602	9.999999980833925	423.9999999999969	19.999999999999982	4.201410356863282	0.009795706020612718	0.3077411807108219	9.999999999999991	340.00000000000006	19.999999999999996	0.5864411316418539	0.0013673039374920498	0.0429551200524942	9.999999999999998
7	23	356.0056381567755	19.999999999999996	2.3285781513540087	0.00534310727482636	0.1678586656193667	9.999999999999998	423.99999999999994	19.999999999999996	5.772748018371515	0.013246028231762397	0.41613624982147734	9.999999999999998	342.21269843499164	1.0000000126198658	6.60925847992963	0.015165467839155683	0.023821861476500575	0.5000000063099329
8	23	359.9999999640411	19.99999999999723	1.7857914062527982	0.004001676538221445	0.12571637614517384	9.999999999998614	423.9999999999979	19.999999999999996	3.8250434895282734	0.008571318428416248	0.2692759100629129	9.999999999999998	340.00000000000006	19.999999999999996	1.1133575120973693	0.0024948583687953675	0.0783782872315454	9.999999999999998
9	23	359.99999999972755	19.999999999999996	1.6762142027574136	0.0037928684158070633	0.11915647551132225	9.999999999999998	423.99999999999994	19.999999999999996	4.583961838405504	0.01037239992809518	0.32585855414199105	9.999999999999998	340.00000000000006	19.999999999999996	1.042258823592801	0.0023583803111788043	0.0740907025997014	9.999999999999998
10	23	359.9999999526476	19.999999999999996	1.821252686796441	0.004303854269572644	0.1352095695541048	9.999999999999998	423.99999999999994	19.999999999999996	4.729164049377412	0.011175622709018044	0.3510925420194234	9.999999999999998	341.55433038182935	19.999999999999996	1.851859655498931	0.004376182471959868	0.1374818270467754	9.999999999999998
11	23	356.1587621708509	19.999999955209788	1.4502655625560805	0.0031228986043287297	0.09810875291293396	9.999999977604894	423.99999999999994	19.999999999999996	4.115903912007343	0.008862894434109444	0.2784360404374009	9.999999999999998	340.00000000000006	19.999999999999147	1.8153082997770182	0.003908955643825951	0.12280346333851444	9.999999999999574
12	23	359.99999994746753	19.999999999999996	0.8669313720474178	0.002047438807319298	0.06432218715748954	9.999999999999998	418.00000000000006	19.999999999999996	3.3332841845599104	0.007872244119132349	0.24731384291931635	9.999999999999998	340.00000000000006	19.999999999999996	2.4328061892614055	0.00574557798135368	0.1805026557684799	9.999999999999998
13	23	358.79155287439664	19.999999992694807	2.1768737978471444	0.005117881984570617	0.16078300438793847	9.999999996347404	420.99804958969906	19.999999999999996	3.8258206925413334	0.0089945952851832	0.28257354469944923	9.999999999999998	340.00000000000006	19.999999999999996	1.1327964621897388	0.0026632313787596446	0.08366788134321114	9.999999999999998
14	23	359.99999990642067	19.999999999999982	1.133419945804038	0.002587313835862648	0.08128286139277316	9.999999999999991	423.99999999999994	19.999999999999996	5.661238793766501	0.012923190132183269	0.40599399180211054	9.999999999999998	340.00000000000006	19.999999999999996	1.815531122691091	0.0041444027966577295	0.13020025379496913	9.999999999999998
15	23	359.99999999763924	19.999999999999996	1.3802841568366124	0.003175552517910357	0.09976292461355744	9.999999999999998	423.99999999999994	19.999999999999996	4.007454025781451	0.009219754250563839	0.2896471222147462	9.999999999999998	340.00000000000006	19.999999999999996	2.429722643740144	0.005589944520435548	0.17561328639374835	9.999999999999998
16	23	359.99999999999994	19.999999999999996	1.1253555547397998	0.0024764671590289185	0.07780051033661635	9.999999999999998	423.99999997686007	19.999999999999996	3.9949342953060425	0.008791286934280291	0.2761864244833489	9.999999999999998	340.00000000000006	19.999999999999996	1.3738203469451344	0.0030232409279767484	0.0949779148936374	9.999999999999998
17	23	358.9559241331921	19.999999999999964	2.012178794976159	0.004439507719097635	0.13947124835872285	9.999999999999982	423.9999999999874	19.999999999999996	4.838703988911166	0.010675723132970476	0.3353877336629865	9.999999999999998	340.00000000000006	19.999999999999996	0.9154763523185834	0.0020198326028069745	0.06345491266459541	9.999999999999998
18	23	352.279777598841	7.0127837847309324	30.369191706482503	0.07768070625478048	0.8557038610095674	3.5063918923654662	421.58179375332475	6.211989473919845	23.92144478030877	0.06118815222772178	0.5970599313207393	3.1059947369599223	345.7454710735132	19.99994494275513	6.381207568163894	0.016322354425636943	0.5127804759108013	9.999972471377564
19	23	352.1351463178348	7.547303951415163	32.26846046771512	0.08539165192801108	1.0123417147685265	3.7736519757075815	421.0431300986263	3.1593842685577394	40.713990231526694	0.10774095919231642	0.5346913594681494	1.5796921342788697	344.9043827712964	5.568915829195886	21.18439748974994	0.05606002488278763	0.49039249722613404	2.784457914597943
20	23	355.7171494813279	19.99999999998282	1.1801397142302534	0.0027991346717779085	0.087937409212584	9.99999999999141	422.155908064635	19.999999999999996	6.091456149116911	0.014448124999953316	0.45390123358000356	9.999999999999998	340.00000000000006	19.999999999999996	1.8834244194826824	0.0044672325917663	0.14034225092169897	9.999999999999998
0	24	359.9999991819996	19.999999999999996	0.43150630945822793	0.00103689558892843	0.03257503564717217	9.999999999999998	423.99999999907584	19.999999999991985	4.027548468310933	0.009678067619058381	0.30404546132966886	9.999999999995993	340.00000000000006	19.999999999999986	2.7880218745548615	0.006699525638898593	0.2104718052970027	9.999999999999993
1	24	359.99999994896166	19.999999999999996	2.41538536720672	0.005376607284274065	0.16891109945512767	9.999999999999998	423.9999999999525	19.99999999999853	5.256669921005473	0.011701259009028152	0.36760589340511524	9.999999999999265	340.00000000000057	19.99999999959486	1.3706106871552828	0.00305095638340525	0.09584862160334656	9.99999999979743
2	24	359.99999999892066	19.999999999997694	2.993027136469888	0.006907871162683912	0.2170171729663006	9.999999999998847	423.9999999999995	19.999999999999996	4.8600341680043915	0.011216901266860198	0.35238934616010037	9.999999999999998	340.00000000000176	1.000000001537098	10.041767241500782	0.023176279795365334	0.036405215227289026	0.500000000768549
3	24	359.99999955546105	19.999999999999996	1.570875480986821	0.003519627656257374	0.11057236388269626	9.999999999999998	423.9999999999225	19.999999999999996	4.038957910295305	0.009049493824045565	0.28429823316327746	9.999999999999998	340.00000000000006	19.999999999999996	1.5264819080120813	0.0034201615629271638	0.1074475444018216	9.999999999999998
4	24	359.9999972623593	19.999999999999993	2.442719705646127	0.005854092126316122	0.18391172817472573	9.999999999999996	423.99999999988296	19.999999999999996	3.5775844212708026	0.008573848544056685	0.2693553959900002	9.999999999999998	340.00000000000006	19.999999999999996	1.0462647351991556	0.00250742241699462	0.07877299844676659	9.999999999999998
5	24	359.999999328177	19.999999999999996	1.0623446050256669	0.002348164862896552	0.0737697748269349	9.999999999999998	423.99999999999994	19.999999999999996	3.560614416899139	0.007870242503733945	0.24725096031700697	9.999999999999998	340.00000000000006	19.999999999999996	2.3259891873400043	0.005141275303089757	0.16151792722269415	9.999999999999998
6	24	356.2065803570796	19.999999999972054	1.6040178873384139	0.003538041537632662	0.11115085302706776	9.999999999986027	423.9999999197549	19.999999999999837	5.804209244342864	0.012802558850307868	0.40220424831277857	9.999999999999918	340.00000000006224	19.999999999999996	1.4279753066132117	0.0031497379108998452	0.09895193481616214	9.999999999999998
7	24	359.99999999917884	19.999999999999996	2.3846919081932523	0.005367326743316631	0.16861954266219553	9.999999999999998	423.9999999998826	19.999999999999996	5.41926782507234	0.01219737485868508	0.3831918324912588	9.999999999999998	340.04612371798754	2.391230032817641	12.080140478710627	0.027189282117172735	0.1021266237577604	1.1956150164088204
8	24	359.99999999794585	19.999999999999996	1.8506090648994382	0.0042995651627816996	0.13507482329025589	9.999999999999998	423.99999999999017	19.99999999999997	3.2865399678127973	0.007635698440970001	0.23988254127178354	9.999999999999986	340.00000000000006	19.999999999999094	1.2511324968010675	0.0029067866354379216	0.09131939539444353	9.999999999999547
9	24	359.99999999999994	19.999999999999996	1.7614373578019016	0.004040909257924117	0.12694890838517384	9.999999999999998	418.0000000000077	19.999999999999996	6.021304162499846	0.013813459574506805	0.43396263119930156	9.999999999999998	340.00000000000006	19.999999999999996	2.37029251898438	0.0054376824367485975	0.17082983195843635	9.999999999999998
10	24	359.0619237869946	19.999999691849588	2.4949365961924204	0.0055864989080723765	0.17550503658477828	9.999999845924794	423.99999922242694	19.99999999994144	5.095962861432471	0.011410546866969065	0.35847290210607086	9.99999999997072	340.00000000000006	19.999999999999996	1.0520956660930603	0.0023557838298521876	0.07400913173309258	9.999999999999998
11	24	359.9999999861628	19.999999999999996	2.3170732981917768	0.005251744662061416	0.16498842448861553	9.999999999999998	423.99999999999994	19.999999999999996	3.456712068138674	0.007834784150461531	0.2461370032955169	9.999999999999998	340.00000000000006	19.999999999999996	1.36458973436739	0.0030929003665789946	0.09716633069929745	9.999999999999998
12	24	359.99999999120234	19.999999999999993	2.349853489393507	0.005251502174473714	0.1649808065163744	9.999999999999996	423.99999999994753	19.999999999999996	4.2488261291619915	0.009495366309843344	0.2983057304214786	9.999999999999998	340.00000000000006	19.999999999999996	0.6968403664589908	0.0015573135585848588	0.04892444834985969	9.999999999999998
13	24	353.7586540974411	19.999999999999996	4.134413399096461	0.009080876653202128	0.28528415381854866	9.999999999999998	423.99999999838064	19.999999999998202	5.586074883707566	0.012269323867222527	0.38545217725776737	9.999999999999101	340.00000000000006	19.999999999999996	2.1618599279520748e-11	4.748335846512963e-14	1.4917337012182192e-12	9.999999999999998
14	24	359.99999999999926	19.999999997471047	1.672227055812602	0.0037817702391640235	0.11880781599419914	9.999999998735523	423.99999999999994	19.999999999999996	3.497482452106707	0.007909616701511977	0.2484879372218115	9.999999999999998	340.00000000000006	19.999999999623753	3.4784215561922887	0.007866510157666517	0.247133705202497	9.999999999811877
15	24	359.99999971603444	19.999999999999996	0.9961142396572125	0.0022834032905234857	0.07173523002691341	9.999999999999998	423.99999999999994	19.999999999999996	4.329717397061843	0.009925057345721694	0.3118048724377668	9.999999999999998	340.00000000000006	19.999999999999996	1.212625295977178	0.0027797138930160813	0.08732728745380804	9.999999999999998
16	24	358.26666871874437	19.999999999999996	2.678174802106724	0.006255454411208624	0.19652089623118874	9.999999999999998	423.99999999999994	19.999999999999996	4.548173571601902	0.010623239532027323	0.33373891271141704	9.999999999999998	340.00000000000006	19.999999999999996	0.1181101772342585	0.00027587177230085544	0.008666767331931634	9.999999999999998
17	24	358.8051972119269	19.999999999999996	2.9222769963222297	0.006565677073593844	0.2062668286024535	9.999999999999998	423.9999999999993	19.999999999996547	5.236645189610349	0.011765524386374411	0.3696248497785903	9.999999999998273	340.00000000000006	19.999999999999996	0.31259030301946705	0.0007023177435081038	0.022063962634908188	9.999999999999998
18	24	350.4526475578994	10.638637363531476	43.02375262465015	0.10689598267636868	1.7863529294462428	5.319318681765738	421.1918671954093	3.941259320769	36.67470992966884	0.09112127413675612	0.5641241233778013	1.9706296603845	340.00000000000006	19.999999999999996	7.687450626900065e-09	1.9100090970858942e-11	6.000470547694718e-10	9.999999999999998
19	24	353.20940284139886	1.0000000026459224	131.53010341020317	0.3262067442124131	0.512404356940363	0.5000000013229612	420.8532347263732	3.756333169160315	45.6135253914927	0.1131257349019527	0.6674909714436019	1.8781665845801574	347.1575323316983	8.412248261351522	41.32348581294429	0.10248604248799455	1.35424325500628	4.206124130675761
20	24	349.94509507442086	2.5806380952176715	8.60475999661865	0.02115171374417628	0.08574178911276954	1.2903190476088358	423.9999998131185	19.999999999999996	4.11613461826099	0.010118039458644213	0.317867584320083	9.999999999999998	340.00000000000006	19.999999999999996	1.680205439619994	0.004130181957918124	0.12975349296984684	9.999999999999998
0	25	352.86174954693405	19.999868114901243	1.086102758986214	0.002491771158712849	0.07828078345954527	9.999934057450622	418.0000000001002	19.999999999999996	4.4615130210718545	0.010235743697498323	0.32156537204088753	9.999999999999998	340.00000000000006	19.999999999989694	2.738280401654523	0.006282249145265254	0.19736267762775908	9.999999999994847
1	25	349.5821649136639	19.99999999968042	3.9837139021455505	0.00881678196823675	0.2769873745927293	9.99999999984021	423.9999999999966	19.99999999999952	4.321947766107031	0.00956536339403053	0.30050475367602325	9.99999999999976	340.00000000000006	19.999999999999996	0.1440864373321347	0.00031889305651523785	0.010018320836290657	9.999999999999998
2	25	359.99999999654864	19.999999999999787	1.3136838694504132	0.0031507491110942063	0.09898370260718024	9.999999999999893	423.999999999998	19.999999999999996	3.723343012918532	0.00893009342739342	0.28054715907369654	9.999999999999998	340.0000000000002	19.999999999999996	2.2774226969263456	0.005462187444631105	0.1715996794858348	9.999999999999998
3	25	359.99999999999994	19.999999999999996	2.2768789929797806	0.005046417460917448	0.1585378802216551	9.999999999999998	423.99999999964245	19.999999999999996	3.920376896614326	0.008689024970343507	0.2729737701368943	9.999999999999998	340.00000000000006	19.999999999999996	1.1176458299025724	0.002477122169659369	0.07782108810246281	9.999999999999998
4	25	359.99999996342024	19.999999999999996	1.7827976064246527	0.004150313738281364	0.1303859515027752	9.999999999999998	420.6125581058754	19.999999999999996	3.8701695106520684	0.009009669763776294	0.28304712341149685	9.999999999999998	340.00000000000006	19.999999999999996	1.06184548548106	0.0024719530082622098	0.07765869410775746	9.999999999999998
5	25	359.9999999948913	19.999999999999996	1.2708086493257678	0.0028309413920246706	0.08893664679927965	9.999999999999998	423.99999999999994	19.999999999999996	3.802583245588186	0.008470897890305092	0.2661211058149175	9.999999999999998	340.00000000000006	19.999999999999996	1.5512051993662586	0.003455572173465833	0.10856000154109573	9.999999999999998
6	25	359.99999954727673	19.999999999999996	1.6835427929124156	0.00402450703199605	0.1264336172603925	9.999999999999998	423.99999999999363	19.999999999999996	3.9684042059585947	0.009486465505907656	0.29802610341892466	9.999999999999998	341.4315606273131	19.99999999999962	2.193438332781482	0.005243411709932109	0.16472663707669094	9.99999999999981
7	25	356.8362145835756	19.999999999999996	3.1314165526696733	0.007009043733299426	0.22019560301223048	9.999999999999998	423.9999999999999	19.999999999998913	5.033526939874947	0.011266533806959144	0.35394859839361964	9.999999999999456	340.00000000000006	19.999999993282287	0.33526996795873426	0.000750434133677058	0.023575583605709962	9.999999996641144
8	25	359.99999999861336	19.999999999999996	2.602888691421427	0.0057798544474672205	0.18157948270981308	9.999999999999998	423.9999999999779	19.999999999999996	4.798117896708363	0.010654479062497803	0.3347203315056936	9.999999999999998	340.00000000000006	19.999999999999996	0.936952022623427	0.0020805524004432435	0.06536248136641101	9.999999999999998
9	25	358.2808701535928	19.999999999999996	3.1800295266172025	0.007541148863816791	0.2369121787019384	9.999999999999998	423.9999999999892	19.999999999999986	4.6509435743884815	0.011029286853504641	0.34649526553304644	9.999999999999993	340.00000000000006	19.999999999999996	0.29917176878961904	0.0007094584579828885	0.022288294796261852	9.999999999999998
10	25	359.99999999431077	19.999999999999996	0.8574971538968696	0.002017059694410013	0.06336779917810569	9.999999999999998	423.99999999999994	19.999999999999996	4.273929258347621	0.01005340997879216	0.31583718932899757	9.999999999999998	340.00000000000006	19.999999999999996	2.286142692420256	0.005377611178760228	0.16894263773055476	9.999999999999998
11	25	359.9999897567546	19.999999999999996	1.1527681830258107	0.0025672621986710335	0.08065292063183697	9.999999999999998	423.9999999999384	19.999999999999996	4.882385722106651	0.010873273992343467	0.3415939769481519	9.999999999999998	340.00000000000006	19.999999999999975	1.8225161236784104	0.004058818433474481	0.12751154172858245	9.999999999999988
12	25	359.99999999427786	19.999999999999996	1.9673026532541762	0.00448396208214788	0.1408678233625097	9.999999999999998	423.9999999986971	19.999999999997623	4.28572006006007	0.009768200237122868	0.3068770610373563	9.999999999998812	340.00000000000006	19.999999999999996	1.2802647033482968	0.0029180351967859476	0.09167277937139177	9.999999999999998
13	25	359.99999999997254	19.999999999999776	2.516609348682427	0.00574316024252487	0.18042670026304902	9.999999999999888	423.99999999977905	19.999999999922156	4.519958842214826	0.010315008936149627	0.32405556295394605	9.999999999961078	340.00000000000006	19.999999999999996	0.826441504121648	0.0018860241426540342	0.059251195910549004	9.999999999999998
14	25	359.99999999900956	19.999999999998412	2.1677126222728127	0.004867356516443127	0.1529125147445892	9.999999999999206	423.9999999998013	19.999999999999982	3.5655258412473874	0.008005989935947191	0.25151559167485493	9.999999999999991	340.00000000000006	19.99999999999966	1.2409562707520276	0.0027864286663297705	0.08753823827893463	9.99999999999983
15	25	348.00377807957466	19.69589369019551	4.713309951931276e-15	1.1160217896859026e-17	3.4527747141512774e-16	9.847946845097756	423.99999999999994	19.999999999999996	3.756657155177291	0.008895046759739263	0.27944613553734554	9.999999999999998	346.8054919155259	19.999999999999996	3.6397681074785058	0.0086182758163091	0.2707511199112724	9.999999999999998
16	25	359.9999999999438	19.999999999999996	1.7716391414974113	0.004028785182301093	0.12656801931608525	9.999999999999998	423.99999999999994	19.999999999999996	4.602842774925395	0.010467066533880917	0.3288325932747586	9.999999999999998	340.00000000000006	19.9999999999994	2.0384999939902597	0.004635638475997638	0.1456328778089193	9.9999999999997
17	25	359.9999999262849	19.999999999999208	1.9782976713410418	0.004669438483261167	0.14669473635402167	9.999999999999604	423.9999999999999	19.999999999999996	5.453318691278801	0.012871640364052618	0.40437450807357544	9.999999999999998	340.00000000747394	19.99999999999844	0.7176967053102041	0.0016940022038308769	0.05321864878719587	9.99999999999922
18	25	350.65067413610393	9.902647681464925	79.2432615185259	0.22941993708452327	3.5686368954624914	4.951323840732463	420.9718100731646	3.426289305863585	102.72307248600019	0.2973971587648186	1.6005922984147667	1.7131446529317924	343.36205896652893	19.999993617853104	10.91261681345577	0.031593498485486184	0.9925387107055428	9.999996808926552
19	25	349.55151425115554	8.366991578839327	117.34884961123699	0.34524321557674226	4.537476218558479	4.183495789419664	420.67052261160535	3.2735149931867786	121.59716879097117	0.35774187559144877	1.8395177848217923	1.6367574965933893	340.00000000006384	19.999999999999996	14.33599632192049	0.04217685546192384	1.3250249927069844	9.999999999999998
20	25	349.5764730738169	1.000000055514455	43.69238742514374	0.10325107420295028	0.16218641709931167	0.5000000277572275	421.04523072543816	19.999999999999996	5.453038110813524	0.012886273234112948	0.4048342132444001	9.999999999999998	345.53679123713783	19.999999999936467	5.648498866040835	0.0133481736733214	0.4193452435081398	9.999999999968233
0	26	359.99999410282265	19.99999999999985	1.3995238201527964	0.0032217287689704035	0.10121359432456233	9.999999999999925	419.4530080655704	19.999999999999996	4.400274813213558	0.010129511018653642	0.31822797400659136	9.999999999999998	340.00000000000074	19.999999999990088	1.553356306349552	0.0035758538929916727	0.11233876320527533	9.999999999995044
1	26	359.9999999990808	19.999999999999996	2.302740803812548	0.005389666364875995	0.16932136257194427	9.999999999999998	423.99999999999994	19.999999999999996	5.052244671018761	0.011825001374636006	0.3714933744724567	9.999999999999998	340.00000000000006	19.999999999990774	0.5397167706548607	0.0012632308944809877	0.039685568978873036	9.999999999995387
2	26	359.99999999999994	19.999999999999996	0.42090298964749784	0.0009269462016430518	0.029120873773547738	9.999999999999998	423.99994548409524	19.999999999999996	4.35833426112592	0.009598272020412257	0.301538608664836	9.999999999999998	347.31845102032577	19.999999999999996	2.4789085646099864	0.00545925055108317	0.17150741425388913	9.999999999999998
3	26	359.999999996706	19.999999999999996	1.6331377847495405	0.003807731275613641	0.11962340602311904	9.999999999999998	419.1814751145762	19.99999999999958	4.592762365797926	0.01070822380390399	0.33640877235339417	9.99999999999979	340.00000000000006	19.999999999999996	1.6316007836281472	0.003804147691120505	0.11951082439594748	9.999999999999998
4	26	359.99999999999994	19.999999999999996	1.9040132964033765	0.004264268707291367	0.133965952437594	9.999999999999998	418.7603553957825	19.999999999999996	4.157608637839395	0.009311468803811751	0.2925284198818553	9.999999999999998	349.22125305949885	19.999999999999996	1.8076738675976889	0.004048504871865197	0.12718753163474186	9.999999999999998
5	26	359.99999999989404	19.999999999999996	1.4268734408895944	0.003206593243716016	0.10073809777508898	9.999999999999998	418.00035442731684	19.999999999999996	4.8293633976009955	0.010852962567263176	0.34095587470999006	9.999999999999998	340.00000000000006	19.999999999999996	1.4572744353774223	0.00327491298443958	0.10288442573061206	9.999999999999998
6	26	359.99999998964716	19.999999999999975	1.9554030525711328	0.00457312560853081	0.14366897815703727	9.999999999999988	418.1625192995211	19.999999999999996	4.470130572325303	0.01045435035344647	0.3284331026844128	9.999999999999998	340.00000000000006	19.999999999999996	1.280739610762085	0.0029952817676819135	0.09409955196780946	9.999999999999998
7	26	359.9999769694402	19.999999999999996	2.15342989075716	0.004886970546154292	0.1535287076610802	9.999999999999998	423.99999999999994	19.999999999999996	4.293220307861637	0.009742987818049782	0.30608498953200036	9.999999999999998	343.4155030592151	19.999999999999996	1.4672134384244255	0.003329678337464161	0.10460493003794483	9.999999999999998
8	26	359.99999997931434	19.99999999999967	1.0842040892633718	0.0024709657254458712	0.07762767770332794	9.999999999999835	423.9999999686132	19.999999999999645	3.602621593260735	0.008210589285589787	0.25794326981251486	9.999999999999822	341.645780755295	19.999999997524196	1.6915395186697413	0.0038551193592250028	0.1211121465615381	9.999999998762098
9	26	359.99999999999994	19.999999999999996	1.6811296496839996	0.0037619348373998805	0.11818466848458975	9.999999999999998	423.9999999992513	19.999999999999996	4.569982643278398	0.010226443222444715	0.3212731889998544	9.999999999999998	340.00000000000006	19.999999999999996	1.9367747697821123	0.004334002722520543	0.136156711137087	9.999999999999998
10	26	358.8878933601013	19.999999999999996	3.453502365689515	0.00788650592359411	0.24776189072055635	9.999999999999998	423.9999999997742	19.999999999999996	5.460198027325763	0.012469047224151505	0.39172667156658564	9.999999999999998	340.00000000000006	19.999999999999996	0.07487121644448637	0.0001709778159883341	0.005371426506357778	9.999999999999998
11	26	359.99999999999983	19.999999999999996	1.585694423605177	0.00366413365038037	0.1151121535780612	9.999999999999998	423.9999999999865	19.999999999999996	4.370752490040378	0.01009968947221847	0.31729110249459713	9.999999999999998	340.00000000000006	19.999999999999915	2.3843637567374905	0.005509653906675105	0.1730908823703274	9.999999999999957
12	26	359.9999999999565	19.999999999999996	1.792149256509026	0.0038960166299586044	0.12239697222941612	9.999999999999998	423.9999999999802	19.999999999999996	5.113783662183558	0.011117035100462021	0.3492519580131135	9.999999999999998	340.00000000000006	19.999999999995595	1.9112886240108526	0.004155017913129646	0.13053373751419214	9.999999999997797
13	26	354.2993164756118	19.999999999989594	2.161422308259265	0.0050572270755996785	0.15887747428231078	9.999999999994797	423.99999999973846	19.999999999999996	4.303243053925725	0.01006859103935416	0.3163141164123504	9.999999999999998	340.00000000000006	19.999999999999996	0.6495191819510739	0.0015197242947537458	0.04774354679880296	9.999999999999998
14	26	359.9999993382779	19.999999999999996	1.7854049135889674	0.004007875502487729	0.12591112235117946	9.999999999999998	418.0000000000011	19.999999999999996	4.611316441565022	0.010351479409349343	0.325201316661979	9.999999999999998	340.00000000000006	19.999999999999996	1.5857290390253391	0.0035596432611567203	0.11182949118650364	9.999999999999998
15	26	359.999999750696	19.999999999997907	1.778095077523871	0.00410226084129139	0.12887632522108766	9.999999999998954	423.9999937250303	19.999999999999996	3.8875832949915563	0.008969082092342902	0.28177202410748226	9.999999999999998	340.00000000000006	19.999999999999996	0.8721480575812937	0.0020121414595030604	0.06321328827158257	9.999999999999998
16	26	359.99999959052116	19.999999999999996	1.3287079396297454	0.0031058451628978435	0.09757300346947258	9.999999999999998	423.99999999999994	19.999999999999996	4.961198432139315	0.011596765318441622	0.3643231272982109	9.999999999999998	340.00000000000006	19.999999999999996	2.040554543883106	0.004769781432565679	0.14984710307777335	9.999999999999998
17	26	359.99999896240683	19.999999999999996	0.9945049746519715	0.0023311757037771585	0.07323604465213335	9.999999999999998	423.9999999953741	19.99999999999992	3.772238350973488	0.00884233927107624	0.2777902809456153	9.99999999999996	340.00000000000006	19.999999999999996	2.4513296903770105	0.005746054933666132	0.180517639667289	9.999999999999998
18	26	350.3764488760781	9.373233982438288	176.75427828931856	0.5614760374523164	8.266859596585231	4.686616991219144	420.8598472191494	3.637103231832347	192.2423481218155	0.6106752996229378	3.488878608967123	1.8185516159161734	340.00000000000045	19.999999999999996	30.684056067503132	0.09747069423432164	3.062132169468418	9.999999999999998
19	26	350.0917925407946	8.916110856569595	139.9610467826251	0.5424927294604158	7.597824517393826	4.458055428284798	420.6532284120114	3.252143690884869	153.70362945902008	0.5957593444031561	3.0434100184807478	1.6260718454424345	340.00000000000045	19.999999999999996	30.72200896514785	0.11907932157649036	3.740987218591586	9.999999999999998
20	26	351.53403514447945	1.3104344943937127	16.53317601697416	0.043691638555862715	0.08993599125464487	0.6552172471968564	420.2686278841632	4.743021030692099	14.535697288573699	0.038412972282988324	0.2861889361557696	2.3715105153460496	347.0977321052034	14.623362239507347	9.354553684471002	0.024720947627588523	0.5678481689591418	7.311681119753674
0	27	354.1105487288288	19.999999999999233	2.457968620499345	0.005399773352465544	0.1696388829515503	9.999999999999616	423.99999999342305	19.999999999999996	4.812497737032987	0.010572306262377032	0.3321387968538504	9.999999999999998	340.00000000000006	19.999999999999996	0.48816221437237856	0.0010724161793054284	0.033690947904967676	9.999999999999998
1	27	359.9999999978361	19.999999999999996	3.1495637641583882	0.007287992956421498	0.22895905131307928	9.999999999999998	423.99999999799365	19.99999999998854	3.9045709326687628	0.00903505614935282	0.2838446602356184	9.99999999999427	340.00000000000006	19.99999999999419	0.6395346959843157	0.0014798634695895186	0.04649128204376984	9.999999999997096
2	27	359.9999999999996	19.99999999999778	1.6058859210627627	0.003841328859044549	0.12067890523595476	9.99999999999889	423.9999999998169	19.99999999999927	3.9521761117697856	0.009453727662124769	0.296997613723687	9.999999999999636	347.1560199142179	19.999999999999996	1.923341986065839	0.004600693598457679	0.1445350521033223	9.999999999999998
3	27	358.61908736543813	19.999999999999996	1.8363210998681883	0.00423339463927706	0.1329960149849922	9.999999999999998	423.99999999999994	19.999999999999996	4.5911944747454445	0.010584389668376062	0.33251840824901935	9.999999999999998	349.851333727907	1.0000000122994406	6.638853038869506	0.015304994789699777	0.024041029892966654	0.5000000061497203
4	27	359.9999992158522	19.999999999999996	2.207535592085798	0.004955124075790494	0.15566981394129326	9.999999999999998	418.00000000000006	19.999999999999996	3.6743226106947082	0.008247533809079851	0.25910391624838697	9.999999999999998	341.4044670692635	19.999999999999996	2.102716772691094	0.004719843495291274	0.14827825650900633	9.999999999999998
5	27	355.424473238473	19.999999999999996	1.8195671259388335	0.003966680503096411	0.12461694327665546	9.999999999999998	423.999999999897	19.999999999999996	3.501270234986129	0.007632815618179145	0.23979197472277033	9.999999999999998	340.00000000000006	19.999999999999996	1.1466477803006676	0.002499707391498748	0.07853062377256569	9.999999999999998
6	27	359.99999994220457	19.999999999999996	2.4150608878860167	0.005594989012667063	0.17577176379110449	9.999999999999998	423.99999999999994	19.999999999999996	4.144597132618433	0.009601818130237546	0.3016500129905955	9.999999999999998	340.00000000000006	19.999999999999897	0.6503141516424435	0.0015065874949456344	0.0473308420611143	9.999999999999948
7	27	359.99999999995094	19.999999999999957	2.979309181283435	0.00711026943358891	0.2233757021760693	9.999999999999979	421.7268674924408	19.999999999999996	4.153429989817375	0.00991236709727055	0.3114061965247033	9.999999999999998	344.147754776317	19.999999999999996	0.815938075277205	0.0019472767689876597	0.06117550391957699	9.999999999999998
8	27	359.99999998994645	19.999999999999996	0.9488726151595269	0.0021050297738841265	0.06613146073222154	9.999999999999998	423.9999999999999	19.999999999999996	4.066258394904842	0.009020805166921072	0.2833969524186408	9.999999999999998	340.00000000000006	19.999999999999996	1.983377632223041	0.004400031049461132	0.13823105220554077	9.999999999999998
9	27	359.99999999939854	19.999999999999996	1.7939403078718807	0.0041798093480351056	0.13131258341193028	9.999999999999998	423.99999999999994	19.999999999999996	3.895331199619283	0.009075966290749228	0.2851298902324637	9.999999999999998	340.00000000000006	19.999999999999996	2.1586119054593973	0.005029479621828885	0.15800576231317193	9.999999999999998
10	27	359.9999999669615	19.99999999999999	1.421636326034006	0.0032157107292124683	0.10102453202963761	9.999999999999995	423.99999999999505	19.999999999999996	4.4572544304189465	0.010082213455190761	0.3167420772275145	9.999999999999998	340.00000000000006	19.999999999999996	0.8122785922615797	0.0018373566687987688	0.057722262127224255	9.999999999999998
11	27	359.99999999995725	19.999999999990994	2.4003741694571	0.005161012234845702	0.16213798122070996	9.999999999995497	423.99999999999994	19.999999999999996	5.092985646074946	0.010950359975433033	0.34401570452984115	9.999999999999998	340.00000000009226	19.999999998478813	0.9490002100731642	0.0020404325947927077	0.06410208049458374	9.999999999239407
12	27	359.999999610185	19.999999999999993	1.4956776452816978	0.003379765164972775	0.10617845413137161	9.999999999999996	423.999999999998	19.999999999999996	4.313322530975982	0.009746764138297451	0.30620362613147717	9.999999999999998	340.00290143513644	19.999999999999996	1.3410013381671702	0.003030244934940954	0.0951979522618818	9.999999999999998
13	27	357.5685869442176	19.999999999999996	2.9866222107107885	0.006727952111480759	0.21136484927131885	9.999999999999998	423.9999999865987	19.999999999999996	4.279379632721591	0.009640141673273395	0.30285398260320506	9.999999999999998	340.00000000000006	19.999999999999996	0.6824748204503804	0.0015374083447229226	0.048299107613491765	9.999999999999998
14	27	359.99999999983186	19.999999999999904	1.2673384223985449	0.0028998516018781104	0.09110152488960822	9.999999999999952	423.99999999991115	19.999999999999996	6.415272898247872	0.01467906208924127	0.46115633621148805	9.999999999999998	340.00000001118735	19.999999999999996	0.8876698281768066	0.0020311155471051355	0.06380937681377506	9.999999999999998
15	27	359.99999999999994	19.999999999999996	0.9791108895933004	0.0022359448411460353	0.0702442788677638	9.999999999999998	423.99999999127607	19.999999999999996	4.674998150412359	0.010676051209198293	0.3353980404816578	9.999999999999998	340.00000000000006	19.999999999999996	2.952616599055195	0.0067427376436206155	0.21182935046281873	9.999999999999998
16	27	356.02408154066694	19.999999999999996	3.153912352380819	0.007384389780511972	0.2319874468569995	9.999999999999998	423.9999999999998	19.99999999999954	4.763690812513931	0.011153432886900723	0.350395428197933	9.99999999999977	340.00000000000006	19.999999999876202	0.2231569871566999	0.0005224869911701349	0.016414412930461704	9.999999999938101
17	27	351.5404025009392	19.999999999999996	4.033074849964294	0.010513962608370703	0.3303058769057517	9.999999999999998	423.8917341386454	19.999999999999996	4.905538326886469	0.01278841788499669	0.4017599967854191	9.999999999999998	349.9999893323205	5.519167650419975	0.42157444201695093	0.0010990170242067803	0.009527915202358189	2.7595838252099876
18	27	350.1580339648324	9.976275561695084	342.57818912798825	0.9298219285299912	14.570957712833858	4.988137780847542	420.6423544595737	3.4752287406892393	443.48584636007104	1.2037043747236829	6.570873573052931	1.7376143703446196	340.0000000000001	19.999999999999996	44.705058700307966	0.12133797543146269	3.811944922169419	9.999999999999998
19	27	350.0521006070995	8.15497983979999	130.4480895733401	0.4882261061821591	6.254084817963636	4.077489919899995	420.7904957629508	3.01204895900873	144.8736165006022	0.5422163092150937	2.565396396117409	1.506024479504365	340.00000000000006	19.999999999999996	23.762553479317603	0.08893575211486707	2.793999054855492	9.999999999999998
20	27	349.80214362423686	6.150142396097973	16.516078552039833	0.04013771142595962	0.38775522130752904	3.0750711980489864	419.7823692130241	19.999999999999996	6.392324246237074	0.01553475694174028	0.48803878283474295	9.999999999999998	340.00000085489813	19.999999999999996	3.5343052879662644	0.008589140896409253	0.2698358194080695	9.999999999999998
0	28	359.99999999997635	19.999999999999996	1.4731052193443133	0.003379194910447154	0.10616053905708796	9.999999999999998	423.99999999999324	19.999999999999996	3.741802530841456	0.008583419501931954	0.2696560764994878	9.999999999999998	340.00000000000006	19.999999999999996	1.6939365824404062	0.003885765797877433	0.12207493284182222	9.999999999999998
1	28	359.99999999999955	19.999999999987047	0.6459224876525054	0.001494020466825467	0.0469360372288864	9.999999999993523	423.9999999301232	19.99999999739883	4.064501678218382	0.009401203411842796	0.2953475156970738	9.999999998699415	343.3350023290852	19.999999999999996	1.978297951791157	0.004575808531139047	0.14375326465659927	9.999999999999998
2	28	359.999999768873	19.999999999999996	2.9908033520988337	0.006981117208686861	0.2193182653665992	9.999999999999998	423.99999999053694	19.99999999881269	3.276470384167672	0.007647919669012701	0.2402664824598883	9.999999999406345	340.00000000009675	1.00000000927513	11.903900375047785	0.027786020669136217	0.04364617960815023	0.500000004637565
3	28	359.99999999999994	19.999999999999996	1.043739572350411	0.00238718889418796	0.07499575092712035	9.999999999999998	423.9999999980836	19.999999999999996	3.7425134629307433	0.00855968942035838	0.26891057400008156	9.999999999999998	340.00000000000006	19.999999999999996	1.2047421834814438	0.002755426005636897	0.0865642609681914	9.999999999999998
4	28	359.99999978733274	19.999999999999975	0.9076967286057984	0.002114439570175523	0.06642707820122976	9.999999999999988	423.9999999980228	19.99999999999921	3.735714694242014	0.008702182924603096	0.27338713946126547	9.999999999999606	340.00000000007014	19.999999995869345	2.337109262989773	0.005444193142658597	0.17103437178167757	9.999999997934673
5	28	359.99999958143354	19.999999999999996	1.9431140261742372	0.004417761567958427	0.13878807287209516	9.999999999999998	423.9999998904827	19.999999999999996	3.7457378936223975	0.008516112120641321	0.26754155275353764	9.999999999999998	342.8087154525575	19.999999999999996	1.8198118455606584	0.004137428233206773	0.12998114142197392	9.999999999999998
6	28	359.99999999999994	19.999999965884662	0.29908516464149965	0.00068963132989855	0.021665407159990303	9.999999982942331	423.9999999980207	19.999999999998874	4.756455102985286	0.01096744621956198	0.34455248472015126	9.999999999999437	346.22605861252885	19.999999999999996	2.5871501208774665	0.0059654572992496645	0.1874103682662635	9.999999999999998
7	28	359.999999999996	19.999999999999996	1.5901390320416577	0.0037695066954789697	0.11842254542174266	9.999999999999998	423.9999999985184	19.999999999999996	4.04609964821859	0.00959148817003287	0.30132548771968665	9.999999999999998	340.00000000000006	19.999999999999996	1.702189528201395	0.004035128183282814	0.12676729056894415	9.999999999999998
8	28	359.99999990341144	19.999999999999726	2.227221582659535	0.004831632281362055	0.15179020479974117	9.999999999999863	423.9999999999963	19.999999999999996	5.863284907303216	0.012719541177901608	0.39959617121528546	9.999999999999998	340.00000000000006	19.999999999999996	1.412992009872892	0.0030652800158555834	0.09629861179007504	9.999999999999998
9	28	359.9999996161992	19.999999999999968	1.6754354690015478	0.0040162387295115155	0.1261738608769616	9.999999999999984	423.9999999999912	19.999999999998803	4.035466856630242	0.009673543733031415	0.30390333925869256	9.999999999999401	340.97704696094354	19.999999999999996	2.2450328598256615	0.005381638438173407	0.16906915781642018	9.999999999999998
10	28	359.99999999999034	19.999999999999996	1.5978027171866112	0.003546305460334756	0.11141047181573037	9.999999999999998	423.99999999998	19.999999999999996	3.8795151301519026	0.008610540926938587	0.270508121195045	9.999999999999998	340.00000000000006	19.999999999999996	1.3176762407396005	0.0029245678438425534	0.09187800853140705	9.999999999999998
11	28	359.99999754815605	19.99999999982913	2.75518135795506	0.006193762289233912	0.19458278105772514	9.999999999914564	423.99999999998727	19.999999999999996	5.294978719107406	0.011903332395165861	0.37395421605890455	9.999999999999998	340.00000000000006	19.999999974687924	0.5210875920395277	0.0011714265805564353	0.036801451350383034	9.999999987343962
12	28	359.9999990362505	19.999999999999996	1.5014152028543584	0.0034793025890143886	0.10930551453263548	9.999999999999998	423.99999999999994	19.999999999999996	6.14826835146807	0.014247681755553089	0.447604123339309	9.999999999999998	344.61420449313596	19.999999999999996	1.5353497366322282	0.003557940737213419	0.11177600481937527	9.999999999999998
13	28	354.3572816471899	19.99999999989899	1.9104878275293677	0.004381660401426308	0.1376539212757667	9.999999999949495	423.99999999999994	19.999999999999996	4.6132814041602375	0.010580456026974893	0.3323948292597417	9.999999999999998	340.00000000000006	19.999999999999996	1.6584378279882896	0.0038035894573173043	0.11949328696379628	9.999999999999998
14	28	355.920418224122	19.999999999999996	3.8939974785124467	0.008425129976240429	0.2646832643889607	9.999999999999998	423.99999999999994	19.999999999999996	4.380845240480909	0.009478483424941935	0.297775338949702	9.999999999999998	340.00000000000006	19.999999999999996	1.757232415973085e-05	3.801982817074623e-08	1.194428128719626e-06	9.999999999999998
15	28	355.17053334447826	19.99999999999587	3.165618728976383	0.0076434588463291184	0.24012634159638518	9.999999999997936	423.9999999993786	19.99999999999998	4.4798060889386395	0.010816594293845721	0.3398133317040696	9.99999999999999	340.00000000000006	19.999999999997296	1.3778047223668817	0.003326741024524607	0.10451265163040875	9.999999999998648
16	28	356.9430079318513	1.0000000110843663	21.461701572685275	0.04909391941302249	0.07711654913672847	0.5000000055421832	421.85582824724287	19.999999999999996	6.704659799823802	0.015336995847673469	0.4818259348318812	9.999999999999998	347.65114490733004	19.999999999999996	2.3709494739011783	0.005423577529947395	0.17038671324257407	9.999999999999998
17	28	351.08755441824275	9.27364960372133	45.93572329689822	0.11681711196509274	1.701676591121408	4.636824801860665	421.2496049592881	3.8932350092625625	31.704327046768245	0.08062587582354076	0.49306587076504294	1.9466175046312812	347.3610091841558	2.286273086068634	13.541380977136873	0.0344364887332685	0.12367070704822294	1.143136543034317
18	28	350.4677874383862	8.789118674371322	216.1733101057529	0.8643532742546696	11.933188119107452	4.394559337185661	420.81578277013244	3.3305190368063387	202.9784778306932	0.8115946960813989	4.245912085667103	1.6652595184031693	340.00000000002154	19.999999999999822	32.61911860429359	0.13042517577738774	4.097427740653951	9.999999999999911
19	28	349.22989375377375	8.592832198573841	57.733846888317366	0.15250336691631958	2.058427806531953	4.296416099286921	420.6867605660988	4.030276335809578	45.68526144070729	0.12067715150936874	0.763976064067788	2.015138167904789	340.00000000009624	19.999999999999996	0.3288967568401165	0.000868777424151264	0.02729344773318274	9.999999999999998
20	28	348.2898362112401	19.999999999999993	3.7069077558674537	0.00808481501428169	0.2539919545449981	9.999999999999996	423.9999999441881	19.999999999999996	4.4857476364393625	0.009783475130709545	0.3073569359721554	9.999999999999998	340.00000000000006	19.999999999999996	1.2610312840044469	0.0027503259670437334	0.08640403853041834	9.999999999999998
0	29	359.99999999999375	19.999999999999993	0.6627231824198119	0.0015148755283511555	0.04759121830970945	9.999999999999996	423.9999999999991	19.999999999999996	4.6412189392281995	0.01060905847156996	0.33329340155788734	9.999999999999998	340.0000000007324	19.99999999999084	1.9672142366782843	0.004496726212725349	0.1412688203509614	9.99999999999542
1	29	359.99999999999994	19.999999999999996	0.5978245155054028	0.0013484725572792404	0.04236351479515902	9.999999999999998	418.00000000652835	19.999999999999996	3.9118169320678393	0.008823622392825876	0.27720227287352156	9.999999999999998	341.84514732484047	19.999999999999996	1.9828760490884187	0.004472640160000016	0.14051213468806723	9.999999999999998
2	29	359.9999999979811	19.999999999999996	2.3358312408990494	0.005468391661900395	0.17179459071977957	9.999999999999998	423.99999999999994	19.999999999999996	3.8448313257453686	0.00900109699492973	0.28277780193520397	9.999999999999998	340.00000000000006	19.999999999999996	1.79348266735186	0.004198704723263719	0.13190619913198062	9.999999999999998
3	29	359.9999999357759	19.999999999999645	1.4058611227582152	0.0031485438549439613	0.0989144224419706	9.999999999999822	423.99999999999994	19.999999999999996	4.000898900239485	0.008960348531358854	0.28149765119721065	9.999999999999998	340.00000000000006	19.999999999999996	1.073229363387826	0.002403587141246604	0.07551091705203221	9.999999999999998
4	29	359.9999999391789	19.999999999999943	1.980355133622879	0.004463812230650078	0.14023479710814513	9.999999999999972	423.99999999997794	19.999999999999996	5.375329115239434	0.01211624089083435	0.38064293371769437	9.999999999999998	340.00000000000006	19.999999999999996	1.4810749821420752	0.0033384116351398954	0.10487929467614182	9.999999999999998
5	29	353.88438313370096	19.999999999999996	1.3726053238951545	0.0031257227320231245	0.09819747572082463	9.999999999999998	423.99999999935164	19.999999999999996	4.384844828198988	0.009985251344502665	0.3136959226813717	9.999999999999998	340.00000000000006	19.999999999999996	1.3215816602444437	0.003009530682810068	0.09454719483869181	9.999999999999998
6	29	359.99999999999426	19.999999999999996	2.28651323220888	0.005130042182919684	0.16116502834466223	9.999999999999998	423.99999999885586	19.999999999999996	3.6287991299850457	0.008141607206961887	0.25577613389805176	9.999999999999998	340.00000000000006	19.999999999999996	1.4841108224609219	0.0033297647335270852	0.10460764425031063	9.999999999999998
7	29	359.99999999999994	19.999999999999996	1.3937600228680023	0.003103997207923708	0.09751494825176349	9.999999999999998	423.9999999998694	19.999999999999996	4.151602431825381	0.00924589753283209	0.29046843764989283	9.999999999999998	340.00000000000006	19.999999999999996	2.178917587785109	0.0048525958542443935	0.15244879486534468	9.999999999999998
8	29	359.99999999999994	19.999999999999996	1.9915202885513181	0.004353176226754172	0.1367590645375264	9.999999999999998	418.00000807075605	19.999999999999996	4.06677729836883	0.008889388853598197	0.2792683871736708	9.999999999999998	340.00000000000006	19.999999999999996	1.061222077595947	0.00231967846175337	0.07287484814134856	9.999999999999998
9	29	359.9999999999056	19.999999999999996	1.8893376982136347	0.00442718079020326	0.13908398646616413	9.999999999999998	423.9999999927105	19.999999999999996	4.865170365169311	0.011400285296857637	0.35815052537435677	9.999999999999998	340.00000000000006	19.999999999999996	0.9457652899442849	0.0022161596244235347	0.0696227079527129	9.999999999999998
10	29	359.999999986271	19.999999999999996	1.6950089861831341	0.003863632717465382	0.1213796016135841	9.999999999999998	419.7289386173958	19.999999999945725	4.554120552090488	0.010380740932801905	0.3261205945322082	9.999999999972863	340.00000000000006	19.999999997744307	0.6745623439668121	0.001537609041229427	0.04830541267474803	9.999999998872154
11	29	359.99999882725325	19.999999999999996	0.6905019756118507	0.0015904777471431523	0.04996633206122971	9.999999999999998	418.00000000000006	19.999999999999996	4.192012860908359	0.009655733664056183	0.3033438194401855	9.999999999999998	340.8651834207439	19.999999999999996	2.072989523810756	0.004774850506054514	0.15000635271810364	9.999999999999998
12	29	358.05092817508637	19.999999999999176	1.2685062779533278	0.002975829456052868	0.09348843957471416	9.999999999999588	423.9999999335992	19.999999999999996	3.617900273497776	0.008487347985622293	0.2666379008009112	9.999999999999998	340.00000000000006	19.999999999999996	2.0250737157011907	0.004750685210312975	0.1492471775623692	9.999999999999998
13	29	357.30612729009	19.999999999999932	2.1240739525257357	0.004671687667155766	0.14676539655002543	9.999999999999966	423.9999999831151	19.999999999999677	5.239284304947406	0.011523280459722602	0.36201453237518755	9.999999999999838	340.00000014325417	19.999999999615056	1.8631155403733133	0.004097735807220112	0.12873416708066768	9.999999999807528
14	29	351.5840932795859	19.999999999797094	3.8818704428123465	0.00917570262813801	0.28826319967790476	9.999999999898547	423.99999995076786	19.999999999979643	5.523805589062397	0.013056797800846497	0.4101914005050497	9.999999999989821	340.00000000000006	19.999999999999996	0.10588673398738037	0.0002502878953963904	0.007863026134597505	9.999999999999998
15	29	355.03144913547777	1.0000000003025609	35.89732927533856	0.0846303790525736	0.13293708859126394	0.5000000001512804	423.99999999999994	19.999999999999996	3.8666973253083805	0.009116000185206937	0.286387592119693	9.999999999999998	349.92876333226786	19.99997680781836	6.484697719845779	0.015288112991986144	0.48028967767982533	9.99998840390918
16	29	350.9046466053407	7.460887657338191	25.8247119670973	0.05889549352531434	0.6902277933996436	3.7304438286690953	420.4998075680612	19.999999999519446	6.824422044039014	0.015563685853333021	0.48894761138435583	9.999999999759723	340.00000000000006	19.999999999994056	1.7537603947290332	0.003999602555270093	0.12565122004911752	9.999999999997028
17	29	353.20884788378083	4.118918083059597	47.44903437939655	0.16293497327669534	1.0541862457339974	2.0594590415297986	420.4699872119663	3.855833584433631	120.83477700336232	0.41493386365913804	2.5131420610227693	1.9279167922168154	348.06163856541235	10.701984087827187	58.113882450845594	0.19955693530920626	3.3546792591003083	5.350992043913593
18	29	350.0175823506208	10.074229214769856	47.846411373502654	0.14020970544179048	2.2187572112359524	5.037114607384928	420.9278511626669	3.5404425529614487	43.80784892861508	0.12837505296627483	0.713933999520911	1.7702212764807244	340.00000000000006	19.999999999999996	4.106645681779968	0.01203416442042806	0.37806442535308454	9.999999999999998
19	29	353.3455311539457	1.0000000552819561	15.22926915947453	0.03506770883317383	0.05508423126942629	0.5000000276409781	418.00000000000006	19.999999999999996	4.324719302864979	0.009958324047593918	0.3128499766998762	9.999999999999998	348.891413398945	19.999999999999066	5.671897636996118	0.013060407087362122	0.41030478958546995	9.999999999999533
20	29	359.9999999955746	19.999999999999996	0.8316085356078299	0.001912852529430903	0.060094034538607774	9.999999999999998	423.99999999999994	19.999999999999996	4.503019330891193	0.010357772375286777	0.3253990160175623	9.999999999999998	340.00000000000006	19.999999999999996	2.672460569433676	0.006147150661830493	0.19311843359716307	9.999999999999998
0	30	359.99999999873575	19.999999999999968	2.3312501502586764	0.005563556030204828	0.17478426752326653	9.999999999999984	423.9999999998747	19.999999999999936	4.281971415044599	0.010218975378808092	0.32103857977278377	9.999999999999968	340.00000000001046	19.99999999999944	1.7908310425356517	0.004273839443901669	0.13426662599583392	9.99999999999972
1	30	359.99999999419583	19.999999999999996	4.605824314866159	0.011032559313043411	0.3465980728815083	9.999999999999998	423.99999999999994	19.999999999999996	3.297504153033581	0.007898675170029172	0.2481441988725575	9.999999999999998	340.00000000000006	19.999999999999996	0.3733931141298827	0.0008944070370690261	0.028098625769750654	9.999999999999998
2	30	359.99999997583905	19.999999999999996	2.6058285874622995	0.005977447261633192	0.18778704404367258	9.999999999999998	423.99999999980804	19.99999999999997	4.104715793560271	0.009415708423052341	0.2958032041020473	9.999999999999986	340.00000000000006	19.99999999998249	0.14145138194636092	0.00032447190875778913	0.010193585648488355	9.999999999991244
3	30	359.99993440233305	19.999999999980318	0.5515706745335804	0.001224650519213187	0.03847353074371288	9.999999999990159	419.6596448377159	19.999999991923165	4.768487620568917	0.010587457074888137	0.33261477353233476	9.999999995961582	343.22269235621127	19.99999977447273	1.9053840586988382	0.004230517836647603	0.13290563606623468	9.999999887236365
4	30	352.8203409044284	19.999999999995364	1.4245041578936017	0.003337014986361646	0.1048354176607036	9.999999999997682	423.99999999999994	19.999999999999996	4.05477982691761	0.009498646229877544	0.2984087721483167	9.999999999999998	340.00000000000045	19.999999999999186	1.7476720627692541	0.004094061665169371	0.1286187405063917	9.999999999999593
5	30	357.54016749489585	19.999999999999996	2.0581352888058233	0.004528572839407802	0.14226931163529816	9.999999999999998	423.99999999796813	19.999999999999996	4.815137998020788	0.010594883278294867	0.3328480747273249	9.999999999999998	340.00000000000006	19.999999999999996	1.051313944688347	0.0023132355785846982	0.0726724389970422	9.999999999999998
6	30	359.99999999999994	19.999999999999996	2.2295195661411995	0.005001265516481396	0.15711939005229913	9.999999999999998	423.9999999993463	19.999999999999996	3.5019083854151347	0.007855492239597849	0.24678756710252225	9.999999999999998	340.00000000000006	19.999999999999996	0.6206602387297825	0.0013922670590340918	0.04373935964496569	9.999999999999998
7	30	359.99999999999994	19.999999999999996	1.9433653964133497	0.004487348060801958	0.1409741970191583	9.999999999999998	423.9999999976265	19.999999999999996	3.9652872099507968	0.00915608763279165	0.287646976428026	9.999999999999998	340.00000000000176	19.999999999999996	2.438932777759213	0.005631643071808765	0.17692328502034269	9.999999999999998
8	30	359.99999999998954	19.999999999999996	2.8953656979606692	0.0064904059408643555	0.20390211622635004	9.999999999999998	423.999999999987	19.999999999999996	4.265323766384104	0.00956137690397732	0.30037951439738264	9.999999999999998	340.00000000000006	19.999999999999968	0.8763247237939544	0.0019644161694133116	0.06171395406421853	9.999999999999984
9	30	351.33215630022255	19.999999999376865	2.351725083254266	0.005288001204491684	0.1661274573568745	9.999999999688432	423.99987438532526	19.9999999999988	4.586205338699846	0.010312370067308962	0.3239726604455517	9.9999999999994	340.00000000000006	19.999999999999996	0.26253939558320155	0.0005903362812074007	0.01854596124188688	9.999999999999998
10	30	359.99999985232944	19.999999999999996	1.839113604915696	0.00419465524825512	0.1317789811226015	9.999999999999998	423.99999999999994	19.999999999999996	4.656200680587064	0.010619875014544785	0.33363321327735684	9.999999999999998	343.53463185983577	19.999999999999996	2.0098006214618356	0.004583958653901501	0.14400930831456307	9.999999999999998
11	30	349.19190914543464	19.99999969580741	4.177783466400823	0.009326247139681242	0.29299269053954374	9.999999847903705	418.0000000000198	19.999999999983714	3.8841289085405206	0.008670709340193898	0.2723983676454337	9.999999999991857	348.7946185817666	19.999999999999996	0.001072389776422884	2.3939421861907916e-06	7.520791185255677e-05	9.999999999999998
12	30	359.99759539446967	19.999999999999996	1.7487741354577127	0.004045976391172384	0.12710809707104903	9.999999999999998	423.99999999999994	19.999999999999996	4.193314315066059	0.009701682095773842	0.3047873319954672	9.999999999999998	340.000000001462	19.999999999999996	1.3906688050529676	0.0032174613285388884	0.10107952872947025	9.999999999999998
13	30	352.246264994776	19.99999998278276	4.019500725851596	0.008991896303732257	0.2824887534532809	9.99999999139138	421.54917656618403	19.999999999999986	5.730195832385913	0.012818837522159275	0.4027156578717674	9.999999999999993	340.00000002345774	19.9999999131296	0.8208862469631735	0.0018363783248948045	0.057691526296426175	9.9999999565648
14	30	352.49453096846105	7.154105045898006	12.389425364385845	0.028310270630299932	0.31814068421680164	3.577052522949003	421.0264142180216	19.99999999854643	4.94858653324098	0.011307693446075701	0.35524166656655026	9.999999999273214	349.58047478839626	19.999999999999996	3.4905014955446148	0.007975918096927262	0.2505708569894056	9.999999999999998
15	30	354.44333381633635	4.861613038987549	54.781366041005	0.13934172534917066	1.0640975637831864	2.4308065194937747	420.88281996983704	4.26609691109787	27.28232435848162	0.06939524189303682	0.46502926854404675	2.133048455548935	349.99999999999994	9.14034309321745	48.28580935575472	0.12281964601751205	1.7633974813766642	4.570171546608725
16	30	354.1474089093383	5.4616490891844665	106.92473372888796	0.5330135576868141	4.572797041846017	2.7308245445922332	419.970594481335	4.545236118060318	108.72862738847499	0.5420058623075868	3.86972684244314	2.272618059030159	348.82439074887515	11.496559965435315	84.07140301124407	0.4190910377421726	7.568262023123984	5.748279982717658
17	30	353.23821485834986	6.544188068457584	110.06083663035749	0.44054791474539146	4.528650432170385	3.272094034228792	420.95653950386213	3.727694904008976	78.41450378710796	0.3138750093752836	1.8378792549792882	1.863847452004488	346.7830053693475	13.852165399710964	57.8078912259139	0.23139153503745322	5.034832335652161	6.926082699855482
18	30	350.46587679068887	11.05126565473693	11.711449260686132	0.0291016372525238	0.5051836876969209	5.525632827368465	420.8399294303585	19.999999993177692	5.939715084971895	0.014759525481312522	0.46368416806745794	9.999999996588846	349.99999995291114	19.999999999999996	2.721336145567741	0.006762214956294309	0.2124412482868922	9.999999999999998
19	30	356.6793462845638	19.999999999999932	1.41366220950343	0.0029835313903980977	0.09373040297829173	9.999999999999966	423.99999999999994	19.999999999999996	3.9633770293409802	0.00836469964290496	0.2627847894763538	9.999999999999998	340.00000059951554	19.999999999999996	1.9688439267693498	0.004155241343244492	0.13054075677829477	9.999999999999998
20	30	359.99999999999994	19.999999999999996	2.5103958660093064	0.005652691150409977	0.17758452991140014	9.999999999999998	423.9999999993509	19.999999999999996	4.181494323433709	0.009415525366976386	0.29579745322581347	9.999999999999998	340.00000000000006	19.999999999999996	2.3166858378779263	0.0052165117507423945	0.16388154993497134	9.999999999999998
0	31	359.9999999999955	19.999999999999996	1.0065676117488547	0.0022925012889406125	0.07202105207680959	9.999999999999998	423.999999999962	19.999999999999964	4.372196760623215	0.009957867302938376	0.3128356276433315	9.999999999999982	340.00000000000006	19.999999999999996	2.2942041129824395	0.0052251491352548795	0.16415290137227787	9.999999999999998
1	31	359.9999999941268	19.999999999999826	1.4117908312709875	0.00327689341707429	0.10294664285677253	9.999999999999913	418.0000000000005	19.999999999997172	3.4279124033043913	0.00795649280324541	0.24996059339012305	9.999999999998586	340.00000000000006	19.999999999997677	1.4080937920161785	0.0032683122566584495	0.1026770577515447	9.999999999998838
2	31	353.3692009316678	19.999998425058244	2.6807708960352388	0.00606605737541622	0.19057079786172126	9.999999212529122	423.99999986311735	19.999999999928775	4.707347645811769	0.0106518020423739	0.3346362304369543	9.999999999964388	340.00000016758185	1.0000011254518	13.880256462214744	0.03140829087999007	0.049336083470515504	0.5000005627259
3	31	359.99999999999824	19.99999999999999	2.7526698697833125	0.006298736829067173	0.19788065349092887	9.999999999999995	423.9999999999873	19.999999999999996	4.46132255029246	0.010208524081417383	0.32071024258175335	9.999999999999998	340.00000000000006	19.999999999999993	1.3669336089307622	0.0031278560353260464	0.09826449542066801	9.999999999999996
4	31	359.9999998880349	19.999999999999996	0.6625468063725198	0.0015211372924158768	0.04778793742955186	9.999999999999998	423.9999999957692	19.999999999999996	3.8905850516379554	0.008932371199197597	0.28061871738536215	9.999999999999998	346.9166784475809	19.999999999999996	1.9685127967672789	0.004519496882273071	0.14198418203271052	9.999999999999998
5	31	359.9999999999996	19.999999999999996	1.2520566802820747	0.0027043110688963427	0.0849584378706631	9.999999999999998	423.9999996576301	19.999999999999996	4.7193328501893275	0.010193263823885242	0.3202308274522047	9.999999999999998	340.00000000000006	19.999999999999996	1.366414473719449	0.002951311904783085	0.09271819798518637	9.999999999999998
6	31	359.99999999908897	19.999999999999996	0.9405850143180764	0.00210909618149233	0.06625921069490587	9.999999999999998	423.9999999996391	19.999999999999996	4.243258053662594	0.009514758604308289	0.2989149573197519	9.999999999999998	340.00000000000006	19.999999999999996	2.2132532792622563	0.004962830545787159	0.15591191983655958	9.999999999999998
7	31	359.9999998921113	19.999999999999996	1.7031548228135855	0.003780321858265637	0.11876231378132238	9.999999999999998	423.99999999999994	19.999999999999996	4.062513301135313	0.009017153124344963	0.2832822201173638	9.999999999999998	340.00000000000006	19.999999999999996	2.350189055364085	0.005216478818039873	0.16388051532360828	9.999999999999998
8	31	358.6445585718488	19.99999999999997	1.4727816844878632	0.0034470730226857436	0.10829299284457078	9.999999999999986	423.9999999856347	19.999999999999904	5.0425380278548	0.011802154375466431	0.37077561482497795	9.999999999999952	340.00000000000006	19.999999999999996	1.8665233559667287	0.004368632754149919	0.13724464566669126	9.999999999999998
9	31	350.0545123601888	19.99999999999899	3.154260734665672	0.007275315587400143	0.22856078001922447	9.999999999999496	423.99999999980093	19.99999999999997	3.5580597612528444	0.008206679732418435	0.25782044757729966	9.999999999999986	340.00000000000006	19.999999999999996	0.0015822561297983108	3.649480386281763e-06	0.00011465180770962825	9.999999999999998
10	31	358.90744351623476	19.999999999999996	1.965570119745405	0.004513093347047417	0.14178300904049132	9.999999999999998	423.99999999703584	19.99999999998549	4.203849797268232	0.009652347866630844	0.3032374514767857	9.999999999992745	340.00000000000006	19.99999999628666	0.9025574405325821	0.0020723381675762085	0.06510442361802377	9.99999999814333
11	31	349.6540020665003	19.999999999998092	3.530936663230945	0.008104520181075136	0.2546110106173344	9.999999999999046	421.40097167411693	19.999999999999886	4.525187514065296	0.010386613249905436	0.3263050788158114	9.999999999999943	340.00000000000006	19.999999999999996	2.492588668251712e-06	5.721211421130471e-09	1.7973715770257503e-07	9.999999999999998
12	31	353.97549118347985	3.331554476781932	6.174935333818064	0.013305688094629963	0.0696312409108358	1.665777238390966	423.99999799780875	19.999999999932733	4.369816784749822	0.0094160369340433	0.29581352457821103	9.999999999966366	349.4366460430809	19.999999999999996	4.450892400480226	0.009590737849384193	0.3013019157013095	9.999999999999998
13	31	351.75362844969027	9.544144183477584	31.805349513339056	0.07973126305489615	1.1953236508766958	4.772072091738792	421.9112192620766	19.999999999999996	5.1564716193521445	0.012926504547458119	0.4060981172288947	9.999999999999998	340.0430883460219	1.000000000262739	29.984283053458192	0.07516612130437664	0.1180706672753562	0.5000000001313695
14	31	352.1874557161615	6.930898113162736	78.82579097580299	0.2220122784308733	2.417054179691792	3.465449056581368	420.96711445939326	4.531717012536952	42.10880426108252	0.11859914705927074	0.8442366946946527	2.265858506268476	346.0205349761883	12.088439608538884	23.480702327764604	0.06613323074099385	1.2557693000280772	6.044219804269442
15	31	353.42836022028877	4.80825462307534	354.96811530096653	0.7558276327946392	5.708606404286383	2.40412731153767	419.9723176080904	4.489450507278785	393.863100885824	0.8386460708880404	5.914142462734796	2.2447252536393925	348.72042205413214	10.460779283159852	266.2344195212891	0.5668884680096306	9.314971666625146	5.230389641579926
16	31	353.3875056337949	5.451188362702741	273.95904771135235	0.6714902665099813	5.749774175021794	2.7255941813513704	420.3892880921356	4.012504182334534	238.55503772558203	0.5847128875569232	3.685344076043546	2.006252091167267	348.9706597073159	10.983183014598469	239.74445869150648	0.5876282305911226	10.137964105520183	5.491591507299234
17	31	354.49005282210305	4.3532216006014215	102.5592608727816	0.3938545014180988	2.6931867301121235	2.1766108003007107	420.7056129451447	3.9845237647604423	62.97045066022499	0.2418230712448313	1.5135404460639947	1.9922618823802212	349.9428619701977	9.507792307037645	119.42206543489233	0.4586121003594496	6.849282395825876	4.753896153518823
18	31	352.98998386475375	5.642636291932362	17.369673069629094	0.042384412813712594	0.37567137612686013	2.821318145966181	422.65309874590696	19.999999999999996	5.730533415117597	0.013983296803311967	0.43929822510250505	9.999999999999998	349.84637517628846	19.999999999999996	6.583653169395772	0.016065027397774524	0.5046977205256719	9.999999999999998
19	31	359.999999902617	19.9999999999917	1.6062637048636041	0.0035489037874153503	0.11149210066836432	9.99999999999585	423.9999999995247	19.999999999998586	3.7645753060304	0.008317510705825268	0.26130230529573273	9.999999999999293	340.00000000000006	19.999999969601653	1.771888045929692	0.003914836759391158	0.12298822384613342	9.999999984800827
20	31	359.9999999295805	19.999999999999996	1.411684084948078	0.003347542340538582	0.10516614424616788	9.999999999999998	423.99999999999994	19.999999999999996	4.693564409136536	0.011129902047601102	0.3496561850791761	9.999999999999998	340.00000000000006	19.999999999999996	2.168652065494273	0.0051425490225070715	0.16155794229833584	9.999999999999998
0	32	359.99999999776793	19.999999999999996	0.8767062522893174	0.0020627546556269277	0.06480334872275698	9.999999999999998	423.9999999992731	19.999999999999996	3.99246975748496	0.009393665846680948	0.29511071614210205	9.999999999999998	340.00000000000006	19.999999999999996	2.2608941446772883	0.005319535375314858	0.16711813255600177	9.999999999999998
1	32	359.9999999869519	19.999999999999996	1.8665474477727695	0.004319067901543321	0.13568751989843977	9.999999999999998	423.99999999999994	19.99999999999998	4.563380909968378	0.010559362974821835	0.3317321714828831	9.99999999999999	340.0000000000001	19.999999999716614	0.7083299314298976	0.001639028825220461	0.0514916091626155	9.999999999858307
2	32	359.99999999582303	19.999999999999968	1.373408234863153	0.003094014763613882	0.09720134051467717	9.999999999999984	423.99999999842964	19.999999999999925	4.421159541048598	0.009959990442069638	0.31290232802630413	9.999999999999963	340.00000000000006	19.999999999999996	1.5614053476899596	0.0035175347541292162	0.11050661342319122	9.999999999999998
3	32	359.9999999723464	19.999999999998494	1.6897505072724832	0.0037805507425460088	0.11876950439305084	9.999999999999247	423.9999999999987	19.999999999999996	5.061037548552152	0.011323274755582995	0.3557311678671829	9.999999999999998	340.00000000000006	19.999999999993033	1.2324855318773371	0.002757492347339008	0.08662917700727285	9.999999999996517
4	32	359.99999999999994	19.999999999999996	2.764986622657924	0.006454299856530575	0.20276781013342104	9.999999999999998	423.9999999999198	19.999999999999996	3.716372527976858	0.008675117079256393	0.2725368408522322	9.999999999999998	340.00000000000006	19.999999999999996	0.4132143673039381	0.000964565039755035	0.03030270442803964	9.999999999999998
5	32	359.9999999999799	19.999999999999996	2.5739086513632823	0.005688665206518385	0.17871468821530018	9.999999999999998	418.00000000000006	19.999999999999996	4.555566491985749	0.01006838085928741	0.3163075134108141	9.999999999999998	340.00000035696183	19.99999999997312	1.3288416891406998	0.0029369089994635135	0.09226571736963923	9.99999999998656
6	32	359.99999999949875	19.999999999999787	0.7930072123294515	0.001769449306550786	0.05558888942359444	9.999999999999893	423.99999999850945	19.999999999999904	4.646166932071295	0.010367064420414502	0.3256909342246617	9.999999999999952	342.7084625642997	19.999999999999996	2.1530679804030832	0.004804174017143988	0.15092757798826514	9.999999999999998
7	32	358.8344330932955	19.999999999999996	1.7326775390373959	0.004102574000352591	0.12888616340316186	9.999999999999998	423.9999940187695	19.999999999999996	4.350012975699112	0.010299810399351182	0.3235780868396942	9.999999999999998	344.4152967623224	19.999999999999996	2.098427878423043	0.004968585014622053	0.15609270180672974	9.999999999999998
8	32	359.99999999999983	19.9999999999568	1.3321846659566825	0.0029783801893754655	0.09356857322519128	9.9999999999784	423.99999999999204	19.999999999999996	3.990444261854408	0.008921480962835694	0.28027659051985804	9.999999999999998	340.0000000316335	19.999999999922743	2.2098871900932786	0.0049406695602533315	0.15521571194246622	9.999999999961371
9	32	355.87398574140366	19.999999999999996	1.738029229602035	0.0038582511525995238	0.12121053476711013	9.999999999999998	423.99999999998084	19.999999999999996	4.937847388182246	0.010961527603984545	0.34436654592799565	9.999999999999998	340.00000000000006	19.999999999999996	0.8050143898193381	0.0017870514744397295	0.05614187783686661	9.999999999999998
10	32	359.99999889037576	19.999999999896723	3.302834724933848	0.0076329383741194365	0.23979583121313414	9.999999999948361	423.99999999975574	19.999999999999996	4.274206429965199	0.009877804066881622	0.3103203669011468	9.999999999999998	349.0870738785478	19.999999999998348	1.2095468822986521	0.0027952948246233607	0.08781677685653594	9.999999999999174
11	32	350.29281866476856	3.3714292609846104	8.709181755591564	0.021098365410600457	0.11173332904773947	1.6857146304923052	422.8006406754316	19.999999999999996	8.154123402881915	0.01975371280392413	0.6205811902593066	9.999999999999998	349.99999999999994	19.999999999999996	4.755809491662442	0.011521151962855173	0.3619476636739743	9.999999999999998
12	32	352.8291669298497	6.093346177097767	46.52874060728655	0.12082979180444015	1.1565109692288864	3.0466730885488835	419.9322102593685	4.541147051090864	52.6275848265529	0.1366677893011156	0.974881012658087	2.270573525545432	346.90911640510393	6.8573249425837295	36.09543155935913	0.09373568730819616	1.0096702843492373	3.4286624712918647
13	32	352.57239616651043	5.553420876857606	76.5405436937852	0.22079311506386448	1.926043060368711	2.776710438428803	419.63977409792454	4.0962863946582795	191.16380559033615	0.5514417599725048	3.5482142981847735	2.0481431973291397	348.0934088426344	11.01490460565802	99.02148474986551	0.2856428896512656	4.942242320077541	5.50745230282901
14	32	353.947945969254	4.505420215653611	44.16427189674108	0.19276075084647645	1.3641866328129602	2.2527101078268057	419.40098116054907	4.368761971448128	166.16585951304745	0.7252526639559225	4.976999451648559	2.184380985724064	348.9969154546518	10.03467003600182	78.4506821386463	0.34240828035884824	5.397184096588098	5.01733501800091
15	32	353.906384944205	4.622183662439392	150.34430075906775	0.568628433801651	4.128531928786715	2.311091831219696	420.30836671704947	4.470686544978074	195.7474396428363	0.7403510439891144	5.1991433420504825	2.235343272489037	349.6329437497331	10.063945009635757	205.85360983115538	0.7785743467475346	12.308020818203666	5.031972504817879
16	32	353.82961629477575	4.961328760693325	149.56013588299206	0.6416912586330158	5.000852055068218	2.4806643803466626	420.55064724589243	3.9538041117522766	92.74395865394627	0.39792012228324647	2.4713310580684467	1.9769020558761383	349.29871994243535	9.367897034279242	142.1188287862011	0.6097641566106541	8.972715084043175	4.683948517139621
17	32	355.08991206256707	3.682366996698315	28.666496781007897	0.0803129617189205	0.46455013255555627	1.8411834983491575	419.801093765757	19.999999999999996	5.263491946121289	0.01474636508276623	0.4632707221117142	9.999999999999998	349.99999999999994	8.199719404562115	34.91668015393095	0.09782367263000635	1.2599776216605643	4.099859702281058
18	32	355.01032905247473	19.999999999999996	4.306432295998486	0.009967151301580199	0.3131272930626229	9.999999999999998	423.9999999998745	19.999999999999996	4.545073210406512	0.01051948091857253	0.3304792397336546	9.999999999999998	340.0609805632908	19.85718251064026	1.5565220376023308e-15	3.602539082628083e-18	1.1236891967621085e-16	9.92859125532013
19	32	355.41803366089624	19.99999999954651	2.945743302212184	0.006927954224155958	0.21764810094521225	9.999999999773255	423.99999998565653	19.999999999999094	3.8494198794118475	0.009053268386995475	0.28441681455560414	9.999999999999547	340.0000000000005	19.999999999999996	0.44979270879913474	0.0010578461791220456	0.0332332178495785	9.999999999999998
20	32	357.7823300467607	19.999999999999996	3.6622477606765416	0.008292470743252274	0.2605156516710963	9.999999999999998	423.99999999999994	19.999999991303174	3.6953514542095736	0.008367427826457793	0.26287049777611915	9.999999995651587	340.00000000000006	19.999999999999996	0.6168964024889805	0.001396845790769881	0.043883204744804824	9.999999999999998
0	33	359.999999997911	19.99999999999996	2.859953916359897	0.0064392786450077335	0.20229590485573895	9.99999999999998	423.99999999999994	19.999999999999996	3.505573047974086	0.007892910979161935	0.2479631114757335	9.999999999999998	340.00000000000006	19.99999999999819	0.47979047540542574	0.0010802637569379222	0.033937486827351794	9.999999999999096
1	33	359.9999999999218	19.999999999999996	1.3479028696218007	0.002984023691526786	0.09374586907438444	9.999999999999998	423.99999999987546	19.99999999999853	5.069709709859753	0.011223459957192313	0.35259539349371993	9.999999999999265	340.00000000000006	19.999999999999996	1.8549007281516674	0.004106429211615159	0.12900727843696708	9.999999999999998
2	33	359.99999999999994	19.999999999999996	1.9586917504558308	0.004612032220358089	0.1448912654159639	9.999999999999998	423.9999999999987	19.999999999999996	4.93040162502715	0.011609366889220414	0.3647190173200343	9.999999999999998	340.00000000000006	19.999999999999996	1.3967588483349336	0.0032888772881653275	0.10332312727058511	9.999999999999998
3	33	359.99999999999994	19.999999999999996	2.410809658213605	0.005481971244657877	0.17222120589407677	9.999999999999998	423.9999999970521	19.999999999999996	4.2133041474591	0.009580686763335537	0.30098615152039887	9.999999999999998	340.00000000000006	19.999999999999996	1.663820122172811	0.003783382082844782	0.11885845357188414	9.999999999999998
4	33	359.99999988469057	19.999999999999964	1.7133616512839804	0.003926453759567211	0.12335318285716353	9.999999999999982	423.99999999818704	19.999999999993054	4.665650839605867	0.010692116440373172	0.3359027446039134	9.999999999996527	344.9711049176927	19.999999999999996	1.6006403750753622	0.0036681341698758777	0.11523783360463749	9.999999999999998
5	33	359.9998862690163	19.999999999999996	1.6890841238611856	0.003711651373072979	0.11660496686332537	9.999999999999998	423.99999999999994	19.999999999999996	4.860713486923955	0.010681098491775497	0.33555660554030914	9.999999999999998	340.00000000000006	19.999999999999996	1.4103863032635804	0.003099231225443576	0.09736522049629628	9.999999999999998
6	33	359.99999999999994	19.999999999999996	1.54994954790989	0.003674835204435807	0.11544835281408673	9.999999999999998	423.9999999868043	19.999999999999996	4.222080600380859	0.010010293849349912	0.3144826561739277	9.999999999999998	340.00000000000006	19.999999999999996	2.161838952372016	0.005125587409738819	0.16102507751767808	9.999999999999998
7	33	359.999999999367	19.999999999999993	1.7355042438619488	0.0040494009486184476	0.1272156827161925	9.999999999999996	423.9999999995566	19.999999999999996	3.917719201622236	0.009141098852151081	0.2871760899965592	9.999999999999998	340.00000000000006	19.999999999999954	1.4153996033273923	0.0033025102166468873	0.10375141835023073	9.999999999999977
8	33	359.9997556751268	19.99999999999999	2.540081153935039	0.005793075785762797	0.1819948433024131	9.999999999999995	423.99999999896295	19.999999999999993	3.848540856566121	0.00877723485808839	0.2757449654900273	9.999999999999996	340.00000000000006	19.999999999999996	1.4633338333299024	0.0033373751792214225	0.10484673345314938	9.999999999999998
9	33	352.4626910793349	19.99999952328838	1.3326248985632034	0.003077378793864967	0.09667870380679885	9.99999976164419	423.9999915516918	19.999999999999996	4.93816029444991	0.011403501305754264	0.358251559273592	9.999999999999998	345.9518886262383	19.999999999999996	1.8353586540937155	0.004238322282087145	0.133150821449509	9.999999999999998
10	33	349.91163306242566	5.496872954339314	3.6883090841620514	0.008726884735337368	0.07535200563895554	2.748436477169657	421.81427348282233	19.99999999999983	6.6318975273728995	0.015691690684621954	0.49296900177211306	9.999999999999915	349.99999999999983	19.999999999998213	6.1842748769568745	0.01463257356998503	0.4596958563057304	9.999999999999106
11	33	353.1895854906411	3.8418638287921607	24.764308429950006	0.07078377378824033	0.42716489808524094	1.9209319143960804	419.6076168101604	4.501435721758673	71.2582026011745	0.20367717950798908	1.44016848256943	2.2507178608793366	348.6393302608449	9.282356169287139	28.37492790811158	0.08110400029892748	1.1825523651721128	4.6411780846435695
12	33	351.9330010360336	6.563446587178146	74.90016157347291	0.25700328320046706	2.6496621613595086	3.281723293589073	418.3877779920584	4.643309361572694	151.91796801333808	0.5212727948293141	3.8020038855572498	2.321654680786347	343.6899947335921	5.102960900100137	20.79748717643265	0.0713619620355509	0.5720169523914563	2.5514804500500685
13	33	353.3246627902362	2.9969787950357527	58.0294604358063	0.2060002672223224	0.9697757742285884	1.4984893975178764	418.20773718576726	4.75604578048182	294.5491394261335	1.04562753084722	7.811652452368581	2.37802289024091	348.90692482421383	8.871303389391299	99.58695448007029	0.35352627924993196	4.926392511632463	4.4356516946956495
14	33	353.36046293567676	3.356626394527634	52.13346816268453	0.2328667988725736	1.2278079906282255	1.678313197263817	419.4694814309528	4.3844884585270805	165.8101834833614	0.7406314601544476	5.100831343947426	2.1922442292635402	348.5185912518068	10.738701045547865	110.80502478528132	0.4949375579661409	8.348761225944228	5.369350522773932
15	33	350.8986240847297	8.819737525301559	89.68875064214912	0.26401751422084463	3.6577016275358765	4.409868762650779	420.37786469514566	4.240508519111837	57.98708284283858	0.170697053526462	1.1370088412024817	2.1202542595559186	340.000000000001	19.999999999999996	9.634742172525952	0.028361869914972526	0.8910144216694704	9.999999999999998
16	33	351.7044209094704	7.528133050716463	32.31909457522232	0.08044189696416501	0.9512386034541845	3.7640665253582317	421.18351400741955	19.999999999999996	7.340746667923646	0.018271043631088155	0.5740017644484511	9.999999999999998	343.90272131767176	1.306878664622328	38.77050247848087	0.09649938547517023	0.19809781835341533	0.653439332311164
17	33	353.6332658540479	19.999999999995733	5.277020899659415	0.011991596198462856	0.3767271052189816	9.999999999997867	419.59819160412604	19.99999999999975	3.8533797545331487	0.008756488726181805	0.27509320653414265	9.999999999999876	349.99999994516514	1.2817462580525183	5.982465154892119	0.013594660277633347	0.027370976675054778	0.6408731290262591
18	33	359.99999179863545	19.9999999983366	2.8009942251173507	0.006313826729732334	0.19835471668516255	9.9999999991683	423.9999999829016	19.999999999999996	3.81347109925984	0.008596089039976428	0.27005410177593675	9.999999999999998	340.86523140115827	19.999999999999996	1.2879928454057308	0.0029033132528811277	0.09121027586321234	9.999999999999998
19	33	359.9999557310687	19.999999999999996	0.9732308705016798	0.0021942805079939575	0.06893535523829095	9.999999999999998	423.99999999999994	19.999999999999996	4.861188594634544	0.010960206567831745	0.34432504435326805	9.999999999999998	341.5501460168939	19.999999999999996	1.5516519719916613	0.0034984090420154953	0.10990576145647983	9.999999999999998
20	33	359.99999999999994	19.999999999999996	3.4666966657523846	0.007664185897498681	0.24077750111328344	9.999999999999998	423.9999999991724	19.999999999999996	3.68997578216987	0.008157812199493426	0.2562852287529373	9.999999999999998	340.00000000000006	19.999999999999996	0.48072859587967987	0.0010627965698480728	0.03338873896095136	9.999999999999998
0	34	359.99999997574537	19.999999999999996	1.7456773101995262	0.0037700840772762895	0.11844068440587043	9.999999999999998	423.9999999999982	19.999999999999996	3.734625353551156	0.008065552263153525	0.2533867973706764	9.999999999999998	340.00000000000006	19.999999999999996	1.5041926243203416	0.003248557238484347	0.10205643555188368	9.999999999999998
1	34	359.9997653600097	19.99999999999998	0.10899236812303462	0.00025416045243520174	0.00798468610203487	9.99999999999999	418.0000000002115	19.999999999999996	4.930615514929152	0.011497754307382299	0.3612126046485262	9.999999999999998	349.7883895681359	19.999999999999996	4.170508980830683	0.009725253865999641	0.305527860997202	9.999999999999998
2	34	359.99999999880123	19.999999999327343	1.5863405475489114	0.0037136550057298677	0.11666791283575527	9.999999999663672	423.9999999949457	19.999999999999954	3.93952027730673	0.009222495901399992	0.2897332537160013	9.999999999999977	340.00000000000006	19.999999999999996	1.3385665212641291	0.0031336110457970117	0.09844529440683719	9.999999999999998
3	34	355.0195371661213	19.999999999999996	1.713129447380221	0.003994550400090563	0.12549250191318678	9.999999999999998	423.99999999044644	19.99999999999994	3.7150505776844245	0.008662484200560434	0.2721399672631823	9.99999999999997	340.00000000000006	19.999999999999996	1.218198070968499	0.0028405054849872935	0.08923711164117591	9.999999999999998
4	34	359.9999999817444	19.999999999999996	2.2177910816819075	0.005113336799564855	0.1606402132484329	9.999999999999998	423.9999999999886	19.999999999999982	4.239201659930468	0.009773898915699528	0.30705609030490855	9.999999999999991	340.00000000000006	19.999999999999996	1.1349988958044235	0.002616852267699143	0.08221083859733416	9.999999999999998
5	34	359.99999999999994	19.999999999999996	1.7075876939536905	0.003977910913541259	0.12496975702615881	9.999999999999998	423.99999999999994	19.999999999999996	5.36982659436474	0.012509279546334615	0.3929906072446588	9.999999999999998	340.00000000000006	19.999999999999996	1.2431312403603247	0.002895936381775967	0.09097852462250783	9.999999999999998
6	34	354.6525234114238	19.999999999999996	5.228155495252987	0.011453226870897306	0.3598137339750818	9.999999999999998	422.10538969159796	19.999999999999996	5.898805195800542	0.012922407192378697	0.4059693950227281	9.999999999999998	340.00000000000006	19.999999999999996	4.8798843360623336e-08	1.0690275462427782e-10	3.3584490857614343e-09	9.999999999999998
7	34	359.99999999999994	19.999999999999996	2.0898263953550273	0.004749690863354614	0.14921593923137416	9.999999999999998	423.99999999999875	19.999999999999996	3.5715852354669195	0.008117385156151966	0.25501517572925847	9.999999999999998	340.00000000000006	19.999999999999996	1.470469337093778	0.00334203586994647	0.10499315337057401	9.999999999999998
8	34	353.0824520385332	19.999999999999996	4.338381955684544	0.00992719180189459	0.3118719283560886	9.999999999999998	423.99999999999983	19.999999999999986	4.1757016224384005	0.009554942680672212	0.30017737731071364	9.999999999999993	340.00000000000006	19.99999999983965	1.219391911633867e-10	2.7902424249683786e-13	8.765805103944947e-12	9.999999999919824
9	34	350.7593157696605	19.99999999999998	5.175068667632322	0.013700578062061677	0.43041635389706406	9.99999999999999	419.05283629960354	4.320050553087799	17.207337773193128	0.04555504275265098	0.3091328547770846	2.1600252765438994	349.999949920186	4.173988410201275	16.058851129699306	0.04251451673782976	0.2787458194536688	2.0869942051006376
10	34	349.56612356613476	9.37288929278653	30.030472908897973	0.09342987034202396	1.3755586448382575	4.686444646393265	418.84276765303497	4.796046545225424	47.517768104465226	0.14783579753841003	1.113737582180133	2.398023272612712	343.4260152638177	19.79995209199348	2.0633740154530697e-12	6.419504858138983e-15	1.9965746299830738e-13	9.89997604599674
11	34	352.062175880541	4.18118607261813	46.087575105867145	0.14801914769223817	0.972158933282777	2.090593036309065	418.2041599682355	4.335885820361998	88.15092665518866	0.28311372429140785	1.928229118834547	2.167942910180999	345.97747138849905	4.343917145400697	12.087765187547351	0.03882219223846496	0.26489969964259547	2.1719585727003485
12	34	351.8007335172108	5.124322970014347	47.444865462873395	0.21929822842174354	1.7651901463973734	2.5621614850071737	418.0965206521646	4.892099077243272	127.86325212861561	0.5910056736063498	4.54157793394102	2.446049538621636	347.14349129754225	9.219882632050298	23.374030948270015	0.10803874198024088	1.564677322332741	4.609941316025149
13	34	353.45323011086407	5.241674229454523	47.325888389052864	0.1997581812909272	1.6447294860185175	2.6208371147272613	418.7755998165925	4.54551036752585	172.01014771381415	0.7260388645729744	5.183969033619052	2.272755183762925	348.6955249367551	9.092768077674423	69.95657566962959	0.29528021133436994	4.217453802298586	4.546384038837211
14	34	350.25755596646115	8.457935923592986	75.89864671341526	0.2401602557398135	3.1906958322811985	4.228967961796493	419.84280281152394	4.466320316622811	67.15621542928211	0.2124972521962463	1.490812626163017	2.2331601583114056	340.0000000000226	19.999999990074198	7.847741575053182	0.0248320056451232	0.7801204646990271	9.999999995037099
15	34	350.6587152607317	8.791977049685745	27.75135779254923	0.07574432104671054	1.0460597694131875	4.395988524842872	420.15158952615013	5.994370943528387	14.840622574256347	0.04050586962989366	0.3814006703699861	2.9971854717641935	349.70809126975917	19.999999999999996	2.9159521887486424	0.007958775220747378	0.25003229765072443	9.999999999999998
16	34	349.6706099311523	1.000000947896534	18.730553538179965	0.04315204320359595	0.06778313520924122	0.500000473948267	423.8902470921536	19.999999999999996	4.350230920222157	0.010022199943658803	0.31485669715806525	9.999999999999998	344.7830396722066	19.999999999999996	5.074766737733604	0.011691408535710093	0.3672964316590382	9.999999999999998
17	34	358.55506117532985	19.999999999999996	2.6368814695830487	0.005763087994762934	0.18105274906338764	9.999999999999998	423.99999999999994	19.999999999999996	3.9363208333202415	0.008603103173094158	0.27027445726667637	9.999999999999998	340.00000000000006	19.999999999999996	1.078454106200167	0.0023570365160659806	0.07404848603115763	9.999999999999998
18	34	359.9999999821466	19.999999999999975	3.0903393110928965	0.006846713785655833	0.21509585730248298	9.999999999999988	423.99999999999983	19.999999999999996	4.135458845419644	0.009162198786816615	0.2878389639939239	9.999999999999998	340.00000000000006	19.999999999999996	0.5560869827153758	0.001232022773976443	0.03870513695779711	9.999999999999998
19	34	355.47481682073067	19.999999999377604	3.366563189955435	0.007915975535008364	0.248687705860049	9.999999999688802	423.9999994887844	19.999999999999723	4.169439032557873	0.009803819359432244	0.30799606876713304	9.999999999999861	340.00000000000006	19.999999999999996	0.22334731867911028	0.000525168194005281	0.016498645401860097	9.999999999999998
20	34	359.9999999999996	19.999999999999996	1.0393378247697835	0.0023811196201087245	0.07480507905852087	9.999999999999998	423.9999999999926	19.999999999999996	5.017387281092769	0.01149481815437657	0.3611203626814001	9.999999999999998	340.00000000000006	19.999999999999996	1.4970494799267	0.0034297355527463935	0.10774832016263795	9.999999999999998
0	35	359.9999999999987	19.999999999999996	3.945133697405775	0.00875413353605825	0.27501921605424634	9.999999999999998	423.999999999984	19.999999999999996	4.059544019458262	0.009008006614633383	0.2829948740402049	9.999999999999998	340.00000000000006	19.999999999999996	0.48202280599226904	0.0010695941721459504	0.03360229193536173	9.999999999999998
1	35	359.9999999998434	19.999999999999996	2.32182243743121	0.005411818361173714	0.1700172880602569	9.999999999999998	423.9999997187062	19.999999999999996	3.7444338500555285	0.008727711273369616	0.274189136190708	9.999999999999998	340.00000000000006	4.830632698196455	3.8194157881029964	0.008902482876287981	0.06755150679250357	2.4153163490982275
2	35	348.00000008111	19.999999999999996	2.5687680607168473e-12	5.836720462058788e-15	1.8336598124661106e-13	9.999999999999998	423.99999999999994	19.999999999999996	4.9215871552123245	0.011182764568715925	0.3513169101590217	9.999999999999998	343.84622978410414	19.999999999999996	3.225504918229328	0.007328949173965765	0.23024572883463826	9.999999999999998
3	35	358.87764651140884	19.999999999999996	2.268320543539746	0.005137120528815139	0.1613874011393095	9.999999999999998	423.9999999897861	19.999999999999996	5.850154003426992	0.013248985604493457	0.4162291584259356	9.999999999999998	340.00000000000006	19.999999999999996	0.7826884968238692	0.001772573614497579	0.055687042452526994	9.999999999999998
4	35	351.45649229361686	19.999999987697738	2.6090673389183925	0.0058700291976736445	0.1844124059242566	9.999999993848869	423.99999999999994	19.999999999999996	3.7786630111658113	0.008501452558487034	0.26708100902585014	9.999999999999998	340.00000000000006	19.999999999999996	0.5645696738288238	0.0012702012018095867	0.03990454764185923	9.999999999999998
5	35	351.38468621910647	1.0000375665329437	12.700339096256876	0.030233739637240836	0.04749283124143912	0.5000187832664719	419.9681976795248	19.99999999976225	5.512441801530504	0.013122620500899514	0.4122592816098265	9.999999999881124	348.0272741111949	19.999999999999968	4.417468255382116	0.010515985760440211	0.3303694361025379	9.999999999999984
6	35	349.8996321103412	19.999999999999996	8.21658710257256	0.01843422827014506	0.5791283610808499	9.999999999999998	423.9999993502701	19.999999999999996	5.427615955126767	0.012177064544007814	0.38255376513743683	9.999999999999998	348.93548185815075	12.58189689033679	8.281180172355884e-07	1.8579145299343518e-09	3.671907480937508e-08	6.290948445168395
7	35	349.7806686168633	1.4751574528838545	11.943125709299466	0.02986039282784391	0.06919166343548622	0.7375787264419272	419.73291022369284	19.999999999999996	6.800294661572271	0.017002204856767643	0.5341400187284991	9.999999999999998	349.1068364099953	19.999999999999996	3.8787058064791378	0.009697601939743769	0.30465915011337147	9.999999999999998
8	35	351.25741669934473	7.90267450296185	25.904167296994853	0.06911583345829271	0.857968851313707	3.951337251480925	420.2511644317056	4.654439098061871	26.583139079827706	0.07092742230911826	0.5185628562753652	2.3272195490309353	340.0000005553113	19.999999999999996	4.343070392641751	0.011587901147870233	0.36404465116673845	9.999999999999998
9	35	351.5457800282514	8.480611057110638	17.58968988620653	0.06745646188160696	0.8986086221909025	4.240305528555319	418.73932658005265	4.054696075438065	58.79852388273835	0.2254923429946891	1.4361836654579834	2.0273480377190327	340.00000000000006	19.999999999999996	0.41872334623804747	0.001605804060627321	0.050447822399714494	9.999999999999998
10	35	350.789195837061	5.586684439266885	22.59944933579107	0.09445798862717117	0.8289201783119766	2.7933422196334425	418.00000000000006	3.892420996791703	70.48213957296339	0.29459129907461634	1.8011902987645456	1.9462104983958515	340.0000000482899	19.999999999999996	4.507751773882194	0.018840864636340503	0.5919032192880704	9.999999999999998
11	35	355.1726468510457	1.0000000001094136	48.38675991122892	0.22178178556118094	0.3483740141476333	0.5000000000547068	418.79929182261355	4.310519860524382	66.6178787373599	0.3053445224225733	2.067472116535002	2.155259930262191	349.79574720444	9.52450133469138	28.91305334228778	0.13252362026394243	1.9826927357092083	4.76225066734569
12	35	351.58726266666224	7.743670127751216	32.764084979255024	0.12634840680512333	1.5368677284827843	3.871835063875608	419.15221610801603	4.982099084951367	53.998697092840914	0.20823561382998293	1.6296233735536962	2.4910495424756833	347.0870070107247	10.251292260255356	20.945360324731553	0.08077176300405399	1.300642840311511	5.125646130127678
13	35	353.38731328124976	3.169582839157121	32.76061247225607	0.09889084715463246	0.4923546922291513	1.5847914195785604	419.48602529797836	3.978201893360676	47.81615928714044	0.14433736559689322	0.9019562477062217	1.989100946680338	347.8798798690114	8.091765583492984	42.02092532261405	0.12684393208136752	1.612251784568038	4.045882791746492
14	35	350.44883708093715	7.950813721235005	19.044637018348862	0.046989973269222086	0.586862897518799	3.9754068606175026	421.1826903855293	19.999999999999996	6.569071845224519	0.01620826430628719	0.5091976407207349	9.999999999999998	347.3516844936862	19.999215884939296	2.5078732591978627	0.006187825858732035	0.19438866114220876	9.999607942469648
15	35	351.36649536092386	19.999999999818808	0.9210429099610064	0.002144507045026998	0.06737167578167337	9.999999999909404	420.7976030064716	19.999999999999996	6.51928410198469	0.015179152386972466	0.4768671362663266	9.999999999999998	341.0586601081882	19.999999999999996	2.123990244785772	0.00494538527385716	0.15536386045520797	9.999999999999998
16	35	359.99999999909414	19.999999999998874	1.408064689943685	0.0031825560637841446	0.09998294749621355	9.999999999999437	423.99999992866833	19.99999999999902	3.5888935183656083	0.008111740114445234	0.2548378315136952	9.99999999999951	344.80500950008616	19.999999999998664	2.6519299105248595	0.005993982860126253	0.18830652519114516	9.999999999999332
17	35	359.1019123919424	19.999999999999996	3.658783605178431	0.008310200956531209	0.2610726627489331	9.999999999999998	423.9999999999909	19.999999999999996	3.4643712125608452	0.007868631783430743	0.24720035804629167	9.999999999999998	340.00000000000006	19.999999999999996	0.29831654999708623	0.0006775668491643351	0.02128639035650658	9.999999999999998
18	35	359.99999999062254	19.999999999999996	2.898139941793455	0.006743967709353596	0.21186799411752036	9.999999999999998	423.9999999995707	19.999999999999837	3.8611796229881703	0.00898495973984341	0.28227083511491885	9.999999999999918	340.00000000000006	19.999999999999996	0.8690669366731962	0.0020223175815878465	0.06353298057541854	9.999999999999998
19	35	359.99999982321236	19.99999999999991	0.7039744096128763	0.0015791141476320183	0.04960933405380435	9.999999999999956	423.99999999999994	19.999999999999996	4.448826794093191	0.009979347594155015	0.31351045089416363	9.999999999999998	340.00000000000006	19.999999999999996	2.8978905499681202	0.0065003782854269375	0.20421540667051877	9.999999999999998
20	35	357.2556889774985	19.999999998026208	1.7038437941138929	0.0037984661875602815	0.11933233468570924	9.999999999013104	418.00000000000006	19.999999999999996	4.232069732346393	0.009434769687954453	0.2964020313998937	9.999999999999998	340.00000000000006	19.999999999999996	2.449421554229468	0.0054606208532517984	0.17155046356615075	9.999999999999998
0	36	359.9999999929739	19.999999999999996	1.429379221720858	0.0031382572747692856	0.09859125999489911	9.999999999999998	423.99999999999994	19.999999999999996	5.429011025975011	0.011919603341202059	0.3744653829042473	9.999999999999998	340.00000000000006	19.999999999999996	2.198560530563804	0.004827024539195312	0.15164544831033644	9.999999999999998
1	36	359.9999999980412	19.999999999977334	1.4050001629244544	0.0031656970391674413	0.09945330561728122	9.999999999988667	423.99999999995754	19.999999999999922	3.8388626687644964	0.008649590587223033	0.27173490245379195	9.999999999999961	340.0000000000012	19.99999999974811	2.3728490121004633	0.00534642008607491	0.16796274065206307	9.999999999874055
2	36	359.9999999999288	19.999999999999996	2.0608175814386525	0.004555481059098508	0.1431146582883132	9.999999999999998	423.99999999999983	19.999999999999996	4.102891269534127	0.009069528343627313	0.28492763615863964	9.999999999999998	340.00000000000006	19.999999999999996	2.378568342952966	0.005257875870085165	0.1651810420694659	9.999999999999998
3	36	358.18337661593694	19.999999999999986	3.009555208542999	0.006840989070788703	0.21491601008077837	9.999999999999993	423.99999999999994	19.999999999999996	4.133100094625787	0.00939490742537305	0.29514972148708163	9.999999999999998	340.00000032822715	19.999999999999982	0.5022616809602161	0.0011416858745011153	0.03586711956039939	9.999999999999991
4	36	356.36146300485217	9.900782960502069	13.41656033934404	0.030762528683253895	0.47842233783662186	4.950391480251034	423.99999999999994	19.999999999999996	3.6133569870232036	0.008284984760972782	0.26028047260175474	9.999999999999998	349.4047920186482	1.0000645165564737	38.3016522609306	0.08782099483707917	0.1379577960933036	0.5000322582782368
5	36	349.94514989006444	12.858648857106804	28.964716651761787	0.0736808886060808	1.4882300474923813	6.429324428553402	420.9361174130817	4.357369824885674	22.59427916984603	0.05747567244186582	0.3933945686792064	2.178684912442837	341.4892544197804	1.000035937442606	12.772159860412259	0.03249001532617622	0.05103703080632094	0.500017968721303
6	36	353.3328387126628	3.8576765353519424	20.75100866961439	0.059011078685341244	0.3575849564389692	1.9288382676759712	419.8073472982908	3.9095207896034254	58.44910674414247	0.1662157677287788	1.0207411514707863	1.9547603948017127	348.63904816997865	10.440155238876537	34.21572681023357	0.09730162900617946	1.5956841994432147	5.2200776194382685
7	36	353.5210423662186	3.801333260594591	15.208821487792866	0.06137539401945155	0.36647986254113446	1.9006666302972954	418.46009455495164	4.501730870425348	65.94223449728753	0.26611073238268607	1.8817494380726527	2.250865435212674	349.4429117611123	10.583011017072517	19.35484431589479	0.07810672227474326	1.29842700183015	5.291505508536258
8	36	351.7866959663219	5.113328685449646	27.888145946502384	0.16652309328001402	1.3375131383240448	2.556664342724823	418.00000000000006	4.482682010344818	63.87283689756592	0.38139152015182465	2.685522788468309	2.241341005172409	340.00000000000006	19.999999999999996	1.6151974780900589	0.0096445163771587	0.30299141797908213	9.999999999999998
9	36	351.9469455209333	7.05757055633032	17.668791465203356	0.09424843900537946	1.0448387514429835	3.52878527816516	418.00000000000006	4.220729455614311	63.592275934560405	0.3392123763209911	2.2489462793817574	2.1103647278071556	340.00000000000006	19.999999999999996	1.4104280416920643	0.007523471060297636	0.2363568141252646	9.999999999999998
10	36	353.400469364132	4.9452470878538985	21.784293853324193	0.08884656990270776	0.6901580191943585	2.4726235439269493	419.45121641541084	4.184231542841067	49.508481459477316	0.20191881308538007	1.3271266515376934	2.0921157714205334	346.21817558292685	7.023044510223995	13.09925717867677	0.05342491597088226	0.5893715198682847	3.5115222551119976
11	36	350.2566906848231	5.030395324487474	16.598976541889673	0.04856095418035101	0.3837153784165559	2.515197662243737	420.36089845828513	4.975579436371931	26.586011959477563	0.07777841635864365	0.607886694421099	2.4877897181859656	344.7738829598376	16.008642651022253	11.49443204575363	0.033627409888456625	0.8456055114055196	8.004321325511127
12	36	350.8289347185684	19.99999845768712	6.6486122338519404	0.017387903087630423	0.5462570438893433	9.99999922884356	422.22818960136044	19.999999999026418	6.795369862538122	0.017771713623605592	0.5583148495890314	9.999999999513209	348.1057874384515	7.156397446747681	7.350042234792974	0.019222330551608588	0.21608288534375522	3.5781987233738404
13	36	349.7183542220708	19.9999999918526	3.4407418438749606	0.008087242184076238	0.2540682062294541	9.9999999959263	419.89127269588585	19.99999999998514	5.399974566008225	0.012692292559205301	0.3987401306118214	9.99999999999257	349.4947510682734	2.847731355723518	5.979897991578549	0.014055365234696839	0.06287254344321819	1.423865677861759
14	36	350.80644428556826	19.999999999997783	3.1331253724098485	0.0071617842237457425	0.2249940870391241	9.999999999998892	420.3636573697843	19.999999986221106	6.402603935787113	0.01463524832488392	0.4597798858924136	9.999999993110553	340.00000000000006	19.999999999999996	0.6344698147681304	0.0014502885680423006	0.045562159109469515	9.999999999999998
15	36	359.99999999459385	19.999999999999996	2.278197660407259	0.005201541122465257	0.16341123377682054	9.999999999999998	423.99999999999994	19.999999999999996	4.216229808380972	0.009626422285999973	0.3024229753405057	9.999999999999998	340.00000000000006	19.999999999999996	0.6974612332179978	0.001592431310486121	0.05002770506369564	9.999999999999998
16	36	359.99999982326267	19.999999999999996	2.150731816569775	0.004918370922973327	0.1545151795924265	9.999999999999998	423.9999999998993	19.999999999999996	3.635622769367079	0.008314072995058002	0.261194306426835	9.999999999999998	340.00000000000006	19.999999999999794	1.999862946311629	0.004573358560696114	0.14367629656514755	9.999999999999897
17	36	359.99999999238753	19.99999999999997	2.134942310675679	0.004903273575047393	0.15404088241909827	9.999999999999986	423.99999999999994	19.999999999999996	4.429628339051587	0.010173426922846803	0.31960763282648125	9.999999999999998	340.00000000000006	19.999999999999996	1.2307641432434442	0.0028266680886433427	0.08880239701418625	9.999999999999998
18	36	359.99999999999903	19.999999999999996	3.417175315307289	0.007447693906062435	0.2339762046147121	9.999999999999998	423.999999972745	19.999999999999996	4.000829525849668	0.00871976147825642	0.2739393860114564	9.999999999999998	340.00000000000006	19.999999999999996	1.6596049359504443	0.003617089680058681	0.11363422366247804	9.999999999999998
19	36	351.45672457772645	1.000000000000378	21.331348266435235	0.04846228376503646	0.07612437732623999	0.500000000000189	418.0000002265686	19.999999999999996	4.174265069458275	0.009483433291690978	0.2979308435998524	9.999999999999998	349.99999999999994	19.999999999999996	2.0716257563997384	0.004706487091562541	0.1478586527106807	9.999999999999998
20	36	359.99999999752345	19.999999999999996	1.715401993719747	0.0038445732631213936	0.12078083119609906	9.999999999999998	420.6345373097553	19.999999999999726	5.256676432555725	0.011781307086894895	0.37012067793873865	9.999999999999863	340.00000000000006	19.999999999999968	1.0913516384572202	0.0024459463992915456	0.07684167239088714	9.999999999999984
0	37	359.99999996248465	19.999999999999925	1.9198938963669852	0.004465734917867411	0.14029520010851626	9.999999999999963	423.9999999999997	19.999999999999996	3.8267531976087166	0.008901150948476908	0.2796379042822887	9.999999999999998	348.51734878283594	19.999999999999996	1.0356667844838305	0.00240899423217961	0.07568078582355646	9.999999999999998
1	37	359.9999999999887	19.9999999999867	0.9692906175760193	0.002129848384973917	0.06691116039489693	9.99999999999335	422.1726000559342	19.999999999999996	4.251927610786838	0.009342875078588197	0.29351507710299835	9.999999999999998	340.0000000000499	19.999999999998305	1.7041956078436091	0.003744674917128955	0.11764243209733297	9.999999999999153
2	37	349.3532583700844	19.999999999999986	2.491409240627283	0.005720915009842796	0.17972784566733693	9.999999999999993	423.99999997339467	19.99999999986217	4.661333712870018	0.010703618485869523	0.3362640920180386	9.999999999931084	340.00000004374215	19.999999999418478	0.7732792604658911	0.0017756476358278337	0.0557836156791861	9.999999999709239
3	37	348.16639551041095	19.999999999505214	3.0112296001876198	0.0073006564530684265	0.2293568867877527	9.999999999752607	423.9999728092629	19.999999999999137	3.375439257132857	0.00818367433456156	0.2570977116882882	9.999999999999568	340.0914485091163	19.999999999999996	7.216712464779563e-10	1.7496752297682493e-12	5.4967668480079636e-11	9.999999999999998
4	37	351.16119160650794	9.299985647314314	242.27029443885996	0.8432521000371749	12.318549890852763	4.649992823657157	420.36073206566846	3.9875730379508934	194.30294130727123	0.6762957203657717	4.236089887976367	1.9937865189754467	340.00000000000006	19.999999999999996	25.801262365359545	0.08980452483286272	2.821292354740436	9.999999999999998
5	37	352.4813370966452	5.0624558814135066	139.42391888898044	0.4483182048474801	3.565065414846115	2.5312279407067533	418.2185407320117	4.581239944645229	326.72188888602597	1.050575624878221	7.560146929875371	2.2906199723226144	347.1786770626092	12.317727133865978	102.80145716841218	0.3305585232484114	6.395858042556408	6.158863566932989
6	37	352.6012579601487	4.793906062999923	63.827547450895516	0.323137808525297	2.4333084938799088	2.3969530314999616	418.00000001138784	4.679649102290227	153.59466978043076	0.777599124143046	5.715956684324585	2.3398245511451137	346.14658614187806	7.47123115980052	30.70120667228234	0.1554300774410274	1.8240935769696909	3.73561557990026
7	37	350.61250890452095	7.7835742389623706	44.52904235337914	0.19744151842175187	2.414000920476941	3.8917871194811853	418.856348962831	3.6077644363793717	81.29598468404085	0.3604659298582567	2.0427831787765314	1.8038822181896859	340.00000000022766	3.4110583415616635	7.330933896776559	0.03250531885555392	0.17416603102823303	1.7055291707808318
8	37	350.75226745900744	5.033500448763117	26.086464630304768	0.09293956140844933	0.7348363094622278	2.5167502243815587	419.38814176767914	3.829791378281377	36.504932642091	0.1300579621302745	0.7824055796931381	1.9148956891406885	344.34059526105614	3.148519631564663	15.630416665023887	0.055687272693558	0.27541160189213537	1.5742598157823315
9	37	350.2869080581925	3.1082665319646243	12.892279003434227	0.035371253824137805	0.17269850737798406	1.5541332659823122	420.71470396382284	2.8322687616386797	30.13563826675479	0.08268013048754541	0.3678370684548494	1.4161343808193398	345.23527229490867	19.999987698363682	6.059210709393186	0.016624049162974965	0.522259586000605	9.999993849181841
10	37	350.8342263961961	2.503511480899502	11.503083324909062	0.030591879643087266	0.12030276977408058	1.251755740449751	423.7910532194615	19.999999999999996	5.724595352268539	0.015224277445922122	0.47828478180321704	9.999999999999998	346.89470835243986	19.999999999999996	6.231108829449308	0.01657132491952966	0.5206035262744384	9.999999999999998
11	37	350.41233840760617	19.99999993249807	3.1872555844020862	0.007729453464112903	0.242827941371645	9.999999966249035	421.9773760386014	19.999999999999996	4.938807329325129	0.011977163553201406	0.3762736902958095	9.999999999999998	340.3072838922453	19.999999999999996	0.08386063477000912	0.00020337147641937621	0.00638910336268822	9.999999999999998
12	37	359.99999999992235	19.999999999999996	2.7935940358739595	0.006505855012288132	0.20438746311924724	9.999999999999998	423.99999999808267	19.999999999999996	3.6620867217418493	0.008528442196013106	0.2679289134955997	9.999999999999998	340.00000000000006	19.999999999998362	0.8101929014409263	0.0018868158655381416	0.05927606861850807	9.999999999999181
13	37	348.00000000000233	19.999999999999996	2.2900246871847774	0.005236615270246117	0.16451312062681328	9.999999999999998	423.9999999955017	19.999999999999996	4.23647458198537	0.009687575689547177	0.30434416617376475	9.999999999999998	341.6576206051246	1.000000000105552	11.010810270178535	0.02517849590061964	0.039550288879088305	0.500000000052776
14	37	359.9999999906583	19.999999999999996	1.4089609473687537	0.00330044580854432	0.10368656305694059	9.999999999999998	423.99999999999994	19.999999999999996	3.7155702896685585	0.008703604178518735	0.2734317894698788	9.999999999999998	341.04861092693136	19.999999999999996	2.4321447166582244	0.005697220956236326	0.17898347501989853	9.999999999999998
15	37	359.9999999973747	19.999999999999996	2.5637444662091626	0.005628118349518242	0.17681255260380416	9.999999999999998	423.9999999999994	19.99999999999945	3.6592662270023375	0.008033087411561094	0.25236688397804286	9.999999999999725	340.00000000000006	19.999999999999996	0.726265567836777	0.0015943510060538037	0.05008801407862124	9.999999999999998
16	37	359.99999999999983	19.999999999999996	1.1201523783222862	0.0025105486768740356	0.07887121279747043	9.999999999999998	423.99999999770085	19.999999999999996	5.035625304134386	0.011286127395866343	0.35456414914332196	9.999999999999998	340.00000000000006	19.999999999999996	2.258272302809936	0.005061367231422829	0.15900754111358065	9.999999999999998
17	37	359.6796888277306	19.999999999335028	1.6339095715284966	0.003740018462943312	0.1174961452708224	9.999999999667514	418.00000000000006	19.999999999999996	4.531039857800316	0.010371548719585713	0.32583181263799094	9.999999999999998	345.0540741430668	19.999999999999996	2.0454939245177997	0.0046821349093256835	0.14709360634253876	9.999999999999998
18	37	357.4726949457192	19.999999999997474	1.910516843157119	0.004446442858525176	0.1396891221894773	9.999999999998737	418.0000005396995	19.999999999999996	3.826771773562046	0.008906240258862426	0.27979778968347846	9.999999999999998	340.00000000000006	19.999999999999993	2.0702295742815147	0.004818150407331758	0.15136665923564116	9.999999999999996
19	37	359.99999999295954	19.999999999999996	0.46033498180162163	0.0010529914540377285	0.033080702162977614	9.999999999999998	423.99999999994196	19.999999999999996	6.316463359995842	0.014448569413054821	0.45391519522935203	9.999999999999998	340.00000000000006	19.999999999999996	3.0818629891437057	0.007049595443263485	0.22146957255336638	9.999999999999998
20	37	359.9999999999863	19.999999999999996	1.62768845494843	0.003745690745482652	0.11767434528627572	9.999999999999998	423.99999999999545	19.999999999999996	3.5873227968210415	0.008255266393431071	0.25934684255029755	9.999999999999998	340.00000000000006	19.999999999999996	1.5594684176371678	0.0035887005293043527	0.11274235218796354	9.999999999999998
0	38	359.9999994709893	19.999999999869654	1.2720456594357241	0.0028160281215676613	0.08846813258961572	9.999999999934827	423.99999999999255	19.99999999999379	3.8040031209824208	0.008421222684702639	0.2645605132049731	9.999999999996895	340.00000000000006	19.999999999999996	1.2116689798154945	0.0026823674888409484	0.08426905997170824	9.999999999999998
1	38	359.99999999999994	19.999999999999996	1.4921056348198105	0.0035511168008293737	0.11156162453524847	9.999999999999998	423.99999999997374	19.999999999999996	4.269487459927593	0.010161109438950766	0.31922066765729623	9.999999999999998	340.00000000000006	19.999999999999996	2.442713653858086	0.005813503610874232	0.18263660235540216	9.999999999999998
2	38	359.9999999971925	19.999999999999996	2.925114898461142	0.006551663782679146	0.20582658808455118	9.999999999999998	423.99999999999994	19.99999999999957	4.770865967028955	0.010685771620336695	0.3357034162038734	9.999999999999785	340.00000000000006	19.999999999999996	1.2763561765123803	0.0028587788260400464	0.08981118558125462	9.999999999999998
3	38	350.6711947454477	3.783766462733958	7.338913222039194	0.018147202082617758	0.10785837577318942	1.891883231366979	421.9261601388316	19.999999990818417	7.343585845812742	0.01815875625219425	0.570474152140319	9.999999995409208	348.5550460966225	19.99999999999969	6.588213899606329	0.0162909201107091	0.5117943494002113	9.999999999999845
4	38	351.10755670196494	8.808034456756813	324.58778497697745	1.007087194757473	13.933683962396035	4.4040172283784065	420.44561490251505	3.8686750011713325	241.33589617164463	0.7487844642305973	4.550288671150132	1.9343375005856662	340.0000000032946	19.99999999998688	29.801373521220167	0.09246368177882604	2.904832234000337	9.99999999999344
5	38	350.98850131398996	9.117839739315777	280.97890438992886	1.0235826699467605	14.66002651756591	4.558919869657888	419.94524455815423	4.0539571095597156	223.41524452215072	0.8138830670982862	5.182759300646224	2.0269785547798578	340.00000000000006	19.999999999999996	36.798827464975616	0.13405505352543473	4.211463713320922	9.999999999999998
6	38	350.8985548412598	8.827592835591208	104.43260111314369	0.2894115344432364	4.013081746561648	4.413796417795604	420.01685812807114	4.057050612800573	72.7013976959654	0.20147562005624686	1.283963871831506	2.0285253064002866	340.00000000000006	19.999999999997744	13.912153784946652	0.038554414343749815	1.2112226486576771	9.999999999998872
7	38	351.44783886361336	2.5650510952866084	29.19326844062319	0.0736530532083303	0.29676088146088353	1.2825255476433042	420.25428138100824	4.766293517251653	21.571155251096474	0.05442286973469992	0.40745729627913235	2.3831467586258266	346.631958069568	19.999999999999996	8.07974087922137	0.02038475363240655	0.6404059225680625	9.999999999999998
8	38	351.09421157797436	1.0000000000000002	14.944446315099409	0.03496059325431488	0.05491597146644827	0.5000000000000001	423.9999541845902	19.999999999999996	4.606482859280036	0.01077626900191996	0.3385464752953915	9.999999999999998	349.5024928047395	19.999999999999996	3.260365986876302	0.007627203224800578	0.2396156561846987	9.999999999999998
9	38	348.0013313418508	19.99999924646205	3.283377219559205e-10	7.589819695040733e-13	2.3844120897638557e-11	9.999999623231025	423.9999982999446	19.9999999999995	4.244011840929293	0.009810412420597716	0.30820319589235073	9.99999999999975	346.61733954144444	19.999999999999996	4.522273043950746	0.010453638044043288	0.3284107248245316	9.999999999999998
10	38	359.99979391262974	19.9999999999303	1.208310549080654	0.0028569239311606364	0.08975291233967848	9.99999999996515	418.00000000000233	19.999999999999996	5.063217795883608	0.011971448979522849	0.37609416166894	9.999999999999998	340.0000000000001	19.999999999999996	1.3862561276263758	0.003277657642521757	0.10297065170728789	9.999999999999998
11	38	359.9999999578728	19.999999999999996	1.226621202225185	0.0027748348713162257	0.08717400846651832	9.999999999999998	423.99999999999994	19.999999999999996	4.273162995965074	0.00966665313669119	0.30368686479029766	9.999999999999998	341.133717254729	19.999999999999623	2.1408306501764867	0.004842938904786472	0.15214541285061092	9.999999999999812
12	38	359.99999999999676	19.999999999999996	1.4666186342407477	0.003314294549807037	0.10412163409506475	9.999999999999998	423.99999999992514	19.999999999999996	3.184049925130042	0.007195380630517565	0.2260495492861627	9.999999999999998	340.00000000000006	19.999999999999996	0.819769670198858	0.001852532135215728	0.05819901346532743	9.999999999999998
13	38	359.53210610503555	19.999999999999687	1.8281187936299577	0.004107412998663689	0.12903818501860864	9.999999999999844	418.31273305968955	19.999999999999996	6.8192564948148995	0.015321489427067342	0.4813387862612844	9.999999999999998	340.00000000000006	19.999999999999996	1.2745644998429986	0.0028636885155014172	0.08996542802468711	9.999999999999998
14	38	359.99999997801314	19.999999999999996	2.186860729260059	0.004769362008230577	0.14983392647367438	9.999999999999998	423.9999999566588	19.99999999999847	4.671468407327012	0.010188085435186098	0.32006814357323365	9.999999999999234	340.00000000000006	19.999999999999336	0.7441640790001086	0.0016229601815904897	0.0509867978355327	9.999999999999668
15	38	359.9999953847125	19.99999999978374	1.28203982245842	0.0028290351019364455	0.08887675892895086	9.99999999989187	423.99999999664306	19.99999999999907	4.463371720976235	0.00984917554855577	0.30942097547257585	9.999999999999535	340.00000016548734	19.999999999989846	1.8457961197057275	0.004073057577612763	0.12795887763469999	9.999999999994923
16	38	359.9999999931692	19.999999999999996	1.995260569404742	0.004595423620622626	0.14436949086681047	9.999999999999998	419.22923947814706	19.999999999999996	4.416291633985376	0.01017146893071171	0.3195461206894073	9.999999999999998	340.00000000000006	19.999999999999996	2.0793721093492183	0.004789146768042466	0.15045548303445508	9.999999999999998
17	38	350.3363492513585	19.999999999970672	3.1477558863444686	0.00758252280023066	0.23821197924846815	9.999999999985336	423.99999999992144	19.999999999999996	3.636223115720816	0.008759175005053615	0.2751775984738377	9.999999999999998	340.00000000000006	19.999999999999996	4.675752655409623e-08	1.1263262590243531e-10	3.538458300896181e-09	9.999999999999998
18	38	359.99999999952416	19.999999999999996	2.0866184676925243	0.00466256208212022	0.1464787078409521	9.999999999999998	423.99999999999994	19.999999999999996	4.146442017055183	0.009265250750804921	0.29107643692396046	9.999999999999998	340.00000000000006	19.999999999999996	1.849163251506549	0.004131966908957239	0.12980956886056186	9.999999999999998
19	38	359.99999999999994	19.999999999999996	2.238323856680928	0.00525820395694856	0.16519134922226372	9.999999999999998	423.9999999999941	19.999999999999996	3.7935763509116462	0.008911756946972303	0.27997110155185984	9.999999999999998	340.00000000000006	19.999999999999996	1.6367473988715326	0.003844998400737855	0.12079418728822545	9.999999999999998
20	38	359.9999999991329	19.999999999999996	2.8317483717098986	0.006346337453079059	0.19937607119794926	9.999999999999998	423.99999999999875	19.999999999999925	3.940829921753683	0.008831941700221864	0.2774636316235025	9.999999999999963	340.00000000000006	19.999999999999986	1.1053313348041263	0.002477199499153781	0.07782351748017828	9.999999999999993
0	39	355.21422229700664	19.999999999969692	2.259592484360639	0.0052405529876609425	0.1646368276675871	9.999999999984846	423.9999998943219	19.999999999917822	3.805200096800603	0.008825198735593509	0.2772517951409658	9.999999999958911	340.00000000000006	19.999999999999996	1.1293432668335133	0.002619225932136948	0.08228540946493312	9.999999999999998
1	39	359.9999998632221	19.999999999999996	1.2906571117597159	0.0030276588207609066	0.09511670708878799	9.999999999999998	423.99999999999994	19.999999999999996	4.001347340937919	0.00938647024165959	0.29488465954336973	9.999999999999998	340.00000000000006	19.999999999999996	1.7416819466936824	0.004085685238023839	0.12835558728655955	9.999999999999998
2	39	359.99999999999994	19.999999999999996	2.025745175187574	0.004632547654787188	0.14553577679684052	9.999999999999998	423.99999999997885	19.999999999999964	4.7610173995451	0.010887667540228206	0.34204616359108925	9.999999999999982	341.2572218743423	19.999999999999996	1.917017562229245	0.004383905399783877	0.1377244499799365	9.999999999999998
3	39	352.80349147982963	19.999999999999996	4.542919014542006	0.01025508856363926	0.3221731089344179	9.999999999999998	418.00000000000006	19.999999999999996	4.494630401547034	0.010146082877802998	0.3187485943161908	9.999999999999998	340.00000000000006	19.999999999999996	8.181355289548817e-06	1.8468417067606488e-08	5.802024338302488e-07	9.999999999999998
4	39	350.9312233143779	9.709581744690324	29.86312953105919	0.078434395225707	1.1962637748543354	4.854790872345162	420.75618132437455	19.999999999999996	7.078318896805597	0.018590940420635454	0.5840516184879386	9.999999999999998	343.97053162080294	1.000000000732907	11.062599835344779	0.029055505612927576	0.04564028152340522	0.5000000003664535
5	39	350.65231637908147	11.572059347142968	33.43202678602143	0.08509449124609518	1.5467922071483813	5.786029673571484	421.09478906289627	3.1003732023024972	33.63530285143514	0.08561188953246292	0.416934596796771	1.5501866011512486	349.9770122520749	1.0000000031887821	14.334458517873374	0.03648547731412757	0.05731125392914323	0.5000000015943911
6	39	350.11204312476065	8.094040799711001	11.555837033637863	0.026750050789926157	0.3401025414004711	4.0470203998555005	421.46938185626414	19.999999999999996	6.186877244436537	0.014321704264084394	0.4499296090293314	9.999999999999998	349.9270269337299	19.999999999999996	4.667259494408562	0.01080401429699728	0.3394181194472574	9.999999999999998
7	39	348.28041152718146	19.999999913331447	3.3611444968716455	0.007427742048675337	0.23334939751758166	9.999999956665723	423.10321689227715	19.999999999989303	4.19575574121472	0.009272136730211409	0.29129276634696666	9.999999999994651	346.7243462120472	19.999999050512656	0.0005746521769092239	1.2699150964096324e-06	3.9895557481616314e-05	9.999999525256328
8	39	359.99999997773864	19.999999999993367	1.5049978520976057	0.003307247383390497	0.10390024083260205	9.999999999996684	423.999999997609	19.999999999998142	4.9108982499916145	0.01079174655614618	0.3390327170018864	9.999999999999071	340.00000000000006	19.999999999999996	2.0026866836581707	0.004400923419955766	0.13825908685144297	9.999999999999998
9	39	356.82450558731637	19.999999999995307	2.0208819841673096	0.004574800551551271	0.14372159804388634	9.999999999997653	423.99999999989404	19.999999999999947	5.925157438635639	0.013413160061134124	0.4213868510948287	9.999999999999973	340.00000000000006	19.999999999999996	0.7236888866013165	0.0016382610877395654	0.05146748997904641	9.999999999999998
10	39	359.99999879910644	19.999999999999996	2.5005178636774232	0.005837151881515905	0.183379534688582	9.999999999999998	420.9011533208644	19.999999999999996	4.409746934703611	0.010294012688659114	0.3233959463865158	9.999999999999998	340.00000000000006	19.999999999999996	1.3514102286252854	0.0031547012214176912	0.09910786181476564	9.999999999999998
11	39	359.99999999999994	19.999999999999996	0.9504281024489981	0.0021019486609027273	0.0660346647131491	9.999999999999998	423.99999999997993	19.999999999999996	5.733352667965442	0.012679773390391443	0.39834682932437093	9.999999999999998	340.00000000000006	19.999999999999996	1.6302084747842915	0.0036053379647925533	0.11326503263900659	9.999999999999998
12	39	359.9999999999988	19.999999999999996	1.2353950723327478	0.002747438457393331	0.0863133247393696	9.999999999999998	423.99999999938757	19.999999999999996	3.7045458778767224	0.008238669588375245	0.2588254385419331	9.999999999999998	340.00000000000006	19.99999999999963	1.4885056425881735	0.00331033993746756	0.1039973962843279	9.999999999999815
13	39	359.99999551870883	19.999999999999996	0.6392322588366717	0.0013664932834435897	0.04292965260446175	9.999999999999998	419.77686898026354	19.999999999999996	4.643708311232766	0.009926902358023978	0.31186283520871316	9.999999999999998	340.00000000000006	19.999999999999996	1.850666535958862	0.0039561886252172974	0.12428733121198161	9.999999999999998
14	39	359.9999999998266	19.999999999986034	1.8506113910255797	0.004246390275861393	0.1334042849491197	9.999999999993017	423.9999999928092	19.999999999999577	4.908843980588741	0.011263773391852335	0.35386187739542735	9.999999999999789	340.00000078051545	19.999999999999996	0.9337120175765101	0.002142484181778718	0.06730812565908358	9.999999999999998
15	39	359.9999999999971	19.999999999999996	1.4705995447349298	0.0033797022323690594	0.10617647704531659	9.999999999999998	423.99999999994344	19.999999999999996	4.6569947780137255	0.010702611532646015	0.3362324576518611	9.999999999999998	340.00000000000006	19.999999999999996	1.6459909575537686	0.003782783242127591	0.11883964043590617	9.999999999999998
16	39	359.9999856884364	19.999999999999996	1.5006117876703344	0.003344472902616223	0.10506971500989255	9.999999999999998	423.99999999999994	19.999999999999996	3.7348317753466107	0.008323967445217021	0.26150514974614386	9.999999999999998	342.66749063889495	19.999999999999996	1.6963313560098785	0.0037806808534011278	0.1187735919461257	9.999999999999998
17	39	359.99999999999994	19.999999999999996	1.667938825324093	0.003854328135116486	0.12108728953806397	9.999999999999998	423.9999999537241	19.999999999999996	5.540096964545447	0.01280223907346952	0.4021942022271204	9.999999999999998	340.00000000000006	19.999999999999996	1.5019764737373018	0.0034708168507821997	0.10903892720373018	9.999999999999998
18	39	359.99999987848514	19.99999999999872	1.358843866778115	0.0032249659986468416	0.10131529489425141	9.99999999999936	423.9999999998731	19.99999999999977	3.987230967315046	0.009462959367680223	0.2972876363072256	9.999999999999885	340.00000000000006	19.999999999999996	2.1414369100949724	0.005082306652108786	0.15966537241555495	9.999999999999998
19	39	359.9999998988867	19.999999999999996	2.294675722644125	0.005281906193406001	0.16593597694154716	9.999999999999998	423.51515571364155	19.999999999999996	4.130670582562303	0.009508016456379909	0.2987031464957397	9.999999999999998	340.00000000000006	19.999999999999996	1.1137960942288998	0.0025637463412565213	0.08054246671359196	9.999999999999998
20	39	359.99999909185607	19.999999999999996	1.894390983079943	0.004261456233055849	0.13387759595362686	9.999999999999998	423.68126927103225	19.99999999999996	4.709566678158012	0.01059422920341342	0.33282752635889984	9.99999999999998	340.0000000000199	19.999999999998497	0.5664023289580251	0.0012741291300021288	0.040027947145391415	9.999999999999249
0	40	351.61406306416904	19.999999999999996	2.7747831817863533	0.006504974915157531	0.20435981405244782	9.999999999999998	423.99999999999994	19.999999999999996	5.775666348043642	0.013540000155311656	0.4253716501753175	9.999999999999998	340.00000000000006	19.999999999999996	0.09598877887134702	0.00022502824825856686	0.007069470915792937	9.999999999999998
1	40	357.76245358375445	19.999999328666192	1.9140516828267171	0.0043825594097902446	0.1376821598356439	9.999999664333096	423.9999999999859	19.999999999999996	4.079180638611644	0.009340004584191836	0.29342489786192055	9.999999999999998	340.00000000000006	19.999999999999996	2.3572891331768417	0.005397429842094677	0.1695652594019095	9.999999999999998
2	40	359.999999999935	19.999999999998252	1.6589356170971759	0.0037468670331012263	0.11771129945167567	9.999999999999126	423.99999999866435	19.999999999999996	4.680599730979311	0.010571588581500415	0.33211625024415437	9.999999999999998	340.00000000000006	19.999999999999996	1.2976163078206158	0.002930792319653232	0.09207355620619981	9.999999999999998
3	40	359.9999997105289	19.999999999999996	1.7983720586627248	0.004029473364947375	0.12658963921154412	9.999999999999998	423.99999999999994	19.999999999999996	4.395352431288916	0.009848326694202141	0.3093943079265769	9.999999999999998	340.00000000000006	19.999999999999996	2.276509869259217	0.005100799825616184	0.160246352595879	9.999999999999998
4	40	359.99999999999994	19.999999999999996	1.1327070176724394	0.0026050794022187	0.08184098312028355	9.999999999999998	423.8561213228899	19.999999999999996	4.92550790283591	0.011328030093350996	0.3558805612091558	9.999999999999998	343.96907942201136	19.999999999999996	2.5947097980398506	0.005967496399464679	0.18747442848881773	9.999999999999998
5	40	359.9999999992444	19.999999999999996	3.672537318024987	0.008125903057363628	0.2552827734879641	9.999999999999998	419.07743849855336	19.999999999999996	4.081005516379794	0.0090296850191034	0.28367592120245044	9.999999999999998	340.00000000000006	19.999999999999996	0.7671632143664494	0.001697435143414607	0.05332649776496465	9.999999999999998
6	40	359.9999999809236	19.999999999999996	2.1313378670937255	0.0048221556729841205	0.15149248836713256	9.999999999999998	423.9999999999517	19.999999999990074	4.466248856527998	0.010104895893316496	0.3174546670371702	9.999999999995037	340.00000000000006	19.999999999999996	0.9782158572864497	0.0022132150976368137	0.06953020291549829	9.999999999999998
7	40	359.99999999999994	19.999999999999986	0.764077920123972	0.001738017016692515	0.0546014149145525	9.999999999999993	418.00000000003286	19.99999999999673	4.663955863930704	0.01060891100648373	0.3332887688055174	9.999999999998366	340.00000000000006	19.999999999999996	2.6654050316831768	0.006062888586927868	0.19047126244225987	9.999999999999998
8	40	359.9999999998745	19.999999999999996	3.3927182982378907	0.007106574762586556	0.22325963066328547	9.999999999999998	423.99999999991326	19.999999999999986	3.9673263935260836	0.00831018055280907	0.2610720217470972	9.999999999999993	340.00000000000006	19.999999999999996	1.3346783936933841	0.0027956909342332606	0.08782922100694796	9.999999999999998
9	40	359.99999999999994	19.999999999999996	2.062678977560885	0.004655958056436646	0.14627123625523575	9.999999999999998	418.98711718414785	19.999999999999996	5.085670407297934	0.011479570191402371	0.36064133379678054	9.999999999999998	340.00000000000006	19.999999999999996	0.433327764692106	0.000978124041134918	0.030728673019290186	9.999999999999998
10	40	359.9999349557331	19.999999999990273	1.3759986599866267	0.0032106686530753016	0.10086613053607497	9.999999999995136	423.9999999046328	19.999999999999666	4.435888522550386	0.010350423036042389	0.32516812971576786	9.999999999999833	342.5303601641159	19.999999999999996	2.690109416710186	0.006276931968566031	0.19719563359529957	9.999999999999998
11	40	359.9999999986985	19.999999999999947	2.446745838310318	0.005697043427136922	0.17897789777875323	9.999999999999973	423.9999999983349	19.999999999999993	3.7575396188687074	0.008749117318481176	0.27486162693135685	9.999999999999996	340.00000000000006	19.999999999999996	1.0996823068026949	0.0025605184485510447	0.08044105947349095	9.999999999999998
12	40	359.99999999999994	19.999999996782616	1.0294124147492933	0.0023463405600616595	0.07371246265123664	9.999999998391308	423.9999999968671	19.999999999999996	3.568096556268719	0.008132765403095089	0.2554983604373276	9.999999999999998	340.00000000000006	19.99999999999994	1.7176315103678006	0.003914998908379647	0.1229933180937752	9.99999999999997
13	40	358.1579689954586	19.999999999999996	2.142098314573188	0.004932113035875763	0.15494690080181747	9.999999999999998	423.99999999999994	19.999999999999996	3.4862521494260643	0.008026984361807972	0.2521751510153607	9.999999999999998	340.00000000000006	19.999999999383235	0.5187618380808704	0.0011944325835592338	0.03752420629602247	9.999999999691617
14	40	359.99999999999665	19.999999999999957	2.9017581036501974	0.006519908036925053	0.2048289519088475	9.999999999999979	423.99999999995606	19.999999999999964	3.5733319511195627	0.008028855223114088	0.2522339258567121	9.999999999999982	340.00000000000006	19.99999999999832	2.62159340708181	0.005890411024572056	0.18505272001418344	9.99999999999916
15	40	359.9999999980016	19.999999999999996	1.2736173257530778	0.0029058647247712614	0.09129043271667119	9.999999999999998	418.00000000000006	19.999999999999996	3.910811303358739	0.008922843920129058	0.2803194090860579	9.999999999999998	340.00000000000006	19.999999999999996	1.914721515644673	0.004368597692232654	0.13724354416407428	9.999999999999998
16	40	359.9999999999431	19.999999999999996	2.26129536884814	0.005099617185499735	0.1602091988608622	9.999999999999998	423.9999999999535	19.999999999999996	3.818428613110139	0.008611225426486107	0.2705296253825438	9.999999999999998	340.00000000000006	19.99999999999999	1.0618201436267531	0.0023945904311947624	0.07522827706997877	9.999999999999995
17	40	359.99999999999994	19.999999999999996	1.7447945035658383	0.003968649881318667	0.12467881311820726	9.999999999999998	423.9999999994336	19.999999999999996	4.407915464032771	0.010026093701834196	0.31497902317885196	9.999999999999998	340.00000000000006	19.999999999999996	1.6850071620032057	0.0038326596397675948	0.12040655368003976	9.999999999999998
18	40	359.99999998998106	19.999999999465253	1.0445655478042102	0.0025284273010487035	0.07943288633898092	9.999999999732626	423.99999999997465	19.999999999998312	4.02319275861674	0.009738355270907979	0.30593945377129367	9.999999999999156	340.00000000000006	19.999999999999996	1.946548243986357	0.004711725112176517	0.14802320998148286	9.999999999999998
19	40	356.0959604297193	19.999999999887596	1.9330396683292246	0.004397906385263238	0.1381643039104098	9.999999999943798	423.99999999999994	19.99999999997208	4.524688425156807	0.010294230605998444	0.32340279246118764	9.99999999998604	340.00000000001654	19.999999999999996	0.8688109749510724	0.0019766533490886114	0.06209839640190441	9.999999999999998
20	40	355.1078835185632	19.99999854720377	1.991444530273539	0.0044711240052188635	0.1404644930775305	9.999999273601885	418.00000000000006	19.999999999999986	5.246567713683048	0.01177941664608273	0.370061287989068	9.999999999999993	340.00000000000006	19.999999999999996	1.654674502409164	0.003715019311900688	0.11671077378211407	9.999999999999998
0	41	359.999984944709	19.999999999999996	1.4798613688976296	0.003490047645123933	0.10964308042599703	9.999999999999998	423.99999999999994	19.999999999999996	4.1581224059528745	0.009806354578904324	0.3080757150358244	9.999999999999998	349.99999999999636	1.0000000000035885	3.8408373944683456	0.00905808191604701	0.01422840180158498	0.5000000000017942
1	41	348.5553140425814	19.99999998555013	3.1885897393405065	0.00708782221417097	0.2226705018190226	9.999999992775065	423.9999991814888	19.999999999999787	4.634735433974758	0.010302416883686643	0.3236599719600906	9.999999999999893	340.00000000000006	19.999999999999996	1.2114338210726892e-08	2.692860559029758e-11	8.459870949389589e-10	9.999999999999998
2	41	359.99999999999994	19.999999999999996	1.306864491398363	0.0029581420148361865	0.0929327722208467	9.999999999999998	423.99999999999994	19.999999999999996	4.240961005497233	0.009599591247765537	0.30158005341445077	9.999999999999998	345.2137509346184	19.999999999999996	1.1492753438035428	0.0026014324388619788	0.08172641038738969	9.999999999999998
3	41	359.99999999778913	19.999999999999996	2.4820378384489756	0.00565441300869063	0.1776386236846504	9.999999999999998	423.99999999999994	19.999999999999996	3.473188189099181	0.007912385610666341	0.2485749250683896	9.999999999999998	340.00000000000006	19.999999999932104	1.8640548222819064	0.004246565331417284	0.13340978448124355	9.999999999966052
4	41	359.9999999999296	19.999999999999996	1.9092206530550913	0.004486914311426827	0.1409605703806542	9.999999999999998	423.9999999999348	19.99999999999999	4.3840782363131305	0.01030314822409406	0.32368294769660605	9.999999999999995	340.00000000000006	19.999999999999996	0.6722520390463372	0.0015798788317401672	0.04963335731356933	9.999999999999998
5	41	359.99999999999994	19.999999999999996	1.4372887392685543	0.003387500626939764	0.10642147083624778	9.999999999999998	423.9999999998117	19.999999999999996	3.6382785366441444	0.008574944259380778	0.26938981890212615	9.999999999999998	340.00000000000006	19.999999999999996	1.146061112095445	0.002701115391546393	0.08485804270580465	9.999999999999998
6	41	353.4069569581607	19.999999999999996	2.353750534601087	0.005259207867870396	0.16522288801403273	9.999999999999998	422.4679706931323	19.999999999999996	5.68173833589689	0.012695246382341905	0.3988329277027772	9.999999999999998	349.4800285719867	1.000000001529527	22.588960396860415	0.05047265481187252	0.07928226090334047	0.5000000007647635
7	41	359.99999999999994	19.999999999999996	0.9142403713571111	0.0020407388483558255	0.06411170173889955	9.999999999999998	423.9999999868773	19.999999999999996	4.549756363144186	0.010155824279603704	0.3190546294795184	9.999999999999998	347.63467699330363	19.999999999999996	2.481751359965327	0.005539687997723371	0.17403443116827289	9.999999999999998
8	41	351.84904461742235	19.99999999072085	4.324984794425156	0.010254641316119665	0.32215905808973094	9.999999995360424	423.99999999999994	19.999999999999996	3.6934996933584325	0.008757375194800616	0.2751210557671509	9.999999999999998	349.99859866236375	1.3631573638157377	1.6835986411373018e-07	3.99185222741672e-10	8.547523962113835e-10	0.6815786819078689
9	41	359.99999849914906	19.999999999999996	1.2350496460857139	0.0029189416023763246	0.09170125494283078	9.999999999999998	423.9999999993934	19.999999999999993	4.02024205568385	0.009501522327584307	0.2984991274225824	9.999999999999996	340.00000000000006	19.999999999999996	1.8353829943181876	0.0043377817202642065	0.13627543185258123	9.999999999999998
10	41	359.9999999999185	19.999999999999982	1.0521083028857512	0.002391836042655216	0.07514174540196904	9.999999999999991	423.99999999974307	19.999999999983558	5.687996373576698	0.012930945131311499	0.4062376222846751	9.999999999991779	340.00000000000006	19.999999999777	2.8677043940069487	0.006519365649385417	0.20481191229946513	9.9999999998885
11	41	359.9999999435097	19.999999998442732	1.4424809192838652	0.0032726529679388805	0.1028134252102508	9.999999999221366	418.00000000000006	19.999999999999996	3.921357024509091	0.008896645032212177	0.279496346747939	9.999999999999998	340.00000000037045	19.999999999999982	1.3359575513617292	0.0030309762763967166	0.09522092803132863	9.999999999999991
12	41	359.99999983795874	19.99999999999988	1.448424716736688	0.003467480663712135	0.10893411779582637	9.99999999999994	418.2410937198835	19.999999999999996	4.141657647236547	0.009914990845961213	0.3114886240208179	9.999999999999998	340.00000000000006	19.999999999999996	2.1540343401617656	0.005156686665987534	0.16200208946730876	9.999999999999998
13	41	359.99999950955817	19.99999999999999	1.4035365712007002	0.0031864165754894196	0.10010422904834301	9.999999999999995	423.9999999999995	19.999999999999996	4.187645153343828	0.009507113817110953	0.29867478924677776	9.999999999999998	340.00000000000006	19.999999999999996	1.4988686286849946	0.0034028467379636313	0.10690358313278533	9.999999999999998
14	41	359.999999974544	19.999999999999996	1.7457101831142166	0.004061712835723214	0.12760247205699413	9.999999999999998	423.99999999999994	19.999999999999996	3.8718285060611843	0.009008514524864192	0.28301083051070286	9.999999999999998	340.00000000000006	19.999999999999996	1.5102424010853601	0.0035138541350540507	0.1103909833647192	9.999999999999998
15	41	359.9999990965635	19.999999999999996	1.9778133839773084	0.004337586920353875	0.13626931203290904	9.999999999999998	423.99999999999994	19.999999999999996	3.4452327904197366	0.007555817353833007	0.23737300290668042	9.999999999999998	340.00000000000006	19.999999999999996	1.3005598282586746	0.0028522869477443234	0.08960723720963619	9.999999999999998
16	41	359.99999821814185	19.999999999999996	2.0572786330393975	0.004635317049550428	0.14562277989927136	9.999999999999998	422.52224963511355	19.999999999999996	4.9417405148099665	0.011134385831301287	0.34979704729850397	9.999999999999998	340.00000000000006	19.999999999999996	0.7498671937893703	0.00168954857764463	0.05307873399411452	9.999999999999998
17	41	359.9999978073833	19.999999999999996	1.4667218726530087	0.0033314283082348873	0.10465990699111792	9.999999999999998	423.99999999999994	19.999999999999996	4.51042191508803	0.010244714782106548	0.3218472069758868	9.999999999999998	340.00000000000006	19.999999999999996	1.5092367707954217	0.0034279942201737115	0.10769361458646001	9.999999999999998
18	41	359.9999999991955	19.999999999999996	2.5809275345440423	0.006064476896666756	0.19052116066433303	9.999999999999998	423.99999999999994	19.999999999999996	4.522912592735765	0.01062761296362198	0.33387630811710456	9.999999999999998	340.00000000000006	19.999999999999996	0.24445192089516415	0.0005743954476724323	0.018045165186631334	9.999999999999998
19	41	359.99999998847494	19.999999999999996	2.7511485903545756	0.006420106959789977	0.20169360860136887	9.999999999999998	423.9999999999993	19.999999999999996	4.0208778181983575	0.009383159366813179	0.2947806453424253	9.999999999999998	340.00000000000006	19.999999999999996	0.5615466895779483	0.0013104307861255	0.041168397307297676	9.999999999999998
20	41	359.9999990828037	19.9999999999924	1.9448704892447668	0.0045291523118768376	0.14228751629976094	9.9999999999962	423.9999998884291	19.99999999999986	4.703761787992904	0.010953970300037197	0.344129126222374	9.99999999999993	340.00000000000006	19.999999999999996	0.846089100045412	0.0019703452876250597	0.061900222806381536	9.999999999999998
0	42	359.99999999967395	19.999999999999996	1.625032256800919	0.003675020446337542	0.11545417236006303	9.999999999999998	423.99999999999994	19.999999999999908	4.009435583369666	0.009067363238785207	0.28485961738397625	9.999999999999954	340.00000000000006	19.99999999999999	1.9291933837951916	0.004362882706306183	0.13706400258605453	9.999999999999995
1	42	359.9999999999999	19.999999999999996	1.8042315422324353	0.004130597528813589	0.12976654851456923	9.999999999999998	423.99999996113826	19.999999999999996	4.248091347003987	0.009725556398596924	0.30553736533905296	9.999999999999998	340.00000000000006	19.99999999999998	1.2914431713855812	0.0029566227213431804	0.09288504220808388	9.99999999999999
2	42	359.99999999999994	19.999999999999996	1.3728201862537228	0.0030853656123377062	0.09692961941358709	9.999999999999998	423.99999999379526	19.999999999999996	4.854684192740982	0.010910733843386361	0.34277081287656114	9.999999999999998	340.00000000000006	19.999999999999996	1.8478376466632949	0.00415295083018561	0.13046879818830742	9.999999999999998
3	42	359.99999979183303	19.999999999999996	1.2423728102298153	0.002836436748938385	0.08910928852836945	9.999999999999998	423.9999999999742	19.999999999999996	3.9836099840262205	0.009094901030584916	0.28572474262811803	9.999999999999998	340.00000000000006	19.999999999999996	2.9238549669982374	0.00667539534725146	0.20971372982732667	9.999999999999998
4	42	359.99999999999227	19.999999999999996	2.426039540844062	0.005707263405249902	0.17929896786034955	9.999999999999998	423.99999999997	19.999999999999986	4.376994159824774	0.010296888477204811	0.32348629194820006	9.999999999999993	340.00000000000006	19.999999999999996	0.9013506535429537	0.002120429413312039	0.06661525467316816	9.999999999999998
5	42	357.00817437111624	19.999999999999996	2.8445486744655253	0.006781422824324201	0.21304468125783052	9.999999999999998	423.99999999988455	19.999999999999996	3.857658226555835	0.009196682686726446	0.28892230766016236	9.999999999999998	340.00000000000006	19.999999999999996	1.1051346062834493	0.0026346481992997623	0.08276991427713709	9.999999999999998
6	42	359.99999999695154	19.999999999999996	1.9154510534532359	0.004391263106551104	0.13795559915520839	9.999999999999998	423.99999999998965	19.999999999999737	4.8944820014884876	0.011220833964964344	0.3525128955148235	9.999999999999869	340.16376281314353	19.999999999999996	1.7573229344880497	0.00402874683464309	0.1265668145888786	9.999999999999998
7	42	359.999999945071	19.9999999999998	2.227163957239596	0.00518508456222212	0.16289423568918698	9.9999999999999	421.83445138187915	19.99999999998769	5.767267371734607	0.013426837713578997	0.4218165472189619	9.999999999993845	340.00000000000006	19.999999999999996	0.26663472480555633	0.0006207551944470082	0.019501599585524238	9.999999999999998
8	42	350.37460140070067	19.999999999999982	2.77469069851074	0.006300759057640085	0.1979441836752142	9.999999999999991	423.9999999540289	19.999999999999996	4.121696889473321	0.009359536550554904	0.2940385126822843	9.999999999999998	340.00000000000006	19.999999999999996	0.46761041893298777	0.0010618482932603138	0.033358947973334614	9.999999999999998
9	42	359.9992683108141	19.999999999999996	1.2232135942601976	0.0027877749241016964	0.0875805322141973	9.999999999999998	423.99999999999994	19.999999999999996	4.339675059307722	0.009890371858076456	0.31071519570604217	9.999999999999998	340.4834812084312	19.999999999999996	2.671603968152289	0.0060887408253911725	0.19128343446661156	9.999999999999998
10	42	359.9999997342644	19.999999999999996	1.1506774562593176	0.0025984883461906707	0.081633918988313	9.999999999999998	423.99999999999994	19.999999999999996	5.00022064233091	0.011291622162927631	0.3547367723416513	9.999999999999998	340.00000000000006	19.999999999999996	1.6896022080456268	0.0038155015755476484	0.11986751719500771	9.999999999999998
11	42	359.9999999999992	19.999999999999996	1.6263313803136368	0.003625917117606756	0.1139115457919886	9.999999999999998	423.99999999999994	19.999999999999996	5.092137088831649	0.011352955036773752	0.3566636014006365	9.999999999999998	340.00000000000006	19.999999999998504	2.813590151349019	0.0062729188006805684	0.19706955620781896	9.999999999999252
12	42	359.99999999965553	19.99999999999999	1.5008747977154353	0.003415985780555331	0.10731635832959817	9.999999999999995	423.99999999974926	19.99999999999988	4.069614578051121	0.00926242851976989	0.2909877739210949	9.99999999999994	340.00000000000006	19.999999999991307	1.7466068967175978	0.0039752711768423	0.12488682725189594	9.999999999995653
13	42	359.9999999525242	19.99999999999984	1.5447828089006996	0.0034650073318292936	0.10885641578309592	9.99999999999992	423.99999999999994	19.999999999999996	4.650623161575442	0.010431526852568627	0.3277160812575425	9.999999999999998	340.00000000000006	19.999999999999996	1.5432012854828663	0.0034614599138967027	0.10874497036193437	9.999999999999998
14	42	358.51984249137234	19.999999999999996	2.2964289573547263	0.005019447052325291	0.15769057984668072	9.999999999999998	423.9999999970198	19.99999999999994	4.0519604612540085	0.008856621028158538	0.2782389555769166	9.99999999999997	340.00000000000006	19.99999999999981	1.563347369186818	0.003417105205407464	0.1073515260985143	9.999999999999906
15	42	359.99999999995043	19.999999999999996	1.791061627039942	0.0038309949509469097	0.12035425593834398	9.999999999999998	423.99999999999994	19.999999999999996	3.4657346998595115	0.007413040364460446	0.23288753149753535	9.999999999999998	348.08323918751296	19.999999999999996	1.4430516816919798	0.0030866183625708017	0.09696897572287785	9.999999999999998
16	42	359.9999999996581	19.999999999907576	0.5557516474917976	0.0012749315482432138	0.040053155857722324	9.999999999953788	423.99999999999983	19.999999999999996	5.858946072241054	0.013440815192663966	0.4222556626753119	9.999999999999998	342.81187965187496	19.999999999999996	3.0763048716765917	0.007057249673691097	0.22171003729416908	9.999999999999998
17	42	355.34570355771683	19.99999999973387	1.6673905965684133	0.004021467576487542	0.12633812994774699	9.999999999866935	423.99999997144783	19.99999999999951	3.8607542827686894	0.009311494379836914	0.29252922337637577	9.999999999999755	340.00000000000244	19.99999999996384	1.180448226209061	0.002847043924316143	0.0894425227706288	9.99999999998192
18	42	352.7047833762428	19.999999999999996	3.058164155749828	0.00685038616941586	0.21521122864089984	9.999999999999998	423.999999999795	19.999999999999996	4.0543956176946585	0.009081976718802343	0.2853187133986297	9.999999999999998	340.00000000000006	19.999999999999996	0.2337376861757443	0.0005235799424432756	0.01644874900746761	9.999999999999998
19	42	359.9999999630885	19.999999999999996	1.797772781869382	0.004176194855449489	0.131199030778396	9.999999999999998	423.99999999999994	19.999999999999996	4.2990689833545135	0.009986662359432708	0.313740251022755	9.999999999999998	340.00000000000006	19.999999999999996	1.8784418961804523	0.004363587802754682	0.13708615384428133	9.999999999999998
20	42	359.99999999999994	19.999999999999996	0.837811978916361	0.0019461946356572933	0.06114150769836815	9.999999999999998	423.99999999999824	19.999999999999996	4.008586947884608	0.009311743697708208	0.29253705592831153	9.999999999999998	340.00000000000006	19.999999999999996	2.5196297976784123	0.005852971931036968	0.18387653620213001	9.999999999999998
0	43	356.28265016069827	19.999999999999993	1.4674173105164152	0.0034054160977424063	0.1069843019508396	9.999999999999996	423.9999999159553	19.999999999999826	4.7760565984129375	0.011083731878725384	0.3482057064456236	9.999999999999913	340.00000000000006	19.999999999999996	0.8118135529870198	0.0018839650601740192	0.0591865079266255	9.999999999999998
1	43	355.1294675298526	19.999995914221188	2.0823316271915635	0.004604516410261935	0.14465511972667822	9.999997957110594	418.0000000002306	19.999999999999996	3.561401534658246	0.00787508175726198	0.2474029899503323	9.999999999999998	340.0000000000003	19.999999999999673	0.9631339002414473	0.002129711613189339	0.06690686358260385	9.999999999999837
2	43	351.72164801253905	19.999999999999996	2.1315744002290526	0.004836952200401348	0.15195733498545855	9.999999999999998	423.99999999122207	19.999999999999996	4.10027348364414	0.009304308987210883	0.2923034876095119	9.999999999999998	340.00000000000006	19.999999999999996	0.6718888738989836	0.0015246450542292346	0.04789813701698574	9.999999999999998
3	43	359.99999999999864	19.999999999999996	1.6114517328100162	0.003895770859075921	0.12238925110942107	9.999999999999998	423.99999999999864	19.999999999999996	4.360535437185068	0.01054182793085013	0.3311812918296645	9.999999999999998	340.00000000000006	19.999999999999996	1.4956574218484804	0.003615831911414055	0.11359470969513932	9.999999999999998
4	43	359.99999999261325	19.999999999999996	2.4975565539452154	0.005609795835820229	0.17623693385951442	9.999999999999998	423.99999999999994	19.999999999999243	3.4318351564535536	0.007708291745980181	0.2421631272089726	9.999999999999622	340.00000000000006	19.999999999999822	1.1472998766369245	0.002576965899021664	0.08095777136917805	9.999999999999911
5	43	359.99994616858834	19.999999999999996	2.572162152193616	0.00595402404064127	0.18705118185375627	9.999999999999998	423.999999999988	19.999999999999996	3.72253210480554	0.008616892844476767	0.2707076725697866	9.999999999999998	342.11589554745444	1.0000000917293426	23.729540589216313	0.05492898455918638	0.08628225509475736	0.5000000458646713
6	43	359.99999999691585	19.999999999999996	2.3262511201453546	0.005320777691853211	0.16715716108110498	9.999999999999998	423.99999999999994	19.999999999999996	4.728351495328021	0.010815043542680848	0.33976461341939873	9.999999999999998	340.00000000000006	19.999999999999996	1.205006556875508	0.002756182232793262	0.08658801854498023	9.999999999999998
7	43	359.99999967309395	19.999999999999996	0.8287850094095949	0.0018271025384425323	0.05740011912126321	9.999999999999998	418.0000000000163	19.999999999997435	4.496790231874612	0.009913423570914515	0.3114393866230494	9.999999999998717	340.0000000002849	19.999999985717427	2.768485246409756	0.006103279335324093	0.1917401750896785	9.999999992858713
8	43	359.99999999999994	19.999999999999996	1.755248908472952	0.004070584481031436	0.12788118301424978	9.999999999999998	423.9999999999826	19.999999999999996	3.7744331570193146	0.008753259414939594	0.27499175472939913	9.999999999999998	340.00000000000006	19.999999999999996	1.0124511856374117	0.0023479678945608836	0.07376358688417164	9.999999999999998
9	43	359.99999999999994	19.999999999999996	1.575065941195857	0.0034910090054729582	0.10967328245209652	9.999999999999998	423.9999999990961	19.999999999999996	5.502276726752198	0.012195360906040727	0.383128562302937	9.999999999999998	344.2375728212146	19.999999999999996	2.0621517581856166	0.004570596170095648	0.1435895135049813	9.999999999999998
10	43	359.99999999998005	19.999999999999996	2.2549999341769995	0.005265765664341372	0.16542890726620227	9.999999999999998	423.9999999942614	19.999999999999993	4.040205458959862	0.009434490378572897	0.2963932566368819	9.999999999999996	340.00000000000006	19.999999999999996	1.3749915828420738	0.0032108131605470265	0.10087067037223961	9.999999999999998
11	43	356.969977260303	19.999999975794523	2.0970126285966284	0.00460959028823332	0.14481454968046129	9.999999987897262	420.136094092855	19.999999999999996	4.469058694551994	0.00982375083250592	0.30862223446097203	9.999999999999998	340.00000000000006	19.999999999999996	0.8067707699473444	0.0017734193181605032	0.055713611016672555	9.999999999999998
12	43	359.99988497728856	19.999939840350567	0.7507942850727554	0.0017261328735975153	0.054227900431073305	9.999969920175284	418.00000000000006	19.999999999999996	4.020567574679141	0.009243589088456338	0.29039591573097195	9.999999999999998	344.9590207292343	19.999999990362618	3.258503343667726	0.007491545756354863	0.23535385100855252	9.999999995181309
13	43	359.99999999999994	19.999999999999996	1.640884144694181	0.0037580613393901727	0.11806297895567983	9.999999999999998	423.99999999999596	19.999999999999996	3.390166152675873	0.0077643826309594915	0.24392527433082523	9.999999999999998	340.00000000000006	19.999999999999996	2.0396286888319923	0.004671292453520019	0.1467529805474793	9.999999999999998
14	43	359.99999997254963	19.999999999999996	1.927108841840331	0.004337694932100903	0.1362727053220187	9.999999999999998	418.1981091393727	19.999999999999996	3.36320641486881	0.00757018135387415	0.2378242612767346	9.999999999999998	340.00000000000006	19.999999999999996	1.08036109287818	0.0024317655213191903	0.0763961669702932	9.999999999999998
15	43	359.99999999999994	19.999999999999996	1.1528342491702706	0.002732035213004714	0.08582941754524233	9.999999999999998	423.9999994757705	19.999999999999996	4.51284436282706	0.010694728855364145	0.3359848160414677	9.999999999999998	340.00000000000006	19.999999999999996	2.453449122216754	0.005814287179649601	0.182661218894485	9.999999999999998
16	43	358.4646519586111	19.999999925216105	3.1920028051104214	0.007096840740688105	0.22295382651275716	9.999999962608053	423.9999999999963	19.999999999999996	4.3660143679671295	0.009707043048775418	0.3049557513011271	9.999999999999998	340.00000000000006	19.999999999999996	0.8119833020212324	0.0018052979681963005	0.05671510834426076	9.999999999999998
17	43	359.99999794190285	19.999999999998032	0.7532150117116373	0.0017598455177620825	0.0552871775005374	9.999999999999016	420.55109244006314	19.999999999999947	4.61441362724098	0.010781324074445351	0.338705285082482	9.999999999999973	340.00000000000006	19.999999999999996	3.0627745396533546	0.007156004542814803	0.22481251300762167	9.999999999999998
18	43	351.9894129235568	19.999999999998792	3.143931415291775	0.00724640582136912	0.22765255293342165	9.999999999999396	418.00000013790077	19.999999999999996	4.609670206645973	0.010624767721572939	0.333786922201915	9.999999999999998	340.00000000000006	19.999999999999996	0.803148404551654	0.0018511661055514161	0.05815609837774755	9.999999999999998
19	43	359.99999999966866	19.999999999999996	3.575228479396634	0.007850272862016094	0.24662359551985077	9.999999999999998	423.999999999999	19.999999999999996	3.727240400964494	0.00818405154762012	0.2571095621860354	9.999999999999998	340.00000000000006	19.99999999999995	0.7380149995174412	0.0016204891955465563	0.050909169519506824	9.999999999999975
20	43	359.9999688443265	19.99999999959346	2.7317589718995117	0.006264487284416603	0.19680467230829826	9.99999999979673	418.0000001181655	19.999999999999996	4.606928570019631	0.010564638294950265	0.3318979005524914	9.999999999999998	341.9834015257376	1.000000110282258	16.38855561234957	0.03758234137769854	0.05903421029886601	0.500000055141129
0	44	357.1124044745092	19.99999999849264	1.4941351307023956	0.0034063330662021645	0.10701310935654178	9.99999999924632	418.00000000000006	19.999999999943917	5.0431735120043175	0.01149743978274539	0.3612027235646265	9.999999999971958	340.00000000001234	19.999999999999996	1.1174919586670897	0.002547661005891257	0.08003713099945155	9.999999999999998
1	44	359.99999999994515	19.999999999999968	1.8722533939007096	0.0042329022308724065	0.13298054551872576	9.999999999999984	423.99999997346356	19.999999999999996	3.487145401676393	0.007883946477661056	0.24768148335515094	9.999999999999998	340.00000000000006	19.999999999999996	1.2513928955175635	0.002829223755924509	0.08888268566974157	9.999999999999998
2	44	359.9999995227905	19.999999999999996	0.9099888191448607	0.002082792727266549	0.06543286330930839	9.999999999999998	418.00000001188204	19.999999999999996	3.5376555480239964	0.008097026130411826	0.25437557807226374	9.999999999999998	340.00000000000006	19.999999999999996	2.1047205574970635	0.004817308276603607	0.15134020291855196	9.999999999999998
3	44	359.99999999999994	19.999999999999996	1.032276540532102	0.0023212588166433667	0.07292449645447335	9.999999999999998	423.99999999038414	19.999999999999996	4.317942295566811	0.009709667157770751	0.3050381901165467	9.999999999999998	340.00000000000006	19.999999999999996	2.392591660670444	0.005380171173991673	0.16902306235267808	9.999999999999998
4	44	356.72284557054667	19.9999999996379	2.6538839842968693	0.006145217855160688	0.1930577126813211	9.99999999981895	423.9999999640996	19.999999999991633	4.6425616107884675	0.010750112918692482	0.33772475770610905	9.999999999995817	340.00000000000006	19.999999999999996	0.4093784902657979	0.0009479389539202603	0.029780380536874825	9.999999999999998
5	44	359.99999999995464	19.999999999999993	1.8842694827433502	0.0041808694337938405	0.13134588698824842	9.999999999999996	423.9999999999976	19.999999999999996	4.077764272103162	0.009047856561701175	0.2842467970497461	9.999999999999998	340.00000000000006	19.999999999999996	2.2073290402191867	0.0048976829477394256	0.15386524768230178	9.999999999999998
6	44	359.99999999985727	19.99999999998056	1.1292827856010037	0.002606105789313407	0.0818732280217687	9.99999999999028	423.99999999999994	19.999999999999996	4.706617580671725	0.01086171106251736	0.3412307167941952	9.999999999999998	340.0000000000011	19.999999999999307	2.023598508571538	0.00466996562391376	0.14671129696603835	9.999999999999654
7	44	359.99999999999994	19.999999999999304	1.6602836829771592	0.0036760566157725614	0.11548672458290833	9.999999999999652	423.99999999999915	19.999999999999996	4.206464842626136	0.009313590847331856	0.2925950858451889	9.999999999999998	340.0000000219061	19.999999999999996	0.8669849458674447	0.0019196031248806058	0.0603061107493292	9.999999999999998
8	44	359.99999998865326	19.999999999999975	2.23826023519685	0.0051816257904183744	0.1627855751682975	9.999999999999988	423.9999999999685	19.999999999999996	3.6566119648878415	0.008465143849168586	0.26594033728128846	9.999999999999998	340.00000000000006	19.999999999999996	2.2519939177785475	0.005213419592918951	0.16378440693195265	9.999999999999998
9	44	359.9999981625921	19.999999999524068	2.0842135115433416	0.004765645037864259	0.1497171544021473	9.999999999762034	423.9999999994084	19.999999999998977	4.138819794774083	0.009463591857714195	0.2973075065676558	9.999999999999488	340.00000000000006	19.999999999999996	0.7914014481751247	0.001809573905727912	0.05684944088362596	9.999999999999998
10	44	359.9999999978665	19.99999999999999	1.7572360985035549	0.003976261835569387	0.12491794971374245	9.999999999999995	423.99999999999994	19.999999999999996	4.735673449511141	0.010715849520190293	0.33664834129603527	9.999999999999998	341.84828319066304	19.999999999993744	1.8155649721389946	0.00410824801223959	0.1290644177437273	9.999999999996872
11	44	359.99999999739293	19.999999999999996	0.9047794447837679	0.0022150512236674778	0.06958788651598828	9.999999999999998	423.99999999999994	19.999999999999996	3.5792228921057156	0.008762535546806277	0.27528317300666016	9.999999999999998	340.00000000000006	19.999999999999996	2.335885158339757	0.0057186370757612995	0.17965628225757913	9.999999999999998
12	44	352.68889086079906	19.99999999999142	2.329421519564262	0.005335023967045914	0.1676047210158973	9.99999999999571	423.99999999999994	19.999999999999996	5.309416212500294	0.01216004166992061	0.3820189757756834	9.999999999999998	340.0000000000006	19.99999999987307	2.0671733485592476	0.004734402625706447	0.14873564507961207	9.999999999936534
13	44	359.9999358849102	19.999999999999996	1.350467699712823	0.0030596576981911953	0.09612198147136913	9.999999999999998	418.0000000000002	19.999999999999996	4.9757194655292105	0.011273130316247926	0.3541558338448486	9.999999999999998	345.79451071837	19.999999999999996	2.0321671133210057	0.004604135110825527	0.144643170403043	9.999999999999998
14	44	357.0512491119775	19.99999999998947	1.8126988426209518	0.004166974681705779	0.1309093704773465	9.999999999994735	423.9999998151155	19.999999999999996	3.7870750359942718	0.008705608136148613	0.2734947456555601	9.999999999999998	340.00000000000006	19.999999999999996	1.8243722853556639	0.004193809222104975	0.1317524024272211	9.999999999999998
15	44	359.9999999999329	19.999999999999996	3.0742969261484934	0.007062317591502224	0.22186925062781343	9.999999999999998	419.64181035716325	19.999999999999996	5.622748264053726	0.012916655395275629	0.4057886969874887	9.999999999999998	340.00000000000006	19.999999999999996	0.6510777128394052	0.0014956647634492895	0.04698769433085403	9.999999999999998
16	44	359.9999999951033	19.999999999999698	2.0858378954607706	0.004466510844991112	0.14031957657803004	9.999999999999849	423.9999999999721	19.999999999999996	5.749266966226259	0.012311197965710608	0.38676769085966045	9.999999999999998	340.00000000000006	19.999999999999996	0.42873815406191756	0.0009180788300693911	0.028842297079623103	9.999999999999998
17	44	359.9999994617578	19.999999999996554	2.0357999868158188	0.004667976839071717	0.14664881744752484	9.999999999998277	418.00000000000006	19.999999999999996	4.729023124980108	0.010843388624522499	0.3406551004281901	9.999999999999998	340.00000000000006	19.999999999999996	1.1500241433656984	0.00263694179210644	0.08284196962025495	9.999999999999998
18	44	359.99999959112	19.999999999999996	2.320681336090433	0.0050958616430523615	0.16009121501523307	9.999999999999998	423.99999999999994	19.999999999999996	4.587103077229926	0.010072577505778047	0.3164393549486611	9.999999999999998	340.00000000000006	19.999999999999996	1.7401468711901813	0.0038210966565165976	0.12004329184769061	9.999999999999998
19	44	359.99999999999994	19.999999999999915	0.3535481887502237	0.000803210934797061	0.025233615720414264	9.999999999999957	423.99999905353866	19.99999999998912	4.169947640664063	0.009473524823737232	0.29761955989837235	9.99999999999456	345.5692943302804	19.999999999999996	3.0491460419437355	0.006927223842780432	0.21762515534251056	9.999999999999998
20	44	359.999999999464	19.999999999999996	1.8228877802795433	0.004095872576236239	0.12867563195543666	9.999999999999998	423.99999999999994	19.999999999999996	5.015836262926453	0.011270154102992135	0.3540623333478495	9.999999999999998	340.00000000000006	19.999999999999996	1.546777135840488	0.0034754756276147423	0.10918528699444847	9.999999999999998
0	45	359.99999999878196	19.999999999645443	1.481101219816826	0.0033496191541783414	0.10523138926903781	9.999999999822721	423.9999999933019	19.99999999999979	3.8385475385251673	0.008681157092597754	0.27272659346763745	9.999999999999895	340.00000000000006	19.999999999999996	1.454377264949062	0.0032891809681159932	0.10333266765760565	9.999999999999998
1	45	359.99999999999994	19.999999999999996	1.6402305181482633	0.0036209476039334525	0.11375542391550895	9.999999999999998	423.99999999995435	19.999999999999996	3.548951275166608	0.00783461011980117	0.24613153596107598	9.999999999999998	340.00000000000006	19.999999999999996	0.8762083499765043	0.0019343040446386335	0.060767953764457525	9.999999999999998
2	45	359.9999999977328	19.999999999999996	1.7002991474125464	0.0039838316317461955	0.12515576187432484	9.999999999999998	423.9999999999613	19.99999999999863	3.7725453478127875	0.008839141930809296	0.2776898335386608	9.999999999999314	340.00000000000006	19.999999999999996	1.0754456143629547	0.002519788510887449	0.07916149074403972	9.999999999999998
3	45	359.9999999987458	19.999999999999996	1.2354584473779873	0.0027389271337140294	0.08604593361993741	9.999999999999998	423.99999999946033	19.99999999999876	3.6671835973620084	0.008129895975411005	0.2554082147079886	9.99999999999938	340.69407830010846	19.999999999999996	1.8879748734501343	0.004185511556165525	0.13149172356364794	9.999999999999998
4	45	359.9999999886527	19.999999999999996	1.1610657938231854	0.002828477843854165	0.08885925215093742	9.999999999999998	423.99999999999994	19.999999999999996	5.282428953397218	0.012868550030415525	0.40427742237906117	9.999999999999998	340.00000000000006	19.999999999999996	2.220718148728799	0.0054099019319492556	0.16995708166053006	9.999999999999998
5	45	348.0001257823125	19.999999964348397	1.845249745077921	0.004141935479157964	0.1301227404977016	9.999999982174199	423.9999999995377	19.999999999999996	3.9614346375868563	0.008892024896658851	0.2793512009088098	9.999999999999998	340.00000000000006	19.999999999999996	1.255607014089194	0.00281839531662746	0.08854250021628705	9.999999999999998
6	45	359.9999999202593	19.99999999999995	2.1099621750055073	0.004648405242398001	0.14603395760425805	9.999999999999975	423.99999999853	19.99999999999992	3.8244445320734237	0.008425538724221002	0.2646961055854891	9.99999999999996	340.00000000000006	19.999999999995488	0.6621988105059122	0.0014588737460458827	0.045831870430917326	9.999999999997744
7	45	359.99999999984027	19.999999999999996	2.6428433998602268	0.005998778838651521	0.18845719530017527	9.999999999999998	423.99999999999994	19.999999999999996	4.311483453477979	0.009786291425851317	0.3074454124934327	9.999999999999998	340.00000000000006	19.999999999999996	1.1578326344853371	0.002628071684768805	0.08256330697977027	9.999999999999998
8	45	359.9999999980995	19.999999999999996	2.780460858457046	0.0063780081591389695	0.2003710357728674	9.999999999999998	419.89188450937246	19.999999999999936	3.6786536873869755	0.008438343291701924	0.26509837293679395	9.999999999999968	340.00000000000006	19.999999999999996	0.5413043317297803	0.0012416802897436442	0.03900853676365878	9.999999999999998
9	45	359.99999999999994	19.999999999999996	1.5109321883213607	0.003419357919713558	0.10742229720566189	9.999999999999998	423.9999999979355	19.999999999999996	3.3502465345624315	0.00758187039067331	0.23819148319809239	9.999999999999998	340.00000000000006	19.999999999999996	1.3997664934596776	0.0031677812427032795	0.09951878280256166	9.999999999999998
10	45	359.99999999999994	19.999999999999996	1.4706968477882747	0.003385899504882414	0.10637117010331908	9.999999999999998	423.99999989196357	19.999999999999996	4.280003667251378	0.009853602609970112	0.3095600557087531	9.999999999999998	340.00000000000006	19.999999999999996	2.039962403537076	0.004696486364611621	0.147544470607485	9.999999999999998
11	45	359.99999999999994	19.999999999999996	1.6894009259232805	0.004001636694317923	0.12571512441204527	9.999999999999998	423.99999999999716	19.999999999999996	3.819369312516731	0.009046833203175857	0.2842146472934948	9.999999999999998	340.00000001282365	19.999999999999996	1.529651555367989	0.0036232428309672907	0.11382753059938723	9.999999999999998
12	45	359.9999999999645	19.999999999999996	1.4251404019792868	0.0032082616794228288	0.10079051322868408	9.999999999999998	423.9999999999908	19.999999999999996	4.828568589806827	0.010870024842202968	0.34149190188603384	9.999999999999998	340.00000000000006	19.999999999999996	1.2042787578652268	0.002711060176833079	0.08517046734978645	9.999999999999998
13	45	359.9999996452836	19.99999999999998	0.6985735121935039	0.0016376518567599245	0.05144835042334658	9.99999999999999	423.9999999999955	19.999999999999996	3.8592539112670154	0.009047171447496517	0.2842252735522239	9.999999999999998	340.00000000000006	19.999999999999996	2.3910626260904175	0.0056053201000291885	0.17609632447270898	9.999999999999998
14	45	359.99999994745673	19.999999999999996	1.083083983978844	0.0024164830023287267	0.07591605247640533	9.999999999999998	418.00000000000006	19.999999999999996	5.268576628449256	0.011754791001842292	0.36928765055871143	9.999999999999998	340.00000000000006	19.999999999999996	1.5689029068258789	0.003500400026894794	0.10996831009118196	9.999999999999998
15	45	359.99999999986164	19.999999999999996	1.8295203037156385	0.004037754582707396	0.12684980134032076	9.999999999999998	423.9999999997538	19.999999999999996	4.546546484394937	0.010034236223328193	0.31523482803592434	9.999999999999998	340.00000000000006	19.999999999999996	1.4442805865938249	0.0031875298379530604	0.10013920322011596	9.999999999999998
16	45	359.999999999496	19.999999999999996	2.2039709728281736	0.004861815403724805	0.15273843555451538	9.999999999999998	418.00000000000006	19.999999999999996	4.013114733753245	0.00885266787540292	0.2781147636203617	9.999999999999998	340.00000000000006	3.469708907717054	7.837962166777328	0.017290030434180835	0.09423422773859035	1.734854453858527
17	45	359.9999999817132	19.999999999999996	2.0982328750735832	0.004740047547711331	0.1489129855355623	9.999999999999998	423.99999999986056	19.999999999999996	4.570794012758364	0.01032572752464815	0.3243922973440454	9.999999999999998	340.00000000000006	19.999999999999275	1.2894510313857324	0.002912955597933543	0.09151319906700951	9.999999999999638
18	45	354.44470188039776	19.999999999999996	2.3488075544152895	0.005349362616981404	0.16805518298896646	9.999999999999998	418.0000265831715	19.999999999999996	3.834705538519131	0.008733465803243438	0.2743699200784726	9.999999999999998	340.00000000000006	19.999999999999996	0.6224105800435945	0.0014175277506410097	0.04453294767673459	9.999999999999998
19	45	359.99999999169086	19.999999999999957	2.1322445376467227	0.00481055826582383	0.15112814507577768	9.999999999999979	423.99999999708945	19.99999999999999	4.427572356884113	0.009989048827602565	0.31381522413145935	9.999999999999995	340.0000000000017	19.999999999999996	2.3921133004181265	0.005396848347804338	0.1695469912200032	9.999999999999998
20	45	359.99999999177135	19.999999999999996	0.9597057402231022	0.0020704791580994164	0.06504602112495905	9.999999999999998	423.9999999997163	19.999999999999996	4.550505056398836	0.009817306996527433	0.30841979538326253	9.999999999999998	340.00000000000006	19.999999999999996	2.162291811922937	0.004664950872623418	0.14655375390791023	9.999999999999998
0	46	359.99999999955315	19.999999999999996	2.5277237176644163	0.005905353274488252	0.18552214463984718	9.999999999999998	423.99999999999994	19.999999999999996	3.926309588194158	0.009172776684914275	0.2881712784634642	9.999999999999998	340.00000000000006	19.999999999948148	1.3123506431461236	0.0030659577680983764	0.09631990400449446	9.999999999974074
1	46	359.99999999895704	19.999999999999996	2.1215592669653027	0.005080640593703804	0.15961303164709953	9.999999999999998	423.99999999999994	19.999999999999996	5.010507718625707	0.011998999654027736	0.3769596916352	9.999999999999998	340.00000000000006	19.999999999999993	1.0535048896286965	0.0025228989787163644	0.07925920897284519	9.999999999999996
2	46	359.99999999966144	19.999999999999996	2.9892072942003614	0.0068754415573524675	0.21599836686764473	9.999999999999998	423.0225407320305	19.999999999999996	4.254144213818451	0.009784908519193985	0.30740196719948	9.999999999999998	340.00000000000006	19.999999999999996	0.6495463875648572	0.001494014227503169	0.046935841214825844	9.999999999999998
3	46	359.9999999762664	19.999999999986738	1.4432343571994652	0.0034473730680346488	0.10830241904713776	9.999999999993369	423.9999999997338	19.999999999998103	3.888537390087064	0.009288331452034015	0.29180153853814306	9.999999999999051	344.27153708482047	19.999999999999996	1.7959819639418269	0.00428996151753428	0.1347731158766861	9.999999999999998
4	46	359.99982807645995	19.999999999999996	1.774577156663432	0.0041152376457296936	0.12928400355600558	9.999999999999998	418.87670386700876	19.999999999999996	4.260325888541259	0.00987967945702965	0.3103792840202634	9.999999999999998	340.00000000000006	19.999999999999996	1.111251183092701	0.002576987247555376	0.0809584420531455	9.999999999999998
5	46	359.9999999954899	19.999999999999993	2.7143454676035432	0.006061858425717708	0.19043889897336136	9.999999999999996	418.00000000000006	19.999999999999986	3.7209832444843034	0.008309949452545562	0.26106476151819646	9.999999999999993	340.00000000000006	19.999999999999996	1.3724999096436419	0.003065158890373533	0.0962948065208293	9.999999999999998
6	46	359.99999999999665	19.999999999999996	0.24326216003658843	0.0005843547860407712	0.01835804702915722	9.999999999999998	423.9999998837292	19.999999999999996	4.039092238914551	0.00970254839764167	0.30481454767130484	9.999999999999998	340.00000000000006	19.999999999999996	3.030312379365776	0.007279297124610956	0.22868586369975077	9.999999999999998
7	46	359.999999999346	19.999999999999996	1.1095487767916286	0.0025441248614417487	0.07992603974520546	9.999999999999998	418.00000000000006	19.999999999999996	5.054533105788913	0.011589723323928209	0.3641018965159113	9.999999999999998	340.00000000000006	19.999999999999996	2.7230731830667114	0.006243833826393715	0.19615582479233937	9.999999999999998
8	46	351.514937060118	19.999999999999996	2.8080468213606125	0.006520292053246402	0.20484101613738798	9.999999999999998	418.00000000000193	19.999999999999996	5.846549168926561	0.013575702440244546	0.42649327053593283	9.999999999999998	340.00000000000006	19.999999999999996	5.784362462549086e-07	1.3431304745617023e-09	4.219568831695615e-08	9.999999999999998
9	46	359.99999999996214	19.999999999999996	2.8318578924582685	0.006688178443677891	0.21011532264556074	9.999999999999998	421.2359364077594	19.999999999999996	5.620411579024142	0.013274082596989223	0.4170176036984546	9.999999999999998	346.17073942865215	1.0000000000005886	9.94654807068931	0.023491393608611483	0.03690019479172175	0.5000000000002943
10	46	359.99999999999994	19.999999999999996	0.9404254339413982	0.002159314492443533	0.06783686546250574	9.999999999999998	423.99999999887507	19.999999999999996	4.015739932357725	0.00922055605991255	0.2896723117983411	9.999999999999998	340.00000000000006	19.999999999999996	1.8819493988707912	0.004321151326156414	0.1357529726130278	9.999999999999998
11	46	359.9999999921732	19.999999999999996	1.4579648112313295	0.003255144279850735	0.10226337355953904	9.999999999999998	423.99999999999994	19.999999999999996	4.2786361418597965	0.009552753163483384	0.3001085915995605	9.999999999999998	340.00000000000006	19.999999999999996	1.6098540114777369	0.003594261697187873	0.11291706142964601	9.999999999999998
12	46	359.99999999999994	19.999999999994788	1.1597547232159777	0.0028181559144454275	0.08853497917490073	9.999999999997394	423.9999999999848	19.999999999999996	3.8875796397761233	0.00944665741419226	0.29677549533405945	9.999999999999998	344.13773411270785	19.999999999999996	3.629757841220724	0.008820161128445685	0.27709353404603215	9.999999999999998
13	46	359.99999988903346	19.99999999999994	1.0903801174678234	0.002526141643985882	0.07936108030673265	9.99999999999997	423.99999999996754	19.999999999999982	4.265819971373156	0.00988285213825938	0.3104789567406982	9.999999999999991	340.00000000000006	19.999999999999996	1.6003830821387695	0.0037076926526409494	0.11648059999305657	9.999999999999998
14	46	359.999999796957	19.99999999999999	1.943562472532967	0.004394392122689209	0.13805390009633267	9.999999999999995	423.9999999991891	19.999999999999996	3.7341248569429526	0.008442851252989372	0.2652399947174279	9.999999999999998	340.00000000000006	19.999999999999996	0.902027238904439	0.0020394823676168346	0.06407222823230964	9.999999999999998
15	46	355.6603417785413	19.99999999999993	1.7453284801633728	0.004049340403018902	0.1272137806200847	9.999999999999964	423.9999712791707	19.999999999999996	3.5244076554156036	0.008176985867123206	0.2568875872866182	9.999999999999998	340.0000000426436	19.999999999999996	1.2605833894001917	0.0029246822635902283	0.09188160313379426	9.999999999999998
16	46	359.99999992485755	19.999999999999996	3.047286156647924	0.00682636181067077	0.21445648115149205	9.999999999999998	423.99999999995543	19.999999999999996	4.147103979360363	0.009290112832963323	0.2918575022705783	9.999999999999998	340.00000000000045	19.99999999999998	1.2223621347108053	0.0027382680084034913	0.08602522658760353	9.99999999999999
17	46	359.9999999004827	19.999999999938563	0.9516372686626859	0.0021525407152531615	0.06762406097571477	9.999999999969281	423.99999999999994	19.999999999999996	3.9892602312132457	0.009023443442367416	0.2834798362862446	9.999999999999998	342.970264441882	19.999999999999996	1.9525294655277359	0.004416492828392675	0.13874821424310432	9.999999999999998
18	46	359.99999999893134	19.999999999999996	2.105700022293656	0.00474991697034843	0.1492230425920811	9.999999999999998	423.9999999999793	19.99999999999998	3.900926078292442	0.008799484628951576	0.2764439626569055	9.99999999999999	340.00000000000006	19.999999999999996	0.6892442250867331	0.0015547574710513836	0.04884414649168871	9.999999999999998
19	46	359.9999999763711	19.999999999999996	1.4695877405205888	0.0033314321984278775	0.10466002920513512	9.999999999999998	423.99999999990683	19.999999999999943	4.306489787153121	0.009762451294021071	0.3066964526632468	9.999999999999972	340.00000000000006	19.999999999999996	0.966488904555669	0.0021909493167923816	0.06883070278022521	9.999999999999998
20	46	359.9999999857581	19.999999999999996	1.0726250430537876	0.0024468245469793253	0.0768692602141342	9.999999999999998	418.00000000000006	19.999999999999996	4.48976947213695	0.010241862453096029	0.3217575984172361	9.999999999999998	340.00000000000006	19.999999999999996	2.267617924828316	0.005172789165768164	0.16250796441746135	9.999999999999998
0	47	359.7580470938393	19.999999999999996	1.5098893986947584	0.003427546710862896	0.1076795556668273	9.999999999999998	423.9999999991032	19.999999999999996	3.952775175190418	0.008973055617329608	0.2818968560765532	9.999999999999998	340.00000000000006	19.999999999999996	1.248678045395652	0.0028345800236245044	0.08905095778231123	9.999999999999998
1	47	352.37135370834176	19.999984140029948	1.3202287068063103	0.0030117550229389863	0.09461699951357436	9.999992070014974	418.00000440578987	19.999999999999996	4.431076019959076	0.010108336071875855	0.31756274343421886	9.999999999999998	344.3807514864453	19.999999999999996	2.1264581931103965	0.004850955831480475	0.15239727203067624	9.999999999999998
2	47	359.99999995502714	19.999999999999996	1.8598682319339521	0.00438733219795858	0.13783210601964632	9.999999999999998	423.99999986034805	19.999999999999996	3.905836597596566	0.009213664909358453	0.2894558199187858	9.999999999999998	340.00000000000006	19.999999999999996	2.1103427455575163	0.004978188517519451	0.15639440474824165	9.999999999999998
3	47	358.96563356443716	19.999999999999996	2.4723570979854057	0.005617030525919926	0.17646421835219647	9.999999999999998	423.9999999983033	19.999999999999996	3.4013858947823064	0.007727722025670927	0.24277354744831814	9.999999999999998	340.00000000000006	19.999999999999996	0.8268366294168893	0.0018785177073198122	0.05901537428954262	9.999999999999998
4	47	359.99999999999994	19.999999995736303	1.0047387182412493	0.002267030692743304	0.07122086968266622	9.999999997868152	423.99999999999994	19.999999999992713	4.373133781731796	0.009867270292930132	0.30998943863242817	9.999999999996357	340.00000000008396	19.999999999999996	2.300801175564385	0.005191386365636124	0.16309221268228657	9.999999999999998
5	47	359.99946104739064	19.999999999999996	1.9687202870778355	0.004431680307862095	0.13922534298238107	9.999999999999998	423.99999999999994	19.999999999999996	3.354199776918947	0.0075504586393381505	0.23720465392578313	9.999999999999998	340.00000000000006	19.999999999999996	1.4824279599493806	0.0033370138160577147	0.10483538089454555	9.999999999999998
6	47	359.99999999999994	19.999999999999996	1.1832659024325105	0.0027763071188522483	0.08722026048695267	9.999999999999998	423.99999982706015	19.999999999999996	4.386977099935467	0.010293202675539204	0.3233704990738476	9.999999999999998	340.00000000000006	19.999999999999996	1.8089085301653227	0.0042442578792529564	0.13333729373401682	9.999999999999998
7	47	359.0686947762016	19.999999999999996	1.8615711811475315	0.004096535630079641	0.12869646240627033	9.999999999999998	423.9999999998815	19.999999999999996	4.3133220152388265	0.009491808585337373	0.2981939612097641	9.999999999999998	340.00000000000006	19.999999999999996	0.9916176589366765	0.0021821336258257876	0.06855374968045551	9.999999999999998
8	47	351.24693956643557	19.999983956469638	1.7678285219461145	0.004079717512184413	0.12816800283655708	9.999991978234819	418.00000000005235	19.999999999999996	3.832572207907876	0.008844642882048512	0.27786265101868857	9.999999999999998	340.0000000000003	19.999999999999996	1.5994867779614612	0.003691225782109934	0.11596327799817804	9.999999999999998
9	47	356.6228590764123	19.99999999988408	1.1957452385786793	0.0028496519802580947	0.08952445726414547	9.99999999994204	423.99999993971846	19.999999999999364	4.037844955314773	0.009622829764779182	0.3023101129577451	9.999999999999682	340.00000000003513	19.999999999846224	1.877160727420482	0.004473573978446182	0.1405414714586893	9.999999999923112
10	47	359.99999996707567	19.999999999999996	0.4917453084662774	0.001113397085637005	0.034978401047655	9.999999999999998	423.99999999999994	19.999999999999996	4.776964785592484	0.01081588086128942	0.3397909185592928	9.999999999999998	340.00000000000006	19.999999999999996	3.053438210321678	0.006913516297996304	0.21719452012258486	9.999999999999998
11	47	359.9999999727359	19.999999999999996	1.410085941359742	0.003193391438417652	0.10032335082969435	9.999999999999998	423.99999999999994	19.999999999999996	4.190315816406992	0.009489718505722135	0.2981282994221176	9.999999999999998	340.00000000000006	19.999999999999996	1.7355432242214657	0.003930447578172577	0.12347865236906759	9.999999999999998
12	47	359.9999999993616	19.999999999999996	1.7249456673124381	0.0038551655579798193	0.12111359795321792	9.999999999999998	423.99999999999994	19.999999999999996	4.526293598690865	0.0101160352570206	0.31780462046911245	9.999999999999998	340.00000000000006	19.99999999988429	1.4300912260631176	0.0031961809255578446	0.10041098515218258	9.999999999942146
13	47	359.99999999385693	19.999999999999996	1.7611193092884339	0.0038910100838033907	0.12223968694320535	9.999999999999998	423.99999999999994	19.999999999999996	4.657021664717829	0.010289205372025234	0.323244920080311	9.999999999999998	340.00000000000006	19.999999999999996	1.2923834137298402	0.0028553868374737506	0.08970462311764525	9.999999999999998
14	47	359.9999996716728	19.999999999999996	1.130924330937785	0.002469767972016949	0.07759004916959807	9.999999999999998	423.99999999999994	19.999999999999996	4.104446007503896	0.008963490319286114	0.2815963533759248	9.999999999999998	340.00000000000006	19.999999999999996	1.8520870996684773	0.004044678565146732	0.12706732466397075	9.999999999999998
15	47	359.99999999999994	19.999999999999996	2.0903379874881236	0.004924494975040128	0.15470757236225915	9.999999999999998	423.9999999999986	19.999999999999996	4.5178734551985285	0.010643372153766947	0.33437139767696406	9.999999999999998	340.00000000000006	19.999999999999996	1.88326623460539	0.004436667737221457	0.13938202769673777	9.999999999999998
16	47	359.9999999999962	19.999999999999996	2.147429020255639	0.004707516388412462	0.14789098902490141	9.999999999999998	423.9999999820705	19.999999999999996	3.9108439725759063	0.008573210997788195	0.2693353668832661	9.999999999999998	340.00000000000006	19.999999999999996	1.1407601357981831	0.002500733194840725	0.07856285033499752	9.999999999999998
17	47	359.99999996129986	19.999999999668706	1.5973129435467197	0.003642881827663846	0.11444450787494924	9.999999999834353	420.06179649716825	19.999999999999286	4.616001627980958	0.010527397599183558	0.3307279495901271	9.999999999999643	340.00000000000097	19.999999999999996	1.1236173154681868	0.0025625567715483618	0.08050509527903109	9.999999999999998
18	47	356.5282875509578	19.999999999999996	2.1035758910025755	0.004519357642658266	0.14197980769120092	9.999999999999998	423.9999999992898	19.999999999999996	4.679597914181368	0.010053726460966248	0.3158471319097287	9.999999999999998	340.00000000000006	19.999999999999996	0.30751293005303126	0.00066066592443643	0.020755432146865975	9.999999999999998
19	47	359.9999999766631	19.999999999999837	2.9377298234063387	0.00707515196756825	0.22227245444343605	9.999999999999918	423.99999997787216	19.999999999999996	3.6233483755349085	0.008726377825523123	0.2741472446911231	9.999999999999998	340.00000000000006	19.999999999999638	1.052336728120496	0.0025344203585995423	0.07962116379684588	9.999999999999819
20	47	359.9999953538348	19.999999999999996	2.206388724681206	0.004995676437180231	0.15694380394757043	9.999999999999998	423.9999999933027	19.999999999999996	3.586366954333111	0.008120205061069837	0.2551037656549965	9.999999999999998	341.9353250703255	1.0000000000018558	9.008093668320832	0.020396007638792176	0.03203797388035486	0.5000000000009279
0	48	359.99999762314	19.99999999999994	0.6446968037690343	0.0014452357091260238	0.045403418864959376	9.99999999999997	423.99999999999693	19.999999999999996	5.57740378123032	0.012503029426738617	0.39279425394659034	9.999999999999998	342.0411033447837	19.999999999956522	2.3863868032681355	0.0053496331976632385	0.1680636835314237	9.999999999978261
1	48	359.9999999995366	19.999999999999996	2.2237103963452527	0.0048697316480493845	0.15298713170465658	9.999999999999998	423.999999999724	19.999999999999996	4.334475136641408	0.009492122169000581	0.2982038127310903	9.999999999999998	340.00000000000006	19.999999999999968	1.3637139352264365	0.0029864144720340995	0.09382097765916553	9.999999999999984
2	48	359.99999970497043	19.999999999994355	2.7037838564216052	0.006535877149199345	0.20533063636684268	9.999999999997177	423.99999999999716	19.999999999999996	4.415109303088701	0.010672677084279191	0.3352920392210763	9.999999999999998	345.3095169951338	19.999999999999996	0.6062745626462214	0.0014655520820309167	0.04604167654361553	9.999999999999998
3	48	359.99999999999994	19.99999998497818	0.7593356012257121	0.0016902792521072635	0.05310168876947009	9.99999999248909	418.0000000000114	19.99999999999977	4.019390739314351	0.00894715427777716	0.2810831414959889	9.999999999999885	340.00000000000006	19.999999999999996	3.438155590436655	0.007653326211296958	0.2404363340093672	9.999999999999998
4	48	353.2111920448522	19.99999999884126	2.036354552116066	0.004804973448249543	0.15095269284840207	9.99999999942063	423.99999999999994	19.999999999999996	4.354976766163864	0.010275984458313686	0.32282957282641156	9.999999999999998	340.88531672615164	19.999999999999996	1.785050898169321	0.004211998426582797	0.13232383313884277	9.999999999999998
5	48	359.99999999999994	19.999999999999996	1.5402101483866784	0.0034855419194934163	0.1095015288805978	9.999999999999998	423.9999999999903	19.999999999999996	3.9663838515265284	0.008976046027081897	0.2819908025696433	9.999999999999998	341.2055668300521	19.999999999999996	1.5307009230499085	0.0034640222563695634	0.10882546872482157	9.999999999999998
6	48	359.99999999999994	19.999999999999996	2.0321346056893064	0.004467462112135464	0.14034946151675512	9.999999999999998	423.9999999998462	19.999999999999996	3.7050375386188428	0.008145186239867604	0.25588857253288727	9.999999999999998	340.00000000000006	19.999999999999996	1.1343549020693926	0.0024937755267403516	0.07834426874509504	9.999999999999998
7	48	359.99999988115104	19.99999999999992	1.8026751605975806	0.004195847440068359	0.13181643493302245	9.99999999999996	423.999999999997	19.999999999999996	5.065518646137004	0.011790334669595611	0.370404287813666	9.999999999999998	340.00000000000006	19.999999999999996	0.7733955521462683	0.0018001300614568032	0.05655275376578835	9.999999999999998
8	48	359.99999999999994	19.999999999999996	2.072674109643105	0.0047820012111176174	0.15023099874304596	9.999999999999998	423.9999999996047	19.999999999999996	4.454902704120102	0.010278195702546657	0.3228990411127875	9.999999999999998	340.33178798904623	19.999999999999996	1.305102755395508	0.003011087429469991	0.09459610147739496	9.999999999999998
9	48	358.301839960313	19.999999999618836	3.196738418371256	0.0074217565041760185	0.2331613570980728	9.999999999809418	423.9999999998129	19.999999999999645	3.798601222171322	0.008819080461949402	0.27705958390677027	9.999999999999822	340.00000000000006	19.999999999999996	0.5976114603646518	0.0013874537614470472	0.04358814544157568	9.999999999999998
10	48	359.99999999999477	19.999999999999986	2.1274481923670083	0.004889227874815697	0.15359962373247418	9.999999999999993	423.9999999993627	19.999999999999993	4.640979134321325	0.010665737775130475	0.33507403439465033	9.999999999999996	340.00000000000006	19.999999999999996	2.2445529628000416	0.005158354009087411	0.16205447059564462	9.999999999999998
11	48	359.99999989371787	19.999999999999996	2.549606014293021	0.005641661521931382	0.17723802391339838	9.999999999999998	423.99999999999994	19.999999999999996	3.7056471316873223	0.008199700941830724	0.25760120240488704	9.999999999999998	340.00000000000006	19.99999993957321	3.129882800960636	0.0069256737187415	0.21757645610220966	9.999999969786606
12	48	350.4828476642055	19.999999999999996	1.3607110928170763	0.003133022451700467	0.09842680317794067	9.999999999999998	423.99999937781496	19.999999999999996	4.750670673343657	0.01093836741597104	0.3436389471628058	9.999999999999998	340.00000000000006	19.999999999999996	2.4066032825084984	0.005541177812275526	0.1740812350727955	9.999999999999998
13	48	359.99999999459897	19.999999999985462	0.7772397995613435	0.0017756212301529085	0.055782786122023933	9.999999999992731	423.99999999999994	19.999999999999996	5.781980540838402	0.013209060326604355	0.41497486882884627	9.999999999999998	346.2855901024924	19.999999999997186	1.952601872156299	0.004460761453793001	0.14013895412650645	9.999999999998593
14	48	356.4542481499095	19.999999999971234	1.8550956266135494	0.004324450300651846	0.1358566129532247	9.999999999985617	423.999999990705	19.999999999999996	3.472835502235531	0.008095595890747789	0.25433064576804965	9.999999999999998	340.00000000001046	19.999999999999996	1.0035544008905704	0.0023394056179055264	0.0734945950297869	9.999999999999998
15	48	348.0000000000193	19.999999999439837	2.6841308743228107	0.006179296301279375	0.19412831863910146	9.999999999719918	423.99999997671426	19.999999999999865	5.219625397241265	0.012016408074503528	0.37750659329397096	9.999999999999932	340.00000000000495	19.999999999999986	0.15207387189059737	0.0003500982471027552	0.01099866081132679	9.999999999999993
16	48	349.6632918608245	19.99999999999999	4.014550446889464	0.00894125111738591	0.2808976882428109	9.999999999999995	423.9999999999955	19.999999999999996	3.859074965590435	0.008594974407382636	0.2700190845602557	9.999999999999998	340.00000000000006	19.999999999999996	3.100666165809361e-11	6.905837947849053e-14	2.1695329763844193e-12	9.999999999999998
17	48	359.99999999999994	19.999999999999996	2.0433361770960112	0.00445328976477253	0.13990422409315995	9.999999999999998	423.99999999999994	19.999999999999996	5.10946471458603	0.011135674673596902	0.34983753747337937	9.999999999999998	340.0000132035807	19.999999999999996	0.817807741080439	0.001782347361010942	0.05599409375497129	9.999999999999998
18	48	359.9999999939184	19.999999999999996	1.001236072886235	0.0022801235106515183	0.07163219270340176	9.999999999999998	418.0000003054343	19.999999999999996	4.984457632967907	0.01135114819027091	0.3566068376436416	9.999999999999998	340.00000000000006	19.999999999999996	3.046140302351603	0.006937001480692958	0.2179323288968651	9.999999999999998
19	48	359.9999999999725	19.99999999999984	2.0402924301331296	0.004515339837252735	0.1418535846117441	9.99999999999992	421.78666158958004	19.999999999991175	4.975469999767153	0.011011136230867934	0.3459250469055584	9.999999999995588	340.0000000000016	19.999999999999996	2.2984455391070435	0.005086654517366753	0.15980196463108723	9.999999999999998
20	48	349.8560907545416	19.99999832222078	2.2619222815669757	0.005156420950705311	0.1619937281860363	9.99999916111039	423.9999999999195	19.999999999999986	5.437980445914194	0.012396763818698638	0.3894558214111137	9.999999999999993	340.00000000000057	19.999999999999996	1.04323441188893	0.0023782230812254943	0.07471408160575693	9.999999999999998
0	49	354.9156411392248	19.999999999999996	2.599576263248432	0.006195521082348274	0.19463803517466016	9.999999999999998	423.9999999898193	19.999999999999996	4.635168980419228	0.011046910815591515	0.34704893863123926	9.999999999999998	340.00000000000006	19.999999999999996	0.1629202598417767	0.00038828478273996456	0.012198326209565813	9.999999999999998
1	49	359.99999994474524	19.999999999999996	3.3046199758743193	0.007717925877030587	0.24246579236229845	9.999999999999998	418.00000000095497	19.999999999999996	5.249853726998178	0.012261011016706895	0.3851910213566989	9.999999999999998	340.00000000000006	19.99999999953355	0.3234977914118888	0.000755527713845368	0.023735603153447422	9.999999999766775
2	49	359.9999999973311	19.999999999999996	1.618404999746108	0.00359587171956005	0.11296764177421148	9.999999999999998	423.9999999999909	19.999999999999996	3.846616413565537	0.008546648817635725	0.2685008913829628	9.999999999999998	340.00000000000006	19.999999999998575	1.7598867428822302	0.003910224554021791	0.12284332732800408	9.999999999999288
3	49	359.9999999935037	19.999999999999996	1.3437843105037501	0.0032478329533269907	0.10203368146258913	9.999999999999998	423.99999999999915	19.999999999999996	4.644442519672088	0.011225293633298416	0.3526530001275857	9.999999999999998	340.00000000000006	19.999999999999996	1.3485090284353323	0.0032592522670318925	0.1023924297830327	9.999999999999998
4	49	353.4370001847921	19.999999999999996	2.7889281899930882	0.006452278034163867	0.2027042927104799	9.999999999999998	423.99999999757426	19.999999999999986	4.519834508724277	0.010456787314688715	0.32850966207976984	9.999999999999993	340.0000000000031	1.0000000000991274	6.920583857515854	0.016011000701867926	0.025150021093297708	0.5000000000495637
5	49	359.99999999999994	19.999999999999996	1.593842286694936	0.003583904148536026	0.11259166944210759	9.999999999999998	418.0000009977299	19.999999999999996	4.928974515264748	0.01108326235333897	0.3481909558705802	9.999999999999998	347.5761670490933	19.999999999999996	1.2321555933819874	0.002770617632388611	0.08704151999818405	9.999999999999998
6	49	359.9999999999722	19.999999999999996	2.6176382203866204	0.005940535911445598	0.18662743977783833	9.999999999999998	423.9999999999638	19.999999999999996	4.045374296524615	0.009180677106782928	0.2884194775364924	9.999999999999998	340.00000000000006	19.999999999999996	0.47671287336770707	0.0010818645302600337	0.03398777660444294	9.999999999999998
7	49	359.9999998939197	19.999999999999996	1.5427235954249963	0.0035078387984561065	0.11020200599206949	9.999999999999998	423.99999999999994	19.999999999999996	5.746862162122243	0.013067192413115481	0.41051795688087866	9.999999999999998	340.00000000000006	19.999999999999996	1.6884079343817529	0.0038390952711226554	0.12060873500190246	9.999999999999998
8	49	359.999997989756	19.999999999938193	2.164958163099282	0.004849699571946524	0.1523578054729768	9.999999999969097	418.00000130375275	19.999999999726253	4.27982850001587	0.009587197941422603	0.30119070620872185	9.999999999863126	340.00000000000006	19.99999969793711	1.413663330280069	0.0031667320711274865	0.09948582060286427	9.999999848968555
9	49	359.99999999999983	19.999999999999996	1.5055111459885935	0.003537974225132471	0.11114873834266209	9.999999999999998	423.99999999976063	19.999999999999996	3.6194815049934306	0.008505836909365176	0.26721874747094543	9.999999999999998	340.00000000000006	19.999999999999996	2.214051786225857	0.005203055569297617	0.16345881152724848	9.999999999999998
10	49	359.99999996409616	19.999999996937987	0.6896503940822625	0.00150851024014078	0.047391246875656864	9.999999998468994	423.9999984163213	19.999999999980542	4.564903937832767	0.009985065468777655	0.3136900832229449	9.999999999990271	342.2813084068296	19.999999971973388	2.4981249269611974	0.00546428605828129	0.17166560913753603	9.999999985986694
11	49	359.99999978777635	19.999999999532257	0.9065547782633702	0.0019630735212680115	0.06167177352727999	9.999999999766128	423.9999999999979	19.999999999999996	4.441316236800121	0.009617323203283687	0.30213711922634684	9.999999999999998	340.00000000000006	19.999999999999996	2.3340609062351954	0.005054226475794933	0.15878320765936388	9.999999999999998
12	49	359.9999999985978	19.999999999999996	2.8303729047547943	0.006436886419545328	0.20222075087635505	9.999999999999998	418.00000000000006	19.999999999999996	4.458293760753745	0.010139134145444212	0.3185302934508895	9.999999999999998	340.00000000000006	19.99999999991745	0.39850361705704807	0.0009062842978976408	0.028471760923272603	9.999999999958725
13	49	357.5982664731389	19.999999999931013	2.362078138419544	0.005291143257732753	0.16622616787527045	9.999999999965507	423.9999999993755	19.999999999999954	4.635383442839909	0.010383432051489616	0.326205138520085	9.999999999999977	340.0000003917702	19.999999999999634	1.1589236352082817	0.002596032230653617	0.08155675784303577	9.999999999999817
14	49	359.9999997980437	19.999999999977412	1.1119626853504962	0.0025496626868074194	0.08010001565997156	9.999999999988706	423.9999999999323	19.999999999999883	4.713330110137531	0.0108073787643653	0.3395238173069216	9.999999999999941	340.00000000000006	19.999999999999996	1.8550434877217925	0.004253501691523502	0.1336276966612199	9.999999999999998
15	49	355.95671400902455	19.999999999999638	2.973481742193974	0.006771038809109999	0.21271845779870968	9.999999999999819	423.9999999694653	19.999999999999996	4.733865660499564	0.010779682165024947	0.33865370297675285	9.999999999999998	340.000000000001	19.99999999999969	0.47568108493805844	0.0010831931607888892	0.03402951676353029	9.999999999999845
16	49	352.5730118111859	3.5487495747319535	9.859807113245246	0.022429671205103197	0.12503112470802807	1.7743747873659768	423.999999999627	19.999999999993378	4.4175474857736745	0.010049297770311185	0.31570800048935455	9.999999999996689	349.99999999999994	19.999999999999996	4.0708619898988205	0.009260637140875024	0.2909314960933375	9.999999999999998
17	49	359.99999969614595	19.999999987241747	1.1271154278427074	0.0025397507247256292	0.07978862213657573	9.999999993620873	423.999999996644	19.999999999999993	4.0093031670650205	0.009034239415644985	0.2838190017896162	9.999999999999996	344.98417581622135	19.9999999990935	1.985136759588582	0.004473146582240006	0.1405280444055855	9.99999999954675
18	49	359.99951699825635	19.9999002940489	3.056022009114507	0.006947322290953752	0.2182554786398808	9.99995014702445	421.0181369490273	19.999999999999915	4.686932084335522	0.010654906165131104	0.33473374933064326	9.999999999999957	341.0279381182076	1.0019822920220978	1.351132418611556	0.0030715591516862683	0.004834357983325465	0.5009911460110489
19	49	359.99999999999994	19.999999999999996	2.1455481976124684	0.0048914113232187	0.15366821878709794	9.999999999999998	421.27167651332206	19.999999999999996	3.4261453172676513	0.007810910991663815	0.24538700589254803	9.999999999999998	340.00000000000006	19.999999999999996	1.9846908318667433	0.0045246894098599924	0.14214731009791687	9.999999999999998
20	49	359.9999999589199	19.999999999999996	1.1844681206472527	0.0026459791766751096	0.08312588742994091	9.999999999999998	423.99999999999994	19.999999999999996	4.828062220749504	0.01078539124616887	0.33883305905055777	9.999999999999998	340.00000000000006	19.999999999999996	1.37599350260972	0.0030738270550971216	0.09656712494698663	9.999999999999998
0	50	359.99952228853846	19.999999999999996	1.7390866955074724	0.004086158706515117	0.1283704617378986	9.999999999999998	423.99999999999994	19.999999999999996	4.5643130649570915	0.010724311569868474	0.3369141844270681	9.999999999999998	349.99999999999994	19.999999999999996	1.3584198753448657	0.0031917438130500335	0.10027158915218656	9.999999999999998
1	50	359.9999941537502	19.999999999785786	1.9236400129448514	0.0042898274934449815	0.13476890538429923	9.999999999892893	420.5152399749569	19.99999999998282	5.416256508253906	0.012078562477543991	0.3794592314534494	9.99999999999141	340.00000000000006	19.999999987754435	1.2053124150422188	0.0026879157750119608	0.08444336447075408	9.999999993877218
2	50	359.99999999651135	19.999999999999996	1.6732667231604386	0.003718995462270698	0.11683568823003398	9.999999999999998	423.9999999990072	19.999999999997517	4.43032749742494	0.009846826947096729	0.3093471919816525	9.999999999998758	340.00000000000006	19.99999999999993	1.507904313873145	0.0033514616786501005	0.10528927388434835	9.999999999999964
3	50	359.999999979295	19.999999999999996	0.8906550584772177	0.002060484905869848	0.06473204243113369	9.999999999999998	423.99999999999994	19.999999999999996	4.29955206534249	0.009946793709100503	0.312487740432833	9.999999999999998	340.00000000000006	19.999999999999996	2.4497362558797176	0.005667339482955834	0.1780447208505342	9.999999999999998
4	50	359.99999999834085	19.999999999999996	2.0443819707000435	0.004665800277075638	0.14658043873578042	9.999999999999998	423.9999999999986	19.999999999999996	4.894433737011139	0.011170344198670074	0.3509267127261126	9.999999999999998	340.00000000000006	19.999999999999996	1.734786775677646	0.003959225200881753	0.12438272804997687	9.999999999999998
5	50	359.9999999998757	19.999999999999996	1.5359038112749652	0.003470007654917619	0.10901350556589536	9.999999999999998	423.99999999986676	19.999999999999996	3.5676795813450255	0.008060319511339644	0.2532224056241109	9.999999999999998	340.00000000000006	19.999999999999996	1.5091392814259994	0.0034095395951508505	0.10711384544249428	9.999999999999998
6	50	359.99999999999994	19.999999999999996	1.1264125810804373	0.00251541153351774	0.07902398394454366	9.999999999999998	423.9999999999263	19.999999999999996	4.236400773636937	0.009460380277702936	0.297206611805973	9.999999999999998	340.00000000000006	19.999999999999996	1.932956978466583	0.004316519860568953	0.13560747083037858	9.999999999999998
7	50	359.9924608791916	19.999999999999996	2.5276939203712416	0.005777733191434	0.1815128414861096	9.999999999999998	420.1749055297769	19.999999999999996	4.075727162528893	0.009316184968595306	0.29267658256822665	9.999999999999998	346.73328597759667	1.000000080052547	4.269346054099635	0.009758753701819396	0.015329015696040659	0.5000000400262735
8	50	357.51890161274486	19.999999998133813	1.92872108782847	0.004482912008872796	0.14083483432450117	9.999999999066906	423.99999999992934	19.999999999973884	4.629190891463604	0.010759593789722875	0.3380226080535961	9.999999999986942	340.0000000001994	19.999999999999996	1.7733372262598466	0.004121754460792439	0.12948873533926483	9.999999999999998
9	50	359.9999999411823	19.999999999979355	2.056373630538992	0.004829112497448779	0.15171104345328082	9.999999999989678	423.99999999999994	19.999999999999787	4.627167222799207	0.01086626998691292	0.34137393962808527	9.999999999999893	340.00000000000006	19.99999999998118	1.1884463296558383	0.00279090382110369	0.08767882941246785	9.99999999999059
10	50	359.99999993723395	19.999999999999996	0.46815871432936423	0.0010801212122916724	0.033933008655220184	9.999999999999998	423.99999999999994	19.999999999999996	4.730377740515248	0.010913780270013862	0.3428665191916877	9.999999999999998	340.00000000000006	19.999999999999996	2.4158824755618915	0.005573848843113257	0.17510762577744574	9.999999999999998
11	50	359.99999999024743	19.999999999999996	2.4076386935468457	0.005425628843330205	0.17045115715311054	9.999999999999998	423.9999999999453	19.99999999999976	4.294307644964976	0.009677249116781585	0.30401974732238973	9.99999999999988	340.00000000000006	19.99999999999828	0.7827536237263636	0.0017639401831736525	0.055415815208297046	9.99999999999914
12	50	359.99999999989916	19.99999999999702	0.7931369295951084	0.0018321915363398754	0.057559994705338915	9.99999999999851	423.9999999999921	19.999999999954188	4.251019975067468	0.009820098558651706	0.3085074948931725	9.999999999977094	340.1926145583557	19.999999999998238	1.8830105782444275	0.0043498618152342464	0.13665493922869468	9.999999999999119
13	50	359.99999995404676	19.999999999999943	2.69185537984821	0.006060103264227744	0.1903837589489335	9.999999999999972	423.999999999852	19.99999999999997	4.378780214930205	0.0098578328065049	0.309692951252322	9.999999999999986	340.00000000000006	19.99999999999398	0.7206647405549463	0.0016224135885402342	0.05096962610840719	9.99999999999699
14	50	354.46840145146297	19.999999999997744	3.890737652924603	0.008460619403781311	0.26579819763735624	9.999999999998872	423.9999999999237	19.999999999997797	4.002999120667705	0.008704738035519514	0.27346741063808744	9.999999999998899	340.00000000000006	19.999999999999996	0.03857549520889601	8.388450016143591e-05	0.002635309294572188	9.999999999999998
15	50	351.7449419802247	8.483603305540704	197.16100310584252	0.48900566493298936	6.51649580412073	4.241801652770352	420.77682187109133	3.8257183855164034	121.99718193502792	0.3025817080067461	1.8183418952529422	1.9128591927582017	340.00000000000006	19.999999999999996	20.702673028591807	0.051347498900693116	1.6131292532662744	9.999999999999998
16	50	351.7108922504552	9.101076128614485	313.3122617634723	0.7166576747777205	10.245292935296858	4.550538064307243	420.1835172060733	4.525137471543104	164.4295829598766	0.37610951427638595	2.6734124988396584	2.262568735771552	340.0000000000816	19.999999999999996	33.62268290726405	0.07690715204213466	2.4161094386408344	9.999999999999998
17	50	352.0052830321783	7.030568070456252	14.182902262552807	0.03310046238944527	0.3655479520014081	3.515284035228126	423.9999999438957	19.999999999999996	5.672837647901785	0.013239430529080196	0.4159289768787076	9.999999999999998	348.07555101354853	19.999999991202245	7.830121974755114	0.018274162306995988	0.5740997402891216	9.999999995601122
18	50	356.3415566890184	19.999999999999996	3.9255715798105264	0.008855430266779003	0.2782015467048961	9.999999999999998	423.9745265420778	19.999999999999996	4.047946059898049	0.009131486543633516	0.286874110418331	9.999999999999998	340.0018548154168	1.490203588690168	4.6858734245283014e-11	1.0570543551740847e-13	2.474359518653882e-13	0.745101794345084
19	50	351.629451180336	19.99999845316875	1.5568343998879723	0.0034718299146649016	0.10907074510854284	9.999999226584375	423.99999976971196	19.99999999996061	3.8265006047664505	0.008533315598028581	0.2680820159347699	9.999999999980306	340.00000011621563	19.999999999999996	0.871854452602921	0.001944285384494605	0.06108152680410256	9.999999999999998
20	50	358.76467807707013	19.999999999999996	2.614872035614339	0.005702184219971823	0.17913940054879118	9.999999999999998	423.9999999990581	19.999999999999996	5.1743573250422195	0.011283587986522408	0.35448437124592835	9.999999999999998	340.00000000000006	19.999999999999996	0.9729581188673233	0.0021217047551603317	0.06665532071898227	9.999999999999998
0	51	359.9999999543439	19.999999999982055	2.08451977466048	0.004596442888598157	0.14440151211452062	9.999999999991028	423.1160548025243	19.999999997040852	4.934271759881267	0.010880250989612716	0.34181316573123005	9.999999998520426	342.16215139542334	19.999999999999996	1.50322313621532	0.003314662388155335	0.10413319007759197	9.999999999999998
1	51	359.99999993058805	19.999999999999996	1.660762627951636	0.0037365839529840492	0.11738824696216195	9.999999999999998	423.99999999999994	19.999999999999996	4.681320807128138	0.010532599850383155	0.3308913831316467	9.999999999999998	340.40164947505446	19.999999999999996	2.176295247577051	0.004896491384251375	0.15382781361129833	9.999999999999998
2	51	359.9999995631991	19.999999999998284	0.3172589347937958	0.0007348995128302532	0.023087549106340432	9.999999999999142	423.9999999998696	19.999999999948805	4.961060532842418	0.011491814946289692	0.36102601411584667	9.999999999974403	342.33657730747007	19.99999999339913	2.2923211278528894	0.0053099392809993415	0.16681666230689723	9.999999996699565
3	51	358.4946796606272	1.0000055501405287	10.878539858079604	0.02532330100837604	0.03977796897837104	0.5000027750702644	423.99999998350967	19.99999999999514	3.3798204006859565	0.007867619228076215	0.24716854768160032	9.99999999999757	340.00000000000006	19.999999999999996	3.6352554853859025	0.008462226557951702	0.26584868787473503	9.999999999999998
4	51	359.9999999999998	19.999999999999996	1.658664471749058	0.003647328182260882	0.11458419422621799	9.999999999999998	423.99999999999994	19.999999999999996	4.90189892620971	0.010779054115330415	0.3386339722136885	9.999999999999998	340.00000000000006	19.999999999999815	0.954701998779382	0.00209934653157245	0.0659529164092716	9.999999999999908
5	51	359.99999999999994	19.999999999999996	0.034222622544668305	7.88049546190381e-05	0.002475730664976471	9.999999999999998	423.9999999999928	19.999999999999996	5.365264352820037	0.0123546760126657	0.38813359398872593	9.999999999999998	340.00000000000006	19.999999999999996	3.1966068216182952	0.007360875256819947	0.2312487163081642	9.999999999999998
6	51	359.9999999946548	19.99999999999974	1.1162509364570747	0.0025924146909078664	0.08144310948014301	9.99999999999987	423.9999999998626	19.999999999999996	5.15649282210718	0.01197559375674098	0.37622437368553246	9.999999999999998	340.00000000000006	19.999999999999996	1.6181547199903148	0.003758051107736842	0.11806265751881044	9.999999999999998
7	51	359.99999999999994	19.999999999999996	1.3050757733286782	0.0029052470833899223	0.0912710289404095	9.999999999999998	423.9999999999948	19.999999999999996	3.9402331299015065	0.008771407026678233	0.2755618787665822	9.999999999999998	340.00000000000006	19.999999999999996	1.7652325098079495	0.003929608307373767	0.12345228589930846	9.999999999999998
8	51	359.99999999961216	19.999999999999996	2.5046630152390668	0.005760117967737612	0.18095944291255045	9.999999999999998	423.99999999999994	19.999999999999996	3.9325107329866547	0.009043821701194147	0.2841200381684747	9.999999999999998	340.00000000000006	19.999999999999996	1.1828815513794828	0.002720340914666302	0.0854620303277539	9.999999999999998
9	51	359.9999999909472	19.999999999999954	1.5068070700111595	0.003476171532150734	0.10920714948022697	9.999999999999977	423.99999999999994	19.999999999999996	5.0246786123008	0.011591825587968164	0.3641679410885496	9.999999999999998	340.00000000000006	19.999999999999996	1.318819140989894	0.0030424874193951067	0.09558256125411033	9.999999999999998
10	51	359.99999999999994	19.999999999999996	2.468702064496101	0.005562799361839847	0.1747604960855005	9.999999999999998	423.99999990698507	19.999999999999996	4.3170540461204	0.009727745538094527	0.3056061391846865	9.999999999999998	340.00000000000006	19.999999999999996	1.0731318528301876	0.002418119736661001	0.07596747200194684	9.999999999999998
11	51	359.99999999532855	19.999999999999996	1.0918792456324034	0.002476653396096723	0.07780636114665675	9.999999999999998	423.9999999999996	19.999999999999996	3.7881128336730807	0.008592381027336192	0.26993761112323694	9.999999999999998	340.00000000000006	19.999999999999996	2.0040258022510913	0.004545628400635048	0.14280512789384184	9.999999999999998
12	51	355.17272331600054	19.999999999999222	1.2210989447523835	0.002767868169508042	0.08695514307431154	9.999999999999611	418.00000000000006	19.999999999999996	4.644646796798704	0.010528033033452122	0.33074791234643847	9.999999999999998	340.00000000002575	19.999999999999996	1.6251096668601428	0.003683640329223393	0.11572497396755296	9.999999999999998
13	51	359.9999999419642	19.999999999999996	2.884619210551557	0.006841152443843052	0.21492114259665188	9.999999999999998	423.99999999999994	19.999999999999996	5.630732475317777	0.013353824689665453	0.4195227754237898	9.999999999999998	349.9999999922106	19.999999999999996	2.8012911971574908	0.0066435320298951035	0.20871271419006937	9.999999999999998
14	51	352.09129911749886	8.070628054676119	98.24203947769418	0.2334925448473433	2.960058051597286	4.035314027338059	420.05655002504574	4.8975018230625444	40.629867236218786	0.09656529066610417	0.7428746445040396	2.4487509115312722	343.3433852360486	4.223741353705886	15.862410324192222	0.037700301965426425	0.2501278335518435	2.111870676852943
15	51	353.322441590205	5.134431781655404	237.98612232887746	0.5191095080143985	4.1866942746630205	2.567215890827702	420.1741705747278	4.254641655147803	334.12604418628996	0.7288156330924671	4.870802771246181	2.1273208275739015	349.28738369761373	10.179231751183638	347.3535142980167	0.7576681789248862	12.114735228990872	5.089615875591819
16	51	351.63399637815394	8.478425235919461	129.2803255051965	0.31351781722637057	4.175392422382459	4.239212617959731	420.13596451205916	5.813513357684457	50.26821755953947	0.12190549322598702	1.1132221209667172	2.9067566788422283	340.00000000014546	19.999999999761606	8.679867410057591	0.021049553159627393	0.66129121566845	9.999999999880803
17	51	351.41814945047173	6.763289906874001	6.885085770175496	0.017199057218685296	0.18271850034170595	3.3816449534370006	423.9999999999993	19.999999999999996	5.271790976428498	0.013169020354300023	0.413716976000434	9.999999999999998	349.99999978825656	19.999999999759797	4.92755202035767	0.012309105794047311	0.3867019633437416	9.999999999879899
18	51	359.99999995831047	19.999999999999996	1.443149219152343	0.0032497007396826943	0.10209235970152467	9.999999999999998	423.99999999999994	19.999999999999996	3.570800741573057	0.008040771984733009	0.25260830196427836	9.999999999999998	342.6731839865263	19.999999999999996	1.804526790676512	0.0040634550943270545	0.12765720672529893	9.999999999999998
19	51	359.9999998723593	19.999999999981398	1.5828553776033008	0.0035854826849331272	0.11264126062548842	9.999999999990699	423.99999999583684	19.99999999985738	4.971730663379818	0.011261960163847035	0.3538049131551045	9.99999999992869	340.00000000000006	19.999999993769638	1.4264943578851632	0.0032312938331084244	0.10151408964521082	9.999999996884819
20	51	359.99999999999807	19.999999999999996	2.648941427428151	0.005865877613497935	0.18428198017421937	9.999999999999998	423.9999999995676	19.999999999999996	3.8282083993510048	0.008477273871381932	0.26632141316802177	9.999999999999998	340.00000000000006	19.999999999999996	0.6279527359329031	0.001390553168863341	0.04368551619727078	9.999999999999998
0	52	359.9999999999995	19.999999999999996	1.1108271677748465	0.002542969681077627	0.0798897486837505	9.999999999999998	423.9999999999967	19.999999999999996	4.869115836446226	0.011146661069282915	0.35018268527314544	9.999999999999998	340.00000000000006	19.999999999999932	2.5521998611569097	0.005842643261933653	0.1835520514923661	9.999999999999966
1	52	359.9999951931901	19.999999999999996	1.656423701692466	0.0037206385691164437	0.11688730795399056	9.999999999999998	423.99999999999994	19.999999999999996	4.106529430003767	0.009224035955820007	0.2897816359525223	9.999999999999998	340.00000000000006	19.999999999999996	1.5546521888397165	0.0034920406472378953	0.10970569243399515	9.999999999999998
2	52	359.9999988870835	19.999999999999705	1.5133913786845468	0.0034381423399327525	0.10801242717128598	9.999999999999853	423.526983203397	19.999999999999737	4.615855620903805	0.010486361207528664	0.3294387533246061	9.999999999999869	340.00000000000006	19.999999999980197	0.8917862658150725	0.0020259717095351738	0.06364777839050154	9.999999999990099
3	52	354.97095098801225	19.999999999999996	3.0575392559292043	0.006731197589866535	0.21146680898186024	9.999999999999998	423.99999999999994	19.999999999999996	3.88619409189955	0.008555487964519371	0.2687785813720994	9.999999999999998	340.0000008769908	19.99999999943643	0.28708061468771273	0.0006320103128475022	0.019855189557787506	9.999999999718215
4	52	359.9999999975905	19.99999999999999	1.7731921949299116	0.004191179320751889	0.13166978163951587	9.999999999999995	423.99999999999994	19.999999999999996	4.0948334267825865	0.00967869203875733	0.3040650780531804	9.999999999999998	340.00000000000006	19.999999999999996	1.8493068661046954	0.004371086629584925	0.13732173643708565	9.999999999999998
5	52	352.4875372533191	19.999999999999996	3.5973186967085313	0.008754597090955036	0.2750337790608291	9.999999999999998	423.9999995843189	19.999999999999996	4.281736850857141	0.010420227991766966	0.32736111707665816	9.999999999999998	340.00000000000006	19.999999999999982	0.0004765457546462714	1.1597432502020126e-06	3.643440874884989e-05	9.999999999999991
6	52	359.9999994020367	19.999999999999996	1.5022100009263326	0.003329511195604947	0.10459967912157468	9.999999999999998	423.99999999999994	19.999999999999996	4.289581445902435	0.00950746529432259	0.29868583122903763	9.999999999999998	340.00000000000006	19.999999999999996	0.8115029275019645	0.001798622083941565	0.05650537925495184	9.999999999999998
7	52	359.9999999998437	19.999999999999897	1.9743421826343202	0.00461587422603579	0.14501196558408433	9.999999999999948	423.9999999999777	19.99999999999576	3.6448569806980293	0.008521421232231643	0.2677083434131734	9.99999999999788	340.00000000000006	19.999999999999996	0.8087924045883352	0.001890900193183114	0.059404381555755906	9.999999999999998
8	52	359.9999998850328	19.99999999987134	3.835069811215401	0.008919842056247164	0.2802251027490709	9.99999999993567	423.99999981765524	19.99999999809858	3.4544510225912783	0.008034575386983758	0.25241363008061823	9.99999999904929	340.00000000000006	19.999999999999893	0.21510127469377543	0.0005002958201060366	0.01571725673066797	9.999999999999947
9	52	348.663721351537	19.999999999999996	2.020558486092025	0.004747865028816017	0.14915857894764287	9.999999999999998	423.99999999999994	19.999999999999996	4.906148505236048	0.011528362615843285	0.36217419301852466	9.999999999999998	340.0000000000001	19.999999999988066	1.480741611784627	0.003479414906173966	0.10930904308020428	9.999999999994033
10	52	359.99999999999994	19.999999999999996	0.8087194765790179	0.0018625064675062532	0.0585123663558112	9.999999999999998	423.9999999999987	19.999999999999996	4.90519891643149	0.011296827850498372	0.3549003138399425	9.999999999999998	340.00000000000006	19.999999999999996	1.4360049118749219	0.003307164614176896	0.10389764056110257	9.999999999999998
11	52	359.9999999815122	19.999999999999996	1.4416409679280258	0.0033840060991043447	0.1063116870064926	9.999999999999998	423.9999999999064	19.999999999999996	4.211669875110584	0.009886176143615113	0.310583383448759	9.999999999999998	340.00000000000006	19.999999999831992	1.000858336295787	0.0023493441083546284	0.07380682191499363	9.999999999915996
12	52	359.9999999998933	19.999999999999996	1.4753794555836617	0.003283441687116404	0.10315236282735368	9.999999999999998	418.00000000000006	19.999999999999996	5.441818052185077	0.012110709674467113	0.38046916543064707	9.999999999999998	340.00000000000006	19.999999999999996	2.60536856375613	0.005798220735800656	0.18215647667483342	9.999999999999998
13	52	351.6995447402655	10.405953065386322	18.002765290306755	0.04382545530772344	0.7163548020277908	5.202976532693161	422.79052742853395	19.999999999990195	5.1456038409924645	0.012526321791579767	0.3935260051690944	9.999999999995097	348.74792735574005	19.999999999999975	1.4937768734249375	0.0036364108819017978	0.11424121712016655	9.999999999999988
14	52	353.4700767283091	4.9811837621206605	173.5753750443324	0.3875629138063504	3.0324570125630452	2.4905918810603302	419.82494194646586	4.018696739503458	258.5015741657075	0.5771879984796338	3.643530452948824	2.009348369751729	349.06975156354895	10.38020385669455	272.08220175358383	0.6075111223555405	9.905581901434736	5.190101928347275
15	52	353.5561917713936	4.6202046974656135	58.26198526513663	0.13836413380259838	1.0041639432248324	2.3101023487328067	420.2609258236212	4.309321500487812	53.6871777864887	0.12749960058739493	0.8630532603024887	2.154660750243906	349.4022524347111	9.761414226520788	99.06498218971639	0.23526559193739136	3.607372871263074	4.880707113260394
16	52	353.0928104112556	6.298910694108708	17.724537489478728	0.04052096950302445	0.40092686281016154	3.149455347054354	423.99999999999994	19.999999999999996	4.672254629506603	0.01068147969812948	0.3355685814911209	9.999999999999998	345.38982811150703	3.5993466624315036	14.662100649369863	0.03351977638999393	0.18951546984800938	1.7996733312157518
17	52	359.99999897919014	19.999999999999996	1.110138862024097	0.0025775784768541183	0.08097701606936065	9.999999999999998	418.00000000000006	19.999999999999996	4.849986811438371	0.011260953062571485	0.3537732741379405	9.999999999999998	341.042511382381	19.999999999999996	1.1764527194323402	0.002731549459602176	0.08581415715203364	9.999999999999998
18	52	359.99999999999994	19.999999999999996	2.0911192115140467	0.004830292982353642	0.1517481294804853	9.999999999999998	423.99999999999415	19.999999999999996	6.091187291375324	0.014070082215173738	0.4420246692259421	9.999999999999998	340.00000000000006	19.999999999999996	1.0168270192019397	0.0023487768598149618	0.07378900127716385	9.999999999999998
19	52	359.9999997104063	19.999999999999996	1.6285377814592312	0.003693312500016851	0.1160288341746429	9.999999999999998	423.99999999990564	19.999999999995985	5.668495899234781	0.012855413610471508	0.4038647295750742	9.999999999997993	340.00000000000006	19.999999996066283	1.1258415335245735	0.002553262599212557	0.08021311022794071	9.999999998033141
20	52	354.92745657279625	19.999999996361634	2.2466045025823216	0.005100991971820746	0.16025238901777283	9.999999998180817	423.99999998060485	19.999999999999986	5.647842240453127	0.012823617994865939	0.4028658408511268	9.999999999999993	340.000000000077	19.999999999999996	0.7182761591153767	0.0016308704611721133	0.05123530659774908	9.999999999999998
0	53	359.9999998512045	19.999999999999993	1.2731286100875654	0.002986491165230234	0.0938233870469812	9.999999999999996	423.99999999999994	19.999999999999996	4.082774325616521	0.009577327346562357	0.3008806123298492	9.999999999999998	340.00000000000006	19.999999999999996	2.0382276773325225	0.004781252186817674	0.15020746745066535	9.999999999999998
1	53	359.99999999999994	19.999999999999996	1.7809469371115145	0.004079685580921431	0.12816710249978971	9.999999999999998	423.9999999989225	19.999999999999996	5.410598123592477	0.012394271097588932	0.38937751026785683	9.999999999999998	340.00000000000006	19.999999999999996	1.4287996336171698	0.003273007826245417	0.10282457342074497	9.999999999999998
2	53	359.9999999813144	19.999999999999993	2.217951476425219	0.005257780449238882	0.16517804433516908	9.999999999999996	423.99999999867487	19.999999999999996	3.8293794182510106	0.009077762273883891	0.285186312706682	9.999999999999998	340.00000000000006	19.999999999999996	1.3954283327661916	0.0033079424344112617	0.10392207650444353	9.999999999999998
3	53	359.99999999999994	19.999999999999996	1.5638546956090262	0.0036774157570369052	0.11552942326502487	9.999999999999998	423.9999999999846	19.999999999999996	4.30245375423842	0.010117251477508454	0.3178428291626103	9.999999999999998	340.00000000000006	19.999999999999996	1.1764752547594362	0.002766490168021328	0.08691185188084195	9.999999999999998
4	53	359.79785277952226	19.999999955736733	2.125469296705564	0.004971717407095049	0.15619110847286657	9.999999977868367	423.99999999988853	19.999999999999996	4.7433000282580835	0.011095124899765588	0.3485636287576475	9.999999999999998	348.56484509245416	1.00053154571688	2.585969098697706	0.006048879464941191	0.009506608157024459	0.50026577285844
5	53	354.46924896480874	19.999999999999996	1.5092034951582145	0.0035145321616238613	0.11041228419762576	9.999999999999998	423.9999999999998	19.999999999999996	3.8420333677679106	0.008947070345630762	0.28108050468984686	9.999999999999998	340.0000250394051	19.999999999999968	1.0794257980055795	0.0025136946047023354	0.07897004503501144	9.999999999999984
6	53	359.9999913359841	19.99999999999998	0.5425308068064588	0.0012939904827973523	0.040651909945712675	9.99999999999999	423.9999999999761	19.999999999999947	6.325225004438785	0.015086297136699647	0.47395000254528213	9.999999999999973	340.0000000000009	19.999999999999996	2.229761305204385	0.005318204739060225	0.16707632938518022	9.999999999999998
7	53	359.99999999805226	19.999999999999996	2.479383010201716	0.005482317876233622	0.17223209564619538	9.999999999999998	418.00000000000006	19.999999999999996	4.253641869222824	0.009405491915845164	0.29548224306217347	9.999999999999998	340.00000000000006	19.999999999999996	0.9153113571598577	0.002023901831637094	0.06358275125858019	9.999999999999998
8	53	354.4448695992615	19.999999999999996	2.105659557550303	0.004840849693740469	0.15207977834987454	9.999999999999998	423.9999999996648	19.999999999999904	4.239594325817116	0.009746703269350952	0.30620171387712425	9.999999999999952	340.00000000000006	19.999999999999996	1.2772564263397552	0.0029363751410356573	0.09224894571261312	9.999999999999998
9	53	359.9999987520716	19.999999999999996	1.4176280273746118	0.0031527711337103175	0.09904722632114295	9.999999999999998	423.99999999999994	19.999999999999996	5.1312600470114695	0.011411800728671552	0.3585122933342519	9.999999999999998	342.4752154542714	19.999999999999996	1.2761143643585593	0.002838048101174844	0.0891599106518535	9.999999999999998
10	53	359.99999999890457	19.999999971159255	1.2509663627984497	0.002895318039347556	0.09095909869103645	9.999999985579628	423.99999999999994	19.999999999999996	4.885962314700283	0.011308389457953217	0.35526353245038084	9.999999999999998	346.5169590905701	19.99999999999674	1.5707587026345255	0.0036354662622792157	0.11421154101948065	9.99999999999837
11	53	359.9999998825049	19.99999999999999	1.0891735850253321	0.0025562857848794736	0.08030808642253368	9.999999999999995	423.99999999999994	19.999999999999826	4.447198323854092	0.010437555605559083	0.32790548011859094	9.999999999999913	340.00000000000006	19.999999999999996	1.8515632854295296	0.004345611178440541	0.13652140153546485	9.999999999999998
12	53	358.0420886886174	19.99993940062205	2.911827871211742	0.00683562455154187	0.21474682806003825	9.999969700311025	423.99999969211615	19.99999999998873	3.8095625893476295	0.008943090291784092	0.2809554676104327	9.999999999994365	342.62011634912693	19.999999999999996	1.8449286332658172	0.004331038790471603	0.13606359646558008	9.999999999999998
13	53	350.8226426766175	9.417464947287325	329.43616947491904	0.7814876539069233	11.560483834857772	4.708732473643662	419.5105166538579	4.00080516218819	322.6257725146077	0.7653320473407969	4.809691025463725	2.000402581094095	340.0000000000012	19.999999999999993	37.55980606668276	0.08909927762648305	2.7991363603151647	9.999999999999996
14	53	351.3228518291801	8.667397395244636	179.22871330222762	0.47055984106760124	6.406538593056976	4.333698697622318	419.7940164578082	4.363525858274797	96.0384358987416	0.2521461561613028	1.728262803372627	2.1817629291373986	340.00000004956684	19.999999999999996	24.479825894956665	0.06427108006443623	2.019135529687142	9.999999999999998
15	53	350.46681966475654	7.515981016001068	25.27206026345706	0.05849801440258717	0.6906319671606724	3.757990508000534	420.28486474059815	19.999999934988143	4.251202545452643	0.009840389154650787	0.30914494176225155	9.999999967494071	347.6967046366466	19.999999999999996	6.076567948803873	0.014065618540069231	0.4418844387367788	9.999999999999998
16	53	359.99999996765604	19.99999999999937	1.8722442863235425	0.004326303160291873	0.13591482225574825	9.999999999999686	420.6504770664238	19.999999999984837	5.3710219751236625	0.0124111311300106	0.38990718380751327	9.999999999992419	340.00000000000006	19.999999999999996	0.9383367094753018	0.0021682689066139034	0.0681181766802541	9.999999999999998
17	53	359.9999999422804	19.999999999999996	1.5328547664365912	0.0035148519466961224	0.11042233054196318	9.999999999999998	423.99999999999994	19.999999999999996	3.9124866077487015	0.008971372546687315	0.2818439808529002	9.999999999999998	340.00000000000006	19.999999999999943	1.718187422363094	0.003939821657286495	0.12377314774985182	9.999999999999972
18	53	359.99999999031604	19.99999999970464	1.6824052241325034	0.003932702251964956	0.12354948503346681	9.99999999985232	423.99999999450944	19.999999999999996	3.472798276456698	0.008117831189857047	0.25502918829136983	9.999999999999998	340.00000000020486	19.999999999999996	1.340940365764257	0.0031345119003128295	0.09847359558612565	9.999999999999998
19	53	359.99999999589386	19.999999999999996	1.4622410438082774	0.0032977172649164034	0.10360084333077596	9.999999999999998	423.99999999999994	19.999999999999996	3.3544010470017422	0.00756500871931597	0.23766175816945775	9.999999999999998	340.00000000000006	19.999999999996383	2.3477049601065456	0.0052946586424011885	0.16633660694230273	9.999999999998192
20	53	359.99999999711423	19.999999997017834	1.0993283192326204	0.00242857492078264	0.0762959312868552	9.999999998508917	423.9999999999779	19.999999999999996	4.704234176016337	0.010392332246418183	0.3264847463901167	9.999999999999998	345.6718504898446	19.99999999999987	2.0506720310029616	0.0045302304853936624	0.1423213881198116	9.999999999999934
0	54	357.67380300388913	19.999999808536877	2.6879112590113907	0.006123975010469701	0.19239034719480805	9.999999904268439	423.9999999554616	19.99999999999917	4.862325933442089	0.011078030351385172	0.3480265876815496	9.999999999999584	340.00000000000006	19.999999999999996	0.9416483093568141	0.0021453947543168257	0.06739956399211817	9.999999999999998
1	54	359.999999997066	19.999999999999996	2.018921441565969	0.004584456958931949	0.1440249630287921	9.999999999999998	423.9999999999365	19.999999999999364	3.8318766281057446	0.008701216952682536	0.2733567925583755	9.999999999999682	340.00000000000006	19.999999999999996	1.1251237859666754	0.0025548698745969725	0.08026360428911723	9.999999999999998
2	54	351.4828149782372	19.999999822568988	0.5220100332045902	0.001157555951496983	0.036365692410800565	9.999999911284494	418.00000000013915	19.999999999999996	4.549259680482581	0.010087972037089131	0.3169229884133847	9.999999999999998	340.00000000000006	19.999999999999996	1.8084089821595108	0.004010142424252806	0.12598233979881376	9.999999999999998
3	54	359.9999999936225	19.999999999999993	2.6286518300866115	0.006480133073755296	0.20357938458793876	9.999999999999996	423.99999999999625	19.999999999999986	4.219996875434915	0.010403105124328607	0.3268231863311306	9.999999999999993	340.00000000000006	19.999999999999996	0.2659585557376572	0.0006556390669763967	0.020597508762195137	9.999999999999998
4	54	355.5326504573208	19.999999999999996	2.3787980778924203	0.005395273743357786	0.1694975235623872	9.999999999999998	418.0000102072762	19.999999999984247	3.3890251431362284	0.007686536549811845	0.2414796675641931	9.999999999992124	340.00000000000006	19.999999999998806	0.5447716967864566	0.00123557878203791	0.03881685224581491	9.999999999999403
5	54	359.99999999776816	19.999999999999996	2.743972612763937	0.006498401684122544	0.2041533099091492	9.999999999999998	423.99999999912103	19.99999999998087	4.714892332670443	0.011166024082222852	0.35079099226484467	9.999999999990434	340.00000000000006	19.999999999999996	0.7578576983879193	0.0017947933301595874	0.05638509540741319	9.999999999999998
6	54	359.99999999999994	19.999999999999996	2.2983920881783617	0.005245147150386908	0.16478115754652944	9.999999999999998	423.9999999623761	19.999999999999996	4.186939423039983	0.009554989984762133	0.3001788634125276	9.999999999999998	340.00000000000006	19.999999999999996	0.8315938651594464	0.0018977754990347907	0.059620375659304004	9.999999999999998
7	54	358.916996908355	19.999999999999996	3.3063480424572944	0.007498894420291361	0.23558471620832824	9.999999999999998	423.99999999999994	19.999999999999996	4.807581433453476	0.01090373582075374	0.34255096351163816	9.999999999999998	340.00000000000006	19.999999999999996	0.5049019367564836	0.0011451324142885966	0.035975395801165974	9.999999999999998
8	54	359.99999999999994	19.999999999999996	2.26155144110111	0.005276202574035405	0.1657567924544118	9.999999999999998	423.9999950481928	19.999999999999996	4.327888143479034	0.010096968898325617	0.31720563314504374	9.999999999999998	340.00000000000006	19.999999999999996	0.9627009096395522	0.0022459825256034667	0.07055962202526898	9.999999999999998
9	54	359.99999998597036	19.99999999999919	1.4597208034648432	0.003450328511283674	0.1083952670351976	9.999999999999595	423.99999999999994	19.999999999217874	4.236540345616612	0.01001387108342095	0.31459503828440255	9.999999999608937	340.00000000000006	19.999999999999996	1.1859298457372385	0.002803171366344094	0.08806422571259867	9.999999999999998
10	54	359.9999999979001	19.99999999999982	0.7866014705721769	0.0017535670010844103	0.05508993208184218	9.99999999999991	423.99999999999835	19.999999999999996	4.322608436453259	0.009636370889644797	0.30273551994174625	9.999999999999998	340.00000000000006	19.999999999999996	2.395646372172941	0.005340603319053398	0.16778000152875416	9.999999999999998
11	54	351.3742850942311	19.999999999998956	3.7862597461229957	0.008903091774153953	0.27969887711916314	9.999999999999478	423.99999091980715	19.99999999999999	4.022168865544683	0.00945781349992086	0.29712597410373726	9.999999999999995	340.00000000000006	19.999999999999996	0.04135149558215344	9.723478705955488e-05	0.0030547209269966543	9.999999999999998
12	54	351.1185266683982	10.202424221089741	121.27492504729082	0.31606896488469144	5.065299261569949	5.1012121105448704	420.58961287809814	4.455850319072226	67.93538971935523	0.17705447601193455	1.2392455868860774	2.227925159536113	340.0000001084438	19.999999999999996	8.321081872375755	0.021686558314482567	0.6813033228242507	9.999999999999998
13	54	352.5365233849056	6.082784821771638	170.92405392450974	0.4345381435239994	4.151932030132479	3.041392410885819	420.436507089983	3.86849031398697	99.46466247919513	0.2528678017374881	1.5365791076558526	1.934245156993485	347.0530767881757	12.919109349452762	78.94099929093647	0.2006907424215616	4.072675338255082	6.459554674726381
14	54	351.7612818562063	5.847284611329297	51.948672938218344	0.12355511903005165	1.134840571269964	2.9236423056646483	419.94707228009185	3.789361941389136	27.416537697258292	0.06520770189077373	0.3881368354479485	1.894680970694568	345.8917962190978	13.046144623612356	13.431779229915184	0.03194624593223465	0.6546691804174392	6.523072311806178
15	54	354.5893306456183	19.999999999999996	3.6903107379135776	0.008385150162538069	0.2634272614987685	9.999999999999998	418.0000000010528	19.999999999999975	4.619035976775695	0.010495406219728737	0.3297229107634038	9.999999999999988	340.00000000000006	19.999999999999996	0.012364467281722143	2.809463001905534e-05	0.000882618832731875	9.999999999999998
16	54	355.68186347664243	19.99999999999991	2.54195321888168	0.005879866987604363	0.1847214693234293	9.999999999999956	423.9999999994798	19.999999999999996	4.491315640127783	0.010388994717580495	0.32637989482934043	9.999999999999998	340.00000000000006	19.999999999999996	0.7359677386627177	0.0017023886900674613	0.05348211802270286	9.999999999999998
17	54	359.99999999999994	19.999999999999996	1.1928037940223015	0.0027401648212432472	0.08608481672042972	9.999999999999998	423.99999999944606	19.999999999999996	4.055979309264484	0.009317585905271885	0.2927205942919395	9.999999999999998	340.00000000000006	19.999999999999996	2.4468533640562837	0.005621026311727482	0.17658974966557983	9.999999999999998
18	54	353.5649178930098	19.999999999260165	2.3490233703256442	0.005511958746750957	0.1731632910504225	9.999999999630083	423.9999999979734	19.99999999999995	3.6719374258957007	0.008616162728675705	0.27068473530541715	9.999999999999975	340.00000000000006	19.999999999999915	0.5488427071459668	0.0012878536665321912	0.04045911617676194	9.999999999999957
19	54	359.99999999999994	19.999999999999996	0.42815080306536163	0.0009624589671355542	0.030236540205346763	9.999999999999998	423.7416636889571	19.999999999999996	4.940177078706992	0.011105240710977283	0.3488814263395251	9.999999999999998	340.00000000000006	19.999999999999996	2.3005461154812354	0.005171498505436095	0.16246741712728627	9.999999999999998
20	54	350.23710332925486	19.999996177089052	1.6757951423201127	0.0036575340480836474	0.11490479899359635	9.999998088544526	423.9999999999999	19.99999999999998	5.618621775041486	0.012263014688696876	0.3852539685687379	9.99999999999999	340.00000000000006	19.999999999999996	1.365489769183631	0.0029802719896803403	0.0936280058847919	9.999999999999998
0	55	359.99999999976524	19.999999999999993	2.4030799069673257	0.005708096329728491	0.17932513495457883	9.999999999999996	423.9999999999567	19.999999999999034	3.9746621036840777	0.009441115170648584	0.29660138061803304	9.999999999999517	340.00000000000006	19.999999999999996	0.45725334576311577	0.0010861254081227696	0.03412163603035708	9.999999999999998
1	55	359.99999999994867	19.999999999999996	1.3505010314791852	0.003077978377121742	0.09669754257473896	9.999999999999998	423.9999999942472	19.999999999999996	4.973731663847161	0.011335821415967026	0.35612533282807846	9.999999999999998	340.00000000000006	19.999999999999996	1.9394899182621779	0.004420365399142316	0.13886987464128012	9.999999999999998
2	55	348.00000000000006	19.999999999999996	1.7184213104662314	0.004042966797575932	0.12701354789971997	9.999999999999998	423.99999999999994	19.999999999999996	3.780087877012886	0.008893494095773268	0.27939735716025493	9.999999999999998	341.69232397052	1.21088941223864	12.580143996460809	0.029597575505285096	0.05629638343464761	0.60544470611932
3	55	359.99999999999994	19.999999999999357	0.7134472257323706	0.0016134216535594274	0.05068713613964831	9.999999999999678	423.9999999805122	19.999999999999993	4.534125418957884	0.010253675208269777	0.32212870706596114	9.999999999999996	345.3272903822059	19.999999999999996	2.0008743531575996	0.004524867279597737	0.14215289804053077	9.999999999999998
4	55	357.33551730639135	19.999999999999996	2.7664297824611794	0.0064690261037041105	0.20323044883277433	9.999999999999998	423.99999999999994	19.999999999999996	3.5104904350332666	0.00820893933582154	0.2578914351118122	9.999999999999998	340.00000000000006	19.999999999999996	2.704259344867463e-05	6.323646601855827e-08	1.986632170828832e-06	9.999999999999998
5	55	359.9999999838018	19.99999999999999	1.07287113976521	0.0024749626183853696	0.07775324379828831	9.999999999999995	423.8852078585181	19.999999999999996	4.773132074153043	0.011010943456574166	0.34591899072265997	9.999999999999998	340.00000000000006	19.999999999999996	2.6618143551408506	0.006140430832631844	0.19290732393672455	9.999999999999998
6	55	359.99999816348367	19.999999999999996	1.746976071095019	0.003832308762245418	0.12039553053757995	9.999999999999998	423.99999999999994	19.999999999999996	4.288875219177412	0.009408425424126404	0.29557440194282936	9.999999999999998	340.1005720806307	1.0000000000000002	20.846921113399922	0.045731501289908716	0.0718348742450047	0.5000000000000001
7	55	359.9999999972186	19.99999999999995	0.9614074186210191	0.0022304809924521365	0.07007262699859286	9.999999999999975	423.999999994888	19.999999999999996	3.4212637679169813	0.007937388100717499	0.24936040145905128	9.999999999999998	340.00000000000006	19.999999999999996	2.3760579546316385	0.005512493457115396	0.17318008947835525	9.999999999999998
8	55	359.99999999653267	19.999999999999996	1.8795088510456675	0.004551326116370568	0.14298412691281137	9.999999999999998	423.9999999999676	19.99999999999849	4.736834754979317	0.01147048587575144	0.3603559416036349	9.999999999999245	340.00000000000006	19.999999999999442	0.7097205590762362	0.0017186243704315012	0.05399217696427837	9.999999999999721
9	55	359.9999991992912	19.9999999976732	0.844514852517288	0.001985971307695291	0.062391128697697834	9.9999999988366	423.9999999999993	19.999999999999847	3.8550691095401644	0.009065626990346479	0.28480507153057627	9.999999999999924	340.00000000000006	19.999999999999996	2.2196763297066955	0.005219817614844908	0.16398540671875356	9.999999999999998
10	55	359.99999999999994	19.999999999999996	1.5152848327516466	0.0035997530007357524	0.11308957581849251	9.999999999999998	423.99999999867197	19.999999999999996	4.314946564749984	0.010250707661520544	0.32203547883529543	9.999999999999998	340.00000000000006	19.999999999999996	2.436767190154303	0.005788852244316011	0.1818621568345996	9.999999999999998
11	55	353.8375894249933	5.85258807062951	52.18908996382456	0.13567555832413117	1.24729577777758	2.926294035314755	420.34995513588797	4.9634357821580295	61.98511935367512	0.16114221730877412	1.256352821766966	2.4817178910790147	348.74786035238554	7.770601438343016	60.95291580275745	0.1584588060216262	1.934153288092986	3.885300719171508
12	55	351.05211301444973	8.782893755996248	365.64180461075017	1.010471921618028	13.940609318468043	4.391446877998124	420.1963603838842	4.141932696659234	266.95763469220145	0.7377526057371979	4.799916327424542	2.070966348329617	340.00000000000006	19.999999999999996	55.99158290376157	0.15473592367653366	4.861172410686289	9.999999999999998
13	55	350.80241265146583	7.530338137952275	72.53321972363648	0.1829343100075496	2.163861807600974	3.7651690689761375	420.6647964525189	4.733692670054585	32.741005225466374	0.08257531132210966	0.6140025222264852	2.3668463350272924	345.47174863557393	1.9143279162584907	20.02945491419637	0.05051581232043144	0.1519020205386272	0.9571639581292454
14	55	348.64821796070464	19.999999999999996	3.7073210735374653	0.008751989477606848	0.2749518584714484	9.999999999999998	423.99999999999994	19.999999999999996	4.010132383872531	0.009466845663295684	0.29740972788478104	9.999999999999998	349.9999912731429	1.0568940845566528	19.742651468127598	0.04660709835532026	0.07737548955932567	0.5284470422783264
15	55	359.99999949811485	19.999999999999996	1.741702480217132	0.0040506821175330075	0.12725593182469241	9.999999999999998	423.99999999999994	19.999999999999996	4.677986607044016	0.010879605966255382	0.34179290177539584	9.999999999999998	340.00000000000006	19.999999999999996	1.1680948077271838	0.0027166412191442653	0.08534580096502842	9.999999999999998
16	55	349.70847968362415	19.99999999995559	3.159247568736782	0.007501321177275611	0.2356609550269427	9.999999999977796	423.9921445510985	19.999999999999996	3.6469821692827242	0.008659398791759063	0.272043036286946	9.999999999999998	340.00000000000006	19.999999999999996	1.2909672959603474e-11	3.0652742799228285e-14	9.6298431590433e-13	9.999999999999998
17	55	359.9999999986933	19.999999999999996	2.772460877903864	0.006565843785316622	0.20627206600568893	9.999999999999998	423.9999999999814	19.999999999999996	3.983197831924594	0.009433155554642818	0.2963513219063562	9.999999999999998	340.00000000000006	19.999999999999915	0.8476920603843101	0.0020075355042501563	0.06306858791972945	9.999999999999957
18	55	359.99999985527063	19.999999999999925	1.841603756786601	0.0041525725367127266	0.13045691374835386	9.999999999999963	423.99999999999625	19.999999999999996	4.252321440182915	0.009588421594333466	0.3012291484027974	9.999999999999998	340.00000000000006	19.999999999999996	1.0718825058732953	0.0024169530715113757	0.07593082013531421	9.999999999999998
19	55	359.99999999999994	19.999999999999996	2.576216325880861	0.0056569029066583796	0.17771684613628708	9.999999999999998	423.9999999999969	19.999999999999996	4.438075990369657	0.009745208396390665	0.30615475105802475	9.999999999999998	340.00000000000006	19.999999999999996	0.3233532965512628	0.0007100250800999696	0.022306095755065685	9.999999999999998
20	55	359.99999999999994	19.999999999999996	1.248394831404445	0.0028334417171034035	0.08901519682826899	9.999999999999998	423.99999999950916	19.999999999999996	3.6840196388836985	0.008361501240515405	0.26268430870185133	9.999999999999998	340.00000000000006	19.999999999999996	2.3111516824247236	0.0052455468629014155	0.1647937148855207	9.999999999999998
0	56	359.99999998553517	19.999999999997986	1.5408843715772935	0.003685053355373969	0.11576936549328112	9.999999999998993	423.9999999999999	19.999999999999996	4.7478881254720635	0.011354661900945504	0.356717224120063	9.999999999999998	340.00000000000006	19.999999999999996	1.4932442611694006	0.0035711211538751063	0.11219007982093136	9.999999999999998
1	56	359.9999948591966	19.999999999999996	1.516793003495858	0.0034337698018255263	0.1078750598353355	9.999999999999998	423.99999999999994	19.999999999999996	3.874318669824355	0.00877082002648362	0.27554343761159167	9.999999999999998	340.00000000000006	19.999999999999996	1.5277203614774535	0.003458507542416668	0.10865221887641091	9.999999999999998
2	56	359.99999999788116	19.999999999999996	1.9043792780003268	0.004429105513805201	0.1391444534414446	9.999999999999998	423.99999999847057	19.999999999999698	3.682714753373733	0.00856506495757856	0.2690794514824777	9.999999999999849	340.00000000000006	19.99999999999964	1.3617854091760833	0.003167169131736491	0.09949955276939546	9.99999999999982
3	56	359.99999999569394	19.999999999999996	1.2127374467420158	0.0027917830584744327	0.0877064514691972	9.999999999999998	423.99999999778305	19.999999999999996	4.381569567344782	0.010086595182248458	0.3168797332428595	9.999999999999998	340.00000000000006	19.999999999999996	2.0048231628815842	0.00461520451636601	0.1449909260342989	9.999999999999998
4	56	359.9999999997487	19.999999999999392	1.3520756673675967	0.003153104667187106	0.099057704584344	9.999999999999696	423.99999999999994	19.999999999999734	5.052127830321735	0.011781802028896641	0.37013622700030513	9.999999999999867	342.8132264646782	19.99999999991936	1.4667974079608568	0.0034206412144549823	0.10746261309854911	9.99999999995968
5	56	359.9999999884047	19.999999999999996	1.9846122685362195	0.004715978256461538	0.14815682644988765	9.999999999999998	423.99999999999994	19.999999999999996	4.041134001286328	0.009602832948105362	0.30168189443417814	9.999999999999998	340.00000000000006	19.999999999999996	0.8539124797120757	0.0020291281834176615	0.06374694194216926	9.999999999999998
6	56	359.9999999335334	19.999999999999996	0.7536687598015711	0.0017066111827084036	0.05361477154130907	9.999999999999998	423.9999999999819	19.999999999999996	3.6805265639887947	0.0083342021420821	0.2618266822309744	9.999999999999998	340.0000000000008	19.999999999999996	2.0660496777933917	0.004678372877073504	0.1469754186136786	9.999999999999998
7	56	359.99999999999926	19.999999999999996	0.6968666002570985	0.0016212919931495287	0.05093439015002511	9.999999999999998	423.9999999773779	19.999999999999996	3.6606873458235714	0.00851675640792357	0.2675617936354648	9.999999999999998	340.00000000000006	19.999999999999996	2.4960513837490668	0.005807177616876957	0.18243786539271725	9.999999999999998
8	56	359.9999999988316	19.99999999999991	4.0810679376600017e-10	9.713995416998145e-13	3.051741663904616e-11	9.999999999999956	423.9999978989666	19.999999999999915	4.313857861454684	0.010268095541624223	0.32258173519924627	9.999999999999957	346.3034756204844	19.999999999999996	2.5437723226727464	0.006054834926001769	0.1902182492222605	9.999999999999998
9	56	359.99999999999824	19.9999999999977	2.3296304753734676	0.005243242168413509	0.16472131077278204	9.99999999999885	423.99999999995407	19.999999999999996	3.6237311256636033	0.00815584275958015	0.256223356973305	9.999999999999998	340.00000000000006	19.999999999999996	1.494248914523106	0.003363069380124616	0.10565394058112271	9.999999999999998
10	56	351.5499520720495	8.139010425938194	21.193329855747987	0.05337595049200161	0.6823969917445881	4.069505212969097	421.08933892650094	19.999999998844075	7.1672035391759685	0.01805078786000207	0.567082225292128	9.999999999422037	340.00000000685037	19.999999999999996	2.11355020647972	0.005323030970181621	0.16722794990753526	9.999999999999998
11	56	353.7553589279256	4.959551116450825	212.09701382027916	0.46448118912516556	3.6185150070488588	2.4797755582254126	419.548451983635	4.123878523589598	300.22966058639525	0.6574870020469871	4.259051705537245	2.061939261794799	349.4375624618186	10.241114084155868	365.30228128123986	0.7999925833157714	12.869244198536906	5.120557042077934
12	56	351.38787985071997	8.387818425534212	134.23483581932555	0.38078448149341176	5.017046640178429	4.193909212767106	419.7576224878055	4.726425451526893	62.776700017405055	0.17807890939852114	1.3221026526259723	2.3632127257634465	341.58210826438835	3.533448552575286	14.868542279413807	0.04217765178369854	0.23409980197737765	1.766724276287643
13	56	350.7487560249903	8.423768962190017	8.324758466376124	0.019667689132967063	0.2602433610570129	4.211884481095009	421.03703445518835	19.999999999937955	5.051718072137285	0.011934955354138771	0.37494768061368217	9.999999999968978	348.42491733166406	19.99999999999998	5.044779798253926	0.011918563309323484	0.37443270933915473	9.99999999999999
14	56	359.9999999999999	19.999999999945004	0.36766740670004233	0.0008248654019931965	0.025913910870950917	9.999999999972502	423.99999999589795	19.999999999999872	4.115632406143244	0.009233461322067149	0.2900777425661147	9.999999999999936	347.40952142541187	19.999999999999996	3.8417110199508504	0.008618916028634436	0.27077123277465254	9.999999999999998
15	56	359.99999983689014	19.999999999999996	1.1066977324496574	0.002528749366777261	0.07944300433437283	9.999999999999998	423.9999998299855	19.999999999999996	4.096669970440144	0.009360687466771489	0.2940746697815935	9.999999999999998	341.25529662836055	19.999999999999996	3.251345823785268	0.007429163765314657	0.23339406307428007	9.999999999999998
16	56	359.9999997272821	19.999999999999982	1.4364794519060982	0.0032058961585653364	0.10071619819920591	9.999999999999991	423.99999999944157	19.999999999999996	3.5946154885282353	0.008022366049789792	0.2520300624642777	9.999999999999998	340.00000000000006	19.999999999999996	1.635663837091841	0.003650430505691462	0.11468165659120368	9.999999999999998
17	56	359.99999999341975	19.999999999999996	1.5312084370702708	0.0034167471610249142	0.1073402778024965	9.999999999999998	418.00000000000006	19.999999999999996	3.7978271092160885	0.008474492877211085	0.2662340456594537	9.999999999999998	340.00000000000006	19.999999999999996	1.6764407214524615	0.0037408193012630235	0.11752130435254815	9.999999999999998
18	56	348.00000000000006	19.99999998557793	9.458228580139497e-05	2.2534154245318824e-07	7.079313338090369e-06	9.999999992788965	418.00000000000006	19.99999999999988	4.344995692357519	0.010351917623604961	0.3252150835688386	9.99999999999994	345.5932152042894	19.999999999999996	5.328930889000669	0.012696135391307487	0.39886085674312965	9.999999999999998
19	56	359.9999999879226	19.999999999999996	1.3277737307656305	0.003042039914948738	0.09556850248729873	9.999999999999998	423.90871084359117	19.999999999999996	4.804766333851975	0.011008118801349888	0.3458302515616448	9.999999999999998	340.00000000000006	19.999999999999996	1.7790966260110255	0.004076058159213176	0.12805314368588847	9.999999999999998
20	56	359.999999999998	19.999999999999996	2.0266598517739998	0.004532080623531917	0.14237951192364517	9.999999999999998	418.0000003696349	19.999999999999996	3.8887693574442985	0.008696188577886385	0.2731988215051933	9.999999999999998	340.00000000000006	19.999999999999996	0.6245315809218821	0.0013965972011545276	0.043875395071711294	9.999999999999998
0	57	359.9999999967744	19.99999999999999	1.4709438806022992	0.0033388216342412264	0.10489217517778898	9.999999999999995	423.99999999995833	19.999999999999996	4.0895563531548165	0.009282678561993135	0.2916239477599309	9.999999999999998	340.00000000000006	19.999999999999996	1.347034254065926	0.0030575653965110735	0.09605624987549549	9.999999999999998
1	57	352.14672058387737	19.999999999859163	1.6794254373306001	0.0038208996639719525	0.12003710314353466	9.999999999929582	418.0013027206184	19.999999999999986	3.87625173438712	0.008818949993357103	0.2770554851150641	9.999999999999993	340.0000005786591	19.99999999999998	2.0915829583698202	0.004758608774860132	0.149496103684085	9.99999999999999
2	57	359.99999999999994	19.999999999999993	1.766050287231034	0.003993835582135057	0.12547004524481004	9.999999999999996	418.0000000059868	19.999999999999996	3.9216630208874528	0.008868647414633106	0.2786167756508947	9.999999999999998	340.00000000000006	19.999999999999996	1.286092776998524	0.002908435355347072	0.09137119145799179	9.999999999999998
3	57	359.99999999999994	19.999999999999996	1.4572516977893741	0.0034171768695634547	0.10735377749437514	9.999999999999998	423.99999999990166	19.999999999999996	3.703069515282934	0.008683498885749362	0.2728001630692534	9.999999999999998	340.00000000000006	19.999999999999996	1.6736372915427224	0.003924589451070408	0.12329461387838789	9.999999999999998
4	57	359.9999999343996	19.999999999999993	0.5128828591028846	0.0011455418993216945	0.035988260152883325	9.999999999999996	423.9999999999997	19.999999999999996	3.841886791045179	0.008580989232689433	0.2695797273395023	9.999999999999998	340.00000000000006	19.999999999999996	2.3648452152292307	0.005281964938727035	0.16593782248023708	9.999999999999998
5	57	359.9999998451407	19.999999999999996	1.224770309446303	0.002710474629548738	0.08515207183931829	9.999999999999998	423.9999999999234	19.999999999999996	4.748649777953386	0.01050898658179728	0.3301495504204804	9.999999999999998	340.00000000000693	19.999999999999996	1.6590116064580163	0.0036714711605511006	0.11534266825854127	9.999999999999998
6	57	359.99999996839756	19.999999999999996	2.1623366675999884	0.0049668289022317385	0.15603753190888683	9.999999999999998	423.99999999999994	19.999999999999996	4.578122755851792	0.010515824275859688	0.3303643629148199	9.999999999999998	340.00000000000006	19.999999999999996	1.9239868586227458	0.004419345830882101	0.13883784395971885	9.999999999999998
7	57	356.6203367359781	19.99999922370231	3.289742468320928	0.0074787223385168276	0.23495098244962784	9.999999611851155	423.99998828007455	19.99999971766486	4.852022574321182	0.01103032531056586	0.34652788473194257	9.99999985883243	340.0000000022012	19.99999989887811	1.6798150296032868	0.0038188005010867756	0.11997115539080684	9.999999949439054
8	57	359.99999999999994	19.999999999999996	3.382143975791253	0.007974771814394668	0.2505348454615723	9.999999999999998	423.99999999999505	19.999999999999996	3.811806036313661	0.008987873833260444	0.2823623840596294	9.999999999999998	340.00000000000006	19.999999999999996	1.5122849333502228	0.0035658231429942628	0.1120236379003124	9.999999999999998
9	57	353.28328554284064	19.999999999999982	5.5943747039569445	0.013530861612530417	0.4250845543866566	9.999999999999991	423.99999999988535	19.999999999994976	4.234988783917862	0.01024297623919974	0.3217925890395663	9.999999999997488	340.00000000000006	19.999999999999996	1.628081399463937e-10	3.9377670027179015e-13	1.2370859887286855e-11	9.999999999999998
10	57	351.24942442754934	10.268981241790838	200.7635576400817	0.5190567829713947	8.372634026013138	5.134490620895419	420.2372746400693	4.519674197134654	137.38510530540302	0.3551972859329918	2.521718736685209	2.259837098567327	340.00000000000006	19.999999999999996	28.43167951488699	0.0735076439018265	2.309310740646726	9.999999999999998
11	57	354.24700732552304	4.806002743416418	65.7061385233092	0.16634616232164787	1.2557890080941874	2.403001371708209	419.3915357700536	4.414673408607067	61.60786869711551	0.15597070162547433	1.0815870616569498	2.2073367043035335	349.8121241814904	10.495890046553566	129.2560874664536	0.32723356736491604	5.395068911903841	5.247945023276783
12	57	353.74130096656125	4.959557058162865	43.237701924998255	0.10598558101275266	0.8256757945491309	2.4797785290814325	420.3138947263323	3.5696698392329966	17.917729001436406	0.043920486845956785	0.24627201985161795	1.7848349196164983	347.6934896499766	7.165809697110666	33.62828383075486	0.08243068066954054	0.9278420126419966	3.582904848555333
13	57	359.9999999182696	19.99999999883897	0.576405955816064	0.0013276431349614182	0.041709139191415855	9.999999999419485	418.00000368736147	19.999999623255714	4.141952199434462	0.00954021093541979	0.29971456023833076	9.999999811627857	345.2886548863404	19.999999999999996	3.4527193256722897	0.007952692132036573	0.24984119178267442	9.999999999999998
14	57	354.11488066749723	19.999999999999996	1.642905888856579	0.0037254953167020232	0.11703988717934254	9.999999999999998	423.99999999831294	19.999999999999996	3.5504432857769745	0.008051075793869137	0.25293200567513885	9.999999999999998	340.00000000000006	19.999999999999996	0.8305783008213568	0.001883440549365767	0.059170029933606164	9.999999999999998
15	57	359.99999999999994	19.999999999999996	2.126293184916965	0.005035074971185711	0.15818154539750867	9.999999999999998	423.99999999999073	19.999999999999996	4.365643645504871	0.010337870246927368	0.3247737722151151	9.999999999999998	340.00000000000006	19.999999999999996	1.405191980884964	0.0033275030098641138	0.10453659010587023	9.999999999999998
16	57	359.9999985550268	19.999999999999986	2.0266935510728907	0.004603340004145022	0.14461819138998	9.999999999999993	418.00000000000006	19.99999999999999	4.290686098367041	0.009745670208199895	0.3061692593038968	9.999999999999995	349.99999998001334	1.0000001010069544	2.4036958973903557	0.005459646070516526	0.008575992859402382	0.5000000505034772
17	57	359.9999999989914	19.999999999999996	3.3792354660628403	0.007873713001705456	0.24735998922632296	9.999999999999998	423.99999999998295	19.999999999999996	3.787987189178133	0.008826115931031997	0.27728060968661955	9.999999999999998	340.00000000000006	19.999999999999996	0.001094558503333906	2.55035187851783e-06	8.012166725620542e-05	9.999999999999998
18	57	359.9999999991451	19.999999999999996	1.0756312184797392	0.0025373109183124323	0.07971197340843507	9.999999999999998	423.99999999993133	19.999999999999996	3.9925800561967724	0.009418113564184687	0.2958787638391699	9.999999999999998	340.00000000000006	19.999999999999996	2.3102706991130795	0.005449707082137211	0.17120759733458527	9.999999999999998
19	57	359.99999983196017	19.999999999999996	0.5967616342558549	0.0014030772168474696	0.044078970768672225	9.999999999999998	423.99999999999994	19.999999999999996	4.772077582803524	0.01121987900882634	0.35248289468295146	9.999999999999998	340.00000000000006	19.999999999999996	2.585920797889591	0.006079892452562299	0.19100545463585744	9.999999999999998
20	57	359.99999747566994	19.999999999999996	1.349285279123707	0.002843732288029156	0.08933848464848487	9.999999999999998	423.99999999999994	19.999999999999996	4.721433394664287	0.00995081825757839	0.31261417535215447	9.999999999999998	340.00000000000006	19.999999999999996	2.5422415909403147	0.005357988120068092	0.168326161160273	9.999999999999998
0	58	359.99999758320536	19.999999999999996	0.9626276080686594	0.0023256996524304474	0.07306400942531827	9.999999999999998	423.99999999999994	19.999999999999996	4.309684673644878	0.010412159451451995	0.32710763640687107	9.999999999999998	340.00000000000006	19.999999999999996	1.6497749454100004	0.0039858414458177815	0.12521890204554859	9.999999999999998
1	58	359.9999999949435	19.999999999999975	1.9549886069365252	0.004349789350265276	0.13665266267456494	9.999999999999988	423.9999999999997	19.999999999999996	4.445416673680371	0.009890914983370226	0.31073225849037106	9.999999999999998	340.00000000000006	19.999999999999996	1.6289417948173044	0.0036243452499712544	0.11386216411382752	9.999999999999998
2	58	357.07923626325885	19.99999999999999	3.6726801565042546	0.008291044693777373	0.26047085100555617	9.999999999999995	423.99999991973397	19.999999999999982	4.385594809894005	0.009900443552982493	0.31103160733330204	9.999999999999991	340.00000000000006	19.999999999999996	0.3525867910756073	0.0007959617278586777	0.025005875167794595	9.999999999999998
3	58	359.9999999433146	19.999999999999957	1.7662927146815675	0.0039112869073930625	0.1228767021434796	9.999999999999979	423.99999984293834	19.999999999995193	3.8197632739036136	0.008458501786468347	0.2657316707273871	9.999999999997597	340.00000000000006	19.999999999885834	1.9224284890625718	0.004257034701649349	0.13373868944702066	9.999999999942917
4	58	359.99999999999994	19.999999999972264	0.15461709613852187	0.00036728395938884716	0.01153856588595774	9.999999999986132	423.99999999999994	19.99999999999792	4.440382444745318	0.010547871394801508	0.331371152849149	9.99999999999896	343.78333480555824	19.999999999999996	3.306299272009643	0.00785392248254504	0.246738251730272	9.999999999999998
5	58	359.99996650974106	19.999999999999915	0.801371313603524	0.0017954116497532178	0.056404520490342155	9.999999999999957	420.1755177650038	19.999999999999996	4.24415450836803	0.009508706286742098	0.2987248181557205	9.999999999999998	340.0000000000001	19.999999999999996	1.7716582869294963	0.003969266024050326	0.12469816981300068	9.999999999999998
6	58	359.9999999333756	19.999999999998565	2.274418520027435	0.004954832043827828	0.15566063948659686	9.999999999999282	423.99999999999994	19.999999999999993	3.314022002937567	0.007219613395474579	0.22681084404981391	9.999999999999996	340.00000000000006	19.999999999999996	1.1742540972975208	0.002558118383953229	0.08036565922040456	9.999999999999998
7	58	359.999999998418	19.999999999999996	1.1826249886338205	0.0027048118694887836	0.08497417098528436	9.999999999999998	423.99999999999994	19.999999999999996	5.182366341517656	0.011852722652824261	0.37236426411150014	9.999999999999998	340.00000000000006	19.999999999999996	1.7627636692039674	0.004031661888925977	0.12665839372007795	9.999999999999998
8	58	352.2914985107458	19.99999439249711	1.280499384385005	0.003021620191084994	0.09492697132734128	9.999997196248556	423.99999954753633	19.99999999999995	3.707618439926642	0.008748941917142695	0.2748561165357922	9.999999999999975	342.135612978795	19.999999999999996	2.0607729831376327	0.004862847519510331	0.15277086042821	9.999999999999998
9	58	355.18104456007495	4.199350527986515	40.99126427333238	0.10029611743749214	0.6615857251020842	2.0996752639932574	420.3904920813779	3.7956321022861887	62.691809174644426	0.15339231826132263	0.9145503057052466	1.8978160511430944	349.7829596253252	10.153902141456799	107.59317178005743	0.26325553953078007	4.1988500870006495	5.076951070728399
10	58	355.14123711936924	4.19005499668855	63.419452320333285	0.17219750411069956	1.1333562729806848	2.095027498344275	420.77052692579645	1.9571471670068294	85.51863398848994	0.2322015531353459	0.7138524934645434	0.9785735835034147	349.9999999999818	10.366643825947229	98.68402218706314	0.26794842425293064	4.363241605933165	5.183321912973614
11	58	350.5903540475793	9.543191092474887	23.894484133614736	0.05527365775211529	0.8285747650387514	4.771595546237443	423.9592220888749	19.999999999999996	5.530379771701273	0.012793091369158344	0.4019068186205083	9.999999999999998	342.81849210448587	3.829027523606873	9.973755652273605	0.023071682709041964	0.13876745891869366	1.9145137618034365
12	58	351.67275767965765	19.999999972855566	2.883404855181942	0.006479487793515081	0.20355911223504233	9.999999986427783	423.9999998144607	19.999999999999872	3.9468318029984046	0.008869184098315464	0.278633636066031	9.999999999999936	340.00000000000006	19.999999999999996	0.5444791596606409	0.0012235347604774216	0.03843847814927614	9.999999999999998
13	58	359.99999999999994	19.999999999999996	1.7912252050323394	0.004027567940120025	0.12652977852514843	9.999999999999998	423.9999999986265	19.999999999999996	4.105557271105473	0.009231341092664297	0.2900111335949572	9.999999999999998	340.00000000000006	19.999999999999996	1.2395808208462986	0.002787196137706247	0.0875623491033179	9.999999999999998
14	58	359.99999998869004	19.99999999969327	0.9237872934440344	0.0019886595826102784	0.062475583351235785	9.999999999846635	423.99999999999994	19.999999999999996	3.745169879247384	0.008062319130956851	0.25328522552710486	9.999999999999998	346.54706364757664	19.999999999999996	2.3809659325381975	0.00512556380804729	0.1610243360486709	9.999999999999998
15	58	359.9999999266339	19.999999904334494	1.7548267989110027	0.00393542905350192	0.12363514944067369	9.999999952167247	423.9999999938328	19.999999999999517	4.142676778175581	0.009290495541906033	0.2918695254266001	9.999999999999758	340.9968174149395	19.999999999999996	1.9270877431419002	0.004321746794449714	0.13577167980118457	9.999999999999998
16	58	359.99999999999994	19.999999999999996	2.8237404608547645	0.006578068869000776	0.20665612833660552	9.999999999999998	423.99999999984897	19.999999999999996	3.581768973670596	0.00834394070853215	0.26213262831913414	9.999999999999998	340.00000000000006	19.999999999999996	0.9545657183041035	0.002223716776396239	0.069860122883908	9.999999999999998
17	58	359.99999995676967	19.999999999999996	1.4155043544068833	0.0033080639769539908	0.1039258948760369	9.999999999999998	423.9999999999998	19.999999999999993	4.762702463325629	0.011130537608610366	0.34967615181715217	9.999999999999996	340.0000000000002	19.999999999999616	2.2363927940208415	0.005226497832512677	0.16419527194624486	9.999999999999808
18	58	351.2548367561943	2.5996562972637096	6.873062683051917	0.015238063885513343	0.062225099592427814	1.2998281486318548	423.99999997981683	19.99999999999995	4.771064930671681	0.010577786871459877	0.33231097526616826	9.999999999999975	340.00000000000006	19.999999999999996	1.5606456010077214	0.003460061179049397	0.1087010278107282	9.999999999999998
19	58	359.99999999825485	19.999999999999996	1.992157962133707	0.004638196555943042	0.14571324226056137	9.999999999999998	423.99999999999994	19.999999999999996	3.5777257648330862	0.008329758802250923	0.2616870905932641	9.999999999999998	340.00000000000006	19.999999999999996	1.1124220664184763	0.0025899714256047137	0.08136635203687251	9.999999999999998
20	58	359.9999978302142	19.999999999999996	1.468617763043894	0.0033031222153172067	0.10377064485549777	9.999999999999998	423.99999999999994	19.999999999999996	5.503288493683882	0.012377648519728201	0.3888552965829469	9.999999999999998	340.00000000000006	19.999999999999996	1.0968217155327573	0.00246690205306355	0.07750001367030025	9.999999999999998
0	59	359.99999997865245	19.999999999999996	2.195456678194928	0.00495523172485609	0.1556731958364297	9.999999999999998	423.99999999999994	19.999999999999996	3.4568005743441073	0.007802134308828216	0.24511127826935597	9.999999999999998	340.00000000000006	19.999999999999996	2.3822176030313074	0.00537675844815886	0.16891584840862728	9.999999999999998
1	59	359.9999417804521	19.999999999999996	1.666059470902787	0.003985736558883786	0.1252156069253356	9.999999999999998	423.99999999999994	19.999999999999996	4.1595026414533445	0.00995083430955246	0.3126146796397926	9.999999999999998	349.5610028297944	19.999999999999996	1.5854689780300215	0.003792938835062205	0.1191586877974685	9.999999999999998
2	59	359.99999999999994	19.999999999999996	1.1515268620152552	0.0027228977352412127	0.08554235521510077	9.999999999999998	423.99999996346577	19.999999999999996	3.77128651590203	0.008917575309640777	0.28015389080601183	9.999999999999998	340.00000000000006	19.999999999999996	1.2986307010981364	0.0030707391304328766	0.09647011493258632	9.999999999999998
3	59	359.9999999629091	19.999999999999996	1.2244142406439493	0.0027556814079147595	0.08657228466738985	9.999999999999998	423.99999999999994	19.999999999999996	5.107415353204544	0.011494810386983152	0.3611201186615391	9.999999999999998	340.1681561400536	19.999999999999996	1.0155100175161893	0.0022855190522357827	0.0718016986414344	9.999999999999998
4	59	359.9999999391898	19.999999999999996	1.5676476646837663	0.0035020745662675376	0.11002091729709755	9.999999999999998	423.99999999999994	19.999999999999986	5.1083383475959385	0.01141186390668575	0.35851427813010445	9.999999999999993	340.0000000000173	19.99999999998992	0.8490014276756324	0.0018966419391103695	0.05958476382396434	9.99999999999496
5	59	359.99999999997806	19.999999999999996	1.0510671125606987	0.002441395377932864	0.0766986978382196	9.999999999999998	423.99999999884034	19.999999999999996	4.1737777433231384	0.009694758373937526	0.30456981685890255	9.999999999999998	340.00000000000006	19.999999999999996	2.1483283991003264	0.004990089558665127	0.15676828698257492	9.999999999999998
6	59	359.9999838595218	19.999999999999996	1.828643734564898	0.004300648801933713	0.13510886681824694	9.999999999999998	423.99999999999994	19.999999999999996	4.085209525412429	0.009607695101579466	0.30183464349052685	9.999999999999998	344.96567609977154	19.999999999999996	1.2014718089096572	0.002825650616287975	0.08877043217741772	9.999999999999998
7	59	359.9999999986435	19.999999999999996	2.024602167463072	0.0047698412439063295	0.14984898210645722	9.999999999999998	423.99999999999994	19.999999999999996	4.430777114217154	0.010438645063998591	0.32793970646489323	9.999999999999998	340.00000000000006	19.999999999999996	1.4354297304303327	0.0033817863286767563	0.10624195086181293	9.999999999999998
8	59	350.69215890935885	9.267328227182933	70.18259541777655	0.1732246991180622	2.5216466931460273	4.6336641135914665	420.8487118469694	4.409616767451534	36.553764044688684	0.09022200932554857	0.6249326558544179	2.204808383725767	340.0000000000075	19.999999999999996	6.617511289356938	0.01633334297749389	0.5131271030665723	9.999999999999998
9	59	351.1500816528953	9.839215254230657	148.68895359199675	0.38475266204395114	5.94650751642516	4.919607627115329	420.40403161688613	3.6270412700034695	68.55807992198766	0.17740325099729878	1.0107271887063891	1.8135206350017348	340.0000000298632	19.999999999999996	22.30974599394274	0.057729467814049286	1.813624719802656	9.999999999999998
10	59	352.32620884915235	8.69110356778262	27.414204237018268	0.06474103956764739	0.8838416656079796	4.34555178389131	423.97590888454516	19.999999999999996	6.434265335867393	0.015195080006576933	0.4773675171937123	9.999999999999998	349.44861645586604	1.0000000000000002	24.64159707418394	0.05819328540040392	0.09140979895108159	0.5000000000000001
11	59	359.9999999053366	19.999999999968963	1.1951090303278555	0.0027146577383528065	0.08528348807806625	9.999999999984482	423.99999999999534	19.999999999999993	3.9010366388277258	0.008861098887593835	0.2783796316799747	9.999999999999996	340.00000000000006	19.999999999999968	2.8962441608581804	0.006578740034518786	0.20667721362321248	9.999999999999984
12	59	358.13517598581757	19.99999999960219	1.4670467790648947	0.003364607884419366	0.10570227411691928	9.999999999801094	418.00000000000006	19.999999999999996	3.682407001093181	0.008445440054349572	0.26532132431077593	9.999999999999998	340.0000001500003	19.999999999999996	1.6330834996069925	0.0037454058705579966	0.11766539567657083	9.999999999999998
13	59	359.99999999999994	19.999999999999996	1.922254323239293	0.004390988898377475	0.13794698465137012	9.999999999999998	423.9999999999991	19.999999999999996	4.360270863534575	0.009960128961205982	0.31290667973331643	9.999999999999998	340.00000000000006	19.999999999999996	1.0413942920699477	0.002378847959934367	0.07473371274936873	9.999999999999998
14	59	359.99999999800053	19.999999999999996	2.125358652597278	0.0047917884190011	0.15053847294690503	9.999999999999998	418.00000000000006	19.99999999999911	4.330066895538919	0.009762476736896886	0.30669725197475145	9.999999999999554	340.00000000000006	19.999999999288143	0.7141366488606944	0.0016100773012654181	0.05058207021187082	9.999999999644071
15	59	351.1246958206703	19.99999999998137	3.083185863900688	0.006527643363123616	0.2050719643482422	9.999999999990685	423.9999999891837	19.999999999999986	6.086465973851637	0.012886112278948259	0.4048291566887705	9.999999999999993	340.00000000000006	19.999999999999996	7.528726782971057e-08	1.5939630494885735e-10	5.0075826063668855e-09	9.999999999999998
16	59	359.9999999999999	19.99999999999621	1.939394192415931	0.00443468798672397	0.13931983200052295	9.999999999998105	423.9999999999999	19.999999999999993	3.575769380950953	0.00817648190296207	0.25687175478555524	9.999999999999996	340.000000026291	19.999999999999925	1.3370945211775582	0.003057448059486026	0.09605256362413632	9.999999999999963
17	59	359.9999999988711	19.999998111977977	1.1793286241564673	0.0028377158263159126	0.08914946351348729	9.999999055988988	423.9999999982144	19.999999999999748	3.70485683370617	0.008914674549481472	0.28006276073794534	9.999999999999874	340.0000000000004	19.999999999999996	2.5148679854807745	0.00605130795379319	0.19010744612246164	9.999999999999998
18	59	359.99999999707427	19.999999999999996	3.1927493116586536	0.007037334287342978	0.22108437697972255	9.999999999999998	423.99999999999994	19.999999999999996	4.278647486847135	0.00943082895756721	0.2962782297035503	9.999999999999998	340.00000000000006	19.99999999999996	0.482826277151767	0.001064226966590468	0.03343367619992758	9.99999999999998
19	59	359.9999998556907	19.999999999999996	0.9461438943835869	0.0021573809571692475	0.06777612166037422	9.999999999999998	423.99999999999994	19.999999999999996	5.666970258234551	0.012921727648969119	0.4059480465368948	9.999999999999998	346.5502266265701	19.999999999999666	2.605332440723813	0.005940634007234932	0.18663052154794643	9.999999999999833
20	59	359.9999999985374	19.999999999999996	2.9673527447869796	0.0068184235545780975	0.2142070934812615	9.999999999999998	418.837904187351	19.999999999999996	4.099846266020874	0.009420682593094467	0.29595947226266817	9.999999999999998	340.00000000000006	19.999999999999996	1.9757669704921177	0.004539944256249173	0.14262655523139575	9.999999999999998
0	60	359.99999999999994	19.999999999999996	1.659045426698829	0.0038275606496987417	0.12024636418262939	9.999999999999998	423.99999997844486	19.999999999999996	3.43765792873558	0.007930972837395227	0.24915886001781037	9.999999999999998	340.00000000000006	19.999999999999996	1.9529906294108281	0.004505717542187743	0.14155129129687669	9.999999999999998
1	60	355.9241296725807	19.999999999998494	1.92513435450177	0.004401037761112186	0.13826267898480274	9.999999999999247	423.177202121195	19.999999999999996	3.709287683284957	0.00847977966981443	0.2664001351474909	9.999999999999998	340.00000000000006	19.999999999999996	0.9909704483385674	0.002265451423214056	0.07117125548233819	9.999999999999998
2	60	359.9999829217645	19.99999996094127	1.6451122621879974	0.003875503446100435	0.12175253131453558	9.999999980470635	423.9999999999423	19.999999999999734	4.5735306899935155	0.010774178976905862	0.338480815223086	9.999999999999867	347.31799783802916	19.999999999977167	2.1646872611809465	0.005099501798909925	0.16020557388405066	9.999999999988583
3	60	352.8022456276544	19.999999999999996	4.637424034490798	0.011015983932918036	0.3460773419571849	9.999999999999998	423.99999989680333	19.999999999838526	3.3535857683597334	0.00796628616817221	0.2502682610212174	9.999999999919263	349.99999256028485	1.008816708116889	7.505687328643073e-11	1.7829409258866137e-13	2.8253294567503214e-13	0.5044083540584445
4	60	359.9999999392797	19.999999999999996	1.992404311401928	0.004859507713210638	0.15266593731885472	9.999999999999998	423.99999999999994	19.999999999999996	3.9927492244134215	0.009738382687648523	0.3059403150936262	9.999999999999998	340.00000000000006	19.999999999999996	0.9748895497346944	0.002377772051261387	0.07469991208153905	9.999999999999998
5	60	353.1901543873904	19.999999999999996	3.0701936422673626	0.007061599465712205	0.22184669004075067	9.999999999999998	423.9999996467829	19.999999999999996	4.639350793043189	0.010670739666183024	0.33523117343649783	9.999999999999998	340.02473061665205	1.0000000000000002	8.77447688622925	0.020181737216399563	0.0317013986878603	0.5000000000000001
6	60	352.09648454956505	19.999999999999996	3.912677589607579	0.008937228654839981	0.2807713188549747	9.999999999999998	423.99999999999994	19.999999999999996	3.8608487610450712	0.008818842695054807	0.2770521142394819	9.999999999999998	340.00000000000006	19.999999999999996	2.030168207656145e-12	4.637253406158972e-15	1.4568361233623268e-13	9.999999999999998
7	60	349.5201880821412	2.179877827138386	14.61586255695624	0.03816437896875872	0.13068033245512836	1.089938913569193	423.9999996711575	19.999999999999996	4.821545410851486	0.012589834199503857	0.39552130631074844	9.999999999999998	349.99999999999994	19.999999999999996	7.624830946424068	0.019909665726402917	0.6254805958149589	9.999999999999998
8	60	352.06431747702493	6.944393568522326	131.69751510387925	0.32538777410437103	3.549403998815002	3.472196784261163	419.9221280942537	4.51191251741678	74.25101842033202	0.18345352674055745	1.300189374556607	2.25595625870839	346.86096464880575	13.504829815874986	67.50261402400375	0.1667801044398756	3.5379625718471823	6.752414907937493
9	60	351.0384039686118	6.995365557043123	46.799701161199216	0.1256431866956805	1.3806043400433654	3.4976827785215616	420.94818966007665	3.618557382094939	22.32741334017114	0.059942420424183455	0.34071371537817624	1.8092786910474694	345.9278734091775	19.999999999997325	3.7345171069259586	0.010026060390161847	0.3149779766617586	9.999999999998662
10	60	350.80769866896014	19.999999973297882	4.121680178497139	0.009100400031142925	0.28589749844396595	9.999999986648941	421.97085068964043	19.999999999999996	5.2895439316877315	0.011678966750451453	0.36690556144737735	9.999999999999998	340.0000005116473	19.999999999999996	1.4928872131988626	0.0032961972431450348	0.10355309043847367	9.999999999999998
11	60	359.9999999472935	19.99999999999555	1.0484431689846758	0.0024495478115049507	0.07695481409239197	9.999999999997774	423.99999999999994	19.999999999999996	5.588706373009671	0.01305726802379472	0.410206172995064	9.999999999999998	340.00000000000006	19.99999999881191	1.5290425744485054	0.0035724043064397863	0.11223039124097073	9.999999999405954
12	60	359.99999953973736	19.999999999999996	2.6791865177588816	0.0060858974918570575	0.19119410850918675	9.999999999999998	418.0000000000019	19.999999999999996	5.381954421180901	0.012225361204248046	0.38407104946747317	9.999999999999998	340.00000000000006	19.999999999999527	1.6079589713072082	0.0036525540142958767	0.11474836858151563	9.999999999999764
13	60	359.9999999995801	19.999999999999996	2.7067198351563757	0.006232640290655407	0.19580416949590776	9.999999999999998	423.99999999563244	19.99999999999961	3.668053876980782	0.0084462603351205	0.26534709419120905	9.999999999999805	340.00000000000006	19.999999999999996	0.7890583433475972	0.0018169286523671256	0.05708049706373364	9.999999999999998
14	60	359.9999999655872	19.99999999999955	1.9024015498275024	0.004447770579306852	0.13973083376802908	9.999999999999774	423.99999999999994	19.999999999999996	5.0390256902252135	0.011781124871028054	0.37011495345845724	9.999999999999998	340.00000000000006	19.999999999999996	0.6618419833004613	0.001547371164484599	0.04861209882721498	9.999999999999998
15	60	359.99999982346844	19.999999999995957	1.090537460773872	0.0024733234083860055	0.07770174649735571	9.999999999997979	423.99999999999994	19.999999999999996	6.351107726412792	0.014404221747477576	0.45252197222553875	9.999999999999998	340.0000000000011	19.999999999984066	1.4201201713352853	0.0032208122956108357	0.10118480246474618	9.999999999992033
16	60	359.99999999999994	19.999999999999996	1.8732200411256974	0.004198941396655687	0.13191363444587567	9.999999999999998	423.9999999989754	19.999999999999996	4.158309147158126	0.00932111339552053	0.29283141366644705	9.999999999999998	340.00000000000006	19.999999999999996	0.754651663923819	0.0016915995142784128	0.05314316606873123	9.999999999999998
17	60	359.9999999779611	19.999999999155477	1.2497023642801537	0.002814507289136363	0.08842035422652356	9.999999999577739	423.999999999989	19.999999999999996	4.4207515044835475	0.009956160513464653	0.3127820072706133	9.999999999999998	340.00000000000006	19.999999999999996	2.199503539620587	0.004953594489123975	0.1556217605589476	9.999999999999998
18	60	359.99999999016563	19.99999999999997	1.703622246670803	0.003968208236463902	0.12466493843589485	9.999999999999986	423.99999999999994	19.999999999999996	3.7588614754313445	0.008755429847011019	0.27505994086390617	9.999999999999998	340.00000000000006	19.999999999999996	1.2234027403035248	0.002849643951334858	0.08952420502860177	9.999999999999998
19	60	359.99999996848845	19.999999999999996	2.2678910074450087	0.005062169905986364	0.15903275787870091	9.999999999999998	423.99999999999994	19.999999999999996	3.326176228946747	0.007424373196466194	0.2332435629152716	9.999999999999998	340.00000000000006	19.999999999999996	0.9560347210344372	0.00213396948001962	0.06704062841414467	9.999999999999998
20	60	359.99999985063727	19.999999999978552	1.4429436608182726	0.0032712378752135693	0.10276896876904613	9.999999999989276	423.9999999957303	19.999999999999982	3.9690674306957017	0.008998108561775365	0.2826839175387688	9.999999999999991	340.00000000000006	19.999999999999996	1.8068629162287762	0.004096264162895004	0.12868793401314085	9.999999999999998
0	61	359.99999988038155	19.999999999999993	1.3219261632925232	0.0030596024325214594	0.09612024524914875	9.999999999999996	423.99999999999994	19.999999999999996	4.055143360497897	0.00938564258316831	0.29485865788501087	9.999999999999998	340.00000000000006	19.999999999999996	1.5974165544567362	0.003697225844742097	0.11615177552504087	9.999999999999998
1	61	352.14462733764344	19.999999999999996	4.680726708237468	0.011058651569075172	0.3474177852801579	9.999999999999998	423.9999999999989	19.999999999999815	6.202435621142014	0.0146538302039979	0.46036365315831596	9.999999999999908	340.00000000000006	19.999999999999996	2.6183538564318474e-10	6.18610416452348e-13	1.9434219397608185e-11	9.999999999999998
2	61	359.9999995499449	19.999999999999996	1.7309605198710694	0.003948909900913164	0.12405866334396792	9.999999999999998	423.9999999999996	19.999999999999996	5.787160644061069	0.013202482496371414	0.4147682201974826	9.999999999999998	340.0000000000002	19.999999999999446	2.8482559645024206	0.006497840967162182	0.20413569446630941	9.999999999999723
3	61	350.86875211459756	19.999999999999865	5.025655097900943	0.01150567146715636	0.36146132955835875	9.999999999999932	423.99999999434226	19.999999999999996	3.6340931679135395	0.008319847115755022	0.261375705778462	9.999999999999998	349.99999999999983	3.176214889147484	3.207001051617809	0.007342067805279931	0.036630946904984994	1.588107444573742
4	61	349.2046554947732	19.999999999999996	7.035886215169629	0.0159342287392861	0.5005885594796055	9.999999999999998	423.99999999999994	19.999999999999996	4.589672748752377	0.010394269205123178	0.32654559774249586	9.999999999999998	349.999999971449	1.000000839795143	17.729630298193214	0.040152437943821534	0.063071355000988	0.5000004198975715
5	61	351.1207784139131	4.445644715610275	10.847278273298896	0.024940398261441968	0.1741638487347763	2.2228223578051374	423.99999918640265	19.999999999999996	4.168973504035446	0.009585433037887938	0.30113526013305636	9.999999999999998	345.9765778453796	19.999999999999996	3.6904037297422687	0.008485090586441792	0.2665669825140944	9.999999999999998
6	61	355.08676210430434	1.0000000010138501	17.9195491230141	0.04311127653729716	0.06771903489688234	0.5000000005069251	423.99999999999994	19.999999999999996	4.261947804129785	0.010253495169439871	0.3221230509793072	9.999999999999998	349.3361883636512	19.999999999104062	5.693776255445584	0.01369822203700196	0.4303423371675937	9.999999999552031
7	61	351.1500501265567	9.875427158100871	116.03457955652055	0.3000269532219772	4.654103517695664	4.937713579050436	420.73069796442877	3.821763870933925	51.105201191466016	0.13214110712404503	0.7932711659170603	1.9108819354669624	340.00000000000006	19.999999999999996	10.916821319187642	0.028227280624300213	0.8867861744011903	9.999999999999998
8	61	353.6500652081994	5.643854233786737	18.801415737347835	0.05158988147968475	0.45736212359040107	2.8219271168933684	420.0756274651164	19.999999999999996	7.665645579962534	0.02103404086480363	0.6608038825617456	9.999999999999998	349.6498990324717	8.88948176385388	33.97569489477388	0.09322713232331133	1.3017831500934869	4.44474088192694
9	61	359.99999999999994	19.999999999957822	0.16025763960863781	0.00036548245610495636	0.011481969991128636	9.999999999978911	423.99999999257324	19.999999999953666	3.991505196081825	0.009102998934604617	0.28597914578523326	9.999999999976833	348.43244760015716	19.999999999999996	4.299139973708619	0.009804588664647555	0.3080202372032651	9.999999999999998
10	61	359.99999997815905	19.999999999999996	1.213816499690504	0.002785131998303079	0.0874975022514681	9.999999999999998	423.99999999999994	19.999999999999996	4.913249342631123	0.01127357221070288	0.354169716368582	9.999999999999998	340.00000000000006	19.999999999999996	2.0477947763385083	0.004698715793526047	0.14761451018247762	9.999999999999998
11	61	355.37932321885154	19.99999999676444	2.7797758770823786	0.006328025645331873	0.19880078875886262	9.99999999838222	423.9999999999562	19.999999999994742	5.072865557415712	0.011548133648940242	0.36279531834174217	9.999999999997371	340.00000000000006	19.99999999999346	1.1312464517545686	0.002575227958811966	0.08090317236720064	9.99999999999673
12	61	359.999999999501	19.999999999999996	1.192408180731425	0.002697669425171966	0.08474978447934046	9.999999999999998	423.99999999999994	19.999999999999996	4.159331027953974	0.009409948979382084	0.2956222658428152	9.999999999999998	343.73481587794356	19.999999999999996	2.120167935166692	0.004796605983884484	0.15068982121136335	9.999999999999998
13	61	359.9999998501917	19.99999999999994	0.9603084809836799	0.0021550205306758298	0.06770196667506344	9.99999999999997	423.9999999999993	19.999999999999996	5.067091280313395	0.011371018746703558	0.3572310895847571	9.999999999999998	340.00000000000006	19.999999999999996	1.9536997891786485	0.004384281967544739	0.13773628020504752	9.999999999999998
14	61	359.99999999999994	19.999999999999996	1.834559023429108	0.0042968743450386	0.13499028875771718	9.999999999999998	423.99999999986943	19.999999999999996	3.2433145709433857	0.007596438705323037	0.23864916030088004	9.999999999999998	340.00000000000006	19.999999999999996	0.8538300766466507	0.0019998269363433793	0.06282641611667342	9.999999999999998
15	61	351.01900952830005	19.999999999999996	2.898655673685518	0.00672766399219595	0.2113557977370337	9.999999999999998	418.00000000000006	19.999999999999996	3.9080885885847323	0.009070517452079378	0.28495870991710576	9.999999999999998	340.00000000000006	19.999999999999996	0.00019220741262723827	4.46105724355073e-07	1.4014824663582503e-05	9.999999999999998
16	61	351.65507620430424	1.0017933056094903	22.749062207140394	0.05279380427945601	0.08307702965009249	0.5008966528047452	423.99999999999994	19.999999999999996	3.7588662954618846	0.008723210201296624	0.2740477308411301	9.999999999999998	340.00000000000006	19.999999999999996	1.7439289567724243	0.004047140193419538	0.1271446589969479	9.999999999999998
17	61	353.14972979086303	19.999999999929322	3.7019895041926674	0.008277846626750933	0.2600562215005188	9.999999999964661	423.9999995410472	19.999999999999364	3.528606915097316	0.007890153879741566	0.24787649464288322	9.999999999999682	340.00000000000006	19.999999999999996	0.6461535505943375	0.001444833915140161	0.04539079613461708	9.999999999999998
18	61	359.99999092953124	19.999999999999996	0.6051311840805947	0.001357461717569356	0.04264591759445271	9.999999999999998	423.99999999999994	19.999999999999996	3.6840486941558	0.008264249471089596	0.259629054258084	9.999999999999998	343.9775702293205	19.999999999999996	2.2028873317978013	0.004941631334992892	0.15524592698762787	9.999999999999998
19	61	349.408848807465	19.999999999999975	3.1734477352158295	0.00729761379185825	0.22926129877237403	9.999999999999988	421.7476347066009	19.999999999926725	4.505096237323677	0.010359853124509079	0.3254643846810774	9.999999999963363	349.45581837561593	19.999999999999996	0.016542516297707453	3.804092745771325e-05	0.0011950909823689416	9.999999999999998
20	61	359.99999999999994	19.999999999999996	2.219794740271785	0.005123300547829309	0.16095323363193115	9.999999999999998	423.9999999999995	19.999999999999996	5.8415529411242915	0.01348234178614717	0.4235602590854663	9.999999999999998	340.00000000000006	19.999999999999996	0.8897327658097525	0.00205350895008278	0.0645128863166095	9.999999999999998
0	62	359.99999981985155	19.999999999999996	1.790680299880298	0.004247599317551909	0.13344226811414092	9.999999999999998	423.99999999999994	19.999999999999996	3.563360268097084	0.008452500786417622	0.2655431437507154	9.999999999999998	342.2608784137245	19.999999999999996	1.7553268858765045	0.004163738933760519	0.1308077164576784	9.999999999999998
1	62	359.99999999999983	19.999999999999996	0.4702738122984882	0.0010975259289975209	0.034479793956629236	9.999999999999998	423.99999999806323	19.999999999999996	4.263732258003566	0.00995070655665575	0.3126106661641748	9.999999999999998	340.00000000000006	19.999999999999996	3.8149192318422958	0.008903265851683667	0.27970434592606275	9.999999999999998
2	62	359.9999999724843	19.999999999999996	0.8516215868739855	0.002020869490693922	0.0634874874582777	9.999999999999998	423.99999999999994	19.999999999999996	4.142167083871398	0.009829223700022233	0.3087941696648052	9.999999999999998	340.00000000000006	19.999999999999996	1.2075017626231246	0.0028653612234060054	0.09001797769333367	9.999999999999998
3	62	354.83222103517915	2.691217172687303	24.754787652482204	0.055627032244520314	0.23515516001856873	1.3456085863436515	420.5966754008837	19.999999999999996	7.016345170316015	0.01576658481207846	0.4953218701782609	9.999999999999998	348.9675654415756	8.068782343386731	30.112965721269976	0.06766751299469359	0.8576460514915034	4.034391171693366
4	62	351.9688667651367	8.051000780719882	15.847321055854547	0.03605159180170288	0.45592582313656843	4.025500390359941	419.6451160927607	19.999999385412956	6.179889525654985	0.014058833904688556	0.44167127955781404	9.999999692706478	349.9999583146899	19.999999999691187	3.91436108810687	0.008904908761267519	0.27975595944853465	9.999999999845594
5	62	350.8821302377948	10.222155139866809	16.983209497251682	0.04205527924089416	0.6752784118722288	5.111077569933404	419.3089727203356	19.999999955844956	5.880935529573384	0.0145628767008926	0.4575062635765211	9.999999977922478	349.99985038360995	19.99999999994577	0.7002692377640295	0.0017340667170560506	0.05447731259123088	9.999999999972886
6	62	352.88406077191206	6.85221039758464	106.30345471427933	0.2885186777559957	3.105449703933325	3.42610519879232	420.33299986558757	4.2197621215112475	84.75637042481917	0.23003764075300015	1.5247784707680143	2.1098810607556238	347.71535511449986	13.196758173493388	79.23989139438457	0.2150653405581705	4.458179613697942	6.598379086746694
7	62	351.6424081069183	9.336938502338866	79.10281072094672	0.21021449026758943	3.083095833843668	4.668469251169433	420.78857416756284	4.465436344954734	28.75734926981873	0.07642220880782412	0.5360476120668405	2.232718172477367	343.9950172229621	5.902114220629761	17.253087459455983	0.04584981181801768	0.42507449201259045	2.9510571103148804
8	62	351.9944548020717	6.868007170566385	12.805657034620618	0.03101438356160337	0.3345906268346295	3.4340035852831927	418.7891501661624	19.99999999999977	5.303981038559533	0.012845861941220593	0.4035646550356687	9.999999999999885	340.00000000000006	19.999999999999996	1.7164237391748671	0.004157055280888046	0.13059774331004537	9.999999999999998
9	62	359.99999999999994	19.999999999999996	1.650588021814085	0.0037786668286001117	0.1187103194909355	9.999999999999998	423.99999998231266	19.999999999999996	3.8018341888545093	0.008703482969344156	0.27342798157135473	9.999999999999998	341.0303791396184	19.999999999999996	1.7105293645107702	0.003915889660897648	0.12302130190944273	9.999999999999998
10	62	358.20581391577196	19.999999999959257	1.8345672548748573	0.004312232289703545	0.1354727728187775	9.999999999979629	418.6486827733019	19.999999999999076	4.312648635873333	0.010137073281092392	0.3184655494877977	9.999999999999538	340.0000000098391	19.9999999980744	2.2777611532167	0.005353979346918765	0.16820022182132038	9.9999999990372
11	62	359.99999999999994	19.999999999999996	1.87564636381097	0.004243478231299375	0.1333128003711832	9.999999999999998	423.9999999997458	19.999999999999996	3.953350865898873	0.008944094507263472	0.2809870159703174	9.999999999999998	340.00000000000006	19.999999999999996	1.6818538914532775	0.0038050404992693984	0.11953887279116378	9.999999999999998
12	62	359.9999999998075	19.999999999236	1.0355396659896967	0.002507917828066317	0.07878856224159039	9.999999999618	423.99999999998	19.999999999999996	3.8676305614278275	0.00936680646424943	0.2942669037568339	9.999999999999998	340.00000000000006	19.999999999999996	2.22693764563	0.005393300524253483	0.16943553305596717	9.999999999999998
13	62	359.99999979766454	19.999999999999996	1.0106512924998925	0.0023031723476314783	0.07235629327270207	9.999999999999998	423.99999999999994	19.999999999999996	3.7407829257131016	0.00852486694167594	0.26781659356799614	9.999999999999998	340.0000000014959	19.999999999999996	1.6337546507604033	0.0037231620464642946	0.11696658533296565	9.999999999999998
14	62	359.99999999999994	19.999999999999996	1.886746680621681	0.0042920988082713165	0.13484026084546671	9.999999999999998	423.99999999999767	19.999999999999996	4.7676426177535	0.01084575550501604	0.3407294581718944	9.999999999999998	340.00000000000006	19.999999999999996	0.7023419138935512	0.0015977348324409002	0.050194320119808504	9.999999999999998
15	62	359.9999999982628	19.999999999999996	1.9393070230651956	0.0044285272984655915	0.13912628827081353	9.999999999999998	423.99999999997397	19.999999999999996	3.8094700278476217	0.008699159962998042	0.273292170321571	9.999999999999998	340.00000000000006	19.999999999999996	1.2141279121560127	0.002772536034193065	0.08710178836833911	9.999999999999998
16	62	359.9999999999934	19.999999999999996	1.5359309575761495	0.003453006757876147	0.1084794066333961	9.999999999999998	421.24054242079865	19.999999999999996	3.5608353346633357	0.008005300247141526	0.2514939244620037	9.999999999999998	346.20905443046865	19.999999999999996	2.797980840614219	0.006290287140442561	0.19761519869384692	9.999999999999998
17	62	359.99999852724676	19.999999999999996	2.221977381945405	0.004890539441707013	0.15364082782157878	9.999999999999998	423.9999999193473	19.999999999981867	4.019605555622277	0.008847092535507362	0.27793960915153826	9.999999999990933	340.00000000000006	19.9999999998935	0.7366961209772495	0.001621457295410185	0.050939583273430865	9.99999999994675
18	62	359.99999999999994	19.999999999999996	0.9378812920057409	0.002105036091689466	0.06613165921192996	9.999999999999998	423.99999998456576	19.999999999999996	3.929481107060318	0.008819559172871545	0.2770746230539371	9.999999999999998	340.00000000000006	19.999999999999996	2.5129646602450877	0.005640246107951673	0.17719355737179393	9.999999999999998
19	62	359.99999993804875	19.999999999998252	2.463248086591194	0.005551008032921526	0.1743900605624267	9.999999999999126	423.99999999219096	19.99999999999994	4.324148831015946	0.009744607141757783	0.3061358620866479	9.99999999999997	340.00000000000006	19.999999999999996	1.1244015723276806	0.0025338747624312733	0.07960402338770668	9.999999999999998
20	62	349.5814654168685	19.999999955602792	1.667725368764491	0.003777968569662991	0.11868838277599227	9.999999977801396	419.2474042529166	19.999999999999996	5.066762410562742	0.011477950444105217	0.3605904479346864	9.999999999999998	340.00000000000006	19.999999999999996	1.514677871466699	0.003431263623341405	0.1077963259161925	9.999999999999998
0	63	350.2305172227781	19.99999941326693	1.9407531067781916	0.004436093673421661	0.13936398886210333	9.999999706633465	423.99999984561964	19.999999999926562	4.064889120906461	0.009291356458188882	0.2918965719082309	9.999999999963281	340.00000000000006	19.999999999999996	0.1434471644630792	0.00032788563188304094	0.010300830923414083	9.999999999999998
1	63	359.9999999771176	19.999999999999996	0.6444527371436118	0.001558746380910657	0.04896946179078596	9.999999999999998	422.0154823126931	19.999999999999996	4.2409288158709915	0.010257590762572112	0.32225171783227063	9.999999999999998	340.00000000000006	19.999999999999996	2.1301661408795014	0.0051522610914047804	0.16186305594133785	9.999999999999998
2	63	351.7231315512444	1.854071746222484	9.72206295850349	0.02324385032457625	0.06769467118488717	0.927035873111242	418.00000000000006	7.863786461390124	21.004391223714705	0.05021803786364489	0.6203136368213389	3.931893230695062	349.99999999999994	19.999999999999996	4.422616644553502	0.010573747543885993	0.3321840760478535	9.999999999999998
3	63	348.28392529572415	19.999999999999996	4.621440335028363	0.011987270611447146	0.37659121289515174	9.999999999999998	419.91361778796914	19.999999999999996	5.073270195078336	0.013159244370731451	0.4134098544188276	9.999999999999998	340.00000000000006	1.0000000000000002	2.2953563834896182	0.0059537841287382615	0.009352182239951818	0.5000000000000001
4	63	353.73752491804646	5.236063074567714	37.3713056108067	0.10225098202387985	0.8409927158284854	2.618031537283857	418.00000000000006	6.697079921260478	63.39911725464625	0.1734652266700604	1.824810565101633	3.348539960630239	348.57186828834773	11.65029381265634	61.10923041371001	0.16719990694460818	3.0597982122188307	5.82514690632817
5	63	350.9334789456012	8.585858189334271	221.06988577037873	0.6751648441233379	9.105701484118956	4.2929290946671355	420.5358576063697	3.7939301265841108	169.38497273690842	0.5173150486608437	3.0829346389142165	1.8969650632920554	340.0000000000936	19.999999999999996	24.775187480808796	0.07566537403009799	2.377097831840797	9.999999999999998
6	63	351.00490288310823	9.115208936062652	404.98713439212935	0.9979800477136773	14.289214761742421	4.557604468031326	419.7995927885054	4.314555355883463	288.7818458590147	0.7116238908226026	4.822879845696165	2.1572776779417313	340.00000000000006	19.999999999999996	56.28403497750866	0.13869661315706233	4.357282609720124	9.999999999999998
7	63	355.209849910486	1.000000000532243	71.56525725709095	0.17495918212420397	0.2748252407660127	0.5000000002661215	419.67938294446026	4.046003857111897	26.92797385459625	0.06583217139759943	0.41839294184369974	2.0230019285559484	349.23435393725754	8.55258029474001	55.692731220276364	0.13615481978299193	1.8291530977418833	4.276290147370005
8	63	354.12308748760273	19.99999999999999	5.077979739677699	0.011518086499660915	0.36185135930746487	9.999999999999995	423.999998679089	19.99999999972048	4.191065168946444	0.009506349693452114	0.2986507835898735	9.99999999986024	340.00000000000006	19.999999999999996	0.2394012722645533	0.0005430200007546731	0.017059476451232045	9.999999999999998
9	63	359.9999999708166	19.999999999999996	1.9241613107577344	0.0042745258294320755	0.13428818943323623	9.999999999999998	423.99999999999994	19.999999999999996	5.051879174855627	0.011222753466333087	0.352573198428814	9.999999999999998	344.9350052523784	19.999999999999996	0.862415685551171	0.0019158571077100288	0.06018842614909614	9.999999999999998
10	63	359.99999962140726	19.999999999999996	1.8912897967014137	0.00437108454946473	0.1373216710881824	9.999999999999998	423.99999999999994	19.999999999999996	4.044831497865729	0.009348276766651661	0.29368477613836996	9.999999999999998	340.00000000000006	19.999999999999996	1.8412280420326026	0.004255383527477732	0.1336868162813106	9.999999999999998
11	63	359.9999998998604	19.999999999999996	1.099837449243353	0.002416136347362951	0.07590516198946722	9.999999999999998	423.9999999999115	19.999999999999996	3.7447541108783753	0.008226521587762489	0.2584437978471247	9.999999999999998	340.0000000000007	19.999999999999996	1.5569640533905098	0.0034203576569631854	0.10745370487765138	9.999999999999998
12	63	359.99999999895414	19.999999999999996	1.1371519439364528	0.0026064701515627012	0.08188467479950455	9.999999999999998	423.99999999713657	19.999999999999996	4.980511765272345	0.011415849328587765	0.3586394838517929	9.999999999999998	340.00000000000006	19.999999999999996	1.4469565477916027	0.0033165744230902712	0.104193258426642	9.999999999999998
13	63	359.99989778745123	19.999999999999996	1.9461784311265016	0.004202836504305048	0.1320360028616374	9.999999999999998	423.99999999999994	19.999999999999996	4.343019909407382	0.009378894721187312	0.2946466675487414	9.999999999999998	349.61202698890315	1.0000000000000004	17.830299321522165	0.03850511940357021	0.060483700121927005	0.5000000000000002
14	63	359.9999999999998	19.999999999999996	1.0185471191583284	0.0023609195795357358	0.07417047606785769	9.999999999999998	423.9999999999949	19.999999999999996	4.231715705320363	0.009808815199414163	0.3081530177089943	9.999999999999998	340.00000000000006	19.999999999999996	1.5112492355767027	0.0035029679459304733	0.110048983646957	9.999999999999998
15	63	359.99999999999994	19.999999999999996	1.5998121506538867	0.0035597829369106203	0.111833879229727	9.999999999999998	423.8871132157325	19.999999999999996	4.212266192918907	0.009372821248513097	0.2944558637773905	9.999999999999998	340.00000000000006	19.999999999999996	1.8089539478234522	0.00402514969928628	0.1264538072487694	9.999999999999998
16	63	359.99999982409804	19.999999999999996	1.5269408838803382	0.003519535913411176	0.1105694816961799	9.999999999999998	423.99999999999994	19.999999999999996	4.867384716205143	0.01121912150884236	0.35245909711910384	9.999999999999998	340.00000000000006	19.999999999999996	1.120130860346137	0.0025818555468171862	0.08111138418510928	9.999999999999998
17	63	359.9999999999856	19.999999999999996	1.5242581604742238	0.0034399812174790542	0.10807019721319067	9.999999999999998	423.99999999998363	19.999999999999996	4.273426428030123	0.009644368013177399	0.302986756987145	9.999999999999998	340.00000000000006	19.999999999999996	1.8910030472817343	0.004267659595682267	0.13407248033817393	9.999999999999998
18	63	348.25498135607074	19.999999999999996	2.685307183724335	0.006204515419402895	0.19492060060680724	9.999999999999998	421.3757516333301	19.999999999999996	3.7403314026865293	0.008642193340971518	0.27150251110898743	9.999999999999998	340.00045061019097	1.0181913134292166	1.205400709172288e-10	2.785129139767872e-13	4.4544552651010957e-13	0.5090956567146083
19	63	359.99999999999994	19.99999999999996	0.9027675665606587	0.0021058878805867024	0.06615841894934951	9.99999999999998	418.0000000000343	19.999999999996117	3.8520223215006735	0.008985620909601725	0.28229160637542133	9.999999999998058	340.00000000000006	19.999999999999996	1.3723032212365733	0.0032011747310574353	0.10056787017947318	9.999999999999998
20	63	359.9999996979118	19.999999999999996	1.0107231956881575	0.0022530695467093825	0.0707822673596908	9.999999999999998	423.99999999999994	19.999999999999996	4.766724367756372	0.010625818776462513	0.33381994206511106	9.999999999999998	340.00000000000006	19.999999999999925	1.1016250951156334	0.0024557049489756185	0.07714824627085873	9.999999999999963
0	64	354.67417495085715	19.999999999999996	4.101054538707887	0.00962886986418813	0.3024998682770557	9.999999999999998	423.99999999999994	19.999999999999996	5.030715678125356	0.01181162214040244	0.37107305343266844	9.999999999999998	340.00000000000006	19.999999999999996	0.0055599699666401105	1.3054258789359973e-05	0.0004101116351071327	9.999999999999998
1	64	359.9999999838424	19.999999999999996	1.2719620478821607	0.00282637210094793	0.08879309828649164	9.999999999999998	419.65356700484284	19.999999999994365	4.311749348487757	0.009580952580414744	0.3009945024101465	9.999999999997183	340.43862109649695	19.999999999999996	1.9922995441737497	0.004427003036576166	0.13907840217127387	9.999999999999998
2	64	359.9999999981094	19.999999999999996	2.640872951863998	0.006020175345741963	0.1891293863950534	9.999999999999998	422.51707705595373	19.999999999999424	4.213499319233873	0.009605159045249908	0.301754970931178	9.999999999999712	340.00000000000006	19.999999999999996	1.3422455991115434	0.0030598040916729806	0.09612658055823824	9.999999999999998
3	64	353.75410920097977	19.99998978316717	1.7465866923798263	0.004043700788604623	0.12703654201236658	9.999994891583585	418.0000000000162	19.999999192728307	3.778638080872786	0.008748309977478008	0.2748362524723352	9.999999596364153	340.00000000000006	19.999997224813388	1.3004388133844986	0.003010778381718819	0.09458637933120356	9.999998612406694
4	64	355.6734723613318	1.8561050873266085	24.094234798631856	0.06425448812864028	0.1873380115977209	0.9280525436633043	418.00000000000006	11.52652886997784	49.89204518216043	0.13305207040867495	2.4090180628106626	5.76326443498892	349.63942243502464	8.493752194470444	79.44008685723753	0.2118507668148218	2.8265033441259013	4.246876097235222
5	64	350.10247964128763	9.990306805816997	393.2640592008727	0.9393877303662234	14.741564813604217	4.995153402908499	418.96634701413916	5.782009447228629	432.4779026402809	1.0330576260142932	9.382600435000867	2.8910047236143144	340.00000000000006	19.999999999999996	62.53637829684888	0.1493803084700247	4.692920796804066	9.999999999999998
6	64	353.4282651320041	3.2973426657427454	132.25327354384243	0.3663599632818852	1.8975444847663383	1.6486713328713727	418.5018447650342	5.715215866093247	199.06133178603739	0.5514275771767562	4.950408037691731	2.8576079330466233	349.01483338317996	10.02627401876901	236.69796768787256	0.6556862936347579	10.326557131400676	5.013137009384505
7	64	354.25030652704635	3.8240437220095598	26.20833179461053	0.06245179652017765	0.37513506613695174	1.9120218610047799	419.0740342296139	7.312495217560418	15.930969924635615	0.03796188555225052	0.4360469445019453	3.656247608780209	347.8200308773902	6.778213046078383	32.00324399491982	0.0762604845519902	0.8119600328594533	3.3891065230391915
8	64	355.1898027295761	19.999999999999996	1.5496133146990498	0.0035300362142931994	0.11089935837729437	9.999999999999998	423.99999999992644	19.999999999999996	3.794977407552761	0.008645000371391029	0.27159069657043083	9.999999999999998	340.00000000000006	19.999999999999996	1.7056373432480025	0.003885460671384086	0.12206534701032308	9.999999999999998
9	64	359.99999999999994	19.999999999999755	2.5585213502027897	0.005509004997411341	0.17307049628456714	9.999999999999877	423.999999999858	19.999999999999996	3.3857482961634635	0.007290189031278976	0.22902804303946916	9.999999999999998	340.0000000000584	19.999999999999996	1.1122496323079378	0.002394894528539969	0.07523783056983556	9.999999999999998
10	64	359.9999985092231	19.999999999999996	0.8531074355830738	0.0019039749570346409	0.05981513737638969	9.999999999999998	423.99999999999994	19.999999999999996	3.8504147467032483	0.008593399783122601	0.2699696162801808	9.999999999999998	340.00000000000006	19.999999999999996	2.9098428805278687	0.006494220706966403	0.2040219606379636	9.999999999999998
11	64	359.9999999814692	19.999999999999996	2.140087368346821	0.004846747942540711	0.15226507730087338	9.999999999999998	418.00000000000006	19.999999999999996	3.448185224866714	0.007809253440448144	0.245334932385327	9.999999999999998	340.00000000000006	19.99999999999923	1.3692415498192205	0.003100980250892297	0.09742016775129898	9.999999999999615
12	64	359.9999997037561	19.999999999999996	1.7138750484858927	0.003915949055387972	0.1230231678423874	9.999999999999998	423.99999996437134	19.999999999999996	3.758606684983862	0.008587856104586159	0.2697954564825413	9.999999999999998	340.00000000000006	19.999999999999996	2.029394793181218	0.004636864647973008	0.1456713991376222	9.999999999999998
13	64	357.98518026664766	19.999999999999996	3.9963582708077983	0.009576943571740663	0.30086855568824455	9.999999999999998	418.01558534461867	19.999999999999996	3.6920338786279285	0.008847655221219034	0.27795728644477086	9.999999999999998	340.00000000000006	19.999999999999996	0.43544570018302187	0.001043509769800233	0.032782826267535876	9.999999999999998
14	64	358.9605251725766	19.999999990241893	2.291338149001125	0.005338868476039633	0.16772549974624829	9.999999995120946	423.9999999999998	19.999999999999726	4.918398645653084	0.011459977434286756	0.36002580917859583	9.999999999999863	340.00000264406265	19.999999999999616	2.071636767103273	0.004826959405583088	0.15164340207755694	9.999999999999808
15	64	359.999999812505	19.999999999992426	1.742943292724298	0.003889627433335692	0.12219624969764105	9.999999999996213	423.9999977847966	19.999999999999982	4.184288455839035	0.009337838605972256	0.2933568516492957	9.999999999999991	340.00000000000006	19.999999999930566	2.902870687181039	0.006478171439896321	0.20351775804202837	9.999999999965283
16	64	359.99999999973807	19.999999999999996	2.2041661021356442	0.005174326056713389	0.16255624727049023	9.999999999999998	423.9999999995192	19.999999999999996	3.9783285195786835	0.009339209463876954	0.293399918420521	9.999999999999998	340.00000000000006	19.999999999999996	1.466949388510878	0.003443694391950363	0.10818685002959627	9.999999999999998
17	64	359.99999994607646	19.999999999999996	2.0583690079541843	0.004821115696529046	0.15145981654322085	9.999999999999998	423.99999999999994	19.999999999999996	4.325730518518112	0.010131734019115485	0.3182978116257899	9.999999999999998	340.00000000000006	19.999999999999996	1.1644950400997824	0.0027274824361717383	0.08568638784272323	9.999999999999998
18	64	359.99999999999994	19.999999999999996	0.9545067900863949	0.002191927554257006	0.06886143501654851	9.999999999999998	423.9999999999989	19.999999999999996	4.511261841502417	0.010359653003581387	0.3254580976979071	9.999999999999998	340.00000000000006	19.999999999999996	2.7347183747683736	0.006280002008414393	0.19729208174163798	9.999999999999998
19	64	359.9999999997314	19.999999999999996	2.741243138279729	0.00597392132328779	0.18767627342364332	9.999999999999998	423.99999999999994	19.999999999999996	4.672468014948188	0.01018259048863355	0.31989551473604455	9.999999999999998	340.00000000000006	19.999999999999975	0.6433875435383554	0.0014021180798626845	0.04404883859162031	9.999999999999988
20	64	359.9999999999958	19.999999959914113	0.9938239762406634	0.0022218086857284866	0.06980017830776597	9.999999979957057	423.99999999938944	19.99999999999993	4.5682511091598705	0.010212854826982292	0.32084629696626515	9.999999999999964	342.50718269024975	19.999999999994625	2.2925720579942235	0.005125310550846001	0.16101637973899724	9.999999999997312
0	65	359.9999999996073	19.999999999999996	2.7365598209853164	0.006434486640480231	0.20214535959354357	9.999999999999998	419.81902607224936	19.999999999999996	3.657948886129846	0.008600953305996934	0.27020691719988804	9.999999999999998	340.00000000000006	19.999999999999996	0.2692498251356586	0.0006330884453909877	0.019889060091129094	9.999999999999998
1	65	359.99999999999994	19.999999999999996	0.8127760421794721	0.0019047278646583934	0.05983879066698581	9.999999999999998	423.99999999999903	19.999999999986986	3.470494210380796	0.00813304856885567	0.25550725635189325	9.999999999993493	340.00000000000006	19.999999999999996	2.46526810988944	0.005777317021019277	0.18149976710693425	9.999999999999998
2	65	359.99998548828376	19.999999999999996	2.204771509768451	0.005265443190401893	0.16541877644860986	9.999999999999998	423.99999999999994	19.999999999999996	3.2440204143442264	0.00774738113430513	0.2433911565609315	9.999999999999998	340.00000000000006	19.999999999999996	1.0957887656432497	0.0026169666419451785	0.08221443177024522	9.999999999999998
3	65	353.3311216651486	3.6756679597133166	5.561621433401518	0.013637971993224017	0.07874190979732408	1.8378339798566583	423.99999999999994	19.999999999999996	4.765113426179221	0.011684808868952786	0.3670890970130292	9.999999999999998	349.8625543129202	19.999999999999996	3.7633652477511115	0.009228364509108952	0.28991762146465455	9.999999999999998
4	65	351.00205648346207	9.394260988324925	396.0132598099786	0.8934737422542958	13.184519057170952	4.6971304941624625	419.60781766399066	4.363338706361862	464.04456669278494	1.0469640228075223	7.175803899233424	2.181669353180931	340.0000000000023	19.999999999999996	61.661677791055105	0.13911930634870218	4.3705619079759055	9.999999999999998
5	65	351.15285778974805	8.603582223533232	340.8468327071065	0.9414687893352752	12.723456750035439	4.301791111766616	420.09305478379514	4.219928205494503	222.763979631782	0.6153066834910595	4.0786512474104635	2.1099641027472513	340.00000000000006	19.999999999999844	41.00287107728577	0.11325592520783236	3.558039826084384	9.999999999999922
6	65	351.63912781846074	5.507406032124417	107.91296097117205	0.2721062011369153	2.3539943284303506	2.7537030160622087	418.00000000000006	9.788170506173019	116.24594640553352	0.2931181073089559	4.506756053329397	4.8940852530865095	347.3611242633796	8.500181502583047	53.64204138181297	0.13526023167442888	1.806001901320503	4.250090751291523
7	65	351.85239592231693	5.97972449236102	67.46254400088489	0.15975730223058862	1.500589039873842	2.98986224618051	418.00000000000006	9.898619360973784	79.95636421447335	0.18934377931112545	2.9440524487619513	4.949309680486892	345.7551063915777	12.455691606723999	19.202491508811285	0.045473207169792425	0.8896994241463304	6.227845803361999
8	65	352.42123757469693	7.863719949542447	119.280578167988	0.2829308156518776	3.4948469965166993	3.9318599747712235	418.0529510116026	5.660891692536498	60.73095829779176	0.1440524503688715	1.2809299286290856	2.830445846268249	345.6577955891969	14.228591540950665	45.74559001868935	0.10850749799549271	2.4251663789307236	7.114295770475333
9	65	350.6700313174636	19.99999999999665	6.973316990815673	0.016520448424478026	0.5190051940434055	9.999999999998325	423.99999999998033	19.999999999999996	4.033788243428096	0.009556426406341346	0.30022398992733473	9.999999999999998	349.72053910216925	1.000000050074334	16.12525141502379	0.038202247895012344	0.06000795367365162	0.500000025037167
10	65	353.4262606453146	19.999999999999996	2.166075082395494	0.004844035430991341	0.1521798612373106	9.999999999999998	423.9999999969009	19.999999999999996	4.028659237833305	0.009009368256003947	0.2830376512654708	9.999999999999998	340.00035071037723	19.999999999932857	2.1173312189035713	0.004735028590130979	0.1487553103324318	9.999999999966429
11	65	359.9999999183166	19.999999999999996	1.5514286413281735	0.0035343921818390784	0.11103620513370846	9.999999999999998	423.99999999999994	19.999999999999996	4.1187915601208385	0.00938323832687097	0.29478312594580014	9.999999999999998	344.9286913354635	19.999999999999996	1.7737662834768795	0.0040409114010963535	0.1269489757149154	9.999999999999998
12	65	359.9999850570093	19.999999999999996	1.7588446250427139	0.003888543293697195	0.12216219044644962	9.999999999999998	418.00000000000006	19.999999999999996	3.5209015577806952	0.007784188520884063	0.24454749471367365	9.999999999999998	340.00000000000006	19.999999999999996	0.9410620301935737	0.0020805478746443676	0.06536233918424601	9.999999999999998
13	65	359.99999999715845	19.999999999999996	1.8101624083604118	0.004036881563032102	0.12682237461833729	9.999999999999998	423.99999999986767	19.999999999999996	3.9587249740762505	0.008828436491197578	0.27735351223430355	9.999999999999998	340.00000000000006	19.999999999999996	1.296174833214714	0.0028906269749630516	0.09081172468812408	9.999999999999998
14	65	352.0923669045753	19.999999999999996	4.066364646685279	0.008939525476358352	0.2808434756310619	9.999999999999998	423.9999999999906	19.999999999995303	3.73775651533833	0.00821711098155667	0.25814815493384385	9.999999999997652	340.00000000000006	19.999999999999996	3.120016054626825e-11	6.859065880803253e-14	2.1548390981619898e-12	9.999999999999998
15	65	357.83482162019374	19.999999999999996	4.603535292517942	0.010698186903849287	0.3360934538386345	9.999999999999998	423.99999999827827	19.999999999999996	4.3232042315726735	0.010046723649115229	0.3156271320870723	9.999999999999998	340.00000000000006	19.999999999999996	0.2601371843780857	0.0006045345679528137	0.018992013575216387	9.999999999999998
16	65	359.9999999549264	19.999999999999996	1.216319610677295	0.0029936882276957446	0.09404948943267197	9.999999999999998	423.9999999994444	19.999999999999797	3.7017777886881156	0.00911106627753072	0.2862325888385992	9.999999999999899	340.00000000000006	19.999999999996877	1.1872577356232499	0.002922159171960457	0.0918023378724957	9.999999999998439
17	65	348.5376463491338	19.99999995029628	3.3568205940514773	0.007453124525818308	0.23414681198410872	9.99999997514814	423.999998379346	19.99999999583988	4.082583776850574	0.009064531279947913	0.28477064871395846	9.99999999791994	340.00000000000034	19.999999999999996	0.5410241071894387	0.0012012319185297285	0.03773781370510567	9.999999999999998
18	65	352.8288959179571	19.99999999926855	1.4787701449315298	0.0033951814426193593	0.10666277077347283	9.999999999634275	423.99999999999886	19.999999999999996	5.487080757664031	0.01259805983129128	0.3957797221546935	9.999999999999998	340.00007005072393	19.999999999999996	1.249980209004357	0.0028698913240837462	0.09016029500342579	9.999999999999998
19	65	359.9999999999501	19.999999999999986	1.5863385035885398	0.0036652503493767837	0.11514723571169519	9.999999999999993	418.0000000000412	19.99999999999966	3.671328824920511	0.008482640513217492	0.2664900111936677	9.99999999999983	340.00000000000006	19.999999999999996	1.8302249526311796	0.004228752332427469	0.13285017261404836	9.999999999999998
20	65	358.4413986661773	19.999999999970612	1.616900662228825	0.0036985629000842327	0.11619378035727311	9.999999999985306	423.999999969055	19.99999999999939	4.135417889790233	0.00945951940080176	0.2971795665604802	9.999999999999694	340.00000000000006	19.999999999999996	1.8147143473517773	0.004151049793073801	0.1304090753460608	9.999999999999998
0	66	359.99999999999994	19.999999999999996	1.5800514652093842	0.003705011141398809	0.11639635783286831	9.999999999999998	423.99952400732184	19.999999999999996	3.9260422862610955	0.009206048494295476	0.28921654318270035	9.999999999999998	340.00000000000006	19.999999999999996	1.3446080538718008	0.0031529275660330588	0.09905214078750202	9.999999999999998
1	66	359.9999999734269	19.99999999999356	0.7643446658596396	0.0018465228910509038	0.05801022749209037	9.99999999999678	423.9999999999919	19.999999999999996	3.9012591961709986	0.009424759184458627	0.29608754215748145	9.999999999999998	340.00000000000006	19.999999999999996	2.6395617325290672	0.006376719010624907	0.20033053597785577	9.999999999999998
2	66	350.00173156192795	2.1121342246614936	6.257390881928296	0.013854310739858452	0.04596489952538655	1.0560671123307468	423.99999995560336	19.999999999999996	3.6022540580205904	0.007975648001768103	0.2505623716997278	9.999999999999998	340.00000000000006	19.999999999999996	2.263614197853321	0.005011803654904662	0.15745045543482958	9.999999999999998
3	66	351.36516223023614	9.377342325586314	198.04578314458567	0.47863118051145964	7.05018697528599	4.688671162793157	419.94734395855613	4.671006957399514	173.35939109044043	0.418969839664742	3.0740657468687593	2.335503478699757	340.00000000189294	19.999999999999996	21.148180982611915	0.05111029716794184	1.6056773410559726	9.999999999999998
4	66	351.35876265761027	9.226985362016572	390.86194850356867	0.9968035021382033	14.447385585952972	4.613492681008286	420.2507639933143	4.40030569221923	243.37906724596573	0.6206823342786792	4.290146374859079	2.200152846109615	340.00000000000216	19.999999999999996	56.48784538871571	0.1440592575646925	4.525755052468377	9.999999999999998
5	66	352.2292185792513	7.1110344777261965	85.88271838806881	0.21428051888865332	2.3935105754812516	3.5555172388630982	420.51915968349215	4.190124983865184	51.09572312802296	0.127485695263982	0.8390895476344092	2.095062491932592	347.04132978902	12.499998930162722	46.63034696745746	0.11634441866400977	2.2844171229900425	6.249999465081361
6	66	350.72671827723065	8.042793391114893	43.11343019682527	0.10414102538238493	1.3156750497622876	4.0213966955574465	420.0442123603758	4.819834538006941	14.751900952544723	0.03563339972077923	0.2697796991791399	2.4099172690034707	340.00000000000006	19.999999999999996	4.58687293583087e-10	1.1079648468131213e-12	3.480774223183842e-11	9.999999999999998
7	66	352.2322747981058	7.193354069172292	49.062051060124865	0.11192967149438496	1.26472628223737	3.596677034586146	418.56066904455787	6.598287410616915	18.4656681605712	0.04212739024310571	0.4366321008998326	3.2991437053084574	345.7113520682763	1.7267594918764797	28.052618746521922	0.06399896321104666	0.1735899857208959	0.8633797459382399
8	66	351.620869870068	10.147531950710226	136.8069339706547	0.318373290437579	5.074776620514209	5.073765975355113	418.75612575760823	5.608764898260233	67.17357859015836	0.15632448316401426	1.3772542292367618	2.8043824491301166	340.0000000000004	19.999999999999996	16.033177447472323	0.037311964474083435	1.1721899348278384	9.999999999999998
9	66	353.41719768789653	5.513918021736206	128.77262906317537	0.28034696908000417	2.428152992170677	2.756959010868103	418.02885410056183	5.082806983476139	146.64940855925346	0.31926596129983636	2.549036847608391	2.5414034917380697	348.2139609245353	13.237808457612525	149.76564651497787	0.326050228051048	6.779856130526381	6.6189042288062625
10	66	351.6784111299098	9.22504924432919	200.51171414602788	0.44378313171429024	6.430716452053806	4.612524622164595	418.82586819752015	4.995649018589796	103.24351491139926	0.22850400821571865	1.793104571888128	2.497824509294898	340.00000000000546	19.999999999999996	33.758176228027885	0.07471538124962909	2.3472529284399526	9.999999999999998
11	66	351.3217557473747	8.295829463054925	30.80593591188781	0.07358472530979533	0.9588868564128333	4.147914731527463	420.1604464545314	19.999999936161167	7.252980509435308	0.01732486167570523	0.5442765799112499	9.999999968080584	340.00000000000045	19.999999999999996	4.0235799374903e-12	9.610940739118209e-15	3.0193660820100613e-13	9.999999999999998
12	66	359.9999999997738	19.999999999746837	1.1986565380645178e-06	2.7856690006763836e-09	8.751437267746971e-08	9.999999999873419	423.99999999463716	19.999999999998458	4.771588743187549	0.011089137233036554	0.34837552065954	9.999999999999229	349.79165019865906	19.99999999949444	2.9388981256754256	0.006829977683231312	0.21457007713279339	9.99999999974722
13	66	349.9878858765465	19.99999999999978	4.145596384619324	0.009161316269412656	0.28781123889199134	9.99999999999989	423.9999999578061	19.999999999999208	4.227539162618639	0.009342400879586285	0.29350017970197934	9.999999999999604	340.00000000000006	19.999999999999996	0.0007780344023379858	1.7193712477043915e-06	5.401564080581632e-05	9.999999999999998
14	66	348.0154747998244	19.999999463798506	2.7217059604421522e-11	6.052086464893681e-14	1.9013189867255154e-12	9.999999731899253	423.99999999976984	19.999999999999996	3.6452434197355137	0.008105698661967182	0.2546480336864871	9.999999999999998	346.047472867504	19.999999999940915	3.3752571030661636	0.007505347060225594	0.2357874318697682	9.999999999970457
15	66	359.99998269452897	19.999999999999563	2.2412790770501543	0.00500770712489942	0.15732175914912938	9.999999999999782	423.99999999942463	19.99999999999995	3.308827253557538	0.007392938247792635	0.23225600487708284	9.999999999999975	340.0000000000187	19.999999999999996	1.4542700284104515	0.0032492867387061827	0.10207935347726078	9.999999999999998
16	66	353.8751002647229	19.999999999844295	2.5944936371188168	0.006306728970698781	0.1981317340237496	9.999999999922148	423.99999996156436	19.99999999999786	3.59299921245332	0.008733909345810248	0.27438385437913776	9.99999999999893	340.00000000000006	19.999999999987995	1.3236285241916648	0.0032174934794725616	0.10108053878077994	9.999999999993998
17	66	359.99999999992673	19.999999999999996	2.4660470017137652	0.005766113461970705	0.18114779691892374	9.999999999999998	419.9735309662586	19.999999999999996	4.229427538126435	0.009889251521594115	0.31067999929741746	9.999999999999998	340.00000000000006	3.4617208299371596	7.564201019065584	0.01768662206956148	0.09617380842842492	1.7308604149685798
18	66	348.5818650878333	19.999998581667015	2.2220793151645024	0.004993324820476944	0.15686991460528987	9.999999290833507	423.9999999882026	19.999999999999996	3.579946954108789	0.008044644428283555	0.2527299583663767	9.999999999999998	340.0000000000013	19.999999999999996	0.8270192204306146	0.001858428532323548	0.05838425424369318	9.999999999999998
19	66	359.99999987984353	19.999999999999996	1.9033501976369884	0.004506655160038425	0.14158074743039248	9.999999999999998	419.8468873094016	19.99999999999346	3.1905880322362394	0.007554511007425586	0.23733196282383687	9.99999999999673	340.00000000000006	19.999999999962895	0.9597563561302134	0.0022724619673792855	0.07139149822267728	9.999999999981448
20	66	359.99999201940483	19.999999999999996	1.510273127729888	0.003435555700536888	0.10793116549805219	9.999999999999998	423.99999999999994	19.999999999999996	5.830667963022729	0.01326355093691582	0.4166867418392875	9.999999999999998	340.00000000000006	19.999999999999996	1.2024611090473938	0.002735347694407585	0.08593348221764646	9.999999999999998
0	67	359.99995950115243	19.999999999999996	1.645325459643758	0.0037545921975426252	0.11795399265025466	9.999999999999998	423.9999999999992	19.999999999999996	3.9363504701221173	0.008982654875536749	0.2821984256671878	9.999999999999998	345.4554886541353	19.999999999999996	2.0571786361270563	0.0046944310080914795	0.14747989967804315	9.999999999999998
1	67	359.99999442189227	19.999999997538072	2.9774702444649885	0.006637304512660213	0.20851707094044938	9.999999998769036	418.0000000004714	19.99999999994436	5.231668061422064	0.011662307657773568	0.36638220061463506	9.99999999997218	349.9999647275677	19.999961471720773	0.6188549060889079	0.0013795363592638988	0.043339329426584625	9.999980735860387
2	67	352.98016982042975	19.999999999588084	1.968960422442284	0.004436852005114097	0.1393878166404451	9.999999999794042	423.9999998916929	19.999999999999996	4.489400453617087	0.010116407205221509	0.31781630556646734	9.999999999999998	340.00006314377737	19.999994978457323	1.1944120923239987	0.002691486139770592	0.0845555096094601	9.999997489228662
3	67	353.90083927898473	5.349799335722202	48.486405954089186	0.11456542556979511	0.9627442693629289	2.674899667861101	419.9551350561861	11.039764101388002	18.885236876655334	0.04462271758828799	0.7738124028185503	5.519882050694001	349.99999999997146	9.262057664086502	66.58737180692988	0.15733503934811086	2.289036989228343	4.631028832043251
4	67	351.1916874206706	8.498196512815081	79.99511152599823	0.1933214265717324	2.5806353249671603	4.249098256407541	420.15981740288186	3.977961402755177	29.31768690275612	0.07085104261630046	0.44271749811419725	1.9889807013775884	340.0000000960538	19.999999999999996	3.921880417597424	0.009477873118875118	0.2977561656191424	9.999999999999998
5	67	352.9917977013124	2.985035359791087	18.39964223929845	0.0411337959210802	0.19287153908245058	1.4925176798955435	422.67706576563717	19.999999999999996	5.24008593974603	0.011714609602249165	0.36802531466098415	9.999999999999998	346.1397285965482	19.999999999999996	5.088825913290711	0.011376456339359011	0.35740191659615295	9.999999999999998
6	67	359.99999995715825	19.999999999999996	1.4135191839087884	0.003254458291022573	0.10224182258490905	9.999999999999998	423.1885110244341	19.999999999999996	5.654729856358001	0.013019336896176636	0.4090145314763905	9.999999999999998	340.00000000000006	19.999999999999996	0.6837330366593285	0.0015742132652552514	0.04945536829309497	9.999999999999998
7	67	348.71519178889343	19.999999999999996	4.476651669121507	0.010538309580858619	0.33107075960480364	9.999999999999998	418.00000000000955	19.999999999999996	4.125806964607282	0.009712399864344686	0.3051240406255176	9.999999999999998	349.9999999962585	1.000000082082102	6.964166911615602	0.016394071353284308	0.02575174917670996	0.500000041041051
8	67	356.23441548612936	19.99993588451865	1.4005327683055715	0.0032806628400515836	0.10306473236880531	9.999967942259325	423.762069461126	19.99999999801602	6.331007778357923	0.014830000717273287	0.46589821301495454	9.99999999900801	346.965507355413	19.999999999999996	3.5218243433916787	0.008249659353941861	0.25917069220962063	9.999999999999998
9	67	353.58536479720084	4.588515325172903	39.54770581139943	0.09235941508206058	0.6656918460951358	2.2942576625864515	419.20119865535327	19.999999999999677	7.050750468013391	0.016466269679986736	0.5173031185867385	9.999999999999838	348.9555998375786	8.723677113201145	24.69703152716193	0.05767726191222949	0.7903584392683667	4.361838556600572
10	67	351.66803558450664	9.074698813141714	143.8481141643812	0.3460630182596666	4.932956526615659	4.537349406570857	419.0400563837507	5.017050395740801	74.5227902593429	0.1792834190152084	1.4128903740687824	2.5085251978704006	340.00000000000006	19.99999999797504	21.883434075408832	0.052646135057206125	1.6539271111886913	9.99999999898752
11	67	352.4111648799457	5.851152691519906	152.48370390802546	0.3406097140920274	3.1305333762342933	2.925576345759953	418.51040590643055	4.902938308918124	210.91829983511457	0.4711377016848145	3.62847524791039	2.451469154459062	347.5323350750133	12.135553081035994	122.95899075524687	0.27465903314789963	5.235682931361769	6.067776540517997
12	67	350.52630694827985	9.453388520469595	258.6338712362719	0.574977432017767	8.538039959317224	4.726694260234797	419.32604033855455	4.7067279140518545	194.24113776107717	0.4318238367164431	3.192607886914184	2.3533639570259273	340.00000000000136	19.999999999999996	35.68046936739272	0.079322420346523	2.491987330255981	9.999999999999998
13	67	350.6938986688969	9.705548406963842	53.90743327028051	0.12323588355129733	1.878785242302322	4.852774203481921	418.64037119755136	7.606903226863171	20.523773675904373	0.04691867576175867	0.5606263605746022	3.8034516134315854	340.3862698728429	1.0000002078665866	17.77167087873562	0.040627190538698205	0.06381705493161413	0.5000001039332933
14	67	355.8513125215961	5.905285055130812	7.100499180978895	0.016602478756095197	0.15400459415810688	2.952642527565406	423.9999989911619	19.999999999999996	4.410477275548966	0.010312634845124699	0.3239809786859786	9.999999999999998	340.00000000000006	19.999999999999996	2.3132447153810727	0.0054088586261155005	0.16992430524110233	9.999999999999998
15	67	359.9999970572696	19.99999999999384	1.314976240129878	0.0029646974389289592	0.09313871694252823	9.99999999999692	423.99999999999994	19.999999999999996	4.308751014033888	0.009714352781786494	0.30518539333640016	9.999999999999998	340.00000000000006	19.999999999999087	2.4768192632583905	0.005584146315637463	0.17543113041776362	9.999999999999543
16	67	349.3914356008219	19.999999999691713	4.204544537543645	0.009569637885195909	0.3006390407718261	9.999999999845857	423.9999999548919	19.9999999999994	4.231068832529846	0.009630007776848035	0.3025356168575746	9.9999999999997	340.00000000000006	19.99999999877056	0.030137069999422884	6.859264879704809e-05	0.0021549016153782443	9.99999999938528
17	67	359.99999999999994	19.999999999999996	1.805325162979423	0.004210594665110394	0.13227973267155185	9.999999999999998	423.99999999999994	19.999999999999996	4.572436216255143	0.010664381095174988	0.3350314130368361	9.999999999999998	340.0000000025925	19.999999999999996	1.6337648649471563	0.0038104612761494577	0.11970917151939521	9.999999999999998
18	67	359.9999999999969	19.999999999999996	3.1910468717019604	0.007389472164991214	0.23214711467442656	9.999999999999998	423.99999999905714	19.999999999999996	4.421981051309523	0.010239932914348682	0.32169698016970133	9.999999999999998	340.00000000000006	19.999999999999996	2.845335244324629e-08	6.58891154951643e-11	2.0699676119113753e-09	9.999999999999998
19	67	359.99999999967014	19.999999999999993	2.040283385165255	0.00487461293289378	0.1531404817907289	9.999999999999996	423.9999999999471	19.999999999999016	3.744409282986383	0.008946083690925397	0.2810495080180931	9.999999999999508	340.00000000000006	19.999999999999996	0.6477759957887904	0.0015476562077843057	0.04862105372657812	9.999999999999998
20	67	359.9999999987694	19.999999999999996	3.029731667971766	0.006803951052527769	0.21375242642005776	9.999999999999998	423.99999999999886	19.999999999999844	4.779121577493924	0.010732603692628724	0.3371746891465282	9.999999999999922	340.00000000000006	19.99999999975737	1.2430381059297175	0.002791524582384714	0.08769833120228741	9.999999999878685
0	68	359.999999960461	19.999999999999996	1.2924082742589302	0.0029428991377779172	0.0924539031149884	9.999999999999998	423.9999999973789	19.999999999999996	4.283294021550886	0.009753343841828403	0.30641033361423353	9.999999999999998	340.00000000000006	19.999999999999996	1.6519392379647335	0.0037615749263563893	0.11817336154568797	9.999999999999998
1	68	359.9999997477183	19.999999999999876	1.369098127839557	0.0032213211126847652	0.10120078742464093	9.999999999999938	418.00000000000006	19.999999999999886	4.2539626184930075	0.010009055827975812	0.31444376258538737	9.999999999999943	340.00000000000006	19.999999999999996	0.9190384469283205	0.002162385509306719	0.0679333443026701	9.999999999999998
2	68	348.0682397535892	19.998921516465	6.323100519130853e-05	1.4051418781122751e-07	4.414145359538102e-06	9.9994607582325	423.99999999999454	19.999999999999982	4.4735180295648656	0.009941210813925091	0.31231234860814444	9.999999999999991	347.93459949180385	19.998178783898712	4.331574465727014	0.00962577877979307	0.30237522195809635	9.999089391949356
3	68	359.99999999584884	19.9999999974747	0.9157430663110537	0.0020908513271426917	0.06568603168270565	9.99999999873735	423.99999999998084	19.99999999989553	5.318224030496094	0.012142724505683426	0.38147494101420537	9.999999999947764	349.92421806657165	19.99999999885417	2.2496473611445014	0.00513646058997767	0.1613666685400285	9.999999999427086
4	68	355.11567312891816	19.999999999999957	2.2718587022445345	0.0050811638715171845	0.15962947090444224	9.999999999999979	423.999999708201	19.999999999837016	5.52559901114534	0.012358371599511886	0.3882496942704289	9.999999999918508	340.00000000000006	19.999999999999996	1.6596177212771175	0.0037118459865270667	0.11661108082530189	9.999999999999998
5	68	351.50655610465924	19.999999999999996	3.3164296593429037	0.0076124483133136215	0.2391521169693808	9.999999999999998	423.99999999994867	19.99999999999982	4.380875539198628	0.010055750320305932	0.31591071332606036	9.99999999999991	340.00000000000006	19.9999999999999	5.589051388630452e-07	1.2828966444846266e-09	4.0303386736278795e-08	9.99999999999995
6	68	352.90350103534826	19.999999999999996	1.9133759825149863	0.004251461520029036	0.13356360278342913	9.999999999999998	418.00004061595905	19.999999999999996	3.6548936337109694	0.008121059209229193	0.2551305995108216	9.999999999999998	340.00000000000006	19.99999999999994	0.9529543559000483	0.0021174347391607743	0.06652117421003288	9.99999999999997
7	68	359.99999998827536	19.999999999999552	2.194828391740777	0.004844330335516843	0.1521891259362155	9.999999999999776	423.99999999999994	19.999999999999996	4.24097787163102	0.00936050300474893	0.29406887473624416	9.999999999999998	340.00000000000006	19.999999999999996	0.5248221283254132	0.001158364711594084	0.03639110068121633	9.999999999999998
8	68	359.9999998120167	19.999999999999996	0.9374857333700236	0.002031030282415929	0.06380669814456283	9.999999999999998	423.99999999999994	19.999999999999996	4.326190917362532	0.009372542373621368	0.29444710266427926	9.999999999999998	340.1448328268487	19.999999999999833	2.2739778575532923	0.004926494053015219	0.15477037524906287	9.999999999999917
9	68	354.7491182363902	19.99999999968163	2.918615407589199	0.006965175848303806	0.21881745275643968	9.999999999840815	423.9999997795716	19.999999999999996	4.369710917696958	0.010428165653093893	0.32761048606177173	9.999999999999998	340.00000000000006	19.999999999999996	0.8369008008805097	0.0019972351377854115	0.06274499236358046	9.999999999999998
10	68	351.54948499708473	19.99999992857102	3.289303640382127	0.007561285104253481	0.23754477650382766	9.99999996428551	423.99999995539963	19.999999999997197	4.536228332634259	0.010427652619219836	0.3275943686272281	9.999999999998598	349.9999999622463	2.0878991779252467	3.2420932346834337	0.007452760207678769	0.02444255203230142	1.0439495889626234
11	68	353.9338348644552	4.678806997399038	18.47652212544079	0.0430800970923666	0.3166151421511504	2.339403498699519	419.30138359002785	4.569115421735703	21.651848511072366	0.05048372901314933	0.36232928161006167	2.2845577108678516	349.9999999942882	9.659842148631098	21.247062961053132	0.04953992580830243	0.7517012259662993	4.829921074315549
12	68	350.60556022103106	9.666547854183264	126.82737792794913	0.3301260344392695	5.0126924238482164	4.833273927091632	419.41467311508	4.542465807428213	101.60415399092892	0.2644711022775983	1.8870776424065974	2.2712329037141066	340.00000000000006	19.999999999988983	16.660746983979735	0.04336718477095611	1.3624202908323182	9.999999999994492
13	68	353.37809518264476	3.0860310539172193	141.06342940863163	0.30673569820572766	1.486909346983486	1.5430155269586097	418.24593027057426	4.8249780354798935	374.83926807662573	0.8150701077551736	6.177463437350203	2.4124890177399467	348.45805560820634	12.020156289848353	207.7831081562683	0.45181445696349476	8.530806962713065	6.010078144924177
14	68	353.4144812288537	5.122688014813491	135.19313615765375	0.31132483335141553	2.505137386154356	2.5613440074067455	418.87081954776585	4.274866367102419	205.49641814562938	0.4732203124491166	3.177648080886785	2.1374331835512095	348.8367603116161	10.469218380044078	187.72602710617159	0.4322983826368132	7.109151128519239	5.234609190022039
15	68	354.1276826516296	9.595584670707721	13.19091159118956	0.02923853708440814	0.4407039655674901	4.7977923353538605	420.1752778519415	19.999999999999996	5.334488835068505	0.011824251004357312	0.37146980089490655	9.999999999999998	347.82739494760165	1.000000004823404	16.177888701910497	0.03585937146862347	0.056327769255779044	0.500000002411702
16	68	359.99999999999994	19.999999999999996	0.01199581517755625	2.788836371403559e-05	0.0008761387856465434	9.999999999999998	423.9999999919027	19.999999999999996	3.6289617704731985	0.00843675934159436	0.26504861167657895	9.999999999999998	340.00000000000006	19.999999999999996	3.2279901960403383	0.007504564160086808	0.23576283633721967	9.999999999999998
17	68	359.99999993677363	19.999999999987622	1.1728533793061124	0.0025981512884772047	0.0816233300078979	9.999999999993811	423.99999999999994	19.99999999999998	3.488564525396381	0.0077280063957839654	0.24278248119889817	9.99999999999999	340.00000000000006	19.99999999997326	1.711726511970755	0.0037918844086279138	0.11912556201391204	9.99999999998663
18	68	359.99999999709416	19.999999999999996	3.1260208483436176	0.0073277858291382995	0.23020918127900267	9.999999999999998	421.0171761314172	19.999999999998334	4.752767337722066	0.011141084092578912	0.350007479382691	9.999999999999167	340.00000000000006	19.999999999960007	0.37223663657001954	0.0008725694686230904	0.02741257832367569	9.999999999980004
19	68	359.99999983224177	19.999999999999947	1.4032345123983752	0.003179767862159133	0.09989535355880028	9.999999999999973	423.9999999887724	19.999999999999197	3.9769757593995734	0.009011936063851988	0.28311832132817183	9.999999999999599	340.00000000000006	19.9999999994753	0.7715865555685073	0.0017484362810300292	0.05492874575609693	9.99999999973765
20	68	359.99999999987864	19.999999999999996	3.1106406834901237	0.0071051009415557245	0.22321332921005382	9.999999999999998	421.0528628667598	19.99999999995562	4.704889603113112	0.010746569260287516	0.33761343039338243	9.99999999997781	340.00000000000006	19.999999999999996	1.0226813955611653	0.0023359350326378607	0.07338556337798136	9.999999999999998
0	69	359.9999999975388	19.999999999999996	1.48784291043908	0.0035864960294123374	0.11267309578130759	9.999999999999998	418.00000000000006	19.999999999999996	3.4369477581328014	0.008284879674698454	0.2602771712190805	9.999999999999998	340.00000000000006	19.999999999999996	2.2459400283121678	0.005413914961938206	0.17008315471584928	9.999999999999998
1	69	359.99999994018594	19.999999999989566	1.0586807701425935	0.002444830442931025	0.07680661358780781	9.999999999994783	418.00000000000006	19.999999999999996	3.728274014052899	0.008609769881734492	0.2704838980955574	9.999999999999998	340.00000000000006	19.999999999999996	1.0118472650831518	0.002336676991817461	0.0734088727130603	9.999999999999998
2	69	359.99999999996413	19.999999999999503	1.062327328158977	0.0023879749588146103	0.07502044587568182	9.999999999999751	423.99999999857545	19.999999999999996	4.755830052768034	0.010690493196733888	0.3358517489011084	9.999999999999998	340.0000000000009	19.999999999999453	2.71671006226602	0.006106814187199459	0.1918512258734322	9.999999999999726
3	69	359.9999910450005	19.99999999999998	1.1245562350187108	0.002565821806566158	0.08060766937928725	9.99999999999999	419.19095951410264	19.999999999999996	4.465600716375278	0.010188850802381175	0.3200921882928316	9.999999999999998	340.00000000000006	19.999999999999996	1.5560970600496369	0.0035504385156358274	0.11154031557743763	9.999999999999998
4	69	359.99999999999994	19.999999999999996	2.2590271193923983	0.005186593730868081	0.16294164762050037	9.999999999999998	423.9997631834296	19.999999999999996	4.535936453540279	0.010414243977679967	0.3271731237297112	9.999999999999998	340.00000000000006	19.999999999999996	1.8407671886809753	0.004226293468919626	0.13277292513872416	9.999999999999998
5	69	359.99999999869203	19.999999509330138	1.3177389490520608	0.0031145911467739943	0.09784776425586239	9.999999754665069	423.99999999933175	19.999999999999996	5.408428078047144	0.01278329233720177	0.4015989729524377	9.999999999999998	340.00000000000006	19.999999999964068	1.5069348389794959	0.003561772164074816	0.11189637264397959	9.999999999982034
6	69	359.9999999930238	19.999999999999996	2.175985473331266	0.005256412679199192	0.1651350745720842	9.999999999999998	423.99999999999994	19.99999999999998	5.241171574016008	0.012660820144786889	0.3977513955528411	9.99999999999999	340.00000000000006	19.999999999999968	1.1778884003828172	0.002845362525777911	0.0893897000778357	9.999999999999984
7	69	359.838268937649	19.99999999999998	2.3683334837774046	0.005345554171380087	0.1679355371417394	9.99999999999999	423.9999999989756	19.999999999999996	3.805767731893037	0.008589980133235598	0.26986218481055224	9.999999999999998	340.00000000000017	19.999999999999986	0.9002795790958704	0.0020320167292354834	0.0638376882853775	9.999999999999993
8	69	359.99999999999994	19.999999999999996	1.030659677672246	0.002312022306347929	0.07263432292558383	9.999999999999998	423.99999999992946	19.999999999999996	3.9729395397029754	0.008912277288571666	0.279987448565319	9.999999999999998	340.00000000000006	19.999999999999996	1.518526226454297	0.003406426567755133	0.10701604680252617	9.999999999999998
9	69	359.99999885085055	19.999999999999996	1.5689550869704385	0.0035888858219639192	0.11274817332854413	9.999999999999998	423.99999999996953	19.999999999999996	3.8381760077652602	0.008779585579514016	0.2758188155816411	9.999999999999998	340.00000000000006	19.999999999992152	1.6269258024000244	0.003721490177832435	0.11691406203080362	9.999999999996076
10	69	359.99999999999994	19.999999999999996	3.138100596579959	0.007430873468212824	0.23344777497492708	9.999999999999998	423.9999999999616	19.999999999999996	3.168120647990322	0.007501959527016282	0.23568100937602304	9.999999999999998	341.9618370677796	19.999999999999996	0.9568993301707596	0.0022658922572673305	0.07118510469257038	9.999999999999998
11	69	353.7329898928993	19.999965354052545	1.3524099717752271	0.0030703409725674133	0.09645743934107705	9.999982677026273	423.9999950255297	19.999999999999996	5.3004365561831435	0.01203344242543637	0.37804174321146633	9.999999999999998	340.0000730837577	19.999999997666936	1.985381870914217	0.00450736051321692	0.14160290673751152	9.999999998833468
12	69	352.41234736164074	19.999999999999996	3.661822664597908	0.008502683130676404	0.2671196685913485	9.999999999999998	423.9996274908201	19.999999999999996	5.387823533786134	0.012510424580272522	0.39302657954673315	9.999999999999998	349.99873679565155	1.0007122031282591	5.858516061842146e-13	1.3603363748717137e-15	2.1383332246039173e-15	0.5003561015641296
13	69	352.4413344607861	8.77445267479968	46.593262369188956	0.10818591175315569	1.4911132263891005	4.38722633739984	420.098273534956	7.1661603736251855	16.43737003130332	0.038166287854453605	0.4296218111696296	3.5830801868125928	340.00000000000006	19.999999999999996	2.4072558922231786	0.0055894599407904505	0.17559806287521715	9.999999999999998
14	69	354.9546768087058	3.5992863171190526	42.93810806318342	0.09709500524964017	0.5489504709474347	1.7996431585595263	419.5226014195364	5.971920278511771	29.846109592554523	0.06749035526451574	0.6331047804393479	2.9859601392558854	349.850738719598	10.50939777739357	72.86513000889214	0.16476832584981316	2.7200158597509896	5.254698888696785
15	69	352.3024956689939	3.2875730504206913	13.915808024154476	0.03182451890439792	0.16434524222143101	1.6437865252103456	420.26240406056496	19.999999999999996	5.698073800221838	0.013031112319101751	0.40938446729793504	9.999999999999998	346.50064371196504	19.999999999957552	5.218006111219437	0.011933229737110912	0.37489346875627333	9.999999999978776
16	69	359.32314435298065	19.999999999999996	2.4649178464513755	0.005698505068467028	0.17902381659540212	9.999999999999998	423.99999999946044	19.99999999999055	3.5636676353236916	0.008238642967943055	0.2588246022362688	9.999999999995275	340.00000000000006	19.999999999999996	0.7561378988511499	0.0017480727218826136	0.05491732421007131	9.999999999999998
17	69	359.9999999519746	19.999999999999996	1.125795140426076	0.0025536784507733117	0.08022617460579998	9.999999999999998	423.99999999943077	19.999999999999996	4.909469956040197	0.011136313509679864	0.3498576071008302	9.999999999999998	340.00000000000006	19.999999999999996	1.7249021774676978	0.003912652810549649	0.12291961325670232	9.999999999999998
18	69	359.99999999583093	19.999999999999996	3.970938251260488	0.009148458744047142	0.287407307819678	9.999999999999998	423.9999999948091	19.99999999999226	4.645379045592564	0.010702271317257218	0.3362217694700702	9.99999999999613	340.0000000002153	1.0000000000032496	1.6159045991947536	0.003722806960132579	0.005847771498361733	0.5000000000016248
19	69	359.99999999999994	19.999999999998995	1.1010107430214715	0.00246192474927393	0.07734364706009483	9.999999999999497	423.9999999865777	19.99999999999294	4.534807636458555	0.010140096474223058	0.31856052590099676	9.99999999999647	349.03141723467235	19.999999999999996	2.3334184171327013	0.005217660761225257	0.16391764716388993	9.999999999999998
20	69	359.9999995571777	19.999999999992493	1.888065440445	0.00420186240085875	0.13200540049928064	9.999999999996247	423.9999999990385	19.99999999999977	3.69905508294434	0.008232193725269362	0.2586219933023392	9.999999999999885	342.29236835668434	19.999999999999996	1.1206944383526283	0.002494089305641627	0.07835412640000602	9.999999999999998
0	70	359.9999966518821	19.999999999974428	1.8849523830113546	0.004350429245603541	0.13667276557932795	9.999999999987214	423.999999999999	19.999999999999996	3.9687747464607672	0.009159846095757686	0.2877650520244549	9.999999999999998	340.0000000089154	1.0000007007270746	9.587321388809837	0.022127329970131893	0.03475755299440317	0.5000003503635373
1	70	355.0023592852711	19.999999704031936	2.0011677478725938	0.004594234878084402	0.1443321432826743	9.999999852015968	423.99999999101294	19.999999999999858	4.871537969700002	0.01118396479960316	0.3513546165243988	9.999999999999929	340.00000000000006	19.999999999999996	0.3627788535644809	0.0008328593461738738	0.026165048034134396	9.999999999999998
2	70	359.99999999210047	19.999999999999996	1.6968406091274346	0.004114497505762548	0.12926075137317145	9.999999999999998	423.99999999999994	19.999999999999996	3.6240298988638946	0.008787544274622293	0.2760688453624844	9.999999999999998	340.00000000000006	19.999999999999996	1.2597715355488674	0.003054692829111327	0.09596600550909563	9.999999999999998
3	70	359.99999999999994	19.999999999999996	1.1303884033670222	0.002586437535901136	0.08125533161755893	9.999999999999998	423.99999998273853	19.999999999999996	3.508958884503152	0.008028835879578615	0.25223331816162314	9.999999999999998	340.00000000000006	19.999999999999996	1.945877212183562	0.004452354471131381	0.1398748409768401	9.999999999999998
4	70	359.99999999999994	19.999999999999996	1.3276742405940094	0.0029624006773965473	0.09306656205098418	9.999999999999998	423.99999999669586	19.999999999999996	4.231242820201887	0.009441048273398206	0.29659927897894395	9.999999999999998	340.00000000000006	19.999999999999996	1.7684148205620898	0.0039458122347898975	0.12396134729260663	9.999999999999998
5	70	359.99999999999994	19.999999999999996	2.9644411061254785	0.006817239759578031	0.21416990346450585	9.999999999999998	423.9999999999301	19.999999999999996	3.4298932333728347	0.007887626599611458	0.24779709779598788	9.999999999999998	340.00000000000006	19.999999999999996	0.9215360446711809	0.002119229877981166	0.06657757015933623	9.999999999999998
6	70	359.9999974842978	19.999999999999996	2.070858437671617	0.004820101763789469	0.15142796290676197	9.999999999999998	423.99999999999994	19.999999999999996	4.08172200867015	0.009500560296825613	0.298468904334942	9.999999999999998	340.00000000000006	19.999999999999996	0.5477153079548036	0.001274854656359703	0.040050740228143825	9.999999999999998
7	70	348.00000000000006	19.999999999999996	2.328217456640887	0.005028046542138157	0.15796074078688793	9.999999999999998	423.9999998113715	19.999999999999996	4.39041991795243	0.00948160388714076	0.2978733711608983	9.999999999999998	340.00000000000006	19.999999999999996	1.4591144582818034	0.00315112120889798	0.0989953924044488	9.999999999999998
8	70	359.99999999999994	19.999999999999996	1.5289806508927355	0.003435796303865249	0.10793872427454028	9.999999999999998	423.99999999101766	19.999999999999996	4.146372509195971	0.009317378433288899	0.29271407636736374	9.999999999999998	340.00000000000006	19.999999999999996	1.5722691013682344	0.0035330704571103757	0.11099468192673086	9.999999999999998
9	70	359.99999999453627	19.999999999999527	2.5189453253052108	0.005825470817452934	0.1830125632381143	9.999999999999764	423.99999999999994	19.999999999999996	4.136686981499143	0.00956676155277044	0.3005486781282889	9.999999999999998	341.7407564963685	19.999999999999996	1.4554162492880733	0.003365886826641293	0.10574245327390945	9.999999999999998
10	70	359.9999999988734	19.999999999999996	1.2434751229286973	0.002843634706437196	0.0893354190323606	9.999999999999998	423.999999964221	19.999999999999996	3.7246341365287994	0.008517660469530248	0.26759019556848407	9.999999999999998	340.00000000000006	19.999999999999996	1.9380966300911273	0.0044321263370156894	0.13923935540150326	9.999999999999998
11	70	348.00000054443035	19.99999990610756	2.286793918358826	0.005333187557688417	0.16754702772793426	9.99999995305378	423.9999995981625	19.999999999999996	3.6325260162198387	0.008471660868586962	0.26614507548456917	9.999999999999998	346.8172115214174	1.0037484754410035	3.4991530553094834	0.00816061271949548	0.01286671091819072	0.5018742377205018
12	70	359.99999999999994	19.999999999999996	2.073137687653745	0.004719210556549148	0.14825837215198198	9.999999999999998	423.9999999999936	19.999999999999996	4.904047036069306	0.011163383252476575	0.3507080281518773	9.999999999999998	340.00000000000006	19.999999999999996	1.3353635100222205	0.003039769915359294	0.09549718834696022	9.999999999999998
13	70	359.99999999999994	19.999999999999996	2.712837002014055	0.006167236183370805	0.19374943886630872	9.999999999999998	423.9999999960522	19.999999999999996	3.7351655890294198	0.008491349961107768	0.26676362656876135	9.999999999999998	340.00000000000006	19.999999999999996	1.1485176722352552	0.002610986115343976	0.08202654798589586	9.999999999999998
14	70	355.155342613756	19.999999999999996	2.5872632744411965	0.005995588363345543	0.18835696356234807	9.999999999999998	423.9999793801374	19.999999999999996	4.086356736798766	0.009469509014277237	0.29749339952355686	9.999999999999998	340.00000000000006	19.999999999999996	1.156083370670663	0.002679047035036425	0.08416474483891949	9.999999999999998
15	70	355.4867343991045	19.999999999999996	1.8570905860851026	0.004292921677447243	0.13486611204304627	9.999999999999998	423.99999999948795	19.99999999999963	5.067615178717666	0.011714493206030834	0.36802165796593334	9.999999999999815	340.00000000000006	19.999999999998824	1.192524840111288	0.0027566860633331833	0.08660384684820387	9.999999999999412
16	70	359.99999999999994	19.999999999999996	0.6661625137628373	0.001566834811784582	0.04922356734091188	9.999999999999998	418.0000000069465	19.999999999999996	4.2695546332272745	0.010042124394496121	0.3154826422418386	9.999999999999998	340.00000000000006	19.999999999999996	2.243738570740874	0.005277342433039054	0.16579260218113173	9.999999999999998
17	70	348.00000762892614	19.99999999999982	2.4032660589995705e-05	5.448298937836518e-08	1.7116335917668124e-06	9.99999999999991	423.99999999999443	19.999999999999996	4.584314583479437	0.010392821960909631	0.3265001312246036	9.999999999999998	347.58670608883904	19.999999999999996	3.145253113709705	0.007130412853991315	0.22400852639161342	9.999999999999998
18	70	359.99999999999994	19.999999999999996	2.699600046334255	0.006173891864462102	0.19395853325451926	9.999999999999998	423.9999999999739	19.999999999999996	5.20594517904867	0.011905816430625705	0.3740322543344236	9.999999999999998	340.00000000000006	19.999999999999996	1.1048010408411366	0.0025266417398237865	0.0793767912808374	9.999999999999998
19	70	359.9999996727331	19.999999999941434	1.8056596178935378	0.004036697639324454	0.1268165964842783	9.999999999970717	423.9999999782114	19.999999999998433	4.58745371736968	0.010255622603455828	0.3221898862900373	9.999999999999217	340.00000000000006	19.999999999999996	1.0843546136549065	0.0024241621542368808	0.0761573001486099	9.999999999999998
20	70	359.99999999997596	19.999999999999996	0.6628815869647036	0.001530600472706339	0.04808523200635298	9.999999999999998	418.0000007398238	19.999999999971195	4.433882215928792	0.010237880111740377	0.321632489473303	9.999999999985597	340.0000000000001	19.99999999999999	3.247154162341833	0.007497712703996722	0.23554759149602952	9.999999999999995
0	71	350.460301800038	19.999999988261763	1.9944448544331166	0.00475748141483051	0.14946068653649483	9.999999994130881	423.9999954404169	19.999999998877147	4.114480266263095	0.009814542304804543	0.3083329400138913	9.999999999438574	340.00002749531654	19.99999999914031	0.8174944450412539	0.0019500236471147675	0.06126179963838798	9.999999999570155
1	71	353.5149378225274	19.999999999999996	2.674441344745792	0.006260611853282076	0.19668292205248145	9.999999999999998	423.9999993615711	19.999999999999996	4.853760296922119	0.011362189455977358	0.35695370923593867	9.999999999999998	340.0157496784295	19.999999999999996	6.5674134096136976e-12	1.5373687786575585e-14	4.829786460888898e-13	9.999999999999998
2	71	352.7158847974589	19.999999999989512	1.2649734412088804	0.0029003671858571813	0.09111772243797045	9.999999999994756	418.0277103639895	19.999999999999996	4.431465042112989	0.010160589443786889	0.31920433152742883	9.999999999999998	340.00000000000006	19.999999999999996	1.1757902944405816	0.0026958855232453046	0.08469374154746523	9.999999999999998
3	71	359.99999998367224	19.999999999999996	1.7240828074767391	0.0038656588458236343	0.12144325431323925	9.999999999999998	423.99999999999994	19.999999999999996	3.5978755120303108	0.008066990308665816	0.2534319749028458	9.999999999999998	340.92169631557925	19.999999999999996	1.5664709480868375	0.0035122688138512262	0.11034117903027546	9.999999999999998
4	71	359.99999999999994	19.999999999999996	2.170447140158455	0.004835356229502229	0.1519071960809384	9.999999999999998	418.00000000000085	19.999999999999996	4.534354019610354	0.010101705104824958	0.3173544254604859	9.999999999999998	340.00000000000006	19.999999999999996	1.061446026772367	0.0023647061303043093	0.07428943406862765	9.999999999999998
5	71	359.99999999999994	19.999999999999996	1.517115971310359	0.0033919286657461242	0.1065605817780865	9.999999999999998	423.9999999973169	19.999999999999996	4.632018603569631	0.010356147439504505	0.32534796715440095	9.999999999999998	340.00000000000006	19.999999999999996	1.254714790008545	0.002805258888606727	0.08812980715864359	9.999999999999998
6	71	359.999999971798	19.999999999999996	3.0780688233171616	0.007102365226086168	0.22312738417383912	9.999999999999998	423.99999998773126	19.999999999708205	4.210461047700059	0.009715257795551222	0.30521382517789386	9.999999999854102	340.00000000000006	19.999999956013596	0.3197478231919973	0.0007377891629168396	0.023178330090200493	9.999999978006798
7	71	359.99999997841974	19.9999999999998	2.0312956708157555	0.004708211103993148	0.14791281415854615	9.9999999999999	418.00000000000006	19.999999999999996	3.7731655233664365	0.008745580502903211	0.2747505145929885	9.999999999999998	340.00000000000006	19.999999999999996	1.4966813064053837	0.003469062454668104	0.10898381122429489	9.999999999999998
8	71	354.3346662254565	19.999999999999908	2.8348447944615978	0.006492704449098247	0.20397432599216722	9.999999999999954	423.9999999039357	19.999999999999996	4.004667987354631	0.009171975026448299	0.28814609361999016	9.999999999999998	340.00000000000006	19.999999999999844	1.3664707115524388	0.003129656510928663	0.09832105902992874	9.999999999999922
9	71	359.9999999922312	19.999999999999996	1.6165398373978528	0.0036706982835927626	0.11531838761279684	9.999999999999998	423.99999999999994	19.999999999999996	3.8814689635525843	0.00881370265842975	0.2768906352264772	9.999999999999998	343.965808982464	19.999999999999996	2.0607910409562336	0.0046794653381744345	0.14700973929136876	9.999999999999998
10	71	359.9999989865104	19.999999999999638	1.450224839879536	0.003319913043431034	0.10429814427799679	9.999999999999819	423.99999999999704	19.99999999999999	4.278709913444847	0.009794994858785594	0.307718838903106	9.999999999999995	340.00000000000006	19.999999999999996	1.074817401080307	0.0024605152325549466	0.07729936578640399	9.999999999999998
11	71	359.99999999999983	19.999999999999996	0.9083432203779717	0.002040219724013873	0.06409539296670977	9.999999999999998	423.99999999973863	19.999999999999996	4.064818974699353	0.009129945224093387	0.28682568843688994	9.999999999999998	340.00000000000006	19.999999999999996	3.125425582016403	0.0070199840493266955	0.2205393031768227	9.999999999999998
12	71	359.9999998840022	19.999999999999996	3.9193584836515662	0.009095732492657858	0.28575086377951897	9.999999999999998	423.99999999999994	19.999999999999996	4.043699533084091	0.009384293217126442	0.2948162663005695	9.999999999999998	340.00000000000006	19.999999999999996	0.8803063162998416	0.0020429442211166325	0.06418098556753733	9.999999999999998
13	71	359.9999999280966	19.999999999999996	0.3440454082058737	0.0007865642240922345	0.02471064387984719	9.999999999999998	423.99999999999994	19.999999999999996	4.37227539642133	0.009995992745951133	0.3140333737601694	9.999999999999998	340.00000000000006	19.999999999999993	3.2309897307321283	0.00738676020661364	0.23206191598926826	9.999999999999996
14	71	359.99999985152755	19.999999999542638	0.23084057730069324	0.0005221577288418663	0.016404068849072254	9.999999999771319	423.99999999997516	19.999999999999996	3.7990700754314295	0.008593436325167323	0.26997076428237327	9.999999999999998	340.0000000000477	19.999999999999996	3.1435333462338653	0.007110622628837178	0.22338679813204215	9.999999999999998
15	71	359.99999999999994	19.999999999999996	1.9322062722216224	0.004164511362563384	0.13083198302420343	9.999999999999998	423.99999999969356	19.999999999999996	3.7483930525808296	0.008078964282047437	0.25380814837094556	9.999999999999998	340.00000000000006	19.999999999999996	1.8118376102801739	0.0039050790920246116	0.12268167787191617	9.999999999999998
16	71	359.999999999988	19.999999999999996	2.3175762071626127	0.005382698831372399	0.1691024710512589	9.999999999999998	423.99999999975614	19.999999999999996	3.5038536409551004	0.008137893735783256	0.2556594717603107	9.999999999999998	340.00000000000006	19.999999999999996	1.1733144476263366	0.00272508765258803	0.08561115349758806	9.999999999999998
17	71	359.99999999875615	19.999999999999996	2.18179602836123	0.004826217908530096	0.15162010726061642	9.999999999999998	423.999999999997	19.999999999999996	5.318464517012377	0.01176465094088862	0.36959740967943927	9.999999999999998	340.00000000000006	19.999999999999996	1.5936592104614171	0.0035252363289889547	0.11074856553319548	9.999999999999998
18	71	359.9999971734369	19.99999999999993	2.1796738273531804	0.004769961317257854	0.14985275432204714	9.999999999999964	423.99999999662884	19.99999999998532	3.787183289820008	0.008287807821110148	0.2603691616514456	9.99999999999266	340.31588964067504	1.0000073361719584	12.933290333655613	0.028302993696683102	0.04445856468933179	0.5000036680859792
19	71	359.9999999999999	19.999999999999996	0.8737501889566117	0.001966382298027375	0.061775721816318144	9.999999999999998	423.9999999930676	19.999999999999996	3.892074714701882	0.008759147543909454	0.27517673575655016	9.999999999999998	340.00000000000006	19.999999999999996	2.4334734419419513	0.005476552863088443	0.17205098241674796	9.999999999999998
20	71	359.9999999989848	19.999999999999996	1.464266156290089	0.0033826337565435937	0.10626857359342197	9.999999999999998	423.99999999999994	19.999999999999996	3.891500043032762	0.008989840646529029	0.28242417332078507	9.999999999999998	340.00000000000006	19.999999999999968	1.4462122613833135	0.003340927053095993	0.10495831886185751	9.999999999999984
0	72	358.96035698631056	19.999999999999996	2.3395425474835987	0.005473149513233731	0.17194406302773638	9.999999999999998	423.9999635967881	19.999999999999996	4.220846642626013	0.00987429135339747	0.310210011752387	9.999999999999998	340.00000000000006	19.999999999999996	0.5419825258475689	0.001267919406173828	0.0398328629177963	9.999999999999998
1	72	359.9999999999923	19.999999999999996	1.2982386374720019	0.003103895539182672	0.09751175423406411	9.999999999999998	423.9999999999752	19.999999999999996	4.5637998884630555	0.010911366914103536	0.3427907013797039	9.999999999999998	340.00000000000006	19.999999999999996	1.2277593347146352	0.00293539000628675	0.09221799679171348	9.999999999999998
2	72	355.63017838626575	1.0000025152695462	12.511852274241631	0.028389603181964384	0.04459439656403984	0.5000012576347731	423.99999999999994	19.999999999999996	4.576297458416533	0.010383695878071112	0.32621342687658816	9.999999999999998	343.07703646044695	19.999999999999996	1.9772119373265065	0.004486327130228593	0.14094212353926722	9.999999999999998
3	72	348.00000001228176	19.999999999601982	2.464322991224146	0.005844161695028977	0.18359975447128526	9.999999999800991	423.9999945252069	19.999999999999996	4.073638446881316	0.00966066617705622	0.30349877890623206	9.999999999999998	341.84064104808505	1.0000000785116403	9.773141810603919	0.023177084015778886	0.036406481296134524	0.5000000392558202
4	72	348.0026216900868	19.999999999999996	2.1601651501640853	0.004844746137110482	0.15220218872853816	9.999999999999998	423.9999999856529	19.999999999999996	4.021465271567416	0.00901920778532617	0.2833467691958056	9.999999999999998	340.00000000000006	19.999999999999996	0.8100560913816511	0.001816766703817051	0.057075409299981894	9.999999999999998
5	72	359.9999999965401	19.999999999999996	2.9326060932348206	0.006666243400432661	0.20942621293840682	9.999999999999998	423.99999999886137	19.999999999999996	4.248201375649859	0.009656784267571666	0.3033768251230463	9.999999999999998	340.0000000000003	19.9999999998272	0.9444743320863742	0.002146928562166325	0.0674477499862555	9.9999999999136
6	72	359.9999999876853	19.999999999999996	1.5919915827347373	0.0036273056326364475	0.11395516727815538	9.999999999999998	423.99999999999994	19.999999999999996	3.9705639230270857	0.009046812206128982	0.2842139876518127	9.999999999999998	340.00000000000006	19.999999999999996	1.5306667148490658	0.003487578738904845	0.10956551744959414	9.999999999999998
7	72	358.57813522653004	19.99999999972496	3.0154268411812337	0.006866015215206959	0.2157022295923329	9.99999999986248	423.99999985662123	19.999999999984738	4.562684719044199	0.010389064087151869	0.32638207413844955	9.999999999992369	340.0000000000011	19.999999999999996	2.0194144961695213	0.004598132001464163	0.14445457716035945	9.999999999999998
8	72	359.9999978604255	19.999999999999996	0.436188405938468	0.0009968376129770016	0.03131657721750533	9.999999999999998	423.9999995689122	19.999999999999996	4.007149491180664	0.009157688006485048	0.28769725365040777	9.999999999999998	340.0000000123846	19.99999999999564	3.128755974901713	0.007150262581826911	0.22463212398300517	9.99999999999782
9	72	359.9999997654453	19.999999999999996	0.8464329016435334	0.0020297993377036304	0.06376802687591152	9.999999999999998	423.99999999999994	19.999999999999996	4.064793974183053	0.009747631620507558	0.3062308788888611	9.999999999999998	340.00000000001734	19.999999999999996	1.9883221436951153	0.004768121563537099	0.14979495675431226	9.999999999999998
10	72	359.99999100849317	19.999999901966778	0.8439440975418897	0.0018938110767489622	0.059495829368386766	9.999999950983389	423.9999999999999	19.999999999999996	4.112011806305175	0.00922735703607041	0.28988597076568884	9.999999999999998	345.37386506490924	19.999998810366154	2.9604165988942683	0.006643176678534889	0.20870153808392108	9.999999405183077
11	72	359.9999998170173	19.99999999538467	1.990062904840797	0.004698487103792057	0.14760732564853227	9.999999997692335	418.5266662625915	19.999999751655352	3.945522301437751	0.009315276218623979	0.29264802971200937	9.999999875827676	340.0000010064162	19.999999999999996	1.4536855084580478	0.0034321139285825434	0.1078230390431812	9.999999999999998
12	72	351.69790944516626	19.999999999999996	3.2936023551892304	0.007749779172130042	0.24346649314106925	9.999999999999998	423.99999999999994	19.999999999999996	4.333799159375177	0.010197341038636336	0.32035891693129614	9.999999999999998	340.00000000000006	19.999999999999964	4.670542056044872e-06	1.0989690206975331e-08	3.452513001946133e-07	9.999999999999982
13	72	359.99999999999994	19.99999999505543	1.0560564191476636	0.002489247055199499	0.07820200259651396	9.999999997527715	421.5348521331468	19.99999999993717	4.4260935330698015	0.010432814093515779	0.3277565211235426	9.999999999968585	340.00000000000006	19.999999999999996	1.7411414099375186	0.004104071571167497	0.12893321097786525	9.999999999999998
14	72	348.30269865030493	19.999999999999996	1.890495490692225	0.00415605402949561	0.13056628806985662	9.999999999999998	423.9999999996792	19.999999999999996	4.462057236680196	0.009809360059121057	0.3081701349815184	9.999999999999998	340.00000000000006	19.999999999999996	1.1985064456272303	0.0026347894333784657	0.08277435127657799	9.999999999999998
15	72	359.99999999999994	19.999999999999996	1.8394874797698055	0.004366181288594059	0.13716763060488307	9.999999999999998	423.9999999978406	19.999999999999996	3.622396752060441	0.008598069349561116	0.2701163150363677	9.999999999999998	340.00000000000006	19.999999999999996	0.8915476901342912	0.002116164902106714	0.06648128110243014	9.999999999999998
16	72	359.99999999659843	19.99999999999988	1.3611416579384947	0.003108406692992811	0.097653476310755	9.99999999999994	423.99999999999994	19.999999999997854	4.020313780683015	0.009181094554649948	0.2884325920479843	9.999999999998927	343.6976372921965	19.999999998919673	1.0956032522963464	0.0025020029784853888	0.07860274176044894	9.999999999459837
17	72	351.51186004644586	19.99999996210547	2.565690247680939	0.005783965546662518	0.1817086363558262	9.999999981052735	423.9999999878431	19.999999999993797	4.724565849297477	0.010650828220583082	0.3346056369242028	9.999999999996898	340.00000000693313	19.99999999999726	0.24655965088973075	0.0005558319158878782	0.01746197463583859	9.99999999999863
18	72	359.99999998110644	19.999999999999996	1.0776482229440953	0.002431142996162307	0.07637660976569781	9.999999999999998	423.99999999996203	19.99999999999979	4.7912068209201735	0.010808823007217465	0.3395691895342637	9.999999999999895	340.1682748385854	19.999999999999996	1.4197814587237156	0.0032029856088171054	0.10062476058213647	9.999999999999998
19	72	359.99999991349614	19.999999999999996	1.3852840981049173	0.003220361005465045	0.10117062476676023	9.999999999999998	423.99999999999994	19.999999999999996	4.530334190896599	0.010531638665344364	0.3308611866130806	9.999999999999998	343.08990983092195	19.999999999999996	2.0416399672300978	0.004746187259827176	0.14910587028034525	9.999999999999998
20	72	359.9999999637793	19.999999999999996	1.3575490417360006	0.0031239182740873082	0.09814078700287591	9.999999999999998	423.9999999999962	19.999999999999996	4.07930580549865	0.009387077416438457	0.29490373450161705	9.999999999999998	340.00000000000006	19.999999999999996	0.9455551926929572	0.0021758603592208943	0.06835666919765608	9.999999999999998
